run_key,subject_id,outer_fold,dimension,seed,levels,feature_k,true_class,predicted_class,target_score,similarity_temperature,similarity_prediction,ridge_alpha,ridge_prediction_raw,ridge_prediction_bounded,similarity_class_0,similarity_class_1,similarity_class_2,similarity_class_3
sub-cp003_ses-20210206_level-01B_run-001,sub-cp003,4,1000,42,51,50,0,0,1.0,0.05,1.9834907565121547,0.1,0.2644797792205589,1.0,0.91378253698349,0.8890731930732727,0.873623251914978,0.8458371758460999
sub-cp003_ses-20210206_level-01B_run-007,sub-cp003,4,1000,42,51,50,0,0,1.0,0.05,1.9523797336612712,0.1,1.2698501784246037,1.2698501784246037,0.933626651763916,0.9247434735298157,0.9010586738586426,0.8475841879844666
sub-cp003_ses-20210206_level-01B_run-012,sub-cp003,4,1000,42,51,50,0,0,1.0,0.05,1.9173844089717909,0.1,0.7139327650578955,1.0,0.932756781578064,0.9160626530647278,0.8936847448348999,0.8453606963157654
sub-cp003_ses-20210206_level-02B_run-003,sub-cp003,4,1000,42,51,50,1,1,2.0,0.05,2.181117463879567,0.1,2.147705246706375,2.147705246706375,0.8925520181655884,0.9239805936813354,0.909652590751648,0.8126432299613953
sub-cp003_ses-20210206_level-02B_run-008,sub-cp003,4,1000,42,51,50,1,1,2.0,0.05,2.136099007952184,0.1,2.1998128772356043,2.1998128772356043,0.9036429524421692,0.9293995499610901,0.90981525182724,0.8249784111976624
sub-cp003_ses-20210206_level-02B_run-010,sub-cp003,4,1000,42,51,50,1,1,2.0,0.05,2.1490403418180226,0.1,2.4305965793568194,2.4305965793568194,0.9041051268577576,0.9306358695030212,0.9133666753768921,0.8247137069702148
sub-cp003_ses-20210206_level-03B_run-002,sub-cp003,4,1000,42,51,50,2,2,3.0,0.05,2.316924032123493,0.1,2.864320482907475,2.864320482907475,0.8862453699111938,0.9063032865524292,0.9107369780540466,0.8405960202217102
sub-cp003_ses-20210206_level-03B_run-005,sub-cp003,4,1000,42,51,50,2,2,3.0,0.05,2.353007826182842,0.1,2.712681297915445,2.712681297915445,0.8907034993171692,0.9090390801429749,0.9142071008682251,0.8562664985656738
sub-cp003_ses-20210206_level-03B_run-011,sub-cp003,4,1000,42,51,50,2,2,3.0,0.05,2.3385026602072987,0.1,2.578231164650013,2.578231164650013,0.9000275135040283,0.9205871820449829,0.9243191480636597,0.8618253469467163
sub-cp003_ses-20210206_level-04B_run-004,sub-cp003,4,1000,42,51,50,3,3,4.0,0.05,2.922893971636169,0.1,3.70540149918087,3.70540149918087,0.8910840749740601,0.8856272101402283,0.899784505367279,0.9362602829933167
sub-cp003_ses-20210206_level-04B_run-006,sub-cp003,4,1000,42,51,50,3,3,4.0,0.05,3.0486987154934395,0.1,4.073274965619049,4.0,0.8675429224967957,0.8682129383087158,0.8826509118080139,0.9278426766395569
sub-cp003_ses-20210206_level-04B_run-009,sub-cp003,4,1000,42,51,50,3,3,4.0,0.05,2.9709082992559006,0.1,3.5967317064272843,3.5967317064272843,0.8645799160003662,0.8610315322875977,0.8774186968803406,0.9152956604957581
sub-cp006_ses-20210324_level-01B_run-001,sub-cp006,4,1000,42,51,50,0,0,1.0,0.05,2.0750015197281826,0.1,1.5411030223076039,1.5411030223076039,0.8713214993476868,0.8671870231628418,0.8488446474075317,0.8090432286262512
sub-cp006_ses-20210324_level-01B_run-007,sub-cp006,4,1000,42,51,50,0,0,1.0,0.05,1.9461880601612744,0.1,0.9501689558090618,1.0,0.9004352688789368,0.8969911932945251,0.8721864223480225,0.803749144077301
sub-cp006_ses-20210324_level-01B_run-012,sub-cp006,4,1000,42,51,50,0,0,1.0,0.05,2.042941377118409,0.1,1.5161914501186557,1.5161914501186557,0.8857016563415527,0.8841540813446045,0.8700718283653259,0.8043314814567566
sub-cp006_ses-20210324_level-02B_run-003,sub-cp006,4,1000,42,51,50,1,1,2.0,0.05,2.1848340650491047,0.1,2.285175305464217,2.285175305464217,0.8613450527191162,0.8839962482452393,0.874301016330719,0.7880786061286926
sub-cp006_ses-20210324_level-02B_run-008,sub-cp006,4,1000,42,51,50,1,1,2.0,0.05,2.159683120688461,0.1,1.9978458557260896,1.9978458557260896,0.8892627358436584,0.9180092811584473,0.8990525603294373,0.8155549764633179
sub-cp006_ses-20210324_level-02B_run-010,sub-cp006,4,1000,42,51,50,1,1,2.0,0.05,2.140587627637439,0.1,1.8833760763081477,1.8833760763081477,0.8655856847763062,0.8877842426300049,0.8699091672897339,0.7915197610855103
sub-cp006_ses-20210324_level-03B_run-002,sub-cp006,4,1000,42,51,50,2,2,3.0,0.05,2.367154813790819,0.1,3.048580714961927,3.048580714961927,0.8724903464317322,0.9084603786468506,0.9141528606414795,0.8275725245475769
sub-cp006_ses-20210324_level-03B_run-005,sub-cp006,4,1000,42,51,50,2,2,3.0,0.05,2.318715627298934,0.1,3.03741985974962,3.03741985974962,0.877465009689331,0.9041199684143066,0.9049625396728516,0.8322842717170715
sub-cp006_ses-20210324_level-03B_run-011,sub-cp006,4,1000,42,51,50,2,2,3.0,0.05,2.31869293310426,0.1,3.0849566335829097,3.0849566335829097,0.8504986763000488,0.8775513768196106,0.8793706297874451,0.8031668066978455
sub-cp006_ses-20210324_level-04B_run-004,sub-cp006,4,1000,42,51,50,3,3,4.0,0.05,3.125415038811632,0.1,4.278194905364506,4.0,0.861861526966095,0.8598214983940125,0.8777981996536255,0.9294309020042419
sub-cp006_ses-20210324_level-04B_run-006,sub-cp006,4,1000,42,51,50,3,3,4.0,0.05,2.942925004071199,0.1,3.734417800754234,3.734417800754234,0.8761330246925354,0.8735792636871338,0.8917056918144226,0.9241368174552917
sub-cp006_ses-20210324_level-04B_run-009,sub-cp006,4,1000,42,51,50,3,3,4.0,0.05,2.9921181326372284,0.1,3.7098610910597642,3.7098610910597642,0.8675972819328308,0.8596899509429932,0.8764698505401611,0.9192132949829102
sub-cp012_ses-20210723_level-01B_run-001,sub-cp012,4,1000,42,51,50,0,1,1.0,0.05,2.1373317113063264,0.1,1.4031248327105248,1.4031248327105248,0.883744478225708,0.9037253856658936,0.8880187273025513,0.8071373701095581
sub-cp012_ses-20210723_level-01B_run-007,sub-cp012,4,1000,42,51,50,0,0,1.0,0.05,1.9077676384101665,0.1,0.939305218530071,1.0,0.9210949540138245,0.9128270745277405,0.8860125541687012,0.8219608068466187
sub-cp012_ses-20210723_level-01B_run-012,sub-cp012,4,1000,42,51,50,0,0,1.0,0.05,1.9119020252774908,0.1,0.8126188423504652,1.0,0.92571622133255,0.9026731252670288,0.8798314929008484,0.845731258392334
sub-cp012_ses-20210723_level-02B_run-003,sub-cp012,4,1000,42,51,50,1,1,2.0,0.05,2.2139785282578894,0.1,1.844309868899884,1.844309868899884,0.8772746920585632,0.9146158695220947,0.9019533395767212,0.799619734287262
sub-cp012_ses-20210723_level-02B_run-008,sub-cp012,4,1000,42,51,50,1,1,2.0,0.05,2.1566926645638578,0.1,1.8752994017658526,1.8752994017658526,0.8907578587532043,0.9252432584762573,0.9067246913909912,0.8013668060302734
sub-cp012_ses-20210723_level-02B_run-010,sub-cp012,4,1000,42,51,50,1,1,2.0,0.05,2.2231725027806553,0.1,1.9810704786541584,1.9810704786541584,0.8883385062217712,0.9219024777412415,0.9119569659233093,0.8155019879341125
sub-cp012_ses-20210723_level-03B_run-002,sub-cp012,4,1000,42,51,50,2,2,3.0,0.05,2.360638351154351,0.1,2.8823312332963806,2.8823312332963806,0.8573490381240845,0.9008580446243286,0.906751811504364,0.7984020709991455
sub-cp012_ses-20210723_level-03B_run-005,sub-cp012,4,1000,42,51,50,2,2,3.0,0.05,2.404158169972476,0.1,3.0816846136206593,3.0816846136206593,0.8532442450523376,0.8940975666046143,0.905206561088562,0.8071373701095581
sub-cp012_ses-20210723_level-03B_run-011,sub-cp012,4,1000,42,51,50,2,1,3.0,0.05,2.300367676309871,0.1,2.7573330854425397,2.7573330854425397,0.8824124336242676,0.9192719459533691,0.9190598130226135,0.8183608055114746
sub-cp012_ses-20210723_level-04B_run-004,sub-cp012,4,1000,42,51,50,3,3,4.0,0.05,3.1092541149754855,0.1,4.428992781917526,4.0,0.8563432097434998,0.862794041633606,0.8837353587150574,0.9256191253662109
sub-cp012_ses-20210723_level-04B_run-006,sub-cp012,4,1000,42,51,50,3,3,4.0,0.05,2.938793180367835,0.1,4.020830218830087,4.0,0.86944580078125,0.8722639679908752,0.8908923864364624,0.9186309576034546
sub-cp012_ses-20210723_level-04B_run-009,sub-cp012,4,1000,42,51,50,3,3,4.0,0.05,2.7351885219729386,0.1,3.9084848216987513,3.9084848216987513,0.8805911540985107,0.8841014504432678,0.894850492477417,0.9076192378997803
sub-cp018_ses-20210709_level-01B_run-001,sub-cp018,4,1000,42,51,50,0,0,1.0,0.05,2.0504807841898605,0.1,1.5829593802434474,1.5829593802434474,0.8985052704811096,0.8952286839485168,0.8801839351654053,0.8240255117416382
sub-cp018_ses-20210709_level-01B_run-007,sub-cp018,4,1000,42,51,50,0,0,1.0,0.05,2.169457877518652,0.1,1.5044391904890257,1.5044391904890257,0.9019575715065002,0.8988325595855713,0.8905670642852783,0.8515018224716187
sub-cp018_ses-20210709_level-01B_run-012,sub-cp018,4,1000,42,51,50,0,1,1.0,0.05,2.15840156081437,0.1,1.6375151002163622,1.6375151002163622,0.8933403491973877,0.8987536430358887,0.8908652663230896,0.8314372301101685
sub-cp018_ses-20210709_level-02B_run-003,sub-cp018,4,1000,42,51,50,1,1,2.0,0.05,2.141849511613592,0.1,1.9775652184920842,1.9775652184920842,0.8784164190292358,0.8953602313995361,0.8810243010520935,0.8060255646705627
sub-cp018_ses-20210709_level-02B_run-008,sub-cp018,4,1000,42,51,50,1,1,2.0,0.05,2.174888331533942,0.1,1.8949394989043107,1.8949394989043107,0.8638187646865845,0.8958600163459778,0.8796417117118835,0.784637451171875
sub-cp018_ses-20210709_level-02B_run-010,sub-cp018,4,1000,42,51,50,1,1,2.0,0.05,2.138146648977725,0.1,1.9644528195324735,1.9644528195324735,0.8859735131263733,0.9002530574798584,0.8880187273025513,0.8120079040527344
sub-cp018_ses-20210709_level-03B_run-002,sub-cp018,4,1000,42,51,50,2,2,3.0,0.05,2.2834770906471182,0.1,2.672715297079231,2.672715297079231,0.8870337009429932,0.9039621353149414,0.906589150428772,0.8362548351287842
sub-cp018_ses-20210709_level-03B_run-005,sub-cp018,4,1000,42,51,50,2,2,3.0,0.05,2.343180415198465,0.1,3.056878310759891,3.056878310759891,0.8695001602172852,0.9021470546722412,0.9085139632225037,0.8160843849182129
sub-cp018_ses-20210709_level-03B_run-011,sub-cp018,4,1000,42,51,50,2,1,3.0,0.05,2.2729180307009798,0.1,2.362088873808987,2.362088873808987,0.873360276222229,0.8965702652931213,0.8956095576286316,0.8181490302085876
sub-cp018_ses-20210709_level-04B_run-004,sub-cp018,4,1000,42,51,50,3,3,4.0,0.05,3.0413320772416963,0.1,3.6988229614357504,3.6988229614357504,0.8475900292396545,0.8414339423179626,0.859173595905304,0.9048662781715393
sub-cp018_ses-20210709_level-04B_run-006,sub-cp018,4,1000,42,51,50,3,3,4.0,0.05,2.9528767897101127,0.1,3.735409819894705,3.735409819894705,0.8602033257484436,0.8500621318817139,0.8637822866439819,0.9071956872940063
sub-cp018_ses-20210709_level-04B_run-009,sub-cp018,4,1000,42,51,50,3,3,4.0,0.05,3.105113083554605,0.1,3.490271564903058,3.490271564903058,0.8533530235290527,0.8464319705963135,0.8618303537368774,0.9169368147850037
sub-cp029_ses-20220119_level-01B_run-001,sub-cp029,4,1000,42,51,50,0,0,1.0,0.05,1.9480623243307322,0.1,1.0811269765195888,1.0811269765195888,0.890214204788208,0.8684760332107544,0.8525587320327759,0.8107902407646179
sub-cp029_ses-20220119_level-01B_run-007,sub-cp029,4,1000,42,51,50,0,0,1.0,0.05,1.9907000585714194,0.1,1.161350648631362,1.161350648631362,0.9166368246078491,0.9059876203536987,0.8857414722442627,0.8405960202217102
sub-cp029_ses-20220119_level-01B_run-012,sub-cp029,4,1000,42,51,50,0,0,1.0,0.05,1.976859914035178,0.1,1.6456737026907473,1.6456737026907473,0.9268035292625427,0.9165624380111694,0.8976157307624817,0.8441430330276489
sub-cp029_ses-20220119_level-02B_run-003,sub-cp029,4,1000,42,51,50,1,1,2.0,0.05,2.156265321523529,0.1,1.6424242583100273,1.6424242583100273,0.8786882758140564,0.8954654335975647,0.8812412023544312,0.8121138215065002
sub-cp029_ses-20220119_level-02B_run-008,sub-cp029,4,1000,42,51,50,1,1,2.0,0.05,2.0321804758828317,0.1,1.683967980871154,1.683967980871154,0.9070137739181519,0.9247697591781616,0.8968024253845215,0.8111079335212708
sub-cp029_ses-20220119_level-02B_run-010,sub-cp029,4,1000,42,51,50,1,1,2.0,0.05,2.0887527107508332,0.1,1.853039841861479,1.853039841861479,0.8743388652801514,0.8966755270957947,0.8737046122550964,0.7861727476119995
sub-cp029_ses-20220119_level-03B_run-002,sub-cp029,4,1000,42,51,50,2,2,3.0,0.05,2.3567002912750636,0.1,2.7359695960937045,2.7359695960937045,0.8572946190834045,0.8610841631889343,0.8685265779495239,0.829160749912262
sub-cp029_ses-20220119_level-03B_run-005,sub-cp029,4,1000,42,51,50,2,2,3.0,0.05,2.3357075781624164,0.1,2.994536837038079,2.994536837038079,0.8853754997253418,0.9058824181556702,0.9111707806587219,0.8440901041030884
sub-cp029_ses-20220119_level-03B_run-011,sub-cp029,4,1000,42,51,50,2,2,3.0,0.05,2.2910986756763694,0.1,2.920769330023989,2.920769330023989,0.8778727650642395,0.9097230434417725,0.9105201363563538,0.8143373131752014
sub-cp029_ses-20220119_level-04B_run-004,sub-cp029,4,1000,42,51,50,3,3,4.0,0.05,3.1546867113524293,0.1,3.789055590671998,3.789055590671998,0.8425882458686829,0.8471159338951111,0.8731623888015747,0.9164603352546692
sub-cp029_ses-20220119_level-04B_run-006,sub-cp029,4,1000,42,51,50,3,3,4.0,0.05,3.076199836828881,0.1,4.036939566106651,4.0,0.8552830219268799,0.856822669506073,0.8770933747291565,0.9190015196800232
sub-cp029_ses-20220119_level-04B_run-009,sub-cp029,4,1000,42,51,50,3,3,4.0,0.05,3.1265391734944776,0.1,3.688103715099918,3.688103715099918,0.8257070779800415,0.826097846031189,0.8482481837272644,0.8945428133010864
sub-cp036_ses-20211218_level-01B_run-001,sub-cp036,4,1000,42,51,50,0,0,1.0,0.05,2.1819084161107067,0.1,1.2767859888463136,1.2767859888463136,0.9070953130722046,0.8821811676025391,0.8667914867401123,0.8734194040298462
sub-cp036_ses-20211218_level-01B_run-007,sub-cp036,4,1000,42,51,50,0,0,1.0,0.05,2.3844263696027914,0.1,2.1289331449638427,2.1289331449638427,0.8412018418312073,0.8206263184547424,0.8162040710449219,0.8290019631385803
sub-cp036_ses-20211218_level-01B_run-012,sub-cp036,4,1000,42,51,50,0,0,1.0,0.05,2.139221702512193,0.1,1.4991504343824524,1.4991504343824524,0.8451163172721863,0.8206788897514343,0.8065528273582458,0.8045432567596436
sub-cp036_ses-20211218_level-02B_run-003,sub-cp036,4,1000,42,51,50,1,0,2.0,0.05,2.112895562756921,0.1,1.0670322982947607,1.0670322982947607,0.8882569670677185,0.87436842918396,0.8632943034172058,0.8357254266738892
sub-cp036_ses-20211218_level-02B_run-008,sub-cp036,4,1000,42,51,50,1,3,2.0,0.05,2.5422861737658384,0.1,2.242558432067969,2.242558432067969,0.8384290933609009,0.8264135122299194,0.8257468342781067,0.8435077667236328
sub-cp036_ses-20211218_level-02B_run-010,sub-cp036,4,1000,42,51,50,1,0,2.0,0.05,2.4153829098020867,0.1,1.699670819276612,1.699670819276612,0.8491938710212708,0.831885039806366,0.823849081993103,0.8414430618286133
sub-cp036_ses-20211218_level-03B_run-002,sub-cp036,4,1000,42,51,50,2,2,3.0,0.05,2.4927480898029253,0.1,3.160586312522774,3.160586312522774,0.8596324324607849,0.8650299906730652,0.8750872015953064,0.8541488647460938
sub-cp036_ses-20211218_level-03B_run-005,sub-cp036,4,1000,42,51,50,2,3,3.0,0.05,2.5301940226414263,0.1,2.4692388650299018,2.4692388650299018,0.8291050791740417,0.8128662109375,0.826045036315918,0.829160749912262
sub-cp036_ses-20211218_level-03B_run-011,sub-cp036,4,1000,42,51,50,2,0,3.0,0.05,2.434571646435738,0.1,2.5380024391205707,2.5380024391205707,0.8518035411834717,0.8390927910804749,0.8459709286689758,0.8412842154502869
sub-cp036_ses-20211218_level-04B_run-004,sub-cp036,4,1000,42,51,50,3,3,4.0,0.05,2.899089537858147,0.1,3.411416089858047,3.411416089858047,0.8517491817474365,0.8267291784286499,0.8493868112564087,0.8896192908287048
sub-cp036_ses-20211218_level-04B_run-006,sub-cp036,4,1000,42,51,50,3,3,4.0,0.05,2.945225534882277,0.1,3.613799790879086,3.613799790879086,0.8436211943626404,0.8188112378120422,0.8391662836074829,0.8861781358718872
sub-cp036_ses-20211218_level-04B_run-009,sub-cp036,4,1000,42,51,50,3,3,4.0,0.05,3.2037969831513253,0.1,4.037115724952553,4.0,0.8032804727554321,0.7834040522575378,0.8066884279251099,0.8733134865760803
sub-cp042_ses-20220111_level-01B_run-001,sub-cp042,4,1000,42,51,50,0,0,1.0,0.05,2.0366646219220588,0.1,1.0086505560298356,1.0086505560298356,0.8911384344100952,0.8867846131324768,0.874463677406311,0.8090432286262512
sub-cp042_ses-20220111_level-01B_run-007,sub-cp042,4,1000,42,51,50,0,0,1.0,0.05,2.200631219486658,0.1,1.5645429537106823,1.5645429537106823,0.8889365792274475,0.8841277956962585,0.8745992183685303,0.847319483757019
sub-cp042_ses-20220111_level-01B_run-012,sub-cp042,4,1000,42,51,50,0,0,1.0,0.05,2.2492494031921644,0.1,1.6289536868322605,1.6289536868322605,0.8040688037872314,0.7686466574668884,0.7608994245529175,0.7787610292434692
sub-cp042_ses-20220111_level-02B_run-003,sub-cp042,4,1000,42,51,50,1,1,2.0,0.05,2.1899965114013624,0.1,1.9729997869073528,1.9729997869073528,0.8811348080635071,0.9025679230690002,0.8923563361167908,0.8134902715682983
sub-cp042_ses-20220111_level-02B_run-008,sub-cp042,4,1000,42,51,50,1,1,2.0,0.05,2.1709477454749058,0.1,2.086461273264851,2.086461273264851,0.8865987658500671,0.9021207094192505,0.8888591527938843,0.8252961039543152
sub-cp042_ses-20220111_level-02B_run-010,sub-cp042,4,1000,42,51,50,1,1,2.0,0.05,2.294451987960511,0.1,2.030632815835035,2.030632815835035,0.8435940146446228,0.864240825176239,0.8606104254722595,0.8023726344108582
sub-cp042_ses-20220111_level-03B_run-002,sub-cp042,4,1000,42,51,50,2,3,3.0,0.05,2.7687282169034053,0.1,3.2961710425282202,3.2961710425282202,0.8455512523651123,0.8476683497428894,0.8721051216125488,0.8740546703338623
sub-cp042_ses-20220111_level-03B_run-005,sub-cp042,4,1000,42,51,50,2,2,3.0,0.05,2.7330960083194773,0.1,2.742015198492172,2.742015198492172,0.8438930511474609,0.8520087599754333,0.8724033236503601,0.869713544845581
sub-cp042_ses-20220111_level-03B_run-011,sub-cp042,4,1000,42,51,50,2,2,3.0,0.05,2.6202489326969576,0.1,3.1050198990555904,3.1050198990555904,0.8452522158622742,0.8619522452354431,0.8760902881622314,0.8580664992332458
sub-cp042_ses-20220111_level-04B_run-004,sub-cp042,4,1000,42,51,50,3,3,4.0,0.05,3.195840145841523,0.1,3.5384333232808935,3.5384333232808935,0.8186121582984924,0.8124979138374329,0.8323887586593628,0.8923193216323853
sub-cp042_ses-20220111_level-04B_run-006,sub-cp042,4,1000,42,51,50,3,3,4.0,0.05,3.1610097944316506,0.1,3.922841077131925,3.922841077131925,0.8146433234214783,0.8045536279678345,0.8280511498451233,0.883425235748291
sub-cp042_ses-20220111_level-04B_run-009,sub-cp042,4,1000,42,51,50,3,3,4.0,0.05,3.1213068890597806,0.1,3.95456218115527,3.95456218115527,0.7693279385566711,0.7609128355979919,0.7798765301704407,0.83424311876297
sub-cp003_ses-20210206_level-01B_run-001,sub-cp003,4,2000,42,51,50,0,0,1.0,0.05,2.021795254868968,0.1,0.41816727063403714,1.0,0.9214079976081848,0.9001173377037048,0.8866209387779236,0.8572425246238708
sub-cp003_ses-20210206_level-01B_run-007,sub-cp003,4,2000,42,51,50,0,0,1.0,0.05,2.003697168624182,0.1,1.1635257912161112,1.1635257912161112,0.9345870018005371,0.9287038445472717,0.9093489050865173,0.8548986315727234
sub-cp003_ses-20210206_level-01B_run-012,sub-cp003,4,2000,42,51,50,0,0,1.0,0.05,1.97090468152515,0.1,0.7014153616552152,1.0,0.9344521164894104,0.9213973879814148,0.9035895466804504,0.8524230718612671
sub-cp003_ses-20210206_level-02B_run-003,sub-cp003,4,2000,42,51,50,1,1,2.0,0.05,2.159788793844659,0.1,2.1729647371640675,2.1729647371640675,0.9049781560897827,0.9319004416465759,0.9173555374145508,0.8230323791503906
sub-cp003_ses-20210206_level-02B_run-008,sub-cp003,4,2000,42,51,50,1,1,2.0,0.05,2.120886579904646,0.1,1.9507195396974684,1.9507195396974684,0.9117632508277893,0.9331921339035034,0.9155927300453186,0.828773558139801
sub-cp003_ses-20210206_level-02B_run-010,sub-cp003,4,2000,42,51,50,1,1,2.0,0.05,2.156515491055899,0.1,2.2064419187935482,2.2064419187935482,0.9114934206008911,0.9330616593360901,0.919118344783783,0.836937665939331
sub-cp003_ses-20210206_level-03B_run-002,sub-cp003,4,2000,42,51,50,2,2,3.0,0.05,2.285566367561597,0.1,2.874454512554659,2.874454512554659,0.9000815749168396,0.918631374835968,0.9218096137046814,0.8472612500190735
sub-cp003_ses-20210206_level-03B_run-005,sub-cp003,4,2000,42,51,50,2,2,3.0,0.05,2.357709260717345,0.1,2.9933337365823847,2.9933337365823847,0.8986921906471252,0.9161654710769653,0.9221729636192322,0.8650379180908203
sub-cp003_ses-20210206_level-03B_run-011,sub-cp003,4,2000,42,51,50,2,2,3.0,0.05,2.37074280706311,0.1,3.007993194718833,3.007993194718833,0.9054637551307678,0.9232370853424072,0.9312157034873962,0.8727279901504517
sub-cp003_ses-20210206_level-04B_run-004,sub-cp003,4,2000,42,51,50,3,3,4.0,0.05,2.9506793589769953,0.1,3.8618224401423418,3.8618224401423418,0.887927770614624,0.8806508183479309,0.8969285488128662,0.9354334473609924
sub-cp003_ses-20210206_level-04B_run-006,sub-cp003,4,2000,42,51,50,3,3,4.0,0.05,3.114763010026505,0.1,4.292612195231255,4.0,0.8592497110366821,0.8578963875770569,0.8772552013397217,0.9260052442550659
sub-cp003_ses-20210206_level-04B_run-009,sub-cp003,4,2000,42,51,50,3,3,4.0,0.05,3.0780302029201745,0.1,3.7203349247654254,3.7203349247654254,0.8592092394828796,0.8545432686805725,0.8729625940322876,0.9208434224128723
sub-cp006_ses-20210324_level-01B_run-001,sub-cp006,4,2000,42,51,50,0,0,1.0,0.05,2.0548247428118307,0.1,1.623893738283964,1.623893738283964,0.8822083473205566,0.8795548677444458,0.8603269457817078,0.813946545124054
sub-cp006_ses-20210324_level-01B_run-007,sub-cp006,4,2000,42,51,50,0,0,1.0,0.05,1.9759780205268422,0.1,0.8868322992853706,1.0,0.9074466824531555,0.9072280526161194,0.8846697211265564,0.8124454021453857
sub-cp006_ses-20210324_level-01B_run-012,sub-cp006,4,2000,42,51,50,0,0,1.0,0.05,2.066294747082243,0.1,1.391789951411068,1.391789951411068,0.8989349603652954,0.8980558514595032,0.8844678997993469,0.8240331411361694
sub-cp006_ses-20210324_level-02B_run-003,sub-cp006,4,2000,42,51,50,1,1,2.0,0.05,2.132230951962166,0.1,1.7521375680348235,1.7521375680348235,0.8787011504173279,0.8942721486091614,0.882341742515564,0.799014151096344
sub-cp006_ses-20210324_level-02B_run-008,sub-cp006,4,2000,42,51,50,1,1,2.0,0.05,2.12692219543605,0.1,1.8101167521954038,1.8101167521954038,0.9063675403594971,0.9274774193763733,0.9091066718101501,0.8289579153060913
sub-cp006_ses-20210324_level-02B_run-010,sub-cp006,4,2000,42,51,50,1,1,2.0,0.05,2.116358115410933,0.1,1.6023165892671891,1.6023165892671891,0.8884673714637756,0.9052579402923584,0.8871322274208069,0.813288152217865
sub-cp006_ses-20210324_level-03B_run-002,sub-cp006,4,2000,42,51,50,2,2,3.0,0.05,2.317801642812168,0.1,3.1136734424626415,3.1136734424626415,0.8883459568023682,0.9186052680015564,0.9208676815032959,0.8361738920211792
sub-cp006_ses-20210324_level-03B_run-005,sub-cp006,4,2000,42,51,50,2,2,3.0,0.05,2.3140151309708417,0.1,2.6995394356248044,2.6995394356248044,0.8896273970603943,0.9083371162414551,0.9096584320068359,0.8488940596580505
sub-cp006_ses-20210324_level-03B_run-011,sub-cp006,4,2000,42,51,50,2,2,3.0,0.05,2.2774696865545807,0.1,2.7365259103463377,2.7365259103463377,0.8773792386054993,0.8988125920295715,0.8992161750793457,0.8234010338783264
sub-cp006_ses-20210324_level-04B_run-004,sub-cp006,4,2000,42,51,50,3,3,4.0,0.05,3.022522766441179,0.1,4.1441442105857575,4.0,0.8761786818504333,0.8748969435691833,0.8907251358032227,0.9330632090568542
sub-cp006_ses-20210324_level-04B_run-006,sub-cp006,4,2000,42,51,50,3,3,4.0,0.05,2.8771528290742534,0.1,3.6772438074383937,3.6772438074383937,0.8875500559806824,0.8841213583946228,0.8989470601081848,0.92840176820755
sub-cp006_ses-20210324_level-04B_run-009,sub-cp006,4,2000,42,51,50,3,3,4.0,0.05,2.899688000224887,0.1,3.6673053632737775,3.6673053632737775,0.882869303226471,0.8760190606117249,0.889729380607605,0.9252678155899048
sub-cp012_ses-20210723_level-01B_run-001,sub-cp012,4,2000,42,51,50,0,1,1.0,0.05,2.0969590746869695,0.1,1.5026829798109185,1.5026829798109185,0.9053423404693604,0.9201448559761047,0.9026206731796265,0.8237434029579163
sub-cp012_ses-20210723_level-01B_run-007,sub-cp012,4,2000,42,51,50,0,0,1.0,0.05,1.9391157731109279,0.1,0.9897405098814103,1.0,0.9252389669418335,0.9196621179580688,0.8952868580818176,0.8291949033737183
sub-cp012_ses-20210723_level-01B_run-012,sub-cp012,4,2000,42,51,50,0,0,1.0,0.05,1.9619395121102805,0.1,1.0622705318488468,1.0622705318488468,0.9287056922912598,0.9112727046012878,0.8910480737686157,0.8527654409408569
sub-cp012_ses-20210723_level-02B_run-003,sub-cp012,4,2000,42,51,50,1,1,2.0,0.05,2.2196106607201527,0.1,2.0461248801833642,2.0461248801833642,0.8882784843444824,0.9203144907951355,0.9105195999145508,0.8159217238426208
sub-cp012_ses-20210723_level-02B_run-008,sub-cp012,4,2000,42,51,50,1,1,2.0,0.05,2.141401483611645,0.1,1.9142548825820587,1.9142548825820587,0.9031166434288025,0.9326832890510559,0.915283203125,0.812208354473114
sub-cp012_ses-20210723_level-02B_run-010,sub-cp012,4,2000,42,51,50,1,1,2.0,0.05,2.186044903242158,0.1,2.027915128265178,2.027915128265178,0.9038585424423218,0.9322788119316101,0.9204908609390259,0.825613260269165
sub-cp012_ses-20210723_level-03B_run-002,sub-cp012,4,2000,42,51,50,2,2,3.0,0.05,2.3319347572022697,0.1,2.966204025455606,2.966204025455606,0.8736292123794556,0.9104246497154236,0.9145835041999817,0.8143151998519897
sub-cp012_ses-20210723_level-03B_run-005,sub-cp012,4,2000,42,51,50,2,2,3.0,0.05,2.3630586762441625,0.1,3.131515369306325,3.131515369306325,0.8775545954704285,0.9115858674049377,0.9203293919563293,0.825823962688446
sub-cp012_ses-20210723_level-03B_run-011,sub-cp012,4,2000,42,51,50,2,2,3.0,0.05,2.2987862717561236,0.1,2.8921102321640495,2.8921102321640495,0.8943486213684082,0.9248549342155457,0.9273940324783325,0.8321971893310547
sub-cp012_ses-20210723_level-04B_run-004,sub-cp012,4,2000,42,51,50,3,3,4.0,0.05,3.1040315303122563,0.1,4.227123964107254,4.0,0.8613675236701965,0.8663379549980164,0.8858808279037476,0.9294025301933289
sub-cp012_ses-20210723_level-04B_run-006,sub-cp012,4,2000,42,51,50,3,3,4.0,0.05,2.8994862939656896,0.1,3.9524869845555735,3.9524869845555735,0.8866598010063171,0.8869656920433044,0.9031185507774353,0.9308773279190063
sub-cp012_ses-20210723_level-04B_run-009,sub-cp012,4,2000,42,51,50,3,3,4.0,0.05,2.7320175131429836,0.1,3.803997498913324,3.803997498913324,0.8957785367965698,0.8982385396957397,0.9090663194656372,0.9222128987312317
sub-cp018_ses-20210709_level-01B_run-001,sub-cp018,4,2000,42,51,50,0,0,1.0,0.05,2.0826399167424094,0.1,1.4079470705759616,1.4079470705759616,0.9098072648048401,0.9071367383003235,0.8965249061584473,0.8381754159927368
sub-cp018_ses-20210709_level-01B_run-007,sub-cp018,4,2000,42,51,50,0,0,1.0,0.05,2.1886655066410468,0.1,1.5132363536120996,1.5132363536120996,0.905720055103302,0.9031834006309509,0.8978032469749451,0.8563997745513916
sub-cp018_ses-20210709_level-01B_run-012,sub-cp018,4,2000,42,51,50,0,0,1.0,0.05,2.119392311269409,0.1,1.35379393495991,1.35379393495991,0.9025771021842957,0.9004565477371216,0.8914114236831665,0.8392025232315063
sub-cp018_ses-20210709_level-02B_run-003,sub-cp018,4,2000,42,51,50,1,1,2.0,0.05,2.1024049158908613,0.1,1.8648304449591897,1.8648304449591897,0.8924062252044678,0.9049187302589417,0.8884779214859009,0.8150789737701416
sub-cp018_ses-20210709_level-02B_run-008,sub-cp018,4,2000,42,51,50,1,1,2.0,0.05,2.1746480149889016,0.1,1.895440592028894,1.895440592028894,0.8832335472106934,0.9094852805137634,0.8962557315826416,0.80720454454422
sub-cp018_ses-20210709_level-02B_run-010,sub-cp018,4,2000,42,51,50,1,1,2.0,0.05,2.1534812520679245,0.1,1.7335122516408672,1.7335122516408672,0.901470959186554,0.9128775596618652,0.903333842754364,0.832802951335907
sub-cp018_ses-20210709_level-03B_run-002,sub-cp018,4,2000,42,51,50,2,2,3.0,0.05,2.2940994023312284,0.1,2.5578452044637503,2.5578452044637503,0.900594174861908,0.9152652025222778,0.9189029932022095,0.8538978695869446
sub-cp018_ses-20210709_level-03B_run-005,sub-cp018,4,2000,42,51,50,2,2,3.0,0.05,2.3039645904582304,0.1,2.8385952883417342,2.8385952883417342,0.8877658843994141,0.914625883102417,0.9187819361686707,0.8295899629592896
sub-cp018_ses-20210709_level-03B_run-011,sub-cp018,4,2000,42,51,50,2,2,3.0,0.05,2.335312759831082,0.1,2.6576653691401675,2.6576653691401675,0.8796724081039429,0.8986038565635681,0.9038721323013306,0.8395712375640869
sub-cp018_ses-20210709_level-04B_run-004,sub-cp018,4,2000,42,51,50,3,3,4.0,0.05,3.060107500327934,0.1,3.9035895942603824,3.9035895942603824,0.8566058278083801,0.853251576423645,0.8722224831581116,0.9168140292167664
sub-cp018_ses-20210709_level-04B_run-006,sub-cp018,4,2000,42,51,50,3,3,4.0,0.05,2.9886413700358085,0.1,4.052803094783817,4.0,0.8608009815216064,0.8566830158233643,0.8729894757270813,0.9132060408592224
sub-cp018_ses-20210709_level-04B_run-009,sub-cp018,4,2000,42,51,50,3,3,4.0,0.05,3.122602535827966,0.1,3.8832645983215226,3.8832645983215226,0.8531525731086731,0.8484501838684082,0.8668398857116699,0.9194739460945129
sub-cp029_ses-20220119_level-01B_run-001,sub-cp029,4,2000,42,51,50,0,0,1.0,0.05,1.9755642688258492,0.1,1.0392416156409123,1.0392416156409123,0.8882920145988464,0.8686864972114563,0.853369951248169,0.8130511045455933
sub-cp029_ses-20220119_level-01B_run-007,sub-cp029,4,2000,42,51,50,0,0,1.0,0.05,2.0196204790786014,0.1,1.1125737095324009,1.1125737095324009,0.9268307089805603,0.9194272756576538,0.9011269807815552,0.8527654409408569
sub-cp029_ses-20220119_level-01B_run-012,sub-cp029,4,2000,42,51,50,0,0,1.0,0.05,2.001563045374512,0.1,1.4235905593266602,1.4235905593266602,0.9326580166816711,0.922793447971344,0.905594527721405,0.8548722863197327
sub-cp029_ses-20220119_level-02B_run-003,sub-cp029,4,2000,42,51,50,1,1,2.0,0.05,2.1159568208130737,0.1,1.6294723541642087,1.6294723541642087,0.8922308683395386,0.9051144123077393,0.8901869058609009,0.8168697953224182
sub-cp029_ses-20220119_level-02B_run-008,sub-cp029,4,2000,42,51,50,1,1,2.0,0.05,2.003992548031291,0.1,1.7845597742884012,1.7845597742884012,0.916228175163269,0.9281167387962341,0.9011808037757874,0.8165537714958191
sub-cp029_ses-20220119_level-02B_run-010,sub-cp029,4,2000,42,51,50,1,1,2.0,0.05,2.0871764281065177,0.1,1.5921808093752012,1.5921808093752012,0.8905177116394043,0.9069018959999084,0.8881011009216309,0.8039125800132751
sub-cp029_ses-20220119_level-03B_run-002,sub-cp029,4,2000,42,51,50,2,2,3.0,0.05,2.343098184576699,0.1,2.5937798735419992,2.5937798735419992,0.8755986094474792,0.8811466097831726,0.888154923915863,0.8440746665000916
sub-cp029_ses-20220119_level-03B_run-005,sub-cp029,4,2000,42,51,50,2,2,3.0,0.05,2.286661776200604,0.1,2.992171489983284,2.992171489983284,0.8997848033905029,0.917457103729248,0.9182571172714233,0.8522914052009583
sub-cp029_ses-20220119_level-03B_run-011,sub-cp029,4,2000,42,51,50,2,1,3.0,0.05,2.266664504546545,0.1,2.8960987627416594,2.8960987627416594,0.8910572528839111,0.9166873693466187,0.9162251949310303,0.828773558139801
sub-cp029_ses-20220119_level-04B_run-004,sub-cp029,4,2000,42,51,50,3,3,4.0,0.05,3.1460422095387006,0.1,4.012288006823369,4.0,0.8453288078308105,0.850041925907135,0.8724915981292725,0.9180518388748169
sub-cp029_ses-20220119_level-04B_run-006,sub-cp029,4,2000,42,51,50,3,3,4.0,0.05,3.129520923432545,0.1,4.1093553384234465,4.0,0.8470959067344666,0.8467409610748291,0.8661266565322876,0.9158132672309875
sub-cp029_ses-20220119_level-04B_run-009,sub-cp029,4,2000,42,51,50,3,3,4.0,0.05,3.1184789542760964,0.1,3.8535831286475366,3.8535831286475366,0.8344835042953491,0.835350751876831,0.8564245700836182,0.9025663733482361
sub-cp036_ses-20211218_level-01B_run-001,sub-cp036,4,2000,42,51,50,0,0,1.0,0.05,2.1521024420549155,0.1,1.3689280793287708,1.3689280793287708,0.9151490330696106,0.8959943652153015,0.8830953240394592,0.8738604187965393
sub-cp036_ses-20211218_level-01B_run-007,sub-cp036,4,2000,42,51,50,0,0,1.0,0.05,2.355102120982739,0.1,2.094032566688677,2.094032566688677,0.8529097437858582,0.8323759436607361,0.8273316621780396,0.8373063206672668
sub-cp036_ses-20211218_level-01B_run-012,sub-cp036,4,2000,42,51,50,0,0,1.0,0.05,2.218098561590283,0.1,1.6498789215675635,1.6498789215675635,0.846259593963623,0.8221077919006348,0.8131888508796692,0.8147629499435425
sub-cp036_ses-20211218_level-02B_run-003,sub-cp036,4,2000,42,51,50,1,0,2.0,0.05,2.1298635002555244,0.1,1.380134337340744,1.380134337340744,0.8954142928123474,0.8820729851722717,0.874173641204834,0.8433635830879211
sub-cp036_ses-20211218_level-02B_run-008,sub-cp036,4,2000,42,51,50,1,0,2.0,0.05,2.4416669795891695,0.1,2.1928598742487937,2.1928598742487937,0.8530311584472656,0.8372947573661804,0.8350152969360352,0.8467608690261841
sub-cp036_ses-20211218_level-02B_run-010,sub-cp036,4,2000,42,51,50,1,0,2.0,0.05,2.3540178038587003,0.1,1.5546457276288275,1.5546457276288275,0.8629052639007568,0.8454623818397522,0.8367376923561096,0.8479723334312439
sub-cp036_ses-20211218_level-03B_run-002,sub-cp036,4,2000,42,51,50,2,2,3.0,0.05,2.4294941029239654,0.1,3.0258267097384035,3.0258267097384035,0.8811022639274597,0.884095311164856,0.8909269571304321,0.8672764301300049
sub-cp036_ses-20211218_level-03B_run-005,sub-cp036,4,2000,42,51,50,2,0,3.0,0.05,2.500373961306276,0.1,2.3539355310014587,2.3539355310014587,0.8439529538154602,0.8278093934059143,0.8358899354934692,0.8418360948562622
sub-cp036_ses-20211218_level-03B_run-011,sub-cp036,4,2000,42,51,50,2,0,3.0,0.05,2.4069154978251595,0.1,2.4119353299819046,2.4119353299819046,0.8624601364135742,0.8496766090393066,0.8543522357940674,0.8490257859230042
sub-cp036_ses-20211218_level-04B_run-004,sub-cp036,4,2000,42,51,50,3,3,4.0,0.05,2.8487102596442027,0.1,3.3649589374906412,3.3649589374906412,0.8577389121055603,0.8391866087913513,0.8555633425712585,0.89211106300354
sub-cp036_ses-20211218_level-04B_run-006,sub-cp036,4,2000,42,51,50,3,3,4.0,0.05,2.872594657686416,0.1,3.5665041151452312,3.5665041151452312,0.8535842299461365,0.8339937925338745,0.8502615094184875,0.8901622295379639
sub-cp036_ses-20211218_level-04B_run-009,sub-cp036,4,2000,42,51,50,3,3,4.0,0.05,3.0346598318582485,0.1,3.763981335907149,3.763981335907149,0.8271453380584717,0.8110828399658203,0.828731119632721,0.8807603716850281
sub-cp042_ses-20220111_level-01B_run-001,sub-cp042,4,2000,42,51,50,0,0,1.0,0.05,2.000561570565724,0.1,1.1295782934298049,1.1295782934298049,0.9046004414558411,0.8978992700576782,0.8834182620048523,0.817001461982727
sub-cp042_ses-20220111_level-01B_run-007,sub-cp042,4,2000,42,51,50,0,0,1.0,0.05,2.2600761282693638,0.1,1.3409468759859786,1.3409468759859786,0.8895734548568726,0.881355345249176,0.8770129680633545,0.856900155544281
sub-cp042_ses-20220111_level-01B_run-012,sub-cp042,4,2000,42,51,50,0,0,1.0,0.05,2.2632946047502163,0.1,1.6213226555887887,1.6213226555887887,0.7930850982666016,0.7616207003593445,0.7578827142715454,0.7674112319946289
sub-cp042_ses-20220111_level-02B_run-003,sub-cp042,4,2000,42,51,50,1,1,2.0,0.05,2.1704720347648325,0.1,1.8298361919581467,1.8298361919581467,0.8889394998550415,0.9065496325492859,0.8960807919502258,0.8194770216941833
sub-cp042_ses-20220111_level-02B_run-008,sub-cp042,4,2000,42,51,50,1,1,2.0,0.05,2.199955269205786,0.1,1.826384607770882,1.826384607770882,0.891461968421936,0.9053101539611816,0.8950985074043274,0.8368059396743774
sub-cp042_ses-20220111_level-02B_run-010,sub-cp042,4,2000,42,51,50,1,1,2.0,0.05,2.2779203944060757,0.1,1.8654484171812962,1.8654484171812962,0.8641462922096252,0.8809248208999634,0.8779953122138977,0.8201354146003723
sub-cp042_ses-20220111_level-03B_run-002,sub-cp042,4,2000,42,51,50,2,3,3.0,0.05,2.776677967963133,0.1,3.1676449484099614,3.1676449484099614,0.8591417670249939,0.8625673055648804,0.8848984837532043,0.889266848564148
sub-cp042_ses-20220111_level-03B_run-005,sub-cp042,4,2000,42,51,50,2,3,3.0,0.05,2.7884714943573634,0.1,2.856247426716382,2.856247426716382,0.8340518474578857,0.8413003087043762,0.8587390780448914,0.8672501444816589
sub-cp042_ses-20220111_level-03B_run-011,sub-cp042,4,2000,42,51,50,2,2,3.0,0.05,2.6601181939467686,0.1,3.1506636610726466,3.1506636610726466,0.8451804518699646,0.860466718673706,0.8739852905273438,0.8639844655990601
sub-cp042_ses-20220111_level-04B_run-004,sub-cp042,4,2000,42,51,50,3,3,4.0,0.05,3.202039450533642,0.1,3.8191698768698465,3.8191698768698465,0.8257694840431213,0.8244432210922241,0.8447981476783752,0.902039647102356
sub-cp042_ses-20220111_level-04B_run-006,sub-cp042,4,2000,42,51,50,3,3,4.0,0.05,3.1568080025933085,0.1,4.048547662979415,4.0,0.8163944482803345,0.8117221593856812,0.8349076509475708,0.886659562587738
sub-cp042_ses-20220111_level-04B_run-009,sub-cp042,4,2000,42,51,50,3,3,4.0,0.05,3.0841873902836903,0.1,3.8439868420253416,3.8439868420253416,0.7739034295082092,0.771640956401825,0.7926004528999329,0.8371220231056213
sub-cp003_ses-20210206_level-01B_run-001,sub-cp003,4,5000,42,51,50,0,0,1.0,0.05,2.0189057656399703,0.01,0.34288842715097667,1.0,0.9199832677841187,0.9025515913963318,0.8871885538101196,0.8533998131752014
sub-cp003_ses-20210206_level-01B_run-007,sub-cp003,4,5000,42,51,50,0,0,1.0,0.05,2.040189770036753,0.01,1.3212524453996664,1.3212524453996664,0.9315902590751648,0.929197371006012,0.9121187329292297,0.8555495738983154
sub-cp003_ses-20210206_level-01B_run-012,sub-cp003,4,5000,42,51,50,0,0,1.0,0.05,1.974564780778207,0.01,0.7022957943074699,1.0,0.9283281564712524,0.9171161651611328,0.8988377451896667,0.8454045653343201
sub-cp003_ses-20210206_level-02B_run-003,sub-cp003,4,5000,42,51,50,1,1,2.0,0.05,2.159022073855265,0.01,2.187378524564071,2.187378524564071,0.9051682949066162,0.9311358332633972,0.9167978763580322,0.8242778778076172
sub-cp003_ses-20210206_level-02B_run-008,sub-cp003,4,5000,42,51,50,1,1,2.0,0.05,2.144201559903269,0.01,2.3290638955922747,2.3290638955922747,0.9069348573684692,0.9314606785774231,0.9148203134536743,0.8273383378982544
sub-cp003_ses-20210206_level-02B_run-010,sub-cp003,4,5000,42,51,50,1,1,2.0,0.05,2.145495400486203,0.01,2.1749810456962377,2.1749810456962377,0.9109772443771362,0.9316806793212891,0.9167870879173279,0.8350053429603577
sub-cp003_ses-20210206_level-03B_run-002,sub-cp003,4,5000,42,51,50,2,2,3.0,0.05,2.2819272756907587,0.01,3.165459787980061,3.165459787980061,0.8997712135314941,0.9189812541007996,0.9226657152175903,0.8437948822975159
sub-cp003_ses-20210206_level-03B_run-005,sub-cp003,4,5000,42,51,50,2,2,3.0,0.05,2.36707413959558,0.01,3.1600896689868994,3.1600896689868994,0.8966608643531799,0.914842426776886,0.9235518574714661,0.8616916537284851
sub-cp003_ses-20210206_level-03B_run-011,sub-cp003,4,5000,42,51,50,2,2,3.0,0.05,2.3769884264592642,0.01,3.0072706177654,3.0072706177654,0.9028111696243286,0.9203172326087952,0.9299329519271851,0.8698987364768982
sub-cp003_ses-20210206_level-04B_run-004,sub-cp003,4,5000,42,51,50,3,3,4.0,0.05,2.963502721885904,0.01,3.8132680092531785,3.8132680092531785,0.8806212544441223,0.8775718212127686,0.8940721750259399,0.9307053685188293
sub-cp003_ses-20210206_level-04B_run-006,sub-cp003,4,5000,42,51,50,3,3,4.0,0.05,3.108850574702851,0.01,4.1074800422855375,4.0,0.8587023019790649,0.8582868576049805,0.8766037225723267,0.9251245260238647
sub-cp003_ses-20210206_level-04B_run-009,sub-cp003,4,5000,42,51,50,3,3,4.0,0.05,3.096044811224852,0.01,3.8722459263692994,3.8722459263692994,0.8551909327507019,0.8512455821037292,0.8676669001579285,0.9188977479934692
sub-cp006_ses-20210324_level-01B_run-001,sub-cp006,4,5000,42,51,50,0,0,1.0,0.05,2.026841919186415,0.01,1.5445971470292603,1.5445971470292603,0.8810005784034729,0.8778547048568726,0.8589624166488647,0.8043267130851746
sub-cp006_ses-20210324_level-01B_run-007,sub-cp006,4,5000,42,51,50,0,0,1.0,0.05,1.9712223999543603,0.01,0.8773208976576838,1.0,0.9115082621574402,0.9112379550933838,0.8897928595542908,0.8118137121200562
sub-cp006_ses-20210324_level-01B_run-012,sub-cp006,4,5000,42,51,50,0,1,1.0,0.05,2.0234389965366475,0.01,1.1382298975038023,1.1382298975038023,0.899451494216919,0.9009222388267517,0.883649468421936,0.8107970952987671
sub-cp006_ses-20210324_level-02B_run-003,sub-cp006,4,5000,42,51,50,1,1,2.0,0.05,2.116491086484819,0.01,1.7920794547931496,1.7920794547931496,0.8728561401367188,0.8905384540557861,0.8761066794395447,0.7871924638748169
sub-cp006_ses-20210324_level-02B_run-008,sub-cp006,4,5000,42,51,50,1,1,2.0,0.05,2.159891557467551,0.01,2.3200097048781703,2.3200097048781703,0.8997549414634705,0.9245608448982239,0.9088066220283508,0.8253686428070068
sub-cp006_ses-20210324_level-02B_run-010,sub-cp006,4,5000,42,51,50,1,1,2.0,0.05,2.095445253480217,0.01,1.755744826750957,1.755744826750957,0.8881696462631226,0.9065280556678772,0.886523962020874,0.8045914769172668
sub-cp006_ses-20210324_level-03B_run-002,sub-cp006,4,5000,42,51,50,2,2,3.0,0.05,2.2996408737741283,0.01,2.996730655880069,2.996730655880069,0.8836991190910339,0.9146537780761719,0.9161494970321655,0.8240661025047302
sub-cp006_ses-20210324_level-03B_run-005,sub-cp006,4,5000,42,51,50,2,2,3.0,0.05,2.317441806538323,0.01,2.837049416683442,2.837049416683442,0.8920115232467651,0.9102843999862671,0.9134262800216675,0.8500852584838867
sub-cp006_ses-20210324_level-03B_run-011,sub-cp006,4,5000,42,51,50,2,2,3.0,0.05,2.2819198483093595,0.01,3.0714564902262955,3.0714564902262955,0.8773158192634583,0.8990204930305481,0.901063859462738,0.8214821815490723
sub-cp006_ses-20210324_level-04B_run-004,sub-cp006,4,5000,42,51,50,3,3,4.0,0.05,3.0483111251339303,0.01,4.351453443195096,4.0,0.8630210757255554,0.8682044148445129,0.8856648802757263,0.9249974489212036
sub-cp006_ses-20210324_level-04B_run-006,sub-cp006,4,5000,42,51,50,3,3,4.0,0.05,2.906316989921469,0.01,3.7126889646159715,3.7126889646159715,0.8781394958496094,0.8760629892349243,0.8909923434257507,0.9224770665168762
sub-cp006_ses-20210324_level-04B_run-009,sub-cp006,4,5000,42,51,50,3,3,4.0,0.05,2.8506600111239537,0.01,3.720044908569864,3.720044908569864,0.8791961073875427,0.8759110569953918,0.8897874355316162,0.9172986745834351
sub-cp012_ses-20210723_level-01B_run-001,sub-cp012,4,5000,42,51,50,0,1,1.0,0.05,2.049819183288119,0.01,1.120448239028928,1.120448239028928,0.9011150598526001,0.9141508340835571,0.8930563926696777,0.8084673285484314
sub-cp012_ses-20210723_level-01B_run-007,sub-cp012,4,5000,42,51,50,0,0,1.0,0.05,1.9372240850088924,0.01,1.2768708785048704,1.2768708785048704,0.9255483150482178,0.9209039807319641,0.896303653717041,0.8270841836929321
sub-cp012_ses-20210723_level-01B_run-012,sub-cp012,4,5000,42,51,50,0,0,1.0,0.05,1.9666472376553996,0.01,1.3002970493743604,1.3002970493743604,0.9241448640823364,0.9125477075576782,0.8905817270278931,0.8443349599838257
sub-cp012_ses-20210723_level-02B_run-003,sub-cp012,4,5000,42,51,50,1,1,2.0,0.05,2.2192812523326206,0.01,2.0406722213286574,2.0406722213286574,0.8854385614395142,0.9168699383735657,0.9072396755218506,0.8135716319084167
sub-cp012_ses-20210723_level-02B_run-008,sub-cp012,4,5000,42,51,50,1,1,2.0,0.05,2.1477998973768537,0.01,1.977110175246416,1.977110175246416,0.898622453212738,0.9287049174308777,0.9108976125717163,0.8120996356010437
sub-cp012_ses-20210723_level-02B_run-010,sub-cp012,4,5000,42,51,50,1,1,2.0,0.05,2.181533002110585,0.01,1.7913286953941654,1.7913286953941654,0.8928080797195435,0.9215326905250549,0.9090119004249573,0.8134974837303162
sub-cp012_ses-20210723_level-03B_run-002,sub-cp012,4,5000,42,51,50,2,2,3.0,0.05,2.344119522122661,0.01,2.8580563945013453,2.8580563945013453,0.8715394139289856,0.9050558805465698,0.9120430946350098,0.815731942653656
sub-cp012_ses-20210723_level-03B_run-005,sub-cp012,4,5000,42,51,50,2,2,3.0,0.05,2.345970716016791,0.01,3.1400733621250576,3.1400733621250576,0.8706994652748108,0.9041180610656738,0.912221372127533,0.8128832578659058
sub-cp012_ses-20210723_level-03B_run-011,sub-cp012,4,5000,42,51,50,2,2,3.0,0.05,2.3126186296477207,0.01,3.016513845845131,3.016513845845131,0.8888903260231018,0.9204167723655701,0.9247621297836304,0.827200710773468
sub-cp012_ses-20210723_level-04B_run-004,sub-cp012,4,5000,42,51,50,3,3,4.0,0.05,3.1274046464196106,0.01,4.332027431304898,4.0,0.8564860224723816,0.8623262047767639,0.8845193982124329,0.9275919198989868
sub-cp012_ses-20210723_level-04B_run-006,sub-cp012,4,5000,42,51,50,3,3,4.0,0.05,3.0008685441442426,0.01,3.977877083986221,3.977877083986221,0.8743680119514465,0.8780223727226257,0.8975409865379333,0.9306418299674988
sub-cp012_ses-20210723_level-04B_run-009,sub-cp012,4,5000,42,51,50,3,3,4.0,0.05,2.828485509912406,0.01,3.860292638332006,3.860292638332006,0.8842898011207581,0.8895639777183533,0.9034682512283325,0.9221382141113281
sub-cp018_ses-20210709_level-01B_run-001,sub-cp018,4,5000,42,51,50,0,1,1.0,0.05,2.0796940039630782,0.01,1.321069884589003,1.321069884589003,0.907379150390625,0.9086917638778687,0.8971195816993713,0.8304094076156616
sub-cp018_ses-20210709_level-01B_run-007,sub-cp018,4,5000,42,51,50,0,1,1.0,0.05,2.1660127225360015,0.01,1.2378303655889453,1.2378303655889453,0.9046643972396851,0.9057316780090332,0.8991565704345703,0.8478401899337769
sub-cp018_ses-20210709_level-01B_run-012,sub-cp018,4,5000,42,51,50,0,1,1.0,0.05,2.0947266960027724,0.01,1.0278127882517578,1.0278127882517578,0.9058510661125183,0.906093180179596,0.8959848880767822,0.8333321809768677
sub-cp018_ses-20210709_level-02B_run-003,sub-cp018,4,5000,42,51,50,1,1,2.0,0.05,2.10679400561314,0.01,1.8854375591745232,1.8854375591745232,0.891252875328064,0.9090585112571716,0.891781210899353,0.8077790141105652
sub-cp018_ses-20210709_level-02B_run-008,sub-cp018,4,5000,42,51,50,1,1,2.0,0.05,2.152468557247435,0.01,1.7910020221028864,1.7910020221028864,0.8793099522590637,0.9048463106155396,0.8906357884407043,0.7951983213424683
sub-cp018_ses-20210709_level-02B_run-010,sub-cp018,4,5000,42,51,50,1,1,2.0,0.05,2.1459366404238365,0.01,1.909805493362125,1.909805493362125,0.8948997259140015,0.9087598919868469,0.8975571990013123,0.8227317929267883
sub-cp018_ses-20210709_level-03B_run-002,sub-cp018,4,5000,42,51,50,2,2,3.0,0.05,2.2942973507541193,0.01,2.671753284489017,2.671753284489017,0.8992998003959656,0.9137369394302368,0.917041003704071,0.8533786535263062
sub-cp018_ses-20210709_level-03B_run-005,sub-cp018,4,5000,42,51,50,2,2,3.0,0.05,2.3069887023465645,0.01,3.020433681412227,3.020433681412227,0.8846474289894104,0.9128673076629639,0.9168033003807068,0.8264276385307312
sub-cp018_ses-20210709_level-03B_run-011,sub-cp018,4,5000,42,51,50,2,2,3.0,0.05,2.355026165116496,0.01,2.923944024726352,2.923944024726352,0.8764705061912537,0.8976897597312927,0.9061752557754517,0.8358101844787598
sub-cp018_ses-20210709_level-04B_run-004,sub-cp018,4,5000,42,51,50,3,3,4.0,0.05,3.048416666401044,0.01,4.008256450342239,4.0,0.8501948714256287,0.8516647219657898,0.8701847791671753,0.9108389019966125
sub-cp018_ses-20210709_level-04B_run-006,sub-cp018,4,5000,42,51,50,3,3,4.0,0.05,2.931197302373378,0.01,4.129968631254638,4.0,0.8540205359458923,0.8548291325569153,0.8702604174613953,0.9018587470054626
sub-cp018_ses-20210709_level-04B_run-009,sub-cp018,4,5000,42,51,50,3,3,4.0,0.05,3.0435866023188995,0.01,3.9736200847587324,3.9736200847587324,0.8518854975700378,0.850753128528595,0.8676020503044128,0.9110612869262695
sub-cp029_ses-20220119_level-01B_run-001,sub-cp029,4,5000,42,51,50,0,0,1.0,0.05,2.0459888246039313,0.01,1.0667406135104769,1.0667406135104769,0.8721137642860413,0.8562279343605042,0.8446764349937439,0.8067200183868408
sub-cp029_ses-20220119_level-01B_run-007,sub-cp029,4,5000,42,51,50,0,0,1.0,0.05,1.9909652455372515,0.01,0.9100785938981313,1.0,0.9248872399330139,0.9187350273132324,0.8988215327262878,0.8421322703361511
sub-cp029_ses-20220119_level-01B_run-012,sub-cp029,4,5000,42,51,50,0,0,1.0,0.05,1.988307799960812,0.01,1.2690317824776234,1.2690317824776234,0.9301163554191589,0.9210349321365356,0.9029982089996338,0.8481367230415344
sub-cp029_ses-20220119_level-02B_run-003,sub-cp029,4,5000,42,51,50,1,1,2.0,0.05,2.1126374335499682,0.01,1.8672249554007794,1.8672249554007794,0.895176112651825,0.9076229929924011,0.8929483294487,0.818644106388092
sub-cp029_ses-20220119_level-02B_run-008,sub-cp029,4,5000,42,51,50,1,1,2.0,0.05,2.026383476271474,0.01,2.054056641057687,2.054056641057687,0.911096453666687,0.9262740015983582,0.9005235433578491,0.8123855590820312
sub-cp029_ses-20220119_level-02B_run-010,sub-cp029,4,5000,42,51,50,1,1,2.0,0.05,2.0554515582638877,0.01,1.9672116120665284,1.9672116120665284,0.8941790461540222,0.9093832969665527,0.8885285258293152,0.7985129356384277
sub-cp029_ses-20220119_level-03B_run-002,sub-cp029,4,5000,42,51,50,2,2,3.0,0.05,2.308465230024193,0.01,2.4855440626487217,2.4855440626487217,0.8800197839736938,0.8845449686050415,0.8899819850921631,0.8427147269248962
sub-cp029_ses-20220119_level-03B_run-005,sub-cp029,4,5000,42,51,50,2,2,3.0,0.05,2.258909756761983,0.01,3.1419027534428325,3.1419027534428325,0.8932795524597168,0.9102948904037476,0.9120430946350098,0.8351324200630188
sub-cp029_ses-20220119_level-03B_run-011,sub-cp029,4,5000,42,51,50,2,1,3.0,0.05,2.2246192712906723,0.01,2.718051339639826,2.718051339639826,0.8935992121696472,0.9151934385299683,0.9130858778953552,0.8221917152404785
sub-cp029_ses-20220119_level-04B_run-004,sub-cp029,4,5000,42,51,50,3,3,4.0,0.05,3.2151672125711066,0.01,4.0454647041226846,4.0,0.8355045318603516,0.8406574726104736,0.8648302555084229,0.9162926077842712
sub-cp029_ses-20220119_level-04B_run-006,sub-cp029,4,5000,42,51,50,3,3,4.0,0.05,3.1683696732875046,0.01,4.017441739231381,4.0,0.8411129713058472,0.8411656618118286,0.8623178005218506,0.9143123626708984
sub-cp029_ses-20220119_level-04B_run-009,sub-cp029,4,5000,42,51,50,3,3,4.0,0.05,3.217747998221345,0.01,4.1328710053349615,4.0,0.8195517063140869,0.8229600191116333,0.8468701243400574,0.8998466730117798
sub-cp036_ses-20211218_level-01B_run-001,sub-cp036,4,5000,42,51,50,0,0,1.0,0.05,2.136980429800208,0.01,1.5096395341531,1.5096395341531,0.9143585562705994,0.8960237503051758,0.8826714754104614,0.870438814163208
sub-cp036_ses-20211218_level-01B_run-007,sub-cp036,4,5000,42,51,50,0,0,1.0,0.05,2.3076519777501803,0.01,1.9175086743204233,1.9175086743204233,0.8504170179367065,0.8309966921806335,0.8253223299980164,0.8287467956542969
sub-cp036_ses-20211218_level-01B_run-012,sub-cp036,4,5000,42,51,50,0,0,1.0,0.05,2.190256642975168,0.01,1.4947630600820228,1.4947630600820228,0.8447598218917847,0.8224360942840576,0.81284099817276,0.8089544773101807
sub-cp036_ses-20211218_level-02B_run-003,sub-cp036,4,5000,42,51,50,1,0,2.0,0.05,2.136844949919037,0.01,1.6284882978825004,1.6284882978825004,0.8847883343696594,0.8711435198783875,0.863463282585144,0.8342111110687256
sub-cp036_ses-20211218_level-02B_run-008,sub-cp036,4,5000,42,51,50,1,0,2.0,0.05,2.3476308605026666,0.01,2.0605709527471365,2.0605709527471365,0.8561121821403503,0.8406417965888977,0.8363609910011292,0.8385635614395142
sub-cp036_ses-20211218_level-02B_run-010,sub-cp036,4,5000,42,51,50,1,0,2.0,0.05,2.3330911321733665,0.01,1.9070504931096104,1.9070504931096104,0.8585614562034607,0.8428107500076294,0.8332811594009399,0.8410309553146362
sub-cp036_ses-20211218_level-03B_run-002,sub-cp036,4,5000,42,51,50,2,2,3.0,0.05,2.411380897816974,0.01,2.8151195866853773,2.8151195866853773,0.8827562928199768,0.8809877038002014,0.8898901343345642,0.8657051920890808
sub-cp036_ses-20211218_level-03B_run-005,sub-cp036,4,5000,42,51,50,2,0,3.0,0.05,2.501499513665493,0.01,2.3706863476265334,2.3706863476265334,0.8378834128379822,0.8236463069915771,0.8316278457641602,0.8358525633811951
sub-cp036_ses-20211218_level-03B_run-011,sub-cp036,4,5000,42,51,50,2,0,3.0,0.05,2.4516422747578965,0.01,2.565990292074264,2.565990292074264,0.8555811047554016,0.8440576195716858,0.8507658243179321,0.8473107218742371
sub-cp036_ses-20211218_level-04B_run-004,sub-cp036,4,5000,42,51,50,3,3,4.0,0.05,2.870845677511692,0.01,3.4232383003243667,3.4232383003243667,0.8482711911201477,0.8308290243148804,0.8481777310371399,0.8850527405738831
sub-cp036_ses-20211218_level-04B_run-006,sub-cp036,4,5000,42,51,50,3,3,4.0,0.05,2.8703370049973795,0.01,3.7339363641128602,3.7339363641128602,0.8422563672065735,0.825107991695404,0.8424287438392639,0.8790483474731445
sub-cp036_ses-20211218_level-04B_run-009,sub-cp036,4,5000,42,51,50,3,3,4.0,0.05,2.934354749971839,0.01,3.8291154402119503,3.8291154402119503,0.8337434530258179,0.818658709526062,0.8351290822029114,0.8775233626365662
sub-cp042_ses-20220111_level-01B_run-001,sub-cp042,4,5000,42,51,50,0,0,1.0,0.05,1.9484157400572106,0.01,0.9181244922985372,1.0,0.902057945728302,0.8926393389701843,0.8757554292678833,0.8032359480857849
sub-cp042_ses-20220111_level-01B_run-007,sub-cp042,4,5000,42,51,50,0,0,1.0,0.05,2.1998637631983335,0.01,1.2948696897684842,1.2948696897684842,0.8927268385887146,0.8821716904640198,0.8760796189308167,0.8514301180839539
sub-cp042_ses-20220111_level-01B_run-012,sub-cp042,4,5000,42,51,50,0,0,1.0,0.05,2.2297300817109464,0.01,1.6101202313797884,1.6101202313797884,0.7796261310577393,0.7493304014205933,0.7427619695663452,0.7503929138183594
sub-cp042_ses-20220111_level-02B_run-003,sub-cp042,4,5000,42,51,50,1,1,2.0,0.05,2.1484811738205476,0.01,1.8627534941012658,1.8627534941012658,0.8902667164802551,0.9076334834098816,0.8965035676956177,0.8128938674926758
sub-cp042_ses-20220111_level-02B_run-008,sub-cp042,4,5000,42,51,50,1,1,2.0,0.05,2.191874494639414,0.01,1.9360157446008954,1.9360157446008954,0.8951056599617004,0.9112641215324402,0.9005181193351746,0.8361808061599731
sub-cp042_ses-20220111_level-02B_run-010,sub-cp042,4,5000,42,51,50,1,1,2.0,0.05,2.282835351074388,0.01,1.8276820387722172,1.8276820387722172,0.8605230450630188,0.8788973093032837,0.8752745985984802,0.8176169395446777
sub-cp042_ses-20220111_level-03B_run-002,sub-cp042,4,5000,42,51,50,2,3,3.0,0.05,2.745353119429999,0.01,2.974760987209681,2.974760987209681,0.8606855869293213,0.862593412399292,0.8824175596237183,0.8870648145675659
sub-cp042_ses-20220111_level-03B_run-005,sub-cp042,4,5000,42,51,50,2,3,3.0,0.05,2.8314134846560943,0.01,3.012665031396457,3.012665031396457,0.8224506974220276,0.8330137133598328,0.8512845039367676,0.8616281151771545
sub-cp042_ses-20220111_level-03B_run-011,sub-cp042,4,5000,42,51,50,2,2,3.0,0.05,2.6583958991103094,0.01,2.765111109522789,2.765111109522789,0.8485854864120483,0.8588265180587769,0.8719948530197144,0.8665311932563782
sub-cp042_ses-20220111_level-04B_run-004,sub-cp042,4,5000,42,51,50,3,3,4.0,0.05,3.2404210061986083,0.01,4.090232452874347,4.0,0.8230088353157043,0.8218807578086853,0.8432932496070862,0.903690755367279
sub-cp042_ses-20220111_level-04B_run-006,sub-cp042,4,5000,42,51,50,3,3,4.0,0.05,3.1866711042488367,0.01,4.252215188592048,4.0,0.8121063113212585,0.8058387637138367,0.827170193195343,0.8848727345466614
sub-cp042_ses-20220111_level-04B_run-009,sub-cp042,4,5000,42,51,50,3,3,4.0,0.05,3.1092242089853377,0.01,3.7685632891510203,3.7685632891510203,0.7637545466423035,0.765335738658905,0.7849553227424622,0.8310341835021973
sub-cp003_ses-20210206_level-01B_run-001,sub-cp003,4,10000,42,51,50,0,0,1.0,0.05,2.032186131181507,0.01,0.4719705854090548,1.0,0.919049859046936,0.9029306769371033,0.8884802460670471,0.8534948229789734
sub-cp003_ses-20210206_level-01B_run-007,sub-cp003,4,10000,42,51,50,0,0,1.0,0.05,2.0358258641058837,0.01,1.0355099195610238,1.0355099195610238,0.9325358271598816,0.929958164691925,0.9121782183647156,0.8563684225082397
sub-cp003_ses-20210206_level-01B_run-012,sub-cp003,4,10000,42,51,50,0,0,1.0,0.05,1.987655807343604,0.01,0.7537500814942097,1.0,0.9292083978652954,0.9174911975860596,0.9004576206207275,0.8494493961334229
sub-cp003_ses-20210206_level-02B_run-003,sub-cp003,4,10000,42,51,50,1,1,2.0,0.05,2.1535028515891876,0.01,2.060346309326476,2.060346309326476,0.906086802482605,0.9304010272026062,0.9149218797683716,0.8287294507026672
sub-cp003_ses-20210206_level-02B_run-008,sub-cp003,4,10000,42,51,50,1,1,2.0,0.05,2.152554371742872,0.01,2.1910685930219893,2.1910685930219893,0.9073765873908997,0.9307363629341125,0.9142136573791504,0.833824634552002
sub-cp003_ses-20210206_level-02B_run-010,sub-cp003,4,10000,42,51,50,1,1,2.0,0.05,2.1511393412023745,0.01,2.139974672764008,2.139974672764008,0.911817729473114,0.932054340839386,0.9168167114257812,0.8399907946586609
sub-cp003_ses-20210206_level-03B_run-002,sub-cp003,4,10000,42,51,50,2,2,3.0,0.05,2.281429236438298,0.01,3.0115079174196238,3.0115079174196238,0.8984970450401306,0.9169776439666748,0.9203091263771057,0.8439407348632812
sub-cp003_ses-20210206_level-03B_run-005,sub-cp003,4,10000,42,51,50,2,2,3.0,0.05,2.3610777124866984,0.01,3.150989252177437,3.150989252177437,0.9001309871673584,0.9181488752365112,0.925128698348999,0.8658376932144165
sub-cp003_ses-20210206_level-03B_run-011,sub-cp003,4,10000,42,51,50,2,2,3.0,0.05,2.3845462656787926,0.01,2.855020447979368,2.855020447979368,0.9031684994697571,0.9213114976882935,0.9307971000671387,0.8720992803573608
sub-cp003_ses-20210206_level-04B_run-004,sub-cp003,4,10000,42,51,50,3,3,4.0,0.05,2.9548004581179663,0.01,3.8516140105627588,3.8516140105627588,0.8783507347106934,0.8755075335502625,0.8910914659500122,0.9275946021080017
sub-cp003_ses-20210206_level-04B_run-006,sub-cp003,4,10000,42,51,50,3,3,4.0,0.05,3.077844828137221,0.01,4.116860890828221,4.0,0.8600686192512512,0.859574019908905,0.8762109875679016,0.9230932593345642
sub-cp003_ses-20210206_level-04B_run-009,sub-cp003,4,10000,42,51,50,3,3,4.0,0.05,3.0961051120554606,0.01,3.8790658631425377,3.8790658631425377,0.852283775806427,0.849525511264801,0.8645795583724976,0.9163651466369629
sub-cp006_ses-20210324_level-01B_run-001,sub-cp006,4,10000,42,51,50,0,0,1.0,0.05,2.0210519517752816,0.01,1.4408418099398972,1.4408418099398972,0.8804994821548462,0.8767783641815186,0.8577002286911011,0.8030097484588623
sub-cp006_ses-20210324_level-01B_run-007,sub-cp006,4,10000,42,51,50,0,0,1.0,0.05,1.9825403416161858,0.01,1.0835136381454802,1.0835136381454802,0.9081569910049438,0.907699465751648,0.8871179223060608,0.8124048113822937
sub-cp006_ses-20210324_level-01B_run-012,sub-cp006,4,10000,42,51,50,0,1,1.0,0.05,2.020387634059586,0.01,0.9891982823311782,1.0,0.8964295983314514,0.8984867930412292,0.8802358508110046,0.807309627532959
sub-cp006_ses-20210324_level-02B_run-003,sub-cp006,4,10000,42,51,50,1,1,2.0,0.05,2.118616086720553,0.01,1.836759835345638,1.836759835345638,0.8714545965194702,0.8892767429351807,0.8745350241661072,0.7874538898468018
sub-cp006_ses-20210324_level-02B_run-008,sub-cp006,4,10000,42,51,50,1,1,2.0,0.05,2.1750872888763393,0.01,2.190721186424608,2.190721186424608,0.8967764377593994,0.9202450513839722,0.9060773849487305,0.8280348777770996
sub-cp006_ses-20210324_level-02B_run-010,sub-cp006,4,10000,42,51,50,1,1,2.0,0.05,2.108704596409628,0.01,1.797282796585501,1.797282796585501,0.884447455406189,0.9004362225532532,0.8824145197868347,0.8070922493934631
sub-cp006_ses-20210324_level-03B_run-002,sub-cp006,4,10000,42,51,50,2,2,3.0,0.05,2.303818818039104,0.01,2.9388298302020623,2.9388298302020623,0.881992518901825,0.9116926789283752,0.9134027361869812,0.8256171941757202
sub-cp006_ses-20210324_level-03B_run-005,sub-cp006,4,10000,42,51,50,2,2,3.0,0.05,2.3119772536965684,0.01,2.661569785835225,2.661569785835225,0.8908205628395081,0.9074374437332153,0.909964382648468,0.8494493961334229
sub-cp006_ses-20210324_level-03B_run-011,sub-cp006,4,10000,42,51,50,2,2,3.0,0.05,2.295569328907447,0.01,2.968795869206171,2.968795869206171,0.8728907108306885,0.8940350413322449,0.8975545167922974,0.8201085329055786
sub-cp006_ses-20210324_level-04B_run-004,sub-cp006,4,10000,42,51,50,3,3,4.0,0.05,3.031406800989891,0.01,4.243286215923607,4.0,0.8640572428703308,0.8701177835464478,0.8872936367988586,0.9245194792747498
sub-cp006_ses-20210324_level-04B_run-006,sub-cp006,4,10000,42,51,50,3,3,4.0,0.05,2.8956686400238887,0.01,3.7618909998269148,3.7618909998269148,0.8762751221656799,0.8767861723899841,0.8928322196006775,0.9201400876045227
sub-cp006_ses-20210324_level-04B_run-009,sub-cp006,4,10000,42,51,50,3,3,4.0,0.05,2.835235367579388,0.01,3.72589498476857,3.72589498476857,0.8772370219230652,0.8765267729759216,0.8907806277275085,0.9142655730247498
sub-cp012_ses-20210723_level-01B_run-001,sub-cp012,4,10000,42,51,50,0,1,1.0,0.05,2.065823490924993,0.01,1.2568011758923021,1.2568011758923021,0.9029598832130432,0.9154343605041504,0.8962651491165161,0.8150239586830139
sub-cp012_ses-20210723_level-01B_run-007,sub-cp012,4,10000,42,51,50,0,0,1.0,0.05,1.9430097394770722,0.01,1.324753758857419,1.324753758857419,0.9249514937400818,0.9201716780662537,0.8950001001358032,0.8304207921028137
sub-cp012_ses-20210723_level-01B_run-012,sub-cp012,4,10000,42,51,50,0,0,1.0,0.05,1.9613780740804965,0.01,1.122982837257034,1.122982837257034,0.9233771562576294,0.911003589630127,0.8883640170097351,0.8438611626625061
sub-cp012_ses-20210723_level-02B_run-003,sub-cp012,4,10000,42,51,50,1,1,2.0,0.05,2.226973577579355,0.01,2.047960315634735,2.047960315634735,0.8888858556747437,0.9192179441452026,0.9103806614875793,0.8208879232406616
sub-cp012_ses-20210723_level-02B_run-008,sub-cp012,4,10000,42,51,50,1,1,2.0,0.05,2.158151989167295,0.01,2.0986577994361513,2.0986577994361513,0.8983073830604553,0.9282026290893555,0.9114159345626831,0.8154958486557007
sub-cp012_ses-20210723_level-02B_run-010,sub-cp012,4,10000,42,51,50,1,1,2.0,0.05,2.1835250368765093,0.01,1.8745240883181045,1.8745240883181045,0.8936955332756042,0.9219350814819336,0.9092318415641785,0.817070484161377
sub-cp012_ses-20210723_level-03B_run-002,sub-cp012,4,10000,42,51,50,2,2,3.0,0.05,2.331869441466852,0.01,2.9031873047276266,2.9031873047276266,0.8754730224609375,0.9077518582344055,0.9132459759712219,0.8193185329437256
sub-cp012_ses-20210723_level-03B_run-005,sub-cp012,4,10000,42,51,50,2,2,3.0,0.05,2.330931732300614,0.01,3.0077820275276683,3.0077820275276683,0.8738309741020203,0.9071177840232849,0.9122512340545654,0.8166781663894653
sub-cp012_ses-20210723_level-03B_run-011,sub-cp012,4,10000,42,51,50,2,2,3.0,0.05,2.320984730545677,0.01,3.1097545406829186,3.1097545406829186,0.8897800445556641,0.9212145209312439,0.9253395795822144,0.833071768283844
sub-cp012_ses-20210723_level-04B_run-004,sub-cp012,4,10000,42,51,50,3,3,4.0,0.05,3.0819006168075544,0.01,4.079115690645404,4.0,0.8580390810966492,0.8649061322212219,0.8857393264770508,0.9244558811187744
sub-cp012_ses-20210723_level-04B_run-006,sub-cp012,4,10000,42,51,50,3,3,4.0,0.05,2.970115338848498,0.01,3.90249692352436,3.90249692352436,0.8742672204971313,0.8798596858978271,0.8985492587089539,0.9278331995010376
sub-cp012_ses-20210723_level-04B_run-009,sub-cp012,4,10000,42,51,50,3,3,4.0,0.05,2.8455598219749727,0.01,3.812288742069568,3.812288742069568,0.881645679473877,0.887518584728241,0.9032931923866272,0.9214338064193726
sub-cp018_ses-20210709_level-01B_run-001,sub-cp018,4,10000,42,51,50,0,1,1.0,0.05,2.0764927316906694,0.01,1.2625916348230728,1.2625916348230728,0.9096717238426208,0.9114280343055725,0.8986844420433044,0.8329179883003235
sub-cp018_ses-20210709_level-01B_run-007,sub-cp018,4,10000,42,51,50,0,1,1.0,0.05,2.167718706072863,0.01,1.220362702324582,1.220362702324582,0.9073739051818848,0.9091169834136963,0.9024254679679871,0.8505045175552368
sub-cp018_ses-20210709_level-01B_run-012,sub-cp018,4,10000,42,51,50,0,1,1.0,0.05,2.1026082522725194,0.01,0.902531948837954,1.0,0.9045179486274719,0.9052443504333496,0.894959568977356,0.8342593908309937
sub-cp018_ses-20210709_level-02B_run-003,sub-cp018,4,10000,42,51,50,1,1,2.0,0.05,2.1134400680794574,0.01,1.960142576275637,1.960142576275637,0.8815345764160156,0.898379385471344,0.882757842540741,0.7992401123046875
sub-cp018_ses-20210709_level-02B_run-008,sub-cp018,4,10000,42,51,50,1,1,2.0,0.05,2.154237269205166,0.01,1.8507573094736043,1.8507573094736043,0.8768793344497681,0.8998100161552429,0.8860664367675781,0.7981001734733582
sub-cp018_ses-20210709_level-02B_run-010,sub-cp018,4,10000,42,51,50,1,1,2.0,0.05,2.150132382034732,0.01,1.6926080348451937,1.6926080348451937,0.8943458199501038,0.9061404466629028,0.8956732153892517,0.8255695104598999
sub-cp018_ses-20210709_level-03B_run-002,sub-cp018,4,10000,42,51,50,2,2,3.0,0.05,2.3204602736672646,0.01,2.7773350099155496,2.7773350099155496,0.8981989622116089,0.912539005279541,0.9171465039253235,0.8582029342651367
sub-cp018_ses-20210709_level-03B_run-005,sub-cp018,4,10000,42,51,50,2,2,3.0,0.05,2.318603864492939,0.01,2.7905520086885165,2.7905520086885165,0.8783398866653442,0.9065151214599609,0.9110402464866638,0.824063777923584
sub-cp018_ses-20210709_level-03B_run-011,sub-cp018,4,10000,42,51,50,2,2,3.0,0.05,2.358940683916311,0.01,2.585326248161968,2.585326248161968,0.8750530481338501,0.8961888551712036,0.9045014381408691,0.8359984159469604
sub-cp018_ses-20210709_level-04B_run-004,sub-cp018,4,10000,42,51,50,3,3,4.0,0.05,3.0776665727661507,0.01,4.068087345435609,4.0,0.846387505531311,0.8506783843040466,0.8689531683921814,0.9112328886985779
sub-cp018_ses-20210709_level-04B_run-006,sub-cp018,4,10000,42,51,50,3,3,4.0,0.05,2.9358712547870276,0.01,3.9986511471013553,3.9986511471013553,0.8520182371139526,0.8541004061698914,0.8688721060752869,0.9007774591445923
sub-cp018_ses-20210709_level-04B_run-009,sub-cp018,4,10000,42,51,50,3,3,4.0,0.05,3.050843374213133,0.01,3.8898049368698135,3.8898049368698135,0.848595917224884,0.8499630689620972,0.8661014437675476,0.9094089865684509
sub-cp029_ses-20220119_level-01B_run-001,sub-cp029,4,10000,42,51,50,0,0,1.0,0.05,2.0630697437329264,0.01,1.0673275416696804,1.0673275416696804,0.8762507438659668,0.8612195253372192,0.8503316044807434,0.8134704828262329
sub-cp029_ses-20220119_level-01B_run-007,sub-cp029,4,10000,42,51,50,0,0,1.0,0.05,1.990894353193866,0.01,1.07976057438822,1.07976057438822,0.9250571727752686,0.9191524386405945,0.8977816104888916,0.844105064868927
sub-cp029_ses-20220119_level-01B_run-012,sub-cp029,4,10000,42,51,50,0,0,1.0,0.05,1.9884962413171998,0.01,1.4561028371992695,1.4561028371992695,0.9268726110458374,0.9177322387695312,0.8987492918968201,0.846432626247406
sub-cp029_ses-20220119_level-02B_run-003,sub-cp029,4,10000,42,51,50,1,1,2.0,0.05,2.107500469238509,0.01,1.8152512572381019,1.8152512572381019,0.8945897221565247,0.9065544605255127,0.889931857585907,0.8206068873405457
sub-cp029_ses-20220119_level-02B_run-008,sub-cp029,4,10000,42,51,50,1,1,2.0,0.05,2.028657977699146,0.01,1.9523764851960874,1.9523764851960874,0.9127309322357178,0.9267536401748657,0.9014875292778015,0.8170493245124817
sub-cp029_ses-20220119_level-02B_run-010,sub-cp029,4,10000,42,51,50,1,1,2.0,0.05,2.0502265297512383,0.01,1.8962721377303156,1.8962721377303156,0.8924247026443481,0.906703770160675,0.8851717114448547,0.7980895638465881
sub-cp029_ses-20220119_level-03B_run-002,sub-cp029,4,10000,42,51,50,2,2,3.0,0.05,2.2973446595203573,0.01,2.368695522130009,2.368695522130009,0.8808463215827942,0.8848957419395447,0.8880504965782166,0.8435907959938049
sub-cp029_ses-20220119_level-03B_run-005,sub-cp029,4,10000,42,51,50,2,2,3.0,0.05,2.258320380405979,0.01,3.0529351223208705,3.0529351223208705,0.8923109173774719,0.9087318181991577,0.9101860523223877,0.8352773189544678
sub-cp029_ses-20220119_level-03B_run-011,sub-cp029,4,10000,42,51,50,2,1,3.0,0.05,2.230145302874462,0.01,2.8978178134500228,2.8978178134500228,0.892413854598999,0.9140141606330872,0.9115538001060486,0.824578046798706
sub-cp029_ses-20220119_level-04B_run-004,sub-cp029,4,10000,42,51,50,3,3,4.0,0.05,3.20080793199892,0.01,4.225924657394954,4.0,0.8389142751693726,0.8442588448524475,0.8682449460029602,0.9181466102600098
sub-cp029_ses-20220119_level-04B_run-006,sub-cp029,4,10000,42,51,50,3,3,4.0,0.05,3.117679138568636,0.01,3.9460577413662,3.9460577413662,0.844357967376709,0.8440309166908264,0.8628685474395752,0.911784291267395
sub-cp029_ses-20220119_level-04B_run-009,sub-cp029,4,10000,42,51,50,3,3,4.0,0.05,3.2098279994577377,0.01,4.206878574114418,4.0,0.8176109194755554,0.8226735591888428,0.8468419313430786,0.8977553248405457
sub-cp036_ses-20211218_level-01B_run-001,sub-cp036,4,10000,42,51,50,0,0,1.0,0.05,2.1303396262924474,0.01,1.4429491642307588,1.4429491642307588,0.914592444896698,0.8957486748695374,0.8831686973571777,0.8693104386329651
sub-cp036_ses-20211218_level-01B_run-007,sub-cp036,4,10000,42,51,50,0,0,1.0,0.05,2.2917743828827746,0.01,1.8435123130795739,1.8435123130795739,0.8461626172065735,0.8263287544250488,0.8211382627487183,0.822239875793457
sub-cp036_ses-20211218_level-01B_run-012,sub-cp036,4,10000,42,51,50,0,0,1.0,0.05,2.1735505730826934,0.01,1.5168577264473675,1.5168577264473675,0.8408733606338501,0.8179336190223694,0.8075687885284424,0.8031370043754578
sub-cp036_ses-20211218_level-02B_run-003,sub-cp036,4,10000,42,51,50,1,0,2.0,0.05,2.1679346230421124,0.01,1.5390672855094798,1.5390672855094798,0.8848512172698975,0.8718051910400391,0.8660635948181152,0.8385592699050903
sub-cp036_ses-20211218_level-02B_run-008,sub-cp036,4,10000,42,51,50,1,0,2.0,0.05,2.357630305764987,0.01,2.100171203501133,2.100171203501133,0.852990984916687,0.8380463719367981,0.8348591327667236,0.8362846970558167
sub-cp036_ses-20211218_level-02B_run-010,sub-cp036,4,10000,42,51,50,1,0,2.0,0.05,2.3537693099798735,0.01,1.846434558856076,1.846434558856076,0.8537821769714355,0.8389948606491089,0.8311126828193665,0.8382358551025391
sub-cp036_ses-20211218_level-03B_run-002,sub-cp036,4,10000,42,51,50,2,2,3.0,0.05,2.414193610393336,0.01,2.7332528227480246,2.7332528227480246,0.8843309283256531,0.8822650909423828,0.8920564651489258,0.8672957420349121
sub-cp036_ses-20211218_level-03B_run-005,sub-cp036,4,10000,42,51,50,2,3,3.0,0.05,2.5240735462361923,0.01,2.604092368254056,2.604092368254056,0.8330126404762268,0.8196707963943481,0.8279851675033569,0.8336549401283264
sub-cp036_ses-20211218_level-03B_run-011,sub-cp036,4,10000,42,51,50,2,0,3.0,0.05,2.5052455220477494,0.01,2.7885532601922773,2.7885532601922773,0.8494603037834167,0.8379022479057312,0.8464094400405884,0.8476202487945557
sub-cp036_ses-20211218_level-04B_run-004,sub-cp036,4,10000,42,51,50,3,3,4.0,0.05,2.8481926019908004,0.01,3.1981495206930255,3.1981495206930255,0.8484929203987122,0.8307411670684814,0.8466932773590088,0.8829947710037231
sub-cp036_ses-20211218_level-04B_run-006,sub-cp036,4,10000,42,51,50,3,3,4.0,0.05,2.816785839208249,0.01,3.8232333625927906,3.8232333625927906,0.8433445692062378,0.8268894553184509,0.8420060873031616,0.8749464154243469
sub-cp036_ses-20211218_level-04B_run-009,sub-cp036,4,10000,42,51,50,3,3,4.0,0.05,2.918363714522746,0.01,3.729947900584085,3.729947900584085,0.8326901793479919,0.8188349604606628,0.8355781435966492,0.8751372694969177
sub-cp042_ses-20220111_level-01B_run-001,sub-cp042,4,10000,42,51,50,0,0,1.0,0.05,1.940564388357955,0.01,0.7992742659965615,1.0,0.9025886654853821,0.8931284546852112,0.873518705368042,0.8061060905456543
sub-cp042_ses-20220111_level-01B_run-007,sub-cp042,4,10000,42,51,50,0,0,1.0,0.05,2.204903962194334,0.01,1.32592127756631,1.32592127756631,0.8939881920814514,0.8839577436447144,0.8776652216911316,0.8535106778144836
sub-cp042_ses-20220111_level-01B_run-012,sub-cp042,4,10000,42,51,50,0,0,1.0,0.05,2.245051489803615,0.01,1.6403289340651743,1.6403289340651743,0.7819869518280029,0.7527793645858765,0.7469385266304016,0.7542213797569275
sub-cp042_ses-20220111_level-02B_run-003,sub-cp042,4,10000,42,51,50,1,1,2.0,0.05,2.1542523993797986,0.01,2.0930290974033925,2.0930290974033925,0.8834042549133301,0.899935781955719,0.8885370492935181,0.8107665181159973
sub-cp042_ses-20220111_level-02B_run-008,sub-cp042,4,10000,42,51,50,1,1,2.0,0.05,2.210100712222801,0.01,1.867090169944941,1.867090169944941,0.8937903642654419,0.910649836063385,0.9000981450080872,0.8398317098617554
sub-cp042_ses-20220111_level-02B_run-010,sub-cp042,4,10000,42,51,50,1,1,2.0,0.05,2.298143654713343,0.01,1.9505409760133614,1.9505409760133614,0.8663631677627563,0.8846310973167419,0.8809981346130371,0.8278174996376038
sub-cp042_ses-20220111_level-03B_run-002,sub-cp042,4,10000,42,51,50,2,3,3.0,0.05,2.7321993386393286,0.01,3.0362068928466623,3.0362068928466623,0.8632931113243103,0.865658164024353,0.8840607404708862,0.8883868455886841
sub-cp042_ses-20220111_level-03B_run-005,sub-cp042,4,10000,42,51,50,2,3,3.0,0.05,2.847714936515061,0.01,3.04488178804778,3.04488178804778,0.8232009410858154,0.8326696753501892,0.8518021106719971,0.8639342784881592
sub-cp042_ses-20220111_level-03B_run-011,sub-cp042,4,10000,42,51,50,2,2,3.0,0.05,2.6510399133879936,0.01,2.7814325685589045,2.7814325685589045,0.8519341945648193,0.8613243103027344,0.873724102973938,0.8689817190170288
sub-cp042_ses-20220111_level-04B_run-004,sub-cp042,4,10000,42,51,50,3,3,4.0,0.05,3.213851499525184,0.01,3.8821513339623492,3.8821513339623492,0.8195293545722961,0.8174750804901123,0.8379920125007629,0.8968169093132019
sub-cp042_ses-20220111_level-04B_run-006,sub-cp042,4,10000,42,51,50,3,3,4.0,0.05,3.1980493460935557,0.01,4.104890457629385,4.0,0.8064579367637634,0.8003178834915161,0.8209625482559204,0.8804498314857483
sub-cp042_ses-20220111_level-04B_run-009,sub-cp042,4,10000,42,51,50,3,3,4.0,0.05,3.0499103247117274,0.01,3.668699369640039,3.668699369640039,0.7705522179603577,0.7713357210159302,0.7893716096878052,0.8310994505882263
sub-cp003_ses-20210206_level-01B_run-001,sub-cp003,4,1000,43,51,50,0,0,1.0,0.05,2.0472302764500205,0.1,0.9403302156818845,1.0,0.9212623834609985,0.91204833984375,0.8984329104423523,0.8514118790626526
sub-cp003_ses-20210206_level-01B_run-007,sub-cp003,4,1000,43,51,50,0,0,1.0,0.05,2.0395650768767117,0.1,0.9670580109456606,1.0,0.9328776001930237,0.9327779412269592,0.9167101383209229,0.8513590097427368
sub-cp003_ses-20210206_level-01B_run-012,sub-cp003,4,1000,43,51,50,0,0,1.0,0.05,1.994876236268198,0.1,0.8106998683867319,1.0,0.9369375705718994,0.9267253279685974,0.9124364852905273,0.853103756904602
sub-cp003_ses-20210206_level-02B_run-003,sub-cp003,4,1000,43,51,50,1,1,2.0,0.05,2.1453317126779674,0.1,2.017993322611367,2.017993322611367,0.9160462617874146,0.9341287016868591,0.922892153263092,0.8359735012054443
sub-cp003_ses-20210206_level-02B_run-008,sub-cp003,4,1000,43,51,50,1,1,2.0,0.05,2.1636979550394067,0.1,1.9867202610297485,1.9867202610297485,0.9276077151298523,0.9431167244911194,0.934933602809906,0.8536853790283203
sub-cp003_ses-20210206_level-02B_run-010,sub-cp003,4,1000,43,51,50,1,1,2.0,0.05,2.201041784728879,0.1,1.902853414789673,1.902853414789673,0.9135994911193848,0.9314531087875366,0.9267894625663757,0.844115674495697
sub-cp003_ses-20210206_level-03B_run-002,sub-cp003,4,1000,43,51,50,2,2,3.0,0.05,2.2513028941805757,0.1,2.578598893261545,2.578598893261545,0.9202675223350525,0.9317128658294678,0.9319500923156738,0.8685421943664551
sub-cp003_ses-20210206_level-03B_run-005,sub-cp003,4,1000,43,51,50,2,2,3.0,0.05,2.323439328654838,0.1,2.8336830293594906,2.8336830293594906,0.9170410633087158,0.9302061796188354,0.9347454309463501,0.8787992000579834
sub-cp003_ses-20210206_level-03B_run-011,sub-cp003,4,1000,43,51,50,2,2,3.0,0.05,2.37894172649537,0.1,2.8803268908234063,2.8803268908234063,0.905667781829834,0.9181269407272339,0.9283753037452698,0.875521183013916
sub-cp003_ses-20210206_level-04B_run-004,sub-cp003,4,1000,43,51,50,3,3,4.0,0.05,2.8840286968175857,0.1,3.7420373354632517,3.7420373354632517,0.8838354349136353,0.8850324153900146,0.8979490995407104,0.9268062710762024
sub-cp003_ses-20210206_level-04B_run-006,sub-cp003,4,1000,43,51,50,3,3,4.0,0.05,2.9696085589388925,0.1,3.866976916365993,3.866976916365993,0.8674880266189575,0.8701216578483582,0.8825209736824036,0.9200916290283203
sub-cp003_ses-20210206_level-04B_run-009,sub-cp003,4,1000,43,51,50,3,3,4.0,0.05,3.088253385650055,0.1,3.590216858469298,3.590216858469298,0.8543401956558228,0.8553927540779114,0.8719040751457214,0.9190341830253601
sub-cp006_ses-20210324_level-01B_run-001,sub-cp006,4,1000,43,51,50,0,1,1.0,0.05,2.0560323072640667,0.1,1.7545075582044523,1.7545075582044523,0.8944827318191528,0.8946438431739807,0.8787042498588562,0.8183144927024841
sub-cp006_ses-20210324_level-01B_run-007,sub-cp006,4,1000,43,51,50,0,1,1.0,0.05,2.0197844860365244,0.1,1.4129027466240311,1.4129027466240311,0.9112871885299683,0.9154513478279114,0.896202027797699,0.8195834159851074
sub-cp006_ses-20210324_level-01B_run-012,sub-cp006,4,1000,43,51,50,0,1,1.0,0.05,2.087273449817466,0.1,1.7060543990995973,1.7060543990995973,0.8998332619667053,0.9053723216056824,0.8945893049240112,0.8167283535003662
sub-cp006_ses-20210324_level-02B_run-003,sub-cp006,4,1000,43,51,50,1,1,2.0,0.05,2.1367430147859334,0.1,1.828432450696353,1.828432450696353,0.8774362802505493,0.8923059105873108,0.8820909261703491,0.7970602512359619
sub-cp006_ses-20210324_level-02B_run-008,sub-cp006,4,1000,43,51,50,1,1,2.0,0.05,2.1404315963073803,0.1,1.7289724764952241,1.7289724764952241,0.9197028875350952,0.9358951449394226,0.922623336315155,0.8457018136978149
sub-cp006_ses-20210324_level-02B_run-010,sub-cp006,4,1000,43,51,50,1,1,2.0,0.05,2.1111836040928544,0.1,1.4328204576187735,1.4328204576187735,0.8980855941772461,0.9139706492424011,0.8998305797576904,0.8128687739372253
sub-cp006_ses-20210324_level-03B_run-002,sub-cp006,4,1000,43,51,50,2,2,3.0,0.05,2.327462010669879,0.1,3.077049578705207,3.077049578705207,0.8940256237983704,0.9240756630897522,0.9282408952713013,0.8420537114143372
sub-cp006_ses-20210324_level-03B_run-005,sub-cp006,4,1000,43,51,50,2,2,3.0,0.05,2.3207652409093806,0.1,2.679394645125322,2.679394645125322,0.8845075964927673,0.9012160301208496,0.9081359505653381,0.8392515182495117
sub-cp006_ses-20210324_level-03B_run-011,sub-cp006,4,1000,43,51,50,2,2,3.0,0.05,2.2661066934964764,0.1,2.4839224022903372,2.4839224022903372,0.8834858536720276,0.9032941460609436,0.9051793813705444,0.8241303563117981
sub-cp006_ses-20210324_level-04B_run-004,sub-cp006,4,1000,43,51,50,3,3,4.0,0.05,2.9442488625605154,0.1,4.195194892805885,4.0,0.873860239982605,0.8795512914657593,0.8945893049240112,0.9246914386749268
sub-cp006_ses-20210324_level-04B_run-006,sub-cp006,4,1000,43,51,50,3,3,4.0,0.05,2.831534331219882,0.1,3.481662403982619,3.481662403982619,0.879237711429596,0.8815774917602539,0.8949655890464783,0.9167078733444214
sub-cp006_ses-20210324_level-04B_run-009,sub-cp006,4,1000,43,51,50,3,3,4.0,0.05,2.767228755974234,0.1,3.481690582235478,3.481690582235478,0.8878684639930725,0.8812917470932007,0.8932185173034668,0.9163906574249268
sub-cp012_ses-20210723_level-01B_run-001,sub-cp012,4,1000,43,51,50,0,1,1.0,0.05,2.063439107840584,0.1,1.4636961669346977,1.4636961669346977,0.9133037328720093,0.9229066967964172,0.9059588313102722,0.825082004070282
sub-cp012_ses-20210723_level-01B_run-007,sub-cp012,4,1000,43,51,50,0,1,1.0,0.05,1.9994048588694753,0.1,1.5103668832336348,1.5103668832336348,0.9266666769981384,0.9271928668022156,0.9066307544708252,0.8363435864448547
sub-cp012_ses-20210723_level-01B_run-012,sub-cp012,4,1000,43,51,50,0,0,1.0,0.05,2.025404889205235,0.1,1.5596042271908406,1.5596042271908406,0.9180628061294556,0.9110872149467468,0.8923315405845642,0.8457546830177307
sub-cp012_ses-20210723_level-02B_run-003,sub-cp012,4,1000,43,51,50,1,1,2.0,0.05,2.209368335980755,0.1,2.277354833515416,2.277354833515416,0.8988115787506104,0.9213740825653076,0.9158231616020203,0.8271440267562866
sub-cp012_ses-20210723_level-02B_run-008,sub-cp012,4,1000,43,51,50,1,1,2.0,0.05,2.1514613356544263,0.1,2.203940621554285,2.203940621554285,0.9110721349716187,0.9329078197479248,0.9198011159896851,0.8313736915588379
sub-cp012_ses-20210723_level-02B_run-010,sub-cp012,4,1000,43,51,50,1,1,2.0,0.05,2.1428854088067197,0.1,2.2754199982082564,2.2754199982082564,0.9083027243614197,0.9313751459121704,0.9177852869033813,0.8224384784698486
sub-cp012_ses-20210723_level-03B_run-002,sub-cp012,4,1000,43,51,50,2,1,3.0,0.05,2.25789464751862,0.1,2.8159982691403043,2.8159982691403043,0.8881911039352417,0.9134511351585388,0.9127858877182007,0.8228614330291748
sub-cp012_ses-20210723_level-03B_run-005,sub-cp012,4,1000,43,51,50,2,2,3.0,0.05,2.2809078574168002,0.1,2.547064911074428,2.547064911074428,0.8879491686820984,0.9190881252288818,0.9195323586463928,0.8211695551872253
sub-cp012_ses-20210723_level-03B_run-011,sub-cp012,4,1000,43,51,50,2,2,3.0,0.05,2.3052237735367687,0.1,3.0375903649176594,3.0375903649176594,0.8987039923667908,0.9259979724884033,0.929853618144989,0.84120774269104
sub-cp012_ses-20210723_level-04B_run-004,sub-cp012,4,1000,43,51,50,3,3,4.0,0.05,2.9498311472309324,0.1,3.9279840733423876,3.9279840733423876,0.8691281080245972,0.8758625388145447,0.8923853039741516,0.9208847284317017
sub-cp012_ses-20210723_level-04B_run-006,sub-cp012,4,1000,43,51,50,3,3,4.0,0.05,2.773260097156019,0.1,3.4391993887170043,3.4391993887170043,0.8810391426086426,0.8862273693084717,0.8998843431472778,0.9124782085418701
sub-cp012_ses-20210723_level-04B_run-009,sub-cp012,4,1000,43,51,50,3,3,4.0,0.05,2.620445344593337,0.1,3.22561675356776,3.22561675356776,0.886470377445221,0.8854480385780334,0.893756091594696,0.8994718790054321
sub-cp018_ses-20210709_level-01B_run-001,sub-cp018,4,1000,43,51,50,0,1,1.0,0.05,2.1547674720331953,0.1,1.8425069888349066,1.8425069888349066,0.9120938181877136,0.9195037484169006,0.9125440120697021,0.8449087142944336
sub-cp018_ses-20210709_level-01B_run-007,sub-cp018,4,1000,43,51,50,0,1,1.0,0.05,2.1190043145957103,0.1,1.2560364243960902,1.2560364243960902,0.9131962060928345,0.9188023805618286,0.9093455076217651,0.8401503562927246
sub-cp018_ses-20210709_level-01B_run-012,sub-cp018,4,1000,43,51,50,0,1,1.0,0.05,2.0902236652831454,0.1,0.9724330269330306,1.0,0.905667781829834,0.9100741147994995,0.8996155858039856,0.8252935409545898
sub-cp018_ses-20210709_level-02B_run-003,sub-cp018,4,1000,43,51,50,1,1,2.0,0.05,2.1403166459620575,0.1,1.7995457337405196,1.7995457337405196,0.8950742483139038,0.910178005695343,0.9011744856834412,0.8128159046173096
sub-cp018_ses-20210709_level-02B_run-008,sub-cp018,4,1000,43,51,50,1,1,2.0,0.05,2.207116062501873,0.1,1.9640088792947468,1.9640088792947468,0.8788612484931946,0.901267945766449,0.8967933654785156,0.8034048080444336
sub-cp018_ses-20210709_level-02B_run-010,sub-cp018,4,1000,43,51,50,1,1,2.0,0.05,2.2195691818760452,0.1,1.8920676210454086,1.8920676210454086,0.9034630656242371,0.9174515604972839,0.9152049422264099,0.8422123193740845
sub-cp018_ses-20210709_level-03B_run-002,sub-cp018,4,1000,43,51,50,2,2,3.0,0.05,2.312205595582764,0.1,2.80632427093036,2.80632427093036,0.9167990684509277,0.928933322429657,0.9335896968841553,0.8761027455329895
sub-cp018_ses-20210709_level-03B_run-005,sub-cp018,4,1000,43,51,50,2,2,3.0,0.05,2.277091241512186,0.1,2.6661216201640685,2.6661216201640685,0.8828943371772766,0.9049566984176636,0.9083510041236877,0.8215396404266357
sub-cp018_ses-20210709_level-03B_run-011,sub-cp018,4,1000,43,51,50,2,2,3.0,0.05,2.332200916312044,0.1,2.806550262066532,2.806550262066532,0.876871645450592,0.896124541759491,0.9037279486656189,0.8318495750427246
sub-cp018_ses-20210709_level-04B_run-004,sub-cp018,4,1000,43,51,50,3,3,4.0,0.05,2.9763662165228597,0.1,4.470377101579967,4.0,0.8566255569458008,0.8640950322151184,0.8841336965560913,0.9115265011787415
sub-cp018_ses-20210709_level-04B_run-006,sub-cp018,4,1000,43,51,50,3,3,4.0,0.05,2.9511514875324374,0.1,4.239061273705581,4.0,0.8563836216926575,0.8571072816848755,0.8745918869972229,0.9062922596931458
sub-cp018_ses-20210709_level-04B_run-009,sub-cp018,4,1000,43,51,50,3,3,4.0,0.05,3.0148292877122587,0.1,4.187547569395097,4.0,0.8653638958930969,0.8677058219909668,0.884536862373352,0.9226823449134827
sub-cp029_ses-20220119_level-01B_run-001,sub-cp029,4,1000,43,51,50,0,0,1.0,0.05,2.041917117543309,0.1,1.2302717884573422,1.2302717884573422,0.8904496431350708,0.8753170371055603,0.8652113676071167,0.8216453790664673
sub-cp029_ses-20220119_level-01B_run-007,sub-cp029,4,1000,43,51,50,0,0,1.0,0.05,2.026134658234919,0.1,1.1517752351097426,1.1517752351097426,0.9313450455665588,0.9307776689529419,0.9103937149047852,0.8529451489448547
sub-cp029_ses-20220119_level-01B_run-012,sub-cp029,4,1000,43,51,50,0,0,1.0,0.05,2.000362197482701,0.1,1.663721041777163,1.663721041777163,0.9377442002296448,0.9306737780570984,0.9138341546058655,0.8548485636711121
sub-cp029_ses-20220119_level-02B_run-003,sub-cp029,4,1000,43,51,50,1,1,2.0,0.05,2.134392797899807,0.1,1.6447101977239353,1.6447101977239353,0.8926006555557251,0.9073725342750549,0.8929497599601746,0.8207466006278992
sub-cp029_ses-20220119_level-02B_run-008,sub-cp029,4,1000,43,51,50,1,1,2.0,0.05,2.078103258008357,0.1,2.0795853407790017,2.0795853407790017,0.9183316826820374,0.9371680021286011,0.917543351650238,0.822808563709259
sub-cp029_ses-20220119_level-02B_run-010,sub-cp029,4,1000,43,51,50,1,1,2.0,0.05,2.1078591409251652,0.1,1.8853317038820219,1.8853317038820219,0.8984082341194153,0.9137628078460693,0.9004756808280945,0.810278058052063
sub-cp029_ses-20220119_level-03B_run-002,sub-cp029,4,1000,43,51,50,2,2,3.0,0.05,2.3459297895807687,0.1,2.7600080794480086,2.7600080794480086,0.8788343667984009,0.8833698630332947,0.8863914608955383,0.8518348932266235
sub-cp029_ses-20220119_level-03B_run-005,sub-cp029,4,1000,43,51,50,2,2,3.0,0.05,2.206668825291873,0.1,2.562583027635714,2.562583027635714,0.9020111560821533,0.9122042059898376,0.9125171303749084,0.8362378478050232
sub-cp029_ses-20220119_level-03B_run-011,sub-cp029,4,1000,43,51,50,2,1,3.0,0.05,2.2116222211108543,0.1,2.3179878557329774,2.3179878557329774,0.9040814638137817,0.9291671514511108,0.9234565496444702,0.8291531205177307
sub-cp029_ses-20220119_level-04B_run-004,sub-cp029,4,1000,43,51,50,3,3,4.0,0.05,3.303443959102882,0.1,4.564329567426668,4.0,0.8322120308876038,0.836559534072876,0.860373318195343,0.9227352142333984
sub-cp029_ses-20220119_level-04B_run-006,sub-cp029,4,1000,43,51,50,3,3,4.0,0.05,3.0989666861965435,0.1,3.967717354584231,3.967717354584231,0.8532109260559082,0.8500415682792664,0.8691087365150452,0.9176067113876343
sub-cp029_ses-20220119_level-04B_run-009,sub-cp029,4,1000,43,51,50,3,3,4.0,0.05,3.174841836768505,0.1,4.150883346555489,4.0,0.8262699246406555,0.8255193829536438,0.8471760749816895,0.8998948335647583
sub-cp036_ses-20211218_level-01B_run-001,sub-cp036,4,1000,43,51,50,0,0,1.0,0.05,2.1864184383070002,0.1,1.9644252423772792,1.9644252423772792,0.9142985939979553,0.9005405902862549,0.8901275396347046,0.8749924898147583
sub-cp036_ses-20211218_level-01B_run-007,sub-cp036,4,1000,43,51,50,0,0,1.0,0.05,2.330052866611716,0.1,1.8869687160766098,1.8869687160766098,0.8320775628089905,0.8202200531959534,0.8159435391426086,0.8114412426948547
sub-cp036_ses-20211218_level-01B_run-012,sub-cp036,4,1000,43,51,50,0,0,1.0,0.05,2.1431681100201896,0.1,1.7177646374087832,1.7177646374087832,0.8437734842300415,0.8292340636253357,0.8181206583976746,0.7975890040397644
sub-cp036_ses-20211218_level-02B_run-003,sub-cp036,4,1000,43,51,50,1,0,2.0,0.05,2.1792939485025657,0.1,1.6308465697367336,1.6308465697367336,0.8874382972717285,0.8699138760566711,0.8615559339523315,0.8473408222198486
sub-cp036_ses-20211218_level-02B_run-008,sub-cp036,4,1000,43,51,50,1,0,2.0,0.05,2.311324401342755,0.1,2.011889022742301,2.011889022742301,0.8627827167510986,0.8463008999824524,0.8433593511581421,0.839885950088501
sub-cp036_ses-20211218_level-02B_run-010,sub-cp036,4,1000,43,51,50,1,0,2.0,0.05,2.307256233144863,0.1,1.660713882059609,1.660713882059609,0.8552543520927429,0.8408976793289185,0.8343819975852966,0.8328540921211243
sub-cp036_ses-20211218_level-03B_run-002,sub-cp036,4,1000,43,51,50,2,2,3.0,0.05,2.523413729238043,0.1,3.202882012169696,3.202882012169696,0.8719781637191772,0.8691085577011108,0.8810964226722717,0.8709213733673096
sub-cp036_ses-20211218_level-03B_run-005,sub-cp036,4,1000,43,51,50,2,0,3.0,0.05,2.4692798861891863,0.1,2.2167747686015487,2.2167747686015487,0.8377507925033569,0.8266363739967346,0.8277968168258667,0.8336471915245056
sub-cp036_ses-20211218_level-03B_run-011,sub-cp036,4,1000,43,51,50,2,0,3.0,0.05,2.355020275965168,0.1,2.2918659562180013,2.2918659562180013,0.8528075814247131,0.8349489569664001,0.8343551158905029,0.8352333307266235
sub-cp036_ses-20211218_level-04B_run-004,sub-cp036,4,1000,43,51,50,3,3,4.0,0.05,2.959927349490668,0.1,3.9575128138483837,3.9575128138483837,0.8319700360298157,0.8112320899963379,0.8278236985206604,0.8769487142562866
sub-cp036_ses-20211218_level-04B_run-006,sub-cp036,4,1000,43,51,50,3,3,4.0,0.05,2.906047532163409,0.1,3.5985441267685343,3.5985441267685343,0.8389875888824463,0.8214409947395325,0.836881697177887,0.8793807625770569
sub-cp036_ses-20211218_level-04B_run-009,sub-cp036,4,1000,43,51,50,3,3,4.0,0.05,2.7891986116540624,0.1,3.5256295386347385,3.5256295386347385,0.8307332396507263,0.8176743388175964,0.832177996635437,0.8601356744766235
sub-cp042_ses-20220111_level-01B_run-001,sub-cp042,4,1000,43,51,50,0,1,1.0,0.05,1.9919638219089844,0.1,1.2153150199403178,1.2153150199403178,0.9051031470298767,0.9060477018356323,0.8867408633232117,0.8075816631317139
sub-cp042_ses-20220111_level-01B_run-007,sub-cp042,4,1000,43,51,50,0,0,1.0,0.05,2.260324349710481,0.1,1.488497191151494,1.488497191151494,0.8873307108879089,0.875992476940155,0.8704795241355896,0.8565404415130615
sub-cp042_ses-20220111_level-01B_run-012,sub-cp042,4,1000,43,51,50,0,0,1.0,0.05,2.415342040893628,0.1,1.3965216768915563,1.3965216768915563,0.7849174737930298,0.7626553177833557,0.7656811475753784,0.7743785381317139
sub-cp042_ses-20220111_level-02B_run-003,sub-cp042,4,1000,43,51,50,1,1,2.0,0.05,2.1909956921707656,0.1,2.1876340709198243,2.1876340709198243,0.8930845856666565,0.9118924736976624,0.9034322500228882,0.8261394500732422
sub-cp042_ses-20220111_level-02B_run-008,sub-cp042,4,1000,43,51,50,1,1,2.0,0.05,2.2725549746589384,0.1,2.301068929509574,2.301068929509574,0.8969025611877441,0.9202051162719727,0.9164413809776306,0.8466006517410278
sub-cp042_ses-20220111_level-02B_run-010,sub-cp042,4,1000,43,51,50,1,2,2.0,0.05,2.3364827803556127,0.1,2.164232326466299,2.164232326466299,0.8710102438926697,0.889318585395813,0.8893212080001831,0.8382998108863831
sub-cp042_ses-20220111_level-03B_run-002,sub-cp042,4,1000,43,51,50,2,3,3.0,0.05,2.833488886322204,0.1,3.2943916839596037,3.2943916839596037,0.8462740182876587,0.8515481948852539,0.8745381236076355,0.8837162256240845
sub-cp042_ses-20220111_level-03B_run-005,sub-cp042,4,1000,43,51,50,2,3,3.0,0.05,2.8355295721308,0.1,3.055225840708939,3.055225840708939,0.8325077891349792,0.8392351865768433,0.8563146591186523,0.8712385892868042
sub-cp042_ses-20220111_level-03B_run-011,sub-cp042,4,1000,43,51,50,2,2,3.0,0.05,2.5010036621913954,0.1,3.2256134125939173,3.2256134125939173,0.8584539294242859,0.8680435419082642,0.875048816204071,0.8554829955101013
sub-cp042_ses-20220111_level-04B_run-004,sub-cp042,4,1000,43,51,50,3,3,4.0,0.05,3.286674487817969,0.1,3.9682654990644,3.9682654990644,0.830168604850769,0.8282988667488098,0.8473104238510132,0.9154918193817139
sub-cp042_ses-20220111_level-04B_run-006,sub-cp042,4,1000,43,51,50,3,3,4.0,0.05,3.2631486578092126,0.1,3.9580290043755246,3.9580290043755246,0.7939515709877014,0.7931521534919739,0.8156209588050842,0.8774245381355286
sub-cp042_ses-20220111_level-04B_run-009,sub-cp042,4,1000,43,51,50,3,3,4.0,0.05,3.1579442734148824,0.1,3.914894357526732,3.914894357526732,0.7566321492195129,0.7549142241477966,0.7750347852706909,0.8279370665550232
sub-cp003_ses-20210206_level-01B_run-001,sub-cp003,4,2000,43,51,50,0,0,1.0,0.05,2.042233071877395,0.1,0.7545138941649383,1.0,0.9183509945869446,0.9096404910087585,0.8948875665664673,0.8479235172271729
sub-cp003_ses-20210206_level-01B_run-007,sub-cp003,4,2000,43,51,50,0,1,1.0,0.05,2.0537943757292645,0.1,1.1801979036966797,1.1801979036966797,0.933633029460907,0.9340823888778687,0.916390061378479,0.8590459227561951
sub-cp003_ses-20210206_level-01B_run-012,sub-cp003,4,2000,43,51,50,0,0,1.0,0.05,1.984004829691527,0.1,0.8090957454151475,1.0,0.9365439414978027,0.9268124103546143,0.9084411263465881,0.8546234369277954
sub-cp003_ses-20210206_level-02B_run-003,sub-cp003,4,2000,43,51,50,1,1,2.0,0.05,2.1665623387227937,0.1,2.0727595043927787,2.0727595043927787,0.9143350720405579,0.9348641633987427,0.92293781042099,0.841567873954773
sub-cp003_ses-20210206_level-02B_run-008,sub-cp003,4,2000,43,51,50,1,1,2.0,0.05,2.179033331696664,0.1,1.9787683776135458,1.9787683776135458,0.9158309698104858,0.935789167881012,0.9248913526535034,0.8472350239753723
sub-cp003_ses-20210206_level-02B_run-010,sub-cp003,4,2000,43,51,50,1,1,2.0,0.05,2.1823354382200373,0.1,1.83927094837351,1.83927094837351,0.9132570028305054,0.9311379194259644,0.9220755696296692,0.8453812599182129
sub-cp003_ses-20210206_level-03B_run-002,sub-cp003,4,2000,43,51,50,2,2,3.0,0.05,2.285168843684488,0.1,2.709378316225725,2.709378316225725,0.911626398563385,0.9264866709709167,0.9287176132202148,0.8641039729118347
sub-cp003_ses-20210206_level-03B_run-005,sub-cp003,4,2000,43,51,50,2,2,3.0,0.05,2.369177626798938,0.1,3.0614952397211996,3.0614952397211996,0.909011960029602,0.9249492883682251,0.9334331154823303,0.876365065574646
sub-cp003_ses-20210206_level-03B_run-011,sub-cp003,4,2000,43,51,50,2,2,3.0,0.05,2.3938133406603894,0.1,3.0429381173625787,3.0429381173625787,0.9048073887825012,0.9205194711685181,0.9314930438995361,0.8758089542388916
sub-cp003_ses-20210206_level-04B_run-004,sub-cp003,4,2000,43,51,50,3,3,4.0,0.05,2.8714410882772023,0.1,3.6115808648291776,3.6115808648291776,0.8765612244606018,0.876221776008606,0.8876526951789856,0.9178357124328613
sub-cp003_ses-20210206_level-04B_run-006,sub-cp003,4,2000,43,51,50,3,3,4.0,0.05,3.021037476685417,0.1,3.7026410269021666,3.7026410269021666,0.8576810359954834,0.8584896922111511,0.8729000091552734,0.9151080846786499
sub-cp003_ses-20210206_level-04B_run-009,sub-cp003,4,2000,43,51,50,3,3,4.0,0.05,3.0990506689154205,0.1,3.464330032089841,3.464330032089841,0.8474121689796448,0.8470764756202698,0.8638463020324707,0.9127511978149414
sub-cp006_ses-20210324_level-01B_run-001,sub-cp006,4,2000,43,51,50,0,0,1.0,0.05,2.046397010034419,0.1,1.2638490785172616,1.2638490785172616,0.8862640857696533,0.8856024742126465,0.8669315576553345,0.8122259378433228
sub-cp006_ses-20210324_level-01B_run-007,sub-cp006,4,2000,43,51,50,0,1,1.0,0.05,2.0030662271047257,0.1,1.0881489166627458,1.0881489166627458,0.9105213284492493,0.9121029376983643,0.8912903070449829,0.82014399766922
sub-cp006_ses-20210324_level-01B_run-012,sub-cp006,4,2000,43,51,50,0,1,1.0,0.05,2.068308792583276,0.1,1.447934830680103,1.447934830680103,0.894309401512146,0.900520384311676,0.8849446177482605,0.8120935559272766
sub-cp006_ses-20210324_level-02B_run-003,sub-cp006,4,2000,43,51,50,1,1,2.0,0.05,2.1354912844971596,0.1,1.767207896838157,1.767207896838157,0.869809627532959,0.8867880702018738,0.8746514320373535,0.7893985509872437
sub-cp006_ses-20210324_level-02B_run-008,sub-cp006,4,2000,43,51,50,1,1,2.0,0.05,2.1845263479682777,0.1,1.804832100548903,1.804832100548903,0.9085942506790161,0.9291315078735352,0.9169020056724548,0.8441101312637329
sub-cp006_ses-20210324_level-02B_run-010,sub-cp006,4,2000,43,51,50,1,1,2.0,0.05,2.1437534804194343,0.1,1.559509160605593,1.559509160605593,0.8898083567619324,0.9071129560470581,0.8941061496734619,0.8147681951522827
sub-cp006_ses-20210324_level-03B_run-002,sub-cp006,4,2000,43,51,50,2,2,3.0,0.05,2.3363707343006155,0.1,2.9997071127910844,2.9997071127910844,0.8826794624328613,0.9098880290985107,0.915164053440094,0.8353181481361389
sub-cp006_ses-20210324_level-03B_run-005,sub-cp006,4,2000,43,51,50,2,2,3.0,0.05,2.350457996253852,0.1,2.695313618071746,2.695313618071746,0.8846200108528137,0.9053279757499695,0.912011444568634,0.8456990718841553
sub-cp006_ses-20210324_level-03B_run-011,sub-cp006,4,2000,43,51,50,2,1,3.0,0.05,2.2492367737763193,0.1,2.472320593929131,2.472320593929131,0.8769655227661133,0.89581698179245,0.8957093954086304,0.8163041472434998
sub-cp006_ses-20210324_level-04B_run-004,sub-cp006,4,2000,43,51,50,3,3,4.0,0.05,3.038383346156757,0.1,4.134425839126822,4.0,0.8626942038536072,0.8677921891212463,0.8863996863365173,0.9235822558403015
sub-cp006_ses-20210324_level-04B_run-006,sub-cp006,4,2000,43,51,50,3,3,4.0,0.05,2.925140370684131,0.1,3.7006733588224696,3.7006733588224696,0.8753349184989929,0.8788926601409912,0.8962617516517639,0.9232909679412842
sub-cp006_ses-20210324_level-04B_run-009,sub-cp006,4,2000,43,51,50,3,3,4.0,0.05,2.824218345529091,0.1,3.5334413049079023,3.5334413049079023,0.8829219937324524,0.8783063888549805,0.8923142552375793,0.9178357124328613
sub-cp012_ses-20210723_level-01B_run-001,sub-cp012,4,2000,43,51,50,0,1,1.0,0.05,2.075494746183926,0.1,1.5117383924241723,1.5117383924241723,0.9101170301437378,0.9186954498291016,0.9012331962585449,0.8304454684257507
sub-cp012_ses-20210723_level-01B_run-007,sub-cp012,4,2000,43,51,50,0,0,1.0,0.05,1.9959790160626387,0.1,1.5117513231081252,1.5117513231081252,0.9338486790657043,0.9311379194259644,0.9105698466300964,0.8482677936553955
sub-cp012_ses-20210723_level-01B_run-012,sub-cp012,4,2000,43,51,50,0,0,1.0,0.05,2.0096529392856404,0.1,1.529764138118562,1.529764138118562,0.9226095080375671,0.912558913230896,0.8934324979782104,0.8499096632003784
sub-cp012_ses-20210723_level-02B_run-003,sub-cp012,4,2000,43,51,50,1,1,2.0,0.05,2.222029060888676,0.1,2.2101719575409535,2.2101719575409535,0.8977189064025879,0.9232034087181091,0.9156221151351929,0.8321138620376587
sub-cp012_ses-20210723_level-02B_run-008,sub-cp012,4,2000,43,51,50,1,1,2.0,0.05,2.1781729846898803,0.1,2.1911423444574876,2.1911423444574876,0.9074757099151611,0.9333918690681458,0.9208765029907227,0.8320344090461731
sub-cp012_ses-20210723_level-02B_run-010,sub-cp012,4,2000,43,51,50,1,1,2.0,0.05,2.159130159695398,0.1,2.2622379324490653,2.2622379324490653,0.9035676121711731,0.9274768233299255,0.9130083918571472,0.8272676467895508
sub-cp012_ses-20210723_level-03B_run-002,sub-cp012,4,2000,43,51,50,2,2,3.0,0.05,2.3153571474359946,0.1,3.029580821922753,3.029580821922753,0.8858328461647034,0.9135621786117554,0.9160532355308533,0.8351592421531677
sub-cp012_ses-20210723_level-03B_run-005,sub-cp012,4,2000,43,51,50,2,2,3.0,0.05,2.3201730718365043,0.1,2.842266276658227,2.842266276658227,0.8832319378852844,0.9142526984214783,0.9177643060684204,0.8282474875450134
sub-cp012_ses-20210723_level-03B_run-011,sub-cp012,4,2000,43,51,50,2,2,3.0,0.05,2.307359390896795,0.1,3.0931650911822013,3.0931650911822013,0.8977727890014648,0.9263563752174377,0.9284212589263916,0.8436334729194641
sub-cp012_ses-20210723_level-04B_run-004,sub-cp012,4,2000,43,51,50,3,3,4.0,0.05,3.0501095500436732,0.1,4.078219409199155,4.0,0.8601741194725037,0.8673622608184814,0.8866826295852661,0.923158586025238
sub-cp012_ses-20210723_level-04B_run-006,sub-cp012,4,2000,43,51,50,3,3,4.0,0.05,2.8597796025755766,0.1,3.760717041460615,3.760717041460615,0.8742702603340149,0.8827883005142212,0.8992123007774353,0.9164056777954102
sub-cp012_ses-20210723_level-04B_run-009,sub-cp012,4,2000,43,51,50,3,3,4.0,0.05,2.713257363012093,0.1,3.549244130421292,3.549244130421292,0.8893097639083862,0.8937584757804871,0.9050055742263794,0.9138104319572449
sub-cp018_ses-20210709_level-01B_run-001,sub-cp018,4,2000,43,51,50,0,1,1.0,0.05,2.1312394278989215,0.1,1.4926879148914933,1.4926879148914933,0.9110199213027954,0.9163112044334412,0.9057735204696655,0.8445867896080017
sub-cp018_ses-20210709_level-01B_run-007,sub-cp018,4,2000,43,51,50,0,1,1.0,0.05,2.12394493411991,0.1,1.2061728182039921,1.2061728182039921,0.9083112478256226,0.9115296602249146,0.9020684957504272,0.8404556512832642
sub-cp018_ses-20210709_level-01B_run-012,sub-cp018,4,2000,43,51,50,0,1,1.0,0.05,2.1023644185887784,0.1,1.015874752268056,1.015874752268056,0.9071657657623291,0.911594808101654,0.9002227783203125,0.833279013633728
sub-cp018_ses-20210709_level-02B_run-003,sub-cp018,4,2000,43,51,50,1,1,2.0,0.05,2.161101500536826,0.1,1.821355677938917,1.821355677938917,0.8914794325828552,0.9096144437789917,0.8996299505233765,0.8158539533615112
sub-cp018_ses-20210709_level-02B_run-008,sub-cp018,4,2000,43,51,50,1,1,2.0,0.05,2.2049514004156445,0.1,2.0081185975991103,2.0081185975991103,0.8826255202293396,0.905249834060669,0.898323118686676,0.8121994733810425
sub-cp018_ses-20210709_level-02B_run-010,sub-cp018,4,2000,43,51,50,1,1,2.0,0.05,2.2008807576536906,0.1,1.8572996004110287,1.8572996004110287,0.9046860933303833,0.9198550581932068,0.912644624710083,0.8441365957260132
sub-cp018_ses-20210709_level-03B_run-002,sub-cp018,4,2000,43,51,50,2,2,3.0,0.05,2.386240766450984,0.1,2.966630235457854,2.966630235457854,0.9046322107315063,0.9219135642051697,0.9291083216667175,0.8771065473556519
sub-cp018_ses-20210709_level-03B_run-005,sub-cp018,4,2000,43,51,50,2,2,3.0,0.05,2.312132109162528,0.1,2.8245706243072357,2.8245706243072357,0.8825716376304626,0.9082985520362854,0.9114994406700134,0.8314782977104187
sub-cp018_ses-20210709_level-03B_run-011,sub-cp018,4,2000,43,51,50,2,2,3.0,0.05,2.3706869869301346,0.1,2.758675130898264,2.758675130898264,0.8716962933540344,0.8938757181167603,0.9025939702987671,0.8349209427833557
sub-cp018_ses-20210709_level-04B_run-004,sub-cp018,4,2000,43,51,50,3,3,4.0,0.05,3.046037432452504,0.1,4.412734512013434,4.0,0.8525196313858032,0.8614732623100281,0.8829371929168701,0.9157965779304504
sub-cp018_ses-20210709_level-04B_run-006,sub-cp018,4,2000,43,51,50,3,3,4.0,0.05,2.949084343381826,0.1,3.880589657519023,3.880589657519023,0.8586648106575012,0.8612387180328369,0.8786798119544983,0.9089378118515015
sub-cp018_ses-20210709_level-04B_run-009,sub-cp018,4,2000,43,51,50,3,3,4.0,0.05,3.026549886817673,0.1,4.090979089839664,4.0,0.8579775094985962,0.8632321357727051,0.8813070058822632,0.9176238775253296
sub-cp029_ses-20220119_level-01B_run-001,sub-cp029,4,2000,43,51,50,0,0,1.0,0.05,2.047893389548095,0.1,1.3870115299729526,1.3870115299729526,0.8827064037322998,0.8674664497375488,0.8569347858428955,0.8160393238067627
sub-cp029_ses-20220119_level-01B_run-007,sub-cp029,4,2000,43,51,50,0,0,1.0,0.05,2.02642624429132,0.1,1.3073239295680208,1.3073239295680208,0.9304795861244202,0.9282976388931274,0.9091147780418396,0.8527167439460754
sub-cp029_ses-20220119_level-01B_run-012,sub-cp029,4,2000,43,51,50,0,0,1.0,0.05,2.016622790566581,0.1,1.6658743801780054,1.6658743801780054,0.932150661945343,0.9244932532310486,0.9073902368545532,0.8558945655822754
sub-cp029_ses-20220119_level-02B_run-003,sub-cp029,4,2000,43,51,50,1,1,2.0,0.05,2.0920451997934553,0.1,1.549902938417461,1.549902938417461,0.8903608918190002,0.902018666267395,0.8832336068153381,0.814794659614563
sub-cp029_ses-20220119_level-02B_run-008,sub-cp029,4,2000,43,51,50,1,1,2.0,0.05,2.058979008656085,0.1,2.008524862199686,2.008524862199686,0.9173807501792908,0.9334831237792969,0.9114320874214172,0.8248313069343567
sub-cp029_ses-20220119_level-02B_run-010,sub-cp029,4,2000,43,51,50,1,1,2.0,0.05,2.0890565915004062,0.1,1.8778855254885731,1.8778855254885731,0.8914254903793335,0.9052888751029968,0.8882050514221191,0.806903064250946
sub-cp029_ses-20220119_level-03B_run-002,sub-cp029,4,2000,43,51,50,2,2,3.0,0.05,2.3181116496828773,0.1,2.5287107689661648,2.5287107689661648,0.8761434555053711,0.8816808462142944,0.8826003670692444,0.8447456955909729
sub-cp029_ses-20220119_level-03B_run-005,sub-cp029,4,2000,43,51,50,2,2,3.0,0.05,2.2639083236545994,0.1,2.7001777527764217,2.7001777527764217,0.8950101733207703,0.9100313782691956,0.9136146903038025,0.837754487991333
sub-cp029_ses-20220119_level-03B_run-011,sub-cp029,4,2000,43,51,50,2,1,3.0,0.05,2.1973738705343866,0.1,2.399828533741369,2.399828533741369,0.9053329825401306,0.9260567426681519,0.92048579454422,0.8312134742736816
sub-cp029_ses-20220119_level-04B_run-004,sub-cp029,4,2000,43,51,50,3,3,4.0,0.05,3.2201586025135183,0.1,4.572942178500962,4.0,0.8363616466522217,0.841917097568512,0.8668372631072998,0.9179680943489075
sub-cp029_ses-20220119_level-04B_run-006,sub-cp029,4,2000,43,51,50,3,3,4.0,0.05,3.056615041182742,0.1,3.9684661509687316,3.9684661509687316,0.8580179214477539,0.8582421541213989,0.8772247433662415,0.9191068410873413
sub-cp029_ses-20220119_level-04B_run-009,sub-cp029,4,2000,43,51,50,3,3,4.0,0.05,3.1580294831857465,0.1,4.363427114364075,4.0,0.8208909034729004,0.8249015808105469,0.8456850051879883,0.8945316672325134
sub-cp036_ses-20211218_level-01B_run-001,sub-cp036,4,2000,43,51,50,0,0,1.0,0.05,2.1437920747151287,0.1,1.713994824731936,1.713994824731936,0.9146989583969116,0.9012369513511658,0.8890807628631592,0.8687647581100464
sub-cp036_ses-20211218_level-01B_run-007,sub-cp036,4,2000,43,51,50,0,0,1.0,0.05,2.3002867936422113,0.1,1.9101662742298655,1.9101662742298655,0.8465226888656616,0.8337611556053162,0.8288171291351318,0.8220507502555847
sub-cp036_ses-20211218_level-01B_run-012,sub-cp036,4,2000,43,51,50,0,0,1.0,0.05,2.1613364186083803,0.1,1.703265726723851,1.703265726723851,0.8500669598579407,0.8339825868606567,0.8228486776351929,0.807935893535614
sub-cp036_ses-20211218_level-02B_run-003,sub-cp036,4,2000,43,51,50,1,0,2.0,0.05,2.182445753779625,0.1,1.804726146288727,1.804726146288727,0.8856576681137085,0.8751404285430908,0.8662983775138855,0.8430508375167847
sub-cp036_ses-20211218_level-02B_run-008,sub-cp036,4,2000,43,51,50,1,0,2.0,0.05,2.3236664317821822,0.1,2.0272707615359304,2.0272707615359304,0.8684754967689514,0.8568350076675415,0.8538360595703125,0.8462816476821899
sub-cp036_ses-20211218_level-02B_run-010,sub-cp036,4,2000,43,51,50,1,0,2.0,0.05,2.3352869129364855,0.1,1.8976371542558392,1.8976371542558392,0.8533955812454224,0.8422297835350037,0.8379247188568115,0.8333849906921387
sub-cp036_ses-20211218_level-03B_run-002,sub-cp036,4,2000,43,51,50,2,2,3.0,0.05,2.482327869515309,0.1,2.819454982561118,2.819454982561118,0.8791486620903015,0.880391001701355,0.8897274732589722,0.8728165030479431
sub-cp036_ses-20211218_level-03B_run-005,sub-cp036,4,2000,43,51,50,2,0,3.0,0.05,2.457740317883422,0.1,2.2887745206472476,2.2887745206472476,0.8404449224472046,0.8287971615791321,0.8331958055496216,0.8338351845741272
sub-cp036_ses-20211218_level-03B_run-011,sub-cp036,4,2000,43,51,50,2,0,3.0,0.05,2.4181527856361478,0.1,2.517637918534298,2.517637918534298,0.8628020286560059,0.848639965057373,0.8515591621398926,0.8517634272575378
sub-cp036_ses-20211218_level-04B_run-004,sub-cp036,4,2000,43,51,50,3,3,4.0,0.05,2.8666696554394466,0.1,3.402872027767457,3.402872027767457,0.8481264114379883,0.8288493156433105,0.8435428738594055,0.8842566609382629
sub-cp036_ses-20211218_level-04B_run-006,sub-cp036,4,2000,43,51,50,3,3,4.0,0.05,2.847012466422084,0.1,3.7167894274427016,3.7167894274427016,0.8482746481895447,0.8342040777206421,0.8499424457550049,0.8834092617034912
sub-cp036_ses-20211218_level-04B_run-009,sub-cp036,4,2000,43,51,50,3,3,4.0,0.05,2.800697974423042,0.1,3.3182373587504883,3.3182373587504883,0.8408357501029968,0.8284193277359009,0.8423168659210205,0.8716248273849487
sub-cp042_ses-20220111_level-01B_run-001,sub-cp042,4,2000,43,51,50,0,0,1.0,0.05,1.9529920736670767,0.1,1.110541863261337,1.110541863261337,0.903742790222168,0.8969765901565552,0.876214325428009,0.8090745806694031
sub-cp042_ses-20220111_level-01B_run-007,sub-cp042,4,2000,43,51,50,0,0,1.0,0.05,2.231228362528723,0.1,1.276645784415885,1.276645784415885,0.8906034827232361,0.8847425580024719,0.8776019811630249,0.8536171317100525
sub-cp042_ses-20220111_level-01B_run-012,sub-cp042,4,2000,43,51,50,0,0,1.0,0.05,2.3445527810130136,0.1,1.6458490508896901,1.6458490508896901,0.7762441635131836,0.7546636462211609,0.7554579377174377,0.7574084401130676
sub-cp042_ses-20220111_level-02B_run-003,sub-cp042,4,2000,43,51,50,1,1,2.0,0.05,2.1372032276106414,0.1,2.097947298102124,2.097947298102124,0.8931909203529358,0.9070738554000854,0.8947932124137878,0.8195878863334656
sub-cp042_ses-20220111_level-02B_run-008,sub-cp042,4,2000,43,51,50,1,1,2.0,0.05,2.302500609881608,0.1,2.5641981897630632,2.5641981897630632,0.8888380527496338,0.912558913230896,0.909195601940155,0.8473674058914185
sub-cp042_ses-20220111_level-02B_run-010,sub-cp042,4,2000,43,51,50,1,2,2.0,0.05,2.384719301081245,0.1,2.425043651213075,2.425043651213075,0.8612791895866394,0.8810424208641052,0.8822635412216187,0.8382841348648071
sub-cp042_ses-20220111_level-03B_run-002,sub-cp042,4,2000,43,51,50,2,3,3.0,0.05,2.7159761063622003,0.1,3.197872657635169,3.197872657635169,0.8595407605171204,0.8668801784515381,0.8833009600639343,0.8838594555854797
sub-cp042_ses-20220111_level-03B_run-005,sub-cp042,4,2000,43,51,50,2,3,3.0,0.05,2.7897406533419473,0.1,2.872757528787788,2.872757528787788,0.8339897990226746,0.8437672257423401,0.8609901070594788,0.8679968118667603
sub-cp042_ses-20220111_level-03B_run-011,sub-cp042,4,2000,43,51,50,2,2,3.0,0.05,2.5680944997409094,0.1,3.0427320317015005,3.0427320317015005,0.8562256097793579,0.8695380687713623,0.8804447650909424,0.8620383739471436
sub-cp042_ses-20220111_level-04B_run-004,sub-cp042,4,2000,43,51,50,3,3,4.0,0.05,3.2820470821350307,0.1,4.326184232706112,4.0,0.8201093077659607,0.8198204040527344,0.8408348560333252,0.9057864546775818
sub-cp042_ses-20220111_level-04B_run-006,sub-cp042,4,2000,43,51,50,3,3,4.0,0.05,3.156575804726365,0.1,3.788832732144472,3.788832732144472,0.8025632500648499,0.8045507073402405,0.8246405720710754,0.8751733899116516
sub-cp042_ses-20220111_level-04B_run-009,sub-cp042,4,2000,43,51,50,3,3,4.0,0.05,3.10429043236977,0.1,3.5308979228501665,3.5308979228501665,0.7680641412734985,0.7653341889381409,0.7847611904144287,0.8331996202468872
sub-cp003_ses-20210206_level-01B_run-001,sub-cp003,4,5000,43,51,50,0,0,1.0,0.05,2.033966728486655,0.01,0.783988967814514,1.0,0.9178199768066406,0.9047605395317078,0.8901819586753845,0.8497908115386963
sub-cp003_ses-20210206_level-01B_run-007,sub-cp003,4,5000,43,51,50,0,0,1.0,0.05,2.0271004197919886,0.01,1.105904664610402,1.105904664610402,0.9338512420654297,0.9330974221229553,0.9138951301574707,0.8541948795318604
sub-cp003_ses-20210206_level-01B_run-012,sub-cp003,4,5000,43,51,50,0,0,1.0,0.05,1.9627483743506176,0.01,0.7332239146382129,1.0,0.9339917898178101,0.9217063188552856,0.9030144214630127,0.8494203090667725
sub-cp003_ses-20210206_level-02B_run-003,sub-cp003,4,5000,43,51,50,1,1,2.0,0.05,2.120640974720392,0.01,2.2421999805195862,2.2421999805195862,0.9151661396026611,0.936266303062439,0.9186453223228455,0.8327992558479309
sub-cp003_ses-20210206_level-02B_run-008,sub-cp003,4,5000,43,51,50,1,1,2.0,0.05,2.1089388555811253,0.01,2.0698648981243837,2.0698648981243837,0.9168254733085632,0.9349454641342163,0.9166233539581299,0.8363245725631714
sub-cp003_ses-20210206_level-02B_run-010,sub-cp003,4,5000,43,51,50,1,1,2.0,0.05,2.131344451017735,0.01,2.0671561775328002,2.0671561775328002,0.9138310551643372,0.9330556392669678,0.916720449924469,0.8372456431388855
sub-cp003_ses-20210206_level-03B_run-002,sub-cp003,4,5000,43,51,50,2,2,3.0,0.05,2.2687839950720097,0.01,3.0610229166111607,3.0610229166111607,0.9057559967041016,0.9226772785186768,0.9258649349212646,0.84865802526474
sub-cp003_ses-20210206_level-03B_run-005,sub-cp003,4,5000,43,51,50,2,2,3.0,0.05,2.3621721623364507,0.01,3.3400124684114862,3.3400124684114862,0.902972400188446,0.919477105140686,0.9284476041793823,0.8674176335334778
sub-cp003_ses-20210206_level-03B_run-011,sub-cp003,4,5000,43,51,50,2,2,3.0,0.05,2.3595181317278247,0.01,3.426446500518993,3.426446500518993,0.9043074250221252,0.9214348196983337,0.9302538633346558,0.8677563667297363
sub-cp003_ses-20210206_level-04B_run-004,sub-cp003,4,5000,43,51,50,3,3,4.0,0.05,2.950794275736434,0.01,3.9245851656715907,3.9245851656715907,0.8752392530441284,0.8724977970123291,0.8867743015289307,0.9241197109222412
sub-cp003_ses-20210206_level-04B_run-006,sub-cp003,4,5000,43,51,50,3,3,4.0,0.05,3.0693995695237573,0.01,3.9454386152796364,3.9454386152796364,0.8570243716239929,0.856951117515564,0.8742222189903259,0.9193239808082581
sub-cp003_ses-20210206_level-04B_run-009,sub-cp003,4,5000,43,51,50,3,3,4.0,0.05,3.1042252571917075,0.01,3.6909421645013483,3.6909421645013483,0.8481979966163635,0.8481232523918152,0.8664526343345642,0.9142529964447021
sub-cp006_ses-20210324_level-01B_run-001,sub-cp006,4,5000,43,51,50,0,0,1.0,0.05,2.077185762047615,0.01,1.452829461766086,1.452829461766086,0.8850764036178589,0.883607029914856,0.867320716381073,0.818242609500885
sub-cp006_ses-20210324_level-01B_run-007,sub-cp006,4,5000,43,51,50,0,1,1.0,0.05,1.980275850192033,0.01,1.0850187629322114,1.0850187629322114,0.9144364595413208,0.9146063923835754,0.8935356736183167,0.8172474503517151
sub-cp006_ses-20210324_level-01B_run-012,sub-cp006,4,5000,43,51,50,0,1,1.0,0.05,2.0637398432029723,0.01,1.0995190014671463,1.0995190014671463,0.8981673717498779,0.9022859930992126,0.8874536752700806,0.8163899183273315
sub-cp006_ses-20210324_level-02B_run-003,sub-cp006,4,5000,43,51,50,1,1,2.0,0.05,2.1296031581168964,0.01,2.0944785708131266,2.0944785708131266,0.8698937296867371,0.8868594169616699,0.8738393783569336,0.7888328433036804
sub-cp006_ses-20210324_level-02B_run-008,sub-cp006,4,5000,43,51,50,1,1,2.0,0.05,2.1580373584915944,0.01,1.99275209900072,1.99275209900072,0.908528745174408,0.9272556900978088,0.9125633239746094,0.840781569480896
sub-cp006_ses-20210324_level-02B_run-010,sub-cp006,4,5000,43,51,50,1,1,2.0,0.05,2.1451155172911456,0.01,1.6482257056781333,1.6482257056781333,0.8927136659622192,0.9089421629905701,0.895072340965271,0.8218632340431213
sub-cp006_ses-20210324_level-03B_run-002,sub-cp006,4,5000,43,51,50,2,2,3.0,0.05,2.3012181102539064,0.01,3.021388070675056,3.021388070675056,0.8862546682357788,0.912653923034668,0.9154911041259766,0.8305866122245789
sub-cp006_ses-20210324_level-03B_run-005,sub-cp006,4,5000,43,51,50,2,2,3.0,0.05,2.3259642547068764,0.01,2.6651935965099747,2.6651935965099747,0.8955837488174438,0.9128105640411377,0.9181762337684631,0.8538772463798523
sub-cp006_ses-20210324_level-03B_run-011,sub-cp006,4,5000,43,51,50,2,2,3.0,0.05,2.302707267526293,0.01,2.9641365218300972,2.9641365218300972,0.8751311898231506,0.894225537776947,0.8990029692649841,0.8249545097351074
sub-cp006_ses-20210324_level-04B_run-004,sub-cp006,4,5000,43,51,50,3,3,4.0,0.05,3.021414196909842,0.01,3.9735456245251255,3.9735456245251255,0.8696396946907043,0.869866669178009,0.8883918523788452,0.9269463419914246
sub-cp006_ses-20210324_level-04B_run-006,sub-cp006,4,5000,43,51,50,3,3,4.0,0.05,2.945422658782254,0.01,3.687629494749938,3.687629494749938,0.8738718032836914,0.8763349056243896,0.894953727722168,0.9236751198768616
sub-cp006_ses-20210324_level-04B_run-009,sub-cp006,4,5000,43,51,50,3,3,4.0,0.05,2.794387966632703,0.01,3.4375960821228024,3.4375960821228024,0.8830711245536804,0.8817537426948547,0.897175133228302,0.9152693152427673
sub-cp012_ses-20210723_level-01B_run-001,sub-cp012,4,5000,43,51,50,0,1,1.0,0.05,2.073419243140049,0.01,1.3002349363908225,1.3002349363908225,0.908555805683136,0.9176551699638367,0.9002861976623535,0.8268812894821167
sub-cp012_ses-20210723_level-01B_run-007,sub-cp012,4,5000,43,51,50,0,0,1.0,0.05,1.993710546461748,0.01,1.6516594593038965,1.6516594593038965,0.9321594834327698,0.9320898652076721,0.9106438755989075,0.842369556427002
sub-cp012_ses-20210723_level-01B_run-012,sub-cp012,4,5000,43,51,50,0,0,1.0,0.05,2.0080848798676074,0.01,1.5077176828764407,1.5077176828764407,0.9224088191986084,0.9141731262207031,0.8947595953941345,0.8473982214927673
sub-cp012_ses-20210723_level-02B_run-003,sub-cp012,4,5000,43,51,50,1,1,2.0,0.05,2.2097052205798007,0.01,2.086546426571322,2.086546426571322,0.896626889705658,0.9217115044593811,0.9127466678619385,0.8292315602302551
sub-cp012_ses-20210723_level-02B_run-008,sub-cp012,4,5000,43,51,50,1,1,2.0,0.05,2.1318002820092197,0.01,2.111556441385951,2.111556441385951,0.9063721299171448,0.9323979020118713,0.9146283864974976,0.8196188807487488
sub-cp012_ses-20210723_level-02B_run-010,sub-cp012,4,5000,43,51,50,1,1,2.0,0.05,2.1552435572547988,0.01,2.3113883355567872,2.3113883355567872,0.8987294435501099,0.9231680035591125,0.9075759053230286,0.8223078846931458
sub-cp012_ses-20210723_level-03B_run-002,sub-cp012,4,5000,43,51,50,2,2,3.0,0.05,2.343643797474976,0.01,3.048714618069146,3.048714618069146,0.8792173862457275,0.9075378179550171,0.9143049120903015,0.8304913640022278
sub-cp012_ses-20210723_level-03B_run-005,sub-cp012,4,5000,43,51,50,2,2,3.0,0.05,2.2926397289183695,0.01,2.6735240472733084,2.6735240472733084,0.8828549385070801,0.9124294519424438,0.9140298962593079,0.8216302990913391
sub-cp012_ses-20210723_level-03B_run-011,sub-cp012,4,5000,43,51,50,2,2,3.0,0.05,2.3073379337187303,0.01,3.2198977177365293,3.2198977177365293,0.8980592489242554,0.925934910774231,0.9298656582832336,0.8405169248580933
sub-cp012_ses-20210723_level-04B_run-004,sub-cp012,4,5000,43,51,50,3,3,4.0,0.05,3.054752659991473,0.01,4.094169683588725,4.0,0.8617375493049622,0.8674965500831604,0.8890712261199951,0.9247443675994873
sub-cp012_ses-20210723_level-04B_run-006,sub-cp012,4,5000,43,51,50,3,3,4.0,0.05,2.873059923733393,0.01,3.5900049113469565,3.5900049113469565,0.878595769405365,0.885251522064209,0.9029228091239929,0.9216107130050659
sub-cp012_ses-20210723_level-04B_run-009,sub-cp012,4,5000,43,51,50,3,3,4.0,0.05,2.7570714575098867,0.01,3.720328753598095,3.720328753598095,0.8878870010375977,0.8927011489868164,0.9071984887123108,0.9171854853630066
sub-cp018_ses-20210709_level-01B_run-001,sub-cp018,4,5000,43,51,50,0,1,1.0,0.05,2.0774455577610613,0.01,1.1690641166845555,1.1690641166845555,0.9092800617218018,0.9099288582801819,0.8971050381660461,0.8347154259681702
sub-cp018_ses-20210709_level-01B_run-007,sub-cp018,4,5000,43,51,50,0,0,1.0,0.05,2.123871482467435,0.01,0.966070883871784,1.0,0.9084855318069458,0.9083365797996521,0.8987387418746948,0.8449421525001526
sub-cp018_ses-20210709_level-01B_run-012,sub-cp018,4,5000,43,51,50,0,1,1.0,0.05,2.078571335176645,0.01,0.6319003680411004,1.0,0.9059776067733765,0.9060917496681213,0.8937890529632568,0.8317300081253052
sub-cp018_ses-20210709_level-02B_run-003,sub-cp018,4,5000,43,51,50,1,1,2.0,0.05,2.152498138658766,0.01,2.017740398385325,2.017740398385325,0.8856276869773865,0.9031839370727539,0.8918426036834717,0.8102920055389404
sub-cp018_ses-20210709_level-02B_run-008,sub-cp018,4,5000,43,51,50,1,1,2.0,0.05,2.1725622849243904,0.01,1.929026870102914,1.929026870102914,0.8785309195518494,0.8993468880653381,0.8890981674194336,0.8040564656257629
sub-cp018_ses-20210709_level-02B_run-010,sub-cp018,4,5000,43,51,50,1,1,2.0,0.05,2.154326506387658,0.01,1.8088135284876394,1.8088135284876394,0.9017994999885559,0.9149613976478577,0.9035967588424683,0.834302544593811
sub-cp018_ses-20210709_level-03B_run-002,sub-cp018,4,5000,43,51,50,2,2,3.0,0.05,2.368499034624648,0.01,3.0897860494646814,3.0897860494646814,0.9006915092468262,0.9163448214530945,0.9239292740821838,0.8691008687019348
sub-cp018_ses-20210709_level-03B_run-005,sub-cp018,4,5000,43,51,50,2,2,3.0,0.05,2.2929925735042818,0.01,3.0137664471809096,3.0137664471809096,0.8843250870704651,0.9085558652877808,0.9121212363243103,0.8264049291610718
sub-cp018_ses-20210709_level-03B_run-011,sub-cp018,4,5000,43,51,50,2,2,3.0,0.05,2.3451364970348356,0.01,2.8228564345647853,2.8228564345647853,0.879887580871582,0.8988091349601746,0.9063465595245361,0.8394688367843628
sub-cp018_ses-20210709_level-04B_run-004,sub-cp018,4,5000,43,51,50,3,3,4.0,0.05,3.009884766865646,0.01,4.28932207998267,4.0,0.8566027879714966,0.8616704940795898,0.8813070058822632,0.9143694043159485
sub-cp018_ses-20210709_level-04B_run-006,sub-cp018,4,5000,43,51,50,3,3,4.0,0.05,2.9254744445243883,0.01,3.849397106557876,3.849397106557876,0.8575162291526794,0.8578960299491882,0.8735697865486145,0.9045979380607605
sub-cp018_ses-20210709_level-04B_run-009,sub-cp018,4,5000,43,51,50,3,3,4.0,0.05,3.0176379204749537,0.01,4.095820452439495,4.0,0.8520895838737488,0.8558078408241272,0.8727286458015442,0.9101982712745667
sub-cp029_ses-20220119_level-01B_run-001,sub-cp029,4,5000,43,51,50,0,0,1.0,0.05,2.0889543667357513,0.01,1.3697453514235367,1.3697453514235367,0.8735096454620361,0.8607203364372253,0.8522883057594299,0.8123034834861755
sub-cp029_ses-20220119_level-01B_run-007,sub-cp029,4,5000,43,51,50,0,0,1.0,0.05,2.0121529536902067,0.01,1.223870779381285,1.223870779381285,0.9310622811317444,0.9271669387817383,0.9067994952201843,0.852776288986206
sub-cp029_ses-20220119_level-01B_run-012,sub-cp029,4,5000,43,51,50,0,0,1.0,0.05,1.9774003699143394,0.01,1.4373570596268102,1.4373570596268102,0.9307325482368469,0.9222753047943115,0.9029443860054016,0.8460325598716736
sub-cp029_ses-20220119_level-02B_run-003,sub-cp029,4,5000,43,51,50,1,1,2.0,0.05,2.0805414024924844,0.01,1.6053519779607281,1.6053519779607281,0.8971944451332092,0.9089682698249817,0.8887477517127991,0.8195129632949829
sub-cp029_ses-20220119_level-02B_run-008,sub-cp029,4,5000,43,51,50,1,1,2.0,0.05,2.0639637388037753,0.01,2.234746989127039,2.234746989127039,0.9128257632255554,0.9308212995529175,0.9080719351768494,0.8203387260437012
sub-cp029_ses-20220119_level-02B_run-010,sub-cp029,4,5000,43,51,50,1,1,2.0,0.05,2.0615301270201813,0.01,2.107492769257296,2.107492769257296,0.8952378034591675,0.9099705815315247,0.8890928030014038,0.8042576313018799
sub-cp029_ses-20220119_level-03B_run-002,sub-cp029,4,5000,43,51,50,2,2,3.0,0.05,2.3241975331018527,0.01,2.642026608905655,2.642026608905655,0.8749150037765503,0.8814353346824646,0.883647084236145,0.8432059288024902
sub-cp029_ses-20220119_level-03B_run-005,sub-cp029,4,5000,43,51,50,2,2,3.0,0.05,2.2744710482520087,0.01,2.853895044118968,2.853895044118968,0.8939838409423828,0.910659670829773,0.9144019484519958,0.8382619619369507
sub-cp029_ses-20220119_level-03B_run-011,sub-cp029,4,5000,43,51,50,2,1,3.0,0.05,2.201153137664937,0.01,2.61206014035945,2.61206014035945,0.9017022252082825,0.9226981997489929,0.917755663394928,0.8272730112075806
sub-cp029_ses-20220119_level-04B_run-004,sub-cp029,4,5000,43,51,50,3,3,4.0,0.05,3.2082901173951157,0.01,4.2347107401874515,4.0,0.8403066992759705,0.8429445028305054,0.866948664188385,0.919218122959137
sub-cp029_ses-20220119_level-04B_run-006,sub-cp029,4,5000,43,51,50,3,3,4.0,0.05,3.1071719256911177,0.01,3.9521985784065192,3.9521985784065192,0.8440415263175964,0.8432003259658813,0.8635356426239014,0.9102194309234619
sub-cp029_ses-20220119_level-04B_run-009,sub-cp029,4,5000,43,51,50,3,3,4.0,0.05,3.1403897027691707,0.01,4.352592737425795,4.0,0.8268806338310242,0.8298097252845764,0.8516790270805359,0.8982141613960266
sub-cp036_ses-20211218_level-01B_run-001,sub-cp036,4,5000,43,51,50,0,0,1.0,0.05,2.193766635132594,0.01,1.6732528399011009,1.6732528399011009,0.9072045087814331,0.8936930298805237,0.8827520608901978,0.8693549633026123
sub-cp036_ses-20211218_level-01B_run-007,sub-cp036,4,5000,43,51,50,0,0,1.0,0.05,2.314682150192457,0.01,1.8619778325053626,1.8619778325053626,0.8455873727798462,0.828353226184845,0.8242077827453613,0.8238323330879211
sub-cp036_ses-20211218_level-01B_run-012,sub-cp036,4,5000,43,51,50,0,0,1.0,0.05,2.184583802566797,0.01,1.5703786089940328,1.5703786089940328,0.8501870632171631,0.8294442892074585,0.8197811245918274,0.8129810094833374
sub-cp036_ses-20211218_level-02B_run-003,sub-cp036,4,5000,43,51,50,1,0,2.0,0.05,2.179119734533225,0.01,1.9109985967443752,1.9109985967443752,0.884341299533844,0.8733853101730347,0.8659942746162415,0.8402734398841858
sub-cp036_ses-20211218_level-02B_run-008,sub-cp036,4,5000,43,51,50,1,0,2.0,0.05,2.343167553648651,0.01,1.8247228386232588,1.8247228386232588,0.8575702905654907,0.8401150107383728,0.8369702100753784,0.8393206000328064
sub-cp036_ses-20211218_level-02B_run-010,sub-cp036,4,5000,43,51,50,1,0,2.0,0.05,2.385388223913349,0.01,1.7347353921516864,1.7347353921516864,0.8506572842597961,0.8348475098609924,0.8296211957931519,0.8383678197860718
sub-cp036_ses-20211218_level-03B_run-002,sub-cp036,4,5000,43,51,50,2,2,3.0,0.05,2.4806887455369973,0.01,2.602013047543654,2.602013047543654,0.8858006596565247,0.8864783048629761,0.8987980484962463,0.8777925372123718
sub-cp036_ses-20211218_level-03B_run-005,sub-cp036,4,5000,43,51,50,2,0,3.0,0.05,2.481238166680032,0.01,2.5062519457029464,2.5062519457029464,0.8342854976654053,0.8184916973114014,0.8254856467247009,0.8301102519035339
sub-cp036_ses-20211218_level-03B_run-011,sub-cp036,4,5000,43,51,50,2,0,3.0,0.05,2.491055534802352,0.01,2.7895247510535084,2.7895247510535084,0.8533597588539124,0.8384496569633484,0.8463249802589417,0.8500872254371643
sub-cp036_ses-20211218_level-04B_run-004,sub-cp036,4,5000,43,51,50,3,3,4.0,0.05,2.9057883861919898,0.01,3.434065000114977,3.434065000114977,0.8434416055679321,0.8252156972885132,0.8421031832695007,0.8836045861244202
sub-cp036_ses-20211218_level-04B_run-006,sub-cp036,4,5000,43,51,50,3,3,4.0,0.05,2.784828416955989,0.01,3.7314192087592275,3.7314192087592275,0.8478358387947083,0.8299193382263184,0.8441035747528076,0.8759822249412537
sub-cp036_ses-20211218_level-04B_run-009,sub-cp036,4,5000,43,51,50,3,3,4.0,0.05,2.8689830589140586,0.01,3.3889747072137912,3.3889747072137912,0.8354691863059998,0.8201465606689453,0.8358864784240723,0.8725944757461548
sub-cp042_ses-20220111_level-01B_run-001,sub-cp042,4,5000,43,51,50,0,0,1.0,0.05,1.9666311593032948,0.01,1.1471735681778674,1.1471735681778674,0.905955970287323,0.900077760219574,0.8806438446044922,0.8125681281089783
sub-cp042_ses-20220111_level-01B_run-007,sub-cp042,4,5000,43,51,50,0,0,1.0,0.05,2.216590435678782,0.01,1.274942665793441,1.274942665793441,0.8974160552024841,0.8897411227226257,0.8836416602134705,0.8578049540519714
sub-cp042_ses-20220111_level-01B_run-012,sub-cp042,4,5000,43,51,50,0,0,1.0,0.05,2.290031057526403,0.01,1.4200275130842708,1.4200275130842708,0.7758302688598633,0.7501813769340515,0.7480215430259705,0.7517583966255188
sub-cp042_ses-20220111_level-02B_run-003,sub-cp042,4,5000,43,51,50,1,1,2.0,0.05,2.1632031023131537,0.01,2.2623491072207083,2.2623491072207083,0.8893625736236572,0.9052042961120605,0.8943929672241211,0.8203387260437012
sub-cp042_ses-20220111_level-02B_run-008,sub-cp042,4,5000,43,51,50,1,1,2.0,0.05,2.2229100992346837,0.01,2.1160271846760135,2.1160271846760135,0.9004698991775513,0.9173628091812134,0.9090640544891357,0.8472182750701904
sub-cp042_ses-20220111_level-02B_run-010,sub-cp042,4,5000,43,51,50,1,1,2.0,0.05,2.2929729849864637,0.01,1.9901948215304508,1.9901948215304508,0.8676668405532837,0.8846876621246338,0.8815712332725525,0.8279293775558472
sub-cp042_ses-20220111_level-03B_run-002,sub-cp042,4,5000,43,51,50,2,3,3.0,0.05,2.7448175989195436,0.01,3.2652426116529507,3.2652426116529507,0.8599647283554077,0.8669118881225586,0.8850812911987305,0.8875428438186646
sub-cp042_ses-20220111_level-03B_run-005,sub-cp042,4,5000,43,51,50,2,3,3.0,0.05,2.8099757173173776,0.01,2.9591705663299726,2.9591705663299726,0.8298695683479309,0.839368462562561,0.8579281568527222,0.8661048412322998
sub-cp042_ses-20220111_level-03B_run-011,sub-cp042,4,5000,43,51,50,2,2,3.0,0.05,2.5948257444006213,0.01,2.811041996380792,2.811041996380792,0.855154275894165,0.8658155798912048,0.8786542415618896,0.8641675114631653
sub-cp042_ses-20220111_level-04B_run-004,sub-cp042,4,5000,43,51,50,3,3,4.0,0.05,3.23645495236756,0.01,4.029332708669959,4.0,0.8188325762748718,0.8165549039840698,0.8375363349914551,0.8985635638237
sub-cp042_ses-20220111_level-04B_run-006,sub-cp042,4,5000,43,51,50,3,3,4.0,0.05,3.124549199788863,0.01,3.570988699284256,3.570988699284256,0.8076766133308411,0.8051950335502625,0.824347972869873,0.8750506043434143
sub-cp042_ses-20220111_level-04B_run-009,sub-cp042,4,5000,43,51,50,3,3,4.0,0.05,3.1055904900056803,0.01,3.69648327478909,3.69648327478909,0.7729061245918274,0.7684687972068787,0.7882498502731323,0.8375844359397888
sub-cp003_ses-20210206_level-01B_run-001,sub-cp003,4,10000,43,51,50,0,0,1.0,0.05,2.0462588701139115,0.01,0.8781525467729292,1.0,0.918479323387146,0.9054610729217529,0.8906745910644531,0.8537172675132751
sub-cp003_ses-20210206_level-01B_run-007,sub-cp003,4,10000,43,51,50,0,0,1.0,0.05,2.032114741386337,0.01,1.1242706776122606,1.1242706776122606,0.9297976493835449,0.9289913773536682,0.9101060032844543,0.8514805436134338
sub-cp003_ses-20210206_level-01B_run-012,sub-cp003,4,10000,43,51,50,0,0,1.0,0.05,1.9865106886176171,0.01,0.9130374701443738,1.0,0.9298437237739563,0.9201521277427673,0.9020692110061646,0.8482632040977478
sub-cp003_ses-20210206_level-02B_run-003,sub-cp003,4,10000,43,51,50,1,1,2.0,0.05,2.1158920051990093,0.01,2.1385167373446663,2.1385167373446663,0.9164605736732483,0.9377965927124023,0.9189342856407166,0.8343285918235779
sub-cp003_ses-20210206_level-02B_run-008,sub-cp003,4,10000,43,51,50,1,1,2.0,0.05,2.1107333746228676,0.01,2.231290123254923,2.231290123254923,0.9176609516143799,0.9368679523468018,0.9180995225906372,0.8369734883308411
sub-cp003_ses-20210206_level-02B_run-010,sub-cp003,4,10000,43,51,50,1,1,2.0,0.05,2.121626765898294,0.01,2.0284125050934874,2.0284125050934874,0.9156449437141418,0.9345607161521912,0.9170243740081787,0.8378374576568604
sub-cp003_ses-20210206_level-03B_run-002,sub-cp003,4,10000,43,51,50,2,2,3.0,0.05,2.26725860117621,0.01,2.954041161812685,2.954041161812685,0.9038768410682678,0.9205994606018066,0.9231970906257629,0.8476060032844543
sub-cp003_ses-20210206_level-03B_run-005,sub-cp003,4,10000,43,51,50,2,2,3.0,0.05,2.3593592760303412,0.01,3.125957157825915,3.125957157825915,0.9031208157539368,0.9197074174880981,0.9277166128158569,0.8679752349853516
sub-cp003_ses-20210206_level-03B_run-011,sub-cp003,4,10000,43,51,50,2,2,3.0,0.05,2.3833301390550665,0.01,3.224324346384093,3.224324346384093,0.9029284119606018,0.9208872318267822,0.9307989478111267,0.8711077570915222
sub-cp003_ses-20210206_level-04B_run-004,sub-cp003,4,10000,43,51,50,3,3,4.0,0.05,2.9844476678071317,0.01,4.061374449968763,4.0,0.8720272183418274,0.8693585395812988,0.8855715990066528,0.9244452118873596
sub-cp003_ses-20210206_level-04B_run-006,sub-cp003,4,10000,43,51,50,3,3,4.0,0.05,3.136847463412977,0.01,3.9932180808389033,3.9932180808389033,0.8528616428375244,0.8519338369369507,0.8712405562400818,0.9221448302268982
sub-cp003_ses-20210206_level-04B_run-009,sub-cp003,4,10000,43,51,50,3,3,4.0,0.05,3.1355505994164607,0.01,3.807429669274622,3.807429669274622,0.8457432985305786,0.8448106050491333,0.8633334636688232,0.9148409366607666
sub-cp006_ses-20210324_level-01B_run-001,sub-cp006,4,10000,43,51,50,0,0,1.0,0.05,2.0411595476751776,0.01,1.5179439401773944,1.5179439401773944,0.88503098487854,0.8823623657226562,0.8627040386199951,0.8133074045181274
sub-cp006_ses-20210324_level-01B_run-007,sub-cp006,4,10000,43,51,50,0,0,1.0,0.05,1.9724100305718681,0.01,1.0848748136075415,1.0848748136075415,0.9119137525558472,0.9116843342781067,0.8891050815582275,0.8153215050697327
sub-cp006_ses-20210324_level-01B_run-012,sub-cp006,4,10000,43,51,50,0,1,1.0,0.05,2.0344966331803778,0.01,1.1120965538076073,1.1120965538076073,0.897953450679779,0.9019060134887695,0.8829782605171204,0.8125547766685486
sub-cp006_ses-20210324_level-02B_run-003,sub-cp006,4,10000,43,51,50,1,1,2.0,0.05,2.121423588814247,0.01,2.0408793248390347,2.0408793248390347,0.8679627180099487,0.8847611546516418,0.8704057931900024,0.7865565419197083
sub-cp006_ses-20210324_level-02B_run-008,sub-cp006,4,10000,43,51,50,1,1,2.0,0.05,2.1431576681756352,0.01,2.097010045532045,2.097010045532045,0.9060418605804443,0.9267547726631165,0.9092928767204285,0.8346571922302246
sub-cp006_ses-20210324_level-02B_run-010,sub-cp006,4,10000,43,51,50,1,1,2.0,0.05,2.1158016134335598,0.01,1.6626052556174389,1.6626052556174389,0.892314612865448,0.908437967300415,0.8909879922866821,0.8166201114654541
sub-cp006_ses-20210324_level-03B_run-002,sub-cp006,4,10000,43,51,50,2,2,3.0,0.05,2.3067835248774884,0.01,2.946112957214309,2.946112957214309,0.8845865726470947,0.9119433164596558,0.9149820804595947,0.8296059966087341
sub-cp006_ses-20210324_level-03B_run-005,sub-cp006,4,10000,43,51,50,2,2,3.0,0.05,2.3341140352522416,0.01,2.6517775013248235,2.6517775013248235,0.8936802744865417,0.9121840000152588,0.9170081615447998,0.8541837334632874
sub-cp006_ses-20210324_level-03B_run-011,sub-cp006,4,10000,43,51,50,2,2,3.0,0.05,2.3043731138007266,0.01,2.910766252130048,2.910766252130048,0.8699109554290771,0.890168309211731,0.8944512009620667,0.8199593424797058
sub-cp006_ses-20210324_level-04B_run-004,sub-cp006,4,10000,43,51,50,3,3,4.0,0.05,3.0120651436633854,0.01,4.090042401981476,4.0,0.8674370050430298,0.8701276183128357,0.8883270621299744,0.9245883226394653
sub-cp006_ses-20210324_level-04B_run-006,sub-cp006,4,10000,43,51,50,3,3,4.0,0.05,2.932849999005353,0.01,3.5660967088030753,3.5660967088030753,0.875655472278595,0.8775019645690918,0.896353006362915,0.9238727688789368
sub-cp006_ses-20210324_level-04B_run-009,sub-cp006,4,10000,43,51,50,3,3,4.0,0.05,2.796613546583669,0.01,3.3840581198427877,3.3840581198427877,0.8812699317932129,0.8807613849639893,0.8965529203414917,0.9138550758361816
sub-cp012_ses-20210723_level-01B_run-001,sub-cp012,4,10000,43,51,50,0,1,1.0,0.05,2.079185259465686,0.01,1.2946020879712,1.2946020879712,0.9076324105262756,0.9183393120765686,0.9001592993736267,0.827178418636322
sub-cp012_ses-20210723_level-01B_run-007,sub-cp012,4,10000,43,51,50,0,0,1.0,0.05,1.9528204603706756,0.01,1.419909414864423,1.419909414864423,0.9297922253608704,0.9273852109909058,0.9023745059967041,0.8342173099517822
sub-cp012_ses-20210723_level-01B_run-012,sub-cp012,4,10000,43,51,50,0,0,1.0,0.05,1.9593918664687622,0.01,1.4398877515404593,1.4398877515404593,0.9242129921913147,0.9143761396408081,0.890404462814331,0.842337429523468
sub-cp012_ses-20210723_level-02B_run-003,sub-cp012,4,10000,43,51,50,1,1,2.0,0.05,2.214977662254916,0.01,2.2670172975925027,2.2670172975925027,0.8940460681915283,0.9217818379402161,0.9119699597358704,0.8268815875053406
sub-cp012_ses-20210723_level-02B_run-008,sub-cp012,4,10000,43,51,50,1,1,2.0,0.05,2.1212881752001764,0.01,2.0333539505639573,2.0333539505639573,0.9045325517654419,0.9313614368438721,0.9112513661384583,0.816593587398529
sub-cp012_ses-20210723_level-02B_run-010,sub-cp012,4,10000,43,51,50,1,1,2.0,0.05,2.16430762309937,0.01,2.261064252502334,2.261064252502334,0.8962029814720154,0.9227392673492432,0.9074153900146484,0.8197526335716248
sub-cp012_ses-20210723_level-03B_run-002,sub-cp012,4,10000,43,51,50,2,2,3.0,0.05,2.3484922761489306,0.01,3.0595129401695935,3.0595129401695935,0.877798855304718,0.9080848097801208,0.9153575897216797,0.8276925683021545
sub-cp012_ses-20210723_level-03B_run-005,sub-cp012,4,10000,43,51,50,2,2,3.0,0.05,2.3056702334813046,0.01,2.748514115954047,2.748514115954047,0.8814650177955627,0.9106562733650208,0.9142580628395081,0.8220052719116211
sub-cp012_ses-20210723_level-03B_run-011,sub-cp012,4,10000,43,51,50,2,2,3.0,0.05,2.3085100260257545,0.01,2.965672598599796,2.965672598599796,0.8949728012084961,0.923215389251709,0.9272168278694153,0.8372703194618225
sub-cp012_ses-20210723_level-04B_run-004,sub-cp012,4,10000,43,51,50,3,3,4.0,0.05,3.0534091876932443,0.01,4.133425258608054,4.0,0.8597848415374756,0.8673913478851318,0.8895264863967896,0.9233745336532593
sub-cp012_ses-20210723_level-04B_run-006,sub-cp012,4,10000,43,51,50,3,3,4.0,0.05,2.8906157368668666,0.01,3.7929109390890905,3.7929109390890905,0.8770130276679993,0.8839554786682129,0.9019368886947632,0.9221077561378479
sub-cp012_ses-20210723_level-04B_run-009,sub-cp012,4,10000,43,51,50,3,3,4.0,0.05,2.7822868215105867,0.01,3.7088883742490997,3.7088883742490997,0.8862557411193848,0.892245352268219,0.9071208834648132,0.9187791347503662
sub-cp018_ses-20210709_level-01B_run-001,sub-cp018,4,10000,43,51,50,0,1,1.0,0.05,2.0700374220490776,0.01,1.1297890555985337,1.1297890555985337,0.9083315134048462,0.9100049138069153,0.8959127068519592,0.8317261338233948
sub-cp018_ses-20210709_level-01B_run-007,sub-cp018,4,10000,43,51,50,0,1,1.0,0.05,2.1456371517329864,0.01,1.1002558222796315,1.1002558222796315,0.904261589050293,0.9056886434555054,0.8965880274772644,0.8446325063705444
sub-cp018_ses-20210709_level-01B_run-012,sub-cp018,4,10000,43,51,50,0,1,1.0,0.05,2.0921072563128016,0.01,0.7107325806601996,1.0,0.9015871286392212,0.902740478515625,0.8912040591239929,0.8292190432548523
sub-cp018_ses-20210709_level-02B_run-003,sub-cp018,4,10000,43,51,50,1,1,2.0,0.05,2.1374093668524803,0.01,1.8982630245211363,1.8982630245211363,0.8825976848602295,0.9006791114807129,0.8871519565582275,0.8043975234031677
sub-cp018_ses-20210709_level-02B_run-008,sub-cp018,4,10000,43,51,50,1,1,2.0,0.05,2.1657245190031365,0.01,1.6900948755901002,1.6900948755901002,0.8778340816497803,0.8990362882614136,0.8877030611038208,0.8020176291465759
sub-cp018_ses-20210709_level-02B_run-010,sub-cp018,4,10000,43,51,50,1,1,2.0,0.05,2.153469275781688,0.01,1.6844639451304046,1.6844639451304046,0.8964143395423889,0.9111559391021729,0.899192214012146,0.8274275660514832
sub-cp018_ses-20210709_level-03B_run-002,sub-cp018,4,10000,43,51,50,2,2,3.0,0.05,2.36611170119391,0.01,2.981601078940473,2.981601078940473,0.8982461094856262,0.9137718677520752,0.9209549427032471,0.8665759563446045
sub-cp018_ses-20210709_level-03B_run-005,sub-cp018,4,10000,43,51,50,2,2,3.0,0.05,2.307711816277786,0.01,3.033610360408795,3.033610360408795,0.881345808506012,0.9070724844932556,0.9112054705619812,0.8264575600624084
sub-cp018_ses-20210709_level-03B_run-011,sub-cp018,4,10000,43,51,50,2,2,3.0,0.05,2.3411952451939486,0.01,2.8564134372057275,2.8564134372057275,0.8784599900245667,0.8990912437438965,0.9067832231521606,0.8350229263305664
sub-cp018_ses-20210709_level-04B_run-004,sub-cp018,4,10000,43,51,50,3,3,4.0,0.05,3.0308585756208455,0.01,4.067765080920051,4.0,0.8500733971595764,0.8545889854431152,0.8740257024765015,0.9099381566047668
sub-cp018_ses-20210709_level-04B_run-006,sub-cp018,4,10000,43,51,50,3,3,4.0,0.05,2.926541108559184,0.01,3.934771803414848,3.934771803414848,0.851479709148407,0.852598249912262,0.8689227104187012,0.8988763093948364
sub-cp018_ses-20210709_level-04B_run-009,sub-cp018,4,10000,43,51,50,3,3,4.0,0.05,3.054693025764456,0.01,3.9473864664413845,3.9473864664413845,0.8488323092460632,0.8523183465003967,0.870459794998169,0.9108815789222717
sub-cp029_ses-20220119_level-01B_run-001,sub-cp029,4,10000,43,51,50,0,0,1.0,0.05,2.059844649120103,0.01,1.3398519839436875,1.3398519839436875,0.8733305931091309,0.8581073880195618,0.8485809564590454,0.8085317611694336
sub-cp029_ses-20220119_level-01B_run-007,sub-cp029,4,10000,43,51,50,0,0,1.0,0.05,1.9867908291292846,0.01,1.2050924921903188,1.2050924921903188,0.9275323152542114,0.9233409762382507,0.8999540209770203,0.8455918431282043
sub-cp029_ses-20220119_level-01B_run-012,sub-cp029,4,10000,43,51,50,0,0,1.0,0.05,1.9577007757685438,0.01,1.4114499251677741,1.4114499251677741,0.9281854033470154,0.9190220236778259,0.8974390029907227,0.8412508368492126
sub-cp029_ses-20220119_level-02B_run-003,sub-cp029,4,10000,43,51,50,1,1,2.0,0.05,2.0648605550373196,0.01,1.6159607514060852,1.6159607514060852,0.893008291721344,0.904524564743042,0.8828674554824829,0.812019407749176
sub-cp029_ses-20220119_level-02B_run-008,sub-cp029,4,10000,43,51,50,1,1,2.0,0.05,2.039136495814991,0.01,2.0574571401173407,2.0574571401173407,0.9133011102676392,0.9281908869743347,0.9033578038215637,0.8201395273208618
sub-cp029_ses-20220119_level-02B_run-010,sub-cp029,4,10000,43,51,50,1,1,2.0,0.05,2.0466253210974554,0.01,1.9498215264294831,1.9498215264294831,0.8930001258850098,0.9071273803710938,0.8842965364456177,0.8005441427230835
sub-cp029_ses-20220119_level-03B_run-002,sub-cp029,4,10000,43,51,50,2,2,3.0,0.05,2.3153057028222923,0.01,2.7433708250369295,2.7433708250369295,0.8765578269958496,0.8816848397254944,0.8846369385719299,0.8429310917854309
sub-cp029_ses-20220119_level-03B_run-005,sub-cp029,4,10000,43,51,50,2,2,3.0,0.05,2.2987911774585306,0.01,2.9365625575380734,2.9365625575380734,0.8904069662094116,0.9087257385253906,0.913701593875885,0.8393268585205078
sub-cp029_ses-20220119_level-03B_run-011,sub-cp029,4,10000,43,51,50,2,1,3.0,0.05,2.2067352043304926,0.01,2.7583507341425477,2.7583507341425477,0.897826075553894,0.9176565408706665,0.9139068722724915,0.8252384662628174
sub-cp029_ses-20220119_level-04B_run-004,sub-cp029,4,10000,43,51,50,3,3,4.0,0.05,3.191033756248971,0.01,4.13377658984982,4.0,0.8398741483688354,0.8450460433959961,0.8695629239082336,0.9179787635803223
sub-cp029_ses-20220119_level-04B_run-006,sub-cp029,4,10000,43,51,50,3,3,4.0,0.05,3.1480485778822804,0.01,3.868550944532494,3.868550944532494,0.8401992917060852,0.8387887477874756,0.8600863218307495,0.9106271862983704
sub-cp029_ses-20220119_level-04B_run-009,sub-cp029,4,10000,43,51,50,3,3,4.0,0.05,3.143155901974013,0.01,4.167596479234913,4.0,0.8254613280296326,0.8307029008865356,0.8538216948509216,0.8981289267539978
sub-cp036_ses-20211218_level-01B_run-001,sub-cp036,4,10000,43,51,50,0,0,1.0,0.05,2.1471057598641305,0.01,1.6508200615386048,1.6508200615386048,0.9109870195388794,0.8959259986877441,0.8828971982002258,0.867058277130127
sub-cp036_ses-20211218_level-01B_run-007,sub-cp036,4,10000,43,51,50,0,0,1.0,0.05,2.274723246395415,0.01,1.7474963459093122,1.7474963459093122,0.8494230508804321,0.8307787775993347,0.8232442140579224,0.8238391876220703
sub-cp036_ses-20211218_level-01B_run-012,sub-cp036,4,10000,43,51,50,0,0,1.0,0.05,2.1684503834912787,0.01,1.5289128282108293,1.5289128282108293,0.8491954207420349,0.8268234729766846,0.8150967359542847,0.8111448287963867
sub-cp036_ses-20211218_level-02B_run-003,sub-cp036,4,10000,43,51,50,1,0,2.0,0.05,2.1602717113397487,0.01,1.8348201648837512,1.8348201648837512,0.8822101950645447,0.8702217936515808,0.8615180850028992,0.8360776901245117
sub-cp036_ses-20211218_level-02B_run-008,sub-cp036,4,10000,43,51,50,1,0,2.0,0.05,2.3173537809622133,0.01,1.785943279677813,1.785943279677813,0.8558179140090942,0.8387311697006226,0.8327100276947021,0.8351448774337769
sub-cp036_ses-20211218_level-02B_run-010,sub-cp036,4,10000,43,51,50,1,0,2.0,0.05,2.360642363924898,0.01,1.7261164352501548,1.7261164352501548,0.8510542511940002,0.835121214389801,0.8282094597816467,0.8361996412277222
sub-cp036_ses-20211218_level-03B_run-002,sub-cp036,4,10000,43,51,50,2,2,3.0,0.05,2.441670593639205,0.01,2.5794757127989976,2.5794757127989976,0.8880441188812256,0.8880336880683899,0.8985141515731812,0.8747649788856506
sub-cp036_ses-20211218_level-03B_run-005,sub-cp036,4,10000,43,51,50,2,0,3.0,0.05,2.479908427519171,0.01,2.289180345994011,2.289180345994011,0.8321759104728699,0.8151223659515381,0.8224851489067078,0.8277985453605652
sub-cp036_ses-20211218_level-03B_run-011,sub-cp036,4,10000,43,51,50,2,0,3.0,0.05,2.45971453584941,0.01,2.573365683027448,2.573365683027448,0.8539184331893921,0.838299572467804,0.8443883061408997,0.8473091721534729
sub-cp036_ses-20211218_level-04B_run-004,sub-cp036,4,10000,43,51,50,3,3,4.0,0.05,2.8852903772738596,0.01,3.4299690951533615,3.4299690951533615,0.8452447056770325,0.8263735175132751,0.8440290093421936,0.8831766247749329
sub-cp036_ses-20211218_level-04B_run-006,sub-cp036,4,10000,43,51,50,3,3,4.0,0.05,2.7808584961970073,0.01,3.7757290561827044,3.7757290561827044,0.8476725816726685,0.8297637701034546,0.8454229831695557,0.8752685189247131
sub-cp036_ses-20211218_level-04B_run-009,sub-cp036,4,10000,43,51,50,3,3,4.0,0.05,2.8847120116597065,0.01,3.5355560494627687,3.5355560494627687,0.8362106084823608,0.8206027746200562,0.8366109132766724,0.874860405921936
sub-cp042_ses-20220111_level-01B_run-001,sub-cp042,4,10000,43,51,50,0,0,1.0,0.05,1.9442029764730004,0.01,1.060628776509778,1.060628776509778,0.9019312858581543,0.8938593864440918,0.8732908964157104,0.8059186935424805
sub-cp042_ses-20220111_level-01B_run-007,sub-cp042,4,10000,43,51,50,0,0,1.0,0.05,2.21918599790007,0.01,1.1913239006077154,1.1913239006077154,0.8941978216171265,0.8871783018112183,0.8803902864456177,0.8552544116973877
sub-cp042_ses-20220111_level-01B_run-012,sub-cp042,4,10000,43,51,50,0,0,1.0,0.05,2.268722834371845,0.01,1.5562138381442039,1.5562138381442039,0.776722252368927,0.7482303380966187,0.7430279850959778,0.7516219019889832
sub-cp042_ses-20220111_level-02B_run-003,sub-cp042,4,10000,43,51,50,1,1,2.0,0.05,2.1563439596753953,0.01,2.344379356352417,2.344379356352417,0.8850282430648804,0.9008910059928894,0.8891375064849854,0.8150830268859863
sub-cp042_ses-20220111_level-02B_run-008,sub-cp042,4,10000,43,51,50,1,1,2.0,0.05,2.201901104417435,0.01,2.065889048449745,2.065889048449745,0.8963303565979004,0.9146377444267273,0.9029660820960999,0.8399045467376709
sub-cp042_ses-20220111_level-02B_run-010,sub-cp042,4,10000,43,51,50,1,1,2.0,0.05,2.2959474986068265,0.01,1.8951409843184732,1.8951409843184732,0.8669140338897705,0.885993242263794,0.8819273710250854,0.8277614712715149
sub-cp042_ses-20220111_level-03B_run-002,sub-cp042,4,10000,43,51,50,2,3,3.0,0.05,2.8078399508342367,0.01,3.2492727773537466,3.2492727773537466,0.8551919460296631,0.8609849214553833,0.8817004561424255,0.8899345993995667
sub-cp042_ses-20220111_level-03B_run-005,sub-cp042,4,10000,43,51,50,2,3,3.0,0.05,2.8167963498444406,0.01,2.923637731129136,2.923637731129136,0.8288999199867249,0.8401228785514832,0.8592002391815186,0.8663692474365234
sub-cp042_ses-20220111_level-03B_run-011,sub-cp042,4,10000,43,51,50,2,2,3.0,0.05,2.6383391015546325,0.01,2.796686769849282,2.796686769849282,0.8535173535346985,0.8649193048477173,0.8790746927261353,0.8684946894645691
sub-cp042_ses-20220111_level-04B_run-004,sub-cp042,4,10000,43,51,50,3,3,4.0,0.05,3.2580724058060238,0.01,4.127111958825307,4.0,0.8129344582557678,0.8110232353210449,0.8326128125190735,0.8952826857566833
sub-cp042_ses-20220111_level-04B_run-006,sub-cp042,4,10000,43,51,50,3,3,4.0,0.05,3.142185784037177,0.01,3.5705299374157797,3.5705299374157797,0.8032148480415344,0.7989349961280823,0.8190921545028687,0.8718656897544861
sub-cp042_ses-20220111_level-04B_run-009,sub-cp042,4,10000,43,51,50,3,3,4.0,0.05,3.118311636637474,0.01,3.670490853246908,3.670490853246908,0.7635884284973145,0.7598424553871155,0.7800348997116089,0.8298869132995605
sub-cp003_ses-20210206_level-01B_run-001,sub-cp003,4,1000,44,51,50,0,0,1.0,0.05,2.021979570700274,0.1,0.8509405876577139,1.0,0.921154260635376,0.9005784392356873,0.8830707669258118,0.8598061800003052
sub-cp003_ses-20210206_level-01B_run-007,sub-cp003,4,1000,44,51,50,0,0,1.0,0.05,2.053756147631249,0.1,1.3131341368143885,1.3131341368143885,0.9281026721000671,0.9245210289955139,0.9035355448722839,0.8625783324241638
sub-cp003_ses-20210206_level-01B_run-012,sub-cp003,4,1000,44,51,50,0,0,1.0,0.05,1.9182976201596462,0.1,0.6361025005253067,1.0,0.9259041547775269,0.9072729349136353,0.8872124552726746,0.8385889530181885
sub-cp003_ses-20210206_level-02B_run-003,sub-cp003,4,1000,44,51,50,1,1,2.0,0.05,2.1384663348757895,0.1,1.6276120449079143,1.6276120449079143,0.9121430516242981,0.9337620735168457,0.9164748787879944,0.8367763757705688
sub-cp003_ses-20210206_level-02B_run-008,sub-cp003,4,1000,44,51,50,1,1,2.0,0.05,2.1049885174771252,0.1,1.6681204831491434,1.6681204831491434,0.9136358499526978,0.9342608451843262,0.9134160280227661,0.8322983980178833
sub-cp003_ses-20210206_level-02B_run-010,sub-cp003,4,1000,44,51,50,1,1,2.0,0.05,2.119800809392421,0.1,1.602912542003075,1.602912542003075,0.9176529049873352,0.9363085627555847,0.9141198396682739,0.8487177491188049
sub-cp003_ses-20210206_level-03B_run-002,sub-cp003,4,1000,44,51,50,2,2,3.0,0.05,2.2833572920568317,0.1,2.5750467071846477,2.5750467071846477,0.8962104916572571,0.9200317859649658,0.9212120771408081,0.8400282859802246
sub-cp003_ses-20210206_level-03B_run-005,sub-cp003,4,1000,44,51,50,2,2,3.0,0.05,2.378103704452388,0.1,2.9387000351639307,2.9387000351639307,0.8875249624252319,0.9051727056503296,0.9135242700576782,0.856394350528717
sub-cp003_ses-20210206_level-03B_run-011,sub-cp003,4,1000,44,51,50,2,2,3.0,0.05,2.4620907098486287,0.1,3.165615580334812,3.165615580334812,0.8793551921844482,0.8989507555961609,0.9128475189208984,0.8623650670051575
sub-cp003_ses-20210206_level-04B_run-004,sub-cp003,4,1000,44,51,50,3,3,4.0,0.05,2.9503616830344126,0.1,3.9662962051607638,3.9662962051607638,0.8647526502609253,0.8643494844436646,0.8813924193382263,0.9142354726791382
sub-cp003_ses-20210206_level-04B_run-006,sub-cp003,4,1000,44,51,50,3,3,4.0,0.05,3.139869130247562,0.1,4.02769613438094,4.0,0.8451558947563171,0.8446072936058044,0.8660168051719666,0.9150350689888
sub-cp003_ses-20210206_level-04B_run-009,sub-cp003,4,1000,44,51,50,3,3,4.0,0.05,3.1579336108185627,0.1,4.090314865189519,4.0,0.8424416780471802,0.8472850918769836,0.86812824010849,0.9164211750030518
sub-cp006_ses-20210324_level-01B_run-001,sub-cp006,4,1000,44,51,50,0,0,1.0,0.05,1.9422938524810105,0.1,1.4105844787192838,1.4105844787192838,0.9000918865203857,0.8926500678062439,0.8663416504859924,0.81209397315979
sub-cp006_ses-20210324_level-01B_run-007,sub-cp006,4,1000,44,51,50,0,0,1.0,0.05,1.9685773922015581,0.1,1.1247816551221885,1.1247816551221885,0.9176529049873352,0.9127860069274902,0.8901901245117188,0.8289398550987244
sub-cp006_ses-20210324_level-01B_run-012,sub-cp006,4,1000,44,51,50,0,0,1.0,0.05,1.9848396072623564,0.1,0.9346494327245689,1.0,0.9024532437324524,0.900867223739624,0.8802284598350525,0.8103347420692444
sub-cp006_ses-20210324_level-02B_run-003,sub-cp006,4,1000,44,51,50,1,1,2.0,0.05,2.1301302320009836,0.1,2.006069824120857,2.006069824120857,0.8651869297027588,0.8842491507530212,0.8668830394744873,0.790610134601593
sub-cp006_ses-20210324_level-02B_run-008,sub-cp006,4,1000,44,51,50,1,1,2.0,0.05,2.136876109520934,0.1,1.9317447376134491,1.9317447376134491,0.9061988592147827,0.9267000555992126,0.9082186222076416,0.8345373868942261
sub-cp006_ses-20210324_level-02B_run-010,sub-cp006,4,1000,44,51,50,1,1,2.0,0.05,2.0992218431095093,0.1,1.5410582703804203,1.5410582703804203,0.886439323425293,0.9033874869346619,0.8820691704750061,0.8101215362548828
sub-cp006_ses-20210324_level-03B_run-002,sub-cp006,4,1000,44,51,50,2,2,3.0,0.05,2.3715920254313074,0.1,2.9797211795173344,2.9797211795173344,0.8903748989105225,0.9226833581924438,0.9307677149772644,0.8460522890090942
sub-cp006_ses-20210324_level-03B_run-005,sub-cp006,4,1000,44,51,50,2,2,3.0,0.05,2.4420647562046622,0.1,3.0015449398448357,3.0015449398448357,0.8947176933288574,0.9122347235679626,0.9223760962486267,0.8772917985916138
sub-cp006_ses-20210324_level-03B_run-011,sub-cp006,4,1000,44,51,50,2,2,3.0,0.05,2.3593354933109634,0.1,2.795278837186813,2.795278837186813,0.8717010617256165,0.8996858596801758,0.9061342477798462,0.8300060629844666
sub-cp006_ses-20210324_level-04B_run-004,sub-cp006,4,1000,44,51,50,3,3,4.0,0.05,3.088509779888705,0.1,4.3393715984189285,4.0,0.8522129058837891,0.8645594716072083,0.8809051513671875,0.9214322566986084
sub-cp006_ses-20210324_level-04B_run-006,sub-cp006,4,1000,44,51,50,3,3,4.0,0.05,2.793615607755507,0.1,3.537695157216293,3.537695157216293,0.8836165070533752,0.8876357674598694,0.9041581153869629,0.9167943000793457
sub-cp006_ses-20210324_level-04B_run-009,sub-cp006,4,1000,44,51,50,3,3,4.0,0.05,2.7617364015076777,0.1,3.460397407457214,3.460397407457214,0.8771837949752808,0.8798911571502686,0.8963349461555481,0.9062923192977905
sub-cp012_ses-20210723_level-01B_run-001,sub-cp012,4,1000,44,51,50,0,1,1.0,0.05,2.0641724022363914,0.1,1.5296997523155866,1.5296997523155866,0.8970790505409241,0.9039650559425354,0.8829895257949829,0.8220629096031189
sub-cp012_ses-20210723_level-01B_run-007,sub-cp012,4,1000,44,51,50,0,0,1.0,0.05,1.918035746829614,0.1,1.3121740186519433,1.3121740186519433,0.9322011470794678,0.9270675778388977,0.8981486558914185,0.8347506523132324
sub-cp012_ses-20210723_level-01B_run-012,sub-cp012,4,1000,44,51,50,0,0,1.0,0.05,1.9235350573297247,0.1,0.8580082494158385,1.0,0.9268270134925842,0.911210834980011,0.885696530342102,0.8438133001327515
sub-cp012_ses-20210723_level-02B_run-003,sub-cp012,4,1000,44,51,50,1,1,2.0,0.05,2.221706655112156,0.1,2.0217692923002577,2.0217692923002577,0.9000104069709778,0.929010272026062,0.9174764752388,0.8379492163658142
sub-cp012_ses-20210723_level-02B_run-008,sub-cp012,4,1000,44,51,50,1,1,2.0,0.05,2.149785607865044,0.1,2.1172278803197893,2.1172278803197893,0.8965633511543274,0.9249411225318909,0.9064049124717712,0.8172650337219238
sub-cp012_ses-20210723_level-02B_run-010,sub-cp012,4,1000,44,51,50,1,1,2.0,0.05,2.1630346904782263,0.1,1.8997003368328325,1.8997003368328325,0.8941748738288879,0.9214757084846497,0.9013699293136597,0.826860785484314
sub-cp012_ses-20210723_level-03B_run-002,sub-cp012,4,1000,44,51,50,2,2,3.0,0.05,2.364806525967055,0.1,2.964004823423353,2.964004823423353,0.8807122707366943,0.9118671417236328,0.9181532263755798,0.8384289741516113
sub-cp012_ses-20210723_level-03B_run-005,sub-cp012,4,1000,44,51,50,2,2,3.0,0.05,2.357663823479195,0.1,3.014237525175602,3.014237525175602,0.8646440505981445,0.9006309509277344,0.9076501131057739,0.81209397315979
sub-cp012_ses-20210723_level-03B_run-011,sub-cp012,4,1000,44,51,50,2,2,3.0,0.05,2.336277251671912,0.1,2.9706664913790393,2.9706664913790393,0.8936862945556641,0.9255186319351196,0.9315798282623291,0.8388554453849792
sub-cp012_ses-20210723_level-04B_run-004,sub-cp012,4,1000,44,51,50,3,3,4.0,0.05,2.902468664476284,0.1,3.465263906149222,3.465263906149222,0.866815447807312,0.880416214466095,0.8975260257720947,0.9155148863792419
sub-cp012_ses-20210723_level-04B_run-006,sub-cp012,4,1000,44,51,50,3,3,4.0,0.05,2.7704977522871523,0.1,3.6944485444900073,3.6944485444900073,0.8777266144752502,0.8830940127372742,0.8954687118530273,0.9090644121170044
sub-cp012_ses-20210723_level-04B_run-009,sub-cp012,4,1000,44,51,50,3,3,4.0,0.05,2.6918997356117,0.1,3.4148706743761803,3.4148706743761803,0.8905377984046936,0.9019960761070251,0.9099239706993103,0.9143953919410706
sub-cp018_ses-20210709_level-01B_run-001,sub-cp018,4,1000,44,51,50,0,0,1.0,0.05,2.0648019778033495,0.1,1.561648243357154,1.561648243357154,0.9204757213592529,0.918666660785675,0.9035084843635559,0.8487710952758789
sub-cp018_ses-20210709_level-01B_run-007,sub-cp018,4,1000,44,51,50,0,0,1.0,0.05,2.0682819377535493,0.1,1.1842264157061395,1.1842264157061395,0.9186028838157654,0.9172752499580383,0.9029399752616882,0.8461589217185974
sub-cp018_ses-20210709_level-01B_run-012,sub-cp018,4,1000,44,51,50,0,1,1.0,0.05,2.0746347180112825,0.1,0.9130804194897109,1.0,0.9058188796043396,0.9073778986930847,0.8935467600822449,0.8305924534797668
sub-cp018_ses-20210709_level-02B_run-003,sub-cp018,4,1000,44,51,50,1,1,2.0,0.05,2.1531353948352683,0.1,1.5543751862666553,1.5543751862666553,0.8901306390762329,0.9124184846878052,0.8972824215888977,0.8155058026313782
sub-cp018_ses-20210709_level-02B_run-008,sub-cp018,4,1000,44,51,50,1,1,2.0,0.05,2.166954861956936,0.1,1.7414257318600228,1.7414257318600228,0.8819608092308044,0.9083492755889893,0.8914082646369934,0.8110277652740479
sub-cp018_ses-20210709_level-02B_run-010,sub-cp018,4,1000,44,51,50,1,1,2.0,0.05,2.093449373543727,0.1,1.2271637998826963,1.2271637998826963,0.9075016975402832,0.9144136905670166,0.8971741199493408,0.8367763757705688
sub-cp018_ses-20210709_level-03B_run-002,sub-cp018,4,1000,44,51,50,2,2,3.0,0.05,2.4153299721513326,0.1,3.0420441842177643,3.0420441842177643,0.9038103222846985,0.9199268221855164,0.9290081858634949,0.8818231225013733
sub-cp018_ses-20210709_level-03B_run-005,sub-cp018,4,1000,44,51,50,2,2,3.0,0.05,2.37302327502576,0.1,2.9403341320959546,2.9403341320959546,0.8837793469429016,0.9139936566352844,0.921157956123352,0.8438133001327515
sub-cp018_ses-20210709_level-03B_run-011,sub-cp018,4,1000,44,51,50,2,2,3.0,0.05,2.4215878352859472,0.1,2.7117047424663077,2.7117047424663077,0.8778623342514038,0.903807520866394,0.9174764752388,0.8470651507377625
sub-cp018_ses-20210709_level-04B_run-004,sub-cp018,4,1000,44,51,50,3,3,4.0,0.05,3.01243438915044,0.1,4.553194834635029,4.0,0.8505843877792358,0.8645594716072083,0.8855070471763611,0.9120497703552246
sub-cp018_ses-20210709_level-04B_run-006,sub-cp018,4,1000,44,51,50,3,3,4.0,0.05,2.9539202282465395,0.1,4.232495293983311,4.0,0.858401358127594,0.8679198622703552,0.8849115371704102,0.9115699529647827
sub-cp018_ses-20210709_level-04B_run-009,sub-cp018,4,1000,44,51,50,3,3,4.0,0.05,3.1037664922424724,0.1,3.9714644793451503,3.9714644793451503,0.8402160406112671,0.8498578667640686,0.8693734407424927,0.9101306200027466
sub-cp029_ses-20220119_level-01B_run-001,sub-cp029,4,1000,44,51,50,0,0,1.0,0.05,2.073855155508083,0.1,1.6644315586696823,1.6644315586696823,0.8791108727455139,0.8656883835792542,0.8530503511428833,0.8191308975219727
sub-cp029_ses-20220119_level-01B_run-007,sub-cp029,4,1000,44,51,50,0,0,1.0,0.05,1.9611329897658314,0.1,1.0509712416419494,1.0509712416419494,0.9279669523239136,0.9254924058914185,0.900368332862854,0.8362966179847717
sub-cp029_ses-20220119_level-01B_run-012,sub-cp029,4,1000,44,51,50,0,0,1.0,0.05,1.952011987355196,0.1,1.1336584904515168,1.1336584904515168,0.932282567024231,0.9216857552528381,0.8968222141265869,0.8503170609474182
sub-cp029_ses-20220119_level-02B_run-003,sub-cp029,4,1000,44,51,50,1,1,2.0,0.05,2.064151335182303,0.1,1.9664851651506106,1.9664851651506106,0.8841593265533447,0.8939364552497864,0.871403694152832,0.8074027299880981
sub-cp029_ses-20220119_level-02B_run-008,sub-cp029,4,1000,44,51,50,1,1,2.0,0.05,2.064125403887147,0.1,2.0447547751299657,2.0447547751299657,0.9045432209968567,0.9222633242607117,0.8957394361495972,0.8219029903411865
sub-cp029_ses-20220119_level-02B_run-010,sub-cp029,4,1000,44,51,50,1,1,2.0,0.05,2.0156964827395583,0.1,1.3933054974279846,1.3933054974279846,0.8936319947242737,0.9035187363624573,0.8777109384536743,0.8022316694259644
sub-cp029_ses-20220119_level-03B_run-002,sub-cp029,4,1000,44,51,50,2,2,3.0,0.05,2.319524960906608,0.1,2.144134785840113,2.144134785840113,0.8832365274429321,0.8891584277153015,0.8907315135002136,0.8513832688331604
sub-cp029_ses-20220119_level-03B_run-005,sub-cp029,4,1000,44,51,50,2,1,3.0,0.05,2.2612005109691697,0.1,2.8314265509645393,2.8314265509645393,0.8942562937736511,0.9112633466720581,0.9095720648765564,0.843066930770874
sub-cp029_ses-20220119_level-03B_run-011,sub-cp029,4,1000,44,51,50,2,1,3.0,0.05,2.27273086310892,0.1,2.723415039122264,2.723415039122264,0.8786765933036804,0.9014973044395447,0.9004766345024109,0.8239820599555969
sub-cp029_ses-20220119_level-04B_run-004,sub-cp029,4,1000,44,51,50,3,3,4.0,0.05,3.3302442238231644,0.1,4.40712288048826,4.0,0.8150822520256042,0.8254427313804626,0.854106068611145,0.9123696088790894
sub-cp029_ses-20220119_level-04B_run-006,sub-cp029,4,1000,44,51,50,3,3,4.0,0.05,3.321306904321302,0.1,4.2638995659517,4.0,0.8183122277259827,0.8247864246368408,0.8494771718978882,0.9120497703552246
sub-cp029_ses-20220119_level-04B_run-009,sub-cp029,4,1000,44,51,50,3,3,4.0,0.05,3.197371840505871,0.1,4.121001740534887,4.0,0.8176608085632324,0.8299319744110107,0.8549452424049377,0.8997352123260498
sub-cp036_ses-20211218_level-01B_run-001,sub-cp036,4,1000,44,51,50,0,0,1.0,0.05,2.1272964377797257,0.1,1.9799886484873097,1.9799886484873097,0.9278584122657776,0.9182466268539429,0.900314211845398,0.8807036280632019
sub-cp036_ses-20211218_level-01B_run-007,sub-cp036,4,1000,44,51,50,0,0,1.0,0.05,2.1766585421546347,0.1,1.9276501126930348,1.9276501126930348,0.8565556406974792,0.8346837162971497,0.8247082829475403,0.81870436668396
sub-cp036_ses-20211218_level-01B_run-012,sub-cp036,4,1000,44,51,50,0,0,1.0,0.05,2.0633851541369728,0.1,1.582561493300088,1.582561493300088,0.8410302996635437,0.8143640160560608,0.7981257438659668,0.7903969287872314
sub-cp036_ses-20211218_level-02B_run-003,sub-cp036,4,1000,44,51,50,1,0,2.0,0.05,2.0256786147575596,0.1,1.1390539276203127,1.1390539276203127,0.8984904885292053,0.8803899884223938,0.8650693297386169,0.8340575695037842
sub-cp036_ses-20211218_level-02B_run-008,sub-cp036,4,1000,44,51,50,1,0,2.0,0.05,2.232966924762293,0.1,1.4791244471685772,1.4791244471685772,0.8464858531951904,0.8274117112159729,0.8160730004310608,0.8167319297790527
sub-cp036_ses-20211218_level-02B_run-010,sub-cp036,4,1000,44,51,50,1,0,2.0,0.05,2.3081298104305854,0.1,1.559901913111704,1.559901913111704,0.8481687307357788,0.8291443586349487,0.8201335072517395,0.8277137279510498
sub-cp036_ses-20211218_level-03B_run-002,sub-cp036,4,1000,44,51,50,2,2,3.0,0.05,2.3109023914166986,0.1,2.567255874462245,2.567255874462245,0.8952062726020813,0.8912849426269531,0.8963891267776489,0.8633246421813965
sub-cp036_ses-20211218_level-03B_run-005,sub-cp036,4,1000,44,51,50,2,0,3.0,0.05,2.3991118376480487,0.1,2.36483756906684,2.36483756906684,0.8514257669448853,0.8339748978614807,0.839786171913147,0.8372028470039368
sub-cp036_ses-20211218_level-03B_run-011,sub-cp036,4,1000,44,51,50,2,0,3.0,0.05,2.472030918139306,0.1,2.613104116477137,2.613104116477137,0.8484672904014587,0.837099015712738,0.843494713306427,0.8430136442184448
sub-cp036_ses-20211218_level-04B_run-004,sub-cp036,4,1000,44,51,50,3,3,4.0,0.05,2.6930657412900723,0.1,2.764321917807104,2.764321917807104,0.8597041368484497,0.841141939163208,0.8516156673431396,0.8786778450012207
sub-cp036_ses-20211218_level-04B_run-006,sub-cp036,4,1000,44,51,50,3,3,4.0,0.05,2.557535638137397,0.1,2.819357823853982,2.819357823853982,0.8524571657180786,0.8346049785614014,0.8421683311462402,0.8572473526000977
sub-cp036_ses-20211218_level-04B_run-009,sub-cp036,4,1000,44,51,50,3,3,4.0,0.05,2.888684214665638,0.1,3.6162621848518817,3.6162621848518817,0.8312047719955444,0.8160442113876343,0.8373769521713257,0.8700949549674988
sub-cp042_ses-20220111_level-01B_run-001,sub-cp042,4,1000,44,51,50,0,0,1.0,0.05,1.9030751059431565,0.1,1.07421493523841,1.07421493523841,0.8987618684768677,0.8849579691886902,0.8613878488540649,0.8031912446022034
sub-cp042_ses-20220111_level-01B_run-007,sub-cp042,4,1000,44,51,50,0,0,1.0,0.05,2.2480312464110597,0.1,1.3057866249260746,1.3057866249260746,0.8741167187690735,0.8674735426902771,0.8564070463180542,0.8428537249565125
sub-cp042_ses-20220111_level-01B_run-012,sub-cp042,4,1000,44,51,50,0,0,1.0,0.05,2.3018364174623445,0.1,1.8401960767088061,1.8401960767088061,0.7686147093772888,0.7337676882743835,0.7279067039489746,0.7488152980804443
sub-cp042_ses-20220111_level-02B_run-003,sub-cp042,4,1000,44,51,50,1,1,2.0,0.05,2.118254739464767,0.1,2.085160749310406,2.085160749310406,0.8793008923530579,0.8965355157852173,0.8799306750297546,0.8008989095687866
sub-cp042_ses-20220111_level-02B_run-008,sub-cp042,4,1000,44,51,50,1,1,2.0,0.05,2.22846520995624,0.1,2.230199251284467,2.230199251284467,0.8877692818641663,0.9055140018463135,0.892978310585022,0.84120112657547
sub-cp042_ses-20220111_level-02B_run-010,sub-cp042,4,1000,44,51,50,1,1,2.0,0.05,2.2327576749933593,0.1,1.9982861434872894,1.9982861434872894,0.8744152784347534,0.8919674754142761,0.8813924193382263,0.8267541527748108
sub-cp042_ses-20220111_level-03B_run-002,sub-cp042,4,1000,44,51,50,2,3,3.0,0.05,2.834977548967551,0.1,2.986361085446136,2.986361085446136,0.8472187519073486,0.8616191744804382,0.8816631436347961,0.8877404928207397
sub-cp042_ses-20220111_level-03B_run-005,sub-cp042,4,1000,44,51,50,2,3,3.0,0.05,2.946777728833039,0.1,2.90641942022074,2.90641942022074,0.8251792192459106,0.8413519859313965,0.860765278339386,0.8799039721488953
sub-cp042_ses-20220111_level-03B_run-011,sub-cp042,4,1000,44,51,50,2,3,3.0,0.05,2.7506618725223904,0.1,2.669017610157298,2.669017610157298,0.84149169921875,0.8529294729232788,0.867938756942749,0.8713744282722473
sub-cp042_ses-20220111_level-04B_run-004,sub-cp042,4,1000,44,51,50,3,3,4.0,0.05,3.2256982674773003,0.1,3.918326553614512,3.918326553614512,0.8015925884246826,0.8098222613334656,0.8315027952194214,0.8847018480300903
sub-cp042_ses-20220111_level-04B_run-006,sub-cp042,4,1000,44,51,50,3,3,4.0,0.05,3.235753604687017,0.1,3.718753501346323,3.718753501346323,0.798362672328949,0.8016051054000854,0.8263324499130249,0.8807036280632019
sub-cp042_ses-20220111_level-04B_run-009,sub-cp042,4,1000,44,51,50,3,3,4.0,0.05,3.1388977630313812,0.1,3.895672584373198,3.895672584373198,0.7436167001724243,0.7392020225524902,0.7596054673194885,0.8118807673454285
sub-cp003_ses-20210206_level-01B_run-001,sub-cp003,4,2000,44,51,50,0,0,1.0,0.05,2.035472035405899,0.1,0.7660432390835559,1.0,0.915727972984314,0.8987879753112793,0.880974292755127,0.8546785116195679
sub-cp003_ses-20210206_level-01B_run-007,sub-cp003,4,2000,44,51,50,0,0,1.0,0.05,2.0276840520180777,0.1,1.3012222440679988,1.3012222440679988,0.9255064129829407,0.922356903553009,0.9000914096832275,0.8536684513092041
sub-cp003_ses-20210206_level-01B_run-012,sub-cp003,4,2000,44,51,50,0,0,1.0,0.05,1.9066569935593216,0.1,0.7525251858170741,1.0,0.9284575581550598,0.9136680960655212,0.8888707756996155,0.8378528356552124
sub-cp003_ses-20210206_level-02B_run-003,sub-cp003,4,2000,44,51,50,1,1,2.0,0.05,2.1145304919175616,0.1,1.8410337227179472,1.8410337227179472,0.9082615971565247,0.9315584301948547,0.9116240739822388,0.8240574598312378
sub-cp003_ses-20210206_level-02B_run-008,sub-cp003,4,2000,44,51,50,1,1,2.0,0.05,2.1000626216979095,0.1,1.7545890102632034,1.7545890102632034,0.9085472226142883,0.930546224117279,0.9088155627250671,0.8240574598312378
sub-cp003_ses-20210206_level-02B_run-010,sub-cp003,4,2000,44,51,50,1,1,2.0,0.05,2.109386395185224,0.1,1.804333300246097,1.804333300246097,0.9137696027755737,0.9319396018981934,0.9112577438354492,0.8385173678398132
sub-cp003_ses-20210206_level-03B_run-002,sub-cp003,4,2000,44,51,50,2,1,3.0,0.05,2.260107665953595,0.1,2.7124983806621223,2.7124983806621223,0.8902416229248047,0.912248432636261,0.9119361639022827,0.8300647139549255
sub-cp003_ses-20210206_level-03B_run-005,sub-cp003,4,2000,44,51,50,2,2,3.0,0.05,2.3592685157790836,0.1,2.907589290141169,2.907589290141169,0.8874264359474182,0.9045060276985168,0.9126009941101074,0.8518077731132507
sub-cp003_ses-20210206_level-03B_run-011,sub-cp003,4,2000,44,51,50,2,2,3.0,0.05,2.4681386408446557,0.1,3.0827269412851432,3.0827269412851432,0.8816056251525879,0.9023502469062805,0.9188421964645386,0.8630514740943909
sub-cp003_ses-20210206_level-04B_run-004,sub-cp003,4,2000,44,51,50,3,3,4.0,0.05,2.933855723887623,0.1,3.809899979307725,3.809899979307725,0.8712696433067322,0.8718538880348206,0.8905125260353088,0.9192166328430176
sub-cp003_ses-20210206_level-04B_run-006,sub-cp003,4,2000,44,51,50,3,3,4.0,0.05,3.1032700058342293,0.1,4.072442522248152,4.0,0.8548000454902649,0.8521758913993835,0.8731592297554016,0.9199343323707581
sub-cp003_ses-20210206_level-04B_run-009,sub-cp003,4,2000,44,51,50,3,3,4.0,0.05,3.133405985572061,0.1,3.9744730221529383,3.9744730221529383,0.8364808559417725,0.8374140858650208,0.8563215136528015,0.906085729598999
sub-cp006_ses-20210324_level-01B_run-001,sub-cp006,4,2000,44,51,50,0,0,1.0,0.05,1.9492613692547203,0.1,1.274430182039461,1.274430182039461,0.8928936123847961,0.8886268734931946,0.8625355958938599,0.8015701174736023
sub-cp006_ses-20210324_level-01B_run-007,sub-cp006,4,2000,44,51,50,0,0,1.0,0.05,1.9519411733653398,0.1,1.1079691226832802,1.1079691226832802,0.9162448048591614,0.9120907187461853,0.889332115650177,0.819512128829956
sub-cp006_ses-20210324_level-01B_run-012,sub-cp006,4,2000,44,51,50,0,1,1.0,0.05,2.0007871692630763,0.1,1.0736211307807912,1.0736211307807912,0.8999248147010803,0.9002339243888855,0.8793461918830872,0.8112720847129822
sub-cp006_ses-20210324_level-02B_run-003,sub-cp006,4,2000,44,51,50,1,1,2.0,0.05,2.1689805599965037,0.1,2.270614291080501,2.270614291080501,0.855398416519165,0.8754162192344666,0.8623592257499695,0.786977231502533
sub-cp006_ses-20210324_level-02B_run-008,sub-cp006,4,2000,44,51,50,1,1,2.0,0.05,2.110664931706809,0.1,1.9692625524560026,1.9692625524560026,0.8991904258728027,0.9184265732765198,0.8985582590103149,0.8209474682807922
sub-cp006_ses-20210324_level-02B_run-010,sub-cp006,4,2000,44,51,50,1,1,2.0,0.05,2.104272301814216,0.1,1.5959138898764957,1.5959138898764957,0.8796471953392029,0.8945947289466858,0.8761305809020996,0.803085207939148
sub-cp006_ses-20210324_level-03B_run-002,sub-cp006,4,2000,44,51,50,2,2,3.0,0.05,2.399683736193184,0.1,2.97735282492923,2.97735282492923,0.8724528551101685,0.9068589806556702,0.9178788661956787,0.8315266370773315
sub-cp006_ses-20210324_level-03B_run-005,sub-cp006,4,2000,44,51,50,2,2,3.0,0.05,2.4206004515287067,0.1,3.1732452448068593,3.1732452448068593,0.8887864351272583,0.9061623215675354,0.9172683358192444,0.8655234575271606
sub-cp006_ses-20210324_level-03B_run-011,sub-cp006,4,2000,44,51,50,2,2,3.0,0.05,2.365299685161457,0.1,2.9349974711119904,2.9349974711119904,0.8589344620704651,0.8861424922943115,0.8935109972953796,0.8184489011764526
sub-cp006_ses-20210324_level-04B_run-004,sub-cp006,4,2000,44,51,50,3,3,4.0,0.05,3.070010694013688,0.1,4.218564789754555,4.0,0.859709620475769,0.8670691251754761,0.8857637643814087,0.924931526184082
sub-cp006_ses-20210324_level-04B_run-006,sub-cp006,4,2000,44,51,50,3,3,4.0,0.05,2.833134971244167,0.1,3.504423476004627,3.504423476004627,0.8787631988525391,0.8795174360275269,0.8971742987632751,0.9156016707420349
sub-cp006_ses-20210324_level-04B_run-009,sub-cp006,4,2000,44,51,50,3,3,4.0,0.05,2.816932413865071,0.1,3.402151353720469,3.402151353720469,0.87434321641922,0.8769015669822693,0.8939316272735596,0.9098336100578308
sub-cp012_ses-20210723_level-01B_run-001,sub-cp012,4,2000,44,51,50,0,1,1.0,0.05,2.052603198968439,0.1,1.2978698060713982,1.2978698060713982,0.8978440165519714,0.909369707107544,0.8858994245529175,0.8151794672012329
sub-cp012_ses-20210723_level-01B_run-007,sub-cp012,4,2000,44,51,50,0,0,1.0,0.05,1.9125343164135702,0.1,1.330629770702537,1.330629770702537,0.9266215562820435,0.9189392328262329,0.8909466862678528,0.8304102420806885
sub-cp012_ses-20210723_level-01B_run-012,sub-cp012,4,2000,44,51,50,0,0,1.0,0.05,1.9520190264784176,0.1,1.1154900044042415,1.1154900044042415,0.9264311790466309,0.912419319152832,0.8880431652069092,0.8483256697654724
sub-cp012_ses-20210723_level-02B_run-003,sub-cp012,4,2000,44,51,50,1,1,2.0,0.05,2.2483234370208645,0.1,2.1224435456804422,2.1224435456804422,0.8887320160865784,0.9185711741447449,0.9113527536392212,0.8277787566184998
sub-cp012_ses-20210723_level-02B_run-008,sub-cp012,4,2000,44,51,50,1,1,2.0,0.05,2.126252890945868,0.1,2.075484638259284,2.075484638259284,0.8879976272583008,0.917756199836731,0.8961838483810425,0.8005599975585938
sub-cp012_ses-20210723_level-02B_run-010,sub-cp012,4,2000,44,51,50,1,1,2.0,0.05,2.167430016111446,0.1,1.8843113016671151,1.8843113016671151,0.891533613204956,0.9201485514640808,0.902913510799408,0.8177312016487122
sub-cp012_ses-20210723_level-03B_run-002,sub-cp012,4,2000,44,51,50,2,2,3.0,0.05,2.383939608369162,0.1,3.170935542319743,3.170935542319743,0.8720040321350098,0.9047426581382751,0.9137678146362305,0.8303570747375488
sub-cp012_ses-20210723_level-03B_run-005,sub-cp012,4,2000,44,51,50,2,2,3.0,0.05,2.3500422072024554,0.1,2.948263469493588,2.948263469493588,0.8610016703605652,0.8983147740364075,0.9031984806060791,0.8084545135498047
sub-cp012_ses-20210723_level-03B_run-011,sub-cp012,4,2000,44,51,50,2,2,3.0,0.05,2.349132336530434,0.1,2.8877105688364963,2.8877105688364963,0.8802456259727478,0.9153900742530823,0.9221256375312805,0.8253067135810852
sub-cp012_ses-20210723_level-04B_run-004,sub-cp012,4,2000,44,51,50,3,3,4.0,0.05,2.982124543253774,0.1,3.6896467832852253,3.6896467832852253,0.8599408268928528,0.87028968334198,0.8911230564117432,0.9165319800376892
sub-cp012_ses-20210723_level-04B_run-006,sub-cp012,4,2000,44,51,50,3,3,4.0,0.05,2.876179995849352,0.1,3.653505934864603,3.653505934864603,0.8723440170288086,0.8798854947090149,0.89939945936203,0.9158408641815186
sub-cp012_ses-20210723_level-04B_run-009,sub-cp012,4,2000,44,51,50,3,3,4.0,0.05,2.7847321651951287,0.1,3.604378356899358,3.604378356899358,0.8832648396492004,0.8932276368141174,0.9074994325637817,0.9171433448791504
sub-cp018_ses-20210709_level-01B_run-001,sub-cp018,4,2000,44,51,50,0,1,1.0,0.05,2.0778750191643587,0.1,1.513193815535125,1.513193815535125,0.9116479754447937,0.912248432636261,0.8988295793533325,0.8382781744003296
sub-cp018_ses-20210709_level-01B_run-007,sub-cp018,4,2000,44,51,50,0,1,1.0,0.05,2.1208913478668574,0.1,1.0648928094265786,1.0648928094265786,0.9094175696372986,0.910697340965271,0.9009733200073242,0.8434613943099976
sub-cp018_ses-20210709_level-01B_run-012,sub-cp018,4,2000,44,51,50,0,1,1.0,0.05,2.081879530856556,0.1,0.9624477017673359,1.0,0.9042767882347107,0.9063594937324524,0.8936466574668884,0.8289217352867126
sub-cp018_ses-20210709_level-02B_run-003,sub-cp018,4,2000,44,51,50,1,1,2.0,0.05,2.1551156718420015,0.1,1.8873787128581783,1.8873787128581783,0.8808032274246216,0.9035990238189697,0.8882466554641724,0.8067267537117004
sub-cp018_ses-20210709_level-02B_run-008,sub-cp018,4,2000,44,51,50,1,1,2.0,0.05,2.161874280086522,0.1,1.7747435503676496,1.7747435503676496,0.8751320242881775,0.9006150960922241,0.8840270638465881,0.8025004267692566
sub-cp018_ses-20210709_level-02B_run-010,sub-cp018,4,2000,44,51,50,1,1,2.0,0.05,2.1266939948453567,0.1,1.43704730587805,1.43704730587805,0.8981704115867615,0.9103161096572876,0.8952341079711914,0.8284698724746704
sub-cp018_ses-20210709_level-03B_run-002,sub-cp018,4,2000,44,51,50,2,2,3.0,0.05,2.3854291768413853,0.1,2.838930402961784,2.838930402961784,0.8942264318466187,0.9110522270202637,0.9222069978713989,0.8621211051940918
sub-cp018_ses-20210709_level-03B_run-005,sub-cp018,4,2000,44,51,50,2,2,3.0,0.05,2.359172276473409,0.1,3.085855167784774,3.085855167784774,0.8751592040061951,0.9029812216758728,0.9108099937438965,0.8309950232505798
sub-cp018_ses-20210709_level-03B_run-011,sub-cp018,4,2000,44,51,50,2,2,3.0,0.05,2.396663071871109,0.1,2.7237998307999147,2.7237998307999147,0.872153639793396,0.896605908870697,0.9091954231262207,0.8359922170639038
sub-cp018_ses-20210709_level-04B_run-004,sub-cp018,4,2000,44,51,50,3,3,4.0,0.05,3.046918175482352,0.1,4.410540672747735,4.0,0.8530184626579285,0.8605492115020752,0.8832401633262634,0.9158674478530884
sub-cp018_ses-20210709_level-04B_run-006,sub-cp018,4,2000,44,51,50,3,3,4.0,0.05,2.9895153048601903,0.1,4.260671477790142,4.0,0.8592336177825928,0.8651368021965027,0.8856959342956543,0.9150434732437134
sub-cp018_ses-20210709_level-04B_run-009,sub-cp018,4,2000,44,51,50,3,3,4.0,0.05,3.060936423595355,0.1,3.998383695100801,3.998383695100801,0.8501896262168884,0.8546602725982666,0.8756421208381653,0.9133688807487488
sub-cp029_ses-20220119_level-01B_run-001,sub-cp029,4,2000,44,51,50,0,0,1.0,0.05,1.9960891145081407,0.1,1.4062256193695784,1.4062256193695784,0.8727248311042786,0.8561456799507141,0.8402707576751709,0.8000815510749817
sub-cp029_ses-20220119_level-01B_run-007,sub-cp029,4,2000,44,51,50,0,0,1.0,0.05,1.9580553050479481,0.1,1.016539786554409,1.016539786554409,0.9269751906394958,0.9230404496192932,0.8977577686309814,0.8371086120605469
sub-cp029_ses-20220119_level-01B_run-012,sub-cp029,4,2000,44,51,50,0,0,1.0,0.05,1.996777839456969,0.1,1.4613597231817825,1.4613597231817825,0.9246903657913208,0.9158369898796082,0.8979748487472534,0.8448967933654785
sub-cp029_ses-20220119_level-02B_run-003,sub-cp029,4,2000,44,51,50,1,1,2.0,0.05,2.087258643542253,0.1,1.7594870503902835,1.7594870503902835,0.8811160326004028,0.8933590650558472,0.8748009204864502,0.8021548986434937
sub-cp029_ses-20220119_level-02B_run-008,sub-cp029,4,2000,44,51,50,1,1,2.0,0.05,2.0375931222140014,0.1,1.9344849274632774,1.9344849274632774,0.8982111811637878,0.9174012541770935,0.8875139951705933,0.8068596720695496
sub-cp029_ses-20220119_level-02B_run-010,sub-cp029,4,2000,44,51,50,1,1,2.0,0.05,2.0519482144220462,0.1,1.5975916347126202,1.5975916347126202,0.883455216884613,0.8974340558052063,0.8752893805503845,0.7924262881278992
sub-cp029_ses-20220119_level-03B_run-002,sub-cp029,4,2000,44,51,50,2,2,3.0,0.05,2.315118388821095,0.1,2.2979589808127003,2.2979589808127003,0.8738808035850525,0.8805558681488037,0.883294403553009,0.8395805954933167
sub-cp029_ses-20220119_level-03B_run-005,sub-cp029,4,2000,44,51,50,2,2,3.0,0.05,2.3039670033396735,0.1,2.917095509085322,2.917095509085322,0.8839720487594604,0.9031389355659485,0.9061155319213867,0.837241530418396
sub-cp029_ses-20220119_level-03B_run-011,sub-cp029,4,2000,44,51,50,2,1,3.0,0.05,2.2504091606353755,0.1,2.783679052654492,2.783679052654492,0.8793752193450928,0.9044008851051331,0.9009054899215698,0.8177843689918518
sub-cp029_ses-20220119_level-04B_run-004,sub-cp029,4,2000,44,51,50,3,3,4.0,0.05,3.265542899267233,0.1,4.252511712708204,4.0,0.8217248916625977,0.8270689845085144,0.8545712828636169,0.9087437987327576
sub-cp029_ses-20220119_level-04B_run-006,sub-cp029,4,2000,44,51,50,3,3,4.0,0.05,3.269482292885,0.1,4.233661580860847,4.0,0.8192360997200012,0.8215875029563904,0.844300389289856,0.904809832572937
sub-cp029_ses-20220119_level-04B_run-009,sub-cp029,4,2000,44,51,50,3,3,4.0,0.05,3.2104046925364798,0.1,4.088744931965815,4.0,0.8084512948989868,0.8170524835586548,0.84100341796875,0.8902170062065125
sub-cp036_ses-20211218_level-01B_run-001,sub-cp036,4,2000,44,51,50,0,0,1.0,0.05,2.12501936743518,0.1,1.8631081038586208,1.8631081038586208,0.9191960096359253,0.9065303802490234,0.8883687853813171,0.8733648061752319
sub-cp036_ses-20211218_level-01B_run-007,sub-cp036,4,2000,44,51,50,0,0,1.0,0.05,2.2392605260507117,0.1,1.9148447320050308,1.9148447320050308,0.8518760204315186,0.83160400390625,0.8246269822120667,0.8214259147644043
sub-cp036_ses-20211218_level-01B_run-012,sub-cp036,4,2000,44,51,50,0,0,1.0,0.05,2.1360718687965465,0.1,1.6133278816697374,1.6133278816697374,0.8458104729652405,0.8217715620994568,0.8081827759742737,0.8043345212936401
sub-cp036_ses-20211218_level-02B_run-003,sub-cp036,4,2000,44,51,50,1,0,2.0,0.05,2.0605150904230785,0.1,1.4459910948816255,1.4459910948816255,0.892526388168335,0.8776508569717407,0.8652084469795227,0.8305431604385376
sub-cp036_ses-20211218_level-02B_run-008,sub-cp036,4,2000,44,51,50,1,0,2.0,0.05,2.315619484181024,0.1,1.7462213328963745,1.7462213328963745,0.8455928564071655,0.8280285596847534,0.8222119212150574,0.824695348739624
sub-cp036_ses-20211218_level-02B_run-010,sub-cp036,4,2000,44,51,50,1,0,2.0,0.05,2.34643507662024,0.1,1.8133163532170113,1.8133163532170113,0.8422064781188965,0.8244136571884155,0.8169069290161133,0.825971245765686
sub-cp036_ses-20211218_level-03B_run-002,sub-cp036,4,2000,44,51,50,2,2,3.0,0.05,2.3536472803195796,0.1,2.544835208959291,2.544835208959291,0.8908672332763672,0.8885349035263062,0.8972014784812927,0.8637691140174866
sub-cp036_ses-20211218_level-03B_run-005,sub-cp036,4,2000,44,51,50,2,3,3.0,0.05,2.531879378571308,0.1,2.6790186028103,2.6790186028103,0.8355424404144287,0.8208908438682556,0.8305290341377258,0.836789608001709
sub-cp036_ses-20211218_level-03B_run-011,sub-cp036,4,2000,44,51,50,2,3,3.0,0.05,2.586510651668508,0.1,2.9976558611693047,2.9976558611693047,0.8471432328224182,0.8338123559951782,0.8444089293479919,0.8547050952911377
sub-cp036_ses-20211218_level-04B_run-004,sub-cp036,4,2000,44,51,50,3,3,4.0,0.05,2.797020246132407,0.1,2.9551357910664935,2.9551357910664935,0.8525424599647522,0.8340358138084412,0.8487642407417297,0.8817908763885498
sub-cp036_ses-20211218_level-04B_run-006,sub-cp036,4,2000,44,51,50,3,3,4.0,0.05,2.72463414894597,0.1,3.0993421204344624,3.0993421204344624,0.848408043384552,0.8322218060493469,0.8478958606719971,0.870307981967926
sub-cp036_ses-20211218_level-04B_run-009,sub-cp036,4,2000,44,51,50,3,3,4.0,0.05,2.971865650448631,0.1,3.5529514099090096,3.5529514099090096,0.8232616782188416,0.8108612298965454,0.8340430855751038,0.8714509606361389
sub-cp042_ses-20220111_level-01B_run-001,sub-cp042,4,2000,44,51,50,0,0,1.0,0.05,1.9068424341486168,0.1,1.0094790743181616,1.0094790743181616,0.8965927958488464,0.8863922357559204,0.861775815486908,0.7970779538154602
sub-cp042_ses-20220111_level-01B_run-007,sub-cp042,4,2000,44,51,50,0,0,1.0,0.05,2.214441762899404,0.1,1.0663098093524446,1.0663098093524446,0.8770224452018738,0.8674503564834595,0.8574205040931702,0.8405375480651855
sub-cp042_ses-20220111_level-01B_run-012,sub-cp042,4,2000,44,51,50,0,0,1.0,0.05,2.3425979391570237,0.1,2.0750065546104457,2.0750065546104457,0.7644961476325989,0.73276686668396,0.7327048182487488,0.7473452687263489
sub-cp042_ses-20220111_level-02B_run-003,sub-cp042,4,2000,44,51,50,1,1,2.0,0.05,2.1287992637469797,0.1,2.0966509749938305,2.0966509749938305,0.8717592358589172,0.8882062435150146,0.8736069798469543,0.7950843572616577
sub-cp042_ses-20220111_level-02B_run-008,sub-cp042,4,2000,44,51,50,1,1,2.0,0.05,2.2355622383906746,0.1,2.095319700645562,2.095319700645562,0.8870863914489746,0.9006019830703735,0.8922085165977478,0.8406704068183899
sub-cp042_ses-20220111_level-02B_run-010,sub-cp042,4,2000,44,51,50,1,1,2.0,0.05,2.2496302831669417,0.1,1.9262668539245937,1.9262668539245937,0.8634088635444641,0.8808976411819458,0.8723044395446777,0.8181033134460449
sub-cp042_ses-20220111_level-03B_run-002,sub-cp042,4,2000,44,51,50,2,3,3.0,0.05,2.839049964462934,0.1,3.122006389057907,3.122006389057907,0.841526448726654,0.8488633632659912,0.868980348110199,0.8805150389671326
sub-cp042_ses-20220111_level-03B_run-005,sub-cp042,4,2000,44,51,50,2,3,3.0,0.05,2.8103232057393024,0.1,2.8847449572751396,2.8847449572751396,0.8169921040534973,0.8332471251487732,0.8493069410324097,0.8555024862289429
sub-cp042_ses-20220111_level-03B_run-011,sub-cp042,4,2000,44,51,50,2,2,3.0,0.05,2.6667616041563305,0.1,2.627765194098964,2.627765194098964,0.8426416516304016,0.849336564540863,0.8634446263313293,0.8609781265258789
sub-cp042_ses-20220111_level-04B_run-004,sub-cp042,4,2000,44,51,50,3,3,4.0,0.05,3.233493194519353,0.1,3.68769942446006,3.68769942446006,0.8141496777534485,0.8128592371940613,0.8336632251739502,0.8939383029937744
sub-cp042_ses-20220111_level-04B_run-006,sub-cp042,4,2000,44,51,50,3,3,4.0,0.05,3.2216812811473927,0.1,3.776658650031144,3.776658650031144,0.7911385297775269,0.7906705141067505,0.8167033791542053,0.8704409003257751
sub-cp042_ses-20220111_level-04B_run-009,sub-cp042,4,2000,44,51,50,3,3,4.0,0.05,3.1937108799792657,0.1,3.8548205612238116,3.8548205612238116,0.7507465481758118,0.7500525116920471,0.7741546034812927,0.8266623616218567
sub-cp003_ses-20210206_level-01B_run-001,sub-cp003,4,5000,44,51,50,0,0,1.0,0.05,2.036908993024636,0.01,0.6533110441452945,1.0,0.9215474724769592,0.9073610305786133,0.8924918174743652,0.8557051420211792
sub-cp003_ses-20210206_level-01B_run-007,sub-cp003,4,5000,44,51,50,0,0,1.0,0.05,2.0514797437479357,0.01,1.141109586892736,1.141109586892736,0.9309841990470886,0.9282264709472656,0.9102314114570618,0.8602912425994873
sub-cp003_ses-20210206_level-01B_run-012,sub-cp003,4,5000,44,51,50,0,0,1.0,0.05,1.975833305593174,0.01,0.9274385594110544,1.0,0.9322811365127563,0.9204851388931274,0.9016781449317932,0.8513844609260559
sub-cp003_ses-20210206_level-02B_run-003,sub-cp003,4,5000,44,51,50,1,1,2.0,0.05,2.1401873940884535,0.01,2.011033953640189,2.011033953640189,0.9101300835609436,0.9358420372009277,0.917486310005188,0.8305346965789795
sub-cp003_ses-20210206_level-02B_run-008,sub-cp003,4,5000,44,51,50,1,1,2.0,0.05,2.132395911937699,0.01,1.9490554157700641,1.9490554157700641,0.9126099944114685,0.935826301574707,0.9175782799720764,0.8336239457130432
sub-cp003_ses-20210206_level-02B_run-010,sub-cp003,4,5000,44,51,50,1,1,2.0,0.05,2.1373831491347977,0.01,2.0740306597924327,2.0740306597924327,0.9137875437736511,0.934248685836792,0.9164150953292847,0.8410763740539551
sub-cp003_ses-20210206_level-03B_run-002,sub-cp003,4,5000,44,51,50,2,2,3.0,0.05,2.2795672681533374,0.01,3.034505811598775,3.034505811598775,0.8971661329269409,0.9192115068435669,0.9209865927696228,0.8405030965805054
sub-cp003_ses-20210206_level-03B_run-005,sub-cp003,4,5000,44,51,50,2,2,3.0,0.05,2.368944490509407,0.01,3.258170714511097,3.258170714511097,0.8946428298950195,0.91265469789505,0.9207215309143066,0.8611511588096619
sub-cp003_ses-20210206_level-03B_run-011,sub-cp003,4,5000,44,51,50,2,2,3.0,0.05,2.418265641673356,0.01,3.2251704193706745,3.2251704193706745,0.8941815495491028,0.9151023626327515,0.9273596405982971,0.8673190474510193
sub-cp003_ses-20210206_level-04B_run-004,sub-cp003,4,5000,44,51,50,3,3,4.0,0.05,2.922965741414294,0.01,3.9768485161157248,3.9768485161157248,0.8769360780715942,0.8723651766777039,0.8875308036804199,0.9223309755325317
sub-cp003_ses-20210206_level-04B_run-006,sub-cp003,4,5000,44,51,50,3,3,4.0,0.05,3.092797759958283,0.01,4.086593391040752,4.0,0.8581982851028442,0.8520553112030029,0.8689797520637512,0.9208234548568726
sub-cp003_ses-20210206_level-04B_run-009,sub-cp003,4,5000,44,51,50,3,3,4.0,0.05,3.1092682010236876,0.01,3.898769063889198,3.898769063889198,0.8459181189537048,0.8415465950965881,0.8582948446273804,0.9108763337135315
sub-cp006_ses-20210324_level-01B_run-001,sub-cp006,4,5000,44,51,50,0,0,1.0,0.05,1.991355265271289,0.01,1.4961838192461672,1.4961838192461672,0.8834099173545837,0.8793936967849731,0.8566015362739563,0.8018822073936462
sub-cp006_ses-20210324_level-01B_run-007,sub-cp006,4,5000,44,51,50,0,0,1.0,0.05,1.9851062208091463,0.01,1.2622395921228269,1.2622395921228269,0.9081277251243591,0.9079533219337463,0.8869357109069824,0.8138888478279114
sub-cp006_ses-20210324_level-01B_run-012,sub-cp006,4,5000,44,51,50,0,1,1.0,0.05,2.0478632752869874,0.01,0.995801613625106,1.0,0.8997708559036255,0.9010453224182129,0.8838195204734802,0.8211183547973633
sub-cp006_ses-20210324_level-02B_run-003,sub-cp006,4,5000,44,51,50,1,1,2.0,0.05,2.181451832522071,0.01,2.0666212305113727,2.0666212305113727,0.8613945245742798,0.8795876502990723,0.8688011765480042,0.7961602210998535
sub-cp006_ses-20210324_level-02B_run-008,sub-cp006,4,5000,44,51,50,1,1,2.0,0.05,2.156291273676963,0.01,2.2312933616700925,2.2312933616700925,0.8977793455123901,0.9193530082702637,0.9040260910987854,0.8262458443641663
sub-cp006_ses-20210324_level-02B_run-010,sub-cp006,4,5000,44,51,50,1,1,2.0,0.05,2.141511934787458,0.01,1.4275449068333577,1.4275449068333577,0.8802679777145386,0.896988570690155,0.881374180316925,0.8106191754341125
sub-cp006_ses-20210324_level-03B_run-002,sub-cp006,4,5000,44,51,50,2,2,3.0,0.05,2.362856524782246,0.01,2.9320102963315,2.9320102963315,0.8801648616790771,0.9120991230010986,0.9185358285903931,0.8360549807548523
sub-cp006_ses-20210324_level-03B_run-005,sub-cp006,4,5000,44,51,50,2,2,3.0,0.05,2.350162137341772,0.01,3.046909388022594,3.046909388022594,0.892304003238678,0.9108884334564209,0.9157496690750122,0.8573081493377686
sub-cp006_ses-20210324_level-03B_run-011,sub-cp006,4,5000,44,51,50,2,2,3.0,0.05,2.3517148359278353,0.01,2.9628701271176494,2.9628701271176494,0.8664140701293945,0.8899076581001282,0.8968631625175476,0.8251736164093018
sub-cp006_ses-20210324_level-04B_run-004,sub-cp006,4,5000,44,51,50,3,3,4.0,0.05,3.0458068921573185,0.01,4.2204960198505646,4.0,0.8660559058189392,0.8694248199462891,0.8859240412712097,0.9270656704902649
sub-cp006_ses-20210324_level-04B_run-006,sub-cp006,4,5000,44,51,50,3,3,4.0,0.05,2.8675030977683384,0.01,3.7457451205478343,3.7457451205478343,0.8782926797866821,0.8760340809822083,0.8917398452758789,0.9183499813079834
sub-cp006_ses-20210324_level-04B_run-009,sub-cp006,4,5000,44,51,50,3,3,4.0,0.05,2.8452617412259817,0.01,3.781067179360109,3.781067179360109,0.8753895163536072,0.8755780458450317,0.8919508457183838,0.9135727882385254
sub-cp012_ses-20210723_level-01B_run-001,sub-cp012,4,5000,44,51,50,0,1,1.0,0.05,2.076503732029768,0.01,1.120903577021628,1.120903577021628,0.901469349861145,0.912298321723938,0.8932492733001709,0.8214262127876282
sub-cp012_ses-20210723_level-01B_run-007,sub-cp012,4,5000,44,51,50,0,0,1.0,0.05,1.9350534162222053,0.01,1.3601825821516667,1.3601825821516667,0.9292585849761963,0.9220627546310425,0.8972256183624268,0.8356621861457825
sub-cp012_ses-20210723_level-01B_run-012,sub-cp012,4,5000,44,51,50,0,0,1.0,0.05,1.982646878680875,0.01,1.474801778384058,1.474801778384058,0.9256173968315125,0.9105687141418457,0.8896894454956055,0.8531891703605652
sub-cp012_ses-20210723_level-02B_run-003,sub-cp012,4,5000,44,51,50,1,1,2.0,0.05,2.242505210494389,0.01,2.0938692324888737,2.0938692324888737,0.8870728015899658,0.914861261844635,0.9081972241401672,0.8251630067825317
sub-cp012_ses-20210723_level-02B_run-008,sub-cp012,4,5000,44,51,50,1,1,2.0,0.05,2.1494175389425507,0.01,2.1345190477929252,2.1345190477929252,0.8965529203414917,0.9262295365333557,0.907683253288269,0.814313530921936
sub-cp012_ses-20210723_level-02B_run-010,sub-cp012,4,5000,44,51,50,1,1,2.0,0.05,2.1839399958996277,0.01,1.8653405357751869,1.8653405357751869,0.8887550234794617,0.9167481064796448,0.9023759961128235,0.8172222971916199
sub-cp012_ses-20210723_level-03B_run-002,sub-cp012,4,5000,44,51,50,2,2,3.0,0.05,2.3643454417239282,0.01,3.056402097030473,3.056402097030473,0.8707444071769714,0.9025495648384094,0.910702109336853,0.8237617015838623
sub-cp012_ses-20210723_level-03B_run-005,sub-cp012,4,5000,44,51,50,2,2,3.0,0.05,2.322865030903729,0.01,2.9567627628774944,2.9567627628774944,0.8716506361961365,0.9054060578346252,0.9076129198074341,0.8174239993095398
sub-cp012_ses-20210723_level-03B_run-011,sub-cp012,4,5000,44,51,50,2,2,3.0,0.05,2.358230382724602,0.01,3.003668853289028,3.003668853289028,0.8831548690795898,0.9174190163612366,0.9248493909835815,0.8321164846420288
sub-cp012_ses-20210723_level-04B_run-004,sub-cp012,4,5000,44,51,50,3,3,4.0,0.05,2.970853865773955,0.01,3.8960503634010166,3.8960503634010166,0.8647915124893188,0.8727320432662964,0.8900410532951355,0.9192841649055481
sub-cp012_ses-20210723_level-04B_run-006,sub-cp012,4,5000,44,51,50,3,3,4.0,0.05,2.888507332875439,0.01,3.591565176077827,3.591565176077827,0.8749011158943176,0.8791316151618958,0.896830677986145,0.9189550876617432
sub-cp012_ses-20210723_level-04B_run-009,sub-cp012,4,5000,44,51,50,3,3,4.0,0.05,2.7708477583924376,0.01,3.522390740986113,3.522390740986113,0.887686014175415,0.894132137298584,0.9075967073440552,0.9191567897796631
sub-cp018_ses-20210709_level-01B_run-001,sub-cp018,4,5000,44,51,50,0,1,1.0,0.05,2.0934784460952733,0.01,1.1176410389527618,1.1176410389527618,0.9099510312080383,0.9099869132041931,0.8981670141220093,0.8400253653526306
sub-cp018_ses-20210709_level-01B_run-007,sub-cp018,4,5000,44,51,50,0,0,1.0,0.05,2.137455557734907,0.01,0.8402978040314504,1.0,0.9085347056388855,0.908493161201477,0.8996439576148987,0.8477962613105774
sub-cp018_ses-20210709_level-01B_run-012,sub-cp018,4,5000,44,51,50,0,0,1.0,0.05,2.0988015432047833,0.01,0.631003137909564,1.0,0.9035260081291199,0.9019677639007568,0.8920211791992188,0.8345581293106079
sub-cp018_ses-20210709_level-02B_run-003,sub-cp018,4,5000,44,51,50,1,1,2.0,0.05,2.158572529522186,0.01,1.8725515997284012,1.8725515997284012,0.8779345750808716,0.8998188972473145,0.886145830154419,0.8031455278396606
sub-cp018_ses-20210709_level-02B_run-008,sub-cp018,4,5000,44,51,50,1,1,2.0,0.05,2.1828200067249566,0.01,1.630151359565378,1.630151359565378,0.8751073479652405,0.8999394178390503,0.8874064087867737,0.8039841651916504
sub-cp018_ses-20210709_level-02B_run-010,sub-cp018,4,5000,44,51,50,1,1,2.0,0.05,2.1604571674443904,0.01,1.3593652613505083,1.3593652613505083,0.8919349908828735,0.9052907228469849,0.8935684561729431,0.827063262462616
sub-cp018_ses-20210709_level-03B_run-002,sub-cp018,4,5000,44,51,50,2,2,3.0,0.05,2.3979367281501034,0.01,2.8935200760793593,2.8935200760793593,0.8947079181671143,0.9121201038360596,0.9226691126823425,0.8663423657417297
sub-cp018_ses-20210709_level-03B_run-005,sub-cp018,4,5000,44,51,50,2,2,3.0,0.05,2.352287188483051,0.01,3.025522138879974,3.025522138879974,0.8754926323890686,0.9033200144767761,0.9109455347061157,0.8290378451347351
sub-cp018_ses-20210709_level-03B_run-011,sub-cp018,4,5000,44,51,50,2,2,3.0,0.05,2.3756463367513474,0.01,2.6539962480774135,2.6539962480774135,0.8748631477355957,0.8968523144721985,0.9067906141281128,0.8379552364349365
sub-cp018_ses-20210709_level-04B_run-004,sub-cp018,4,5000,44,51,50,3,3,4.0,0.05,3.013588641896823,0.01,4.327725966005736,4.0,0.8522074222564697,0.8565418124198914,0.8754284977912903,0.9101119637489319
sub-cp018_ses-20210709_level-04B_run-006,sub-cp018,4,5000,44,51,50,3,3,4.0,0.05,2.913052405833726,0.01,4.408001156145268,4.0,0.8567820191383362,0.8586331009864807,0.8748063445091248,0.9029355645179749
sub-cp018_ses-20210709_level-04B_run-009,sub-cp018,4,5000,44,51,50,3,3,4.0,0.05,3.0110439206254553,0.01,4.040030558256066,4.0,0.8536128997802734,0.8548593521118164,0.8713655471801758,0.9101437926292419
sub-cp029_ses-20220119_level-01B_run-001,sub-cp029,4,5000,44,51,50,0,0,1.0,0.05,2.040672043931375,0.01,1.4744056131645977,1.4744056131645977,0.8738592267036438,0.8578625917434692,0.8456299304962158,0.8079863786697388
sub-cp029_ses-20220119_level-01B_run-007,sub-cp029,4,5000,44,51,50,0,0,1.0,0.05,1.9992561459167295,0.01,1.2225651508445563,1.2225651508445563,0.9275383353233337,0.922896146774292,0.9015374779701233,0.8474990129470825
sub-cp029_ses-20220119_level-01B_run-012,sub-cp029,4,5000,44,51,50,0,0,1.0,0.05,2.011352954193658,0.01,1.358607315371957,1.358607315371957,0.926529049873352,0.9187765121459961,0.90123450756073,0.8493674397468567
sub-cp029_ses-20220119_level-02B_run-003,sub-cp029,4,5000,44,51,50,1,1,2.0,0.05,2.0815351683941654,0.01,1.8425617941870527,1.8425617941870527,0.8890209197998047,0.9011239409446716,0.8811739683151245,0.8106722235679626
sub-cp029_ses-20220119_level-02B_run-008,sub-cp029,4,5000,44,51,50,1,1,2.0,0.05,2.043137761189625,0.01,1.9132747926783893,1.9132747926783893,0.9045407772064209,0.9208101034164429,0.8945476412773132,0.8138994574546814
sub-cp029_ses-20220119_level-02B_run-010,sub-cp029,4,5000,44,51,50,1,1,2.0,0.05,2.0697282526875207,0.01,1.742564554079743,1.742564554079743,0.8888527154922485,0.9028902649879456,0.8818610906600952,0.8039311170578003
sub-cp029_ses-20220119_level-03B_run-002,sub-cp029,4,5000,44,51,50,2,2,3.0,0.05,2.286302097018874,0.01,2.763311954402387,2.763311954402387,0.8798609972000122,0.8839430809020996,0.8860971331596375,0.8410444855690002
sub-cp029_ses-20220119_level-03B_run-005,sub-cp029,4,5000,44,51,50,2,2,3.0,0.05,2.308742467663384,0.01,2.9532380769933044,2.9532380769933044,0.8896558284759521,0.9095047116279602,0.9136505722999573,0.8419150114059448
sub-cp029_ses-20220119_level-03B_run-011,sub-cp029,4,5000,44,51,50,2,1,3.0,0.05,2.217843897177958,0.01,2.8426360225565412,2.8426360225565412,0.8904969692230225,0.9137134552001953,0.9077590107917786,0.8227531909942627
sub-cp029_ses-20220119_level-04B_run-004,sub-cp029,4,5000,44,51,50,3,3,4.0,0.05,3.195800663141549,0.01,4.180987469459248,4.0,0.8343487977981567,0.8393871784210205,0.8630015850067139,0.9128509163856506
sub-cp029_ses-20220119_level-04B_run-006,sub-cp029,4,5000,44,51,50,3,3,4.0,0.05,3.175247343342561,0.01,4.055904431917981,4.0,0.8345712423324585,0.8354195356369019,0.8537558317184448,0.9086363315582275
sub-cp029_ses-20220119_level-04B_run-009,sub-cp029,4,5000,44,51,50,3,3,4.0,0.05,3.1086542002680138,0.01,4.049260678495905,4.0,0.8191599249839783,0.8278931379318237,0.8488975763320923,0.8893153071403503
sub-cp036_ses-20211218_level-01B_run-001,sub-cp036,4,5000,44,51,50,0,0,1.0,0.05,2.1452611366732146,0.01,1.4908866388868178,1.4908866388868178,0.9191381335258484,0.9025810360908508,0.8870276808738708,0.8770856857299805
sub-cp036_ses-20211218_level-01B_run-007,sub-cp036,4,5000,44,51,50,0,0,1.0,0.05,2.333817806516901,0.01,1.896791727341674,1.896791727341674,0.8477034568786621,0.8296961188316345,0.8262078166007996,0.8284327387809753
sub-cp036_ses-20211218_level-01B_run-012,sub-cp036,4,5000,44,51,50,0,0,1.0,0.05,2.199702802693998,0.01,1.4932575381531041,1.4932575381531041,0.8446808457374573,0.8217450976371765,0.8099289536476135,0.8114684224128723
sub-cp036_ses-20211218_level-02B_run-003,sub-cp036,4,5000,44,51,50,1,0,2.0,0.05,2.121349971014859,0.01,1.2854030770440525,1.2854030770440525,0.8912240862846375,0.8743830323219299,0.8651169538497925,0.8409065008163452
sub-cp036_ses-20211218_level-02B_run-008,sub-cp036,4,5000,44,51,50,1,0,2.0,0.05,2.335617171161806,0.01,1.7113110626802817,1.7113110626802817,0.8544648885726929,0.8365201950073242,0.8302653431892395,0.8364371657371521
sub-cp036_ses-20211218_level-02B_run-010,sub-cp036,4,5000,44,51,50,1,0,2.0,0.05,2.3479354904122793,0.01,1.3503185803094198,1.3503185803094198,0.8525330424308777,0.8362581729888916,0.8268137574195862,0.8369361162185669
sub-cp036_ses-20211218_level-03B_run-002,sub-cp036,4,5000,44,51,50,2,2,3.0,0.05,2.3792588622472364,0.01,2.7987462469009037,2.7987462469009037,0.8924450874328613,0.8872712850570679,0.8944773077964783,0.8719050884246826
sub-cp036_ses-20211218_level-03B_run-005,sub-cp036,4,5000,44,51,50,2,0,3.0,0.05,2.4854684407396217,0.01,2.5035339563874954,2.5035339563874954,0.8417831063270569,0.8261792063713074,0.8326836228370667,0.8382737636566162
sub-cp036_ses-20211218_level-03B_run-011,sub-cp036,4,5000,44,51,50,2,3,3.0,0.05,2.5426248894350314,0.01,2.8719762972504146,2.8719762972504146,0.8556912541389465,0.8418034315109253,0.8488651514053345,0.8589217662811279
sub-cp036_ses-20211218_level-04B_run-004,sub-cp036,4,5000,44,51,50,3,3,4.0,0.05,2.8010098780852015,0.01,3.218850732623097,3.218850732623097,0.8562881946563721,0.8361009359359741,0.849514365196228,0.8857695460319519
sub-cp036_ses-20211218_level-04B_run-006,sub-cp036,4,5000,44,51,50,3,3,4.0,0.05,2.7340192984899447,0.01,3.390065729884267,3.390065729884267,0.8535423874855042,0.8354405164718628,0.849460244178772,0.8764063119888306
sub-cp036_ses-20211218_level-04B_run-009,sub-cp036,4,5000,44,51,50,3,3,4.0,0.05,2.873154673119447,0.01,3.5831792584466005,3.5831792584466005,0.8335456252098083,0.8199630975723267,0.8382560014724731,0.8713318705558777
sub-cp042_ses-20220111_level-01B_run-001,sub-cp042,4,5000,44,51,50,0,0,1.0,0.05,1.9430589175926758,0.01,0.9802052212338719,1.0,0.8990383148193359,0.8911236524581909,0.8692393898963928,0.80474853515625
sub-cp042_ses-20220111_level-01B_run-007,sub-cp042,4,5000,44,51,50,0,0,1.0,0.05,2.196274620629814,0.01,1.0369705070444273,1.0369705070444273,0.8889829516410828,0.878214418888092,0.8693422079086304,0.8490701913833618
sub-cp042_ses-20220111_level-01B_run-012,sub-cp042,4,5000,44,51,50,0,0,1.0,0.05,2.3260455997052865,0.01,2.3095701379322087,2.3095701379322087,0.7767354249954224,0.7492428421974182,0.7446998953819275,0.7583567500114441
sub-cp042_ses-20220111_level-02B_run-003,sub-cp042,4,5000,44,51,50,1,1,2.0,0.05,2.121718274341655,0.01,2.2661384406242044,2.2661384406242044,0.8806966543197632,0.8985661864280701,0.8813038468360901,0.8041964769363403
sub-cp042_ses-20220111_level-02B_run-008,sub-cp042,4,5000,44,51,50,1,1,2.0,0.05,2.2449182430104218,0.01,2.125973374209752,2.125973374209752,0.893454372882843,0.9080790877342224,0.8991407752037048,0.8493886590003967
sub-cp042_ses-20220111_level-02B_run-010,sub-cp042,4,5000,44,51,50,1,1,2.0,0.05,2.3119158738095815,0.01,1.8357120628335966,1.8357120628335966,0.8583665490150452,0.875960648059845,0.8720905184745789,0.8240589499473572
sub-cp042_ses-20220111_level-03B_run-002,sub-cp042,4,5000,44,51,50,2,3,3.0,0.05,2.769037749881786,0.01,3.2261423179486477,3.2261423179486477,0.8515453934669495,0.858009397983551,0.8769757747650146,0.8819265961647034
sub-cp042_ses-20220111_level-03B_run-005,sub-cp042,4,5000,44,51,50,2,3,3.0,0.05,2.779901053602549,0.01,3.0316418114128947,3.0316418114128947,0.8251508474349976,0.8393505215644836,0.8583760261535645,0.858730673789978
sub-cp042_ses-20220111_level-03B_run-011,sub-cp042,4,5000,44,51,50,2,2,3.0,0.05,2.6256444115296604,0.01,2.6315486272305315,2.6315486272305315,0.8492934107780457,0.8564736843109131,0.8700022101402283,0.8622658252716064
sub-cp042_ses-20220111_level-04B_run-004,sub-cp042,4,5000,44,51,50,3,3,4.0,0.05,3.2231194156466056,0.01,3.8459941874346124,3.8459941874346124,0.8151986002922058,0.8107961416244507,0.8299190998077393,0.8924576044082642
sub-cp042_ses-20220111_level-04B_run-006,sub-cp042,4,5000,44,51,50,3,3,4.0,0.05,3.113966667059196,0.01,3.8842250597064543,3.8842250597064543,0.8071619272232056,0.8051827549934387,0.8271762132644653,0.8737310767173767
sub-cp042_ses-20220111_level-04B_run-009,sub-cp042,4,5000,44,51,50,3,3,4.0,0.05,3.1058108380376357,0.01,3.912192504393406,3.912192504393406,0.7667886018753052,0.7623197436332703,0.7821104526519775,0.831479549407959
sub-cp003_ses-20210206_level-01B_run-001,sub-cp003,4,10000,44,51,50,0,0,1.0,0.05,2.0585551955088706,0.01,0.7542872707923021,1.0,0.9186310172080994,0.905333936214447,0.8914545178413391,0.8561769723892212
sub-cp003_ses-20210206_level-01B_run-007,sub-cp003,4,10000,44,51,50,0,0,1.0,0.05,2.041390788179425,0.01,1.3555501522015065,1.3555501522015065,0.9295147061347961,0.9272058606147766,0.9085551500320435,0.8560389876365662
sub-cp003_ses-20210206_level-01B_run-012,sub-cp003,4,10000,44,51,50,0,0,1.0,0.05,1.9738009117296373,0.01,0.956171354399685,1.0,0.930051326751709,0.9189567565917969,0.8995886445045471,0.8482760787010193
sub-cp003_ses-20210206_level-02B_run-003,sub-cp003,4,10000,44,51,50,1,1,2.0,0.05,2.133271337185371,0.01,1.9022556247316673,1.9022556247316673,0.9125523567199707,0.9361541867256165,0.9184160828590393,0.83194899559021
sub-cp003_ses-20210206_level-02B_run-008,sub-cp003,4,10000,44,51,50,1,1,2.0,0.05,2.1362740911900815,0.01,1.9924471568423712,1.9924471568423712,0.9142515659332275,0.9367486834526062,0.919451117515564,0.8362469673156738
sub-cp003_ses-20210206_level-02B_run-010,sub-cp003,4,10000,44,51,50,1,1,2.0,0.05,2.1381891356286946,0.01,2.09393346565274,2.09393346565274,0.9137176871299744,0.9336664080619812,0.916886568069458,0.8399665951728821
sub-cp003_ses-20210206_level-03B_run-002,sub-cp003,4,10000,44,51,50,2,2,3.0,0.05,2.265007202391573,0.01,2.8815382816208137,2.8815382816208137,0.9027825593948364,0.9209575057029724,0.9226507544517517,0.845575213432312
sub-cp003_ses-20210206_level-03B_run-005,sub-cp003,4,10000,44,51,50,2,2,3.0,0.05,2.364574222127703,0.01,3.2492243732583175,3.2492243732583175,0.8997011780738831,0.9161311388015747,0.9240478277206421,0.866205632686615
sub-cp003_ses-20210206_level-03B_run-011,sub-cp003,4,10000,44,51,50,2,2,3.0,0.05,2.406050554558774,0.01,3.137845613689958,3.137845613689958,0.8988258242607117,0.9184801578521729,0.9292607307434082,0.8711244463920593
sub-cp003_ses-20210206_level-04B_run-004,sub-cp003,4,10000,44,51,50,3,3,4.0,0.05,2.972402892253836,0.01,4.044420616243552,4.0,0.8743511438369751,0.870166540145874,0.8857497572898865,0.9250404238700867
sub-cp003_ses-20210206_level-04B_run-006,sub-cp003,4,10000,44,51,50,3,3,4.0,0.05,3.118106785880487,0.01,4.164639219045226,4.0,0.8551421165466309,0.8516885042190552,0.8700922131538391,0.9214375019073486
sub-cp003_ses-20210206_level-04B_run-009,sub-cp003,4,10000,44,51,50,3,3,4.0,0.05,3.1363868191318316,0.01,3.877149679709048,3.877149679709048,0.844383180141449,0.8401345014572144,0.8573856353759766,0.9122684597969055
sub-cp006_ses-20210324_level-01B_run-001,sub-cp006,4,10000,44,51,50,0,0,1.0,0.05,2.006568347027016,0.01,1.307805244792673,1.307805244792673,0.8872023224830627,0.8836374878883362,0.8632444143295288,0.8065748810768127
sub-cp006_ses-20210324_level-01B_run-007,sub-cp006,4,10000,44,51,50,0,0,1.0,0.05,1.9769993868782645,0.01,1.0722981027020135,1.0722981027020135,0.9107338786125183,0.9099743962287903,0.8887575268745422,0.8144969940185547
sub-cp006_ses-20210324_level-01B_run-012,sub-cp006,4,10000,44,51,50,0,1,1.0,0.05,2.0320188066203677,0.01,1.1919253562684817,1.1919253562684817,0.8988312482833862,0.9012643694877625,0.8833636045455933,0.8132287859916687
sub-cp006_ses-20210324_level-02B_run-003,sub-cp006,4,10000,44,51,50,1,1,2.0,0.05,2.152983317551798,0.01,2.015772778419048,2.015772778419048,0.8636599183082581,0.880607545375824,0.869446337223053,0.7892183661460876
sub-cp006_ses-20210324_level-02B_run-008,sub-cp006,4,10000,44,51,50,1,1,2.0,0.05,2.1578808010463413,0.01,2.2036390140237536,2.2036390140237536,0.9005006551742554,0.9221307039260864,0.9071714878082275,0.8287811875343323
sub-cp006_ses-20210324_level-02B_run-010,sub-cp006,4,10000,44,51,50,1,1,2.0,0.05,2.120756466183079,0.01,1.7409922662478219,1.7409922662478219,0.8838770389556885,0.8995883464813232,0.8836284279823303,0.8079014420509338
sub-cp006_ses-20210324_level-03B_run-002,sub-cp006,4,10000,44,51,50,2,2,3.0,0.05,2.330611041196215,0.01,2.9263563820000043,2.9263563820000043,0.8831318020820618,0.9128628969192505,0.9178810119628906,0.8310045003890991
sub-cp006_ses-20210324_level-03B_run-005,sub-cp006,4,10000,44,51,50,2,2,3.0,0.05,2.3252689509684292,0.01,3.0211260263978055,3.0211260263978055,0.8945710062980652,0.9121584296226501,0.9160947799682617,0.8543993830680847
sub-cp006_ses-20210324_level-03B_run-011,sub-cp006,4,10000,44,51,50,2,2,3.0,0.05,2.3227702352095885,0.01,3.0446011069165317,3.0446011069165317,0.8696166276931763,0.8928581476211548,0.8988590240478516,0.8199464082717896
sub-cp006_ses-20210324_level-04B_run-004,sub-cp006,4,10000,44,51,50,3,3,4.0,0.05,3.0199221856824003,0.01,4.199528575027621,4.0,0.8690366744995117,0.8733064532279968,0.8904545903205872,0.9275926947593689
sub-cp006_ses-20210324_level-04B_run-006,sub-cp006,4,10000,44,51,50,3,3,4.0,0.05,2.895614320640261,0.01,3.647456702691913,3.647456702691913,0.8764731287956238,0.8748252987861633,0.8911788463592529,0.919707715511322
sub-cp006_ses-20210324_level-04B_run-009,sub-cp006,4,10000,44,51,50,3,3,4.0,0.05,2.840796493408668,0.01,3.6469291150118006,3.6469291150118006,0.8771398067474365,0.876590371131897,0.8923949003219604,0.9146880507469177
sub-cp012_ses-20210723_level-01B_run-001,sub-cp012,4,10000,44,51,50,0,1,1.0,0.05,2.0651040521924293,0.01,1.2918632097500917,1.2918632097500917,0.9044492244720459,0.915497362613678,0.89571613073349,0.82053542137146
sub-cp012_ses-20210723_level-01B_run-007,sub-cp012,4,10000,44,51,50,0,0,1.0,0.05,1.9380694830446172,0.01,1.3546916534910411,1.3546916534910411,0.9286908507347107,0.9223140478134155,0.8978483080863953,0.8340290188789368
sub-cp012_ses-20210723_level-01B_run-012,sub-cp012,4,10000,44,51,50,0,0,1.0,0.05,1.9867237898085977,0.01,1.3762439978778533,1.3762439978778533,0.9265905618667603,0.9130200147628784,0.8927651643753052,0.8529348969459534
sub-cp012_ses-20210723_level-02B_run-003,sub-cp012,4,10000,44,51,50,1,1,2.0,0.05,2.2242209258099788,0.01,2.183557185876656,2.183557185876656,0.8890316486358643,0.9167255759239197,0.90845787525177,0.8225942254066467
sub-cp012_ses-20210723_level-02B_run-008,sub-cp012,4,10000,44,51,50,1,1,2.0,0.05,2.1425204336835098,0.01,2.1204422456709784,2.1204422456709784,0.9018909335136414,0.929843008518219,0.9123843908309937,0.8161100745201111
sub-cp012_ses-20210723_level-02B_run-010,sub-cp012,4,10000,44,51,50,1,1,2.0,0.05,2.17300814422873,0.01,1.8290136348851265,1.8290136348851265,0.8916658163070679,0.9190091490745544,0.9044097065925598,0.8163223266601562
sub-cp012_ses-20210723_level-03B_run-002,sub-cp012,4,10000,44,51,50,2,2,3.0,0.05,2.347676259193608,0.01,3.0306939041014846,3.0306939041014846,0.8765896558761597,0.908138632774353,0.9155353903770447,0.8242126107215881
sub-cp012_ses-20210723_level-03B_run-005,sub-cp012,4,10000,44,51,50,2,2,3.0,0.05,2.3153939226685942,0.01,2.8875210269585,2.8875210269585,0.8758010268211365,0.9083926677703857,0.9114629030227661,0.8173782229423523
sub-cp012_ses-20210723_level-03B_run-011,sub-cp012,4,10000,44,51,50,2,2,3.0,0.05,2.335099934150535,0.01,3.0865164635191964,3.0865164635191964,0.8856874108314514,0.9186006188392639,0.924385666847229,0.8294444680213928
sub-cp012_ses-20210723_level-04B_run-004,sub-cp012,4,10000,44,51,50,3,3,4.0,0.05,3.0074923480431837,0.01,3.879437506197159,3.879437506197159,0.8603752851486206,0.8674456477165222,0.8847363591194153,0.9185987114906311
sub-cp012_ses-20210723_level-04B_run-006,sub-cp012,4,10000,44,51,50,3,3,4.0,0.05,2.8798918844514207,0.01,3.7151252869543563,3.7151252869543563,0.8764162063598633,0.8817781209945679,0.8986293077468872,0.9198881387710571
sub-cp012_ses-20210723_level-04B_run-009,sub-cp012,4,10000,44,51,50,3,3,4.0,0.05,2.778367675437168,0.01,3.7558425754734124,3.7558425754734124,0.8842591643333435,0.8915513753890991,0.9055365920066833,0.9167521595954895
sub-cp018_ses-20210709_level-01B_run-001,sub-cp018,4,10000,44,51,50,0,1,1.0,0.05,2.088276381769222,0.01,1.2873839766508306,1.2873839766508306,0.9119290113449097,0.9128628969192505,0.9008506536483765,0.8393457531929016
sub-cp018_ses-20210709_level-01B_run-007,sub-cp018,4,10000,44,51,50,0,1,1.0,0.05,2.1360578625208557,0.01,0.9781700857022757,1.0,0.9059180617332458,0.9074996709823608,0.8977861404418945,0.8441796898841858
sub-cp018_ses-20210709_level-01B_run-012,sub-cp018,4,10000,44,51,50,0,1,1.0,0.05,2.105337372086599,0.01,0.9214316150740909,1.0,0.9015223383903503,0.903147280216217,0.8925705552101135,0.8314077258110046
sub-cp018_ses-20210709_level-02B_run-003,sub-cp018,4,10000,44,51,50,1,1,2.0,0.05,2.138479627085408,0.01,1.9716850310984855,1.9716850310984855,0.8838391304016113,0.9033017754554749,0.8898979425430298,0.8031046390533447
sub-cp018_ses-20210709_level-02B_run-008,sub-cp018,4,10000,44,51,50,1,1,2.0,0.05,2.1663603102921374,0.01,1.8727411315567783,1.8727411315567783,0.8779799342155457,0.9010182023048401,0.8888223767280579,0.801167905330658
sub-cp018_ses-20210709_level-02B_run-010,sub-cp018,4,10000,44,51,50,1,1,2.0,0.05,2.1517372672223214,0.01,1.6048827012499887,1.6048827012499887,0.8910912871360779,0.9043702483177185,0.8932974934577942,0.8218885064125061
sub-cp018_ses-20210709_level-03B_run-002,sub-cp018,4,10000,44,51,50,2,2,3.0,0.05,2.365586287494252,0.01,3.007714577472768,3.007714577472768,0.8977363705635071,0.9143581986427307,0.922191321849823,0.8644970059394836
sub-cp018_ses-20210709_level-03B_run-005,sub-cp018,4,10000,44,51,50,2,2,3.0,0.05,2.3297434083392767,0.01,3.000053030699147,3.000053030699147,0.8797658681869507,0.9058760404586792,0.9128491878509521,0.8274493217468262
sub-cp018_ses-20210709_level-03B_run-011,sub-cp018,4,10000,44,51,50,2,2,3.0,0.05,2.357886540095235,0.01,2.8393833351840287,2.8393833351840287,0.8788742423057556,0.9009291529655457,0.9100576639175415,0.8373824954032898
sub-cp018_ses-20210709_level-04B_run-004,sub-cp018,4,10000,44,51,50,3,3,4.0,0.05,3.0150371822609143,0.01,4.255191463128446,4.0,0.8523344993591309,0.8574497699737549,0.8759617805480957,0.9106765985488892
sub-cp018_ses-20210709_level-04B_run-006,sub-cp018,4,10000,44,51,50,3,3,4.0,0.05,2.9206756239459617,0.01,4.250290515630186,4.0,0.8555459380149841,0.8577561974525452,0.8741701245307922,0.902632474899292
sub-cp018_ses-20210709_level-04B_run-009,sub-cp018,4,10000,44,51,50,3,3,4.0,0.05,3.0456536114878205,0.01,3.8408383597662024,3.8408383597662024,0.8511935472488403,0.8519687056541443,0.8694733381271362,0.9112709164619446
sub-cp029_ses-20220119_level-01B_run-001,sub-cp029,4,10000,44,51,50,0,0,1.0,0.05,2.043243495086827,0.01,1.3618934685089166,1.3618934685089166,0.8758606314659119,0.8603540062904358,0.8480597138404846,0.810198962688446
sub-cp029_ses-20220119_level-01B_run-007,sub-cp029,4,10000,44,51,50,0,0,1.0,0.05,1.994861723002339,0.01,1.0773478277337787,1.0773478277337787,0.9274008274078369,0.9224345088005066,0.9013127684593201,0.8460050225257874
sub-cp029_ses-20220119_level-01B_run-012,sub-cp029,4,10000,44,51,50,0,0,1.0,0.05,1.9954584779089917,0.01,1.5702278621469647,1.5702278621469647,0.9281678199768066,0.9192317128181458,0.9014884233474731,0.847894012928009
sub-cp029_ses-20220119_level-02B_run-003,sub-cp029,4,10000,44,51,50,1,1,2.0,0.05,2.06561673164036,0.01,1.5994006411890966,1.5994006411890966,0.8942024111747742,0.9048939943313599,0.8847309947013855,0.8120030760765076
sub-cp029_ses-20220119_level-02B_run-008,sub-cp029,4,10000,44,51,50,1,1,2.0,0.05,2.044708578814925,0.01,1.9272936398817404,1.9272936398817404,0.9095712900161743,0.926103413105011,0.900856077671051,0.8165823221206665
sub-cp029_ses-20220119_level-02B_run-010,sub-cp029,4,10000,44,51,50,1,1,2.0,0.05,2.0556863825434806,0.01,1.6972154906388306,1.6972154906388306,0.8922972679138184,0.9056351184844971,0.8840310573577881,0.8033115863800049
sub-cp029_ses-20220119_level-03B_run-002,sub-cp029,4,10000,44,51,50,2,2,3.0,0.05,2.306588644043508,0.01,2.5802726897678525,2.5802726897678525,0.8776276111602783,0.8826868534088135,0.8857200741767883,0.8420094847679138
sub-cp029_ses-20220119_level-03B_run-005,sub-cp029,4,10000,44,51,50,2,2,3.0,0.05,2.2810045430167447,0.01,2.949854333483403,2.949854333483403,0.8937091827392578,0.9116451740264893,0.9148408770561218,0.839908242225647
sub-cp029_ses-20220119_level-03B_run-011,sub-cp029,4,10000,44,51,50,2,1,3.0,0.05,2.219989379966931,0.01,2.874606529962943,2.874606529962943,0.893272876739502,0.9153559803962708,0.9112548232078552,0.823904812335968
sub-cp029_ses-20220119_level-04B_run-004,sub-cp029,4,10000,44,51,50,3,3,4.0,0.05,3.1724035239058117,0.01,4.270507997310977,4.0,0.8390226364135742,0.8435179591178894,0.8654495477676392,0.9145395159721375
sub-cp029_ses-20220119_level-04B_run-006,sub-cp029,4,10000,44,51,50,3,3,4.0,0.05,3.1695659174062634,0.01,4.170169847984747,4.0,0.8368789553642273,0.8366908431053162,0.85512375831604,0.9099231362342834
sub-cp029_ses-20220119_level-04B_run-009,sub-cp029,4,10000,44,51,50,3,3,4.0,0.05,3.14263866671729,0.01,4.1795500810815165,4.0,0.8191848993301392,0.8260979056358337,0.8472409248352051,0.892359733581543
sub-cp036_ses-20211218_level-01B_run-001,sub-cp036,4,10000,44,51,50,0,0,1.0,0.05,2.1247679348136557,0.01,1.4181703537176864,1.4181703537176864,0.918392539024353,0.9010758399963379,0.8863469958305359,0.8727003335952759
sub-cp036_ses-20211218_level-01B_run-007,sub-cp036,4,10000,44,51,50,0,0,1.0,0.05,2.337449988286636,0.01,1.9998940360831798,1.9998940360831798,0.8421175479888916,0.8237829208374023,0.8209035396575928,0.8231566548347473
sub-cp036_ses-20211218_level-01B_run-012,sub-cp036,4,10000,44,51,50,0,0,1.0,0.05,2.2236302579470357,0.01,1.6914114778796367,1.6914114778796367,0.8385510444641113,0.8144181966781616,0.8049108982086182,0.8080658912658691
sub-cp036_ses-20211218_level-02B_run-003,sub-cp036,4,10000,44,51,50,1,0,2.0,0.05,2.1279391969902672,0.01,1.6129655684982218,1.6129655684982218,0.8865817189216614,0.8705095648765564,0.8617283701896667,0.8366926908493042
sub-cp036_ses-20211218_level-02B_run-008,sub-cp036,4,10000,44,51,50,1,0,2.0,0.05,2.3677880998910563,0.01,1.9662302420589732,1.9662302420589732,0.8515540361404419,0.8339123129844666,0.8293890357017517,0.8370163440704346
sub-cp036_ses-20211218_level-02B_run-010,sub-cp036,4,10000,44,51,50,1,0,2.0,0.05,2.3779273583973723,0.01,1.6687649726309113,1.6687649726309113,0.8516515493392944,0.8345722556114197,0.8276811242103577,0.8390751481056213
sub-cp036_ses-20211218_level-03B_run-002,sub-cp036,4,10000,44,51,50,2,2,3.0,0.05,2.3812221204142987,0.01,2.872353850696265,2.872353850696265,0.8934815526008606,0.8888514041900635,0.8967403173446655,0.8727003335952759
sub-cp036_ses-20211218_level-03B_run-005,sub-cp036,4,10000,44,51,50,2,3,3.0,0.05,2.5220949579137297,0.01,2.6454663673142855,2.6454663673142855,0.8339818716049194,0.8175868988037109,0.8258488774299622,0.8344587683677673
sub-cp036_ses-20211218_level-03B_run-011,sub-cp036,4,10000,44,51,50,2,3,3.0,0.05,2.5354637729147362,0.01,2.771607514881355,2.771607514881355,0.8557112812995911,0.841281533241272,0.8498784303665161,0.8576785922050476
sub-cp036_ses-20211218_level-04B_run-004,sub-cp036,4,10000,44,51,50,3,3,4.0,0.05,2.784769105360554,0.01,3.2589547651456554,3.2589547651456554,0.8516461253166199,0.8313040137290955,0.8435116410255432,0.8795718550682068
sub-cp036_ses-20211218_level-04B_run-006,sub-cp036,4,10000,44,51,50,3,3,4.0,0.05,2.7423008377890135,0.01,3.5562988868304246,3.5562988868304246,0.8472910523414612,0.829463005065918,0.8427522778511047,0.8711456656455994
sub-cp036_ses-20211218_level-04B_run-009,sub-cp036,4,10000,44,51,50,3,3,4.0,0.05,2.874247409370551,0.01,3.7224127674198133,3.7224127674198133,0.8352475166320801,0.8206430077552795,0.8382987380027771,0.8729603290557861
sub-cp042_ses-20220111_level-01B_run-001,sub-cp042,4,10000,44,51,50,0,0,1.0,0.05,1.9560815506514808,0.01,0.8862176032857301,1.0,0.9034221172332764,0.8959587812423706,0.8762887716293335,0.8093659281730652
sub-cp042_ses-20220111_level-01B_run-007,sub-cp042,4,10000,44,51,50,0,0,1.0,0.05,2.1995782886174378,0.01,0.9302384007025313,1.0,0.8866847157478333,0.8758413791656494,0.8682951331138611,0.8465090990066528
sub-cp042_ses-20220111_level-01B_run-012,sub-cp042,4,10000,44,51,50,0,0,1.0,0.05,2.3133922176334187,0.01,1.938341911117689,1.938341911117689,0.7768616676330566,0.7486792802810669,0.7453045845031738,0.756680965423584
sub-cp042_ses-20220111_level-02B_run-003,sub-cp042,4,10000,44,51,50,1,1,2.0,0.05,2.140104216280421,0.01,2.2102798054743804,2.2102798054743804,0.8843919634819031,0.9009343981742859,0.8876603841781616,0.8096524477005005
sub-cp042_ses-20220111_level-02B_run-008,sub-cp042,4,10000,44,51,50,1,1,2.0,0.05,2.2335037644413283,0.01,2.003269647612978,2.003269647612978,0.8931400775909424,0.9088431000709534,0.9002912640571594,0.8445776700973511
sub-cp042_ses-20220111_level-02B_run-010,sub-cp042,4,10000,44,51,50,1,1,2.0,0.05,2.290492592519781,0.01,1.7975427881452357,1.7975427881452357,0.8624647855758667,0.8795260190963745,0.8751402497291565,0.8235440254211426
sub-cp042_ses-20220111_level-03B_run-002,sub-cp042,4,10000,44,51,50,2,3,3.0,0.05,2.7746818174102525,0.01,3.3312972484008796,3.3312972484008796,0.8567953109741211,0.8630487322807312,0.8822961449623108,0.887785792350769
sub-cp042_ses-20220111_level-03B_run-005,sub-cp042,4,10000,44,51,50,2,3,3.0,0.05,2.7966770786380364,0.01,2.9950422017304303,2.9950422017304303,0.8249492049217224,0.8369684219360352,0.8552480340003967,0.8602361679077148
sub-cp042_ses-20220111_level-03B_run-011,sub-cp042,4,10000,44,51,50,2,2,3.0,0.05,2.6198775747550695,0.01,2.5108817272601747,2.5108817272601747,0.849998414516449,0.8586230278015137,0.8716001510620117,0.8624647259712219
sub-cp042_ses-20220111_level-04B_run-004,sub-cp042,4,10000,44,51,50,3,3,4.0,0.05,3.2538356522965053,0.01,3.9570413148630497,3.9570413148630497,0.8120248913764954,0.8087040781974792,0.8285999298095703,0.8931609392166138
sub-cp042_ses-20220111_level-04B_run-006,sub-cp042,4,10000,44,51,50,3,3,4.0,0.05,3.1123835950625,0.01,3.864409422772655,3.864409422772655,0.8078134059906006,0.8052210807800293,0.8253300786018372,0.873894214630127
sub-cp042_ses-20220111_level-04B_run-009,sub-cp042,4,10000,44,51,50,3,3,4.0,0.05,3.1051406842179152,0.01,3.826218566203745,3.826218566203745,0.7670945525169373,0.7630772590637207,0.7814029455184937,0.8318110108375549
sub-cp003_ses-20210206_level-01B_run-001,sub-cp003,4,1000,45,51,50,0,0,1.0,0.05,2.071461650927175,0.1,1.125826312970824,1.125826312970824,0.9140966534614563,0.9006144404411316,0.887829065322876,0.8537580966949463
sub-cp003_ses-20210206_level-01B_run-007,sub-cp003,4,1000,45,51,50,0,0,1.0,0.05,2.0546289883460704,0.1,1.219378464170697,1.219378464170697,0.9290381073951721,0.9274941086769104,0.91026771068573,0.8567340970039368
sub-cp003_ses-20210206_level-01B_run-012,sub-cp003,4,1000,45,51,50,0,0,1.0,0.05,2.0684819230999127,0.1,1.3082364490728478,1.3082364490728478,0.9265887141227722,0.9256620407104492,0.9068031311035156,0.8598694801330566
sub-cp003_ses-20210206_level-02B_run-003,sub-cp003,4,1000,45,51,50,1,1,2.0,0.05,2.101151413880786,0.1,1.6996532018089705,1.6996532018089705,0.9182878732681274,0.9395075440406799,0.9179818034172058,0.8354771733283997
sub-cp003_ses-20210206_level-02B_run-008,sub-cp003,4,1000,45,51,50,1,1,2.0,0.05,2.1077855190927948,0.1,1.9939158220688316,1.9939158220688316,0.9266703724861145,0.9453703165054321,0.9258313179016113,0.8473278880119324
sub-cp003_ses-20210206_level-02B_run-010,sub-cp003,4,1000,45,51,50,1,1,2.0,0.05,2.1362602464573164,0.1,1.9292254104620579,1.9292254104620579,0.9193220734596252,0.9405021071434021,0.9228538870811462,0.8445113301277161
sub-cp003_ses-20210206_level-03B_run-002,sub-cp003,4,1000,45,51,50,2,2,3.0,0.05,2.2842430031478878,0.1,2.914971659246921,2.914971659246921,0.9039179682731628,0.9134392142295837,0.9196599721908569,0.8551929593086243
sub-cp003_ses-20210206_level-03B_run-005,sub-cp003,4,1000,45,51,50,2,2,3.0,0.05,2.366931557879495,0.1,3.008098167167695,3.008098167167695,0.912109911441803,0.9266566038131714,0.9363062977790833,0.8783098459243774
sub-cp003_ses-20210206_level-03B_run-011,sub-cp003,4,1000,45,51,50,2,2,3.0,0.05,2.3692549669281466,0.1,3.1837619270301074,3.1837619270301074,0.9143960475921631,0.9322052597999573,0.9443181753158569,0.8754933476448059
sub-cp003_ses-20210206_level-04B_run-004,sub-cp003,4,1000,45,51,50,3,3,4.0,0.05,2.9868969594682753,0.1,3.636462776406429,3.636462776406429,0.8789610862731934,0.8699134588241577,0.8877478241920471,0.9296985268592834
sub-cp003_ses-20210206_level-04B_run-006,sub-cp003,4,1000,45,51,50,3,3,4.0,0.05,3.1665833927658533,0.1,3.765194100277587,3.765194100277587,0.8492414355278015,0.8442638516426086,0.864307701587677,0.9202391505241394
sub-cp003_ses-20210206_level-04B_run-009,sub-cp003,4,1000,45,51,50,3,3,4.0,0.05,3.1797450449804234,0.1,3.4950731258976724,3.4950731258976724,0.8446964025497437,0.8388983607292175,0.8555108904838562,0.9165723323822021
sub-cp006_ses-20210324_level-01B_run-001,sub-cp006,4,1000,45,51,50,0,0,1.0,0.05,2.058951379331023,0.1,1.2378695723590423,1.2378695723590423,0.8599916696548462,0.8597320914268494,0.8441426753997803,0.7848856449127197
sub-cp006_ses-20210324_level-01B_run-007,sub-cp006,4,1000,45,51,50,0,0,1.0,0.05,2.047038106898341,0.1,1.4276620631624546,1.4276620631624546,0.9099598526954651,0.909722626209259,0.8952995538711548,0.8285155296325684
sub-cp006_ses-20210324_level-01B_run-012,sub-cp006,4,1000,45,51,50,0,1,1.0,0.05,2.0625435516973396,0.1,1.157034315089907,1.157034315089907,0.893712043762207,0.8962435126304626,0.8829298615455627,0.8112974166870117
sub-cp006_ses-20210324_level-02B_run-003,sub-cp006,4,1000,45,51,50,1,1,2.0,0.05,2.094142925726784,0.1,1.4935726425015265,1.4935726425015265,0.8673127293586731,0.8848844170570374,0.8673933744430542,0.7781897187232971
sub-cp006_ses-20210324_level-02B_run-008,sub-cp006,4,1000,45,51,50,1,1,2.0,0.05,2.10723283493294,0.1,1.740379821773129,1.740379821773129,0.9127902984619141,0.9305040240287781,0.9134345650672913,0.8292063474655151
sub-cp006_ses-20210324_level-02B_run-010,sub-cp006,4,1000,45,51,50,1,1,2.0,0.05,2.0771851005174873,0.1,1.501250299949481,1.501250299949481,0.8961342573165894,0.9108742475509644,0.8914018869400024,0.8097031116485596
sub-cp006_ses-20210324_level-03B_run-002,sub-cp006,4,1000,45,51,50,2,2,3.0,0.05,2.3512784410899896,0.1,3.336811655485243,3.336811655485243,0.8811111450195312,0.9032317399978638,0.9112691879272461,0.8391439914703369
sub-cp006_ses-20210324_level-03B_run-005,sub-cp006,4,1000,45,51,50,2,2,3.0,0.05,2.3003897376989677,0.1,2.9997257885466,2.9997257885466,0.8926234245300293,0.9067127108573914,0.9134075045585632,0.8436610698699951
sub-cp006_ses-20210324_level-03B_run-011,sub-cp006,4,1000,45,51,50,2,2,3.0,0.05,2.262334022497582,0.1,2.717408358198128,2.717408358198128,0.871367871761322,0.8873708248138428,0.8905898928642273,0.8129448294639587
sub-cp006_ses-20210324_level-04B_run-004,sub-cp006,4,1000,45,51,50,3,3,4.0,0.05,2.931467377255726,0.1,3.9780576877361327,3.9780576877361327,0.8759673237800598,0.8704369068145752,0.8870982527732849,0.9219397306442261
sub-cp006_ses-20210324_level-04B_run-006,sub-cp006,4,1000,45,51,50,3,3,4.0,0.05,2.784439313512796,0.1,3.31175900018813,3.31175900018813,0.8870713710784912,0.8790216445922852,0.8930529952049255,0.9169443249702454
sub-cp006_ses-20210324_level-04B_run-009,sub-cp006,4,1000,45,51,50,3,3,4.0,0.05,2.684703455951054,0.1,3.353239537026088,3.353239537026088,0.8840504288673401,0.8827643990516663,0.8978438973426819,0.903393030166626
sub-cp012_ses-20210723_level-01B_run-001,sub-cp012,4,1000,45,51,50,0,1,1.0,0.05,2.094965877890503,0.1,1.5810649943710875,1.5810649943710875,0.9062312841415405,0.9200609922409058,0.897491991519928,0.835211455821991
sub-cp012_ses-20210723_level-01B_run-007,sub-cp012,4,1000,45,51,50,0,0,1.0,0.05,1.9665368476088312,0.1,1.1816600584174175,1.1816600584174175,0.9319230318069458,0.9292215704917908,0.9053956270217896,0.8405256867408752
sub-cp012_ses-20210723_level-01B_run-012,sub-cp012,4,1000,45,51,50,0,0,1.0,0.05,1.9745041303747553,0.1,1.2041399725866517,1.2041399725866517,0.9370123744010925,0.9250600337982178,0.9050979018211365,0.8574780821800232
sub-cp012_ses-20210723_level-02B_run-003,sub-cp012,4,1000,45,51,50,1,1,2.0,0.05,2.245028309030209,0.1,2.647791615232288,2.647791615232288,0.8984203934669495,0.9241701364517212,0.9168450236320496,0.8416416645050049
sub-cp012_ses-20210723_level-02B_run-008,sub-cp012,4,1000,45,51,50,1,1,2.0,0.05,2.1378320598120264,0.1,2.217246323002199,2.217246323002199,0.9090889692306519,0.9373613595962524,0.9174404740333557,0.82713383436203
sub-cp012_ses-20210723_level-02B_run-010,sub-cp012,4,1000,45,51,50,1,1,2.0,0.05,2.140349748318618,0.1,2.1120273852698284,2.1120273852698284,0.9039179682731628,0.9286195635795593,0.9106195569038391,0.825486421585083
sub-cp012_ses-20210723_level-03B_run-002,sub-cp012,4,1000,45,51,50,2,2,3.0,0.05,2.3420466767829433,0.1,3.2504207135172263,3.2504207135172263,0.8808934092521667,0.9092515110969543,0.9138134717941284,0.8359022736549377
sub-cp012_ses-20210723_level-03B_run-005,sub-cp012,4,1000,45,51,50,2,1,3.0,0.05,2.2629954831534067,0.1,2.9075357111072453,2.9075357111072453,0.8872618675231934,0.9130204319953918,0.9122436046600342,0.823839008808136
sub-cp012_ses-20210723_level-03B_run-011,sub-cp012,4,1000,45,51,50,2,2,3.0,0.05,2.265403907653745,0.1,2.6408344931190495,2.6408344931190495,0.9079186916351318,0.9300590753555298,0.9308387041091919,0.847381055355072
sub-cp012_ses-20210723_level-04B_run-004,sub-cp012,4,1000,45,51,50,3,3,4.0,0.05,2.8514515348490996,0.1,3.909340477196062,3.909340477196062,0.876293957233429,0.8856172561645508,0.9043129086494446,0.9174757599830627
sub-cp012_ses-20210723_level-04B_run-006,sub-cp012,4,1000,45,51,50,3,3,4.0,0.05,2.753419732249659,0.1,3.816962186031727,3.816962186031727,0.8859555125236511,0.8884701132774353,0.9022828936576843,0.9144466519355774
sub-cp012_ses-20210723_level-04B_run-009,sub-cp012,4,1000,45,51,50,3,3,4.0,0.05,2.6786204413515096,0.1,3.5008926651448857,3.5008926651448857,0.8890853524208069,0.8877111077308655,0.9011731147766113,0.9080164432525635
sub-cp018_ses-20210709_level-01B_run-001,sub-cp018,4,1000,45,51,50,0,0,1.0,0.05,2.081616355821409,0.1,1.2172827786513825,1.2172827786513825,0.9135251045227051,0.9091206789016724,0.899549126625061,0.8423325419425964
sub-cp018_ses-20210709_level-01B_run-007,sub-cp018,4,1000,45,51,50,0,1,1.0,0.05,2.2109966640195173,0.1,1.5454516352576921,1.5454516352576921,0.9065850973129272,0.9068959355354309,0.9008212685585022,0.8610917329788208
sub-cp018_ses-20210709_level-01B_run-012,sub-cp018,4,1000,45,51,50,0,0,1.0,0.05,2.115712852252127,0.1,0.9309984629164871,1.0,0.9035913944244385,0.9005097150802612,0.8917267322540283,0.8398879766464233
sub-cp018_ses-20210709_level-02B_run-003,sub-cp018,4,1000,45,51,50,1,1,2.0,0.05,2.085446322049131,0.1,2.0396803093645297,2.0396803093645297,0.8926778435707092,0.9080213904380798,0.8893177509307861,0.8072054386138916
sub-cp018_ses-20210709_level-02B_run-008,sub-cp018,4,1000,45,51,50,1,1,2.0,0.05,2.1797660934531633,0.1,2.173266917411052,2.173266917411052,0.8667684197425842,0.8875540494918823,0.8738353252410889,0.8029009103775024
sub-cp018_ses-20210709_level-02B_run-010,sub-cp018,4,1000,45,51,50,1,1,2.0,0.05,2.1085605588058676,0.1,1.5471796589335238,1.5471796589335238,0.8964335918426514,0.9045141935348511,0.8895342946052551,0.825698971748352
sub-cp018_ses-20210709_level-03B_run-002,sub-cp018,4,1000,45,51,50,2,2,3.0,0.05,2.320219241962937,0.1,2.8371855636587986,2.8371855636587986,0.9018767476081848,0.9143552780151367,0.9221230745315552,0.858966052532196
sub-cp018_ses-20210709_level-03B_run-005,sub-cp018,4,1000,45,51,50,2,2,3.0,0.05,2.3659260988362263,0.1,2.911611831164402,2.911611831164402,0.8710684776306152,0.893730878829956,0.9040963649749756,0.8296846151351929
sub-cp018_ses-20210709_level-03B_run-011,sub-cp018,4,1000,45,51,50,2,2,3.0,0.05,2.337869681983638,0.1,2.80819658817339,2.80819658817339,0.8770015239715576,0.8936785459518433,0.9047459959983826,0.8305349349975586
sub-cp018_ses-20210709_level-04B_run-004,sub-cp018,4,1000,45,51,50,3,3,4.0,0.05,2.93967035744627,0.1,3.7409757038643283,3.7409757038643283,0.8599916696548462,0.8584758043289185,0.8762984275817871,0.9079632759094238
sub-cp018_ses-20210709_level-04B_run-006,sub-cp018,4,1000,45,51,50,3,3,4.0,0.05,2.86174382303773,0.1,3.834382050782812,3.834382050782812,0.8543580174446106,0.8560940623283386,0.8718864917755127,0.8948371410369873
sub-cp018_ses-20210709_level-04B_run-009,sub-cp018,4,1000,45,51,50,3,3,4.0,0.05,3.0917664475338107,0.1,3.928880937607269,3.928880937607269,0.8462477326393127,0.8421176671981812,0.864307701587677,0.9096638560295105
sub-cp029_ses-20220119_level-01B_run-001,sub-cp029,4,1000,45,51,50,0,0,1.0,0.05,2.0756950640271663,0.1,1.7245006552668287,1.7245006552668287,0.8802130222320557,0.8688141703605652,0.8643618226051331,0.8089591264724731
sub-cp029_ses-20220119_level-01B_run-007,sub-cp029,4,1000,45,51,50,0,0,1.0,0.05,1.9790446665210644,0.1,1.152549772464623,1.152549772464623,0.9222069382667542,0.9158994555473328,0.8963280916213989,0.8348394632339478
sub-cp029_ses-20220119_level-01B_run-012,sub-cp029,4,1000,45,51,50,0,0,1.0,0.05,2.0049723350678703,0.1,1.5130504234450268,1.5130504234450268,0.928357720375061,0.9188308715820312,0.9026618599891663,0.8497192859649658
sub-cp029_ses-20220119_level-02B_run-003,sub-cp029,4,1000,45,51,50,1,1,2.0,0.05,2.080026461427888,0.1,1.8526079778006075,1.8526079778006075,0.888976514339447,0.8992795944213867,0.8789239525794983,0.8136888146400452
sub-cp029_ses-20220119_level-02B_run-008,sub-cp029,4,1000,45,51,50,1,1,2.0,0.05,2.0206974085515146,0.1,1.5470861387903265,1.5470861387903265,0.9108579754829407,0.9244580268859863,0.8973837494850159,0.8165053725242615
sub-cp029_ses-20220119_level-02B_run-010,sub-cp029,4,1000,45,51,50,1,1,2.0,0.05,2.121228579718033,0.1,2.1905030999385313,2.1905030999385313,0.8735995888710022,0.8965314030647278,0.87510746717453,0.7971615195274353
sub-cp029_ses-20220119_level-03B_run-002,sub-cp029,4,1000,45,51,50,2,2,3.0,0.05,2.324252908314616,0.1,2.473953730946179,2.473953730946179,0.8653531670570374,0.8706986308097839,0.8814141154289246,0.8253800868988037
sub-cp029_ses-20220119_level-03B_run-005,sub-cp029,4,1000,45,51,50,2,2,3.0,0.05,2.293342908920155,0.1,3.133478370514867,3.133478370514867,0.8918885588645935,0.9027606248855591,0.9077504277229309,0.8464244604110718
sub-cp029_ses-20220119_level-03B_run-011,sub-cp029,4,1000,45,51,50,2,1,3.0,0.05,2.18210304934957,0.1,2.4264604326461385,2.4264604326461385,0.8958892822265625,0.907393217086792,0.9037715792655945,0.8264961242675781
sub-cp029_ses-20220119_level-04B_run-004,sub-cp029,4,1000,45,51,50,3,3,4.0,0.05,3.1995959887813443,0.1,4.031536388403085,4.0,0.8398792147636414,0.8377205729484558,0.8601934909820557,0.9157220721244812
sub-cp029_ses-20220119_level-04B_run-006,sub-cp029,4,1000,45,51,50,3,3,4.0,0.05,3.083057932006122,0.1,4.062539046670155,4.0,0.8517724871635437,0.8486871123313904,0.8643888831138611,0.9143935441970825
sub-cp029_ses-20220119_level-04B_run-009,sub-cp029,4,1000,45,51,50,3,3,4.0,0.05,3.2099394304225886,0.1,4.391853876329607,4.0,0.824774444103241,0.8252360224723816,0.8499350547790527,0.9030210375785828
sub-cp036_ses-20211218_level-01B_run-001,sub-cp036,4,1000,45,51,50,0,0,1.0,0.05,2.0428941031531576,0.1,1.1724768993293568,1.1724768993293568,0.9176619052886963,0.8968716859817505,0.8836877942085266,0.8573718070983887
sub-cp036_ses-20211218_level-01B_run-007,sub-cp036,4,1000,45,51,50,0,0,1.0,0.05,2.2310019477432093,0.1,1.4834218758597921,1.4834218758597921,0.8289112448692322,0.8070195913314819,0.8007270097732544,0.797427237033844
sub-cp036_ses-20211218_level-01B_run-012,sub-cp036,4,1000,45,51,50,0,0,1.0,0.05,2.1899682428974723,0.1,1.186793094640545,1.186793094640545,0.8243662118911743,0.8049519658088684,0.7949075698852539,0.787702202796936
sub-cp036_ses-20211218_level-02B_run-003,sub-cp036,4,1000,45,51,50,1,0,2.0,0.05,2.1070675986612706,0.1,1.9313566830475124,1.9313566830475124,0.8905277848243713,0.8751742243766785,0.8669332265853882,0.83542400598526
sub-cp036_ses-20211218_level-02B_run-008,sub-cp036,4,1000,45,51,50,1,0,2.0,0.05,2.3273415060339318,0.1,1.5739717683137338,1.5739717683137338,0.8379741311073303,0.8172532916069031,0.8142334818840027,0.8181527853012085
sub-cp036_ses-20211218_level-02B_run-010,sub-cp036,4,1000,45,51,50,1,0,2.0,0.05,2.2792797381644028,0.1,1.8662330602687451,1.8662330602687451,0.8501667976379395,0.8343181014060974,0.8272257447242737,0.8243703842163086
sub-cp036_ses-20211218_level-03B_run-002,sub-cp036,4,1000,45,51,50,2,0,3.0,0.05,2.4073890690599566,0.1,2.59918678994694,2.59918678994694,0.8888404369354248,0.8803041577339172,0.886529803276062,0.8740584850311279
sub-cp036_ses-20211218_level-03B_run-005,sub-cp036,4,1000,45,51,50,2,0,3.0,0.05,2.5197121882171487,0.1,2.4765522042145784,2.4765522042145784,0.8228693604469299,0.8078048229217529,0.81961989402771,0.8219789862632751
sub-cp036_ses-20211218_level-03B_run-011,sub-cp036,4,1000,45,51,50,2,0,3.0,0.05,2.460923224105704,0.1,2.6006626611712633,2.6006626611712633,0.8507111072540283,0.835207998752594,0.8484463691711426,0.8416416645050049
sub-cp036_ses-20211218_level-04B_run-004,sub-cp036,4,1000,45,51,50,3,3,4.0,0.05,2.857509772637557,0.1,3.548247010373522,3.548247010373522,0.8451318740844727,0.8262306451797485,0.8434389233589172,0.8802761435508728
sub-cp036_ses-20211218_level-04B_run-006,sub-cp036,4,1000,45,51,50,3,3,4.0,0.05,2.793598356903292,0.1,3.689715667149253,3.689715667149253,0.843553364276886,0.8292666673660278,0.8509094715118408,0.8724642395973206
sub-cp036_ses-20211218_level-04B_run-009,sub-cp036,4,1000,45,51,50,3,3,4.0,0.05,2.887426381268864,0.1,3.2095051594638027,3.2095051594638027,0.8282308578491211,0.8044808506965637,0.8269008994102478,0.8651837110519409
sub-cp042_ses-20220111_level-01B_run-001,sub-cp042,4,1000,45,51,50,0,0,1.0,0.05,1.978861028319053,0.1,0.8582271190941504,1.0,0.9027748703956604,0.8961126208305359,0.8760277628898621,0.816824197769165
sub-cp042_ses-20220111_level-01B_run-007,sub-cp042,4,1000,45,51,50,0,0,1.0,0.05,2.1800034925689187,0.1,0.8529619816722531,1.0,0.8811111450195312,0.8791525363922119,0.8708850145339966,0.8322354555130005
sub-cp042_ses-20220111_level-01B_run-012,sub-cp042,4,1000,45,51,50,0,0,1.0,0.05,2.297855312790044,0.1,1.695116791475379,1.695116791475379,0.7799500226974487,0.7568458914756775,0.7554978132247925,0.7560293674468994
sub-cp042_ses-20220111_level-02B_run-003,sub-cp042,4,1000,45,51,50,1,1,2.0,0.05,2.1439775247465165,0.1,2.2918355182529355,2.2918355182529355,0.882199764251709,0.8940711617469788,0.8826321363449097,0.8127853870391846
sub-cp042_ses-20220111_level-02B_run-008,sub-cp042,4,1000,45,51,50,1,1,2.0,0.05,2.1316810130840658,0.1,1.9148433812740888,1.9148433812740888,0.911620020866394,0.9227306246757507,0.9082105755805969,0.8441925048828125
sub-cp042_ses-20220111_level-02B_run-010,sub-cp042,4,1000,45,51,50,1,1,2.0,0.05,2.2896368183972617,0.1,1.7585863063858782,1.7585863063858782,0.8604271411895752,0.8709865212440491,0.8646054267883301,0.8269212245941162
sub-cp042_ses-20220111_level-03B_run-002,sub-cp042,4,1000,45,51,50,2,3,3.0,0.05,2.7247711066736233,0.1,2.9245956078917863,2.9245956078917863,0.8585219979286194,0.8617212772369385,0.8796006441116333,0.8829332590103149
sub-cp042_ses-20220111_level-03B_run-005,sub-cp042,4,1000,45,51,50,2,3,3.0,0.05,2.80065762513612,0.1,3.3901182560748113,3.3901182560748113,0.8277409672737122,0.8353126645088196,0.854455292224884,0.8622608780860901
sub-cp042_ses-20220111_level-03B_run-011,sub-cp042,4,1000,45,51,50,2,2,3.0,0.05,2.63352674851393,0.1,3.095913154023024,3.095913154023024,0.8377835750579834,0.8463838696479797,0.8615198135375977,0.8514729738235474
sub-cp042_ses-20220111_level-04B_run-004,sub-cp042,4,1000,45,51,50,3,3,4.0,0.05,3.271455588145561,0.1,3.9453494749020033,3.9453494749020033,0.7990555167198181,0.7934881448745728,0.818997323513031,0.8818172812461853
sub-cp042_ses-20220111_level-04B_run-006,sub-cp042,4,1000,45,51,50,3,3,4.0,0.05,3.0001145381073497,0.1,3.364857313540446,3.364857313540446,0.8019132018089294,0.7946659326553345,0.8215687274932861,0.8545552492141724
sub-cp042_ses-20220111_level-04B_run-009,sub-cp042,4,1000,45,51,50,3,3,4.0,0.05,3.103898310306767,0.1,3.6233373257394903,3.6233373257394903,0.764899730682373,0.7633630037307739,0.7873558402061462,0.8306412100791931
sub-cp003_ses-20210206_level-01B_run-001,sub-cp003,4,2000,45,51,50,0,0,1.0,0.05,2.073193440499264,0.1,1.1840642818617049,1.1840642818617049,0.9212634563446045,0.908642053604126,0.8968044519424438,0.85964035987854
sub-cp003_ses-20210206_level-01B_run-007,sub-cp003,4,2000,45,51,50,0,0,1.0,0.05,2.066733822449284,0.1,1.2434774999810077,1.2434774999810077,0.9303593635559082,0.9300705790519714,0.9133502840995789,0.8595340251922607
sub-cp003_ses-20210206_level-01B_run-012,sub-cp003,4,2000,45,51,50,0,0,1.0,0.05,2.064189153975262,0.1,1.2556018342421327,1.2556018342421327,0.9289766550064087,0.9243510961532593,0.9073629975318909,0.8628034591674805
sub-cp003_ses-20210206_level-02B_run-003,sub-cp003,4,2000,45,51,50,1,1,2.0,0.05,2.1011820539201898,0.1,1.7991121054020813,1.7991121054020813,0.9201111793518066,0.9394986033439636,0.9196881055831909,0.8368342518806458
sub-cp003_ses-20210206_level-02B_run-008,sub-cp003,4,2000,45,51,50,1,1,2.0,0.05,2.118647029294259,0.1,1.9747773368688448,1.9747773368688448,0.9189725518226624,0.9399425387382507,0.9211714267730713,0.8387480974197388
sub-cp003_ses-20210206_level-02B_run-010,sub-cp003,4,2000,45,51,50,1,1,2.0,0.05,2.134185315345998,0.1,2.0548833604139136,2.0548833604139136,0.9195011854171753,0.9404779672622681,0.9231806397438049,0.8432933688163757
sub-cp003_ses-20210206_level-03B_run-002,sub-cp003,4,2000,45,51,50,2,2,3.0,0.05,2.2652579330820095,0.1,2.8566998935910757,2.8566998935910757,0.9083719253540039,0.9226012825965881,0.925378680229187,0.8540584444999695
sub-cp003_ses-20210206_level-03B_run-005,sub-cp003,4,2000,45,51,50,2,2,3.0,0.05,2.3681044695882734,0.1,3.162733378492389,3.162733378492389,0.9091717004776001,0.9257221817970276,0.9363417625427246,0.8730635046958923
sub-cp003_ses-20210206_level-03B_run-011,sub-cp003,4,2000,45,51,50,2,2,3.0,0.05,2.3550224867550886,0.1,3.283616801555762,3.283616801555762,0.912140429019928,0.9298093914985657,0.9393758773803711,0.872771143913269
sub-cp003_ses-20210206_level-04B_run-004,sub-cp003,4,2000,45,51,50,3,3,4.0,0.05,2.9393304819789305,0.1,3.4342176561327795,3.4342176561327795,0.8789152503013611,0.8691279292106628,0.8867178559303284,0.9245234131813049
sub-cp003_ses-20210206_level-04B_run-006,sub-cp003,4,2000,45,51,50,3,3,4.0,0.05,3.0872707323503366,0.1,3.757656490314211,3.757656490314211,0.8598693609237671,0.8561350107192993,0.8751344084739685,0.9228222370147705
sub-cp003_ses-20210206_level-04B_run-009,sub-cp003,4,2000,45,51,50,3,3,4.0,0.05,3.0771080373094026,0.1,3.567781664607976,3.567781664607976,0.8479403257369995,0.842815637588501,0.858629047870636,0.9092395901679993
sub-cp006_ses-20210324_level-01B_run-001,sub-cp006,4,2000,45,51,50,0,0,1.0,0.05,2.0106791767303323,0.1,1.151301870766491,1.151301870766491,0.8770174384117126,0.8748735189437866,0.8560804724693298,0.7929232716560364
sub-cp006_ses-20210324_level-01B_run-007,sub-cp006,4,2000,45,51,50,0,0,1.0,0.05,2.0061368124523917,0.1,1.2066312821374026,1.2066312821374026,0.9124115109443665,0.9121547341346741,0.8938782811164856,0.8218960165977478
sub-cp006_ses-20210324_level-01B_run-012,sub-cp006,4,2000,45,51,50,0,1,1.0,0.05,2.0205973467267078,0.1,0.8922419057140916,1.0,0.9023666977882385,0.9027658700942993,0.886906623840332,0.8116359710693359
sub-cp006_ses-20210324_level-02B_run-003,sub-cp006,4,2000,45,51,50,1,1,2.0,0.05,2.0999373976308973,0.1,1.4072992852668074,1.4072992852668074,0.8705106377601624,0.8841187357902527,0.8701854944229126,0.7840188145637512
sub-cp006_ses-20210324_level-02B_run-008,sub-cp006,4,2000,45,51,50,1,1,2.0,0.05,2.121345052487751,0.1,1.7771835790260713,1.7771835790260713,0.910662829875946,0.9284905195236206,0.9122040271759033,0.8318637013435364
sub-cp006_ses-20210324_level-02B_run-010,sub-cp006,4,2000,45,51,50,1,1,2.0,0.05,2.067575693637054,0.1,1.4090689928741464,1.4090689928741464,0.8969850540161133,0.9067746996879578,0.888214647769928,0.8139750361442566
sub-cp006_ses-20210324_level-03B_run-002,sub-cp006,4,2000,45,51,50,2,2,3.0,0.05,2.3453054452809514,0.1,3.2719978416160744,3.2719978416160744,0.881233274936676,0.9060173630714417,0.9143751263618469,0.8338838219642639
sub-cp006_ses-20210324_level-03B_run-005,sub-cp006,4,2000,45,51,50,2,2,3.0,0.05,2.3486953914391187,0.1,3.1147476919525623,3.1147476919525623,0.8951008319854736,0.9131079316139221,0.9228839874267578,0.8531281352043152
sub-cp006_ses-20210324_level-03B_run-011,sub-cp006,4,2000,45,51,50,2,2,3.0,0.05,2.250527930819055,0.1,2.4442806953478877,2.4442806953478877,0.8781018853187561,0.8926327228546143,0.89521324634552,0.8184139728546143
sub-cp006_ses-20210324_level-04B_run-004,sub-cp006,4,2000,45,51,50,3,3,4.0,0.05,2.919824456250175,0.1,4.101902116053454,4.0,0.8712291121482849,0.8696110844612122,0.8860840797424316,0.917080819606781
sub-cp006_ses-20210324_level-04B_run-006,sub-cp006,4,2000,45,51,50,3,3,4.0,0.05,2.7412957228937485,0.1,3.358191392104951,3.358191392104951,0.8902614116668701,0.8840534687042236,0.898274302482605,0.9156720638275146
sub-cp006_ses-20210324_level-04B_run-009,sub-cp006,4,2000,45,51,50,3,3,4.0,0.05,2.721862312554018,0.1,3.5315822708461564,3.5315822708461564,0.8816670775413513,0.8809194564819336,0.8967100381851196,0.9054651856422424
sub-cp012_ses-20210723_level-01B_run-001,sub-cp012,4,2000,45,51,50,0,1,1.0,0.05,2.0686246884769397,0.1,1.5882106777719303,1.5882106777719303,0.9044949412345886,0.9160721898078918,0.895145833492279,0.8235440254211426
sub-cp012_ses-20210723_level-01B_run-007,sub-cp012,4,2000,45,51,50,0,0,1.0,0.05,1.9448161715980132,0.1,1.2431087589603127,1.2431087589603127,0.9308066964149475,0.9267145991325378,0.9015780687332153,0.8355584144592285
sub-cp012_ses-20210723_level-01B_run-012,sub-cp012,4,2000,45,51,50,0,0,1.0,0.05,1.962950828395735,0.1,1.1721197895418576,1.1721197895418576,0.9361612200737,0.9257352352142334,0.9035333395004272,0.8538723587989807
sub-cp012_ses-20210723_level-02B_run-003,sub-cp012,4,2000,45,51,50,1,1,2.0,0.05,2.2037952023173104,0.1,2.217876564151309,2.217876564151309,0.9018651247024536,0.9268321394920349,0.916047215461731,0.83611661195755
sub-cp012_ses-20210723_level-02B_run-008,sub-cp012,4,2000,45,51,50,1,1,2.0,0.05,2.1356814703570017,0.1,2.117317484839659,2.117317484839659,0.9052134156227112,0.9304753541946411,0.9138491749763489,0.8191316723823547
sub-cp012_ses-20210723_level-02B_run-010,sub-cp012,4,2000,45,51,50,1,1,2.0,0.05,2.137987469793103,0.1,1.8701026496235935,1.8701026496235935,0.8990319967269897,0.9223792552947998,0.9053537845611572,0.8195569515228271
sub-cp012_ses-20210723_level-03B_run-002,sub-cp012,4,2000,45,51,50,2,2,3.0,0.05,2.3046767906749004,0.1,2.977801494142188,2.977801494142188,0.8826701641082764,0.9102482199668884,0.9133772253990173,0.8262552618980408
sub-cp012_ses-20210723_level-03B_run-005,sub-cp012,4,2000,45,51,50,2,2,3.0,0.05,2.2754166123911976,0.1,2.956242382975645,2.956242382975645,0.8847171068191528,0.9088248610496521,0.9118804335594177,0.8201417326927185
sub-cp012_ses-20210723_level-03B_run-011,sub-cp012,4,2000,45,51,50,2,2,3.0,0.05,2.2659524290006847,0.1,2.79781853808233,2.79781853808233,0.9031800627708435,0.9246252775192261,0.9271721243858337,0.8398112654685974
sub-cp012_ses-20210723_level-04B_run-004,sub-cp012,4,2000,45,51,50,3,3,4.0,0.05,2.9323557721453497,0.1,3.988294547974352,3.988294547974352,0.8704157471656799,0.8783078193664551,0.8976000547409058,0.9205097556114197
sub-cp012_ses-20210723_level-04B_run-006,sub-cp012,4,2000,45,51,50,3,3,4.0,0.05,2.8273136658283686,0.1,4.140385056552184,4.0,0.882737934589386,0.8868609666824341,0.9021713733673096,0.9200047254562378
sub-cp012_ses-20210723_level-04B_run-009,sub-cp012,4,2000,45,51,50,3,3,4.0,0.05,2.756096316316186,0.1,3.8484422557271283,3.8484422557271283,0.8885669112205505,0.8894726037979126,0.9041131734848022,0.9169213771820068
sub-cp018_ses-20210709_level-01B_run-001,sub-cp018,4,2000,45,51,50,0,0,1.0,0.05,2.092223509297122,0.1,1.093655574997952,1.093655574997952,0.9112592935562134,0.9105746746063232,0.9001486897468567,0.8397315740585327
sub-cp018_ses-20210709_level-01B_run-007,sub-cp018,4,2000,45,51,50,0,1,1.0,0.05,2.186337645004632,0.1,1.3350442400243798,1.3350442400243798,0.9083448052406311,0.9107444286346436,0.9040188193321228,0.8559190630912781
sub-cp018_ses-20210709_level-01B_run-012,sub-cp018,4,2000,45,51,50,0,0,1.0,0.05,2.116463150609238,0.1,0.7945281269283975,1.0,0.9054980874061584,0.9051032662391663,0.8962785601615906,0.8389075398445129
sub-cp018_ses-20210709_level-02B_run-003,sub-cp018,4,2000,45,51,50,1,1,2.0,0.05,2.0829806529594577,0.1,1.9387532623770531,1.9387532623770531,0.8977712988853455,0.9121547341346741,0.8934736847877502,0.8130447268486023
sub-cp018_ses-20210709_level-02B_run-008,sub-cp018,4,2000,45,51,50,1,1,2.0,0.05,2.207067955317191,0.1,2.23846271967318,2.23846271967318,0.8711071014404297,0.8906217217445374,0.8838860392570496,0.8061603903770447
sub-cp018_ses-20210709_level-02B_run-010,sub-cp018,4,2000,45,51,50,1,1,2.0,0.05,2.1749886703171204,0.1,1.7789315782716388,1.7789315782716388,0.9007671475410461,0.9128468036651611,0.9023871421813965,0.8403960466384888
sub-cp018_ses-20210709_level-03B_run-002,sub-cp018,4,2000,45,51,50,2,2,3.0,0.05,2.3195861214461426,0.1,2.8000873974626797,2.8000873974626797,0.9018787145614624,0.9150144457817078,0.9219939708709717,0.8593479990959167
sub-cp018_ses-20210709_level-03B_run-005,sub-cp018,4,2000,45,51,50,2,2,3.0,0.05,2.371322447931867,0.1,3.0873382832851237,3.0873382832851237,0.8776816725730896,0.9015775918960571,0.913053572177887,0.8350799679756165
sub-cp018_ses-20210709_level-03B_run-011,sub-cp018,4,2000,45,51,50,2,2,3.0,0.05,2.3576970102530916,0.1,2.871968828742183,2.871968828742183,0.8782374262809753,0.8963150978088379,0.9084553122520447,0.835292637348175
sub-cp018_ses-20210709_level-04B_run-004,sub-cp018,4,2000,45,51,50,3,3,4.0,0.05,2.997986773100936,0.1,3.9872449856320107,3.9872449856320107,0.8549892902374268,0.8577020168304443,0.87626713514328,0.9106217622756958
sub-cp018_ses-20210709_level-04B_run-006,sub-cp018,4,2000,45,51,50,3,3,4.0,0.05,2.8945583057630584,0.1,3.803068048532607,3.803068048532607,0.8529424071311951,0.8545811176300049,0.8705900311470032,0.8970125317573547
sub-cp018_ses-20210709_level-04B_run-009,sub-cp018,4,2000,45,51,50,3,3,4.0,0.05,3.0739207734160017,0.1,3.9692646967152845,3.9692646967152845,0.8512343764305115,0.8494622707366943,0.8677582740783691,0.9134393334388733
sub-cp029_ses-20220119_level-01B_run-001,sub-cp029,4,2000,45,51,50,0,0,1.0,0.05,2.050318869328574,0.1,1.628327461582273,1.628327461582273,0.8825888633728027,0.8696110844612122,0.8625127077102661,0.809669017791748
sub-cp029_ses-20220119_level-01B_run-007,sub-cp029,4,2000,45,51,50,0,0,1.0,0.05,1.9750075893107217,0.1,1.1838589196197016,1.1838589196197016,0.9253979325294495,0.9197284579277039,0.8988136649131775,0.8376848697662354
sub-cp029_ses-20220119_level-01B_run-012,sub-cp029,4,2000,45,51,50,0,0,1.0,0.05,2.000404825963959,0.1,1.4347680642632825,1.4347680642632825,0.925940215587616,0.9207992553710938,0.9019691348075867,0.8431604504585266
sub-cp029_ses-20220119_level-02B_run-003,sub-cp029,4,2000,45,51,50,1,1,2.0,0.05,2.0544374548512665,0.1,1.7832090641256935,1.7832090641256935,0.8940299153327942,0.9024655222892761,0.8814183473587036,0.8129118084907532
sub-cp029_ses-20220119_level-02B_run-008,sub-cp029,4,2000,45,51,50,1,1,2.0,0.05,2.023590347540395,0.1,1.946607316944477,1.946607316944477,0.9137399792671204,0.9263620376586914,0.9004048705101013,0.8204872608184814
sub-cp029_ses-20220119_level-02B_run-010,sub-cp029,4,2000,45,51,50,1,1,2.0,0.05,2.074918164669983,0.1,2.1464544319493433,2.1464544319493433,0.884676456451416,0.9007418155670166,0.8798810839653015,0.7976546287536621
sub-cp029_ses-20220119_level-03B_run-002,sub-cp029,4,2000,45,51,50,2,2,3.0,0.05,2.2791680958138265,0.1,2.2736527772169537,2.2736527772169537,0.8788745403289795,0.8826170563697815,0.8877831101417542,0.8352128863334656
sub-cp029_ses-20220119_level-03B_run-005,sub-cp029,4,2000,45,51,50,2,2,3.0,0.05,2.2385974843053087,0.1,2.834503398359912,2.834503398359912,0.8953177332878113,0.905873715877533,0.9074034690856934,0.8383493423461914
sub-cp029_ses-20220119_level-03B_run-011,sub-cp029,4,2000,45,51,50,2,1,3.0,0.05,2.177210913790802,0.1,2.7645073866505663,2.7645073866505663,0.8990319967269897,0.912037193775177,0.9088598489761353,0.8238895535469055
sub-cp029_ses-20220119_level-04B_run-004,sub-cp029,4,2000,45,51,50,3,3,4.0,0.05,3.1913756201527184,0.1,4.080909815586299,4.0,0.8349539041519165,0.8375140428543091,0.8597617745399475,0.9117913246154785
sub-cp029_ses-20220119_level-04B_run-006,sub-cp029,4,2000,45,51,50,3,3,4.0,0.05,3.1028786048336476,0.1,4.0154916780141985,4.0,0.8461915850639343,0.8453881144523621,0.8615282773971558,0.9117381572723389
sub-cp029_ses-20220119_level-04B_run-009,sub-cp029,4,2000,45,51,50,3,3,4.0,0.05,3.169406560595041,0.1,4.165331160732157,4.0,0.8176702857017517,0.8194806575775146,0.8418135643005371,0.8917762041091919
sub-cp036_ses-20211218_level-01B_run-001,sub-cp036,4,2000,45,51,50,0,0,1.0,0.05,2.066563457296015,0.1,1.1487750327912354,1.1487750327912354,0.9205449819564819,0.9021521210670471,0.8887540698051453,0.863547682762146
sub-cp036_ses-20211218_level-01B_run-007,sub-cp036,4,2000,45,51,50,0,0,1.0,0.05,2.3131411547610856,0.1,1.7414263388717293,1.7414263388717293,0.8384512662887573,0.8185012936592102,0.8148305416107178,0.816845715045929
sub-cp036_ses-20211218_level-01B_run-012,sub-cp036,4,2000,45,51,50,0,0,1.0,0.05,2.266079247461766,0.1,1.4170688776978115,1.4170688776978115,0.827484667301178,0.8084073066711426,0.8008198738098145,0.8008176684379578
sub-cp036_ses-20211218_level-02B_run-003,sub-cp036,4,2000,45,51,50,1,0,2.0,0.05,2.1559200205546216,0.1,2.100720533433394,2.100720533433394,0.8884449601173401,0.8782033920288086,0.8691471815109253,0.840661883354187
sub-cp036_ses-20211218_level-02B_run-008,sub-cp036,4,2000,45,51,50,1,0,2.0,0.05,2.387090440102568,0.1,1.910541765193226,1.910541765193226,0.8399966359138489,0.8232022523880005,0.8244856595993042,0.8258033394813538
sub-cp036_ses-20211218_level-02B_run-010,sub-cp036,4,2000,45,51,50,1,0,2.0,0.05,2.3237161348327926,0.1,1.9164941133484632,1.9164941133484632,0.8471947312355042,0.8322254419326782,0.8253891468048096,0.8273184299468994
sub-cp036_ses-20211218_level-03B_run-002,sub-cp036,4,2000,45,51,50,2,2,3.0,0.05,2.3855324467097923,0.1,2.6985113362816846,2.6985113362816846,0.8868995904922485,0.8837661743164062,0.8904531002044678,0.8671626448631287
sub-cp036_ses-20211218_level-03B_run-005,sub-cp036,4,2000,45,51,50,2,3,3.0,0.05,2.543949898802399,0.1,2.592900247260403,2.592900247260403,0.8298433423042297,0.8155370354652405,0.8263330459594727,0.8322358727455139
sub-cp036_ses-20211218_level-03B_run-011,sub-cp036,4,2000,45,51,50,2,0,3.0,0.05,2.449227421943392,0.1,2.547569656355484,2.547569656355484,0.8508819341659546,0.8357250690460205,0.8473153710365295,0.8408213257789612
sub-cp036_ses-20211218_level-04B_run-004,sub-cp036,4,2000,45,51,50,3,3,4.0,0.05,2.9497675957577547,0.1,3.7001840033731996,3.7001840033731996,0.8416775465011597,0.8250042796134949,0.8428518772125244,0.8865929841995239
sub-cp036_ses-20211218_level-04B_run-006,sub-cp036,4,2000,45,51,50,3,3,4.0,0.05,2.8759529903469057,0.1,3.816245480009141,3.816245480009141,0.8457171320915222,0.8297313451766968,0.8480839729309082,0.8832704424858093
sub-cp036_ses-20211218_level-04B_run-009,sub-cp036,4,2000,45,51,50,3,3,4.0,0.05,2.85524523795549,0.1,3.416248002502691,3.416248002502691,0.829965353012085,0.8099350929260254,0.8284501433372498,0.8645843267440796
sub-cp042_ses-20220111_level-01B_run-001,sub-cp042,4,2000,45,51,50,0,0,1.0,0.05,1.9587407866459394,0.1,0.9985306464701773,1.0,0.9048880934715271,0.8998669385910034,0.8794630169868469,0.808207094669342
sub-cp042_ses-20220111_level-01B_run-007,sub-cp042,4,2000,45,51,50,0,0,1.0,0.05,2.2145493924267092,0.1,1.101290070437368,1.101290070437368,0.8917118906974792,0.8876966834068298,0.8825645446777344,0.8489018082618713
sub-cp042_ses-20220111_level-01B_run-012,sub-cp042,4,2000,45,51,50,0,0,1.0,0.05,2.3534469273995438,0.1,1.6470693419872675,1.6470693419872675,0.7736953496932983,0.7479478120803833,0.7464762330055237,0.7574383020401001
sub-cp042_ses-20220111_level-02B_run-003,sub-cp042,4,2000,45,51,50,1,1,2.0,0.05,2.1387717696971005,0.1,2.3594782030428565,2.3594782030428565,0.8904783129692078,0.9042936563491821,0.8929073214530945,0.8157559037208557
sub-cp042_ses-20220111_level-02B_run-008,sub-cp042,4,2000,45,51,50,1,1,2.0,0.05,2.1925540536856767,0.1,2.096991682171275,2.096991682171275,0.9095919132232666,0.9244816303253174,0.9135929942131042,0.852516770362854
sub-cp042_ses-20220111_level-02B_run-010,sub-cp042,4,2000,45,51,50,1,1,2.0,0.05,2.283013386843079,0.1,1.6866687283893866,1.6866687283893866,0.8709173202514648,0.8861297369003296,0.8794630169868469,0.8337243795394897
sub-cp042_ses-20220111_level-03B_run-002,sub-cp042,4,2000,45,51,50,2,3,3.0,0.05,2.7165876315072444,0.1,2.9796486582167856,2.9796486582167856,0.8560059666633606,0.8583940863609314,0.8752288222312927,0.8794693946838379
sub-cp042_ses-20220111_level-03B_run-005,sub-cp042,4,2000,45,51,50,2,3,3.0,0.05,2.773664711329401,0.1,3.304240714860727,3.304240714860727,0.827484667301178,0.836142897605896,0.8540847301483154,0.8591087460517883
sub-cp042_ses-20220111_level-03B_run-011,sub-cp042,4,2000,45,51,50,2,2,3.0,0.05,2.5885839132857655,0.1,2.6281029467285926,2.6281029467285926,0.8504481315612793,0.8601961135864258,0.8736106753349304,0.8582581877708435
sub-cp042_ses-20220111_level-04B_run-004,sub-cp042,4,2000,45,51,50,3,3,4.0,0.05,3.294832826458225,0.1,3.825188339040805,3.825188339040805,0.7943814992904663,0.7884021401405334,0.812443733215332,0.8794693946838379
sub-cp042_ses-20220111_level-04B_run-006,sub-cp042,4,2000,45,51,50,3,3,4.0,0.05,3.1079974023184738,0.1,3.5095982870765656,3.5095982870765656,0.8022031784057617,0.7949965000152588,0.8201974630355835,0.8664183616638184
sub-cp042_ses-20220111_level-04B_run-009,sub-cp042,4,2000,45,51,50,3,3,4.0,0.05,3.1327739265367733,0.1,3.6818151360134177,3.6818151360134177,0.7583637833595276,0.7571799755096436,0.7787183523178101,0.8272387385368347
sub-cp003_ses-20210206_level-01B_run-001,sub-cp003,4,5000,45,51,50,0,0,1.0,0.05,2.059029207496364,0.01,1.173395218509603,1.173395218509603,0.9238400459289551,0.91276615858078,0.8976505994796753,0.8606996536254883
sub-cp003_ses-20210206_level-01B_run-007,sub-cp003,4,5000,45,51,50,0,0,1.0,0.05,2.032503974455892,0.01,1.2561759439596125,1.2561759439596125,0.9333731532096863,0.9324115514755249,0.9130561947822571,0.8561546802520752
sub-cp003_ses-20210206_level-01B_run-012,sub-cp003,4,5000,45,51,50,0,0,1.0,0.05,2.012331370297863,0.01,1.0062259755987335,1.0062259755987335,0.9319556355476379,0.924096405506134,0.9055793285369873,0.8565678596496582
sub-cp003_ses-20210206_level-02B_run-003,sub-cp003,4,5000,45,51,50,1,1,2.0,0.05,2.120998767945493,0.01,1.801431871968748,1.801431871968748,0.9186298847198486,0.9375706911087036,0.9204739332199097,0.8394579887390137
sub-cp003_ses-20210206_level-02B_run-008,sub-cp003,4,5000,45,51,50,1,1,2.0,0.05,2.1247503116296875,0.01,1.9315906835464394,1.9315906835464394,0.917455792427063,0.9380140900611877,0.9198876023292542,0.8394579887390137
sub-cp003_ses-20210206_level-02B_run-010,sub-cp003,4,5000,45,51,50,1,1,2.0,0.05,2.1300800832590965,0.01,2.1193787322375877,2.1193787322375877,0.9189544916152954,0.9375393986701965,0.921625018119812,0.841979444026947
sub-cp003_ses-20210206_level-03B_run-002,sub-cp003,4,5000,45,51,50,2,2,3.0,0.05,2.283260176478505,0.01,2.7085096761611496,2.7085096761611496,0.9045953154563904,0.9215768575668335,0.9251214265823364,0.8520758748054504
sub-cp003_ses-20210206_level-03B_run-005,sub-cp003,4,5000,45,51,50,2,2,3.0,0.05,2.3615602272661365,0.01,3.0848412638279687,3.0848412638279687,0.9081553816795349,0.9260839223861694,0.9340076446533203,0.8728301525115967
sub-cp003_ses-20210206_level-03B_run-011,sub-cp003,4,5000,45,51,50,2,2,3.0,0.05,2.361900386799815,0.01,3.171203823491818,3.171203823491818,0.9112122058868408,0.9295007586479187,0.9378429055213928,0.8751714825630188
sub-cp003_ses-20210206_level-04B_run-004,sub-cp003,4,5000,45,51,50,3,3,4.0,0.05,2.9858947294277867,0.01,3.759562598436145,3.759562598436145,0.8740374445915222,0.8688586950302124,0.8860587477684021,0.9258230328559875
sub-cp003_ses-20210206_level-04B_run-006,sub-cp003,4,5000,45,51,50,3,3,4.0,0.05,3.065670719883194,0.01,3.7906077595633842,3.7906077595633842,0.864477276802063,0.862332820892334,0.8798567056655884,0.9256535172462463
sub-cp003_ses-20210206_level-04B_run-009,sub-cp003,4,5000,45,51,50,3,3,4.0,0.05,3.0745751135367376,0.01,3.6231434956245248,3.6231434956245248,0.8548035025596619,0.8526196479797363,0.8679260015487671,0.9168390035629272
sub-cp006_ses-20210324_level-01B_run-001,sub-cp006,4,5000,45,51,50,0,0,1.0,0.05,2.014352956604628,0.01,1.3149672484680066,1.3149672484680066,0.8846039175987244,0.8824894428253174,0.8619229793548584,0.8047297596931458
sub-cp006_ses-20210324_level-01B_run-007,sub-cp006,4,5000,45,51,50,0,0,1.0,0.05,1.9737766721090524,0.01,1.0771157409749215,1.0771157409749215,0.9135765433311462,0.9126044511795044,0.8898563981056213,0.8196254372596741
sub-cp006_ses-20210324_level-01B_run-012,sub-cp006,4,5000,45,51,50,0,1,1.0,0.05,2.0116711555298474,0.01,0.67239447087585,1.0,0.9046385884284973,0.9062507152557373,0.8866074085235596,0.8155360221862793
sub-cp006_ses-20210324_level-02B_run-003,sub-cp006,4,5000,45,51,50,1,1,2.0,0.05,2.1172958094001784,0.01,1.354384522478306,1.354384522478306,0.8761962056159973,0.8913053870201111,0.8761021494865417,0.7981083393096924
sub-cp006_ses-20210324_level-02B_run-008,sub-cp006,4,5000,45,51,50,1,1,2.0,0.05,2.0947217547403203,0.01,2.0839304448475207,2.0839304448475207,0.9093888998031616,0.9273672103881836,0.9071553945541382,0.8267236351966858
sub-cp006_ses-20210324_level-02B_run-010,sub-cp006,4,5000,45,51,50,1,1,2.0,0.05,2.0635130201390193,0.01,1.5434312283295968,1.5434312283295968,0.8949918746948242,0.9081547260284424,0.8868709802627563,0.8094654679298401
sub-cp006_ses-20210324_level-03B_run-002,sub-cp006,4,5000,45,51,50,2,2,3.0,0.05,2.3223008704022434,0.01,3.00291965819238,3.00291965819238,0.8864434957504272,0.9125887751579285,0.9161760807037354,0.8380807638168335
sub-cp006_ses-20210324_level-03B_run-005,sub-cp006,4,5000,45,51,50,2,2,3.0,0.05,2.3358249735792285,0.01,2.8325394541567936,2.8325394541567936,0.8958629369735718,0.9124792218208313,0.9192582368850708,0.855582594871521
sub-cp006_ses-20210324_level-03B_run-011,sub-cp006,4,5000,45,51,50,2,2,3.0,0.05,2.2829199429400777,0.01,2.420781695877122,2.420781695877122,0.8790150284767151,0.8969026803970337,0.8995171189308167,0.8270202279090881
sub-cp006_ses-20210324_level-04B_run-004,sub-cp006,4,5000,45,51,50,3,3,4.0,0.05,2.9921542632547826,0.01,4.157841915442187,4.0,0.8710076212882996,0.8710600733757019,0.8892216682434082,0.9251132011413574
sub-cp006_ses-20210324_level-04B_run-006,sub-cp006,4,5000,45,51,50,3,3,4.0,0.05,2.83813549351609,0.01,3.431735005092083,3.431735005092083,0.8845227956771851,0.8836631774902344,0.9010555744171143,0.9215534925460815
sub-cp006_ses-20210324_level-04B_run-009,sub-cp006,4,5000,45,51,50,3,3,4.0,0.05,2.79460636460012,0.01,3.6809384855038525,3.6809384855038525,0.8794099688529968,0.8784518837928772,0.8956173062324524,0.9114995002746582
sub-cp012_ses-20210723_level-01B_run-001,sub-cp012,4,5000,45,51,50,0,1,1.0,0.05,2.054144016521618,0.01,1.3479944031284479,1.3479944031284479,0.9093023538589478,0.9201475381851196,0.8992051482200623,0.8233122229576111
sub-cp012_ses-20210723_level-01B_run-007,sub-cp012,4,5000,45,51,50,0,0,1.0,0.05,1.9338045670522463,0.01,1.4390449307755195,1.4390449307755195,0.9275516271591187,0.9223541021347046,0.8960691690444946,0.8320737481117249
sub-cp012_ses-20210723_level-01B_run-012,sub-cp012,4,5000,45,51,50,0,0,1.0,0.05,1.9452222904048933,0.01,1.2896050951596103,1.2896050951596103,0.9289582967758179,0.9155726432800293,0.8927879333496094,0.8460794687271118
sub-cp012_ses-20210723_level-02B_run-003,sub-cp012,4,5000,45,51,50,1,1,2.0,0.05,2.184908414953251,0.01,2.0696072587324705,2.0696072587324705,0.8998666405677795,0.9240286350250244,0.9113080501556396,0.8312367796897888
sub-cp012_ses-20210723_level-02B_run-008,sub-cp012,4,5000,45,51,50,1,1,2.0,0.05,2.1336472106204676,0.01,2.0384863271970435,2.0384863271970435,0.9070408344268799,0.9319577217102051,0.9147183299064636,0.8224117159843445
sub-cp012_ses-20210723_level-02B_run-010,sub-cp012,4,5000,45,51,50,1,1,2.0,0.05,2.140835245229661,0.01,2.062789529594106,2.062789529594106,0.8966745138168335,0.9204813838005066,0.9034761190414429,0.8177078366279602
sub-cp012_ses-20210723_level-03B_run-002,sub-cp012,4,5000,45,51,50,2,2,3.0,0.05,2.321636707002201,0.01,3.0258177901784995,3.0258177901784995,0.8799077272415161,0.9083529710769653,0.9130885004997253,0.8261303305625916
sub-cp012_ses-20210723_level-03B_run-005,sub-cp012,4,5000,45,51,50,2,2,3.0,0.05,2.3018069204050637,0.01,2.9470801680682857,2.9470801680682857,0.8814821243286133,0.9084625244140625,0.9118459224700928,0.8240114450454712
sub-cp012_ses-20210723_level-03B_run-011,sub-cp012,4,5000,45,51,50,2,2,3.0,0.05,2.298641393312511,0.01,2.9177726201992096,2.9177726201992096,0.8975401520729065,0.9232670068740845,0.9271977543830872,0.8391295671463013
sub-cp012_ses-20210723_level-04B_run-004,sub-cp012,4,5000,45,51,50,3,3,4.0,0.05,2.962080988572023,0.01,3.6847592791132913,3.6847592791132913,0.8666035532951355,0.8744925260543823,0.8947620391845703,0.9200385212898254
sub-cp012_ses-20210723_level-04B_run-006,sub-cp012,4,5000,45,51,50,3,3,4.0,0.05,2.869144985850852,0.01,4.067247321122878,4.0,0.8788851499557495,0.8841952681541443,0.9020130038261414,0.9210449457168579
sub-cp012_ses-20210723_level-04B_run-009,sub-cp012,4,5000,45,51,50,3,3,4.0,0.05,2.788829772111324,0.01,3.6794854728404136,3.6794854728404136,0.883354127407074,0.8875547051429749,0.9032609462738037,0.9161186218261719
sub-cp018_ses-20210709_level-01B_run-001,sub-cp018,4,5000,45,51,50,0,1,1.0,0.05,2.078730859244342,0.01,0.9970743524772994,1.0,0.9076792597770691,0.9092032313346863,0.8954505920410156,0.8338112235069275
sub-cp018_ses-20210709_level-01B_run-007,sub-cp018,4,5000,45,51,50,0,1,1.0,0.05,2.1610015532559537,0.01,1.0898381693747874,1.0898381693747874,0.9095458388328552,0.9128287434577942,0.9030081629753113,0.8532730340957642
sub-cp018_ses-20210709_level-01B_run-012,sub-cp018,4,5000,45,51,50,0,0,1.0,0.05,2.112884937193976,0.01,0.5997438962810193,1.0,0.9033887982368469,0.9033451080322266,0.8917444348335266,0.8392143249511719
sub-cp018_ses-20210709_level-02B_run-003,sub-cp018,4,5000,45,51,50,1,1,2.0,0.05,2.1027914058374884,0.01,1.6996188952286433,1.6996188952286433,0.8937475085258484,0.9101474285125732,0.8935410380363464,0.8095183968544006
sub-cp018_ses-20210709_level-02B_run-008,sub-cp018,4,5000,45,51,50,1,1,2.0,0.05,2.1837244834684526,0.01,1.7934418619372643,1.7934418619372643,0.8786741495132446,0.899224042892456,0.8889257907867432,0.8098786473274231
sub-cp018_ses-20210709_level-02B_run-010,sub-cp018,4,5000,45,51,50,1,1,2.0,0.05,2.171065615568246,0.01,1.6206183709996167,1.6206183709996167,0.8958845734596252,0.90705406665802,0.8972148895263672,0.8342985510826111
sub-cp018_ses-20210709_level-03B_run-002,sub-cp018,4,5000,45,51,50,2,2,3.0,0.05,2.348796096970544,0.01,2.994381997729639,2.994381997729639,0.9029505848884583,0.9162142872810364,0.9231096506118774,0.8684970736503601
sub-cp018_ses-20210709_level-03B_run-005,sub-cp018,4,5000,45,51,50,2,2,3.0,0.05,2.3377091954558673,0.01,2.9914552572725466,2.9914552572725466,0.8835434913635254,0.9074557423591614,0.9139599204063416,0.8377841114997864
sub-cp018_ses-20210709_level-03B_run-011,sub-cp018,4,5000,45,51,50,2,2,3.0,0.05,2.353764606214341,0.01,2.800057124203756,2.800057124203756,0.8775217533111572,0.8964540958404541,0.905444860458374,0.8375933766365051
sub-cp018_ses-20210709_level-04B_run-004,sub-cp018,4,5000,45,51,50,3,3,4.0,0.05,3.0411461127530726,0.01,3.835236198638378,3.835236198638378,0.853407621383667,0.8547062277793884,0.873606264591217,0.9132157564163208
sub-cp018_ses-20210709_level-04B_run-006,sub-cp018,4,5000,45,51,50,3,3,4.0,0.05,2.953024657551709,0.01,3.82548665458153,3.82548665458153,0.8535104393959045,0.8536994457244873,0.8705455660820007,0.9034689664840698
sub-cp018_ses-20210709_level-04B_run-009,sub-cp018,4,5000,45,51,50,3,3,4.0,0.05,3.066064561086305,0.01,3.750110481590704,3.750110481590704,0.8496419787406921,0.84978187084198,0.8672482371330261,0.9116690158843994
sub-cp029_ses-20220119_level-01B_run-001,sub-cp029,4,5000,45,51,50,0,0,1.0,0.05,2.0410549710184966,0.01,1.5683595154974033,1.5683595154974033,0.8795560598373413,0.863777756690979,0.8535047173500061,0.8114253878593445
sub-cp029_ses-20220119_level-01B_run-007,sub-cp029,4,5000,45,51,50,0,0,1.0,0.05,1.9733511361670626,0.01,1.0910601922699141,1.0910601922699141,0.9314903616905212,0.9254735708236694,0.9030619263648987,0.846227765083313
sub-cp029_ses-20220119_level-01B_run-012,sub-cp029,4,5000,45,51,50,0,0,1.0,0.05,1.9833683114962841,0.01,1.52626079807189,1.52626079807189,0.9236940145492554,0.9159847497940063,0.8953752517700195,0.8418099284172058
sub-cp029_ses-20220119_level-02B_run-003,sub-cp029,4,5000,45,51,50,1,1,2.0,0.05,2.0582879330737445,0.01,1.5989392261035391,1.5989392261035391,0.899985671043396,0.9072626829147339,0.8868764042854309,0.8211404085159302
sub-cp029_ses-20220119_level-02B_run-008,sub-cp029,4,5000,45,51,50,1,1,2.0,0.05,2.0160976177615972,0.01,2.1364526462678923,2.1364526462678923,0.9146153330802917,0.9265638589859009,0.8999582529067993,0.8206000924110413
sub-cp029_ses-20220119_level-02B_run-010,sub-cp029,4,5000,45,51,50,1,1,2.0,0.05,2.0546691492760685,0.01,1.9510121396984377,1.9510121396984377,0.8923299908638,0.907111406326294,0.8843320608139038,0.8024837970733643
sub-cp029_ses-20220119_level-03B_run-002,sub-cp029,4,5000,45,51,50,2,2,3.0,0.05,2.297131280596452,0.01,2.1364692440073028,2.1364692440073028,0.8798211812973022,0.8832510709762573,0.8882372975349426,0.8410153985023499
sub-cp029_ses-20220119_level-03B_run-005,sub-cp029,4,5000,45,51,50,2,2,3.0,0.05,2.276265248870789,0.01,2.978051969165673,2.978051969165673,0.8943480253219604,0.9110499024391174,0.9139437675476074,0.8408352732658386
sub-cp029_ses-20220119_level-03B_run-011,sub-cp029,4,5000,45,51,50,2,1,3.0,0.05,2.2262771311037937,0.01,2.845182766973151,2.845182766973151,0.8952569961547852,0.9125522375106812,0.9115769863128662,0.8292450904846191
sub-cp029_ses-20220119_level-04B_run-004,sub-cp029,4,5000,45,51,50,3,3,4.0,0.05,3.1475275535420724,0.01,4.132004146819818,4.0,0.8457627296447754,0.8510807752609253,0.8734287619590759,0.918894350528717
sub-cp029_ses-20220119_level-04B_run-006,sub-cp029,4,5000,45,51,50,3,3,4.0,0.05,3.077745649940165,0.01,4.0501209505041675,4.0,0.8464552760124207,0.8463128805160522,0.8647039532661438,0.9096560478210449
sub-cp029_ses-20220119_level-04B_run-009,sub-cp029,4,5000,45,51,50,3,3,4.0,0.05,3.149673126371158,0.01,4.432783257001828,4.0,0.8250842690467834,0.8300164341926575,0.8530421257019043,0.8983412981033325
sub-cp036_ses-20211218_level-01B_run-001,sub-cp036,4,5000,45,51,50,0,0,1.0,0.05,2.152125868883049,0.01,1.3724995369575983,1.3724995369575983,0.9155243039131165,0.8998135328292847,0.8877585530281067,0.8721839189529419
sub-cp036_ses-20211218_level-01B_run-007,sub-cp036,4,5000,45,51,50,0,0,1.0,0.05,2.359883108221333,0.01,1.7181373802705444,1.7181373802705444,0.8417698740959167,0.8256137371063232,0.8218974471092224,0.8257383108139038
sub-cp036_ses-20211218_level-01B_run-012,sub-cp036,4,5000,45,51,50,0,0,1.0,0.05,2.2645580366650613,0.01,1.3202181937669577,1.3202181937669577,0.8386210203170776,0.81946861743927,0.8113652467727661,0.8119763135910034
sub-cp036_ses-20211218_level-02B_run-003,sub-cp036,4,5000,45,51,50,1,0,2.0,0.05,2.1681699943950323,0.01,1.9255505465480118,1.9255505465480118,0.884760856628418,0.8754419088363647,0.8671460151672363,0.83827143907547
sub-cp036_ses-20211218_level-02B_run-008,sub-cp036,4,5000,45,51,50,1,0,2.0,0.05,2.3897644832834164,0.01,1.5818313096689147,1.5818313096689147,0.8482082486152649,0.8343774676322937,0.8330105543136597,0.8349448442459106
sub-cp036_ses-20211218_level-02B_run-010,sub-cp036,4,5000,45,51,50,1,0,2.0,0.05,2.3481029306060335,0.01,1.6258336135660112,1.6258336135660112,0.8497285842895508,0.8375751972198486,0.8307244777679443,0.8327094316482544
sub-cp036_ses-20211218_level-03B_run-002,sub-cp036,4,5000,45,51,50,2,2,3.0,0.05,2.447789322460676,0.01,2.929321278711256,2.929321278711256,0.8920378088951111,0.8917956948280334,0.9013083577156067,0.8803521394729614
sub-cp036_ses-20211218_level-03B_run-005,sub-cp036,4,5000,45,51,50,2,0,3.0,0.05,2.5188136915561996,0.01,2.2472274599772617,2.2472274599772617,0.8355046510696411,0.822045624256134,0.831267774105072,0.8352308869361877
sub-cp036_ses-20211218_level-03B_run-011,sub-cp036,4,5000,45,51,50,2,0,3.0,0.05,2.496012874258303,0.01,2.368133087038025,2.368133087038025,0.8547385931015015,0.8427290916442871,0.8532734513282776,0.8510376214981079
sub-cp036_ses-20211218_level-04B_run-004,sub-cp036,4,5000,45,51,50,3,3,4.0,0.05,2.8480845112122894,0.01,3.6377869767908244,3.6377869767908244,0.8515302538871765,0.8348261117935181,0.8508689999580383,0.8862214088439941
sub-cp036_ses-20211218_level-04B_run-006,sub-cp036,4,5000,45,51,50,3,3,4.0,0.05,2.7663268617182784,0.01,3.4573485730525055,3.4573485730525055,0.8482407331466675,0.8319778442382812,0.8478029370307922,0.8745570182800293
sub-cp036_ses-20211218_level-04B_run-009,sub-cp036,4,5000,45,51,50,3,3,4.0,0.05,2.8700798661894202,0.01,3.534033024290533,3.534033024290533,0.8366787433624268,0.8218421936035156,0.8400624990463257,0.8738790154457092
sub-cp042_ses-20220111_level-01B_run-001,sub-cp042,4,5000,45,51,50,0,0,1.0,0.05,1.9776887980748745,0.01,1.004394345381844,1.004394345381844,0.9083447456359863,0.9019157886505127,0.8839985728263855,0.8176760673522949
sub-cp042_ses-20220111_level-01B_run-007,sub-cp042,4,5000,45,51,50,0,0,1.0,0.05,2.2191466376064417,0.01,0.8595913339282768,1.0,0.8947159647941589,0.8911749720573425,0.8819707036018372,0.8558262586593628
sub-cp042_ses-20220111_level-01B_run-012,sub-cp042,4,5000,45,51,50,0,0,1.0,0.05,2.3628684567838287,0.01,1.7818164946371267,1.7818164946371267,0.7731174826622009,0.7486543655395508,0.746015191078186,0.7581994533538818
sub-cp042_ses-20220111_level-02B_run-003,sub-cp042,4,5000,45,51,50,1,1,2.0,0.05,2.146830482223024,0.01,2.0537267818577423,2.0537267818577423,0.8951325416564941,0.908926784992218,0.897317111492157,0.824255108833313
sub-cp042_ses-20220111_level-02B_run-008,sub-cp042,4,5000,45,51,50,1,1,2.0,0.05,2.193038860651962,0.01,1.8024718046602426,1.8024718046602426,0.8991416692733765,0.914743185043335,0.9023680686950684,0.8436851501464844
sub-cp042_ses-20220111_level-02B_run-010,sub-cp042,4,5000,45,51,50,1,1,2.0,0.05,2.2971049824230247,0.01,1.621525495259061,1.621525495259061,0.8708778023719788,0.8870330452919006,0.8804645538330078,0.836491584777832
sub-cp042_ses-20220111_level-03B_run-002,sub-cp042,4,5000,45,51,50,2,3,3.0,0.05,2.7452585586967144,0.01,3.2991273758322723,3.2991273758322723,0.8594239950180054,0.8630005121231079,0.8813520669937134,0.8863697052001953
sub-cp042_ses-20220111_level-03B_run-005,sub-cp042,4,5000,45,51,50,2,3,3.0,0.05,2.838530404653609,0.01,3.299141718782127,3.299141718782127,0.8334757685661316,0.844586193561554,0.8650320768356323,0.8734234571456909
sub-cp042_ses-20220111_level-03B_run-011,sub-cp042,4,5000,45,51,50,2,2,3.0,0.05,2.6144857132810637,0.01,2.2075468955618276,2.2075468955618276,0.8523255586624146,0.8635013103485107,0.8765432238578796,0.8642063736915588
sub-cp042_ses-20220111_level-04B_run-004,sub-cp042,4,5000,45,51,50,3,3,4.0,0.05,3.236495364557256,0.01,4.062945492256155,4.0,0.8098810315132141,0.8071054816246033,0.8290730714797974,0.8895056247711182
sub-cp042_ses-20220111_level-04B_run-006,sub-cp042,4,5000,45,51,50,3,3,4.0,0.05,3.106850134596181,0.01,3.841463991015456,3.841463991015456,0.8099946975708008,0.8071211576461792,0.8304125070571899,0.8755317330360413
sub-cp042_ses-20220111_level-04B_run-009,sub-cp042,4,5000,45,51,50,3,3,4.0,0.05,3.0799454063899807,0.01,3.6720682310941317,3.6720682310941317,0.766998291015625,0.7674599289894104,0.7887302041053772,0.8307600617408752
sub-cp003_ses-20210206_level-01B_run-001,sub-cp003,4,10000,45,51,50,0,0,1.0,0.05,2.0653138978823504,0.01,0.9626465111725815,1.0,0.9184359312057495,0.9063658118247986,0.8926607370376587,0.8563069701194763
sub-cp003_ses-20210206_level-01B_run-007,sub-cp003,4,10000,45,51,50,0,0,1.0,0.05,2.0305189592126154,0.01,1.286481723412031,1.286481723412031,0.9308642148971558,0.9296579360961914,0.9107419848442078,0.8526433110237122
sub-cp003_ses-20210206_level-01B_run-012,sub-cp003,4,10000,45,51,50,0,0,1.0,0.05,1.9995086523004149,0.01,1.0960121358669237,1.0960121358669237,0.9299492239952087,0.9211025834083557,0.9033476710319519,0.8508698344230652
sub-cp003_ses-20210206_level-02B_run-003,sub-cp003,4,10000,45,51,50,1,1,2.0,0.05,2.1384236880361724,0.01,2.0037529465402715,2.0037529465402715,0.9156530499458313,0.9375995993614197,0.921461284160614,0.8369107246398926
sub-cp003_ses-20210206_level-02B_run-008,sub-cp003,4,10000,45,51,50,1,1,2.0,0.05,2.1381476338495227,0.01,2.075453032379733,2.075453032379733,0.9157586097717285,0.938558042049408,0.9212320446968079,0.8381797671318054
sub-cp003_ses-20210206_level-02B_run-010,sub-cp003,4,10000,45,51,50,1,1,2.0,0.05,2.1476767761976996,0.01,2.1183238378189015,2.1183238378189015,0.9149519205093384,0.9349697828292847,0.9206441640853882,0.8399106860160828
sub-cp003_ses-20210206_level-03B_run-002,sub-cp003,4,10000,45,51,50,2,2,3.0,0.05,2.2795708293142782,0.01,2.8122942460547886,2.8122942460547886,0.9036579132080078,0.9216248989105225,0.9251800179481506,0.8486026525497437
sub-cp003_ses-20210206_level-03B_run-005,sub-cp003,4,10000,45,51,50,2,2,3.0,0.05,2.358547361088464,0.01,3.1923464290340062,3.1923464290340062,0.9044889807701111,0.923737645149231,0.9309589862823486,0.8683227300643921
sub-cp003_ses-20210206_level-03B_run-011,sub-cp003,4,10000,45,51,50,2,2,3.0,0.05,2.3768762656349516,0.01,3.1282591925458556,3.1282591925458556,0.905230700969696,0.9255552291870117,0.9341302514076233,0.8718218207359314
sub-cp003_ses-20210206_level-04B_run-004,sub-cp003,4,10000,45,51,50,3,3,4.0,0.05,2.9976021385779252,0.01,3.8723336391560172,3.8723336391560172,0.8712214827537537,0.8677543997764587,0.8852205872535706,0.9247698783874512
sub-cp003_ses-20210206_level-04B_run-006,sub-cp003,4,10000,45,51,50,3,3,4.0,0.05,3.080477107682008,0.01,3.8220237411012694,3.8220237411012694,0.8579729795455933,0.8566136360168457,0.8733336329460144,0.9209681749343872
sub-cp003_ses-20210206_level-04B_run-009,sub-cp003,4,10000,45,51,50,3,3,4.0,0.05,3.0956201380813173,0.01,3.630100521385718,3.630100521385718,0.8501142859458923,0.8483638763427734,0.8639788031578064,0.9145275354385376
sub-cp006_ses-20210324_level-01B_run-001,sub-cp006,4,10000,45,51,50,0,0,1.0,0.05,2.016985020056361,0.01,1.4121093147101789,1.4121093147101789,0.8839096426963806,0.8803184628486633,0.8617243766784668,0.8041181564331055
sub-cp006_ses-20210324_level-01B_run-007,sub-cp006,4,10000,45,51,50,0,1,1.0,0.05,1.980055417155367,0.01,1.1036048717589932,1.1036048717589932,0.9123557806015015,0.9124923944473267,0.8904386758804321,0.817349910736084
sub-cp006_ses-20210324_level-01B_run-012,sub-cp006,4,10000,45,51,50,0,1,1.0,0.05,2.0262699271529203,0.01,1.0225574503982844,1.0225574503982844,0.9006800651550293,0.9031248688697815,0.88481605052948,0.8134526014328003
sub-cp006_ses-20210324_level-02B_run-003,sub-cp006,4,10000,45,51,50,1,1,2.0,0.05,2.127598140214253,0.01,1.7124512479178875,1.7124512479178875,0.8675046563148499,0.8849983215332031,0.8704777956008911,0.7881307601928711
sub-cp006_ses-20210324_level-02B_run-008,sub-cp006,4,10000,45,51,50,1,1,2.0,0.05,2.133300779962113,0.01,2.1491156428497664,2.1491156428497664,0.905406653881073,0.9253019690513611,0.9084821343421936,0.8296258449554443
sub-cp006_ses-20210324_level-02B_run-010,sub-cp006,4,10000,45,51,50,1,1,2.0,0.05,2.09657515456437,0.01,1.7219628225706023,1.7219628225706023,0.8889827132225037,0.9036080241203308,0.8856547474861145,0.8085145950317383
sub-cp006_ses-20210324_level-03B_run-002,sub-cp006,4,10000,45,51,50,2,2,3.0,0.05,2.318039701404272,0.01,3.1009007317126054,3.1009007317126054,0.8854364156723022,0.9134587049484253,0.9169254302978516,0.8334700465202332
sub-cp006_ses-20210324_level-03B_run-005,sub-cp006,4,10000,45,51,50,2,2,3.0,0.05,2.322690236649105,0.01,2.7621759732718654,2.7621759732718654,0.8942615985870361,0.9112597703933716,0.9162890315055847,0.852239727973938
sub-cp006_ses-20210324_level-03B_run-011,sub-cp006,4,10000,45,51,50,2,2,3.0,0.05,2.2957654667385308,0.01,2.746948573039243,2.746948573039243,0.8726968765258789,0.8927910923957825,0.8965169787406921,0.8208171129226685
sub-cp006_ses-20210324_level-04B_run-004,sub-cp006,4,10000,45,51,50,3,3,4.0,0.05,3.017016508552671,0.01,4.014673615497356,4.0,0.8671554327011108,0.8698645234107971,0.8874534368515015,0.9248442053794861
sub-cp006_ses-20210324_level-04B_run-006,sub-cp006,4,10000,45,51,50,3,3,4.0,0.05,2.8605289479623925,0.01,3.415357984525472,3.415357984525472,0.8796757459640503,0.8803759217262268,0.8980594873428345,0.9195929765701294
sub-cp006_ses-20210324_level-04B_run-009,sub-cp006,4,10000,45,51,50,3,3,4.0,0.05,2.8020589275845302,0.01,3.6664541032803797,3.6664541032803797,0.8786416053771973,0.8788768649101257,0.8955191969871521,0.9119151830673218
sub-cp012_ses-20210723_level-01B_run-001,sub-cp012,4,10000,45,51,50,0,1,1.0,0.05,2.0827861209470333,0.01,1.3229734283503343,1.3229734283503343,0.906064510345459,0.9180131554603577,0.9001844525337219,0.8241409659385681
sub-cp012_ses-20210723_level-01B_run-007,sub-cp012,4,10000,45,51,50,0,0,1.0,0.05,1.9348601452422454,0.01,1.3839732270025746,1.3839732270025746,0.9292778372764587,0.9241006374359131,0.898385763168335,0.8331355452537537
sub-cp012_ses-20210723_level-01B_run-012,sub-cp012,4,10000,45,51,50,0,0,1.0,0.05,1.9395863937591478,0.01,1.2279817329605427,1.2279817329605427,0.9277970790863037,0.9140123128890991,0.8908916711807251,0.844163715839386
sub-cp012_ses-20210723_level-02B_run-003,sub-cp012,4,10000,45,51,50,1,1,2.0,0.05,2.208221352572485,0.01,2.228464126165921,2.228464126165921,0.8943887948989868,0.9207004308700562,0.9093774557113647,0.8297744989395142
sub-cp012_ses-20210723_level-02B_run-008,sub-cp012,4,10000,45,51,50,1,1,2.0,0.05,2.147075837808469,0.01,2.1965426337576472,2.1965426337576472,0.9058127403259277,0.9330477118492126,0.9162917137145996,0.822319746017456
sub-cp012_ses-20210723_level-02B_run-010,sub-cp012,4,10000,45,51,50,1,1,2.0,0.05,2.1580868259160644,0.01,1.94090431778228,1.94090431778228,0.8972420692443848,0.9228731989860535,0.9075382947921753,0.8193144798278809
sub-cp012_ses-20210723_level-03B_run-002,sub-cp012,4,10000,45,51,50,2,2,3.0,0.05,2.3404170845470116,0.01,3.092950273673385,3.092950273673385,0.8782410025596619,0.9085751175880432,0.9147896766662598,0.8269391655921936
sub-cp012_ses-20210723_level-03B_run-005,sub-cp012,4,10000,45,51,50,2,2,3.0,0.05,2.3148969939425434,0.01,3.09744687388237,3.09744687388237,0.8785063028335571,0.9075409770011902,0.9122278094291687,0.8209445476531982
sub-cp012_ses-20210723_level-03B_run-011,sub-cp012,4,10000,45,51,50,2,2,3.0,0.05,2.3049580763768525,0.01,3.009431662489453,3.009431662489453,0.8940423130989075,0.9222151041030884,0.9260483384132385,0.8351904153823853
sub-cp012_ses-20210723_level-04B_run-004,sub-cp012,4,10000,45,51,50,3,3,4.0,0.05,3.029042692953328,0.01,3.965741124533285,3.965741124533285,0.8577807545661926,0.8660491108894348,0.8875370025634766,0.9188867807388306
sub-cp012_ses-20210723_level-04B_run-006,sub-cp012,4,10000,45,51,50,3,3,4.0,0.05,2.8841836137277777,0.01,3.9957653683671572,3.9957653683671572,0.8761348724365234,0.8830187916755676,0.9009988307952881,0.9204743504524231
sub-cp012_ses-20210723_level-04B_run-009,sub-cp012,4,10000,45,51,50,3,3,4.0,0.05,2.7668849952890975,0.01,3.6373160371294673,3.6373160371294673,0.8830677270889282,0.890302300453186,0.9054025411605835,0.9139912724494934
sub-cp018_ses-20210709_level-01B_run-001,sub-cp018,4,10000,45,51,50,0,1,1.0,0.05,2.073943153556132,0.01,1.1990166969191245,1.1990166969191245,0.9092534780502319,0.9105859994888306,0.8972288966178894,0.8333160877227783
sub-cp018_ses-20210709_level-01B_run-007,sub-cp018,4,10000,45,51,50,0,1,1.0,0.05,2.1599300455017216,0.01,1.1533503774240703,1.1533503774240703,0.9005176424980164,0.9046761393547058,0.896519660949707,0.8408770561218262
sub-cp018_ses-20210709_level-01B_run-012,sub-cp018,4,10000,45,51,50,0,0,1.0,0.05,2.1113544951637575,0.01,0.8195266419542564,1.0,0.8979567289352417,0.8979331851005554,0.8876961469650269,0.8313939571380615
sub-cp018_ses-20210709_level-02B_run-003,sub-cp018,4,10000,45,51,50,1,1,2.0,0.05,2.1198825961695293,0.01,1.826163001301543,1.826163001301543,0.8872475028038025,0.9048485159873962,0.8900153040885925,0.8046172857284546
sub-cp018_ses-20210709_level-02B_run-008,sub-cp018,4,10000,45,51,50,1,1,2.0,0.05,2.187667434698976,0.01,1.9928900028967786,1.9928900028967786,0.8746757507324219,0.8977921605110168,0.887512743473053,0.8033854365348816
sub-cp018_ses-20210709_level-02B_run-010,sub-cp018,4,10000,45,51,50,1,1,2.0,0.05,2.170356268323708,0.01,1.7873380022007268,1.7873380022007268,0.890363335609436,0.9017120599746704,0.8928980231285095,0.8266205787658691
sub-cp018_ses-20210709_level-03B_run-002,sub-cp018,4,10000,45,51,50,2,2,3.0,0.05,2.3477739488184155,0.01,3.13401840320062,3.13401840320062,0.8992615938186646,0.9142604470252991,0.9209084510803223,0.8637192845344543
sub-cp018_ses-20210709_level-03B_run-005,sub-cp018,4,10000,45,51,50,2,2,3.0,0.05,2.3250047043097224,0.01,3.05999696669748,3.05999696669748,0.8788013458251953,0.9048328399658203,0.9105262160301208,0.8273798823356628
sub-cp018_ses-20210709_level-03B_run-011,sub-cp018,4,10000,45,51,50,2,2,3.0,0.05,2.345884873188946,0.01,2.751714778658939,2.751714778658939,0.8746838569641113,0.8954130411148071,0.903830349445343,0.8315266966819763
sub-cp018_ses-20210709_level-04B_run-004,sub-cp018,4,10000,45,51,50,3,3,4.0,0.05,3.0513047846271846,0.01,4.038218490637567,4.0,0.8500872254371643,0.8541927933692932,0.8731852769851685,0.9120213389396667
sub-cp018_ses-20210709_level-04B_run-006,sub-cp018,4,10000,45,51,50,3,3,4.0,0.05,2.9464846868447565,0.01,4.007178592730932,4.0,0.8501115441322327,0.8517666459083557,0.8681937456130981,0.8998356461524963
sub-cp018_ses-20210709_level-04B_run-009,sub-cp018,4,10000,45,51,50,3,3,4.0,0.05,3.084211129432098,0.01,3.781374585347231,3.781374585347231,0.8456069827079773,0.8478546142578125,0.8648175001144409,0.9103329181671143
sub-cp029_ses-20220119_level-01B_run-001,sub-cp029,4,10000,45,51,50,0,0,1.0,0.05,2.051208883008091,0.01,1.2780124940954627,1.2780124940954627,0.8815301060676575,0.8662867546081543,0.8560802340507507,0.8153428435325623
sub-cp029_ses-20220119_level-01B_run-007,sub-cp029,4,10000,45,51,50,0,0,1.0,0.05,1.9759194843448502,0.01,1.1171597651531537,1.1171597651531537,0.9289015531539917,0.9233720302581787,0.9010258316993713,0.8436540365219116
sub-cp029_ses-20220119_level-01B_run-012,sub-cp029,4,10000,45,51,50,0,0,1.0,0.05,1.9748627249183501,0.01,1.4642041917712074,1.4642041917712074,0.9242940545082092,0.9169319868087769,0.8963659405708313,0.8388593792915344
sub-cp029_ses-20220119_level-02B_run-003,sub-cp029,4,10000,45,51,50,1,1,2.0,0.05,2.071236486964779,0.01,1.781502331848428,1.781502331848428,0.8972854018211365,0.9062691330909729,0.886461079120636,0.8196808099746704
sub-cp029_ses-20220119_level-02B_run-008,sub-cp029,4,10000,45,51,50,1,1,2.0,0.05,2.0341933134453316,0.01,1.9202896641844678,1.9202896641844678,0.9128214120864868,0.9270386099815369,0.9018509984016418,0.8195056319236755
sub-cp029_ses-20220119_level-02B_run-010,sub-cp029,4,10000,45,51,50,1,1,2.0,0.05,2.0485861152469123,0.01,1.9283795708516782,1.9283795708516782,0.8952496647834778,0.909591019153595,0.8864825963973999,0.8040491342544556
sub-cp029_ses-20220119_level-03B_run-002,sub-cp029,4,10000,45,51,50,2,2,3.0,0.05,2.288222920212852,0.01,2.2073206133856935,2.2073206133856935,0.8817439675331116,0.8842670917510986,0.887477695941925,0.8432770371437073
sub-cp029_ses-20220119_level-03B_run-005,sub-cp029,4,10000,45,51,50,2,2,3.0,0.05,2.2795795620811234,0.01,2.9975353499621185,2.9975353499621185,0.8951603174209595,0.9124558568000793,0.9157443046569824,0.8414239287376404
sub-cp029_ses-20220119_level-03B_run-011,sub-cp029,4,10000,45,51,50,2,1,3.0,0.05,2.2284398757587476,0.01,2.9378361020387955,2.9378361020387955,0.8949058651924133,0.9149524569511414,0.9132957458496094,0.8269391655921936
sub-cp029_ses-20220119_level-04B_run-004,sub-cp029,4,10000,45,51,50,3,3,4.0,0.05,3.1718766790793174,0.01,4.22104775187286,4.0,0.8411402702331543,0.8467316627502441,0.8698387145996094,0.9171558022499084
sub-cp029_ses-20220119_level-04B_run-006,sub-cp029,4,10000,45,51,50,3,3,4.0,0.05,3.11608854833671,0.01,4.032710385684313,4.0,0.8437986373901367,0.8456243872642517,0.8652381896972656,0.9119151830673218
sub-cp029_ses-20220119_level-04B_run-009,sub-cp029,4,10000,45,51,50,3,3,4.0,0.05,3.154705459047756,0.01,4.360821737288502,4.0,0.8221012353897095,0.828390896320343,0.8522158861160278,0.8965489864349365
sub-cp036_ses-20211218_level-01B_run-001,sub-cp036,4,10000,45,51,50,0,0,1.0,0.05,2.1406260375930874,0.01,1.2887640829669298,1.2887640829669298,0.9123936891555786,0.8967553973197937,0.8849104642868042,0.8668307065963745
sub-cp036_ses-20211218_level-01B_run-007,sub-cp036,4,10000,45,51,50,0,0,1.0,0.05,2.331495247044325,0.01,1.761343852735732,1.761343852735732,0.838373601436615,0.8222355842590332,0.8182511925697327,0.8186454772949219
sub-cp036_ses-20211218_level-01B_run-012,sub-cp036,4,10000,45,51,50,0,0,1.0,0.05,2.2259590864271184,0.01,1.4822870934912133,1.4822870934912133,0.8366464972496033,0.8170856237411499,0.8086510300636292,0.8047075271606445
sub-cp036_ses-20211218_level-02B_run-003,sub-cp036,4,10000,45,51,50,1,0,2.0,0.05,2.150988814395033,0.01,1.8221783142465722,1.8221783142465722,0.8834494352340698,0.870963990688324,0.8631967902183533,0.8350523114204407
sub-cp036_ses-20211218_level-02B_run-008,sub-cp036,4,10000,45,51,50,1,0,2.0,0.05,2.345382275252056,0.01,1.7948451529131304,1.7948451529131304,0.8497217297554016,0.8350790143013,0.8316698670387268,0.8313939571380615
sub-cp036_ses-20211218_level-02B_run-010,sub-cp036,4,10000,45,51,50,1,0,2.0,0.05,2.3512499787231045,0.01,1.6830768765306932,1.6830768765306932,0.8473124504089355,0.834306001663208,0.8274307250976562,0.8308470845222473
sub-cp036_ses-20211218_level-03B_run-002,sub-cp036,4,10000,45,51,50,2,2,3.0,0.05,2.437449708444912,0.01,2.9625501533385443,2.9625501533385443,0.8888744711875916,0.8869569301605225,0.8971156477928162,0.8754695653915405
sub-cp036_ses-20211218_level-03B_run-005,sub-cp036,4,10000,45,51,50,2,0,3.0,0.05,2.514231131621728,0.01,2.466648933351426,2.466648933351426,0.829816460609436,0.81651371717453,0.825653612613678,0.8289886713027954
sub-cp036_ses-20211218_level-03B_run-011,sub-cp036,4,10000,45,51,50,2,0,3.0,0.05,2.5103820682660465,0.01,2.6795434649660703,2.6795434649660703,0.846405565738678,0.8345436453819275,0.8441258668899536,0.8448911905288696
sub-cp036_ses-20211218_level-04B_run-004,sub-cp036,4,10000,45,51,50,3,3,4.0,0.05,2.8821489561540825,0.01,3.549528463453547,3.549528463453547,0.8448787331581116,0.8261502385139465,0.8420817852020264,0.882605791091919
sub-cp036_ses-20211218_level-04B_run-006,sub-cp036,4,10000,45,51,50,3,3,4.0,0.05,2.7760936938426743,0.01,3.5786856400367144,3.5786856400367144,0.8459886908531189,0.8285946249961853,0.8436296582221985,0.873234212398529
sub-cp036_ses-20211218_level-04B_run-009,sub-cp036,4,10000,45,51,50,3,3,4.0,0.05,2.8957193091814766,0.01,3.629599518827152,3.629599518827152,0.8305744528770447,0.8156936764717102,0.8331449627876282,0.8704413175582886
sub-cp042_ses-20220111_level-01B_run-001,sub-cp042,4,10000,45,51,50,0,0,1.0,0.05,1.9546052039812323,0.01,1.1128656902900311,1.1128656902900311,0.9075967073440552,0.8993512392044067,0.8799755573272705,0.8139676451683044
sub-cp042_ses-20220111_level-01B_run-007,sub-cp042,4,10000,45,51,50,0,0,1.0,0.05,2.1934229243455245,0.01,0.8052730577072589,1.0,0.8946216106414795,0.8886309266090393,0.8794335126876831,0.8519636392593384
sub-cp042_ses-20220111_level-01B_run-012,sub-cp042,4,10000,45,51,50,0,0,1.0,0.05,2.293765342882252,0.01,1.5701158256237668,1.5701158256237668,0.7772690653800964,0.7514058351516724,0.745883047580719,0.7549505829811096
sub-cp042_ses-20220111_level-02B_run-003,sub-cp042,4,10000,45,51,50,1,1,2.0,0.05,2.149828728353039,0.01,2.266902103749658,2.266902103749658,0.889811098575592,0.905712902545929,0.8930112719535828,0.8190543055534363
sub-cp042_ses-20220111_level-02B_run-008,sub-cp042,4,10000,45,51,50,1,1,2.0,0.05,2.2115091041127655,0.01,1.9518845753170462,1.9518845753170462,0.8978701233863831,0.9139835834503174,0.9028838276863098,0.8458415865898132
sub-cp042_ses-20220111_level-02B_run-010,sub-cp042,4,10000,45,51,50,1,1,2.0,0.05,2.3033349369908898,0.01,1.6114521518571172,1.6114521518571172,0.8694456219673157,0.8853926658630371,0.8796438574790955,0.8358381986618042
sub-cp042_ses-20220111_level-03B_run-002,sub-cp042,4,10000,45,51,50,2,3,3.0,0.05,2.772390543753245,0.01,3.357041476264782,3.357041476264782,0.8532761335372925,0.8585435748100281,0.8776240348815918,0.8837951421737671
sub-cp042_ses-20220111_level-03B_run-005,sub-cp042,4,10000,45,51,50,2,3,3.0,0.05,2.8286685833741814,0.01,3.0798635641635226,3.0798635641635226,0.8282923698425293,0.8394924998283386,0.8589602708816528,0.8671705722808838
sub-cp042_ses-20220111_level-03B_run-011,sub-cp042,4,10000,45,51,50,2,2,3.0,0.05,2.6259323642485235,0.01,2.469157048853099,2.469157048853099,0.8545917868614197,0.8651037216186523,0.8778613209724426,0.8681634664535522
sub-cp042_ses-20220111_level-04B_run-004,sub-cp042,4,10000,45,51,50,3,3,4.0,0.05,3.2728387472180467,0.01,4.035494820041084,4.0,0.8069198727607727,0.8038791418075562,0.8259664177894592,0.8905118703842163
sub-cp042_ses-20220111_level-04B_run-006,sub-cp042,4,10000,45,51,50,3,3,4.0,0.05,3.1467190871888935,0.01,3.722216965886419,3.722216965886419,0.8014461398124695,0.7989485859870911,0.8213658928871155,0.8713864088058472
sub-cp042_ses-20220111_level-04B_run-009,sub-cp042,4,10000,45,51,50,3,3,4.0,0.05,3.0730128711276112,0.01,3.6523379734920027,3.6523379734920027,0.768151581287384,0.7681038975715637,0.7865975499153137,0.8308842182159424
sub-cp003_ses-20210206_level-01B_run-001,sub-cp003,4,1000,46,51,50,0,0,1.0,0.05,2.0640504300664073,0.1,0.9534748406334241,1.0,0.9226965308189392,0.9090313911437988,0.8942343592643738,0.8626950979232788
sub-cp003_ses-20210206_level-01B_run-007,sub-cp003,4,1000,46,51,50,0,0,1.0,0.05,2.0661445391367863,0.1,1.3456325037359491,1.3456325037359491,0.9308241605758667,0.9233603477478027,0.906851053237915,0.8674954771995544
sub-cp003_ses-20210206_level-01B_run-012,sub-cp003,4,1000,46,51,50,0,0,1.0,0.05,2.0057214084912074,0.1,0.8968399454938654,1.0,0.9284020066261292,0.9122502207756042,0.8938066959381104,0.8604267835617065
sub-cp003_ses-20210206_level-02B_run-003,sub-cp003,4,1000,46,51,50,1,1,2.0,0.05,2.102392375267989,0.1,1.37089491364468,1.37089491364468,0.9245535135269165,0.9401034116744995,0.9198687076568604,0.8497182726860046
sub-cp003_ses-20210206_level-02B_run-008,sub-cp003,4,1000,46,51,50,1,1,2.0,0.05,2.1092961573229263,0.1,1.4665399398542107,1.4665399398542107,0.9263297319412231,0.9410378932952881,0.9212052226066589,0.8547824025154114
sub-cp003_ses-20210206_level-02B_run-010,sub-cp003,4,1000,46,51,50,1,1,2.0,0.05,2.132124414135791,0.1,1.7646324017158261,1.7646324017158261,0.9328426122665405,0.9467487335205078,0.9293312430381775,0.8667042255401611
sub-cp003_ses-20210206_level-03B_run-002,sub-cp003,4,1000,46,51,50,2,2,3.0,0.05,2.2787199024981977,0.1,2.3505004170637296,2.3505004170637296,0.9092941284179688,0.9242429137229919,0.9268987774848938,0.8589497804641724
sub-cp003_ses-20210206_level-03B_run-005,sub-cp003,4,1000,46,51,50,2,2,3.0,0.05,2.4671137631765223,0.1,3.0976735023027824,3.0976735023027824,0.9048535227775574,0.924839973449707,0.937938392162323,0.8896510601043701
sub-cp003_ses-20210206_level-03B_run-011,sub-cp003,4,1000,46,51,50,2,2,3.0,0.05,2.5050214674875777,0.1,3.1304450992347044,3.1304450992347044,0.9075717329978943,0.9236718416213989,0.9409589171409607,0.8980912566184998
sub-cp003_ses-20210206_level-04B_run-004,sub-cp003,4,1000,46,51,50,3,3,4.0,0.05,2.9607410832419823,0.1,3.9949419134302393,3.9949419134302393,0.8894864916801453,0.8855132460594177,0.9005427360534668,0.9390262961387634
sub-cp003_ses-20210206_level-04B_run-006,sub-cp003,4,1000,46,51,50,3,3,4.0,0.05,3.0416411555664706,0.1,4.231836886348853,4.0,0.8735542297363281,0.8751299381256104,0.8953036069869995,0.9335401058197021
sub-cp003_ses-20210206_level-04B_run-009,sub-cp003,4,1000,46,51,50,3,3,4.0,0.05,3.06568892154592,0.1,4.140091038719496,4.0,0.8631390929222107,0.8624882698059082,0.8815374970436096,0.9248889088630676
sub-cp006_ses-20210324_level-01B_run-001,sub-cp006,4,1000,46,51,50,0,0,1.0,0.05,2.0026241393464668,0.1,1.0458904345102533,1.0458904345102533,0.8902669548988342,0.8814896941184998,0.8606879115104675,0.8160629272460938
sub-cp006_ses-20210324_level-01B_run-007,sub-cp006,4,1000,46,51,50,0,1,1.0,0.05,1.976137850335117,0.1,0.7417113230113987,1.0,0.902673602104187,0.9042550921440125,0.8766993284225464,0.8138473629951477
sub-cp006_ses-20210324_level-01B_run-012,sub-cp006,4,1000,46,51,50,0,1,1.0,0.05,2.0275890197988504,0.1,1.0229874720491023,1.0229874720491023,0.8984483480453491,0.898881733417511,0.8781160116195679,0.8196500539779663
sub-cp006_ses-20210324_level-02B_run-003,sub-cp006,4,1000,46,51,50,1,1,2.0,0.05,2.1612408814007247,0.1,2.08405718489548,2.08405718489548,0.8685216307640076,0.8838778734207153,0.86977618932724,0.8054071664810181
sub-cp006_ses-20210324_level-02B_run-008,sub-cp006,4,1000,46,51,50,1,1,2.0,0.05,2.200395958923633,0.1,1.9620972611224465,1.9620972611224465,0.8964568376541138,0.918661892414093,0.902333676815033,0.8426495790481567
sub-cp006_ses-20210324_level-02B_run-010,sub-cp006,4,1000,46,51,50,1,1,2.0,0.05,2.125784530857883,0.1,1.6160587445981465,1.6160587445981465,0.8810897469520569,0.8948062658309937,0.8773408532142639,0.8130033612251282
sub-cp006_ses-20210324_level-03B_run-002,sub-cp006,4,1000,46,51,50,2,1,3.0,0.05,2.339227747867962,0.1,2.6937355588512015,2.6937355588512015,0.8814665675163269,0.9150018095970154,0.9138009548187256,0.8411198258399963
sub-cp006_ses-20210324_level-03B_run-005,sub-cp006,4,1000,46,51,50,2,1,3.0,0.05,2.322195404325825,0.1,2.1302534079118645,2.1302534079118645,0.8959724307060242,0.9114454984664917,0.9108338952064514,0.8619038462638855
sub-cp006_ses-20210324_level-03B_run-011,sub-cp006,4,1000,46,51,50,2,1,3.0,0.05,2.3256312782432333,0.1,2.6991782488953047,2.6991782488953047,0.8681179285049438,0.8906529545783997,0.8900110125541687,0.8306750655174255
sub-cp006_ses-20210324_level-04B_run-004,sub-cp006,4,1000,46,51,50,3,3,4.0,0.05,2.9723971089780217,0.1,4.110685697611407,4.0,0.8708630204200745,0.8746107816696167,0.8937532305717468,0.9240449070930481
sub-cp006_ses-20210324_level-04B_run-006,sub-cp006,4,1000,46,51,50,3,3,4.0,0.05,2.809049916295691,0.1,3.5445819620199615,3.5445819620199615,0.9008166790008545,0.9022563099861145,0.9210982918739319,0.9349116683006287
sub-cp006_ses-20210324_level-04B_run-009,sub-cp006,4,1000,46,51,50,3,3,4.0,0.05,2.8658043161262157,0.1,3.5229506137837427,3.5229506137837427,0.8933349847793579,0.8955071568489075,0.9147365093231201,0.9341204166412354
sub-cp012_ses-20210723_level-01B_run-001,sub-cp012,4,1000,46,51,50,0,1,1.0,0.05,2.12029540212687,0.1,1.6517798478078798,1.6517798478078798,0.9037501215934753,0.9256446957588196,0.9031623005867004,0.8308333158493042
sub-cp012_ses-20210723_level-01B_run-007,sub-cp012,4,1000,46,51,50,0,0,1.0,0.05,1.924911770796231,0.1,1.3945054818591864,1.3945054818591864,0.9257645606994629,0.9177533388137817,0.8883002400398254,0.8371634483337402
sub-cp012_ses-20210723_level-01B_run-012,sub-cp012,4,1000,46,51,50,0,0,1.0,0.05,1.9248300351498708,0.1,1.3672763173467453,1.3672763173467453,0.9277023077011108,0.9073700904846191,0.8812969326972961,0.8512480854988098
sub-cp012_ses-20210723_level-02B_run-003,sub-cp012,4,1000,46,51,50,1,1,2.0,0.05,2.3300888489107012,0.1,2.457184779652308,2.457184779652308,0.8712666630744934,0.9051117300987244,0.8993398547172546,0.8347896337509155
sub-cp012_ses-20210723_level-02B_run-008,sub-cp012,4,1000,46,51,50,1,1,2.0,0.05,2.225156125665038,0.1,2.188866196114565,2.188866196114565,0.9035886526107788,0.9339513182640076,0.9194142818450928,0.8472389578819275
sub-cp012_ses-20210723_level-02B_run-010,sub-cp012,4,1000,46,51,50,1,1,2.0,0.05,2.2505402879876932,0.1,2.1940869956408937,2.1940869956408937,0.8863376975059509,0.9129511117935181,0.9014782905578613,0.8377965092658997
sub-cp012_ses-20210723_level-03B_run-002,sub-cp012,4,1000,46,51,50,2,2,3.0,0.05,2.4004027173562426,0.1,2.8853657593934225,2.8853657593934225,0.876272439956665,0.9090573787689209,0.9148969054222107,0.8460257053375244
sub-cp012_ses-20210723_level-03B_run-005,sub-cp012,4,1000,46,51,50,2,2,3.0,0.05,2.3765795600488677,0.1,3.049542359130882,3.049542359130882,0.8725584745407104,0.9011660814285278,0.9090696573257446,0.833945631980896
sub-cp012_ses-20210723_level-03B_run-011,sub-cp012,4,1000,46,51,50,2,2,3.0,0.05,2.422417266078646,0.1,3.1442645188739586,3.1442645188739586,0.8936309814453125,0.9293826818466187,0.9373770356178284,0.8655964136123657
sub-cp012_ses-20210723_level-04B_run-004,sub-cp012,4,1000,46,51,50,3,3,4.0,0.05,2.908853168120487,0.1,3.887785500461292,3.887785500461292,0.8746038675308228,0.8854872584342957,0.9048463106155396,0.9229898452758789
sub-cp012_ses-20210723_level-04B_run-006,sub-cp012,4,1000,46,51,50,3,3,4.0,0.05,2.878132280250542,0.1,3.8579447050010374,3.8579447050010374,0.8841308951377869,0.890575110912323,0.9107804298400879,0.9274737238883972
sub-cp012_ses-20210723_level-04B_run-009,sub-cp012,4,1000,46,51,50,3,3,4.0,0.05,2.807169675739951,0.1,3.82516305997434,3.82516305997434,0.8850997090339661,0.8973761200904846,0.9194945096969604,0.9211963415145874
sub-cp018_ses-20210709_level-01B_run-001,sub-cp018,4,1000,46,51,50,0,1,1.0,0.05,2.0834753574006326,0.1,1.0645164000732645,1.0645164000732645,0.9091326594352722,0.9107446670532227,0.894769012928009,0.8401175737380981
sub-cp018_ses-20210709_level-01B_run-007,sub-cp018,4,1000,46,51,50,0,1,1.0,0.05,2.130597408647807,0.1,1.1573052213860953,1.1573052213860953,0.9083252549171448,0.9131327867507935,0.898190438747406,0.8484522700309753
sub-cp018_ses-20210709_level-01B_run-012,sub-cp018,4,1000,46,51,50,0,0,1.0,0.05,2.1025312036048476,0.1,1.2700321000106216,1.2700321000106216,0.9064413905143738,0.906175971031189,0.8926305770874023,0.8420693278312683
sub-cp018_ses-20210709_level-02B_run-003,sub-cp018,4,1000,46,51,50,1,1,2.0,0.05,2.184886547405894,0.1,1.8237403012624807,1.8237403012624807,0.8912627100944519,0.9128212928771973,0.8978697061538696,0.8305695652961731
sub-cp018_ses-20210709_level-02B_run-008,sub-cp018,4,1000,46,51,50,1,1,2.0,0.05,2.1870833389913518,0.1,1.7505783893981193,1.7505783893981193,0.8719933032989502,0.8964676260948181,0.8832749724388123,0.8048796653747559
sub-cp018_ses-20210709_level-02B_run-010,sub-cp018,4,1000,46,51,50,1,1,2.0,0.05,2.161907250278693,0.1,1.5994525343495056,1.5994525343495056,0.8956225514411926,0.9089794754981995,0.8960520625114441,0.8332598805427551
sub-cp018_ses-20210709_level-03B_run-002,sub-cp018,4,1000,46,51,50,2,2,3.0,0.05,2.399217310888704,0.1,2.7179572964959986,2.7179572964959986,0.9015971422195435,0.9228411912918091,0.9270591735839844,0.8785732388496399
sub-cp018_ses-20210709_level-03B_run-005,sub-cp018,4,1000,46,51,50,2,1,3.0,0.05,2.3234940432388913,0.1,2.5433467160925276,2.5433467160925276,0.8751689791679382,0.9061240553855896,0.905086874961853,0.8310443162918091
sub-cp018_ses-20210709_level-03B_run-011,sub-cp018,4,1000,46,51,50,2,2,3.0,0.05,2.373684556728487,0.1,2.583946279285407,2.583946279285407,0.878156304359436,0.9015814065933228,0.9042582511901855,0.8494017720222473
sub-cp018_ses-20210709_level-04B_run-004,sub-cp018,4,1000,46,51,50,3,3,4.0,0.05,2.8961410439573987,0.1,4.172974359580218,4.0,0.8680641055107117,0.8687961101531982,0.8823661208152771,0.9121758341789246
sub-cp018_ses-20210709_level-04B_run-006,sub-cp018,4,1000,46,51,50,3,3,4.0,0.05,2.8779701771437347,0.1,4.0910218837237755,4.0,0.8589138388633728,0.859035849571228,0.8699632883071899,0.9010453224182129
sub-cp018_ses-20210709_level-04B_run-009,sub-cp018,4,1000,46,51,50,3,3,4.0,0.05,2.973376307266534,0.1,4.2900531148492895,4.0,0.8576220273971558,0.8655773401260376,0.8800673484802246,0.9124395847320557
sub-cp029_ses-20220119_level-01B_run-001,sub-cp029,4,1000,46,51,50,0,0,1.0,0.05,2.1567475675356054,0.1,1.7928916798347598,1.7928916798347598,0.8676873445510864,0.8540518283843994,0.851198673248291,0.8170652389526367
sub-cp029_ses-20220119_level-01B_run-007,sub-cp029,4,1000,46,51,50,0,0,1.0,0.05,1.9910468973424043,0.1,1.1531485980598861,1.1531485980598861,0.9351032376289368,0.9304469227790833,0.9046324491500854,0.8585277795791626
sub-cp029_ses-20220119_level-01B_run-012,sub-cp029,4,1000,46,51,50,0,0,1.0,0.05,1.9697597657622614,0.1,1.0597447379844858,1.0597447379844858,0.9318737387657166,0.9204789996147156,0.8982706665992737,0.8530415892601013
sub-cp029_ses-20220119_level-02B_run-003,sub-cp029,4,1000,46,51,50,1,1,2.0,0.05,2.108205077844327,0.1,1.3459604582584315,1.3459604582584315,0.900655210018158,0.9054232239723206,0.8892358541488647,0.8358446955680847
sub-cp029_ses-20220119_level-02B_run-008,sub-cp029,4,1000,46,51,50,1,1,2.0,0.05,2.064726419631656,0.1,1.6596968025265932,1.6596968025265932,0.9235308170318604,0.9356386065483093,0.9119030833244324,0.845445454120636
sub-cp029_ses-20220119_level-02B_run-010,sub-cp029,4,1000,46,51,50,1,1,2.0,0.05,2.0784981784245824,0.1,1.454636043259485,1.454636043259485,0.8959454894065857,0.9079930782318115,0.8873914480209351,0.8176982402801514
sub-cp029_ses-20220119_level-03B_run-002,sub-cp029,4,1000,46,51,50,2,2,3.0,0.05,2.46449971224905,0.1,2.491104572091396,2.491104572091396,0.8982330560684204,0.9063577055931091,0.9189064502716064,0.8859584331512451
sub-cp029_ses-20220119_level-03B_run-005,sub-cp029,4,1000,46,51,50,2,1,3.0,0.05,2.2645645064624484,0.1,2.066616309147645,2.066616309147645,0.9048266410827637,0.9169226884841919,0.9156185984611511,0.858633279800415
sub-cp029_ses-20220119_level-03B_run-011,sub-cp029,4,1000,46,51,50,2,2,3.0,0.05,2.2707063417033875,0.1,2.582536482817658,2.582536482817658,0.8978562951087952,0.9129511117935181,0.9148969054222107,0.8458674550056458
sub-cp029_ses-20220119_level-04B_run-004,sub-cp029,4,1000,46,51,50,3,3,4.0,0.05,3.084937586594601,0.1,3.7556158834691726,3.7556158834691726,0.8610668182373047,0.8668752312660217,0.8941274881362915,0.9276847243309021
sub-cp029_ses-20220119_level-04B_run-006,sub-cp029,4,1000,46,51,50,3,3,4.0,0.05,3.022137257113515,0.1,4.159581575012195,4.0,0.8723701238632202,0.8765835762023926,0.8956243395805359,0.9311663508415222
sub-cp029_ses-20220119_level-04B_run-009,sub-cp029,4,1000,46,51,50,3,3,4.0,0.05,3.082872468604515,0.1,4.107777509683615,4.0,0.8431969285011292,0.8566476702690125,0.887765645980835,0.9129671454429626
sub-cp036_ses-20211218_level-01B_run-001,sub-cp036,4,1000,46,51,50,0,0,1.0,0.05,2.1516611998001087,0.1,1.4578258431945448,1.4578258431945448,0.9164528250694275,0.8966752886772156,0.8848253488540649,0.8747751712799072
sub-cp036_ses-20211218_level-01B_run-007,sub-cp036,4,1000,46,51,50,0,0,1.0,0.05,2.2345270672661868,0.1,1.5502169545076554,1.5502169545076554,0.8593444228172302,0.8411246538162231,0.8338239789009094,0.8277209997177124
sub-cp036_ses-20211218_level-01B_run-012,sub-cp036,4,1000,46,51,50,0,0,1.0,0.05,2.2717092919504975,0.1,1.7599884408747297,1.7599884408747297,0.8501403331756592,0.8292877078056335,0.8218488097190857,0.8246086835861206
sub-cp036_ses-20211218_level-02B_run-003,sub-cp036,4,1000,46,51,50,1,0,2.0,0.05,2.171156124422757,0.1,1.7710772687885277,1.7710772687885277,0.8810897469520569,0.8673943877220154,0.8571862578392029,0.8389570116996765
sub-cp036_ses-20211218_level-02B_run-008,sub-cp036,4,1000,46,51,50,1,0,2.0,0.05,2.245651262551358,0.1,2.04762887384495,2.04762887384495,0.8748191595077515,0.8637862205505371,0.8574802875518799,0.8419638276100159
sub-cp036_ses-20211218_level-02B_run-010,sub-cp036,4,1000,46,51,50,1,0,2.0,0.05,2.1708910487179223,0.1,1.3572673002011235,1.3572673002011235,0.8827314376831055,0.8688740134239197,0.8547537922859192,0.8430188894271851
sub-cp036_ses-20211218_level-03B_run-002,sub-cp036,4,1000,46,51,50,2,2,3.0,0.05,2.3958060155594176,0.1,2.326826109623815,2.326826109623815,0.8828390836715698,0.8797245621681213,0.8920692205429077,0.8612180948257446
sub-cp036_ses-20211218_level-03B_run-005,sub-cp036,4,1000,46,51,50,2,0,3.0,0.05,2.3734739607724604,0.1,2.266812775102543,2.266812775102543,0.8449731469154358,0.8285089731216431,0.8315786123275757,0.8281957507133484
sub-cp036_ses-20211218_level-03B_run-011,sub-cp036,4,1000,46,51,50,2,0,3.0,0.05,2.3393778372804164,0.1,2.2405266330021987,2.2405266330021987,0.8715358376502991,0.8543373942375183,0.8534707427024841,0.8518283367156982
sub-cp036_ses-20211218_level-04B_run-004,sub-cp036,4,1000,46,51,50,3,3,4.0,0.05,2.781916892797465,0.1,2.7323450596773435,2.7323450596773435,0.8614974617958069,0.8451741337776184,0.8605008125305176,0.8894928097724915
sub-cp036_ses-20211218_level-04B_run-006,sub-cp036,4,1000,46,51,50,3,3,4.0,0.05,2.8803420932682395,0.1,3.8592609144718018,3.8592609144718018,0.8461841940879822,0.8351283073425293,0.8581752777099609,0.8850089311599731
sub-cp036_ses-20211218_level-04B_run-009,sub-cp036,4,1000,46,51,50,3,3,4.0,0.05,2.8190790925853,0.1,3.8699674258458985,3.8699674258458985,0.8557919859886169,0.8437724113464355,0.8606076836585999,0.8883322477340698
sub-cp042_ses-20220111_level-01B_run-001,sub-cp042,4,1000,46,51,50,0,0,1.0,0.05,2.04331785086467,0.1,1.2617925797148,1.2617925797148,0.9014894962310791,0.8947543501853943,0.8801742792129517,0.8287232518196106
sub-cp042_ses-20220111_level-01B_run-007,sub-cp042,4,1000,46,51,50,0,0,1.0,0.05,2.327404639634695,0.1,1.4998317018960972,1.4998317018960972,0.9060646295547485,0.8957927227020264,0.8966401219367981,0.8821603655815125
sub-cp042_ses-20220111_level-01B_run-012,sub-cp042,4,1000,46,51,50,0,0,1.0,0.05,2.159024437371916,0.1,1.7700685894622934,1.7700685894622934,0.8161228895187378,0.7944517731666565,0.7818068861961365,0.7768159508705139
sub-cp042_ses-20220111_level-02B_run-003,sub-cp042,4,1000,46,51,50,1,1,2.0,0.05,2.172765330039755,0.1,2.097051914062364,2.097051914062364,0.8889482021331787,0.8992191553115845,0.8888348937034607,0.8297783136367798
sub-cp042_ses-20220111_level-02B_run-008,sub-cp042,4,1000,46,51,50,1,1,2.0,0.05,2.2919443914451842,0.1,2.338871310327068,2.338871310327068,0.8940885066986084,0.9103033542633057,0.9014782905578613,0.8606377840042114
sub-cp042_ses-20220111_level-02B_run-010,sub-cp042,4,1000,46,51,50,1,1,2.0,0.05,2.3330621783843437,0.1,1.8969341455879896,1.8969341455879896,0.883673369884491,0.899011492729187,0.8926840424537659,0.8574727177619934
sub-cp042_ses-20220111_level-03B_run-002,sub-cp042,4,1000,46,51,50,2,2,3.0,0.05,2.8551767976087308,0.1,3.146265263592371,3.146265263592371,0.8539619445800781,0.8731571435928345,0.9000081419944763,0.8977220058441162
sub-cp042_ses-20220111_level-03B_run-005,sub-cp042,4,1000,46,51,50,2,3,3.0,0.05,2.8060753622385097,0.1,3.0113192100668855,3.0113192100668855,0.8517012596130371,0.8634487390518188,0.8760043382644653,0.888859748840332
sub-cp042_ses-20220111_level-03B_run-011,sub-cp042,4,1000,46,51,50,2,2,3.0,0.05,2.6433459063579114,0.1,2.814053881928887,2.814053881928887,0.873500406742096,0.8853055834770203,0.895357072353363,0.8904950618743896
sub-cp042_ses-20220111_level-04B_run-004,sub-cp042,4,1000,46,51,50,3,3,4.0,0.05,3.1426725878631645,0.1,3.946667941942367,3.946667941942367,0.8373568654060364,0.8354917168617249,0.8581218123435974,0.9071117043495178
sub-cp042_ses-20220111_level-04B_run-006,sub-cp042,4,1000,46,51,50,3,3,4.0,0.05,2.992515755933134,0.1,3.5656917280226312,3.5656917280226312,0.8300635814666748,0.8328699469566345,0.8561170101165771,0.8851144313812256
sub-cp042_ses-20220111_level-04B_run-009,sub-cp042,4,1000,46,51,50,3,3,4.0,0.05,2.8373265025887413,0.1,3.377084113017278,3.377084113017278,0.7914978861808777,0.7884554266929626,0.7993152141571045,0.8284595012664795
sub-cp003_ses-20210206_level-01B_run-001,sub-cp003,4,2000,46,51,50,0,0,1.0,0.05,2.031966808228437,0.01,0.9729614355390811,1.0,0.9213806986808777,0.9065899848937988,0.8905726671218872,0.8560669422149658
sub-cp003_ses-20210206_level-01B_run-007,sub-cp003,4,2000,46,51,50,0,0,1.0,0.05,2.0345414390605234,0.01,1.1345146563630655,1.1345146563630655,0.9273679256439209,0.9257403612136841,0.9074540138244629,0.8501703143119812
sub-cp003_ses-20210206_level-01B_run-012,sub-cp003,4,2000,46,51,50,0,0,1.0,0.05,1.9934010460975566,0.01,1.1609724092703027,1.1609724092703027,0.9309792518615723,0.9186553955078125,0.902603805065155,0.8524916172027588
sub-cp003_ses-20210206_level-02B_run-003,sub-cp003,4,2000,46,51,50,1,1,2.0,0.05,2.1001857395894064,0.01,1.6489399063439407,1.6489399063439407,0.9230234622955322,0.9414528012275696,0.9222739934921265,0.839657723903656
sub-cp003_ses-20210206_level-02B_run-008,sub-cp003,4,2000,46,51,50,1,1,2.0,0.05,2.135198746800817,0.01,1.8459404698490642,1.8459404698490642,0.9224125146865845,0.9415704607963562,0.92597895860672,0.8460346460342407
sub-cp003_ses-20210206_level-02B_run-010,sub-cp003,4,2000,46,51,50,1,1,2.0,0.05,2.115660405535921,0.01,1.9638410617361883,1.9638410617361883,0.9282775521278381,0.9443939924240112,0.9277034401893616,0.850917398929596
sub-cp003_ses-20210206_level-03B_run-002,sub-cp003,4,2000,46,51,50,2,2,3.0,0.05,2.2778004735763115,0.01,2.597850229823228,2.597850229823228,0.90655517578125,0.9264593124389648,0.9292123913764954,0.8499568700790405
sub-cp003_ses-20210206_level-03B_run-005,sub-cp003,4,2000,46,51,50,2,2,3.0,0.05,2.418990258944449,0.01,3.209744927757138,3.209744927757138,0.903500497341156,0.9247992038726807,0.9358274936676025,0.8781059980392456
sub-cp003_ses-20210206_level-03B_run-011,sub-cp003,4,2000,46,51,50,2,2,3.0,0.05,2.429000514992348,0.01,3.3586146282698826,3.3586146282698826,0.9065823554992676,0.9272436499595642,0.9403678178787231,0.881708025932312
sub-cp003_ses-20210206_level-04B_run-004,sub-cp003,4,2000,46,51,50,3,3,4.0,0.05,2.9620402512402557,0.01,3.996387045365427,3.996387045365427,0.8779767155647278,0.8744984269142151,0.8903706073760986,0.927787184715271
sub-cp003_ses-20210206_level-04B_run-006,sub-cp003,4,2000,46,51,50,3,3,4.0,0.05,3.0952050344257347,0.01,3.994867093937086,3.994867093937086,0.853335440158844,0.8550081849098206,0.8754293918609619,0.919169008731842
sub-cp003_ses-20210206_level-04B_run-009,sub-cp003,4,2000,46,51,50,3,3,4.0,0.05,3.0924744465095886,0.01,4.226234424712555,4.0,0.8444292545318604,0.8423545956611633,0.861983597278595,0.9085497260093689
sub-cp006_ses-20210324_level-01B_run-001,sub-cp006,4,2000,46,51,50,0,0,1.0,0.05,1.9723874468064186,0.01,0.8783554134532996,1.0,0.8936439752578735,0.8837794661521912,0.8651496767997742,0.8083868622779846
sub-cp006_ses-20210324_level-01B_run-007,sub-cp006,4,2000,46,51,50,0,1,1.0,0.05,1.9809531504070135,0.01,1.1001859848292463,1.1001859848292463,0.904532253742218,0.9050083160400391,0.8816403150558472,0.8119621872901917
sub-cp006_ses-20210324_level-01B_run-012,sub-cp006,4,2000,46,51,50,0,1,1.0,0.05,2.017164888791962,0.01,0.6316750266263989,1.0,0.8982871174812317,0.8983154892921448,0.8798888325691223,0.8121489882469177
sub-cp006_ses-20210324_level-02B_run-003,sub-cp006,4,2000,46,51,50,1,1,2.0,0.05,2.0983805412667116,0.01,1.7284157724401072,1.7284157724401072,0.8690569400787354,0.8830082416534424,0.8651092648506165,0.7905101776123047
sub-cp006_ses-20210324_level-02B_run-008,sub-cp006,4,2000,46,51,50,1,1,2.0,0.05,2.1805588982994797,0.01,1.4630599230457588,1.4630599230457588,0.9001742601394653,0.9226422905921936,0.9077908396720886,0.8365092873573303
sub-cp006_ses-20210324_level-02B_run-010,sub-cp006,4,2000,46,51,50,1,1,2.0,0.05,2.088939893947393,0.01,1.4743715006237796,1.4743715006237796,0.8888378739356995,0.9027338027954102,0.8845773339271545,0.8067059516906738
sub-cp006_ses-20210324_level-03B_run-002,sub-cp006,4,2000,46,51,50,2,2,3.0,0.05,2.321687230233402,0.01,2.915968136902468,2.915968136902468,0.8904399275779724,0.9184723496437073,0.9198488593101501,0.8440602421760559
sub-cp006_ses-20210324_level-03B_run-005,sub-cp006,4,2000,46,51,50,2,2,3.0,0.05,2.3239294604862666,0.01,2.2719013653372135,2.2719013653372135,0.8946622014045715,0.9130213856697083,0.9146888256072998,0.8565738797187805
sub-cp006_ses-20210324_level-03B_run-011,sub-cp006,4,2000,46,51,50,2,2,3.0,0.05,2.3039497316729385,0.01,2.5827826584399496,2.5827826584399496,0.8756551146507263,0.8968906402587891,0.8983598947525024,0.8294119834899902
sub-cp006_ses-20210324_level-04B_run-004,sub-cp006,4,2000,46,51,50,3,3,4.0,0.05,3.0114592832612246,0.01,4.183433998436692,4.0,0.8631240725517273,0.8655049204826355,0.8839576244354248,0.9201028943061829
sub-cp006_ses-20210324_level-04B_run-006,sub-cp006,4,2000,46,51,50,3,3,4.0,0.05,2.7901324029705297,0.01,3.5670075165357638,3.5670075165357638,0.8909558057785034,0.8874919414520264,0.9045169353485107,0.9220239520072937
sub-cp006_ses-20210324_level-04B_run-009,sub-cp006,4,2000,46,51,50,3,3,4.0,0.05,2.800058393614399,0.01,3.5313027483358868,3.5313027483358868,0.8837059736251831,0.8846422433853149,0.9009062647819519,0.9169544577598572
sub-cp012_ses-20210723_level-01B_run-001,sub-cp012,4,2000,46,51,50,0,1,1.0,0.05,2.0745475188559115,0.01,1.3111467148260405,1.3111467148260405,0.9107774496078491,0.9229952692985535,0.9043014049530029,0.82647705078125
sub-cp012_ses-20210723_level-01B_run-007,sub-cp012,4,2000,46,51,50,0,0,1.0,0.05,1.9095919216301693,0.01,1.186255955589702,1.186255955589702,0.9243267774581909,0.918838381767273,0.8900741934776306,0.8236221075057983
sub-cp012_ses-20210723_level-01B_run-012,sub-cp012,4,2000,46,51,50,0,0,1.0,0.05,1.9388406534011708,0.01,1.1123276719124333,1.1123276719124333,0.9244760870933533,0.907139003276825,0.8831627368927002,0.8462480902671814
sub-cp012_ses-20210723_level-02B_run-003,sub-cp012,4,2000,46,51,50,1,1,2.0,0.05,2.2534266438385058,0.01,1.9671338352765615,1.9671338352765615,0.8859868049621582,0.9153351187705994,0.9068881273269653,0.830452561378479
sub-cp012_ses-20210723_level-02B_run-008,sub-cp012,4,2000,46,51,50,1,1,2.0,0.05,2.15831488473192,0.01,2.021212995148209,2.021212995148209,0.9077363014221191,0.9352567195892334,0.9176663160324097,0.832160234451294
sub-cp012_ses-20210723_level-02B_run-010,sub-cp012,4,2000,46,51,50,1,1,2.0,0.05,2.1818654463160594,0.01,1.8752260090872486,1.8752260090872486,0.8937389850616455,0.9192174673080444,0.9044226408004761,0.8262635469436646
sub-cp012_ses-20210723_level-03B_run-002,sub-cp012,4,2000,46,51,50,2,2,3.0,0.05,2.329348354541465,0.01,3.0487176587091867,3.0487176587091867,0.8893130421638489,0.919086754322052,0.9227724671363831,0.8395243287086487
sub-cp012_ses-20210723_level-03B_run-005,sub-cp012,4,2000,46,51,50,2,2,3.0,0.05,2.347547601091676,0.01,3.1743150680022825,3.1743150680022825,0.877026379108429,0.9042762517929077,0.912007749080658,0.8290918469429016
sub-cp012_ses-20210723_level-03B_run-011,sub-cp012,4,2000,46,51,50,2,2,3.0,0.05,2.347524149540532,0.01,3.0572971807260805,3.0572971807260805,0.9006901383399963,0.9318972229957581,0.9368649125099182,0.8541191816329956
sub-cp012_ses-20210723_level-04B_run-004,sub-cp012,4,2000,46,51,50,3,3,4.0,0.05,2.996666215789479,0.01,3.9933921699112105,3.9933921699112105,0.8646717667579651,0.8729820847511292,0.8918256759643555,0.922157347202301
sub-cp012_ses-20210723_level-04B_run-006,sub-cp012,4,2000,46,51,50,3,3,4.0,0.05,2.901888985450145,0.01,4.196884555357618,4.0,0.8828370571136475,0.8859232664108276,0.9040588736534119,0.928027331829071
sub-cp012_ses-20210723_level-04B_run-009,sub-cp012,4,2000,46,51,50,3,3,4.0,0.05,2.8531462272764347,0.01,4.140674267555829,4.0,0.8781532049179077,0.8861193656921387,0.9056351780891418,0.9190623164176941
sub-cp018_ses-20210709_level-01B_run-001,sub-cp018,4,2000,46,51,50,0,1,1.0,0.05,2.084536400908721,0.01,1.1713140228564103,1.1713140228564103,0.9019120335578918,0.9031651616096497,0.8898182511329651,0.829758882522583
sub-cp018_ses-20210709_level-01B_run-007,sub-cp018,4,2000,46,51,50,0,1,1.0,0.05,2.138054592549837,0.01,1.0521920635819952,1.0521920635819952,0.9076955914497375,0.9130998253822327,0.9018628001213074,0.8443803787231445
sub-cp018_ses-20210709_level-01B_run-012,sub-cp018,4,2000,46,51,50,0,0,1.0,0.05,2.0814017544068366,0.01,0.5697884916688201,1.0,0.906039297580719,0.905674934387207,0.8926205635070801,0.8346149325370789
sub-cp018_ses-20210709_level-02B_run-003,sub-cp018,4,2000,46,51,50,1,1,2.0,0.05,2.1453613224165515,0.01,1.801627827302043,1.801627827302043,0.8907250165939331,0.9100409746170044,0.896177351474762,0.8147904872894287
sub-cp018_ses-20210709_level-02B_run-008,sub-cp018,4,2000,46,51,50,1,1,2.0,0.05,2.139253447084851,0.01,1.6097545698583313,1.6097545698583313,0.8785333633422852,0.9014919400215149,0.8843483328819275,0.8007559180259705
sub-cp018_ses-20210709_level-02B_run-010,sub-cp018,4,2000,46,51,50,1,1,2.0,0.05,2.1453089548458153,0.01,1.4230608574117,1.4230608574117,0.8896660208702087,0.906380832195282,0.8914349675178528,0.820260226726532
sub-cp018_ses-20210709_level-03B_run-002,sub-cp018,4,2000,46,51,50,2,2,3.0,0.05,2.3743955341193086,0.01,2.8616754179204342,2.8616754179204342,0.8958297371864319,0.9166030883789062,0.923122763633728,0.8640981316566467
sub-cp018_ses-20210709_level-03B_run-005,sub-cp018,4,2000,46,51,50,2,2,3.0,0.05,2.314346243306792,0.01,2.567187652800484,2.567187652800484,0.8769991993904114,0.9061847925186157,0.9071037173271179,0.82746422290802
sub-cp018_ses-20210709_level-03B_run-011,sub-cp018,4,2000,46,51,50,2,2,3.0,0.05,2.3475147958396043,0.01,2.8811844540402616,2.8811844540402616,0.8749627470970154,0.8998841047286987,0.903951108455658,0.8357622027397156
sub-cp018_ses-20210709_level-04B_run-004,sub-cp018,4,2000,46,51,50,3,3,4.0,0.05,2.952486282997639,0.01,4.3042917825015845,4.0,0.854951024055481,0.8566421866416931,0.8725866079330444,0.9053479433059692
sub-cp018_ses-20210709_level-04B_run-006,sub-cp018,4,2000,46,51,50,3,3,4.0,0.05,2.891168415892225,0.01,4.216101476027074,4.0,0.8494117856025696,0.8524852991104126,0.8661736249923706,0.893661379814148
sub-cp018_ses-20210709_level-04B_run-009,sub-cp018,4,2000,46,51,50,3,3,4.0,0.05,2.9950045852694567,0.01,4.428512523336407,4.0,0.8527787923812866,0.858916699886322,0.8745806217193604,0.9092968106269836
sub-cp029_ses-20220119_level-01B_run-001,sub-cp029,4,2000,46,51,50,0,0,1.0,0.05,2.1191616888090694,0.01,1.606710072338787,1.606710072338787,0.8519234657287598,0.8354787230491638,0.8281132578849792,0.7993951439857483
sub-cp029_ses-20220119_level-01B_run-007,sub-cp029,4,2000,46,51,50,0,0,1.0,0.05,1.9644746837653906,0.01,1.0613217204139043,1.0613217204139043,0.9321468472480774,0.9287207722663879,0.9037085771560669,0.8433932065963745
sub-cp029_ses-20220119_level-01B_run-012,sub-cp029,4,2000,46,51,50,0,0,1.0,0.05,1.967411493279937,0.01,0.9362307450342034,1.0,0.9287119507789612,0.9215965867042542,0.899276077747345,0.8429929614067078
sub-cp029_ses-20220119_level-02B_run-003,sub-cp029,4,2000,46,51,50,1,1,2.0,0.05,2.0744951549376185,0.01,1.5263618432831443,1.5263618432831443,0.9000248908996582,0.9080148339271545,0.8889694213867188,0.823888897895813
sub-cp029_ses-20220119_level-02B_run-008,sub-cp029,4,2000,46,51,50,1,1,2.0,0.05,2.022780035926553,0.01,1.8129518694066495,1.8129518694066495,0.9193034768104553,0.9302109479904175,0.9040588736534119,0.8298922777175903
sub-cp029_ses-20220119_level-02B_run-010,sub-cp029,4,2000,46,51,50,1,1,2.0,0.05,2.0365856381560503,0.01,1.302856425240391,1.302856425240391,0.8922455906867981,0.9043154716491699,0.8810070753097534,0.8005424737930298
sub-cp029_ses-20220119_level-03B_run-002,sub-cp029,4,2000,46,51,50,2,2,3.0,0.05,2.3754723811797653,0.01,2.5725762313008165,2.5725762313008165,0.8816831111907959,0.8901193737983704,0.8974168300628662,0.8556133508682251
sub-cp029_ses-20220119_level-03B_run-005,sub-cp029,4,2000,46,51,50,2,2,3.0,0.05,2.2290983468703174,0.01,2.0376868297294943,2.0376868297294943,0.9040027856826782,0.912733793258667,0.9140691161155701,0.8463548421859741
sub-cp029_ses-20220119_level-03B_run-011,sub-cp029,4,2000,46,51,50,2,2,3.0,0.05,2.2665168188223235,0.01,2.998484374475225,2.998484374475225,0.8921098113059998,0.9106945991516113,0.9136109948158264,0.8324270248413086
sub-cp029_ses-20220119_level-04B_run-004,sub-cp029,4,2000,46,51,50,3,3,4.0,0.05,3.199886937048251,0.01,4.207555094707095,4.0,0.8446057438850403,0.8484068512916565,0.8768709301948547,0.9234914779663086
sub-cp029_ses-20220119_level-04B_run-006,sub-cp029,4,2000,46,51,50,3,3,4.0,0.05,3.09738575352279,0.01,4.072382881892741,4.0,0.8471717238426208,0.8498055934906006,0.8680463433265686,0.9135125279426575
sub-cp029_ses-20220119_level-04B_run-009,sub-cp029,4,2000,46,51,50,3,3,4.0,0.05,3.1243389060669857,0.01,4.317406033183071,4.0,0.8206568360328674,0.8303937911987305,0.8583863973617554,0.8934479355812073
sub-cp036_ses-20211218_level-01B_run-001,sub-cp036,4,2000,46,51,50,0,0,1.0,0.05,2.121711458544626,0.01,2.170973646214392,2.170973646214392,0.9183802604675293,0.9005376696586609,0.8872449398040771,0.8715156316757202
sub-cp036_ses-20211218_level-01B_run-007,sub-cp036,4,2000,46,51,50,0,0,1.0,0.05,2.1980464127799277,0.01,1.687424364985652,1.687424364985652,0.8487465977668762,0.8324722051620483,0.8247989416122437,0.8108415603637695
sub-cp036_ses-20211218_level-01B_run-012,sub-cp036,4,2000,46,51,50,0,0,1.0,0.05,2.1933742346163845,0.01,1.3076961661622333,1.3076961661622333,0.8446736335754395,0.8241584897041321,0.8164728283882141,0.8077198266983032
sub-cp036_ses-20211218_level-02B_run-003,sub-cp036,4,2000,46,51,50,1,0,2.0,0.05,2.1233780518156116,0.01,1.7910254468977707,1.7910254468977707,0.8844527006149292,0.8735703229904175,0.8641123175621033,0.8305860161781311
sub-cp036_ses-20211218_level-02B_run-008,sub-cp036,4,2000,46,51,50,1,0,2.0,0.05,2.2616538842462064,0.01,1.9294290873331648,1.9294290873331648,0.8543672561645508,0.8419623970985413,0.8363854885101318,0.824182391166687
sub-cp036_ses-20211218_level-02B_run-010,sub-cp036,4,2000,46,51,50,1,0,2.0,0.05,2.174726735787176,0.01,0.8200082591408857,1.0,0.861807107925415,0.8467729091644287,0.832478404045105,0.8233019113540649
sub-cp036_ses-20211218_level-03B_run-002,sub-cp036,4,2000,46,51,50,2,2,3.0,0.05,2.3947584336966714,0.01,2.506357269009086,2.506357269009086,0.8856202363967896,0.8889951705932617,0.8996533155441284,0.8627373576164246
sub-cp036_ses-20211218_level-03B_run-005,sub-cp036,4,2000,46,51,50,2,0,3.0,0.05,2.350216296712031,0.01,2.1139098985355282,2.1139098985355282,0.8335545063018799,0.8181584477424622,0.8195311427116394,0.814043402671814
sub-cp036_ses-20211218_level-03B_run-011,sub-cp036,4,2000,46,51,50,2,0,3.0,0.05,2.395152428195468,0.01,2.2642295694995185,2.2642295694995185,0.8599064350128174,0.8463022708892822,0.8494270443916321,0.8456077575683594
sub-cp036_ses-20211218_level-04B_run-004,sub-cp036,4,2000,46,51,50,3,3,4.0,0.05,2.730091634280525,0.01,2.869940881708483,2.869940881708483,0.8462756276130676,0.8275571465492249,0.8427445888519287,0.8685005903244019
sub-cp036_ses-20211218_level-04B_run-006,sub-cp036,4,2000,46,51,50,3,3,4.0,0.05,2.8420267525204412,0.01,3.462261243809131,3.462261243809131,0.8345727324485779,0.8208120465278625,0.8406159281730652,0.8689541816711426
sub-cp036_ses-20211218_level-04B_run-009,sub-cp036,4,2000,46,51,50,3,3,4.0,0.05,2.8013405225157095,0.01,3.7594219232310278,3.7594219232310278,0.8394331336021423,0.8275833129882812,0.8434721231460571,0.870208203792572
sub-cp042_ses-20220111_level-01B_run-001,sub-cp042,4,2000,46,51,50,0,0,1.0,0.05,1.9694700022717457,0.01,1.076537009858491,1.076537009858491,0.9017355442047119,0.8935049772262573,0.8748769760131836,0.8125758767127991
sub-cp042_ses-20220111_level-01B_run-007,sub-cp042,4,2000,46,51,50,0,0,1.0,0.05,2.194664607000136,0.01,1.1272519656984923,1.1272519656984923,0.8885527849197388,0.8809167146682739,0.8732737302780151,0.8458479046821594
sub-cp042_ses-20220111_level-01B_run-012,sub-cp042,4,2000,46,51,50,0,0,1.0,0.05,2.192840679437481,0.01,1.5767871033824665,1.5767871033824665,0.7946578860282898,0.7682106494903564,0.7575970888137817,0.7610002756118774
sub-cp042_ses-20220111_level-02B_run-003,sub-cp042,4,2000,46,51,50,1,1,2.0,0.05,2.149128297649118,0.01,2.0779936053702617,2.0779936053702617,0.8889464735984802,0.9033089280128479,0.8917447924613953,0.818018913269043
sub-cp042_ses-20220111_level-02B_run-008,sub-cp042,4,2000,46,51,50,1,1,2.0,0.05,2.259356758060076,0.01,1.9928902133198787,1.9928902133198787,0.8942005634307861,0.9124984741210938,0.9022130966186523,0.8530252575874329
sub-cp042_ses-20220111_level-02B_run-010,sub-cp042,4,2000,46,51,50,1,1,2.0,0.05,2.3083222388460816,0.01,2.2238579265817866,2.2238579265817866,0.8748541474342346,0.8913873434066772,0.8852779269218445,0.8424860239028931
sub-cp042_ses-20220111_level-03B_run-002,sub-cp042,4,2000,46,51,50,2,3,3.0,0.05,2.889245183299973,0.01,3.5132492193701736,3.5132492193701736,0.8325362801551819,0.8513480424880981,0.8770730495452881,0.8807741403579712
sub-cp042_ses-20220111_level-03B_run-005,sub-cp042,4,2000,46,51,50,2,3,3.0,0.05,2.831971992552942,0.01,3.287745676722349,3.287745676722349,0.8324140906333923,0.84626305103302,0.8632635474205017,0.8727696537971497
sub-cp042_ses-20220111_level-03B_run-011,sub-cp042,4,2000,46,51,50,2,2,3.0,0.05,2.6697976755518757,0.01,3.117554600184815,3.117554600184815,0.8523715138435364,0.8671781420707703,0.8806971907615662,0.8724761605262756
sub-cp042_ses-20220111_level-04B_run-004,sub-cp042,4,2000,46,51,50,3,3,4.0,0.05,3.2579170733532674,0.01,4.366933838871019,4.0,0.8082343935966492,0.807478666305542,0.8319125175476074,0.8913400769233704
sub-cp042_ses-20220111_level-04B_run-006,sub-cp042,4,2000,46,51,50,3,3,4.0,0.05,3.1396505563567443,0.01,3.538446632212566,3.538446632212566,0.7979570031166077,0.7972172498703003,0.8184263706207275,0.8677268028259277
sub-cp042_ses-20220111_level-04B_run-009,sub-cp042,4,2000,46,51,50,3,3,4.0,0.05,3.0276826578927754,0.01,3.674884282345346,3.674884282345346,0.765441358089447,0.7668250203132629,0.7821174263954163,0.823782205581665
sub-cp003_ses-20210206_level-01B_run-001,sub-cp003,4,5000,46,51,50,0,0,1.0,0.05,2.001904703343775,0.01,0.8470419584968938,1.0,0.9232590794563293,0.9092505574226379,0.8910768628120422,0.851843535900116
sub-cp003_ses-20210206_level-01B_run-007,sub-cp003,4,5000,46,51,50,0,0,1.0,0.05,1.9938809385324587,0.01,1.1998191039055242,1.1998191039055242,0.9335210919380188,0.9295269250869751,0.908220112323761,0.8505486845970154
sub-cp003_ses-20210206_level-01B_run-012,sub-cp003,4,5000,46,51,50,0,0,1.0,0.05,1.9807487475822152,0.01,1.1656416936616343,1.1656416936616343,0.9326600432395935,0.9211538434028625,0.9036338329315186,0.8510899543762207
sub-cp003_ses-20210206_level-02B_run-003,sub-cp003,4,5000,46,51,50,1,1,2.0,0.05,2.0891154434216546,0.01,1.753179336662322,1.753179336662322,0.9200965762138367,0.9369795322418213,0.9178938269615173,0.834129273891449
sub-cp003_ses-20210206_level-02B_run-008,sub-cp003,4,5000,46,51,50,1,1,2.0,0.05,2.109730944440203,0.01,2.088945224172925,2.088945224172925,0.9214287400245667,0.9385485053062439,0.9211381673812866,0.8411024808883667
sub-cp003_ses-20210206_level-02B_run-010,sub-cp003,4,5000,46,51,50,1,1,2.0,0.05,2.1140751307508925,0.01,2.130717628841364,2.130717628841364,0.9225821495056152,0.9385432600975037,0.9217579364776611,0.8449977040290833
sub-cp003_ses-20210206_level-03B_run-002,sub-cp003,4,5000,46,51,50,2,2,3.0,0.05,2.2644224457449544,0.01,2.70734902573635,2.70734902573635,0.9039427042007446,0.9221946001052856,0.9239890575408936,0.8462076783180237
sub-cp003_ses-20210206_level-03B_run-005,sub-cp003,4,5000,46,51,50,2,2,3.0,0.05,2.386039407842983,0.01,3.2640302696396093,3.2640302696396093,0.9025455713272095,0.9221004843711853,0.9317280650138855,0.8708526492118835
sub-cp003_ses-20210206_level-03B_run-011,sub-cp003,4,5000,46,51,50,2,2,3.0,0.05,2.396569458616459,0.01,3.0365527177529175,3.0365527177529175,0.9057568311691284,0.9256411194801331,0.9364652037620544,0.8752785325050354
sub-cp003_ses-20210206_level-04B_run-004,sub-cp003,4,5000,46,51,50,3,3,4.0,0.05,3.0030075033986465,0.01,4.07562638607708,4.0,0.8733084201812744,0.872505247592926,0.8903439044952393,0.9282938838005066
sub-cp003_ses-20210206_level-04B_run-006,sub-cp003,4,5000,46,51,50,3,3,4.0,0.05,3.118601303103978,0.01,4.114956764038791,4.0,0.8531797528266907,0.8546242117881775,0.8747527599334717,0.9214480519294739
sub-cp003_ses-20210206_level-04B_run-009,sub-cp003,4,5000,46,51,50,3,3,4.0,0.05,3.1186903010432863,0.01,4.021121713287895,4.0,0.8464756011962891,0.8465701341629028,0.8640820384025574,0.9141033887863159
sub-cp006_ses-20210324_level-01B_run-001,sub-cp006,4,5000,46,51,50,0,0,1.0,0.05,1.9987139448901456,0.01,1.1982258894956468,1.1982258894956468,0.8919315934181213,0.885919988155365,0.8655694723129272,0.8122438788414001
sub-cp006_ses-20210324_level-01B_run-007,sub-cp006,4,5000,46,51,50,0,0,1.0,0.05,1.953246454542087,0.01,1.0006617505875903,1.0006617505875903,0.9123689532279968,0.9100089073181152,0.8856390714645386,0.8155765533447266
sub-cp006_ses-20210324_level-01B_run-012,sub-cp006,4,5000,46,51,50,0,0,1.0,0.05,2.001461857367443,0.01,0.8620384959226897,1.0,0.9028759002685547,0.9020437598228455,0.8829498291015625,0.8132097125053406
sub-cp006_ses-20210324_level-02B_run-003,sub-cp006,4,5000,46,51,50,1,1,2.0,0.05,2.1043811339397815,0.01,1.8670903869227888,1.8670903869227888,0.8730430603027344,0.8904595375061035,0.8728449940681458,0.7900081872940063
sub-cp006_ses-20210324_level-02B_run-008,sub-cp006,4,5000,46,51,50,1,1,2.0,0.05,2.1491904515017746,0.01,1.7519937540262278,1.7519937540262278,0.90373694896698,0.9243388772010803,0.9074979424476624,0.8338214755058289
sub-cp006_ses-20210324_level-02B_run-010,sub-cp006,4,5000,46,51,50,1,1,2.0,0.05,2.0838140538962797,0.01,1.6938388491856555,1.6938388491856555,0.8907131552696228,0.9055059552192688,0.8852672576904297,0.8091340661048889
sub-cp006_ses-20210324_level-03B_run-002,sub-cp006,4,5000,46,51,50,2,2,3.0,0.05,2.3259995386996826,0.01,2.87513417233959,2.87513417233959,0.8855794668197632,0.9145432710647583,0.9174734354019165,0.83689945936203
sub-cp006_ses-20210324_level-03B_run-005,sub-cp006,4,5000,46,51,50,2,2,3.0,0.05,2.358647048602743,0.01,3.0414629242185613,3.0414629242185613,0.8912763595581055,0.9083929061889648,0.9144338965415955,0.8580525517463684
sub-cp006_ses-20210324_level-03B_run-011,sub-cp006,4,5000,46,51,50,2,2,3.0,0.05,2.3061216735053622,0.01,2.9475453751249034,2.9475453751249034,0.8753283023834229,0.8980324268341064,0.9000822901725769,0.8274214267730713
sub-cp006_ses-20210324_level-04B_run-004,sub-cp006,4,5000,46,51,50,3,3,4.0,0.05,3.014815958521962,0.01,4.384985474470621,4.0,0.8657432198524475,0.8696549534797668,0.8876546621322632,0.9236238598823547
sub-cp006_ses-20210324_level-04B_run-006,sub-cp006,4,5000,46,51,50,3,3,4.0,0.05,2.884429891756401,0.01,3.779349101848126,3.779349101848126,0.8818158507347107,0.8838070631027222,0.9015482068061829,0.9247595071792603
sub-cp006_ses-20210324_level-04B_run-009,sub-cp006,4,5000,46,51,50,3,3,4.0,0.05,2.845261396240735,0.01,3.9269441393354647,3.9269441393354647,0.880039632320404,0.8823845386505127,0.900481104850769,0.9186248183250427
sub-cp012_ses-20210723_level-01B_run-001,sub-cp012,4,5000,46,51,50,0,1,1.0,0.05,2.084723676604149,0.01,1.3322008309827957,1.3322008309827957,0.9077280163764954,0.9211956858634949,0.9020278453826904,0.8267209529876709
sub-cp012_ses-20210723_level-01B_run-007,sub-cp012,4,5000,46,51,50,0,0,1.0,0.05,1.9184930339296222,0.01,1.209250338863697,1.209250338863697,0.9266977906227112,0.9195064306259155,0.8933996558189392,0.8285358548164368
sub-cp012_ses-20210723_level-01B_run-012,sub-cp012,4,5000,46,51,50,0,0,1.0,0.05,1.9461022401214225,0.01,1.3373643299949154,1.3373643299949154,0.9273584485054016,0.9117138981819153,0.8884738683700562,0.8482879400253296
sub-cp012_ses-20210723_level-02B_run-003,sub-cp012,4,5000,46,51,50,1,1,2.0,0.05,2.232266810619018,0.01,2.1398408771410526,2.1398408771410526,0.8911030888557434,0.918099582195282,0.9095512628555298,0.8299687504768372
sub-cp012_ses-20210723_level-02B_run-008,sub-cp012,4,5000,46,51,50,1,1,2.0,0.05,2.151921563216366,0.01,2.0231430278797817,2.0231430278797817,0.9059842824935913,0.9330571293830872,0.915209949016571,0.8285889625549316
sub-cp012_ses-20210723_level-02B_run-010,sub-cp012,4,5000,46,51,50,1,1,2.0,0.05,2.1946257629303574,0.01,1.93806856371308,1.93806856371308,0.8908214569091797,0.9179531335830688,0.904690146446228,0.8231759667396545
sub-cp012_ses-20210723_level-03B_run-002,sub-cp012,4,5000,46,51,50,2,2,3.0,0.05,2.3350737604495366,0.01,3.0614055809600416,3.0614055809600416,0.8853195309638977,0.9167607426643372,0.9212675094604492,0.8341929912567139
sub-cp012_ses-20210723_level-03B_run-005,sub-cp012,4,5000,46,51,50,2,2,3.0,0.05,2.335135166173195,0.01,3.105105448606462,3.105105448606462,0.8777218461036682,0.9076031446456909,0.913059651851654,0.8263919353485107
sub-cp012_ses-20210723_level-03B_run-011,sub-cp012,4,5000,46,51,50,2,2,3.0,0.05,2.3520260344587767,0.01,3.2042299133990135,3.2042299133990135,0.8929604887962341,0.9229267835617065,0.9298741817474365,0.8454540967941284
sub-cp012_ses-20210723_level-04B_run-004,sub-cp012,4,5000,46,51,50,3,3,4.0,0.05,3.028062857781009,0.01,4.027782634906562,4.0,0.8602467179298401,0.8706538677215576,0.8900529146194458,0.9220424294471741
sub-cp012_ses-20210723_level-04B_run-006,sub-cp012,4,5000,46,51,50,3,3,4.0,0.05,2.922515797524669,0.01,4.048121084674621,4.0,0.8791569471359253,0.8849210739135742,0.9021140933036804,0.9275296926498413
sub-cp012_ses-20210723_level-04B_run-009,sub-cp012,4,5000,46,51,50,3,3,4.0,0.05,2.823861445165348,0.01,3.959791987080772,3.959791987080772,0.8833916783332825,0.8896070718765259,0.9059727787971497,0.9206944704055786
sub-cp018_ses-20210709_level-01B_run-001,sub-cp018,4,5000,46,51,50,0,1,1.0,0.05,2.1182040409752214,0.01,1.3088084074647974,1.3088084074647974,0.906720757484436,0.9111124277114868,0.8996134400367737,0.8386507034301758
sub-cp018_ses-20210709_level-01B_run-007,sub-cp018,4,5000,46,51,50,0,1,1.0,0.05,2.158936164371658,0.01,1.0385192210185363,1.0385192210185363,0.9038019180297852,0.9059087038040161,0.8976355791091919,0.8461545705795288
sub-cp018_ses-20210709_level-01B_run-012,sub-cp018,4,5000,46,51,50,0,0,1.0,0.05,2.0907286139928685,0.01,0.9420083910612589,1.0,0.903590738773346,0.9022738933563232,0.8907104134559631,0.8341717720031738
sub-cp018_ses-20210709_level-02B_run-003,sub-cp018,4,5000,46,51,50,1,1,2.0,0.05,2.1308609497736977,0.01,1.8646632220926032,1.8646632220926032,0.8858014941215515,0.9056262373924255,0.8903385400772095,0.8053131699562073
sub-cp018_ses-20210709_level-02B_run-008,sub-cp018,4,5000,46,51,50,1,1,2.0,0.05,2.1656521405091276,0.01,1.6899848308554282,1.6899848308554282,0.8785883188247681,0.9005846381187439,0.8873528838157654,0.8058968782424927
sub-cp018_ses-20210709_level-02B_run-010,sub-cp018,4,5000,46,51,50,1,1,2.0,0.05,2.192566437792606,0.01,1.8050298745557234,1.8050298745557234,0.8890723586082458,0.9055007696151733,0.8956523537635803,0.8285783529281616
sub-cp018_ses-20210709_level-03B_run-002,sub-cp018,4,5000,46,51,50,2,2,3.0,0.05,2.36924329790438,0.01,2.9904606650346643,2.9904606650346643,0.895039975643158,0.9138790369033813,0.9211327433586121,0.8621388077735901
sub-cp018_ses-20210709_level-03B_run-005,sub-cp018,4,5000,46,51,50,2,2,3.0,0.05,2.3374057873989966,0.01,2.9497172355171797,2.9497172355171797,0.878149688243866,0.9072213768959045,0.9119763970375061,0.8302234411239624
sub-cp018_ses-20210709_level-03B_run-011,sub-cp018,4,5000,46,51,50,2,2,3.0,0.05,2.3342742430077346,0.01,2.6076808883910965,2.6076808883910965,0.8785991668701172,0.9006055593490601,0.9057841300964355,0.8357319831848145
sub-cp018_ses-20210709_level-04B_run-004,sub-cp018,4,5000,46,51,50,3,3,4.0,0.05,3.039352298901008,0.01,4.302618037797277,4.0,0.8514577150344849,0.8558375239372253,0.8743216395378113,0.9121823310852051
sub-cp018_ses-20210709_level-04B_run-006,sub-cp018,4,5000,46,51,50,3,3,4.0,0.05,2.9541950401952897,0.01,4.287035712420977,4.0,0.8503313064575195,0.8536096215248108,0.8698485493659973,0.9014200568199158
sub-cp018_ses-20210709_level-04B_run-009,sub-cp018,4,5000,46,51,50,3,3,4.0,0.05,3.0782789521508405,0.01,4.285983617294467,4.0,0.8483818173408508,0.8526159524917603,0.8721444010734558,0.9133179783821106
sub-cp029_ses-20220119_level-01B_run-001,sub-cp029,4,5000,46,51,50,0,0,1.0,0.05,2.0914416127497293,0.01,1.5429309696173004,1.5429309696173004,0.8702162504196167,0.8557852506637573,0.8473861217498779,0.8110445141792297
sub-cp029_ses-20220119_level-01B_run-007,sub-cp029,4,5000,46,51,50,0,0,1.0,0.05,1.9472796936684118,0.01,1.1477264432929342,1.1477264432929342,0.9314307570457458,0.9257927536964417,0.89924156665802,0.8425777554512024
sub-cp029_ses-20220119_level-01B_run-012,sub-cp029,4,5000,46,51,50,0,0,1.0,0.05,1.9676766271168922,0.01,1.1379842928538242,1.1379842928538242,0.9303802251815796,0.9217448234558105,0.8999098539352417,0.8464411497116089
sub-cp029_ses-20220119_level-02B_run-003,sub-cp029,4,5000,46,51,50,1,1,2.0,0.05,2.0898098880278733,0.01,1.925234078549496,1.925234078549496,0.8948450088500977,0.9059087038040161,0.8866307139396667,0.8202359676361084
sub-cp029_ses-20220119_level-02B_run-008,sub-cp029,4,5000,46,51,50,1,1,2.0,0.05,2.0364982877944278,0.01,1.8653360091953113,1.8653360091953113,0.9124393463134766,0.9259130954742432,0.9002817273139954,0.8230804204940796
sub-cp029_ses-20220119_level-02B_run-010,sub-cp029,4,5000,46,51,50,1,1,2.0,0.05,2.0546831711835094,0.01,1.6110602354245316,1.6110602354245316,0.8945146799087524,0.9075247049331665,0.8858277201652527,0.8059712052345276
sub-cp029_ses-20220119_level-03B_run-002,sub-cp029,4,5000,46,51,50,2,2,3.0,0.05,2.3600715555965532,0.01,2.6690211133044395,2.6690211133044395,0.8768283724784851,0.8839378356933594,0.8894062042236328,0.8496465086936951
sub-cp029_ses-20220119_level-03B_run-005,sub-cp029,4,5000,46,51,50,2,2,3.0,0.05,2.2781537977434674,0.01,2.687681074240211,2.687681074240211,0.8993830680847168,0.9136280417442322,0.916972279548645,0.8484577536582947
sub-cp029_ses-20220119_level-03B_run-011,sub-cp029,4,5000,46,51,50,2,2,3.0,0.05,2.274351873971295,0.01,2.944346006662453,2.944346006662453,0.8931013345718384,0.9139836430549622,0.9163578748703003,0.8345962762832642
sub-cp029_ses-20220119_level-04B_run-004,sub-cp029,4,5000,46,51,50,3,3,4.0,0.05,3.1718180222429204,0.01,4.195202113997865,4.0,0.8446235656738281,0.8518837690353394,0.8772857189178467,0.9215435981750488
sub-cp029_ses-20220119_level-04B_run-006,sub-cp029,4,5000,46,51,50,3,3,4.0,0.05,3.1214168481853988,0.01,3.946130548119268,3.946130548119268,0.8426903486251831,0.8444311022758484,0.8643029928207397,0.9113650321960449
sub-cp029_ses-20220119_level-04B_run-009,sub-cp029,4,5000,46,51,50,3,3,4.0,0.05,3.138198822797478,0.01,3.885991337165291,3.885991337165291,0.8228920102119446,0.8340340852737427,0.858062207698822,0.8975991010665894
sub-cp036_ses-20211218_level-01B_run-001,sub-cp036,4,5000,46,51,50,0,0,1.0,0.05,2.074329346861153,0.01,1.5250123936596367,1.5250123936596367,0.922609269618988,0.9047110080718994,0.8890073895454407,0.8685812950134277
sub-cp036_ses-20211218_level-01B_run-007,sub-cp036,4,5000,46,51,50,0,0,1.0,0.05,2.235557547318832,0.01,1.5923295717206674,1.5923295717206674,0.8437138199806213,0.8248242139816284,0.8186936974525452,0.8118830323219299
sub-cp036_ses-20211218_level-01B_run-012,sub-cp036,4,5000,46,51,50,0,0,1.0,0.05,2.174007480396036,0.01,1.624029742108039,1.624029742108039,0.8407570719718933,0.8170211911201477,0.8069342970848083,0.8032434582710266
sub-cp036_ses-20211218_level-02B_run-003,sub-cp036,4,5000,46,51,50,1,0,2.0,0.05,2.085877285793674,0.01,1.7270790898410664,1.7270790898410664,0.8923377394676208,0.8791368007659912,0.8677197694778442,0.8337578177452087
sub-cp036_ses-20211218_level-02B_run-008,sub-cp036,4,5000,46,51,50,1,0,2.0,0.05,2.2946935176668837,0.01,2.131465671416543,2.131465671416543,0.853493869304657,0.8372713923454285,0.8338159322738647,0.8283766508102417
sub-cp036_ses-20211218_level-02B_run-010,sub-cp036,4,5000,46,51,50,1,0,2.0,0.05,2.23437200016098,0.01,1.5557907934308253,1.5557907934308253,0.8526219725608826,0.8362097144126892,0.824864387512207,0.8223481178283691
sub-cp036_ses-20211218_level-03B_run-002,sub-cp036,4,5000,46,51,50,2,2,3.0,0.05,2.387497375417914,0.01,2.781715128529284,2.781715128529284,0.8903178572654724,0.8917983770370483,0.9011493921279907,0.8677110075950623
sub-cp036_ses-20211218_level-03B_run-005,sub-cp036,4,5000,46,51,50,2,0,3.0,0.05,2.41154389703143,0.01,2.0197992401294895,2.0197992401294895,0.8398147821426392,0.8244267106056213,0.8295584321022034,0.8272197842597961
sub-cp036_ses-20211218_level-03B_run-011,sub-cp036,4,5000,46,51,50,2,0,3.0,0.05,2.4178793248368033,0.01,2.463039504668554,2.463039504668554,0.8556978702545166,0.8417638540267944,0.8479088544845581,0.8433525562286377
sub-cp036_ses-20211218_level-04B_run-004,sub-cp036,4,5000,46,51,50,3,3,4.0,0.05,2.7931741786851916,0.01,3.157531635586042,3.157531635586042,0.8545823097229004,0.8394836187362671,0.8536969423294067,0.884066641330719
sub-cp036_ses-20211218_level-04B_run-006,sub-cp036,4,5000,46,51,50,3,3,4.0,0.05,2.786442544899776,0.01,3.568545759764232,3.568545759764232,0.8525353074073792,0.8381238579750061,0.854375958442688,0.8812327980995178
sub-cp036_ses-20211218_level-04B_run-009,sub-cp036,4,5000,46,51,50,3,3,4.0,0.05,2.8624958363284767,0.01,3.916107173037895,3.916107173037895,0.8382660150527954,0.8272613286972046,0.8454352021217346,0.8755120635032654
sub-cp042_ses-20220111_level-01B_run-001,sub-cp042,4,5000,46,51,50,0,0,1.0,0.05,1.9836061874904556,0.01,1.173416268846216,1.173416268846216,0.9056106209754944,0.8996118903160095,0.8814246654510498,0.8169669508934021
sub-cp042_ses-20220111_level-01B_run-007,sub-cp042,4,5000,46,51,50,0,0,1.0,0.05,2.1732011507500872,0.01,1.094248646249323,1.094248646249323,0.894065260887146,0.8868299722671509,0.8778785467147827,0.8478527665138245
sub-cp042_ses-20220111_level-01B_run-012,sub-cp042,4,5000,46,51,50,0,0,1.0,0.05,2.254301271677915,0.01,1.7973406001398629,1.7973406001398629,0.7863712310791016,0.7588071227073669,0.7519368529319763,0.7598122954368591
sub-cp042_ses-20220111_level-02B_run-003,sub-cp042,4,5000,46,51,50,1,1,2.0,0.05,2.1767005576856855,0.01,2.3323490786510797,2.3323490786510797,0.8911247253417969,0.9081000089645386,0.8975763320922852,0.8252350091934204
sub-cp042_ses-20220111_level-02B_run-008,sub-cp042,4,5000,46,51,50,1,1,2.0,0.05,2.2115153113163615,0.01,1.6902538395622837,1.6902538395622837,0.8965021371841431,0.9121009111404419,0.9002332091331482,0.8459635376930237
sub-cp042_ses-20220111_level-02B_run-010,sub-cp042,4,5000,46,51,50,1,1,2.0,0.05,2.311510887479342,0.01,1.6516088026331301,1.6516088026331301,0.8667667508125305,0.8826303482055664,0.8770108819007874,0.8349890112876892
sub-cp042_ses-20220111_level-03B_run-002,sub-cp042,4,5000,46,51,50,2,3,3.0,0.05,2.846643548808509,0.01,3.4794543078058426,3.4794543078058426,0.8441524505615234,0.8567945957183838,0.878153383731842,0.8854464292526245
sub-cp042_ses-20220111_level-03B_run-005,sub-cp042,4,5000,46,51,50,2,3,3.0,0.05,2.7711910120652714,0.01,3.01576657562695,3.01576657562695,0.8365169167518616,0.8494413495063782,0.8667712807655334,0.8689528107643127
sub-cp042_ses-20220111_level-03B_run-011,sub-cp042,4,5000,46,51,50,2,2,3.0,0.05,2.6774427685386684,0.01,2.788981652876896,2.788981652876896,0.8552646636962891,0.8671707510948181,0.8795761466026306,0.8762549757957458
sub-cp042_ses-20220111_level-04B_run-004,sub-cp042,4,5000,46,51,50,3,3,4.0,0.05,3.2529829357171764,0.01,4.204144064655974,4.0,0.8122184872627258,0.814123809337616,0.836413562297821,0.8956780433654785
sub-cp042_ses-20220111_level-04B_run-006,sub-cp042,4,5000,46,51,50,3,3,4.0,0.05,3.219077727912161,0.01,4.056533284841093,4.0,0.8001314997673035,0.8004005551338196,0.8243308663368225,0.8792480826377869
sub-cp042_ses-20220111_level-04B_run-009,sub-cp042,4,5000,46,51,50,3,3,4.0,0.05,3.054406396177543,0.01,3.64118147601498,3.64118147601498,0.7663942575454712,0.7689792513847351,0.786692202091217,0.8280688524246216
sub-cp003_ses-20210206_level-01B_run-001,sub-cp003,4,10000,46,51,50,0,0,1.0,0.05,2.030375993844665,0.01,0.7310924793083735,1.0,0.9204050898551941,0.9057310223579407,0.8910762667655945,0.8532065749168396
sub-cp003_ses-20210206_level-01B_run-007,sub-cp003,4,10000,46,51,50,0,0,1.0,0.05,2.0224280217749313,0.01,1.2069287373849056,1.2069287373849056,0.9290039539337158,0.9251078963279724,0.9071309566497803,0.8505716323852539
sub-cp003_ses-20210206_level-01B_run-012,sub-cp003,4,10000,46,51,50,0,0,1.0,0.05,1.993914002138569,0.01,1.0739063189652251,1.0739063189652251,0.9303268194198608,0.918715238571167,0.902603268623352,0.851085901260376
sub-cp003_ses-20210206_level-02B_run-003,sub-cp003,4,10000,46,51,50,1,1,2.0,0.05,2.1077220497937437,0.01,1.7340197879867674,1.7340197879867674,0.9161111116409302,0.9358565211296082,0.917929470539093,0.8306162357330322
sub-cp003_ses-20210206_level-02B_run-008,sub-cp003,4,10000,46,51,50,1,1,2.0,0.05,2.123222369464108,0.01,2.0459795104611795,2.0459795104611795,0.9167400598526001,0.935908854007721,0.9191598892211914,0.837375819683075
sub-cp003_ses-20210206_level-02B_run-010,sub-cp003,4,10000,46,51,50,1,1,2.0,0.05,2.1270962781559177,0.01,1.9891503488476137,1.9891503488476137,0.9165828227996826,0.9343224763870239,0.9188252687454224,0.8388125896453857
sub-cp003_ses-20210206_level-03B_run-002,sub-cp003,4,10000,46,51,50,2,2,3.0,0.05,2.2529550447309887,0.01,2.6589952063309865,2.6589952063309865,0.9019821882247925,0.9199508428573608,0.9219390749931335,0.839607834815979
sub-cp003_ses-20210206_level-03B_run-005,sub-cp003,4,10000,46,51,50,2,2,3.0,0.05,2.364626142875443,0.01,3.1512788859418612,3.1512788859418612,0.9018141031265259,0.9197047352790833,0.9285120964050293,0.866211473941803
sub-cp003_ses-20210206_level-03B_run-011,sub-cp003,4,10000,46,51,50,2,2,3.0,0.05,2.386978383294777,0.01,2.9780942354587205,2.9780942354587205,0.9057692289352417,0.9240162372589111,0.9348071217536926,0.8736602663993835
sub-cp003_ses-20210206_level-04B_run-004,sub-cp003,4,10000,46,51,50,3,3,4.0,0.05,3.0019022783421585,0.01,4.022023160618652,4.0,0.8705037236213684,0.8689824938774109,0.8856743574142456,0.9251339435577393
sub-cp003_ses-20210206_level-04B_run-006,sub-cp003,4,10000,46,51,50,3,3,4.0,0.05,3.117705034559366,0.01,4.092418605907297,4.0,0.8551521897315979,0.8546815514564514,0.871980607509613,0.9224513173103333
sub-cp003_ses-20210206_level-04B_run-009,sub-cp003,4,10000,46,51,50,3,3,4.0,0.05,3.113917351574111,0.01,3.939368189872834,3.939368189872834,0.8504922389984131,0.8486266136169434,0.865086555480957,0.9168315529823303
sub-cp006_ses-20210324_level-01B_run-001,sub-cp006,4,10000,46,51,50,0,0,1.0,0.05,2.0023557477737848,0.01,1.2440619071202734,1.2440619071202734,0.8871023058891296,0.8814562559127808,0.8617056012153625,0.8072041869163513
sub-cp006_ses-20210324_level-01B_run-007,sub-cp006,4,10000,46,51,50,0,0,1.0,0.05,1.9673414011513137,0.01,1.0413709907402984,1.0413709907402984,0.9060945510864258,0.9043828248977661,0.8825955986976624,0.8087946772575378
sub-cp006_ses-20210324_level-01B_run-012,sub-cp006,4,10000,46,51,50,0,1,1.0,0.05,2.0079949962409582,0.01,0.8964815432784774,1.0,0.8990246057510376,0.8997964859008789,0.8813598155975342,0.8074957728385925
sub-cp006_ses-20210324_level-02B_run-003,sub-cp006,4,10000,46,51,50,1,1,2.0,0.05,2.111298063475994,0.01,1.8870802717705273,1.8870802717705273,0.8722603917121887,0.8903279304504395,0.8742552995681763,0.7874237895011902
sub-cp006_ses-20210324_level-02B_run-008,sub-cp006,4,10000,46,51,50,1,1,2.0,0.05,2.150667009746963,0.01,1.9701572597180055,1.9701572597180055,0.9000330567359924,0.9202256798744202,0.9041925668716431,0.8297308683395386
sub-cp006_ses-20210324_level-02B_run-010,sub-cp006,4,10000,46,51,50,1,1,2.0,0.05,2.094823720780679,0.01,1.6658925405901952,1.6658925405901952,0.8905586004257202,0.9049718379974365,0.8869587182998657,0.809823215007782
sub-cp006_ses-20210324_level-03B_run-002,sub-cp006,4,10000,46,51,50,2,2,3.0,0.05,2.3096013355405227,0.01,3.00119008616932,3.00119008616932,0.8858769536018372,0.9154037237167358,0.9171172976493835,0.8322916030883789
sub-cp006_ses-20210324_level-03B_run-005,sub-cp006,4,10000,46,51,50,2,2,3.0,0.05,2.3370736326848203,0.01,2.9045405516296157,2.9045405516296157,0.8926947712898254,0.9108723402023315,0.9149937629699707,0.8552529811859131
sub-cp006_ses-20210324_level-03B_run-011,sub-cp006,4,10000,46,51,50,2,2,3.0,0.05,2.3039308718581024,0.01,2.981153386925037,2.981153386925037,0.8725124597549438,0.8952624797821045,0.8978246450424194,0.8228493332862854
sub-cp006_ses-20210324_level-04B_run-004,sub-cp006,4,10000,46,51,50,3,3,4.0,0.05,3.0100595218389223,0.01,4.348852753072611,4.0,0.865789532661438,0.8695505857467651,0.8872366547584534,0.923098087310791
sub-cp006_ses-20210324_level-04B_run-006,sub-cp006,4,10000,46,51,50,3,3,4.0,0.05,2.9276031291924207,0.01,3.7296493686295116,3.7296493686295116,0.877042293548584,0.8779981732368469,0.8967480659484863,0.9244129061698914
sub-cp006_ses-20210324_level-04B_run-009,sub-cp006,4,10000,46,51,50,3,3,4.0,0.05,2.8661469448260877,0.01,3.890285535717788,3.890285535717788,0.8780968189239502,0.8802677989006042,0.8983643054962158,0.9190105199813843
sub-cp012_ses-20210723_level-01B_run-001,sub-cp012,4,10000,46,51,50,0,1,1.0,0.05,2.072780267526799,0.01,1.2040295560457936,1.2040295560457936,0.9074825048446655,0.9202256798744202,0.9011543393135071,0.8221442103385925
sub-cp012_ses-20210723_level-01B_run-007,sub-cp012,4,10000,46,51,50,0,0,1.0,0.05,1.9260711734384177,0.01,1.2568722984022846,1.2568722984022846,0.9253225922584534,0.9187571406364441,0.8937152028083801,0.8270429372787476
sub-cp012_ses-20210723_level-01B_run-012,sub-cp012,4,10000,46,51,50,0,0,1.0,0.05,1.9434135351639954,0.01,1.30809161357328,1.30809161357328,0.9252331256866455,0.9109011292457581,0.8876305818557739,0.8437219262123108
sub-cp012_ses-20210723_level-02B_run-003,sub-cp012,4,10000,46,51,50,1,1,2.0,0.05,2.2248518413619793,0.01,2.0839696001979338,2.0839696001979338,0.8912553191184998,0.9191471934318542,0.9102636575698853,0.8262742161750793
sub-cp012_ses-20210723_level-02B_run-008,sub-cp012,4,10000,46,51,50,1,1,2.0,0.05,2.152633823991687,0.01,2.1647200917913056,2.1647200917913056,0.9025270342826843,0.9304612278938293,0.9138307571411133,0.8203628659248352
sub-cp012_ses-20210723_level-02B_run-010,sub-cp012,4,10000,46,51,50,1,1,2.0,0.05,2.1904827756052083,0.01,1.9816467466763439,1.9816467466763439,0.8907158374786377,0.9190346002578735,0.9057926535606384,0.8190586566925049
sub-cp012_ses-20210723_level-03B_run-002,sub-cp012,4,10000,46,51,50,2,2,3.0,0.05,2.3361676797629167,0.01,3.0129099322486512,3.0129099322486512,0.8805881142616272,0.912605345249176,0.9177351593971252,0.8277639746665955
sub-cp012_ses-20210723_level-03B_run-005,sub-cp012,4,10000,46,51,50,2,2,3.0,0.05,2.309353105894387,0.01,2.958441785908181,2.958441785908181,0.879257082939148,0.9098121523857117,0.9130051136016846,0.8205855488777161
sub-cp012_ses-20210723_level-03B_run-011,sub-cp012,4,10000,46,51,50,2,2,3.0,0.05,2.325444031213543,0.01,3.0000648032512185,3.0000648032512185,0.8929685950279236,0.9233408570289612,0.9281801581382751,0.8380862474441528
sub-cp012_ses-20210723_level-04B_run-004,sub-cp012,4,10000,46,51,50,3,3,4.0,0.05,3.0635929499265746,0.01,3.9369180820609913,3.9369180820609913,0.8573506474494934,0.8657783269882202,0.8858308792114258,0.9223346710205078
sub-cp012_ses-20210723_level-04B_run-006,sub-cp012,4,10000,46,51,50,3,3,4.0,0.05,2.949801373385487,0.01,3.869559728267638,3.869559728267638,0.874271810054779,0.8800662159919739,0.8979784846305847,0.9256693720817566
sub-cp012_ses-20210723_level-04B_run-009,sub-cp012,4,10000,46,51,50,3,3,4.0,0.05,2.8212230300299317,0.01,3.7175327454932825,3.7175327454932825,0.8834019899368286,0.8877938985824585,0.904065728187561,0.919933021068573
sub-cp018_ses-20210709_level-01B_run-001,sub-cp018,4,10000,46,51,50,0,1,1.0,0.05,2.1027558117979175,0.01,1.1704698247807808,1.1704698247807808,0.9056363701820374,0.9089142084121704,0.8972175717353821,0.8341630697250366
sub-cp018_ses-20210709_level-01B_run-007,sub-cp018,4,10000,46,51,50,0,1,1.0,0.05,2.1605401595430833,0.01,0.991870223010505,1.0,0.9038906097412109,0.9055739641189575,0.8982968330383301,0.8458319902420044
sub-cp018_ses-20210709_level-01B_run-012,sub-cp018,4,10000,46,51,50,0,0,1.0,0.05,2.094994877964283,0.01,0.8257374832569848,1.0,0.902001142501831,0.900686502456665,0.8899834752082825,0.8326467871665955
sub-cp018_ses-20210709_level-02B_run-003,sub-cp018,4,10000,46,51,50,1,1,2.0,0.05,2.128585847345994,0.01,1.966672583625271,1.966672583625271,0.8837272524833679,0.9026891589164734,0.8879732489585876,0.8023850321769714
sub-cp018_ses-20210709_level-02B_run-008,sub-cp018,4,10000,46,51,50,1,1,2.0,0.05,2.1725969667483667,0.01,1.8623585945980015,1.8623585945980015,0.8765245079994202,0.8985399603843689,0.8873013854026794,0.8023160696029663
sub-cp018_ses-20210709_level-02B_run-010,sub-cp018,4,10000,46,51,50,1,1,2.0,0.05,2.1703895341337542,0.01,1.7998651378488613,1.7998651378488613,0.8911414742469788,0.9057440757751465,0.8949914574623108,0.8265339732170105
sub-cp018_ses-20210709_level-03B_run-002,sub-cp018,4,10000,46,51,50,2,2,3.0,0.05,2.3531556432408194,0.01,2.905117409667202,2.905117409667202,0.8950803279876709,0.9120607972145081,0.9185122847557068,0.8599449396133423
sub-cp018_ses-20210709_level-03B_run-005,sub-cp018,4,10000,46,51,50,2,2,3.0,0.05,2.31766483042753,0.01,2.8305020452768535,2.8305020452768535,0.8807670474052429,0.9083278775215149,0.9125437140464783,0.8275784254074097
sub-cp018_ses-20210709_level-03B_run-011,sub-cp018,4,10000,46,51,50,2,2,3.0,0.05,2.343309330820378,0.01,2.5892681168843175,2.5892681168843175,0.8783028721809387,0.8997493386268616,0.9066803455352783,0.8360875248908997
sub-cp018_ses-20210709_level-04B_run-004,sub-cp018,4,10000,46,51,50,3,3,4.0,0.05,3.0819184253106733,0.01,4.162784412864102,4.0,0.8452439904212952,0.8502810001373291,0.8691339492797852,0.9108619093894958
sub-cp018_ses-20210709_level-04B_run-006,sub-cp018,4,10000,46,51,50,3,3,4.0,0.05,2.9595210267446825,0.01,4.04520639963153,4.0,0.8488277792930603,0.8524799942970276,0.8682111501693726,0.9006297588348389
sub-cp018_ses-20210709_level-04B_run-009,sub-cp018,4,10000,46,51,50,3,3,4.0,0.05,3.0888046130740348,0.01,4.0042062333164115,4.0,0.8463608622550964,0.8491344451904297,0.8673153519630432,0.9118267893791199
sub-cp029_ses-20220119_level-01B_run-001,sub-cp029,4,10000,46,51,50,0,0,1.0,0.05,2.0671903323453273,0.01,1.5077952264333128,1.5077952264333128,0.8731983304023743,0.860453724861145,0.8496794700622559,0.8091127872467041
sub-cp029_ses-20220119_level-01B_run-007,sub-cp029,4,10000,46,51,50,0,0,1.0,0.05,1.9626470541221388,0.01,1.0844545056969532,1.0844545056969532,0.9283967018127441,0.9217780232429504,0.8980054259300232,0.8424283266067505
sub-cp029_ses-20220119_level-01B_run-012,sub-cp029,4,10000,46,51,50,0,0,1.0,0.05,1.9707199789133583,0.01,1.2605269355851507,1.2605269355851507,0.9271497130393982,0.9193173050880432,0.898199737071991,0.8418928384780884
sub-cp029_ses-20220119_level-02B_run-003,sub-cp029,4,10000,46,51,50,1,1,2.0,0.05,2.0817617744475196,0.01,1.8860966746976267,1.8860966746976267,0.8950044512748718,0.9076524376869202,0.8880704045295715,0.8150612115859985
sub-cp029_ses-20220119_level-02B_run-008,sub-cp029,4,10000,46,51,50,1,1,2.0,0.05,2.0302892426916648,0.01,1.9285553863247864,1.9285553863247864,0.9113508462905884,0.9252597093582153,0.8995164632797241,0.8180778622627258
sub-cp029_ses-20220119_level-02B_run-010,sub-cp029,4,10000,46,51,50,1,1,2.0,0.05,2.048282447060833,0.01,1.6826123369066341,1.6826123369066341,0.8911441564559937,0.905312180519104,0.8832243084907532,0.7975233793258667
sub-cp029_ses-20220119_level-03B_run-002,sub-cp029,4,10000,46,51,50,2,2,3.0,0.05,2.343068707015589,0.01,2.7302387008473654,2.7302387008473654,0.876337468624115,0.883223295211792,0.8881675601005554,0.8460705280303955
sub-cp029_ses-20220119_level-03B_run-005,sub-cp029,4,10000,46,51,50,2,2,3.0,0.05,2.2589208625796804,0.01,2.7326653788774324,2.7326653788774324,0.8967204093933105,0.912372350692749,0.9143974184989929,0.8397933840751648
sub-cp029_ses-20220119_level-03B_run-011,sub-cp029,4,10000,46,51,50,2,1,3.0,0.05,2.242243725302448,0.01,2.951483890545422,2.951483890545422,0.8937574028968811,0.9147623777389526,0.9146969318389893,0.8266294002532959
sub-cp029_ses-20220119_level-04B_run-004,sub-cp029,4,10000,46,51,50,3,3,4.0,0.05,3.1822514680355685,0.01,4.296163332722068,4.0,0.8430699110031128,0.8486737012863159,0.8733216524124146,0.9203836917877197
sub-cp029_ses-20220119_level-04B_run-006,sub-cp029,4,10000,46,51,50,3,3,4.0,0.05,3.09600433587641,0.01,3.8615708393839503,3.8615708393839503,0.8437313437461853,0.8446632623672485,0.8624908328056335,0.9092608094215393
sub-cp029_ses-20220119_level-04B_run-009,sub-cp029,4,10000,46,51,50,3,3,4.0,0.05,3.1267978179986096,0.01,4.033096448813531,4.0,0.8261216282844543,0.834904134273529,0.857342541217804,0.8984083533287048
sub-cp036_ses-20211218_level-01B_run-001,sub-cp036,4,10000,46,51,50,0,0,1.0,0.05,2.091218527453441,0.01,1.4514478065694978,1.4514478065694978,0.9185671806335449,0.9023645520210266,0.8865107893943787,0.8668529987335205
sub-cp036_ses-20211218_level-01B_run-007,sub-cp036,4,10000,46,51,50,0,0,1.0,0.05,2.334288251114181,0.01,1.7350359986777701,1.7350359986777701,0.8405922055244446,0.8217262029647827,0.817737340927124,0.8217201232910156
sub-cp036_ses-20211218_level-01B_run-012,sub-cp036,4,10000,46,51,50,0,0,1.0,0.05,2.235675563302659,0.01,1.5838116815546535,1.5838116815546535,0.8391391634941101,0.8151084184646606,0.805881142616272,0.8101678490638733
sub-cp036_ses-20211218_level-02B_run-003,sub-cp036,4,10000,46,51,50,1,0,2.0,0.05,2.1036009473417496,0.01,1.7443598400376283,1.7443598400376283,0.8901275992393494,0.8764510750770569,0.8658933639526367,0.8350537419319153
sub-cp036_ses-20211218_level-02B_run-008,sub-cp036,4,10000,46,51,50,1,0,2.0,0.05,2.3377371630419734,0.01,1.9549993482109205,1.9549993482109205,0.8510587811470032,0.8323727250099182,0.8290727734565735,0.8323552012443542
sub-cp036_ses-20211218_level-02B_run-010,sub-cp036,4,10000,46,51,50,1,0,2.0,0.05,2.3426883709606043,0.01,1.6752921422077016,1.6752921422077016,0.8498090505599976,0.8317418694496155,0.8245207667350769,0.8330391049385071
sub-cp036_ses-20211218_level-03B_run-002,sub-cp036,4,10000,46,51,50,2,2,3.0,0.05,2.372867553878994,0.01,2.694944611687962,2.694944611687962,0.8917351365089417,0.8913436532020569,0.8983669877052307,0.8687138557434082
sub-cp036_ses-20211218_level-03B_run-005,sub-cp036,4,10000,46,51,50,2,0,3.0,0.05,2.480119429285779,0.01,2.22212231025383,2.22212231025383,0.8376563191413879,0.8206346035003662,0.8263205289840698,0.8338078260421753
sub-cp036_ses-20211218_level-03B_run-011,sub-cp036,4,10000,46,51,50,2,0,3.0,0.05,2.472164562220379,0.01,2.4948726831721526,2.4948726831721526,0.852658212184906,0.836739182472229,0.8426612615585327,0.8476928472518921
sub-cp036_ses-20211218_level-04B_run-004,sub-cp036,4,10000,46,51,50,3,3,4.0,0.05,2.7999819911726243,0.01,3.219956562113963,3.219956562113963,0.8550735712051392,0.8392915725708008,0.851719319820404,0.885297417640686
sub-cp036_ses-20211218_level-04B_run-006,sub-cp036,4,10000,46,51,50,3,3,4.0,0.05,2.777285854818172,0.01,3.445272631389023,3.445272631389023,0.8515657186508179,0.8355742692947388,0.8503270149230957,0.8791899085044861
sub-cp036_ses-20211218_level-04B_run-009,sub-cp036,4,10000,46,51,50,3,3,4.0,0.05,2.9111491420651046,0.01,3.890973227811453,3.890973227811453,0.8309496641159058,0.8172052502632141,0.835122287273407,0.8726423978805542
sub-cp042_ses-20220111_level-01B_run-001,sub-cp042,4,10000,46,51,50,0,0,1.0,0.05,1.9629164361828995,0.01,1.1067406471001031,1.1067406471001031,0.9034162163734436,0.8968645334243774,0.8779923915863037,0.8087416887283325
sub-cp042_ses-20220111_level-01B_run-007,sub-cp042,4,10000,46,51,50,0,0,1.0,0.05,2.1971996627532357,0.01,0.9237163696226491,1.0,0.8919682502746582,0.8843593597412109,0.8770344853401184,0.8495007157325745
sub-cp042_ses-20220111_level-01B_run-012,sub-cp042,4,10000,46,51,50,0,0,1.0,0.05,2.3114844682193865,0.01,1.6624336584146657,1.6624336584146657,0.7832603454589844,0.7548233866691589,0.7495548129081726,0.7634868621826172
sub-cp042_ses-20220111_level-02B_run-003,sub-cp042,4,10000,46,51,50,1,1,2.0,0.05,2.1474266408637197,0.01,2.1320957603103468,2.1320957603103468,0.8900896310806274,0.9075713157653809,0.8944787979125977,0.8165668845176697
sub-cp042_ses-20220111_level-02B_run-008,sub-cp042,4,10000,46,51,50,1,1,2.0,0.05,2.2200377252233237,0.01,1.7457411761953927,1.7457411761953927,0.8946031928062439,0.9113173484802246,0.9009087681770325,0.8436635732650757
sub-cp042_ses-20220111_level-02B_run-010,sub-cp042,4,10000,46,51,50,1,1,2.0,0.05,2.3166928199830576,0.01,1.6615324732099677,1.6615324732099677,0.8663588166236877,0.8837704062461853,0.8797516226768494,0.8334791660308838
sub-cp042_ses-20220111_level-03B_run-002,sub-cp042,4,10000,46,51,50,2,3,3.0,0.05,2.8155907838533176,0.01,3.3602092205796033,3.3602092205796033,0.8485159873962402,0.8572050929069519,0.8775390982627869,0.8849899172782898
sub-cp042_ses-20220111_level-03B_run-005,sub-cp042,4,10000,46,51,50,2,3,3.0,0.05,2.8031395938262733,0.01,3.090496256980868,3.090496256980868,0.8359512090682983,0.8494904637336731,0.8681841492652893,0.8723984956741333
sub-cp042_ses-20220111_level-03B_run-011,sub-cp042,4,10000,46,51,50,2,2,3.0,0.05,2.656995638034995,0.01,2.6857007846733594,2.6857007846733594,0.8548458218574524,0.8672338128089905,0.8800187706947327,0.8730081915855408
sub-cp042_ses-20220111_level-04B_run-004,sub-cp042,4,10000,46,51,50,3,3,4.0,0.05,3.2554233702752047,0.01,4.132356026810536,4.0,0.8139797449111938,0.81306391954422,0.8340861797332764,0.8963884115219116
sub-cp042_ses-20220111_level-04B_run-006,sub-cp042,4,10000,46,51,50,3,3,4.0,0.05,3.1652404223928112,0.01,4.021580024015489,4.0,0.8040525913238525,0.8027446269989014,0.8244101405143738,0.8764118552207947
sub-cp042_ses-20220111_level-04B_run-009,sub-cp042,4,10000,46,51,50,3,3,4.0,0.05,3.067504442339721,0.01,3.6741165134776845,3.6741165134776845,0.7644795775413513,0.7638809680938721,0.7813889384269714,0.8263961672782898
