run_key,subject_id,outer_fold,dimension,seed,levels,feature_k,true_class,predicted_class,target_score,similarity_temperature,similarity_prediction,ridge_alpha,ridge_prediction_raw,ridge_prediction_bounded,similarity_class_0,similarity_class_1,similarity_class_2,similarity_class_3
sub-cp009_ses-20210129_level-01B_run-001,sub-cp009,2,1000,42,51,50,0,3,1.0,0.05,2.5856562635448395,0.1,1.8210250905246137,1.8210250905246137,0.8045218586921692,0.7853292226791382,0.8044800758361816,0.8097622990608215
sub-cp009_ses-20210129_level-01B_run-007,sub-cp009,2,1000,42,51,50,0,0,1.0,0.05,2.3013590552300993,0.1,1.4158563671119015,1.4158563671119015,0.8684060573577881,0.8630040287971497,0.863420307636261,0.8387953042984009
sub-cp009_ses-20210129_level-01B_run-012,sub-cp009,2,1000,42,51,50,0,2,1.0,0.05,2.4260676414931357,0.1,1.9928864205020322,1.9928864205020322,0.8558308482170105,0.8585156798362732,0.8680976629257202,0.8397964835166931
sub-cp009_ses-20210129_level-02B_run-003,sub-cp009,2,1000,42,51,50,1,1,2.0,0.05,2.238190573973945,0.1,1.5095741857663398,1.5095741857663398,0.8595450520515442,0.864641010761261,0.857174813747406,0.8185091018676758
sub-cp009_ses-20210129_level-02B_run-008,sub-cp009,2,1000,42,51,50,1,2,2.0,0.05,2.3806806502148046,0.1,1.3499129837459223,1.3499129837459223,0.8503126502037048,0.8471628427505493,0.853714108467102,0.8298377990722656
sub-cp009_ses-20210129_level-02B_run-010,sub-cp009,2,1000,42,51,50,1,1,2.0,0.05,2.1865501058631978,0.1,1.0683987186216606,1.0683987186216606,0.8452188968658447,0.8637433052062988,0.85252445936203,0.7823100686073303
sub-cp009_ses-20210129_level-03B_run-002,sub-cp009,2,1000,42,51,50,2,3,3.0,0.05,2.630764969681053,0.1,2.565138822263607,2.565138822263607,0.837365984916687,0.8278893232345581,0.8429805040359497,0.8493335843086243
sub-cp009_ses-20210129_level-03B_run-005,sub-cp009,2,1000,42,51,50,2,2,3.0,0.05,2.6636391140181948,0.1,2.2561829255259456,2.2561829255259456,0.8476065993309021,0.8482189178466797,0.8733968734741211,0.861716091632843
sub-cp009_ses-20210129_level-03B_run-011,sub-cp009,2,1000,42,51,50,2,2,3.0,0.05,2.4718832444047685,0.1,2.6464174146244805,2.6464174146244805,0.8809812664985657,0.8994389176368713,0.9123839735984802,0.8674067854881287
sub-cp009_ses-20210129_level-04B_run-004,sub-cp009,2,1000,42,51,50,3,3,4.0,0.05,3.197912988303252,0.1,3.642009744416283,3.642009744416283,0.7829795479774475,0.7793623208999634,0.8058319091796875,0.8583965301513672
sub-cp009_ses-20210129_level-04B_run-006,sub-cp009,2,1000,42,51,50,3,3,4.0,0.05,3.110851655126099,0.1,3.5985527410336453,3.5985527410336453,0.8056892156600952,0.797051727771759,0.8234599232673645,0.8697779178619385
sub-cp009_ses-20210129_level-04B_run-009,sub-cp009,2,1000,42,51,50,3,3,4.0,0.05,3.3045299059250177,0.1,3.6985397728524,3.6985397728524,0.8081299662590027,0.7897119522094727,0.8227028846740723,0.8905383348464966
sub-cp013_ses-20210319_level-01B_run-001,sub-cp013,2,1000,42,51,50,0,3,1.0,0.05,2.9049642782547656,0.1,3.087416002846112,3.087416002846112,0.8630470037460327,0.8545553684234619,0.8827786445617676,0.9048703908920288
sub-cp013_ses-20210319_level-01B_run-007,sub-cp013,2,1000,42,51,50,0,3,1.0,0.05,2.6961700285904717,0.1,2.5778519401924003,2.5778519401924003,0.8168848156929016,0.7869661450386047,0.8087518811225891,0.833578884601593
sub-cp013_ses-20210319_level-01B_run-012,sub-cp013,2,1000,42,51,50,0,0,1.0,0.05,2.197600137486854,0.1,1.7927186726075153,1.7927186726075153,0.8967931866645813,0.8720863461494446,0.8664754629135132,0.8609784245491028
sub-cp013_ses-20210319_level-02B_run-003,sub-cp013,2,1000,42,51,50,1,3,2.0,0.05,2.8231553318535947,0.1,3.388852697303684,3.388852697303684,0.8386924862861633,0.8353875279426575,0.8582833409309387,0.8728867173194885
sub-cp013_ses-20210319_level-02B_run-008,sub-cp013,2,1000,42,51,50,1,3,2.0,0.05,3.0350868507528137,0.1,3.112985062801291,3.112985062801291,0.783510148525238,0.7867020964622498,0.8182958960533142,0.843590259552002
sub-cp013_ses-20210319_level-02B_run-010,sub-cp013,2,1000,42,51,50,1,3,2.0,0.05,2.8005279384712614,0.1,2.924364342951629,2.924364342951629,0.8306804299354553,0.8132097721099854,0.8368701934814453,0.8596084713935852
sub-cp013_ses-20210319_level-03B_run-002,sub-cp013,2,1000,42,51,50,2,3,3.0,0.05,2.85733884804144,0.1,3.2925973039387593,3.2925973039387593,0.8129584193229675,0.8126289248466492,0.8388438820838928,0.8514939546585083
sub-cp013_ses-20210319_level-03B_run-005,sub-cp013,2,1000,42,51,50,2,3,3.0,0.05,2.8802478987079305,0.1,3.137925175107621,3.137925175107621,0.7578821778297424,0.7629930377006531,0.7916646599769592,0.8003832697868347
sub-cp013_ses-20210319_level-03B_run-011,sub-cp013,2,1000,42,51,50,2,3,3.0,0.05,2.948623760799195,0.1,3.6333150232800175,3.6333150232800175,0.8347129821777344,0.8312687873840332,0.8592025637626648,0.8827927112579346
sub-cp013_ses-20210319_level-04B_run-004,sub-cp013,2,1000,42,51,50,3,3,4.0,0.05,3.161211294892034,0.1,3.656333884086959,3.656333884086959,0.6895409226417542,0.6814634799957275,0.7120141983032227,0.7595473527908325
sub-cp013_ses-20210319_level-04B_run-006,sub-cp013,2,1000,42,51,50,3,3,4.0,0.05,3.1152056629117055,0.1,3.6093762171801558,3.6093762171801558,0.8439454436302185,0.8237705826759338,0.8471711874008179,0.9047123193740845
sub-cp013_ses-20210319_level-04B_run-009,sub-cp013,2,1000,42,51,50,3,3,4.0,0.05,3.180417688772807,0.1,3.593993794752213,3.593993794752213,0.7825019955635071,0.759560763835907,0.7858787775039673,0.8493335843086243
sub-cp015_ses-20210504_level-01B_run-001,sub-cp015,2,1000,42,51,50,0,0,1.0,0.05,1.7658335549642414,0.1,0.47535258040185147,1.0,0.9136662483215332,0.8849705457687378,0.8558770418167114,0.8032285571098328
sub-cp015_ses-20210504_level-01B_run-007,sub-cp015,2,1000,42,51,50,0,0,1.0,0.05,1.9819071142550322,0.1,1.3451519499883093,1.3451519499883093,0.9202987551689148,0.9112142324447632,0.8879426717758179,0.8434321880340576
sub-cp015_ses-20210504_level-01B_run-012,sub-cp015,2,1000,42,51,50,0,0,1.0,0.05,2.0284638634194727,0.1,1.3713115001279021,1.3713115001279021,0.9118621945381165,0.8811686635017395,0.870152473449707,0.8541812300682068
sub-cp015_ses-20210504_level-02B_run-003,sub-cp015,2,1000,42,51,50,1,1,2.0,0.05,2.028741041279905,0.1,1.7762769457798566,1.7762769457798566,0.9061847925186157,0.9299068450927734,0.8980274200439453,0.8029124140739441
sub-cp015_ses-20210504_level-02B_run-008,sub-cp015,2,1000,42,51,50,1,1,2.0,0.05,2.082100974914574,0.1,1.4131462381379696,1.4131462381379696,0.9126580953598022,0.9188708066940308,0.8987303972244263,0.8434321880340576
sub-cp015_ses-20210504_level-02B_run-010,sub-cp015,2,1000,42,51,50,1,0,2.0,0.05,2.096145652415153,0.1,1.309564723181003,1.309564723181003,0.9156294465065002,0.9066730737686157,0.8949182033538818,0.856130838394165
sub-cp015_ses-20210504_level-03B_run-002,sub-cp015,2,1000,42,51,50,2,1,3.0,0.05,2.278589409211852,0.1,2.605212492154994,2.605212492154994,0.8698387145996094,0.8962706327438354,0.8955129981040955,0.8123968839645386
sub-cp015_ses-20210504_level-03B_run-005,sub-cp015,2,1000,42,51,50,2,2,3.0,0.05,2.3525191883272174,0.1,2.860250317971846,2.860250317971846,0.8801853656768799,0.8813799023628235,0.8920522928237915,0.8495444059371948
sub-cp015_ses-20210504_level-03B_run-011,sub-cp015,2,1000,42,51,50,2,0,3.0,0.05,2.144307909770079,0.1,2.063589322503816,2.063589322503816,0.921413004398346,0.9100525379180908,0.9081121683120728,0.8652464151382446
sub-cp015_ses-20210504_level-04B_run-004,sub-cp015,2,1000,42,51,50,3,3,4.0,0.05,3.2590570848991196,0.1,3.96227175409585,3.96227175409585,0.8538676500320435,0.83681321144104,0.8675839900970459,0.9314268827438354
sub-cp015_ses-20210504_level-04B_run-006,sub-cp015,2,1000,42,51,50,3,3,4.0,0.05,3.0190559664845313,0.1,3.305431525879933,3.305431525879933,0.8357741832733154,0.8157971501350403,0.8429805040359497,0.8868499398231506
sub-cp015_ses-20210504_level-04B_run-009,sub-cp015,2,1000,42,51,50,3,3,4.0,0.05,3.1283727666164767,0.1,4.0616797865414735,4.0,0.8779038190841675,0.864218533039093,0.8915926814079285,0.9422286748886108
sub-cp020_ses-20210604_level-01B_run-001,sub-cp020,2,1000,42,51,50,0,0,1.0,0.05,2.172881349862932,0.1,0.8501949432010574,1.0,0.875356912612915,0.8481661081314087,0.834923505783081,0.8402180075645447
sub-cp020_ses-20210604_level-01B_run-007,sub-cp020,2,1000,42,51,50,0,0,1.0,0.05,2.044410306500459,0.1,1.521776562904162,1.521776562904162,0.9256047606468201,0.9215638041496277,0.9047595858573914,0.8527585864067078
sub-cp020_ses-20210604_level-01B_run-012,sub-cp020,2,1000,42,51,50,0,1,1.0,0.05,2.094487179290493,0.1,1.3657670553947003,1.3657670553947003,0.896368682384491,0.9072539210319519,0.8920522928237915,0.8159272074699402
sub-cp020_ses-20210604_level-02B_run-003,sub-cp020,2,1000,42,51,50,1,1,2.0,0.05,2.1047300143445242,0.1,1.9496662258389048,1.9496662258389048,0.8982257843017578,0.9143824577331543,0.8944585919380188,0.8227770924568176
sub-cp020_ses-20210604_level-02B_run-008,sub-cp020,2,1000,42,51,50,1,1,2.0,0.05,2.178209608259288,0.1,2.065817391392001,2.065817391392001,0.9009318351745605,0.9098412990570068,0.9028670191764832,0.8398491740226746
sub-cp020_ses-20210604_level-02B_run-010,sub-cp020,2,1000,42,51,50,1,1,2.0,0.05,2.108227346713747,0.1,1.606114385424276,1.606114385424276,0.8955197334289551,0.9232535362243652,0.9014881253242493,0.802069365978241
sub-cp020_ses-20210604_level-03B_run-002,sub-cp020,2,1000,42,51,50,2,3,3.0,0.05,2.942145790050222,0.1,3.4329587877882393,3.4329587877882393,0.8019219040870667,0.8068204522132874,0.8388979434967041,0.8516520261764526
sub-cp020_ses-20210604_level-03B_run-005,sub-cp020,2,1000,42,51,50,2,2,3.0,0.05,2.4001580030674585,0.1,3.3400246171973573,3.3400246171973573,0.8793895244598389,0.9005478024482727,0.9126543402671814,0.8474367260932922
sub-cp020_ses-20210604_level-03B_run-011,sub-cp020,2,1000,42,51,50,2,2,3.0,0.05,2.666965704975288,0.1,3.582171933394333,3.582171933394333,0.8510554432868958,0.8612087368965149,0.8835086822509766,0.8673540949821472
sub-cp020_ses-20210604_level-04B_run-004,sub-cp020,2,1000,42,51,50,3,3,4.0,0.05,3.3493161857630183,0.1,3.680163487777934,3.680163487777934,0.7875427007675171,0.7798903584480286,0.8154299855232239,0.8797892928123474
sub-cp020_ses-20210604_level-04B_run-006,sub-cp020,2,1000,42,51,50,3,3,4.0,0.05,3.2450590604497336,0.1,3.5634279699266425,3.5634279699266425,0.8007546067237854,0.7803128361701965,0.8118611574172974,0.8756793141365051
sub-cp020_ses-20210604_level-04B_run-009,sub-cp020,2,1000,42,51,50,3,3,4.0,0.05,3.235845524275404,0.1,3.445486669757896,3.445486669757896,0.8176276683807373,0.7982134222984314,0.8287591338157654,0.8918029069900513
sub-cp026_ses-20210716_level-01B_run-001,sub-cp026,2,1000,42,51,50,0,0,1.0,0.05,1.8848627749534548,0.1,0.871600466912807,1.0,0.9206171035766602,0.9172866940498352,0.8854823708534241,0.8085504174232483
sub-cp026_ses-20210716_level-01B_run-007,sub-cp026,2,1000,42,51,50,0,0,1.0,0.05,1.946880831965741,0.1,1.2407946772608631,1.2407946772608631,0.9365881681442261,0.9159665703773499,0.8985140919685364,0.8572373390197754
sub-cp026_ses-20210716_level-01B_run-012,sub-cp026,2,1000,42,51,50,0,0,1.0,0.05,1.8917093400112455,0.1,0.8466991719032979,1.0,0.9380738139152527,0.913062334060669,0.8926200866699219,0.8523370027542114
sub-cp026_ses-20210716_level-02B_run-003,sub-cp026,2,1000,42,51,50,1,0,2.0,0.05,2.0935244251783884,0.1,1.7352714601148846,1.7352714601148846,0.9271434545516968,0.9180787205696106,0.9064899682998657,0.8669325709342957
sub-cp026_ses-20210716_level-02B_run-008,sub-cp026,2,1000,42,51,50,1,1,2.0,0.05,1.9461060787001987,0.1,1.1071706000815742,1.1071706000815742,0.9100581407546997,0.9218278527259827,0.8872126936912537,0.7961679100990295
sub-cp026_ses-20210716_level-02B_run-010,sub-cp026,2,1000,42,51,50,1,0,2.0,0.05,2.0899853264327537,0.1,1.9027264860272166,1.9027264860272166,0.9148335456848145,0.9108973741531372,0.8990548253059387,0.8487539887428284
sub-cp026_ses-20210716_level-03B_run-002,sub-cp026,2,1000,42,51,50,2,2,3.0,0.05,2.3199662744371317,0.1,2.817123730582728,2.817123730582728,0.8940871357917786,0.9146992564201355,0.91949462890625,0.8483324646949768
sub-cp026_ses-20210716_level-03B_run-005,sub-cp026,2,1000,42,51,50,2,2,3.0,0.05,2.284473173846719,0.1,2.589832146553205,2.589832146553205,0.9107479453086853,0.9159665703773499,0.920657217502594,0.8678810000419617
sub-cp026_ses-20210716_level-03B_run-011,sub-cp026,2,1000,42,51,50,2,2,3.0,0.05,2.3488739002729724,0.1,2.6814916287861656,2.6814916287861656,0.9040623903274536,0.9072011113166809,0.9207653999328613,0.868513286113739
sub-cp026_ses-20210716_level-04B_run-004,sub-cp026,2,1000,42,51,50,3,3,4.0,0.05,3.250119185467088,0.1,3.9366030782131967,3.9366030782131967,0.8459616899490356,0.8287341594696045,0.857201874256134,0.9222586154937744
sub-cp026_ses-20210716_level-04B_run-006,sub-cp026,2,1000,42,51,50,3,3,4.0,0.05,3.124520268424434,0.1,3.849653747055311,3.849653747055311,0.8576879501342773,0.836971640586853,0.8616629242897034,0.9193078875541687
sub-cp026_ses-20210716_level-04B_run-009,sub-cp026,2,1000,42,51,50,3,3,4.0,0.05,3.2457055658770324,0.1,3.9267017944437526,3.9267017944437526,0.8542390465736389,0.8360739350318909,0.8646640181541443,0.9297407865524292
sub-cp031_ses-20211216_level-01B_run-001,sub-cp031,2,1000,42,51,50,0,0,1.0,0.05,2.180510969373036,0.1,1.3187252557078386,1.3187252557078386,0.8896300792694092,0.8709246516227722,0.8635014295578003,0.8497024774551392
sub-cp031_ses-20211216_level-01B_run-007,sub-cp031,2,1000,42,51,50,0,0,1.0,0.05,2.0269539027400665,0.1,1.6365574615295093,1.6365574615295093,0.9207762479782104,0.9025015234947205,0.8948100209236145,0.8487012982368469
sub-cp031_ses-20211216_level-02B_run-003,sub-cp031,2,1000,42,51,50,1,1,2.0,0.05,2.0711664396252343,0.1,1.7547051724849194,1.7547051724849194,0.9178048968315125,0.932019054889679,0.9148172736167908,0.823198676109314
sub-cp031_ses-20211216_level-02B_run-008,sub-cp031,2,1000,42,51,50,1,1,2.0,0.05,2.0973934432948558,0.1,2.1013550189475,2.1013550189475,0.9277271032333374,0.9323358535766602,0.9218738675117493,0.8499132394790649
sub-cp031_ses-20211216_level-02B_run-010,sub-cp031,2,1000,42,51,50,1,0,2.0,0.05,2.103190282163978,0.1,1.8296131692383844,1.8296131692383844,0.9227395057678223,0.9216694235801697,0.9103832244873047,0.8564469814300537
sub-cp031_ses-20211216_level-02B_run-012,sub-cp031,2,1000,42,51,50,1,0,2.0,0.05,1.9065034286160443,0.1,1.1712525944105385,1.1712525944105385,0.9260292053222656,0.916811466217041,0.8917819261550903,0.8249901533126831
sub-cp031_ses-20211216_level-03B_run-002,sub-cp031,2,1000,42,51,50,2,2,3.0,0.05,2.3562790444726556,0.1,3.356400912898127,3.356400912898127,0.8884627223014832,0.919398844242096,0.9296875,0.8336842656135559
sub-cp031_ses-20211216_level-03B_run-005,sub-cp031,2,1000,42,51,50,2,2,3.0,0.05,2.4696835962136103,0.1,3.434044822261145,3.434044822261145,0.8822016716003418,0.8933136463165283,0.9146820902824402,0.862928032875061
sub-cp031_ses-20211216_level-03B_run-011,sub-cp031,2,1000,42,51,50,2,2,3.0,0.05,2.34873047089973,0.1,2.9830477706919183,2.9830477706919183,0.8829445242881775,0.9179731607437134,0.9243071675300598,0.8290473818778992
sub-cp031_ses-20211216_level-04B_run-004,sub-cp031,2,1000,42,51,50,3,3,4.0,0.05,3.2072388356897834,0.1,4.178081075570444,4.0,0.8563084006309509,0.8490109443664551,0.875965416431427,0.931374192237854
sub-cp031_ses-20211216_level-04B_run-006,sub-cp031,2,1000,42,51,50,3,3,4.0,0.05,3.107751323271424,0.1,3.9060075007557993,3.9060075007557993,0.8620389103889465,0.8473740220069885,0.874072790145874,0.9238393306732178
sub-cp031_ses-20211216_level-04B_run-009,sub-cp031,2,1000,42,51,50,3,3,4.0,0.05,3.2680321044380323,0.1,4.105202317768113,4.0,0.845378041267395,0.8339617848396301,0.8630958795547485,0.9258416295051575
sub-cp038_ses-20220112_level-01B_run-001,sub-cp038,2,1000,42,51,50,0,0,1.0,0.05,2.2466760980234586,0.1,1.498485974118335,1.498485974118335,0.849516749382019,0.843149721622467,0.843061625957489,0.8103946447372437
sub-cp038_ses-20220112_level-01B_run-007,sub-cp038,2,1000,42,51,50,0,0,1.0,0.05,2.0859112226407577,0.1,1.2348273785093151,1.2348273785093151,0.8657000064849854,0.8275724649429321,0.8179173469543457,0.820458710193634
sub-cp038_ses-20220112_level-01B_run-012,sub-cp038,2,1000,42,51,50,0,0,1.0,0.05,2.148089020721076,0.1,1.7797532995423506,1.7797532995423506,0.8724386096000671,0.8444170355796814,0.8371675610542297,0.8312077522277832
sub-cp038_ses-20220112_level-02B_run-003,sub-cp038,2,1000,42,51,50,1,0,2.0,0.05,2.0525724913468215,0.1,0.948085139372389,1.0,0.8975359797477722,0.8802182078361511,0.864582896232605,0.8386372327804565
sub-cp038_ses-20220112_level-02B_run-008,sub-cp038,2,1000,42,51,50,1,0,2.0,0.05,1.974572192551326,0.1,1.7120491298302145,1.7120491298302145,0.8916994333267212,0.8607334494590759,0.8475497364997864,0.8253062963485718
sub-cp038_ses-20220112_level-02B_run-010,sub-cp038,2,1000,42,51,50,1,0,2.0,0.05,2.1383659425628383,0.1,1.5496940873782492,1.5496940873782492,0.863418459892273,0.8256187438964844,0.8161329627037048,0.8253062963485718
sub-cp038_ses-20220112_level-03B_run-002,sub-cp038,2,1000,42,51,50,2,2,3.0,0.05,2.38623876290181,0.1,2.2381684684332237,2.2381684684332237,0.871324360370636,0.8788452744483948,0.8824542164802551,0.8507035970687866
sub-cp038_ses-20220112_level-03B_run-005,sub-cp038,2,1000,42,51,50,2,2,3.0,0.05,2.4085256437305445,0.1,2.091505335699453,2.091505335699453,0.8285580277442932,0.8296846747398376,0.84024977684021,0.8091300129890442
sub-cp038_ses-20220112_level-03B_run-011,sub-cp038,2,1000,42,51,50,2,3,3.0,0.05,2.587013007491837,0.1,3.5227159788799822,3.5227159788799822,0.8511615991592407,0.8338561654090881,0.8552551865577698,0.8559200167655945
sub-cp038_ses-20220112_level-04B_run-004,sub-cp038,2,1000,42,51,50,3,3,4.0,0.05,3.0336374434993667,0.1,3.4979415609317046,3.4979415609317046,0.8155052661895752,0.8082461953163147,0.8358157277107239,0.8717801570892334
sub-cp038_ses-20220112_level-04B_run-006,sub-cp038,2,1000,42,51,50,3,3,4.0,0.05,3.187515219754955,0.1,4.385249082616298,4.0,0.8142849206924438,0.799533486366272,0.8313816785812378,0.8849003314971924
sub-cp038_ses-20220112_level-04B_run-009,sub-cp038,2,1000,42,51,50,3,3,4.0,0.05,3.116192184160731,0.1,3.5449277663655447,3.5449277663655447,0.8319538831710815,0.8188598155975342,0.8450893759727478,0.8951224684715271
sub-cp009_ses-20210129_level-01B_run-001,sub-cp009,2,2000,42,51,50,0,3,1.0,0.05,2.551051089898481,0.01,1.8926988497080748,1.8926988497080748,0.8141494989395142,0.8014536499977112,0.8145772814750671,0.8167310953140259
sub-cp009_ses-20210129_level-01B_run-007,sub-cp009,2,2000,42,51,50,0,2,1.0,0.05,2.4231177645543793,0.01,1.3849720109832881,1.3849720109832881,0.8537781834602356,0.8512536287307739,0.855293333530426,0.8413877487182617
sub-cp009_ses-20210129_level-01B_run-012,sub-cp009,2,2000,42,51,50,0,2,1.0,0.05,2.413495612273713,0.01,2.0889367098093725,2.0889367098093725,0.8702812790870667,0.8718414306640625,0.8789839148521423,0.8538475036621094
sub-cp009_ses-20210129_level-02B_run-003,sub-cp009,2,2000,42,51,50,1,1,2.0,0.05,2.2923978038025523,0.01,1.935705097116327,1.935705097116327,0.8574602603912354,0.866898238658905,0.8608296513557434,0.8248010277748108
sub-cp009_ses-20210129_level-02B_run-008,sub-cp009,2,2000,42,51,50,1,2,2.0,0.05,2.494890161554497,0.01,1.9400211470821072,1.9400211470821072,0.8485067486763,0.8513850569725037,0.8607087135314941,0.8439638018608093
sub-cp009_ses-20210129_level-02B_run-010,sub-cp009,2,2000,42,51,50,1,1,2.0,0.05,2.224477482962433,0.01,1.2150175135913852,1.2150175135913852,0.8549967408180237,0.8692383766174316,0.8624287247657776,0.8026416301727295
sub-cp009_ses-20210129_level-03B_run-002,sub-cp009,2,2000,42,51,50,2,3,3.0,0.05,2.6838354638449253,0.01,2.9866251938911716,2.9866251938911716,0.826016902923584,0.8197802305221558,0.8353518843650818,0.8445420861244202
sub-cp009_ses-20210129_level-03B_run-005,sub-cp009,2,2000,42,51,50,2,2,3.0,0.05,2.694409404187713,0.01,2.2182125555953824,2.2182125555953824,0.8519504070281982,0.8533833622932434,0.8762157559394836,0.8710387945175171
sub-cp009_ses-20210129_level-03B_run-011,sub-cp009,2,2000,42,51,50,2,2,3.0,0.05,2.48828151063433,0.01,2.2631358616201713,2.2631358616201713,0.8863341212272644,0.8980298042297363,0.9112074375152588,0.8773738145828247
sub-cp009_ses-20210129_level-04B_run-004,sub-cp009,2,2000,42,51,50,3,3,4.0,0.05,3.138725196338941,0.01,3.596870597978631,3.596870597978631,0.7962159514427185,0.7862033843994141,0.8119972348213196,0.8627848625183105
sub-cp009_ses-20210129_level-04B_run-006,sub-cp009,2,2000,42,51,50,3,3,4.0,0.05,3.085240918147253,0.01,3.6853346976357466,3.6853346976357466,0.8185203075408936,0.8090787529945374,0.8370316028594971,0.8796607255935669
sub-cp009_ses-20210129_level-04B_run-009,sub-cp009,2,2000,42,51,50,3,3,4.0,0.05,3.2178108784620343,0.01,2.9744754347656315,2.9744754347656315,0.8096462488174438,0.7938022017478943,0.8240642547607422,0.8830516934394836
sub-cp013_ses-20210319_level-01B_run-001,sub-cp013,2,2000,42,51,50,0,3,1.0,0.05,2.876863575367807,0.01,3.232074026883862,3.232074026883862,0.8579900860786438,0.8465470671653748,0.8742673397064209,0.8960371613502502
sub-cp013_ses-20210319_level-01B_run-007,sub-cp013,2,2000,42,51,50,0,3,1.0,0.05,2.574612698854372,0.01,2.59130860008525,2.59130860008525,0.8252222537994385,0.8001126646995544,0.8182860612869263,0.829479992389679
sub-cp013_ses-20210319_level-01B_run-012,sub-cp013,2,2000,42,51,50,0,0,1.0,0.05,2.287656318124234,0.01,1.8192443041432709,1.8192443041432709,0.8917115330696106,0.8707897067070007,0.8699806928634644,0.8655974864959717
sub-cp013_ses-20210319_level-02B_run-003,sub-cp013,2,2000,42,51,50,1,3,2.0,0.05,2.743970461290945,0.01,3.377436231190244,3.377436231190244,0.8506259322166443,0.854145884513855,0.8740388751029968,0.8771109580993652
sub-cp013_ses-20210319_level-02B_run-008,sub-cp013,2,2000,42,51,50,1,3,2.0,0.05,2.9677846718351155,0.01,3.196119982865005,3.196119982865005,0.7946265339851379,0.7975096106529236,0.8224248290061951,0.846907913684845
sub-cp013_ses-20210319_level-02B_run-010,sub-cp013,2,2000,42,51,50,1,3,2.0,0.05,2.676877014758116,0.01,3.32620259987318,3.32620259987318,0.8441624045372009,0.8283782005310059,0.84698885679245,0.8603402376174927
sub-cp013_ses-20210319_level-03B_run-002,sub-cp013,2,2000,42,51,50,2,3,3.0,0.05,2.7803239203239225,0.01,2.9279654722651536,2.9279654722651536,0.8312618732452393,0.829613983631134,0.8530626893043518,0.860655665397644
sub-cp013_ses-20210319_level-03B_run-005,sub-cp013,2,2000,42,51,50,2,3,3.0,0.05,2.916679656082482,0.01,3.6899277010413956,3.6899277010413956,0.7548389434814453,0.7587265968322754,0.7850009799003601,0.801511287689209
sub-cp013_ses-20210319_level-03B_run-011,sub-cp013,2,2000,42,51,50,2,3,3.0,0.05,2.9745866176304148,0.01,3.1046461279219892,3.1046461279219892,0.8313678503036499,0.8300083875656128,0.8542989492416382,0.8830516934394836
sub-cp013_ses-20210319_level-04B_run-004,sub-cp013,2,2000,42,51,50,3,3,4.0,0.05,3.1127141352438104,0.01,3.654048153329381,3.654048153329381,0.6921641826629639,0.6797407865524292,0.7056784629821777,0.7551683783531189
sub-cp013_ses-20210319_level-04B_run-006,sub-cp013,2,2000,42,51,50,3,3,4.0,0.05,3.1090673169268,0.01,3.2610942819902875,3.2610942819902875,0.8419107794761658,0.8225147724151611,0.8456854224205017,0.9022670388221741
sub-cp013_ses-20210319_level-04B_run-009,sub-cp013,2,2000,42,51,50,3,3,4.0,0.05,3.07766361305106,0.01,3.4437445409854197,3.4437445409854197,0.7990503311157227,0.7811024188995361,0.8058696389198303,0.8566601276397705
sub-cp015_ses-20210504_level-01B_run-001,sub-cp015,2,2000,42,51,50,0,0,1.0,0.05,1.8236044745395772,0.01,0.5501337063550338,1.0,0.9065722823143005,0.885014533996582,0.8591902852058411,0.7989615201950073
sub-cp015_ses-20210504_level-01B_run-007,sub-cp015,2,2000,42,51,50,0,0,1.0,0.05,2.0412361393395027,0.01,0.8402404637120695,1.0,0.9213800430297852,0.914068877696991,0.8968022465705872,0.852138876914978
sub-cp015_ses-20210504_level-01B_run-012,sub-cp015,2,2000,42,51,50,0,0,1.0,0.05,2.0818365417259925,0.01,1.2410092679383828,1.2410092679383828,0.9182012677192688,0.8931918144226074,0.885124921798706,0.8646774888038635
sub-cp015_ses-20210504_level-02B_run-003,sub-cp015,2,2000,42,51,50,1,1,2.0,0.05,2.0061838955308042,0.01,1.9469975189577413,1.9469975189577413,0.9140424132347107,0.9306075572967529,0.9019623398780823,0.8069788813591003
sub-cp015_ses-20210504_level-02B_run-008,sub-cp015,2,2000,42,51,50,1,1,2.0,0.05,2.1147372822427695,0.01,1.505088745568632,1.505088745568632,0.9139364361763,0.9224565029144287,0.9070417881011963,0.845488429069519
sub-cp015_ses-20210504_level-02B_run-010,sub-cp015,2,2000,42,51,50,1,0,2.0,0.05,2.2057848972859553,0.01,1.5467621690180866,1.5467621690180866,0.9123470187187195,0.907653272151947,0.9032388925552368,0.8674638271331787
sub-cp015_ses-20210504_level-03B_run-002,sub-cp015,2,2000,42,51,50,2,1,3.0,0.05,2.2645407516417677,0.01,2.764484546674181,2.764484546674181,0.8848241567611694,0.907653272151947,0.9071627259254456,0.8257473707199097
sub-cp015_ses-20210504_level-03B_run-005,sub-cp015,2,2000,42,51,50,2,2,3.0,0.05,2.330548648223212,0.01,2.821225784972057,2.821225784972057,0.8930360078811646,0.8916141986846924,0.9010888934135437,0.860182523727417
sub-cp015_ses-20210504_level-03B_run-011,sub-cp015,2,2000,42,51,50,2,0,3.0,0.05,2.2042347622939387,0.01,2.3703692635165305,2.3703692635165305,0.9202409982681274,0.9087575674057007,0.9089767932891846,0.875323474407196
sub-cp015_ses-20210504_level-04B_run-004,sub-cp015,2,2000,42,51,50,3,3,4.0,0.05,3.1440822594272664,0.01,4.274978647853752,4.0,0.8622549176216125,0.8543825149536133,0.8777207732200623,0.9299991726875305
sub-cp015_ses-20210504_level-04B_run-006,sub-cp015,2,2000,42,51,50,3,3,4.0,0.05,3.040422413378074,0.01,3.143034626682358,3.143034626682358,0.8406657576560974,0.8243553042411804,0.850845456123352,0.8949331045150757
sub-cp015_ses-20210504_level-04B_run-009,sub-cp015,2,2000,42,51,50,3,3,4.0,0.05,3.108818774962616,0.01,4.142182336088891,4.0,0.8782547116279602,0.8667668104171753,0.8925559520721436,0.941144585609436
sub-cp020_ses-20210604_level-01B_run-001,sub-cp020,2,2000,42,51,50,0,0,1.0,0.05,2.2789117355377666,0.01,1.0326388228862657,1.0326388228862657,0.8779103755950928,0.8523053526878357,0.8461960554122925,0.8538475036621094
sub-cp020_ses-20210604_level-01B_run-007,sub-cp020,2,2000,42,51,50,0,0,1.0,0.05,2.0937326929666673,0.01,2.0096071536344415,2.0096071536344415,0.9182277917861938,0.9169349074363708,0.9034673571586609,0.8523491621017456
sub-cp020_ses-20210604_level-01B_run-012,sub-cp020,2,2000,42,51,50,0,1,1.0,0.05,2.079037728701491,0.01,1.1633269024621815,1.1633269024621815,0.8948373198509216,0.9065489172935486,0.8889815807342529,0.8110795617103577
sub-cp020_ses-20210604_level-02B_run-003,sub-cp020,2,2000,42,51,50,1,1,2.0,0.05,2.149423784494804,0.01,2.1601661326519688,2.1601661326519688,0.9018306136131287,0.9197483062744141,0.9039779901504517,0.8338698148727417
sub-cp020_ses-20210604_level-02B_run-008,sub-cp020,2,2000,42,51,50,1,1,2.0,0.05,2.1787252647549336,0.01,1.9454853484807648,1.9454853484807648,0.9027842283248901,0.9075743556022644,0.9014919996261597,0.8451467156410217
sub-cp020_ses-20210604_level-02B_run-010,sub-cp020,2,2000,42,51,50,1,1,2.0,0.05,2.082412312177158,0.01,1.600524927597737,1.600524927597737,0.8994465470314026,0.9187228679656982,0.8993420004844666,0.8046393990516663
sub-cp020_ses-20210604_level-03B_run-002,sub-cp020,2,2000,42,51,50,2,3,3.0,0.05,2.8335800162540483,0.01,2.82260871099081,2.82260871099081,0.8185732960700989,0.8202534914016724,0.8467738628387451,0.8547149300575256
sub-cp020_ses-20210604_level-03B_run-005,sub-cp020,2,2000,42,51,50,2,2,3.0,0.05,2.327679352622281,0.01,3.0526420666853458,3.0526420666853458,0.8930095434188843,0.9085209369659424,0.9165287613868713,0.8493525385856628
sub-cp020_ses-20210604_level-03B_run-011,sub-cp020,2,2000,42,51,50,2,2,3.0,0.05,2.6472168909605585,0.01,3.4770753479444694,3.4770753479444694,0.853672206401825,0.8596938252449036,0.8824508786201477,0.8665438294410706
sub-cp020_ses-20210604_level-04B_run-004,sub-cp020,2,2000,42,51,50,3,3,4.0,0.05,3.306612800771246,0.01,3.911561224403076,3.911561224403076,0.7858584523200989,0.7799980640411377,0.8125616312026978,0.8733782768249512
sub-cp020_ses-20210604_level-04B_run-006,sub-cp020,2,2000,42,51,50,3,3,4.0,0.05,3.1415792150939135,0.01,3.6700235237266288,3.6700235237266288,0.812056839466095,0.7949065566062927,0.8217394948005676,0.8766378164291382
sub-cp020_ses-20210604_level-04B_run-009,sub-cp020,2,2000,42,51,50,3,3,4.0,0.05,3.1929225482717127,0.01,3.8974350400837583,3.8974350400837583,0.8227851390838623,0.8082636594772339,0.8353384137153625,0.8936976790428162
sub-cp026_ses-20210716_level-01B_run-001,sub-cp026,2,2000,42,51,50,0,0,1.0,0.05,1.904924703078834,0.01,0.7384549420318929,1.0,0.9239230751991272,0.9211155772209167,0.8925425410270691,0.8135504722595215
sub-cp026_ses-20210716_level-01B_run-007,sub-cp026,2,2000,42,51,50,0,0,1.0,0.05,1.9633364019526902,0.01,1.319418708283834,1.319418708283834,0.9339361786842346,0.9154887199401855,0.8985894918441772,0.8557927012443542
sub-cp026_ses-20210716_level-01B_run-012,sub-cp026,2,2000,42,51,50,0,0,1.0,0.05,1.915345788332667,0.01,0.8542792749250343,1.0,0.931922972202301,0.9093623161315918,0.8903656601905823,0.8479856252670288
sub-cp026_ses-20210716_level-02B_run-003,sub-cp026,2,2000,42,51,50,1,0,2.0,0.05,2.1449595266884085,0.01,1.6682806612279344,1.6682806612279344,0.9263336062431335,0.9179866313934326,0.9089633226394653,0.8749291896820068
sub-cp026_ses-20210716_level-02B_run-008,sub-cp026,2,2000,42,51,50,1,1,2.0,0.05,1.951533755638923,0.01,0.9990001378116145,1.0,0.9161350727081299,0.9226142764091492,0.893644392490387,0.8062954545021057
sub-cp026_ses-20210716_level-02B_run-010,sub-cp026,2,2000,42,51,50,1,0,2.0,0.05,2.120083668133809,0.01,1.9448212709642636,1.9448212709642636,0.9157642126083374,0.9141477942466736,0.9023654460906982,0.8555035591125488
sub-cp026_ses-20210716_level-03B_run-002,sub-cp026,2,2000,42,51,50,2,2,3.0,0.05,2.327005095216343,0.01,3.0686810629764136,3.0686810629764136,0.9013273119926453,0.9186702370643616,0.927144467830658,0.8549515008926392
sub-cp026_ses-20210716_level-03B_run-005,sub-cp026,2,2000,42,51,50,2,2,3.0,0.05,2.305806374226849,0.01,2.7904022064492597,2.7904022064492597,0.9114463925361633,0.9210892915725708,0.9245107173919678,0.8723531365394592
sub-cp026_ses-20210716_level-03B_run-011,sub-cp026,2,2000,42,51,50,2,2,3.0,0.05,2.3367139217059902,0.01,2.984804605566465,2.984804605566465,0.9056981205940247,0.9115973114967346,0.9205734729766846,0.8704867959022522
sub-cp026_ses-20210716_level-04B_run-004,sub-cp026,2,2000,42,51,50,3,3,4.0,0.05,3.2151903164665976,0.01,4.780908749779515,4.0,0.8424405455589294,0.8281678557395935,0.8551052212715149,0.9158307909965515
sub-cp026_ses-20210716_level-04B_run-006,sub-cp026,2,2000,42,51,50,3,3,4.0,0.05,3.0099826690431977,0.01,3.8903488086969347,3.8903488086969347,0.8630496263504028,0.8455216288566589,0.8674409985542297,0.9138067364692688
sub-cp026_ses-20210716_level-04B_run-009,sub-cp026,2,2000,42,51,50,3,3,4.0,0.05,3.133686717549982,0.01,4.143244121710533,4.0,0.8632879853248596,0.8485979437828064,0.8718485236167908,0.9276334047317505
sub-cp031_ses-20211216_level-01B_run-001,sub-cp031,2,2000,42,51,50,0,0,1.0,0.05,2.158910783121687,0.01,1.3709742547611192,1.3709742547611192,0.8973273634910583,0.8814386129379272,0.873528242111206,0.8525594472885132
sub-cp031_ses-20211216_level-01B_run-007,sub-cp031,2,2000,42,51,50,0,0,1.0,0.05,2.0103693414498416,0.01,1.5400092981318576,1.5400092981318576,0.9266250133514404,0.9109399318695068,0.9002557396888733,0.8504828214645386
sub-cp031_ses-20211216_level-02B_run-003,sub-cp031,2,2000,42,51,50,1,1,2.0,0.05,2.084809233214222,0.01,1.829641244347127,1.829641244347127,0.9211151599884033,0.9361817836761475,0.9202375411987305,0.828454852104187
sub-cp031_ses-20211216_level-02B_run-008,sub-cp031,2,2000,42,51,50,1,1,2.0,0.05,2.0711234712880264,0.01,2.0116722804232685,2.0116722804232685,0.9295653700828552,0.9313437342643738,0.9194850325584412,0.8490633964538574
sub-cp031_ses-20211216_level-02B_run-010,sub-cp031,2,2000,42,51,50,1,1,2.0,0.05,2.14458844166942,0.01,1.768966080492499,1.768966080492499,0.9199495911598206,0.9228509068489075,0.9123765230178833,0.8602876663208008
sub-cp031_ses-20211216_level-02B_run-012,sub-cp031,2,2000,42,51,50,1,0,2.0,0.05,1.9661015499994234,0.01,1.0960802918056014,1.0960802918056014,0.9243203997612,0.9159620404243469,0.8978369832038879,0.8331863880157471
sub-cp031_ses-20211216_level-03B_run-002,sub-cp031,2,2000,42,51,50,2,2,3.0,0.05,2.32104796391827,0.01,3.5511171493056675,3.5511171493056675,0.9016716480255127,0.9279255867004395,0.9349786639213562,0.8451467156410217
sub-cp031_ses-20211216_level-03B_run-005,sub-cp031,2,2000,42,51,50,2,2,3.0,0.05,2.4283601695640087,0.01,3.4988532114886572,3.4988532114886572,0.8923208117485046,0.902604877948761,0.9200090765953064,0.8676741123199463
sub-cp031_ses-20211216_level-03B_run-011,sub-cp031,2,2000,42,51,50,2,2,3.0,0.05,2.2820986003565515,0.01,2.8996455082997112,2.8996455082997112,0.8984664082527161,0.924560010433197,0.9269429445266724,0.835604727268219
sub-cp031_ses-20211216_level-04B_run-004,sub-cp031,2,2000,42,51,50,3,3,4.0,0.05,3.1518110635911096,0.01,4.259804559008398,4.0,0.862625777721405,0.8585631847381592,0.8844799399375916,0.9327592253684998
sub-cp031_ses-20211216_level-04B_run-006,sub-cp031,2,2000,42,51,50,3,3,4.0,0.05,3.0434892936180384,0.01,4.012714844347393,4.0,0.8714468479156494,0.8595886826515198,0.8852862119674683,0.9273179173469543
sub-cp031_ses-20211216_level-04B_run-009,sub-cp031,2,2000,42,51,50,3,3,4.0,0.05,3.258404358255333,0.01,4.062608863754043,4.0,0.8509172797203064,0.8394215106964111,0.8660703301429749,0.9300254583358765
sub-cp038_ses-20220112_level-01B_run-001,sub-cp038,2,2000,42,51,50,0,0,1.0,0.05,2.264931123578072,0.01,1.5972998486342476,1.5972998486342476,0.855473518371582,0.8499389290809631,0.8507111072540283,0.8188340067863464
sub-cp038_ses-20220112_level-01B_run-007,sub-cp038,2,2000,42,51,50,0,0,1.0,0.05,2.1158133056989477,0.01,0.9359720437010304,1.0,0.8475000858306885,0.8153102993965149,0.8085840344429016,0.8027993440628052
sub-cp038_ses-20220112_level-01B_run-012,sub-cp038,2,2000,42,51,50,0,0,1.0,0.05,2.1894174141391236,0.01,1.1948085729988756,1.1948085729988756,0.861857533454895,0.8368973135948181,0.8326911926269531,0.8241701722145081
sub-cp038_ses-20220112_level-02B_run-003,sub-cp038,2,2000,42,51,50,1,0,2.0,0.05,2.1599643912703996,0.01,0.9828680091128263,1.0,0.8988108038902283,0.8843308687210083,0.8763232827186584,0.853532075881958
sub-cp038_ses-20220112_level-02B_run-008,sub-cp038,2,2000,42,51,50,1,0,2.0,0.05,2.100290133147279,0.01,1.4938891155513907,1.4938891155513907,0.871526300907135,0.8431289196014404,0.8378512859344482,0.8214889764785767
sub-cp038_ses-20220112_level-02B_run-010,sub-cp038,2,2000,42,51,50,1,0,2.0,0.05,2.22471288491064,0.01,1.005273927450919,1.005273927450919,0.8454604148864746,0.8108667135238647,0.8077643513679504,0.8153642416000366
sub-cp038_ses-20220112_level-03B_run-002,sub-cp038,2,2000,42,51,50,2,2,3.0,0.05,2.405472651689876,0.01,1.934966342146406,1.934966342146406,0.8752613663673401,0.8829373121261597,0.8895459175109863,0.8561081290245056
sub-cp038_ses-20220112_level-03B_run-005,sub-cp038,2,2000,42,51,50,2,2,3.0,0.05,2.363807717504646,0.01,1.7134724146873603,1.7134724146873603,0.8325863480567932,0.8317437767982483,0.8361178040504456,0.8098703622817993
sub-cp038_ses-20220112_level-03B_run-011,sub-cp038,2,2000,42,51,50,2,3,3.0,0.05,2.5840202841834596,0.01,3.202938963557427,3.202938963557427,0.8454868793487549,0.8287988901138306,0.8484804630279541,0.8503513932228088
sub-cp038_ses-20220112_level-04B_run-004,sub-cp038,2,2000,42,51,50,3,3,4.0,0.05,3.0068521824848786,0.01,2.9589492300855156,2.9589492300855156,0.8225467801094055,0.8123917579650879,0.8346127867698669,0.8750343322753906
sub-cp038_ses-20220112_level-04B_run-006,sub-cp038,2,2000,42,51,50,3,3,4.0,0.05,3.0838338859494425,0.01,4.19254474948344,4.0,0.8238182663917542,0.8099464178085327,0.8363865613937378,0.8833408355712891
sub-cp038_ses-20220112_level-04B_run-009,sub-cp038,2,2000,42,51,50,3,3,4.0,0.05,3.061218556936204,0.01,3.066522960476676,3.066522960476676,0.8384405970573425,0.8231458067893982,0.8476876616477966,0.8951171040534973
sub-cp009_ses-20210129_level-01B_run-001,sub-cp009,2,5000,42,51,50,0,3,1.0,0.05,2.5708099012194063,0.01,1.4695511447285532,1.4695511447285532,0.8148853182792664,0.8021515011787415,0.815316379070282,0.8199130892753601
sub-cp009_ses-20210129_level-01B_run-007,sub-cp009,2,5000,42,51,50,0,0,1.0,0.05,2.393129900647286,0.01,1.4188241640830812,1.4188241640830812,0.8574438691139221,0.8516789078712463,0.85495525598526,0.8414102792739868
sub-cp009_ses-20210129_level-01B_run-012,sub-cp009,2,5000,42,51,50,0,2,1.0,0.05,2.4074615356603952,0.01,1.7788942887881356,1.7788942887881356,0.8664633631706238,0.863197386264801,0.8697484135627747,0.8504617214202881
sub-cp009_ses-20210129_level-02B_run-003,sub-cp009,2,5000,42,51,50,1,1,2.0,0.05,2.294905753743226,0.01,1.835363042527097,1.835363042527097,0.8524613380432129,0.8615338802337646,0.85406094789505,0.8216366767883301
sub-cp009_ses-20210129_level-02B_run-008,sub-cp009,2,5000,42,51,50,1,2,2.0,0.05,2.4894303064414878,0.01,1.6682235984960558,1.6682235984960558,0.8395641446113586,0.8404973149299622,0.8467559814453125,0.8357108235359192
sub-cp009_ses-20210129_level-02B_run-010,sub-cp009,2,5000,42,51,50,1,1,2.0,0.05,2.2117556462452024,0.01,1.376045484132285,1.376045484132285,0.8510590195655823,0.8626604080200195,0.8560273051261902,0.7971363663673401
sub-cp009_ses-20210129_level-03B_run-002,sub-cp009,2,5000,42,51,50,2,3,3.0,0.05,2.7462759603851365,0.01,2.6758253445007485,2.6758253445007485,0.8169569373130798,0.8101849555969238,0.8257783055305481,0.8426368832588196
sub-cp009_ses-20210129_level-03B_run-005,sub-cp009,2,5000,42,51,50,2,2,3.0,0.05,2.6756447640891174,0.01,2.2221685561742297,2.2221685561742297,0.8531518578529358,0.8550586700439453,0.8741443157196045,0.8707746863365173
sub-cp009_ses-20210129_level-03B_run-011,sub-cp009,2,5000,42,51,50,2,2,3.0,0.05,2.5074292499585593,0.01,2.267872987307061,2.267872987307061,0.8757697343826294,0.8855289816856384,0.9016135334968567,0.8687973022460938
sub-cp009_ses-20210129_level-04B_run-004,sub-cp009,2,5000,42,51,50,3,3,4.0,0.05,3.221380261619552,0.01,3.493089606484066,3.493089606484066,0.7826530337333679,0.7733447551727295,0.7975118160247803,0.8582760095596313
sub-cp009_ses-20210129_level-04B_run-006,sub-cp009,2,5000,42,51,50,3,3,4.0,0.05,3.148213108616806,0.01,3.824444964582542,3.824444964582542,0.8025406002998352,0.7969607710838318,0.8241244554519653,0.8718003630638123
sub-cp009_ses-20210129_level-04B_run-009,sub-cp009,2,5000,42,51,50,3,3,4.0,0.05,3.2432942864242733,0.01,3.656906384143756,3.656906384143756,0.7961451411247253,0.7825047969818115,0.8087548017501831,0.8727626204490662
sub-cp013_ses-20210319_level-01B_run-001,sub-cp013,2,5000,42,51,50,0,3,1.0,0.05,2.8106376632407333,0.01,2.691791319925744,2.691791319925744,0.8605672121047974,0.8480254411697388,0.8717308640480042,0.8914259672164917
sub-cp013_ses-20210319_level-01B_run-007,sub-cp013,2,5000,42,51,50,0,3,1.0,0.05,2.584283136820929,0.01,2.23245658522301,2.23245658522301,0.8269219994544983,0.8022251725196838,0.8195614814758301,0.8324751257896423
sub-cp013_ses-20210319_level-01B_run-012,sub-cp013,2,5000,42,51,50,0,0,1.0,0.05,2.315384375826211,0.01,1.9290620776620617,1.9290620776620617,0.8839924931526184,0.8618918061256409,0.862287163734436,0.8615117073059082
sub-cp013_ses-20210319_level-02B_run-003,sub-cp013,2,5000,42,51,50,1,3,2.0,0.05,2.7659457695264837,0.01,2.9517112488834156,2.9517112488834156,0.8425388336181641,0.8478780388832092,0.8653740286827087,0.8725405335426331
sub-cp013_ses-20210319_level-02B_run-008,sub-cp013,2,5000,42,51,50,1,3,2.0,0.05,3.057903286920813,0.01,3.210043393337859,3.210043393337859,0.7881242632865906,0.7907277345657349,0.8145837783813477,0.8503559827804565
sub-cp013_ses-20210319_level-02B_run-010,sub-cp013,2,5000,42,51,50,1,3,2.0,0.05,2.6031672124054985,0.01,2.711553001640022,2.711553001640022,0.8448653817176819,0.8305370807647705,0.8470468521118164,0.8529360890388489
sub-cp013_ses-20210319_level-03B_run-002,sub-cp013,2,5000,42,51,50,2,3,3.0,0.05,2.8327812132987793,0.01,2.762791285274243,2.762791285274243,0.8131005167961121,0.8101533651351929,0.833665132522583,0.8484209179878235
sub-cp013_ses-20210319_level-03B_run-005,sub-cp013,2,5000,42,51,50,2,3,3.0,0.05,2.960461579847462,0.01,3.5620402859643754,3.5620402859643754,0.7487103343009949,0.7542981505393982,0.7796640992164612,0.8010488152503967
sub-cp013_ses-20210319_level-03B_run-011,sub-cp013,2,5000,42,51,50,2,3,3.0,0.05,3.0241215987603445,0.01,3.5409592151227987,3.5409592151227987,0.8198890686035156,0.8185553550720215,0.8430118560791016,0.8770239949226379
sub-cp013_ses-20210319_level-04B_run-004,sub-cp013,2,5000,42,51,50,3,3,4.0,0.05,3.102213160863046,0.01,3.7038405873590987,3.7038405873590987,0.6796669363975525,0.6730896234512329,0.6969871520996094,0.7434197664260864
sub-cp013_ses-20210319_level-04B_run-006,sub-cp013,2,5000,42,51,50,3,3,4.0,0.05,3.1597795206581196,0.01,3.3021112912563972,3.3021112912563972,0.822948694229126,0.8084161281585693,0.8293499946594238,0.8899455666542053
sub-cp013_ses-20210319_level-04B_run-009,sub-cp013,2,5000,42,51,50,3,3,4.0,0.05,3.0850752605919123,0.01,3.3242394071691717,3.3242394071691717,0.789260983467102,0.7760822176933289,0.7964074015617371,0.8489179015159607
sub-cp015_ses-20210504_level-01B_run-001,sub-cp015,2,5000,42,51,50,0,0,1.0,0.05,1.853254513352038,0.01,0.8406928913611238,1.0,0.9051548838615417,0.888108491897583,0.8645874857902527,0.7954868078231812
sub-cp015_ses-20210504_level-01B_run-007,sub-cp015,2,5000,42,51,50,0,0,1.0,0.05,2.0131954316953267,0.01,0.9932180504222456,1.0,0.9196987152099609,0.9113455414772034,0.8919543623924255,0.8463061451911926
sub-cp015_ses-20210504_level-01B_run-012,sub-cp015,2,5000,42,51,50,0,0,1.0,0.05,2.0536163066183173,0.01,1.1628004730844697,1.1628004730844697,0.9171915054321289,0.8963314890861511,0.8845469951629639,0.8580434322357178
sub-cp015_ses-20210504_level-02B_run-003,sub-cp015,2,5000,42,51,50,1,1,2.0,0.05,2.015698870159875,0.01,2.1170368923473024,2.1170368923473024,0.9152792692184448,0.9321609735488892,0.9054438471794128,0.8073509931564331
sub-cp015_ses-20210504_level-02B_run-008,sub-cp015,2,5000,42,51,50,1,1,2.0,0.05,2.077445328026478,0.01,1.455157147263376,1.455157147263376,0.9147480726242065,0.9212110042572021,0.9048781991004944,0.8372758030891418
sub-cp015_ses-20210504_level-02B_run-010,sub-cp015,2,5000,42,51,50,1,0,2.0,0.05,2.113584314552181,0.01,1.5547241058797856,1.5547241058797856,0.9167028069496155,0.9097557067871094,0.9006007313728333,0.8568696975708008
sub-cp015_ses-20210504_level-03B_run-002,sub-cp015,2,5000,42,51,50,2,2,3.0,0.05,2.2901354822574085,0.01,2.925340955619303,2.925340955619303,0.8813365697860718,0.9039122462272644,0.9066182374954224,0.8263104557991028
sub-cp015_ses-20210504_level-03B_run-005,sub-cp015,2,5000,42,51,50,2,2,3.0,0.05,2.320962088375876,0.01,2.6864036890778014,2.6864036890778014,0.8960397243499756,0.8955734372138977,0.904474139213562,0.8611204624176025
sub-cp015_ses-20210504_level-03B_run-011,sub-cp015,2,5000,42,51,50,2,0,3.0,0.05,2.1975979983690954,0.01,2.272357873015409,2.272357873015409,0.918062686920166,0.9079658389091492,0.9114828705787659,0.86749666929245
sub-cp015_ses-20210504_level-04B_run-004,sub-cp015,2,5000,42,51,50,3,3,4.0,0.05,3.1357235322514017,0.01,4.257647731309468,4.0,0.8570507764816284,0.8510366678237915,0.8734979033470154,0.9245123863220215
sub-cp015_ses-20210504_level-04B_run-006,sub-cp015,2,5000,42,51,50,3,3,4.0,0.05,3.037169243969661,0.01,3.2058856886141953,3.2058856886141953,0.8327862620353699,0.8177762031555176,0.8440515995025635,0.8870799541473389
sub-cp015_ses-20210504_level-04B_run-009,sub-cp015,2,5000,42,51,50,3,3,4.0,0.05,3.104115514041144,0.01,3.9675592023570365,3.9675592023570365,0.8765027523040771,0.8673036098480225,0.8905644416809082,0.9395382404327393
sub-cp020_ses-20210604_level-01B_run-001,sub-cp020,2,5000,42,51,50,0,0,1.0,0.05,2.291486085675201,0.01,1.260336871016661,1.260336871016661,0.8681100606918335,0.8434032797813416,0.8363748788833618,0.8458091616630554
sub-cp020_ses-20210604_level-01B_run-007,sub-cp020,2,5000,42,51,50,0,0,1.0,0.05,2.099231024426842,0.01,1.5942265234270065,1.5942265234270065,0.9170109033584595,0.9138829708099365,0.9016674160957336,0.8531264066696167
sub-cp020_ses-20210604_level-01B_run-012,sub-cp020,2,5000,42,51,50,0,1,1.0,0.05,2.0668056062708415,0.01,1.2688146399693538,1.2688146399693538,0.8990993499755859,0.908218502998352,0.8903489708900452,0.815556526184082
sub-cp020_ses-20210604_level-02B_run-003,sub-cp020,2,5000,42,51,50,1,1,2.0,0.05,2.137782859313886,0.01,2.0579728206717594,2.0579728206717594,0.9080020189285278,0.9219269752502441,0.9089885950088501,0.835911750793457
sub-cp020_ses-20210604_level-02B_run-008,sub-cp020,2,5000,42,51,50,1,1,2.0,0.05,2.171356854420888,0.01,1.9673416028579824,1.9673416028579824,0.9040393829345703,0.911103367805481,0.9012418389320374,0.8470674753189087
sub-cp020_ses-20210604_level-02B_run-010,sub-cp020,2,5000,42,51,50,1,1,2.0,0.05,2.0916040114390957,0.01,2.126833222937338,2.126833222937338,0.8992056250572205,0.9180945158004761,0.9003691077232361,0.8059340715408325
sub-cp020_ses-20210604_level-03B_run-002,sub-cp020,2,5000,42,51,50,2,3,3.0,0.05,2.8648207941142987,0.01,3.073777473499607,3.073777473499607,0.8099134564399719,0.815744161605835,0.8404960632324219,0.8511067628860474
sub-cp020_ses-20210604_level-03B_run-005,sub-cp020,2,5000,42,51,50,2,2,3.0,0.05,2.3238602563864066,0.01,2.8040364336160115,2.8040364336160115,0.8920027613639832,0.9100399613380432,0.9175272583961487,0.8455447554588318
sub-cp020_ses-20210604_level-03B_run-011,sub-cp020,2,5000,42,51,50,2,2,3.0,0.05,2.6253201055342372,0.01,3.1036654110024866,3.1036654110024866,0.86134272813797,0.8668193221092224,0.8850371837615967,0.8725828528404236
sub-cp020_ses-20210604_level-04B_run-004,sub-cp020,2,5000,42,51,50,3,3,4.0,0.05,3.3171300890268767,0.01,3.8373378455813842,3.8373378455813842,0.7777342796325684,0.7750398516654968,0.8026619553565979,0.8672006130218506
sub-cp020_ses-20210604_level-04B_run-006,sub-cp020,2,5000,42,51,50,3,3,4.0,0.05,3.221790737493784,0.01,4.096034659000005,4.0,0.7915557026863098,0.7831575870513916,0.8076558709144592,0.8675918579101562
sub-cp020_ses-20210604_level-04B_run-009,sub-cp020,2,5000,42,51,50,3,3,4.0,0.05,3.1719145989822906,0.01,3.968092131542721,3.968092131542721,0.819092333316803,0.8103533983230591,0.8355775475502014,0.8896389007568359
sub-cp026_ses-20210716_level-01B_run-001,sub-cp026,2,5000,42,51,50,0,0,1.0,0.05,1.9115962982177908,0.01,1.021672721340746,1.021672721340746,0.920261800289154,0.9202529191970825,0.8916580677032471,0.8051621317863464
sub-cp026_ses-20210716_level-01B_run-007,sub-cp026,2,5000,42,51,50,0,0,1.0,0.05,1.923576791881971,0.01,1.006884471394946,1.006884471394946,0.9357829689979553,0.9204424023628235,0.9008862972259521,0.8440749645233154
sub-cp026_ses-20210716_level-01B_run-012,sub-cp026,2,5000,42,51,50,0,0,1.0,0.05,1.891392901394245,0.01,0.8380648304037581,1.0,0.9333820343017578,0.9147463440895081,0.8937859535217285,0.8382274508476257
sub-cp026_ses-20210716_level-02B_run-003,sub-cp026,2,5000,42,51,50,1,0,2.0,0.05,2.1410268484941875,0.01,1.9466839118840173,1.9466839118840173,0.9237463474273682,0.919937014579773,0.9094141721725464,0.8693894743919373
sub-cp026_ses-20210716_level-02B_run-008,sub-cp026,2,5000,42,51,50,1,1,2.0,0.05,1.981763133118089,0.01,1.460284673298677,1.460284673298677,0.9127189517021179,0.922211229801178,0.8958815932273865,0.8046863079071045
sub-cp026_ses-20210716_level-02B_run-010,sub-cp026,2,5000,42,51,50,1,0,2.0,0.05,2.131988343864058,0.01,1.8320964424963075,1.8320964424963075,0.9191356301307678,0.9189789295196533,0.9061549305915833,0.8618500828742981
sub-cp026_ses-20210716_level-03B_run-002,sub-cp026,2,5000,42,51,50,2,2,3.0,0.05,2.326717056594663,0.01,3.1085518750017145,3.1085518750017145,0.903476357460022,0.9221691489219666,0.9307150840759277,0.8554738759994507
sub-cp026_ses-20210716_level-03B_run-005,sub-cp026,2,5000,42,51,50,2,2,3.0,0.05,2.3268402324282653,0.01,2.977327309843187,2.977327309843187,0.9078320264816284,0.9218111634254456,0.9287272095680237,0.8668199181556702
sub-cp026_ses-20210716_level-03B_run-011,sub-cp026,2,5000,42,51,50,2,2,3.0,0.05,2.301626358744845,0.01,2.8681041433936274,2.8681041433936274,0.9057816863059998,0.9139567017555237,0.9198653101921082,0.8636476993560791
sub-cp026_ses-20210716_level-04B_run-004,sub-cp026,2,5000,42,51,50,3,3,4.0,0.05,3.19770289551012,0.01,4.2942869067543725,4.0,0.8382574319839478,0.8273152709007263,0.8528111577033997,0.9108189344406128
sub-cp026_ses-20210716_level-04B_run-006,sub-cp026,2,5000,42,51,50,3,3,4.0,0.05,2.9719440435288345,0.01,3.64063035775907,3.64063035775907,0.8669520616531372,0.8542584776878357,0.8741443157196045,0.9151120185852051
sub-cp026_ses-20210716_level-04B_run-009,sub-cp026,2,5000,42,51,50,3,3,4.0,0.05,3.120539065777782,0.01,3.9219680903367133,3.9219680903367133,0.8606203198432922,0.8471094369888306,0.8697537779808044,0.923941433429718
sub-cp031_ses-20211216_level-01B_run-001,sub-cp031,2,5000,42,51,50,0,0,1.0,0.05,2.172505615032189,0.01,1.4011536260809003,1.4011536260809003,0.8980157375335693,0.8856552839279175,0.8751517534255981,0.8556642532348633
sub-cp031_ses-20211216_level-01B_run-007,sub-cp031,2,5000,42,51,50,0,0,1.0,0.05,1.965074910308068,0.01,1.0600737940478289,1.0600737940478289,0.9290263056755066,0.9142199158668518,0.8985751867294312,0.8446248173713684
sub-cp031_ses-20211216_level-02B_run-003,sub-cp031,2,5000,42,51,50,1,1,2.0,0.05,2.0781620363731665,0.01,2.0722874272625624,2.0722874272625624,0.9195606112480164,0.9356775879859924,0.9183838367462158,0.8242484927177429
sub-cp031_ses-20211216_level-02B_run-008,sub-cp031,2,5000,42,51,50,1,1,2.0,0.05,2.071726348903263,0.01,1.916023714199651,1.916023714199651,0.9280170798301697,0.9340456128120422,0.9203609228134155,0.843567430973053
sub-cp031_ses-20211216_level-02B_run-010,sub-cp031,2,5000,42,51,50,1,1,2.0,0.05,2.1622355307601597,0.01,1.5979767416621349,1.5979767416621349,0.9185301065444946,0.9231483340263367,0.9127218723297119,0.8620827198028564
sub-cp031_ses-20211216_level-02B_run-012,sub-cp031,2,5000,42,51,50,1,0,2.0,0.05,1.9357856920925367,0.01,1.058398947208801,1.058398947208801,0.9299080967903137,0.9221059679985046,0.9014680981636047,0.8297153115272522
sub-cp031_ses-20211216_level-03B_run-002,sub-cp031,2,5000,42,51,50,2,2,3.0,0.05,2.3058102973790318,0.01,3.4461807417664767,3.4461807417664767,0.9039224982261658,0.9294866323471069,0.935585081577301,0.843704879283905
sub-cp031_ses-20211216_level-03B_run-005,sub-cp031,2,5000,42,51,50,2,2,3.0,0.05,2.385470897338238,0.01,2.8643335918623105,2.8643335918623105,0.8989294171333313,0.9076394438743591,0.9216484427452087,0.8683743476867676
sub-cp031_ses-20211216_level-03B_run-011,sub-cp031,2,5000,42,51,50,2,2,3.0,0.05,2.2843762765972038,0.01,2.9306345914187077,2.9306345914187077,0.9000555276870728,0.9267807602882385,0.9304995536804199,0.8335959911346436
sub-cp031_ses-20211216_level-04B_run-004,sub-cp031,2,5000,42,51,50,3,3,4.0,0.05,3.2059474924831703,0.01,4.062820787233554,4.0,0.858442485332489,0.8547427654266357,0.8793860673904419,0.9345578551292419
sub-cp031_ses-20211216_level-04B_run-006,sub-cp031,2,5000,42,51,50,3,3,4.0,0.05,3.0497080187406778,0.01,4.037559172364741,4.0,0.8681950569152832,0.8616812825202942,0.8864755630493164,0.9263840317726135
sub-cp031_ses-20211216_level-04B_run-009,sub-cp031,2,5000,42,51,50,3,3,4.0,0.05,3.2196052146001826,0.01,4.211391574157753,4.0,0.8501029014587402,0.8433506488800049,0.8667154312133789,0.926426351070404
sub-cp038_ses-20220112_level-01B_run-001,sub-cp038,2,5000,42,51,50,0,0,1.0,0.05,2.260681091750912,0.01,1.8833566660872378,1.8833566660872378,0.842921257019043,0.8375387191772461,0.8410563468933105,0.8029838800430298
sub-cp038_ses-20220112_level-01B_run-007,sub-cp038,2,5000,42,51,50,0,0,1.0,0.05,2.1336717135137846,0.01,1.078296207211871,1.078296207211871,0.8310652375221252,0.7999509572982788,0.7918444871902466,0.7893326878547668
sub-cp038_ses-20220112_level-01B_run-012,sub-cp038,2,5000,42,51,50,0,0,1.0,0.05,2.120286746347225,0.01,1.270908895030623,1.270908895030623,0.8563708662986755,0.8324954509735107,0.8239035606384277,0.8094446659088135
sub-cp038_ses-20220112_level-02B_run-003,sub-cp038,2,5000,42,51,50,1,0,2.0,0.05,2.143707611497161,0.01,0.970794981811157,1.0,0.899035632610321,0.8870872259140015,0.8773766756057739,0.8503877520561218
sub-cp038_ses-20220112_level-02B_run-008,sub-cp038,2,5000,42,51,50,1,0,2.0,0.05,2.0922623098543602,0.01,1.2721438263003162,1.2721438263003162,0.8640943169593811,0.835496187210083,0.8294469714164734,0.8132725358009338
sub-cp038_ses-20220112_level-02B_run-010,sub-cp038,2,5000,42,51,50,1,0,2.0,0.05,2.2401487655123993,0.01,1.0418167488549528,1.0418167488549528,0.8351871967315674,0.8025410771369934,0.797985851764679,0.8071289658546448
sub-cp038_ses-20220112_level-03B_run-002,sub-cp038,2,5000,42,51,50,2,2,3.0,0.05,2.4805456290018153,0.01,2.255633875316633,2.255633875316633,0.8707978129386902,0.8752423524856567,0.8856244087219238,0.8632670044898987
sub-cp038_ses-20220112_level-03B_run-005,sub-cp038,2,5000,42,51,50,2,2,3.0,0.05,2.408646262522942,0.01,2.266481289649918,2.266481289649918,0.826709508895874,0.8287577629089355,0.8346617221832275,0.8100791573524475
sub-cp038_ses-20220112_level-03B_run-011,sub-cp038,2,5000,42,51,50,2,3,3.0,0.05,2.561528200849608,0.01,2.876714393323706,2.876714393323706,0.8470857739448547,0.8272942304611206,0.8459855914115906,0.8495312333106995
sub-cp038_ses-20220112_level-04B_run-004,sub-cp038,2,5000,42,51,50,3,3,4.0,0.05,3.0533151642406477,0.01,3.663832702981378,3.663832702981378,0.8103702664375305,0.8016987442970276,0.8233217597007751,0.8681734204292297
sub-cp038_ses-20220112_level-04B_run-006,sub-cp038,2,5000,42,51,50,3,3,4.0,0.05,3.1836865758072586,0.01,3.9714362369732474,3.9714362369732474,0.8083092570304871,0.7960342764854431,0.8213123083114624,0.8788744211196899
sub-cp038_ses-20220112_level-04B_run-009,sub-cp038,2,5000,42,51,50,3,3,4.0,0.05,3.022822847575037,0.01,3.4183028868631,3.4183028868631,0.8346135020256042,0.8167023062705994,0.8385351300239563,0.8865724205970764
sub-cp009_ses-20210129_level-01B_run-001,sub-cp009,2,10000,42,51,50,0,3,1.0,0.05,2.558567238170689,0.01,1.4969160561522756,1.4969160561522756,0.8048067092895508,0.792394757270813,0.8042032718658447,0.8087016940116882
sub-cp009_ses-20210129_level-01B_run-007,sub-cp009,2,10000,42,51,50,0,0,1.0,0.05,2.412591525820806,0.01,1.4014230023805894,1.4014230023805894,0.8523477911949158,0.8453260064125061,0.8494768142700195,0.8390413522720337
sub-cp009_ses-20210129_level-01B_run-012,sub-cp009,2,10000,42,51,50,0,2,1.0,0.05,2.4035117665498147,0.01,1.7119004610539204,1.7119004610539204,0.8633413314819336,0.8606812357902527,0.8656228184700012,0.8474487066268921
sub-cp009_ses-20210129_level-02B_run-003,sub-cp009,2,10000,42,51,50,1,1,2.0,0.05,2.307101681884892,0.01,1.6009764059563532,1.6009764059563532,0.847053050994873,0.8568530082702637,0.8482503294944763,0.8192599415779114
sub-cp009_ses-20210129_level-02B_run-008,sub-cp009,2,10000,42,51,50,1,2,2.0,0.05,2.511286911810458,0.01,1.602555990236226,1.602555990236226,0.8376277685165405,0.8380966186523438,0.8439186811447144,0.8371024131774902
sub-cp009_ses-20210129_level-02B_run-010,sub-cp009,2,10000,42,51,50,1,1,2.0,0.05,2.2150933237453874,0.01,1.348877063356759,1.348877063356759,0.8507264256477356,0.861709475517273,0.8539674878120422,0.7998758554458618
sub-cp009_ses-20210129_level-03B_run-002,sub-cp009,2,10000,42,51,50,2,3,3.0,0.05,2.7758038780703735,0.01,2.8067558466695273,2.8067558466695273,0.8101333975791931,0.8039533495903015,0.8210204839706421,0.8390466570854187
sub-cp009_ses-20210129_level-03B_run-005,sub-cp009,2,10000,42,51,50,2,2,3.0,0.05,2.6789375327408163,0.01,2.5368732400619183,2.5368732400619183,0.8516248464584351,0.8531460165977478,0.8719114065170288,0.8697200417518616
sub-cp009_ses-20210129_level-03B_run-011,sub-cp009,2,10000,42,51,50,2,2,3.0,0.05,2.531267651417373,0.01,2.4958128474311345,2.4958128474311345,0.8701032996177673,0.87994384765625,0.895804226398468,0.8675056099891663
sub-cp009_ses-20210129_level-04B_run-004,sub-cp009,2,10000,42,51,50,3,3,4.0,0.05,3.2245211123626234,0.01,3.498426958027917,3.498426958027917,0.7792580127716064,0.7710018157958984,0.7942973375320435,0.8555434942245483
sub-cp009_ses-20210129_level-04B_run-006,sub-cp009,2,10000,42,51,50,3,3,4.0,0.05,3.147298095677172,0.01,3.9736375642946267,3.9736375642946267,0.8011971712112427,0.7967714071273804,0.8241606950759888,0.8708007335662842
sub-cp009_ses-20210129_level-04B_run-009,sub-cp009,2,10000,42,51,50,3,3,4.0,0.05,3.2406698255024553,0.01,3.5660320492519846,3.5660320492519846,0.8000435829162598,0.789584219455719,0.8123463988304138,0.8772267699241638
sub-cp013_ses-20210319_level-01B_run-001,sub-cp013,2,10000,42,51,50,0,3,1.0,0.05,2.8019841687033806,0.01,2.6532588458279123,2.6532588458279123,0.8604281544685364,0.8496130108833313,0.8707496523857117,0.8909211754798889
sub-cp013_ses-20210319_level-01B_run-007,sub-cp013,2,10000,42,51,50,0,0,1.0,0.05,2.518342901244178,0.01,2.0237051754657833,2.0237051754657833,0.8290637135505676,0.8009213209152222,0.815750777721405,0.8277944326400757
sub-cp013_ses-20210319_level-01B_run-012,sub-cp013,2,10000,42,51,50,0,0,1.0,0.05,2.321208881150473,0.01,1.8571389610625388,1.8571389610625388,0.8849349617958069,0.8638978004455566,0.8639596700668335,0.863150954246521
sub-cp013_ses-20210319_level-02B_run-003,sub-cp013,2,10000,42,51,50,1,3,2.0,0.05,2.797023925386199,0.01,2.976902878649155,2.976902878649155,0.8367453217506409,0.8421885371208191,0.8595633506774902,0.8705517649650574
sub-cp013_ses-20210319_level-02B_run-008,sub-cp013,2,10000,42,51,50,1,3,2.0,0.05,3.0575170037169395,0.01,3.1981055097002278,3.1981055097002278,0.7914209961891174,0.7945778369903564,0.816845178604126,0.8537688255310059
sub-cp013_ses-20210319_level-02B_run-010,sub-cp013,2,10000,42,51,50,1,3,2.0,0.05,2.5820934716031525,0.01,2.6423663739140846,2.6423663739140846,0.8415988683700562,0.8277824521064758,0.8431342840194702,0.8474116325378418
sub-cp013_ses-20210319_level-03B_run-002,sub-cp013,2,10000,42,51,50,2,3,3.0,0.05,2.83885067280794,0.01,2.953769337762863,2.953769337762863,0.8153643608093262,0.8143202662467957,0.8370640277862549,0.851909339427948
sub-cp013_ses-20210319_level-03B_run-005,sub-cp013,2,10000,42,51,50,2,3,3.0,0.05,2.9874526661055967,0.01,3.919661658863318,3.919661658863318,0.7504132986068726,0.7567328810691833,0.7821164131164551,0.8061058521270752
sub-cp013_ses-20210319_level-03B_run-011,sub-cp013,2,10000,42,51,50,2,3,3.0,0.05,3.0240241138205026,0.01,3.5166222960352758,3.5166222960352758,0.81969153881073,0.8171941041946411,0.8413633704185486,0.8764215111732483
sub-cp013_ses-20210319_level-04B_run-004,sub-cp013,2,10000,42,51,50,3,3,4.0,0.05,3.107342359271253,0.01,3.7326722171285156,3.7326722171285156,0.6841279864311218,0.6794083118438721,0.7025130987167358,0.7490448951721191
sub-cp013_ses-20210319_level-04B_run-006,sub-cp013,2,10000,42,51,50,3,3,4.0,0.05,3.134771193313407,0.01,3.2969612185263197,3.2969612185263197,0.818219006061554,0.8055036664009094,0.825201153755188,0.8831389546394348
sub-cp013_ses-20210319_level-04B_run-009,sub-cp013,2,10000,42,51,50,3,3,4.0,0.05,3.079658795894008,0.01,3.3302793025005792,3.3302793025005792,0.7887470722198486,0.7771080732345581,0.7962057590484619,0.8482857346534729
sub-cp015_ses-20210504_level-01B_run-001,sub-cp015,2,10000,42,51,50,0,0,1.0,0.05,1.862820686320548,0.01,0.9282645348790473,1.0,0.9052952527999878,0.8886338472366333,0.8658411502838135,0.7975925207138062
sub-cp015_ses-20210504_level-01B_run-007,sub-cp015,2,10000,42,51,50,0,0,1.0,0.05,2.012656168144336,0.01,1.1693931433331133,1.1693931433331133,0.919340193271637,0.9091092944145203,0.89191734790802,0.8453455567359924
sub-cp015_ses-20210504_level-01B_run-012,sub-cp015,2,10000,42,51,50,0,0,1.0,0.05,2.0321940399598373,0.01,1.1825434633483858,1.1825434633483858,0.9180483818054199,0.8971235752105713,0.8850276470184326,0.8546164035797119
sub-cp015_ses-20210504_level-02B_run-003,sub-cp015,2,10000,42,51,50,1,1,2.0,0.05,2.0082349192184004,0.01,2.0048821502761394,2.0048821502761394,0.9109408855438232,0.9257933497428894,0.8981655240058899,0.8074091076850891
sub-cp015_ses-20210504_level-02B_run-008,sub-cp015,2,10000,42,51,50,1,1,2.0,0.05,2.113745658689966,0.01,1.6465250953234407,1.6465250953234407,0.9085699319839478,0.9160380959510803,0.9032168388366699,0.8368639945983887
sub-cp015_ses-20210504_level-02B_run-010,sub-cp015,2,10000,42,51,50,1,0,2.0,0.05,2.1110494754225204,0.01,1.6103750916053448,1.6103750916053448,0.9192604422569275,0.9127635359764099,0.9047694802284241,0.8569526672363281
sub-cp015_ses-20210504_level-03B_run-002,sub-cp015,2,10000,42,51,50,2,2,3.0,0.05,2.303029810950918,0.01,2.9553114505500213,2.9553114505500213,0.8729420304298401,0.8946346640586853,0.8982733488082886,0.8221047520637512
sub-cp015_ses-20210504_level-03B_run-005,sub-cp015,2,10000,42,51,50,2,2,3.0,0.05,2.3190882178508465,0.01,2.8182686467888503,2.8182686467888503,0.8972521424293518,0.8963958621025085,0.9038017988204956,0.8635429739952087
sub-cp015_ses-20210504_level-03B_run-011,sub-cp015,2,10000,42,51,50,2,0,3.0,0.05,2.1665626876438506,0.01,2.295078388402783,2.295078388402783,0.9211795330047607,0.9117510914802551,0.913670003414154,0.8642581701278687
sub-cp015_ses-20210504_level-04B_run-004,sub-cp015,2,10000,42,51,50,3,3,4.0,0.05,3.1236524404524086,0.01,4.225421205079496,4.0,0.8555586934089661,0.8536205887794495,0.8745394945144653,0.9231308698654175
sub-cp015_ses-20210504_level-04B_run-006,sub-cp015,2,10000,42,51,50,3,3,4.0,0.05,3.037845446785979,0.01,3.4070608609260042,3.4070608609260042,0.8298982977867126,0.8175368309020996,0.8435682654380798,0.885030210018158
sub-cp015_ses-20210504_level-04B_run-009,sub-cp015,2,10000,42,51,50,3,3,4.0,0.05,3.114881426548659,0.01,3.9743972710041797,3.9743972710041797,0.8715386390686035,0.8636763691902161,0.886148989200592,0.9361312985420227
sub-cp020_ses-20210604_level-01B_run-001,sub-cp020,2,10000,42,51,50,0,0,1.0,0.05,2.3326085705230244,0.01,1.4720610726842598,1.4720610726842598,0.8669828176498413,0.8433011174201965,0.8366193175315857,0.8495306968688965
sub-cp020_ses-20210604_level-01B_run-007,sub-cp020,2,10000,42,51,50,0,0,1.0,0.05,2.104744678064918,0.01,1.4076029557575351,1.4076029557575351,0.9174370169639587,0.9149149656295776,0.9025564789772034,0.8546164035797119
sub-cp020_ses-20210604_level-01B_run-012,sub-cp020,2,10000,42,51,50,0,1,1.0,0.05,2.076701859720111,0.01,1.3971819626410793,1.3971819626410793,0.8959018588066101,0.9054075479507446,0.8871678709983826,0.8166481852531433
sub-cp020_ses-20210604_level-02B_run-003,sub-cp020,2,10000,42,51,50,1,1,2.0,0.05,2.124898117641491,0.01,2.0824632726200836,2.0824632726200836,0.9092184901237488,0.9207944273948669,0.9068557620048523,0.8375951051712036
sub-cp020_ses-20210604_level-02B_run-008,sub-cp020,2,10000,42,51,50,1,1,2.0,0.05,2.1863236808368236,0.01,2.0057865207597714,2.0057865207597714,0.9004204869270325,0.9061141610145569,0.8967665433883667,0.8482433557510376
sub-cp020_ses-20210604_level-02B_run-010,sub-cp020,2,10000,42,51,50,1,1,2.0,0.05,2.096782263410108,0.01,2.1685185638351974,2.1685185638351974,0.8967418074607849,0.9147883653640747,0.8969390392303467,0.8089560270309448
sub-cp020_ses-20210604_level-03B_run-002,sub-cp020,2,10000,42,51,50,2,3,3.0,0.05,2.8712966002149294,0.01,3.1495681368007897,3.1495681368007897,0.8089372515678406,0.816208004951477,0.8410425782203674,0.851315975189209
sub-cp020_ses-20210604_level-03B_run-005,sub-cp020,2,10000,42,51,50,2,2,3.0,0.05,2.329882192571278,0.01,2.689281090620916,2.689281090620916,0.8890761137008667,0.9058083295822144,0.9136484265327454,0.8452713489532471
sub-cp020_ses-20210604_level-03B_run-011,sub-cp020,2,10000,42,51,50,2,2,3.0,0.05,2.6594296762061074,0.01,3.1081026015439472,3.1081026015439472,0.8560477495193481,0.8645780682563782,0.8836044669151306,0.8721675276756287
sub-cp020_ses-20210604_level-04B_run-004,sub-cp020,2,10000,42,51,50,3,3,4.0,0.05,3.313248834349728,0.01,3.9625166469521638,3.9625166469521638,0.777540922164917,0.776617705821991,0.8037827610969543,0.8672671914100647
sub-cp020_ses-20210604_level-04B_run-006,sub-cp020,2,10000,42,51,50,3,3,4.0,0.05,3.228978880447709,0.01,4.180907729582172,4.0,0.7854883670806885,0.7790696620941162,0.8023326396942139,0.8629602193832397
sub-cp020_ses-20210604_level-04B_run-009,sub-cp020,2,10000,42,51,50,3,3,4.0,0.05,3.165259351364891,0.01,3.8061238681848253,3.8061238681848253,0.8140884637832642,0.807111918926239,0.8313846588134766,0.8844898343086243
sub-cp026_ses-20210716_level-01B_run-001,sub-cp026,2,10000,42,51,50,0,0,1.0,0.05,1.913038342900092,0.01,0.8970455004281237,1.0,0.919350802898407,0.9189541339874268,0.8903917074203491,0.8063283562660217
sub-cp026_ses-20210716_level-01B_run-007,sub-cp026,2,10000,42,51,50,0,0,1.0,0.05,1.9194218730707746,0.01,0.8864723433490784,1.0,0.9323909878730774,0.91643887758255,0.8972355723381042,0.8397035598754883
sub-cp026_ses-20210716_level-01B_run-012,sub-cp026,2,10000,42,51,50,0,0,1.0,0.05,1.8878190856046864,0.01,0.8594627342339973,1.0,0.9325398206710815,0.9134542942047119,0.8933405876159668,0.8355237245559692
sub-cp026_ses-20210716_level-02B_run-003,sub-cp026,2,10000,42,51,50,1,0,2.0,0.05,2.171300172505165,0.01,1.9462766055044052,1.9462766055044052,0.9210094213485718,0.9191439747810364,0.9097615480422974,0.8711450695991516
sub-cp026_ses-20210716_level-02B_run-008,sub-cp026,2,10000,42,51,50,1,1,2.0,0.05,1.9823013667943716,0.01,1.5302370278016135,1.5302370278016135,0.9124187231063843,0.920351505279541,0.8942705392837524,0.8087282180786133
sub-cp026_ses-20210716_level-02B_run-010,sub-cp026,2,10000,42,51,50,1,0,2.0,0.05,2.1368562605539285,0.01,1.7195237175933054,1.7195237175933054,0.9187288284301758,0.9169714450836182,0.9058772921562195,0.8621973395347595
sub-cp026_ses-20210716_level-03B_run-002,sub-cp026,2,10000,42,51,50,2,2,3.0,0.05,2.336570585552038,0.01,3.151799843410574,3.151799843410574,0.9032539129257202,0.921490490436554,0.9300181269645691,0.8591247200965881
sub-cp026_ses-20210716_level-03B_run-005,sub-cp026,2,10000,42,51,50,2,2,3.0,0.05,2.3269835662357945,0.01,2.887754271996595,2.887754271996595,0.9077831506729126,0.9218385219573975,0.9284655451774597,0.8671506643295288
sub-cp026_ses-20210716_level-03B_run-011,sub-cp026,2,10000,42,51,50,2,2,3.0,0.05,2.3028411899423475,0.01,2.809928456862603,2.809928456862603,0.9049816131591797,0.9153473377227783,0.9211364984512329,0.8615775108337402
sub-cp026_ses-20210716_level-04B_run-004,sub-cp026,2,10000,42,51,50,3,3,4.0,0.05,3.196844364127867,0.01,4.141024048565532,4.0,0.837058961391449,0.829986572265625,0.8552694320678711,0.9109303951263428
sub-cp026_ses-20210716_level-04B_run-006,sub-cp026,2,10000,42,51,50,3,3,4.0,0.05,2.9967920021939785,0.01,3.713853452952282,3.713853452952282,0.8661694526672363,0.8546013832092285,0.873978853225708,0.9172028303146362
sub-cp026_ses-20210716_level-04B_run-009,sub-cp026,2,10000,42,51,50,3,3,4.0,0.05,3.0819378225931846,0.01,3.8835049751634387,3.8835049751634387,0.86311274766922,0.851147472858429,0.8721513152122498,0.9228448271751404
sub-cp031_ses-20211216_level-01B_run-001,sub-cp031,2,10000,42,51,50,0,0,1.0,0.05,2.167138686658735,0.01,1.417210747945194,1.417210747945194,0.8964813351631165,0.8839144706726074,0.872542142868042,0.8538376688957214
sub-cp031_ses-20211216_level-01B_run-007,sub-cp031,2,10000,42,51,50,0,0,1.0,0.05,1.9719712535768186,0.01,0.9815270236117217,1.0,0.9297489523887634,0.9138866662979126,0.8991844058036804,0.8477877378463745
sub-cp031_ses-20211216_level-02B_run-003,sub-cp031,2,10000,42,51,50,1,1,2.0,0.05,2.0851330138341586,0.01,2.061010556659161,2.061010556659161,0.9198558330535889,0.936497688293457,0.9192820191383362,0.8270845413208008
sub-cp031_ses-20211216_level-02B_run-008,sub-cp031,2,10000,42,51,50,1,1,2.0,0.05,2.077201593468098,0.01,2.0364118719015574,2.0364118719015574,0.9269633293151855,0.9325587153434753,0.9190232157707214,0.8453985452651978
sub-cp031_ses-20211216_level-02B_run-010,sub-cp031,2,10000,42,51,50,1,1,2.0,0.05,2.170753916985286,0.01,1.609614176613052,1.609614176613052,0.9176443815231323,0.9215695858001709,0.9137670397758484,0.8609047532081604
sub-cp031_ses-20211216_level-02B_run-012,sub-cp031,2,10000,42,51,50,1,0,2.0,0.05,1.9269239047061344,0.01,0.9195834835511838,1.0,0.9314393997192383,0.922877311706543,0.9021306037902832,0.8291929960250854
sub-cp031_ses-20211216_level-03B_run-002,sub-cp031,2,10000,42,51,50,2,2,3.0,0.05,2.312026269025208,0.01,3.4150081579569798,3.4150081579569798,0.9018452167510986,0.9275967478752136,0.9338484406471252,0.8438727855682373
sub-cp031_ses-20211216_level-03B_run-005,sub-cp031,2,10000,42,51,50,2,2,3.0,0.05,2.3869709743642895,0.01,2.8599028732779312,2.8599028732779312,0.9013986587524414,0.9106806516647339,0.9251932501792908,0.8703133463859558
sub-cp031_ses-20211216_level-03B_run-011,sub-cp031,2,10000,42,51,50,2,2,3.0,0.05,2.2894980488080563,0.01,2.862925579957248,2.862925579957248,0.9015474915504456,0.9276388883590698,0.9315977096557617,0.8381566405296326
sub-cp031_ses-20211216_level-04B_run-004,sub-cp031,2,10000,42,51,50,3,3,4.0,0.05,3.1799731918431497,0.01,4.17980723960549,4.0,0.8556490540504456,0.8538684248924255,0.8785072565078735,0.9296575784683228
sub-cp031_ses-20211216_level-04B_run-006,sub-cp031,2,10000,42,51,50,3,3,4.0,0.05,3.0515918499738293,0.01,3.914693144897162,3.914693144897162,0.8646703362464905,0.8611083626747131,0.8853214979171753,0.9240314960479736
sub-cp031_ses-20211216_level-04B_run-009,sub-cp031,2,10000,42,51,50,3,3,4.0,0.05,3.160529869524051,0.01,4.086899631859707,4.0,0.8550589680671692,0.8512318730354309,0.8725205659866333,0.9259174466133118
sub-cp038_ses-20220112_level-01B_run-001,sub-cp038,2,10000,42,51,50,0,0,1.0,0.05,2.2226658663764303,0.01,1.7450685380854667,1.7450685380854667,0.8429384827613831,0.8357553482055664,0.8362014889717102,0.7988693118095398
sub-cp038_ses-20220112_level-01B_run-007,sub-cp038,2,10000,42,51,50,0,0,1.0,0.05,2.132597715533833,0.01,1.1296525161171345,1.1296525161171345,0.8319715261459351,0.799697995185852,0.7933754920959473,0.7896672487258911
sub-cp038_ses-20220112_level-01B_run-012,sub-cp038,2,10000,42,51,50,0,0,1.0,0.05,2.0990604910656097,0.01,1.18371289355425,1.18371289355425,0.8530070185661316,0.8281146287918091,0.8214086294174194,0.801634669303894
sub-cp038_ses-20220112_level-02B_run-003,sub-cp038,2,10000,42,51,50,1,0,2.0,0.05,2.167494229485091,0.01,1.2105050268648525,1.2105050268648525,0.8933289647102356,0.8800123929977417,0.8721108436584473,0.848741352558136
sub-cp038_ses-20220112_level-02B_run-008,sub-cp038,2,10000,42,51,50,1,0,2.0,0.05,2.0835048973539876,0.01,1.4885317598223784,1.4885317598223784,0.8641546964645386,0.8353546261787415,0.8295759558677673,0.8117160797119141
sub-cp038_ses-20220112_level-02B_run-010,sub-cp038,2,10000,42,51,50,1,0,2.0,0.05,2.217553987975619,0.01,1.1037078374411182,1.1037078374411182,0.8374576568603516,0.8044279217720032,0.8009606003761292,0.8061429262161255
sub-cp038_ses-20220112_level-03B_run-002,sub-cp038,2,10000,42,51,50,2,2,3.0,0.05,2.502076382439569,0.01,2.293096194364863,2.293096194364863,0.8707093000411987,0.8779980540275574,0.889043927192688,0.8660434484481812
sub-cp038_ses-20220112_level-03B_run-005,sub-cp038,2,10000,42,51,50,2,2,3.0,0.05,2.4267276608577517,0.01,2.2236918888849666,2.2236918888849666,0.8234180808067322,0.8257734179496765,0.8299263715744019,0.8107466101646423
sub-cp038_ses-20220112_level-03B_run-011,sub-cp038,2,10000,42,51,50,2,0,3.0,0.05,2.5318775036620877,0.01,2.8728709771490757,2.8728709771490757,0.8516141772270203,0.8308408260345459,0.8497463464736938,0.8503677248954773
sub-cp038_ses-20220112_level-04B_run-004,sub-cp038,2,10000,42,51,50,3,3,4.0,0.05,3.0868655584801954,0.01,3.7063269935057748,3.7063269935057748,0.8033926486968994,0.7939503192901611,0.8164084553718567,0.8644965291023254
sub-cp038_ses-20220112_level-04B_run-006,sub-cp038,2,10000,42,51,50,3,3,4.0,0.05,3.1771588444216947,0.01,3.8178018487524827,3.8178018487524827,0.8030737042427063,0.7925740480422974,0.817101240158081,0.8735078573226929
sub-cp038_ses-20220112_level-04B_run-009,sub-cp038,2,10000,42,51,50,3,3,4.0,0.05,3.010653596295314,0.01,3.281505215512971,3.281505215512971,0.8272562623023987,0.8089417219161987,0.8317323923110962,0.8778783679008484
sub-cp009_ses-20210129_level-01B_run-001,sub-cp009,2,1000,43,51,50,0,2,1.0,0.05,2.540604842628998,0.1,1.4857445242724956,1.4857445242724956,0.8100786805152893,0.80238938331604,0.8156315088272095,0.8111430406570435
sub-cp009_ses-20210129_level-01B_run-007,sub-cp009,2,1000,43,51,50,0,0,1.0,0.05,2.3574630165709913,0.1,1.4265286759302738,1.4265286759302738,0.872392475605011,0.8693990111351013,0.8697015047073364,0.8516724109649658
sub-cp009_ses-20210129_level-01B_run-012,sub-cp009,2,1000,43,51,50,0,1,1.0,0.05,2.4256805397495738,0.1,1.6608801158167041,1.6608801158167041,0.8552825450897217,0.8611339330673218,0.8599485754966736,0.8446882367134094
sub-cp009_ses-20210129_level-02B_run-003,sub-cp009,2,1000,43,51,50,1,1,2.0,0.05,2.3829309791331834,0.1,1.793545521761559,1.793545521761559,0.8442984819412231,0.8577337861061096,0.8573227524757385,0.8242648243904114
sub-cp009_ses-20210129_level-02B_run-008,sub-cp009,2,1000,43,51,50,1,3,2.0,0.05,2.7255390086461624,0.1,1.8929957801930835,1.8929957801930835,0.8307267427444458,0.8305846452713013,0.8443277478218079,0.8554290533065796
sub-cp009_ses-20210129_level-02B_run-010,sub-cp009,2,1000,43,51,50,1,1,2.0,0.05,2.222383843313315,0.1,1.6403984715093598,1.6403984715093598,0.8554937839508057,0.8684573769569397,0.8590107560157776,0.8071747422218323
sub-cp009_ses-20210129_level-03B_run-002,sub-cp009,2,1000,43,51,50,2,3,3.0,0.05,2.8068126970256806,0.1,2.8948332650923168,2.8948332650923168,0.8305155038833618,0.8269752264022827,0.8470607399940491,0.863101065158844
sub-cp009_ses-20210129_level-03B_run-005,sub-cp009,2,1000,43,51,50,2,3,3.0,0.05,2.8006189082734156,0.1,2.6548064344160633,2.6548064344160633,0.8527477979660034,0.8442376852035522,0.8671025037765503,0.8833128213882446
sub-cp009_ses-20210129_level-03B_run-011,sub-cp009,2,1000,43,51,50,2,2,3.0,0.05,2.4527760695659384,0.1,2.3429010059843716,2.3429010059843716,0.8972651362419128,0.9027207493782043,0.9172070026397705,0.8820958733558655
sub-cp009_ses-20210129_level-04B_run-004,sub-cp009,2,1000,43,51,50,3,3,4.0,0.05,3.3219917790134934,0.1,3.6826792797539145,3.6826792797539145,0.7815622687339783,0.7748740911483765,0.8039494156837463,0.8700851798057556
sub-cp009_ses-20210129_level-04B_run-006,sub-cp009,2,1000,43,51,50,3,3,4.0,0.05,3.1606292487540233,0.1,3.8138419359313662,3.8138419359313662,0.8099730610847473,0.80202317237854,0.8243663311004639,0.879397451877594
sub-cp009_ses-20210129_level-04B_run-009,sub-cp009,2,1000,43,51,50,3,3,4.0,0.05,3.2089947473484113,0.1,4.001316635908139,4.0,0.799358606338501,0.7940720319747925,0.8214458227157593,0.8754291534423828
sub-cp013_ses-20210319_level-01B_run-001,sub-cp013,2,1000,43,51,50,0,3,1.0,0.05,2.7516128943916733,0.1,2.897408652540481,2.897408652540481,0.868590235710144,0.8576814532279968,0.8743100762367249,0.8940536379814148
sub-cp013_ses-20210319_level-01B_run-007,sub-cp013,2,1000,43,51,50,0,0,1.0,0.05,2.503281238321642,0.1,2.28758741905072,2.28758741905072,0.8412883877754211,0.8243074417114258,0.8325920104980469,0.8395029902458191
sub-cp013_ses-20210319_level-01B_run-012,sub-cp013,2,1000,43,51,50,0,0,1.0,0.05,2.3800683411567296,0.1,2.031704445399514,2.031704445399514,0.8854889273643494,0.8777686357498169,0.8757569193840027,0.870296835899353
sub-cp013_ses-20210319_level-02B_run-003,sub-cp013,2,1000,43,51,50,1,3,2.0,0.05,2.749308893787653,0.1,2.38526298067419,2.38526298067419,0.836588442325592,0.8375942707061768,0.8564117550849915,0.8634713888168335
sub-cp013_ses-20210319_level-02B_run-008,sub-cp013,2,1000,43,51,50,1,3,2.0,0.05,3.085668000733381,0.1,3.410364361324146,3.410364361324146,0.7814038395881653,0.7911949157714844,0.8180965781211853,0.8497146964073181
sub-cp013_ses-20210319_level-02B_run-010,sub-cp013,2,1000,43,51,50,1,3,2.0,0.05,2.578890520813185,0.1,2.137530661990331,2.137530661990331,0.8487871289253235,0.8315262794494629,0.8400675058364868,0.8557993769645691
sub-cp013_ses-20210319_level-03B_run-002,sub-cp013,2,1000,43,51,50,2,3,3.0,0.05,2.6766185541952634,0.1,2.676981288804912,2.676981288804912,0.8300402164459229,0.8273414373397827,0.8415947556495667,0.8483919501304626
sub-cp013_ses-20210319_level-03B_run-005,sub-cp013,2,1000,43,51,50,2,3,3.0,0.05,2.9896483711460977,0.1,3.725403205677938,3.725403205677938,0.767568051815033,0.7727293372154236,0.7982959151268005,0.823100745677948
sub-cp013_ses-20210319_level-03B_run-011,sub-cp013,2,1000,43,51,50,2,3,3.0,0.05,3.1070328336757456,0.1,3.9292428053617163,3.9292428053617163,0.8137753009796143,0.8129560351371765,0.8412196636199951,0.8803498148918152
sub-cp013_ses-20210319_level-04B_run-004,sub-cp013,2,1000,43,51,50,3,3,4.0,0.05,3.2617349210353734,0.1,3.743520543012985,3.743520543012985,0.7061520218849182,0.692642092704773,0.7171909213066101,0.7846878170967102
sub-cp013_ses-20210319_level-04B_run-006,sub-cp013,2,1000,43,51,50,3,3,4.0,0.05,3.2041049948555695,0.1,4.004548805859261,4.0,0.8083888292312622,0.7979952692985535,0.8240180015563965,0.8818842172622681
sub-cp013_ses-20210319_level-04B_run-009,sub-cp013,2,1000,43,51,50,3,3,4.0,0.05,3.052763797864549,0.1,3.704365703332856,3.704365703332856,0.7831993103027344,0.7742986679077148,0.7984834909439087,0.8409315943717957
sub-cp015_ses-20210504_level-01B_run-001,sub-cp015,2,1000,43,51,50,0,0,1.0,0.05,1.917876533931285,0.1,0.7799892880027894,1.0,0.9121570587158203,0.8975943326950073,0.8789454102516174,0.815217137336731
sub-cp015_ses-20210504_level-01B_run-007,sub-cp015,2,1000,43,51,50,0,0,1.0,0.05,2.0861665577741833,0.1,1.4901044680045121,1.4901044680045121,0.9268905520439148,0.9116657972335815,0.9011574983596802,0.869185745716095
sub-cp015_ses-20210504_level-01B_run-012,sub-cp015,2,1000,43,51,50,0,0,1.0,0.05,2.089923276595904,0.1,1.6773409761541007,1.6773409761541007,0.9255703687667847,0.9091026186943054,0.90019291639328,0.868233323097229
sub-cp015_ses-20210504_level-02B_run-003,sub-cp015,2,1000,43,51,50,1,1,2.0,0.05,2.010895554067635,0.1,1.6512447536768102,1.6512447536768102,0.9162232875823975,0.927254319190979,0.9027383327484131,0.8162224292755127
sub-cp015_ses-20210504_level-02B_run-008,sub-cp015,2,1000,43,51,50,1,1,2.0,0.05,2.14342574931974,0.1,2.2490553947546745,2.2490553947546745,0.9246726036071777,0.9381871819496155,0.9247628450393677,0.8563284873962402
sub-cp015_ses-20210504_level-02B_run-010,sub-cp015,2,1000,43,51,50,1,0,2.0,0.05,2.102122139647709,0.1,1.5806032987726855,1.5806032987726855,0.9277355074882507,0.9227555990219116,0.9101066589355469,0.8670164346694946
sub-cp015_ses-20210504_level-03B_run-002,sub-cp015,2,1000,43,51,50,2,2,3.0,0.05,2.284526778504251,0.1,2.807525622373541,2.807525622373541,0.8815810680389404,0.8982743620872498,0.903542160987854,0.8266457915306091
sub-cp015_ses-20210504_level-03B_run-005,sub-cp015,2,1000,43,51,50,2,2,3.0,0.05,2.4548378039640673,0.1,3.0847043120964033,3.0847043120964033,0.9065065979957581,0.9084225296974182,0.9230748414993286,0.8925192356109619
sub-cp015_ses-20210504_level-03B_run-011,sub-cp015,2,1000,43,51,50,2,0,3.0,0.05,2.142358013448291,0.1,2.009777536746512,2.009777536746512,0.9267321228981018,0.9149613380432129,0.9158405065536499,0.8672280311584473
sub-cp015_ses-20210504_level-04B_run-004,sub-cp015,2,1000,43,51,50,3,3,4.0,0.05,3.1717478120885296,0.1,4.100699243991,4.0,0.8468332290649414,0.8460162281990051,0.8675580024719238,0.9200855493545532
sub-cp015_ses-20210504_level-04B_run-006,sub-cp015,2,1000,43,51,50,3,3,4.0,0.05,3.092737551586066,0.1,3.6708350108177754,3.6708350108177754,0.8329446911811829,0.8271321654319763,0.8525266647338867,0.8960112929344177
sub-cp015_ses-20210504_level-04B_run-009,sub-cp015,2,1000,43,51,50,3,3,4.0,0.05,3.0310413704150085,0.1,3.7474765944835107,3.7474765944835107,0.8760362267494202,0.8662603497505188,0.8903059959411621,0.9311967492103577
sub-cp020_ses-20210604_level-01B_run-001,sub-cp020,2,1000,43,51,50,0,0,1.0,0.05,2.278669728836274,0.1,1.4572340820557803,1.4572340820557803,0.8785182237625122,0.8544382452964783,0.8480520844459534,0.8542121052742004
sub-cp020_ses-20210604_level-01B_run-007,sub-cp020,2,1000,43,51,50,0,0,1.0,0.05,2.060659505497152,0.1,1.1951309956656255,1.1951309956656255,0.9249894618988037,0.922127902507782,0.9059268236160278,0.8547940850257874
sub-cp020_ses-20210604_level-01B_run-012,sub-cp020,2,1000,43,51,50,0,1,1.0,0.05,2.1154247215709017,0.1,1.6011321335486537,1.6011321335486537,0.906876266002655,0.9180476665496826,0.9050694108009338,0.8301907777786255
sub-cp020_ses-20210604_level-02B_run-003,sub-cp020,2,1000,43,51,50,1,1,2.0,0.05,2.182522743451551,0.1,2.2549797143255286,2.2549797143255286,0.9027044177055359,0.9142290353775024,0.9050694108009338,0.8434183597564697
sub-cp020_ses-20210604_level-02B_run-008,sub-cp020,2,1000,43,51,50,1,1,2.0,0.05,2.1610930167868863,0.1,1.9323779351541763,1.9323779351541763,0.8968426585197449,0.898640513420105,0.8906275033950806,0.839767575263977
sub-cp020_ses-20210604_level-02B_run-010,sub-cp020,2,1000,43,51,50,1,1,2.0,0.05,2.1191456532524473,0.1,2.2782650481715176,2.2782650481715176,0.8842743039131165,0.8996866941452026,0.8840898275375366,0.8073334693908691
sub-cp020_ses-20210604_level-03B_run-002,sub-cp020,2,1000,43,51,50,2,3,3.0,0.05,2.8439384951675937,0.1,3.216748110849917,3.216748110849917,0.8137753009796143,0.8178732395172119,0.8400943279266357,0.8522543907165527
sub-cp020_ses-20210604_level-03B_run-005,sub-cp020,2,1000,43,51,50,2,2,3.0,0.05,2.3822168906827237,0.1,2.974155656794755,2.974155656794755,0.898796558380127,0.9133397340774536,0.92428058385849,0.8674926161766052
sub-cp020_ses-20210604_level-03B_run-011,sub-cp020,2,1000,43,51,50,2,3,3.0,0.05,2.7774829962535064,0.1,2.8631002800907366,2.8631002800907366,0.8539095520973206,0.853287398815155,0.8753818273544312,0.8833657503128052
sub-cp020_ses-20210604_level-04B_run-004,sub-cp020,2,1000,43,51,50,3,3,4.0,0.05,3.3676913840085616,0.1,3.4887607194871313,3.4887607194871313,0.7751724720001221,0.7707938551902771,0.7999839186668396,0.8701381087303162
sub-cp020_ses-20210604_level-04B_run-006,sub-cp020,2,1000,43,51,50,3,3,4.0,0.05,3.237207140677168,0.1,3.7616875847600513,3.7616875847600513,0.7688882350921631,0.7611687779426575,0.7893735766410828,0.847227931022644
sub-cp020_ses-20210604_level-04B_run-009,sub-cp020,2,1000,43,51,50,3,3,4.0,0.05,3.110154916452916,0.1,3.9079835643629743,3.9079835643629743,0.8220661878585815,0.8120144605636597,0.8402818441390991,0.8856937885284424
sub-cp026_ses-20210716_level-01B_run-001,sub-cp026,2,1000,43,51,50,0,1,1.0,0.05,1.9679009078194765,0.1,1.3609794270865219,1.3609794270865219,0.9184940457344055,0.921343207359314,0.8986120820045471,0.8117779493331909
sub-cp026_ses-20210716_level-01B_run-007,sub-cp026,2,1000,43,51,50,0,0,1.0,0.05,1.9581348396448166,0.1,0.9216691167566962,1.0,0.9347590208053589,0.9218140244483948,0.9047746658325195,0.847122073173523
sub-cp026_ses-20210716_level-01B_run-012,sub-cp026,2,1000,43,51,50,0,0,1.0,0.05,1.9452938132273934,0.1,1.006029142744852,1.006029142744852,0.938561201095581,0.9188846349716187,0.9040512442588806,0.8541062474250793
sub-cp026_ses-20210716_level-02B_run-003,sub-cp026,2,1000,43,51,50,1,0,2.0,0.05,2.1145108004779285,0.1,1.7894050336410832,1.7894050336410832,0.9269961714744568,0.9251618981361389,0.9114999175071716,0.8676513433456421
sub-cp026_ses-20210716_level-02B_run-008,sub-cp026,2,1000,43,51,50,1,1,2.0,0.05,2.012246100754931,0.1,1.888565888977983,1.888565888977983,0.9154312014579773,0.9208724498748779,0.9017201662063599,0.8165398836135864
sub-cp026_ses-20210716_level-02B_run-010,sub-cp026,2,1000,43,51,50,1,0,2.0,0.05,2.1179330359588175,0.1,1.8328658310792323,1.8328658310792323,0.9266265034675598,0.9252141714096069,0.9172338247299194,0.8605084419250488
sub-cp026_ses-20210716_level-03B_run-002,sub-cp026,2,1000,43,51,50,2,2,3.0,0.05,2.3169225623152077,0.1,3.0158104110682036,3.0158104110682036,0.9096750617027283,0.9236971735954285,0.933444082736969,0.8611433506011963
sub-cp026_ses-20210716_level-03B_run-005,sub-cp026,2,1000,43,51,50,2,2,3.0,0.05,2.280990066312808,0.1,2.6529476161648686,2.6529476161648686,0.9166457653045654,0.9220232367515564,0.9286211729049683,0.870296835899353
sub-cp026_ses-20210716_level-03B_run-011,sub-cp026,2,1000,43,51,50,2,0,3.0,0.05,2.151455982574729,0.1,2.122063708726178,2.122063708726178,0.9288444519042969,0.9269927740097046,0.9257006645202637,0.863524317741394
sub-cp026_ses-20210716_level-04B_run-004,sub-cp026,2,1000,43,51,50,3,3,4.0,0.05,3.2612058078760477,0.1,4.260892545707815,4.0,0.8263436555862427,0.8135314583778381,0.8401479125022888,0.9052706360816956
sub-cp026_ses-20210716_level-04B_run-006,sub-cp026,2,1000,43,51,50,3,3,4.0,0.05,3.133927429343964,0.1,3.976860542518256,3.976860542518256,0.8635206818580627,0.8484225273132324,0.8736670017242432,0.927863359451294
sub-cp026_ses-20210716_level-04B_run-009,sub-cp026,2,1000,43,51,50,3,3,4.0,0.05,3.110949390718475,0.1,3.86861230712877,3.86861230712877,0.8576589226722717,0.8401574492454529,0.861850917339325,0.9187098741531372
sub-cp031_ses-20211216_level-01B_run-001,sub-cp031,2,1000,43,51,50,0,0,1.0,0.05,2.1918668532467045,0.1,1.6176705536446958,1.6176705536446958,0.8955752849578857,0.88373202085495,0.8758105039596558,0.8547412157058716
sub-cp031_ses-20211216_level-01B_run-007,sub-cp031,2,1000,43,51,50,0,0,1.0,0.05,1.9693856974830986,0.1,0.9232533422948728,1.0,0.935551106929779,0.917890727519989,0.902604341506958,0.8561168909072876
sub-cp031_ses-20211216_level-02B_run-003,sub-cp031,2,1000,43,51,50,1,1,2.0,0.05,2.0113199321493305,0.1,1.7906887793250672,1.7906887793250672,0.9403038620948792,0.9468184113502502,0.9262900948524475,0.8417781591415405
sub-cp031_ses-20211216_level-02B_run-008,sub-cp031,2,1000,43,51,50,1,1,2.0,0.05,2.0433096099193886,0.1,1.626742606273778,1.626742606273778,0.933914065361023,0.9371932744979858,0.9206098318099976,0.8487623333930969
sub-cp031_ses-20211216_level-02B_run-010,sub-cp031,2,1000,43,51,50,1,0,2.0,0.05,2.145594460232162,0.1,1.5674967281085743,1.5674967281085743,0.9133188724517822,0.9086318016052246,0.9021756649017334,0.8564343452453613
sub-cp031_ses-20211216_level-02B_run-012,sub-cp031,2,1000,43,51,50,1,0,2.0,0.05,1.9502763881943173,0.1,1.0588431985721538,1.0588431985721538,0.9343893527984619,0.9239587783813477,0.9075344204902649,0.837704062461853
sub-cp031_ses-20211216_level-03B_run-002,sub-cp031,2,1000,43,51,50,2,2,3.0,0.05,2.286173328259076,0.1,3.389957973647755,3.389957973647755,0.9151143431663513,0.9386579990386963,0.9425807595252991,0.8543179035186768
sub-cp031_ses-20211216_level-03B_run-005,sub-cp031,2,1000,43,51,50,2,2,3.0,0.05,2.3536822044282415,0.1,2.6703644380378466,2.6703644380378466,0.9084076881408691,0.9147521257400513,0.9265848398208618,0.8738947510719299
sub-cp031_ses-20211216_level-03B_run-011,sub-cp031,2,1000,43,51,50,2,2,3.0,0.05,2.2238638859454216,0.1,2.6322562132700225,2.6322562132700225,0.9236692786216736,0.9426335692405701,0.9435721635818481,0.8485506772994995
sub-cp031_ses-20211216_level-04B_run-004,sub-cp031,2,1000,43,51,50,3,3,4.0,0.05,3.153883235285642,0.1,3.9985963354838856,3.9985963354838856,0.8650521039962769,0.8593030571937561,0.8829912543296814,0.9346359372138977
sub-cp031_ses-20211216_level-04B_run-006,sub-cp031,2,1000,43,51,50,3,3,4.0,0.05,3.0112375951546717,0.1,3.7026650622761776,3.7026650622761776,0.8810002207756042,0.8748392462730408,0.8985316753387451,0.9351649880409241
sub-cp031_ses-20211216_level-04B_run-009,sub-cp031,2,1000,43,51,50,3,3,4.0,0.05,3.181120152863188,0.1,4.32050998517717,4.0,0.8602993488311768,0.8559552431106567,0.8803654909133911,0.9334189891815186
sub-cp038_ses-20220112_level-01B_run-001,sub-cp038,2,1000,43,51,50,0,0,1.0,0.05,2.3715503483727405,0.1,2.2681266999246206,2.2681266999246206,0.834000825881958,0.828963041305542,0.8329939246177673,0.8140001893043518
sub-cp038_ses-20220112_level-01B_run-007,sub-cp038,2,1000,43,51,50,0,0,1.0,0.05,2.0891988369111463,0.1,0.9770911339951645,1.0,0.8318356871604919,0.7999830842018127,0.7956433296203613,0.7812486290931702
sub-cp038_ses-20220112_level-01B_run-012,sub-cp038,2,1000,43,51,50,0,0,1.0,0.05,2.1194558832033215,0.1,1.6280556315845696,1.6280556315845696,0.8683789968490601,0.8480040431022644,0.8423181772232056,0.8172277212142944
sub-cp038_ses-20220112_level-02B_run-003,sub-cp038,2,1000,43,51,50,1,0,2.0,0.05,2.194553311676022,0.1,1.2378627989095579,1.2378627989095579,0.8948887586593628,0.8778209686279297,0.8726488351821899,0.8552173972129822
sub-cp038_ses-20220112_level-02B_run-008,sub-cp038,2,1000,43,51,50,1,0,2.0,0.05,2.042907047167377,0.1,1.0841084894373492,1.0841084894373492,0.8771979808807373,0.8480563759803772,0.8423181772232056,0.817280650138855
sub-cp038_ses-20220112_level-02B_run-010,sub-cp038,2,1000,43,51,50,1,0,2.0,0.05,2.2633397818242647,0.1,0.9814384603706805,1.0,0.8350042104721069,0.7978906631469727,0.8034939169883728,0.8072276711463928
sub-cp038_ses-20220112_level-03B_run-002,sub-cp038,2,1000,43,51,50,2,2,3.0,0.05,2.4117278274557252,0.1,2.598976388870102,2.598976388870102,0.8853304982185364,0.8996866941452026,0.9053373336791992,0.866169810295105
sub-cp038_ses-20220112_level-03B_run-005,sub-cp038,2,1000,43,51,50,2,2,3.0,0.05,2.3166850622492783,0.1,2.107689274658561,2.107689274658561,0.8321525454521179,0.8394774198532104,0.8432559967041016,0.7968043088912964
sub-cp038_ses-20220112_level-03B_run-011,sub-cp038,2,1000,43,51,50,2,2,3.0,0.05,2.5662286391079396,0.1,3.1768656947122333,3.1768656947122333,0.8538567423820496,0.8428252935409546,0.8629494905471802,0.8561168909072876
sub-cp038_ses-20220112_level-04B_run-004,sub-cp038,2,1000,43,51,50,3,3,4.0,0.05,3.169613738192316,0.1,3.7649189113574955,3.7649189113574955,0.7982496619224548,0.7880563139915466,0.8115856647491455,0.8679158687591553
sub-cp038_ses-20220112_level-04B_run-006,sub-cp038,2,1000,43,51,50,3,3,4.0,0.05,3.2281963895688284,0.1,4.03188229779774,4.0,0.807543933391571,0.8012385368347168,0.8283318281173706,0.8853234052658081
sub-cp038_ses-20220112_level-04B_run-009,sub-cp038,2,1000,43,51,50,3,3,4.0,0.05,3.130244014938017,0.1,3.4160360760981057,3.4160360760981057,0.8249178528785706,0.8069926500320435,0.8349499106407166,0.8881276845932007
sub-cp009_ses-20210129_level-01B_run-001,sub-cp009,2,2000,43,51,50,0,3,1.0,0.05,2.6109086011275355,0.01,1.6053174392970493,1.6053174392970493,0.8060459494590759,0.8002234697341919,0.8143433928489685,0.8160074949264526
sub-cp009_ses-20210129_level-01B_run-007,sub-cp009,2,2000,43,51,50,0,2,1.0,0.05,2.404259323321786,0.01,1.3555966338821754,1.3555966338821754,0.8517415523529053,0.8500497937202454,0.8525111675262451,0.8370760083198547
sub-cp009_ses-20210129_level-01B_run-012,sub-cp009,2,2000,43,51,50,0,2,1.0,0.05,2.407769636518667,0.01,1.8731714857638508,1.8731714857638508,0.8561577796936035,0.8586513996124268,0.8598871827125549,0.8419461250305176
sub-cp009_ses-20210129_level-02B_run-003,sub-cp009,2,2000,43,51,50,1,1,2.0,0.05,2.3082510776460445,0.01,1.5451917043703989,1.5451917043703989,0.8516622185707092,0.8615622520446777,0.8533292412757874,0.8237890601158142
sub-cp009_ses-20210129_level-02B_run-008,sub-cp009,2,2000,43,51,50,1,3,2.0,0.05,2.6032020360779353,0.01,1.6334543482053472,1.6334543482053472,0.826328694820404,0.8267887830734253,0.8351975083351135,0.8372612595558167
sub-cp009_ses-20210129_level-02B_run-010,sub-cp009,2,2000,43,51,50,1,1,2.0,0.05,2.18754639987018,0.01,1.3377017751897884,1.3377017751897884,0.8582203984260559,0.8706359267234802,0.8575000166893005,0.8051556348800659
sub-cp009_ses-20210129_level-03B_run-002,sub-cp009,2,2000,43,51,50,2,3,3.0,0.05,2.855938398229446,0.01,2.690097037449953,2.690097037449953,0.8191094398498535,0.8168234825134277,0.8395426869392395,0.8573240041732788
sub-cp009_ses-20210129_level-03B_run-005,sub-cp009,2,2000,43,51,50,2,3,3.0,0.05,2.7743993001015417,0.01,2.5726383168430806,2.5726383168430806,0.8472460508346558,0.8466930389404297,0.8697040677070618,0.8761956691741943
sub-cp009_ses-20210129_level-03B_run-011,sub-cp009,2,2000,43,51,50,2,2,3.0,0.05,2.498000139363742,0.01,2.561000437265115,2.561000437265115,0.8885783553123474,0.899876058101654,0.9159318208694458,0.8795835375785828
sub-cp009_ses-20210129_level-04B_run-004,sub-cp009,2,2000,43,51,50,3,3,4.0,0.05,3.2862664373548136,0.01,3.0472639835615456,3.0472639835615456,0.7797339558601379,0.7725043296813965,0.7983843088150024,0.8635439872741699
sub-cp009_ses-20210129_level-04B_run-006,sub-cp009,2,2000,43,51,50,3,3,4.0,0.05,3.097403865070195,0.01,3.2725068520338434,3.2725068520338434,0.8037717938423157,0.7999874353408813,0.823918879032135,0.8679906129837036
sub-cp009_ses-20210129_level-04B_run-009,sub-cp009,2,2000,43,51,50,3,3,4.0,0.05,3.224510588412978,0.01,3.8255281228097684,3.8255281228097684,0.7976102828979492,0.7926708459854126,0.820499062538147,0.8755868673324585
sub-cp013_ses-20210319_level-01B_run-001,sub-cp013,2,2000,43,51,50,0,3,1.0,0.05,2.864539547629173,0.01,2.7725490117177922,2.7725490117177922,0.857850193977356,0.8469552993774414,0.8683361411094666,0.8951202630996704
sub-cp013_ses-20210319_level-01B_run-007,sub-cp013,2,2000,43,51,50,0,0,1.0,0.05,2.42491632504147,0.01,2.1545345482564118,2.1545345482564118,0.8474311828613281,0.828047513961792,0.8384698033332825,0.835170328617096
sub-cp013_ses-20210319_level-01B_run-012,sub-cp013,2,2000,43,51,50,0,0,1.0,0.05,2.316707598258147,0.01,2.0509359593474974,2.0509359593474974,0.8858810663223267,0.8766937255859375,0.8740492463111877,0.8618500232696533
sub-cp013_ses-20210319_level-02B_run-003,sub-cp013,2,2000,43,51,50,1,3,2.0,0.05,2.854162867804065,0.01,3.052584103962841,3.052584103962841,0.8213571906089783,0.827627956867218,0.8493461608886719,0.8616912364959717
sub-cp013_ses-20210319_level-02B_run-008,sub-cp013,2,2000,43,51,50,1,3,2.0,0.05,3.0716544807877924,0.01,3.5203634768316743,3.5203634768316743,0.7813470959663391,0.7921988368034363,0.8189567923545837,0.848483681678772
sub-cp013_ses-20210319_level-02B_run-010,sub-cp013,2,2000,43,51,50,1,3,2.0,0.05,2.6339248630858245,0.01,2.658269563374826,2.658269563374826,0.8379377126693726,0.8237729668617249,0.8371018767356873,0.8503628969192505
sub-cp013_ses-20210319_level-03B_run-002,sub-cp013,2,2000,43,51,50,2,3,3.0,0.05,2.804519712796864,0.01,2.9925201375209327,2.9925201375209327,0.8131330013275146,0.8121030926704407,0.8323678374290466,0.8459692597389221
sub-cp013_ses-20210319_level-03B_run-005,sub-cp013,2,2000,43,51,50,2,3,3.0,0.05,2.9729982021001353,0.01,3.4644177692165417,3.4644177692165417,0.7662209868431091,0.7733697295188904,0.8008787631988525,0.8205070495605469
sub-cp013_ses-20210319_level-03B_run-011,sub-cp013,2,2000,43,51,50,2,3,3.0,0.05,3.0393312486949116,0.01,4.169098503989743,4.0,0.8070508241653442,0.8083006143569946,0.8360558152198792,0.8668259978294373
sub-cp013_ses-20210319_level-04B_run-004,sub-cp013,2,2000,43,51,50,3,3,4.0,0.05,3.146577418838776,0.01,4.204168103163673,4.0,0.7041828632354736,0.6967421174049377,0.7203187942504883,0.7723618149757385
sub-cp013_ses-20210319_level-04B_run-006,sub-cp013,2,2000,43,51,50,3,3,4.0,0.05,3.1490303004857765,0.01,4.002109132408103,4.0,0.8053584098815918,0.7951622009277344,0.8192116022109985,0.8728606700897217
sub-cp013_ses-20210319_level-04B_run-009,sub-cp013,2,2000,43,51,50,3,3,4.0,0.05,3.0153307530888913,0.01,3.2558406440405347,3.2558406440405347,0.785260796546936,0.7753627896308899,0.794226884841919,0.8386905193328857
sub-cp015_ses-20210504_level-01B_run-001,sub-cp015,2,2000,43,51,50,0,0,1.0,0.05,1.8994404192217598,0.01,0.5050474441335906,1.0,0.9073008298873901,0.893398642539978,0.8715816140174866,0.8073524832725525
sub-cp015_ses-20210504_level-01B_run-007,sub-cp015,2,2000,43,51,50,0,0,1.0,0.05,2.0508576689384697,0.01,1.0783877841166014,1.0783877841166014,0.9233260750770569,0.9088448286056519,0.8972368836402893,0.8578004240989685
sub-cp015_ses-20210504_level-01B_run-012,sub-cp015,2,2000,43,51,50,0,0,1.0,0.05,2.0439019762654334,0.01,1.3443730048366853,1.3443730048366853,0.9233789443969727,0.9070878028869629,0.8970625400543213,0.8562387824058533
sub-cp015_ses-20210504_level-02B_run-003,sub-cp015,2,2000,43,51,50,1,1,2.0,0.05,1.9635923476555457,0.01,1.4555341330601612,1.4555341330601612,0.9221096038818359,0.9310306310653687,0.9012870192527771,0.8144988417625427
sub-cp015_ses-20210504_level-02B_run-008,sub-cp015,2,2000,43,51,50,1,1,2.0,0.05,2.0993038624820533,0.01,2.0012144655726694,2.0012144655726694,0.9164240956306458,0.9251563549041748,0.9096018075942993,0.8423166871070862
sub-cp015_ses-20210504_level-02B_run-010,sub-cp015,2,2000,43,51,50,1,0,2.0,0.05,2.1427592135059426,0.01,1.6262836234461588,1.6262836234461588,0.9221624732017517,0.9166858792304993,0.9093469977378845,0.8662701845169067
sub-cp015_ses-20210504_level-03B_run-002,sub-cp015,2,2000,43,51,50,2,2,3.0,0.05,2.284121735252333,0.01,2.9056795889208837,2.9056795889208837,0.8764933347702026,0.893241286277771,0.8979074358940125,0.8224921226501465
sub-cp015_ses-20210504_level-03B_run-005,sub-cp015,2,2000,43,51,50,2,2,3.0,0.05,2.3304007878700883,0.01,2.5577608714084725,2.5577608714084725,0.9105270504951477,0.9102871417999268,0.9216583371162415,0.8751369118690491
sub-cp015_ses-20210504_level-03B_run-011,sub-cp015,2,2000,43,51,50,2,0,3.0,0.05,2.147454117315047,0.01,1.9128269975147112,1.9128269975147112,0.9300428628921509,0.9189411997795105,0.9180105328559875,0.8732841610908508
sub-cp015_ses-20210504_level-04B_run-004,sub-cp015,2,2000,43,51,50,3,3,4.0,0.05,3.1216943359112124,0.01,4.289782510712353,4.0,0.8510804772377014,0.8522263765335083,0.8729897737503052,0.9196031093597412
sub-cp015_ses-20210504_level-04B_run-006,sub-cp015,2,2000,43,51,50,3,3,4.0,0.05,3.141653563518282,0.01,3.766250265630166,3.766250265630166,0.8243718147277832,0.8167972564697266,0.8446120619773865,0.8922352194786072
sub-cp015_ses-20210504_level-04B_run-009,sub-cp015,2,2000,43,51,50,3,3,4.0,0.05,3.066156955743613,0.01,3.791357946413585,3.791357946413585,0.8748009204864502,0.8678299188613892,0.8920870423316956,0.9345840215682983
sub-cp020_ses-20210604_level-01B_run-001,sub-cp020,2,2000,43,51,50,0,0,1.0,0.05,2.248710280370328,0.01,1.6620076475613157,1.6620076475613157,0.8689038753509521,0.8469028472900391,0.8400657176971436,0.8402256965637207
sub-cp020_ses-20210604_level-01B_run-007,sub-cp020,2,2000,43,51,50,0,0,1.0,0.05,2.0717944162772093,0.01,1.6234601056012048,1.6234601056012048,0.9217129349708557,0.9200426340103149,0.9045592546463013,0.852453887462616
sub-cp020_ses-20210604_level-01B_run-012,sub-cp020,2,2000,43,51,50,0,1,1.0,0.05,2.075988635744311,0.01,1.035922558696638,1.035922558696638,0.9053968787193298,0.913722574710846,0.8959628343582153,0.8269387483596802
sub-cp020_ses-20210604_level-02B_run-003,sub-cp020,2,2000,43,51,50,1,1,2.0,0.05,2.178690562088586,0.01,2.692137886810473,2.692137886810473,0.8998700380325317,0.9110214114189148,0.9023196697235107,0.8390346169471741
sub-cp020_ses-20210604_level-02B_run-008,sub-cp020,2,2000,43,51,50,1,1,2.0,0.05,2.132661831026262,0.01,2.074379514854343,2.074379514854343,0.9045770764350891,0.9096053242683411,0.8960567116737366,0.8432695269584656
sub-cp020_ses-20210604_level-02B_run-010,sub-cp020,2,2000,43,51,50,1,1,2.0,0.05,2.0923201487405523,0.01,2.5286778211184417,2.5286778211184417,0.8914343118667603,0.9083203077316284,0.8891500234603882,0.8072995543479919
sub-cp020_ses-20210604_level-03B_run-002,sub-cp020,2,2000,43,51,50,2,3,3.0,0.05,2.8874055382627897,0.01,3.2529015546089357,3.2529015546089357,0.8085052967071533,0.8118933439254761,0.8349963426589966,0.8518186807632446
sub-cp020_ses-20210604_level-03B_run-005,sub-cp020,2,2000,43,51,50,2,2,3.0,0.05,2.3728549555523517,0.01,2.9553573852953186,2.9553573852953186,0.8974900245666504,0.9123064279556274,0.9226239323616028,0.8642850518226624
sub-cp020_ses-20210604_level-03B_run-011,sub-cp020,2,2000,43,51,50,2,2,3.0,0.05,2.717815515311832,0.01,2.9224963188518154,2.9224963188518154,0.849916934967041,0.8572877049446106,0.8791990876197815,0.87320476770401
sub-cp020_ses-20210604_level-04B_run-004,sub-cp020,2,2000,43,51,50,3,3,4.0,0.05,3.3544645425789534,0.01,3.7947297088163188,3.7947297088163188,0.7717742919921875,0.7669709920883179,0.7958764433860779,0.8649203181266785
sub-cp020_ses-20210604_level-04B_run-006,sub-cp020,2,2000,43,51,50,3,3,4.0,0.05,3.186559363951167,0.01,4.083274610959787,4.0,0.7710338234901428,0.7651352882385254,0.7893720865249634,0.8441429734230042
sub-cp020_ses-20210604_level-04B_run-009,sub-cp020,2,2000,43,51,50,3,3,4.0,0.05,3.1703237900690118,0.01,3.5004562316819925,3.5004562316819925,0.8150105476379395,0.8057568073272705,0.8327701687812805,0.8853271007537842
sub-cp026_ses-20210716_level-01B_run-001,sub-cp026,2,2000,43,51,50,0,0,1.0,0.05,1.9276306592998813,0.01,0.9485753450959138,1.0,0.9231409430503845,0.9224027991294861,0.8964724540710449,0.8126196265220642
sub-cp026_ses-20210716_level-01B_run-007,sub-cp026,2,2000,43,51,50,0,0,1.0,0.05,1.9532688129552522,0.01,1.0809039806483869,1.0809039806483869,0.9335864186286926,0.9204621911048889,0.9019575715065002,0.846869170665741
sub-cp026_ses-20210716_level-01B_run-012,sub-cp026,2,2000,43,51,50,0,0,1.0,0.05,1.9053080614943616,0.01,0.5678342148669437,1.0,0.9354903697967529,0.9162400960922241,0.8963517546653748,0.8446458578109741
sub-cp026_ses-20210716_level-02B_run-003,sub-cp026,2,2000,43,51,50,1,0,2.0,0.05,2.1484659650629077,0.01,1.8736690462616603,1.8736690462616603,0.9256266951560974,0.9230846166610718,0.913504421710968,0.8710343837738037
sub-cp026_ses-20210716_level-02B_run-008,sub-cp026,2,2000,43,51,50,1,1,2.0,0.05,2.003487417787208,0.01,2.231782825449775,2.231782825449775,0.9124045968055725,0.921353816986084,0.8987389206886292,0.808411180973053
sub-cp026_ses-20210716_level-02B_run-010,sub-cp026,2,2000,43,51,50,1,0,2.0,0.05,2.1114885955482796,0.01,1.6262590305450202,1.6262590305450202,0.9219245314598083,0.920776903629303,0.9108490347862244,0.8563182353973389
sub-cp026_ses-20210716_level-03B_run-002,sub-cp026,2,2000,43,51,50,2,2,3.0,0.05,2.325012008069561,0.01,3.058658119631927,3.058658119631927,0.9120079278945923,0.926074206829071,0.9370943903923035,0.8639674782752991
sub-cp026_ses-20210716_level-03B_run-005,sub-cp026,2,2000,43,51,50,2,2,3.0,0.05,2.295461108340505,0.01,2.708538180499522,2.708538180499522,0.9166356325149536,0.9259955286979675,0.9336879849433899,0.8692610263824463
sub-cp026_ses-20210716_level-03B_run-011,sub-cp026,2,2000,43,51,50,2,2,3.0,0.05,2.2123110704305144,0.01,2.417967099803989,2.417967099803989,0.9247804880142212,0.9256808757781982,0.929141640663147,0.8675406575202942
sub-cp026_ses-20210716_level-04B_run-004,sub-cp026,2,2000,43,51,50,3,3,4.0,0.05,3.2163417608487643,0.01,3.9872291793329317,3.9872291793329317,0.8259848952293396,0.8181871771812439,0.8430832028388977,0.9016843438148499
sub-cp026_ses-20210716_level-04B_run-006,sub-cp026,2,2000,43,51,50,3,3,4.0,0.05,3.053635813791786,0.01,4.233565132412295,4.0,0.8610763549804688,0.8464308381080627,0.8714877367019653,0.9171680808067322
sub-cp026_ses-20210716_level-04B_run-009,sub-cp026,2,2000,43,51,50,3,3,4.0,0.05,3.0958572988967874,0.01,3.776703961526208,3.776703961526208,0.8587757349014282,0.8455654382705688,0.8704819083213806,0.9197090268135071
sub-cp031_ses-20211216_level-01B_run-001,sub-cp031,2,2000,43,51,50,0,0,1.0,0.05,2.1944367697310945,0.01,1.37055034428128,1.37055034428128,0.8914607763290405,0.8815452456474304,0.8719973564147949,0.8512628078460693
sub-cp031_ses-20211216_level-01B_run-007,sub-cp031,2,2000,43,51,50,0,0,1.0,0.05,1.9609552282088458,0.01,1.0714824691003957,1.0714824691003957,0.9323435425758362,0.9168956875801086,0.89934241771698,0.8503099679946899
sub-cp031_ses-20211216_level-02B_run-003,sub-cp031,2,2000,43,51,50,1,1,2.0,0.05,2.045402567128958,0.01,2.167560556705105,2.167560556705105,0.9372092485427856,0.9468439221382141,0.9291818737983704,0.841363787651062
sub-cp031_ses-20211216_level-02B_run-008,sub-cp031,2,2000,43,51,50,1,1,2.0,0.05,2.035824985353651,0.01,1.888165676810481,1.888165676810481,0.9313650727272034,0.9367213249206543,0.9181714653968811,0.8429518938064575
sub-cp031_ses-20211216_level-02B_run-010,sub-cp031,2,2000,43,51,50,1,0,2.0,0.05,2.139469098721823,0.01,1.9136586132821851,1.9136586132821851,0.915154755115509,0.9141421318054199,0.904840886592865,0.856529951095581
sub-cp031_ses-20211216_level-02B_run-012,sub-cp031,2,2000,43,51,50,1,0,2.0,0.05,1.9272832606235029,0.01,0.7584232562715585,1.0,0.936865508556366,0.9268347024917603,0.9056991934776306,0.8389816880226135
sub-cp031_ses-20211216_level-03B_run-002,sub-cp031,2,2000,43,51,50,2,2,3.0,0.05,2.2945005799095637,0.01,3.4805824785497026,3.4805824785497026,0.9157365560531616,0.9390290379524231,0.9447252750396729,0.8547830581665039
sub-cp031_ses-20211216_level-03B_run-005,sub-cp031,2,2000,43,51,50,2,2,3.0,0.05,2.3996788375709275,0.01,2.9520913015416204,2.9520913015416204,0.9045242071151733,0.9116246104240417,0.9274384379386902,0.876354455947876
sub-cp031_ses-20211216_level-03B_run-011,sub-cp031,2,2000,43,51,50,2,2,3.0,0.05,2.2767342041907455,0.01,2.814541213055848,2.814541213055848,0.9177727699279785,0.9381636381149292,0.9426465630531311,0.8562387824058533
sub-cp031_ses-20211216_level-04B_run-004,sub-cp031,2,2000,43,51,50,3,3,4.0,0.05,3.178536542408978,0.01,4.4834589101033275,4.0,0.8599128127098083,0.8565534353256226,0.8823238015174866,0.9332341551780701
sub-cp031_ses-20211216_level-04B_run-006,sub-cp031,2,2000,43,51,50,3,3,4.0,0.05,3.0171564077213344,0.01,3.8881698821729613,3.8881698821729613,0.8766255974769592,0.8716586828231812,0.8956543803215027,0.9318048357963562
sub-cp031_ses-20211216_level-04B_run-009,sub-cp031,2,2000,43,51,50,3,3,4.0,0.05,3.1700146064621344,0.01,4.0911901943213635,4.0,0.85398930311203,0.8516494631767273,0.8768119215965271,0.9267230033874512
sub-cp038_ses-20220112_level-01B_run-001,sub-cp038,2,2000,43,51,50,0,0,1.0,0.05,2.310224174108194,0.01,1.5680658115475534,1.5680658115475534,0.8397887945175171,0.8317975997924805,0.8358412384986877,0.8103168606758118
sub-cp038_ses-20220112_level-01B_run-007,sub-cp038,2,2000,43,51,50,0,0,1.0,0.05,2.032514423842316,0.01,1.065669172182763,1.065669172182763,0.8356106281280518,0.8047078251838684,0.7971370816230774,0.7763849496841431
sub-cp038_ses-20220112_level-01B_run-012,sub-cp038,2,2000,43,51,50,0,0,1.0,0.05,2.0765362733656714,0.01,1.46933635181508,1.46933635181508,0.8672378659248352,0.8460636734962463,0.8403339385986328,0.8079347610473633
sub-cp038_ses-20220112_level-02B_run-003,sub-cp038,2,2000,43,51,50,1,0,2.0,0.05,2.162370647457438,0.01,1.202406578697734,1.202406578697734,0.8909319043159485,0.8745957612991333,0.8671559691429138,0.8467103242874146
sub-cp038_ses-20220112_level-02B_run-008,sub-cp038,2,2000,43,51,50,1,0,2.0,0.05,1.9964210969192875,0.01,1.001754940090205,1.001754940090205,0.8749595880508423,0.8469028472900391,0.8377590179443359,0.8072730898857117
sub-cp038_ses-20220112_level-02B_run-010,sub-cp038,2,2000,43,51,50,1,0,2.0,0.05,2.1995064339401815,0.01,0.5447769588367612,1.0,0.8357428312301636,0.8010888695716858,0.8029172420501709,0.800179660320282
sub-cp038_ses-20220112_level-03B_run-002,sub-cp038,2,2000,43,51,50,2,2,3.0,0.05,2.478823045299759,0.01,2.6035302945874004,2.6035302945874004,0.8742720484733582,0.8885995745658875,0.8992083072662354,0.8647879362106323
sub-cp038_ses-20220112_level-03B_run-005,sub-cp038,2,2000,43,51,50,2,2,3.0,0.05,2.335753774753646,0.01,1.3199582097463927,1.3199582097463927,0.8296871185302734,0.8315616250038147,0.8339636921882629,0.8022176623344421
sub-cp038_ses-20220112_level-03B_run-011,sub-cp038,2,2000,43,51,50,2,2,3.0,0.05,2.5209017112230097,0.01,2.902575452861842,2.902575452861842,0.8599921464920044,0.8459587693214417,0.8664451837539673,0.8561329245567322
sub-cp038_ses-20220112_level-04B_run-004,sub-cp038,2,2000,43,51,50,3,3,4.0,0.05,3.185622083428164,0.01,4.0125628958006025,4.0,0.7903380990028381,0.7822859883308411,0.8098909854888916,0.8628028631210327
sub-cp038_ses-20220112_level-04B_run-006,sub-cp038,2,2000,43,51,50,3,3,4.0,0.05,3.2530580500634825,0.01,3.7147892336720214,3.7147892336720214,0.7924536466598511,0.7888158559799194,0.8160465955734253,0.8741046786308289
sub-cp038_ses-20220112_level-04B_run-009,sub-cp038,2,2000,43,51,50,3,3,4.0,0.05,3.1038489147566777,0.01,3.331991172681811,3.331991172681811,0.8175756335258484,0.8006693124771118,0.8288541436195374,0.8783395886421204
sub-cp009_ses-20210129_level-01B_run-001,sub-cp009,2,5000,43,51,50,0,3,1.0,0.05,2.521671045722247,0.01,1.451874195776305,1.451874195776305,0.8019759654998779,0.792769193649292,0.801784336566925,0.8020023703575134
sub-cp009_ses-20210129_level-01B_run-007,sub-cp009,2,5000,43,51,50,0,0,1.0,0.05,2.405980343717503,0.01,1.6051427638796651,1.6051427638796651,0.8513588905334473,0.8448821902275085,0.8473894000053406,0.8377400040626526
sub-cp009_ses-20210129_level-01B_run-012,sub-cp009,2,5000,43,51,50,0,0,1.0,0.05,2.3910071453743975,0.01,1.638176837115743,1.638176837115743,0.862471878528595,0.8606317043304443,0.8622995018959045,0.846155047416687
sub-cp009_ses-20210129_level-02B_run-003,sub-cp009,2,5000,43,51,50,1,1,2.0,0.05,2.307332995891854,0.01,1.4652865339212906,1.4652865339212906,0.8474248051643372,0.8598016500473022,0.8507331609725952,0.8191171884536743
sub-cp009_ses-20210129_level-02B_run-008,sub-cp009,2,5000,43,51,50,1,2,2.0,0.05,2.5718539632747657,0.01,1.5910560209735127,1.5910560209735127,0.8305537700653076,0.8315282464027405,0.839730441570282,0.8374869227409363
sub-cp009_ses-20210129_level-02B_run-010,sub-cp009,2,5000,43,51,50,1,1,2.0,0.05,2.2104533754000877,0.01,1.6572720632691107,1.6572720632691107,0.8592482209205627,0.8725882768630981,0.8613763451576233,0.8094789385795593
sub-cp009_ses-20210129_level-03B_run-002,sub-cp009,2,5000,43,51,50,2,3,3.0,0.05,2.879093004008226,0.01,2.8414388536626087,2.8414388536626087,0.8139054775238037,0.8108301162719727,0.8324149250984192,0.8546227812767029
sub-cp009_ses-20210129_level-03B_run-005,sub-cp009,2,5000,43,51,50,2,3,3.0,0.05,2.7776572961534933,0.01,2.5563247299457794,2.5563247299457794,0.846587061882019,0.8463951349258423,0.8691748976707458,0.8760400414466858
sub-cp009_ses-20210129_level-03B_run-011,sub-cp009,2,5000,43,51,50,2,2,3.0,0.05,2.571551238913485,0.01,2.717507370770696,2.717507370770696,0.875514805316925,0.8865830898284912,0.9050170183181763,0.8783494234085083
sub-cp009_ses-20210129_level-04B_run-004,sub-cp009,2,5000,43,51,50,3,3,4.0,0.05,3.2119259012637724,0.01,3.3393503491910215,3.3393503491910215,0.7880741357803345,0.7829559445381165,0.8040654063224792,0.8639974594116211
sub-cp009_ses-20210129_level-04B_run-006,sub-cp009,2,5000,43,51,50,3,3,4.0,0.05,3.1333954199563583,0.01,3.8943628883977723,3.8943628883977723,0.8036302328109741,0.7984427809715271,0.8253248333930969,0.8714001774787903
sub-cp009_ses-20210129_level-04B_run-009,sub-cp009,2,5000,43,51,50,3,3,4.0,0.05,3.199601052013616,0.01,3.5400968065340965,3.5400968065340965,0.8078824281692505,0.8001763820648193,0.8238864541053772,0.8816922307014465
sub-cp013_ses-20210319_level-01B_run-001,sub-cp013,2,5000,43,51,50,0,3,1.0,0.05,2.8512315218345536,0.01,2.8728233958712672,2.8728233958712672,0.8608918786048889,0.8478975892066956,0.8701195120811462,0.8962234854698181
sub-cp013_ses-20210319_level-01B_run-007,sub-cp013,2,5000,43,51,50,0,0,1.0,0.05,2.5212053313737806,0.01,2.3285495185246825,2.3285495185246825,0.8316248059272766,0.8066064715385437,0.8198019862174988,0.8309594392776489
sub-cp013_ses-20210319_level-01B_run-012,sub-cp013,2,5000,43,51,50,0,0,1.0,0.05,2.3280605536699674,0.01,1.610919624014714,1.610919624014714,0.8836692571640015,0.8677341938018799,0.8662282824516296,0.8623945713043213
sub-cp013_ses-20210319_level-02B_run-003,sub-cp013,2,5000,43,51,50,1,3,2.0,0.05,2.7909033706197097,0.01,2.897124201673531,2.897124201673531,0.8360042572021484,0.8409842252731323,0.8598681688308716,0.8687533140182495
sub-cp013_ses-20210319_level-02B_run-008,sub-cp013,2,5000,43,51,50,1,3,2.0,0.05,3.0510805786047683,0.01,3.4841450251668036,3.4841450251668036,0.7934503555297852,0.8011534810066223,0.82548588514328,0.856879472732544
sub-cp013_ses-20210319_level-02B_run-010,sub-cp013,2,5000,43,51,50,1,3,2.0,0.05,2.591414639843829,0.01,2.5098160265902805,2.5098160265902805,0.843967854976654,0.8301413655281067,0.8439168334007263,0.8513221740722656
sub-cp013_ses-20210319_level-03B_run-002,sub-cp013,2,5000,43,51,50,2,3,3.0,0.05,2.7882494594399376,0.01,2.661557788644316,2.661557788644316,0.8193771839141846,0.8175438642501831,0.8378143310546875,0.8501411080360413
sub-cp013_ses-20210319_level-03B_run-005,sub-cp013,2,5000,43,51,50,2,3,3.0,0.05,2.9455957339169228,0.01,3.409556366675484,3.409556366675484,0.7739071846008301,0.7798565030097961,0.8053427934646606,0.8246428966522217
sub-cp013_ses-20210319_level-03B_run-011,sub-cp013,2,5000,43,51,50,2,3,3.0,0.05,2.9691786400846216,0.01,3.6235639087096607,3.6235639087096607,0.8188151717185974,0.8189412951469421,0.8446252942085266,0.8703456521034241
sub-cp013_ses-20210319_level-04B_run-004,sub-cp013,2,5000,43,51,50,3,3,4.0,0.05,3.068432257889013,0.01,3.805488978480322,3.805488978480322,0.7084380388259888,0.7046078443527222,0.7250387668609619,0.7694072723388672
sub-cp013_ses-20210319_level-04B_run-006,sub-cp013,2,5000,43,51,50,3,3,4.0,0.05,3.1051022580667302,0.01,3.628717069603313,3.628717069603313,0.8229188919067383,0.8114079833030701,0.831395149230957,0.8851616382598877
sub-cp013_ses-20210319_level-04B_run-009,sub-cp013,2,5000,43,51,50,3,3,4.0,0.05,3.0619155699361045,0.01,3.3012778935605605,3.3012778935605605,0.7984448671340942,0.7887976765632629,0.8082517981529236,0.8567845821380615
sub-cp015_ses-20210504_level-01B_run-001,sub-cp015,2,5000,43,51,50,0,0,1.0,0.05,1.8542553755717028,0.01,0.672295369757526,1.0,0.9023641347885132,0.88591068983078,0.8609791398048401,0.794599711894989
sub-cp015_ses-20210504_level-01B_run-007,sub-cp015,2,5000,43,51,50,0,0,1.0,0.05,2.0452398270423515,0.01,0.8154837703042346,1.0,0.9207090735435486,0.9069765210151672,0.8925167918205261,0.8560463786125183
sub-cp015_ses-20210504_level-01B_run-012,sub-cp015,2,5000,43,51,50,0,0,1.0,0.05,2.032269964344657,0.01,1.265964080939552,1.265964080939552,0.9220451712608337,0.9044549465179443,0.8913145661354065,0.8566052913665771
sub-cp015_ses-20210504_level-02B_run-003,sub-cp015,2,5000,43,51,50,1,1,2.0,0.05,1.9851381624553817,0.01,1.7025753958609795,1.7025753958609795,0.9143785238265991,0.9284311532974243,0.897186279296875,0.8092047572135925
sub-cp015_ses-20210504_level-02B_run-008,sub-cp015,2,5000,43,51,50,1,1,2.0,0.05,2.1209234615570587,0.01,1.8373039101695108,1.8373039101695108,0.9116002321243286,0.9226840138435364,0.9071102142333984,0.8421267867088318
sub-cp015_ses-20210504_level-02B_run-010,sub-cp015,2,5000,43,51,50,1,0,2.0,0.05,2.1138504739840887,0.01,1.5090443224968468,1.5090443224968468,0.9204015731811523,0.9116730093955994,0.9027037620544434,0.8620782494544983
sub-cp015_ses-20210504_level-03B_run-002,sub-cp015,2,5000,43,51,50,2,2,3.0,0.05,2.2962769240468206,0.01,2.6027067146231007,2.6027067146231007,0.8766282200813293,0.894778311252594,0.8982489705085754,0.8275006413459778
sub-cp015_ses-20210504_level-03B_run-005,sub-cp015,2,5000,43,51,50,2,2,3.0,0.05,2.3471963532800855,0.01,2.8242083929635435,2.8242083929635435,0.9064679145812988,0.9070185422897339,0.9181988835334778,0.8745426535606384
sub-cp015_ses-20210504_level-03B_run-011,sub-cp015,2,5000,43,51,50,2,0,3.0,0.05,2.1561298417148653,0.01,2.0927883314531703,2.0927883314531703,0.9237948656082153,0.911715030670166,0.9137977361679077,0.8666337728500366
sub-cp015_ses-20210504_level-04B_run-004,sub-cp015,2,5000,43,51,50,3,3,4.0,0.05,3.1293858915845023,0.01,4.424367727170901,4.0,0.8534478545188904,0.8552102446556091,0.8778214454650879,0.9231558442115784
sub-cp015_ses-20210504_level-04B_run-006,sub-cp015,2,5000,43,51,50,3,3,4.0,0.05,3.0837747283734362,0.01,3.507998003490764,3.507998003490764,0.8340001106262207,0.822439968585968,0.8511250019073486,0.8943253755569458
sub-cp015_ses-20210504_level-04B_run-009,sub-cp015,2,5000,43,51,50,3,3,4.0,0.05,3.11988794351742,0.01,3.884271490922199,3.884271490922199,0.8735848665237427,0.8654332160949707,0.8909281492233276,0.9387627243995667
sub-cp020_ses-20210604_level-01B_run-001,sub-cp020,2,5000,43,51,50,0,0,1.0,0.05,2.350056541998895,0.01,1.6893513953420307,1.6893513953420307,0.8657379150390625,0.8440626859664917,0.8375942707061768,0.8500989079475403
sub-cp020_ses-20210604_level-01B_run-007,sub-cp020,2,5000,43,51,50,0,0,1.0,0.05,2.092983412475937,0.01,1.3790188001702186,1.3790188001702186,0.9196274876594543,0.9189436435699463,0.9033907651901245,0.8555296659469604
sub-cp020_ses-20210604_level-01B_run-012,sub-cp020,2,5000,43,51,50,0,1,1.0,0.05,2.05530098341371,0.01,1.4256807381591776,1.4256807381591776,0.9031276702880859,0.9120617508888245,0.8912984728813171,0.8209309577941895
sub-cp020_ses-20210604_level-02B_run-003,sub-cp020,2,5000,43,51,50,1,1,2.0,0.05,2.1572858638664436,0.01,2.434618019888762,2.434618019888762,0.9051212072372437,0.9181240797042847,0.9070135951042175,0.8384886980056763
sub-cp020_ses-20210604_level-02B_run-008,sub-cp020,2,5000,43,51,50,1,1,2.0,0.05,2.1105257911052497,0.01,1.697540100987366,1.697540100987366,0.903647243976593,0.9081953167915344,0.8925544023513794,0.8390475511550903
sub-cp020_ses-20210604_level-02B_run-010,sub-cp020,2,5000,43,51,50,1,1,2.0,0.05,2.0704711100081723,0.01,2.2255017539543216,2.2255017539543216,0.8965531587600708,0.9144783020019531,0.8926348686218262,0.8054295778274536
sub-cp020_ses-20210604_level-03B_run-002,sub-cp020,2,5000,43,51,50,2,3,3.0,0.05,2.8186082921279314,0.01,3.2655298730022437,3.2655298730022437,0.8189105987548828,0.8260753154754639,0.8470458984375,0.8552765846252441
sub-cp020_ses-20210604_level-03B_run-005,sub-cp020,2,5000,43,51,50,2,2,3.0,0.05,2.3707533791319846,0.01,2.940380195871635,2.940380195871635,0.8934355974197388,0.9100865125656128,0.9209092855453491,0.8577441573143005
sub-cp020_ses-20210604_level-03B_run-011,sub-cp020,2,5000,43,51,50,2,2,3.0,0.05,2.6724983717575164,0.01,3.2194514875442692,3.2194514875442692,0.8571062684059143,0.8660741448402405,0.8859366178512573,0.8748800754547119
sub-cp020_ses-20210604_level-04B_run-004,sub-cp020,2,5000,43,51,50,3,3,4.0,0.05,3.276882365356733,0.01,3.998617882437264,3.998617882437264,0.7829418182373047,0.7803818583488464,0.8069368600845337,0.8676776885986328
sub-cp020_ses-20210604_level-04B_run-006,sub-cp020,2,5000,43,51,50,3,3,4.0,0.05,3.144878370077989,0.01,4.202136010745201,4.0,0.7907569408416748,0.7875578999519348,0.8080585598945618,0.8601168394088745
sub-cp020_ses-20210604_level-04B_run-009,sub-cp020,2,5000,43,51,50,3,3,4.0,0.05,3.128199178485266,0.01,3.934483834892379,3.934483834892379,0.8191120624542236,0.8132256269454956,0.8372454047203064,0.8858997821807861
sub-cp026_ses-20210716_level-01B_run-001,sub-cp026,2,5000,43,51,50,0,1,1.0,0.05,1.9268331106929801,0.01,0.9948283258757651,1.0,0.920836329460144,0.9216228127479553,0.894041121006012,0.8097003698348999
sub-cp026_ses-20210716_level-01B_run-007,sub-cp026,2,5000,43,51,50,0,0,1.0,0.05,1.891544834233399,0.01,0.8920284523146969,1.0,0.9350244998931885,0.919374406337738,0.8976800441741943,0.8353145718574524
sub-cp026_ses-20210716_level-01B_run-012,sub-cp026,2,5000,43,51,50,0,0,1.0,0.05,1.8730463296739088,0.01,0.998554750462413,1.0,0.9341655969619751,0.91529780626297,0.892613410949707,0.8354095220565796
sub-cp026_ses-20210716_level-02B_run-003,sub-cp026,2,5000,43,51,50,1,0,2.0,0.05,2.116962043827756,0.01,1.7391910561031496,1.7391910561031496,0.924494743347168,0.9236085414886475,0.9111517071723938,0.863470196723938
sub-cp026_ses-20210716_level-02B_run-008,sub-cp026,2,5000,43,51,50,1,1,2.0,0.05,2.016112559835344,0.01,1.713835907334896,1.713835907334896,0.905163586139679,0.917567253112793,0.8938103318214417,0.8021394610404968
sub-cp026_ses-20210716_level-02B_run-010,sub-cp026,2,5000,43,51,50,1,0,2.0,0.05,2.0946940025384153,0.01,1.7595515604089687,1.7595515604089687,0.9207409024238586,0.9193113446235657,0.9058918952941895,0.8552344441413879
sub-cp026_ses-20210716_level-03B_run-002,sub-cp026,2,5000,43,51,50,2,2,3.0,0.05,2.3405242366062744,0.01,3.1913375753033164,3.1913375753033164,0.9098081588745117,0.9254367351531982,0.9368981719017029,0.8646301627159119
sub-cp026_ses-20210716_level-03B_run-005,sub-cp026,2,5000,43,51,50,2,2,3.0,0.05,2.29505443635676,0.01,2.898295708484997,2.898295708484997,0.9143785238265991,0.9247958064079285,0.9329908490180969,0.8650414347648621
sub-cp026_ses-20210716_level-03B_run-011,sub-cp026,2,5000,43,51,50,2,2,3.0,0.05,2.2581527179417735,0.01,2.758854949308051,2.758854949308051,0.9164356589317322,0.9211920499801636,0.9270010590553284,0.8652417659759521
sub-cp026_ses-20210716_level-04B_run-004,sub-cp026,2,5000,43,51,50,3,3,4.0,0.05,3.221696703343004,0.01,4.327270224911901,4.0,0.8309991955757141,0.8261698484420776,0.8522413372993469,0.9085402488708496
sub-cp026_ses-20210716_level-04B_run-006,sub-cp026,2,5000,43,51,50,3,3,4.0,0.05,3.0697131230186194,0.01,3.9437880236786116,3.9437880236786116,0.8620901107788086,0.8503036499023438,0.8743703365325928,0.9206988215446472
sub-cp026_ses-20210716_level-04B_run-009,sub-cp026,2,5000,43,51,50,3,3,4.0,0.05,3.156400116381712,0.01,3.9769941614936055,3.9769941614936055,0.8602132201194763,0.8479606509208679,0.8728728890419006,0.9278484582901001
sub-cp031_ses-20211216_level-01B_run-001,sub-cp031,2,5000,43,51,50,0,0,1.0,0.05,2.1304819925111165,0.01,1.433489263655373,1.433489263655373,0.8995223045349121,0.8875287175178528,0.8734256625175476,0.8516173958778381
sub-cp031_ses-20211216_level-01B_run-007,sub-cp031,2,5000,43,51,50,0,0,1.0,0.05,1.9208424573075291,0.01,0.8598452746103009,1.0,0.9341549873352051,0.9166846871376038,0.8970521092414856,0.8452376127243042
sub-cp031_ses-20211216_level-02B_run-003,sub-cp031,2,5000,43,51,50,1,1,2.0,0.05,2.066992235520249,0.01,2.2612624105405716,2.2612624105405716,0.926551878452301,0.9406188726425171,0.9230615496635437,0.8309488892555237
sub-cp031_ses-20211216_level-02B_run-008,sub-cp031,2,5000,43,51,50,1,1,2.0,0.05,2.042269746183716,0.01,1.740538505798925,1.740538505798925,0.9288635849952698,0.9361324906349182,0.9162988662719727,0.8422427773475647
sub-cp031_ses-20211216_level-02B_run-010,sub-cp031,2,5000,43,51,50,1,1,2.0,0.05,2.1103446649952318,0.01,1.78962445378147,1.78962445378147,0.920348584651947,0.9220220446586609,0.9104647040367126,0.8533046245574951
sub-cp031_ses-20211216_level-02B_run-012,sub-cp031,2,5000,43,51,50,1,0,2.0,0.05,1.8931609211587495,0.01,1.0032816745023971,1.0032816745023971,0.9385238289833069,0.9265189170837402,0.9043837189674377,0.8319401144981384
sub-cp031_ses-20211216_level-03B_run-002,sub-cp031,2,5000,43,51,50,2,2,3.0,0.05,2.2964688103003046,0.01,3.5766009656549875,3.5766009656549875,0.909649133682251,0.933936595916748,0.9410738348960876,0.8441197872161865
sub-cp031_ses-20211216_level-03B_run-005,sub-cp031,2,5000,43,51,50,2,2,3.0,0.05,2.3754161179011026,0.01,2.66378544103452,2.66378544103452,0.9061391949653625,0.9134275913238525,0.9289600849151611,0.8721910715103149
sub-cp031_ses-20211216_level-03B_run-011,sub-cp031,2,5000,43,51,50,2,2,3.0,0.05,2.2829370028583575,0.01,2.8597999191292045,2.8597999191292045,0.9103277921676636,0.9323185682296753,0.9388250112533569,0.8438456058502197
sub-cp031_ses-20211216_level-04B_run-004,sub-cp031,2,5000,43,51,50,3,3,4.0,0.05,3.174324708096307,0.01,4.466871622704483,4.0,0.8603192567825317,0.8591187000274658,0.8844123482704163,0.9339857697486877
sub-cp031_ses-20211216_level-04B_run-006,sub-cp031,2,5000,43,51,50,3,3,4.0,0.05,3.044156912072249,0.01,4.0147834674027525,4.0,0.8729592561721802,0.8673979640007019,0.8941484689712524,0.9309065341949463
sub-cp031_ses-20211216_level-04B_run-009,sub-cp031,2,5000,43,51,50,3,3,4.0,0.05,3.154718978169549,0.01,4.083034215564737,4.0,0.8586226105690002,0.8532454967498779,0.8778160810470581,0.9284917116165161
sub-cp038_ses-20220112_level-01B_run-001,sub-cp038,2,5000,43,51,50,0,0,1.0,0.05,2.2457041663179593,0.01,1.3339411250274347,1.3339411250274347,0.8380614519119263,0.829584538936615,0.8289799094200134,0.8002835512161255
sub-cp038_ses-20220112_level-01B_run-007,sub-cp038,2,5000,43,51,50,0,0,1.0,0.05,2.0605429445233523,0.01,0.9657543726958491,1.0,0.8404579162597656,0.8088443875312805,0.7996642589569092,0.7878507971763611
sub-cp038_ses-20220112_level-01B_run-012,sub-cp038,2,5000,43,51,50,0,0,1.0,0.05,2.1000755639379616,0.01,1.2879820762149232,1.2879820762149232,0.8608918786048889,0.8367395401000977,0.832897961139679,0.8070851564407349
sub-cp038_ses-20220112_level-02B_run-003,sub-cp038,2,5000,43,51,50,1,0,2.0,0.05,2.1802176212843642,0.01,1.1724840713155515,1.1724840713155515,0.8922585248947144,0.878818690776825,0.8705166578292847,0.8503625392913818
sub-cp038_ses-20220112_level-02B_run-008,sub-cp038,2,5000,43,51,50,1,0,2.0,0.05,2.0586620462993066,0.01,1.3209639369105397,1.3209639369105397,0.8680283427238464,0.8404799103736877,0.8330911993980408,0.811313807964325
sub-cp038_ses-20220112_level-02B_run-010,sub-cp038,2,5000,43,51,50,1,0,2.0,0.05,2.227398964863045,0.01,0.7702436215993431,1.0,0.8409245014190674,0.8079828023910522,0.808573842048645,0.8092364072799683
sub-cp038_ses-20220112_level-03B_run-002,sub-cp038,2,5000,43,51,50,2,2,3.0,0.05,2.4933725669927136,0.01,2.5774001529656765,2.5774001529656765,0.8724184036254883,0.8813613057136536,0.8918136954307556,0.8664333820343018
sub-cp038_ses-20220112_level-03B_run-005,sub-cp038,2,5000,43,51,50,2,1,3.0,0.05,2.3249531246987414,0.01,1.770226983042018,1.770226983042018,0.8314127326011658,0.8351425528526306,0.8324149250984192,0.8049339652061462
sub-cp038_ses-20220112_level-03B_run-011,sub-cp038,2,5000,43,51,50,2,2,3.0,0.05,2.584859506753708,0.01,2.8836738603659304,2.8836738603659304,0.8578803539276123,0.8415305614471436,0.8645429611206055,0.8618567585945129
sub-cp038_ses-20220112_level-04B_run-004,sub-cp038,2,5000,43,51,50,3,3,4.0,0.05,3.124534504419688,0.01,3.953846987294649,3.953846987294649,0.7983494400978088,0.7891548871994019,0.812529444694519,0.8635545372962952
sub-cp038_ses-20220112_level-04B_run-006,sub-cp038,2,5000,43,51,50,3,3,4.0,0.05,3.1923072075254675,0.01,4.09121203462112,4.0,0.8039165139198303,0.7972555160522461,0.8237951993942261,0.8775479793548584
sub-cp038_ses-20220112_level-04B_run-009,sub-cp038,2,5000,43,51,50,3,3,4.0,0.05,3.04864847433024,0.01,3.2824753021714694,3.2824753021714694,0.824445903301239,0.8082980513572693,0.8352810144424438,0.8796253800392151
sub-cp009_ses-20210129_level-01B_run-001,sub-cp009,2,10000,43,51,50,0,3,1.0,0.05,2.567410430974023,0.01,1.490955029505649,1.490955029505649,0.7952810525894165,0.7835614681243896,0.7954259514808655,0.8002545237541199
sub-cp009_ses-20210129_level-01B_run-007,sub-cp009,2,10000,43,51,50,0,0,1.0,0.05,2.4110004717003206,0.01,1.4329748337098236,1.4329748337098236,0.845596194267273,0.8374204635620117,0.8406386375427246,0.8326533436775208
sub-cp009_ses-20210129_level-01B_run-012,sub-cp009,2,10000,43,51,50,0,2,1.0,0.05,2.3991309883442606,0.01,1.5475427021850174,1.5475427021850174,0.8613757491111755,0.8582638502120972,0.861545979976654,0.8457524180412292
sub-cp009_ses-20210129_level-02B_run-003,sub-cp009,2,10000,43,51,50,1,1,2.0,0.05,2.302835168207059,0.01,1.5414035333095897,1.5414035333095897,0.8417110443115234,0.8542520999908447,0.8456482291221619,0.8120479583740234
sub-cp009_ses-20210129_level-02B_run-008,sub-cp009,2,10000,43,51,50,1,2,2.0,0.05,2.5861018619692913,0.01,1.8084762828656398,1.8084762828656398,0.8244326710700989,0.8271646499633789,0.8366352915763855,0.8329599499702454
sub-cp009_ses-20210129_level-02B_run-010,sub-cp009,2,10000,43,51,50,1,1,2.0,0.05,2.211997104656173,0.01,1.480385713235332,1.480385713235332,0.8538500666618347,0.865997850894928,0.8560359477996826,0.8039495348930359
sub-cp009_ses-20210129_level-03B_run-002,sub-cp009,2,10000,43,51,50,2,3,3.0,0.05,2.8741975046486683,0.01,3.0934314872927335,3.0934314872927335,0.8044809699058533,0.802272617816925,0.8229678869247437,0.844938337802887
sub-cp009_ses-20210129_level-03B_run-005,sub-cp009,2,10000,43,51,50,2,3,3.0,0.05,2.7360178998719915,0.01,2.605902561021897,2.605902561021897,0.84428870677948,0.8462337851524353,0.8683393001556396,0.8690537810325623
sub-cp009_ses-20210129_level-03B_run-011,sub-cp009,2,10000,43,51,50,2,2,3.0,0.05,2.591711847804951,0.01,2.688468689179075,2.688468689179075,0.8692416548728943,0.8814132213592529,0.899591326713562,0.8755398988723755
sub-cp009_ses-20210129_level-04B_run-004,sub-cp009,2,10000,43,51,50,3,3,4.0,0.05,3.2053065874658175,0.01,3.404513006040495,3.404513006040495,0.7851191759109497,0.7793180346488953,0.8021008968353271,0.860194206237793
sub-cp009_ses-20210129_level-04B_run-006,sub-cp009,2,10000,43,51,50,3,3,4.0,0.05,3.123166141122925,0.01,3.9359142541427556,3.9359142541427556,0.8026633262634277,0.7982503175735474,0.8253596425056458,0.8696141242980957
sub-cp009_ses-20210129_level-04B_run-009,sub-cp009,2,10000,43,51,50,3,3,4.0,0.05,3.215123285340539,0.01,3.5079508406689026,3.5079508406689026,0.8030565977096558,0.7939594984054565,0.8167879581451416,0.8779662251472473
sub-cp013_ses-20210319_level-01B_run-001,sub-cp013,2,10000,43,51,50,0,3,1.0,0.05,2.8656647109866076,0.01,2.708970061756634,2.708970061756634,0.8561619520187378,0.8437908887863159,0.8663672208786011,0.8931480646133423
sub-cp013_ses-20210319_level-01B_run-007,sub-cp013,2,10000,43,51,50,0,3,1.0,0.05,2.5450201584418375,0.01,2.174898702664944,2.174898702664944,0.8255009651184082,0.7966866493225098,0.8108474612236023,0.8274200558662415
sub-cp013_ses-20210319_level-01B_run-012,sub-cp013,2,10000,43,51,50,0,0,1.0,0.05,2.328308236433511,0.01,1.6152595094135436,1.6152595094135436,0.8827093243598938,0.864192008972168,0.8646076917648315,0.8612038493156433
sub-cp013_ses-20210319_level-02B_run-003,sub-cp013,2,10000,43,51,50,1,3,2.0,0.05,2.788576156975719,0.01,3.0855539728598442,3.0855539728598442,0.8394097685813904,0.8475552201271057,0.8665878176689148,0.872595489025116
sub-cp013_ses-20210319_level-02B_run-008,sub-cp013,2,10000,43,51,50,1,3,2.0,0.05,3.0569026256197533,0.01,3.492606270222741,3.492606270222741,0.788084864616394,0.7952125072479248,0.8179394602775574,0.8518949151039124
sub-cp013_ses-20210319_level-02B_run-010,sub-cp013,2,10000,43,51,50,1,3,2.0,0.05,2.584689094876385,0.01,2.5360127596333912,2.5360127596333912,0.8394256830215454,0.8258484601974487,0.8406547904014587,0.8457048535346985
sub-cp013_ses-20210319_level-03B_run-002,sub-cp013,2,10000,43,51,50,2,3,3.0,0.05,2.7966545459244223,0.01,2.7818868093018367,2.7818868093018367,0.8153337836265564,0.8159347772598267,0.836802065372467,0.8475180268287659
sub-cp013_ses-20210319_level-03B_run-005,sub-cp013,2,10000,43,51,50,2,3,3.0,0.05,2.942508137455592,0.01,3.678155027623612,3.678155027623612,0.7623772025108337,0.7681461572647095,0.7923803925514221,0.8127404451370239
sub-cp013_ses-20210319_level-03B_run-011,sub-cp013,2,10000,43,51,50,2,3,3.0,0.05,2.995281675291569,0.01,3.6267518141542787,3.6267518141542787,0.8154294490814209,0.814765989780426,0.8393149375915527,0.8696194291114807
sub-cp013_ses-20210319_level-04B_run-004,sub-cp013,2,10000,43,51,50,3,3,4.0,0.05,3.065324902811289,0.01,3.8982623156382887,3.8982623156382887,0.6932318210601807,0.6871681213378906,0.7078551054000854,0.7531232237815857
sub-cp013_ses-20210319_level-04B_run-006,sub-cp013,2,10000,43,51,50,3,3,4.0,0.05,3.114904740188776,0.01,3.683495684832166,3.683495684832166,0.8192879557609558,0.8081271052360535,0.8293630480766296,0.8827185034751892
sub-cp013_ses-20210319_level-04B_run-009,sub-cp013,2,10000,43,51,50,3,3,4.0,0.05,3.0596076473138325,0.01,3.425748892815611,3.425748892815611,0.7925705313682556,0.7824980020523071,0.8016946315765381,0.8505311012268066
sub-cp015_ses-20210504_level-01B_run-001,sub-cp015,2,10000,43,51,50,0,0,1.0,0.05,1.8577929992198874,0.01,0.694774023572188,1.0,0.903846263885498,0.8880152702331543,0.8632463216781616,0.7958511710166931
sub-cp015_ses-20210504_level-01B_run-007,sub-cp015,2,10000,43,51,50,0,0,1.0,0.05,2.0253931207281126,0.01,0.9229612087801362,1.0,0.9191847443580627,0.9042572379112244,0.8892358541488647,0.8513821959495544
sub-cp015_ses-20210504_level-01B_run-012,sub-cp015,2,10000,43,51,50,0,0,1.0,0.05,2.0374723515254285,0.01,1.3168046050836342,1.3168046050836342,0.9198012351989746,0.9003665447235107,0.8880224823951721,0.8564780354499817
sub-cp015_ses-20210504_level-02B_run-003,sub-cp015,2,10000,43,51,50,1,1,2.0,0.05,1.986844573885094,0.01,1.68042970876843,1.68042970876843,0.9157673120498657,0.9285858869552612,0.8987842202186584,0.8111598491668701
sub-cp015_ses-20210504_level-02B_run-008,sub-cp015,2,10000,43,51,50,1,1,2.0,0.05,2.1135967983298185,0.01,1.7050847114573848,1.7050847114573848,0.9116058349609375,0.922415554523468,0.9067613482475281,0.8399535417556763
sub-cp015_ses-20210504_level-02B_run-010,sub-cp015,2,10000,43,51,50,1,0,2.0,0.05,2.1085978690391944,0.01,1.5753103332132476,1.5753103332132476,0.9171969890594482,0.9117701053619385,0.9024727940559387,0.8547071814537048
sub-cp015_ses-20210504_level-03B_run-002,sub-cp015,2,10000,43,51,50,2,2,3.0,0.05,2.2998212933025273,0.01,2.741690652841858,2.741690652841858,0.8734616041183472,0.8935380578041077,0.8962551951408386,0.8248615860939026
sub-cp015_ses-20210504_level-03B_run-005,sub-cp015,2,10000,43,51,50,2,2,3.0,0.05,2.3161167370125666,0.01,2.8988023251998856,2.8988023251998856,0.900816798210144,0.9004402160644531,0.9092903733253479,0.8648195862770081
sub-cp015_ses-20210504_level-03B_run-011,sub-cp015,2,10000,43,51,50,2,0,3.0,0.05,2.1555186917930205,0.01,2.0992373015435786,2.0992373015435786,0.9219643473625183,0.9125861525535583,0.9130946397781372,0.8638786673545837
sub-cp015_ses-20210504_level-04B_run-004,sub-cp015,2,10000,43,51,50,3,3,4.0,0.05,3.118189285833702,0.01,4.374185190865185,4.0,0.8542965054512024,0.8564106225967407,0.8786302208900452,0.922893226146698
sub-cp015_ses-20210504_level-04B_run-006,sub-cp015,2,10000,43,51,50,3,3,4.0,0.05,3.125724814610998,0.01,3.652849355633582,3.652849355633582,0.8255700469017029,0.8136972784996033,0.8435550332069397,0.8903464078903198
sub-cp015_ses-20210504_level-04B_run-009,sub-cp015,2,10000,43,51,50,3,3,4.0,0.05,3.1375719768113135,0.01,3.8398000545500075,3.8398000545500075,0.8707723021507263,0.8642025589942932,0.8890421390533447,0.9383710622787476
sub-cp020_ses-20210604_level-01B_run-001,sub-cp020,2,10000,43,51,50,0,0,1.0,0.05,2.3735666998967697,0.01,1.6168536325895997,1.6168536325895997,0.8605201244354248,0.8377837538719177,0.8334524631500244,0.8472008109092712
sub-cp020_ses-20210604_level-01B_run-007,sub-cp020,2,10000,43,51,50,0,1,1.0,0.05,2.1072509950608795,0.01,1.4552497702634877,1.4552497702634877,0.9154059290885925,0.915887176990509,0.9011572003364563,0.8530790209770203
sub-cp020_ses-20210604_level-01B_run-012,sub-cp020,2,10000,43,51,50,0,1,1.0,0.05,2.0599270165974537,0.01,1.2901060610769801,1.2901060610769801,0.896618127822876,0.9063894748687744,0.8861580491065979,0.81379234790802
sub-cp020_ses-20210604_level-02B_run-003,sub-cp020,2,10000,43,51,50,1,1,2.0,0.05,2.1499289443774243,0.01,2.21070440896807,2.21070440896807,0.9078642129898071,0.9194146394729614,0.9085827469825745,0.8400328159332275
sub-cp020_ses-20210604_level-02B_run-008,sub-cp020,2,10000,43,51,50,1,1,2.0,0.05,2.1378769972791796,0.01,1.6734908258011714,1.6734908258011714,0.897383451461792,0.9030200242996216,0.88825923204422,0.8385315537452698
sub-cp020_ses-20210604_level-02B_run-010,sub-cp020,2,10000,43,51,50,1,1,2.0,0.05,2.095409736603693,0.01,2.2283182088401507,2.2283182088401507,0.8915159702301025,0.9100379943847656,0.8910492062568665,0.8049803376197815
sub-cp020_ses-20210604_level-03B_run-002,sub-cp020,2,10000,43,51,50,2,3,3.0,0.05,2.8551585902255727,0.01,3.3518391850882616,3.3518391850882616,0.8101199269294739,0.8199465870857239,0.8420215249061584,0.851551353931427
sub-cp020_ses-20210604_level-03B_run-005,sub-cp020,2,10000,43,51,50,2,2,3.0,0.05,2.353506178009717,0.01,2.940931772840589,2.940931772840589,0.889900267124176,0.9068106412887573,0.9151931405067444,0.8523601293563843
sub-cp020_ses-20210604_level-03B_run-011,sub-cp020,2,10000,43,51,50,2,2,3.0,0.05,2.654968400714223,0.01,3.115080327407809,3.115080327407809,0.8544612526893616,0.8683038353919983,0.8864835500717163,0.8707823753356934
sub-cp020_ses-20210604_level-04B_run-004,sub-cp020,2,10000,43,51,50,3,3,4.0,0.05,3.2939328732884694,0.01,3.7614425575514456,3.7614425575514456,0.7790337800979614,0.7759222388267517,0.8012238144874573,0.865348219871521
sub-cp020_ses-20210604_level-04B_run-006,sub-cp020,2,10000,43,51,50,3,3,4.0,0.05,3.141457850785805,0.01,4.073152307107223,4.0,0.7833015322685242,0.7787073254585266,0.7989234924316406,0.8517627716064453
sub-cp020_ses-20210604_level-04B_run-009,sub-cp020,2,10000,43,51,50,3,3,4.0,0.05,3.137066598557828,0.01,3.8717402124013898,3.8717402124013898,0.8163116574287415,0.8109595775604248,0.8337026834487915,0.8841722011566162
sub-cp026_ses-20210716_level-01B_run-001,sub-cp026,2,10000,43,51,50,0,0,1.0,0.05,1.918396122205,0.01,1.1084575726732724,1.1084575726732724,0.9194398522377014,0.9191619157791138,0.8909496665000916,0.8083000779151917
sub-cp026_ses-20210716_level-01B_run-007,sub-cp026,2,10000,43,51,50,0,0,1.0,0.05,1.9017117377786685,0.01,0.88037409350075,1.0,0.9342681169509888,0.9188249707221985,0.8976784348487854,0.8372153043746948
sub-cp026_ses-20210716_level-01B_run-012,sub-cp026,2,10000,43,51,50,0,0,1.0,0.05,1.8768533001514793,0.01,0.9938073085671613,1.0,0.9328915476799011,0.9136812686920166,0.891891360282898,0.8347678184509277
sub-cp026_ses-20210716_level-02B_run-003,sub-cp026,2,10000,43,51,50,1,0,2.0,0.05,2.1406183403797154,0.01,1.7838077763640674,1.7838077763640674,0.9226340055465698,0.9221681356430054,0.9099494814872742,0.8671613335609436
sub-cp026_ses-20210716_level-02B_run-008,sub-cp026,2,10000,43,51,50,1,1,2.0,0.05,2.0074430373187533,0.01,1.752629588555048,1.752629588555048,0.9070776700973511,0.9175561666488647,0.8926634788513184,0.8076286911964417
sub-cp026_ses-20210716_level-02B_run-010,sub-cp026,2,10000,43,51,50,1,1,2.0,0.05,2.1081916383511725,0.01,1.6735453998127168,1.6735453998127168,0.9192325472831726,0.9198042154312134,0.9052412509918213,0.8568692207336426
sub-cp026_ses-20210716_level-03B_run-002,sub-cp026,2,10000,43,51,50,2,2,3.0,0.05,2.3349360232568683,0.01,3.1589886513595293,3.1589886513595293,0.9061900973320007,0.9233474135398865,0.9318550229072571,0.8625624179840088
sub-cp026_ses-20210716_level-03B_run-005,sub-cp026,2,10000,43,51,50,2,2,3.0,0.05,2.293199902945006,0.01,2.756362528842013,2.756362528842013,0.9129451513290405,0.9252690672874451,0.9306631088256836,0.8655120730400085
sub-cp026_ses-20210716_level-03B_run-011,sub-cp026,2,10000,43,51,50,2,2,3.0,0.05,2.2833038331089512,0.01,2.744941153934406,2.744941153934406,0.91208416223526,0.9198200106620789,0.9260033369064331,0.8648354411125183
sub-cp026_ses-20210716_level-04B_run-004,sub-cp026,2,10000,43,51,50,3,3,4.0,0.05,3.208760215486157,0.01,4.193424177304617,4.0,0.8337229490280151,0.8292600512504578,0.8536334037780762,0.90982586145401
sub-cp026_ses-20210716_level-04B_run-006,sub-cp026,2,10000,43,51,50,3,3,4.0,0.05,3.0549227710126363,0.01,3.9088553520728855,3.9088553520728855,0.8611844182014465,0.8500823378562927,0.8723345994949341,0.91841059923172
sub-cp026_ses-20210716_level-04B_run-009,sub-cp026,2,10000,43,51,50,3,3,4.0,0.05,3.1519745404224,0.01,4.064523981529708,4.0,0.8565446138381958,0.8438014388084412,0.8674460649490356,0.9234694242477417
sub-cp031_ses-20211216_level-01B_run-001,sub-cp031,2,10000,43,51,50,0,0,1.0,0.05,2.158476834653105,0.01,1.6098656444018624,1.6098656444018624,0.9000674486160278,0.889152467250824,0.876771092414856,0.8556692600250244
sub-cp031_ses-20211216_level-01B_run-007,sub-cp031,2,10000,43,51,50,0,0,1.0,0.05,1.9464786701849923,0.01,0.8365762577871867,1.0,0.9301597476005554,0.9127651453018188,0.8954265713691711,0.8461594581604004
sub-cp031_ses-20211216_level-02B_run-003,sub-cp031,2,10000,43,51,50,1,1,2.0,0.05,2.0850054324645755,0.01,2.2640853229200113,2.2640853229200113,0.924882173538208,0.9398157596588135,0.9232348799705505,0.8345193862915039
sub-cp031_ses-20211216_level-02B_run-008,sub-cp031,2,10000,43,51,50,1,1,2.0,0.05,2.0602366749540657,0.01,1.7903068384083447,1.7903068384083447,0.9259238839149475,0.9341824054718018,0.9161805510520935,0.8414230942726135
sub-cp031_ses-20211216_level-02B_run-010,sub-cp031,2,10000,43,51,50,1,1,2.0,0.05,2.1355873444267393,0.01,1.732317810297177,1.732317810297177,0.9189615249633789,0.9223787188529968,0.9117332696914673,0.8563247323036194
sub-cp031_ses-20211216_level-02B_run-012,sub-cp031,2,10000,43,51,50,1,0,2.0,0.05,1.8987702545290184,0.01,0.910886217095473,1.0,0.9354320168495178,0.9238949418067932,0.9015849828720093,0.8307186365127563
sub-cp031_ses-20211216_level-03B_run-002,sub-cp031,2,10000,43,51,50,2,2,3.0,0.05,2.3063854429324615,0.01,3.378180497615148,3.378180497615148,0.9042767286300659,0.93035489320755,0.9366708397865295,0.8429454565048218
sub-cp031_ses-20211216_level-03B_run-005,sub-cp031,2,10000,43,51,50,2,2,3.0,0.05,2.3933065917191527,0.01,2.9052649894453717,2.9052649894453717,0.9025973081588745,0.9130862951278687,0.9288982152938843,0.8708669543266296
sub-cp031_ses-20211216_level-03B_run-011,sub-cp031,2,10000,43,51,50,2,2,3.0,0.05,2.2961704644700838,0.01,2.835347831122041,2.835347831122041,0.908454179763794,0.9315710663795471,0.9377201199531555,0.8474175930023193
sub-cp031_ses-20211216_level-04B_run-004,sub-cp031,2,10000,43,51,50,3,3,4.0,0.05,3.145041400493746,0.01,4.325512019144629,4.0,0.8601002097129822,0.8610857725143433,0.8849096894264221,0.9312981963157654
sub-cp031_ses-20211216_level-04B_run-006,sub-cp031,2,10000,43,51,50,3,3,4.0,0.05,3.033832700585365,0.01,3.8711987282673688,3.8711987282673688,0.8712559938430786,0.8667876124382019,0.891910195350647,0.9284119606018066
sub-cp031_ses-20211216_level-04B_run-009,sub-cp031,2,10000,43,51,50,3,3,4.0,0.05,3.147009094888803,0.01,4.005326137416743,4.0,0.8577298521995544,0.855273425579071,0.8781432509422302,0.9277459383010864
sub-cp038_ses-20220112_level-01B_run-001,sub-cp038,2,10000,43,51,50,0,0,1.0,0.05,2.231267389177398,0.01,1.3306989688103747,1.3306989688103747,0.8396754860877991,0.8282597064971924,0.8289406299591064,0.7996994853019714
sub-cp038_ses-20220112_level-01B_run-007,sub-cp038,2,10000,43,51,50,0,0,1.0,0.05,2.09273457483445,0.01,1.1647858024738362,1.1647858024738362,0.8272973299026489,0.7937331199645996,0.7865259647369385,0.7798711061477661
sub-cp038_ses-20220112_level-01B_run-012,sub-cp038,2,10000,43,51,50,0,0,1.0,0.05,2.0738665876367737,0.01,1.3222638200780712,1.3222638200780712,0.8489923477172852,0.8228264451026917,0.8168471455574036,0.7931711077690125
sub-cp038_ses-20220112_level-02B_run-003,sub-cp038,2,10000,43,51,50,1,0,2.0,0.05,2.2040459610332954,0.01,1.399356228893209,1.399356228893209,0.8883217573165894,0.8741846680641174,0.8670452237129211,0.8501927852630615
sub-cp038_ses-20220112_level-02B_run-008,sub-cp038,2,10000,43,51,50,1,0,2.0,0.05,2.060635984114414,0.01,1.6158703778635428,1.6158703778635428,0.8632093667984009,0.8349302411079407,0.8281388878822327,0.8069309592247009
sub-cp038_ses-20220112_level-02B_run-010,sub-cp038,2,10000,43,51,50,1,0,2.0,0.05,2.2360397140116186,0.01,1.1328262075014182,1.1328262075014182,0.831480085849762,0.7981976866722107,0.7979360818862915,0.8014122247695923
sub-cp038_ses-20220112_level-03B_run-002,sub-cp038,2,10000,43,51,50,2,2,3.0,0.05,2.4838566920881937,0.01,2.461341242627158,2.461341242627158,0.8669722676277161,0.878264844417572,0.8871454000473022,0.8599563241004944
sub-cp038_ses-20220112_level-03B_run-005,sub-cp038,2,10000,43,51,50,2,1,3.0,0.05,2.3619958249539943,0.01,2.0823344954784004,2.0823344954784004,0.8249854445457458,0.8309869170188904,0.8307728171348572,0.8029345870018005
sub-cp038_ses-20220112_level-03B_run-011,sub-cp038,2,10000,43,51,50,2,2,3.0,0.05,2.5583641367044043,0.01,2.7494162856542905,2.7494162856542905,0.8475520014762878,0.8275226354598999,0.848911702632904,0.8488184213638306
sub-cp038_ses-20220112_level-04B_run-004,sub-cp038,2,10000,43,51,50,3,3,4.0,0.05,3.1216902628160947,0.01,3.9093483511054345,3.9093483511054345,0.793660044670105,0.7851409316062927,0.8080763220787048,0.8587722182273865
sub-cp038_ses-20220112_level-04B_run-006,sub-cp038,2,10000,43,51,50,3,3,4.0,0.05,3.1851665936577813,0.01,4.025080697130619,4.0,0.8024932146072388,0.795286238193512,0.820939302444458,0.8750694394111633
sub-cp038_ses-20220112_level-04B_run-009,sub-cp038,2,10000,43,51,50,3,3,4.0,0.05,3.032030062160209,0.01,3.2801543195188976,3.2801543195188976,0.820191502571106,0.8032518625259399,0.8284159898757935,0.873393714427948
sub-cp009_ses-20210129_level-01B_run-001,sub-cp009,2,1000,44,51,50,0,3,1.0,0.05,2.530384590968417,0.1,2.0791459858590047,2.0791459858590047,0.8204118013381958,0.8108826279640198,0.8182926177978516,0.822051465511322
sub-cp009_ses-20210129_level-01B_run-007,sub-cp009,2,1000,44,51,50,0,3,1.0,0.05,2.534684248998134,0.1,1.9045720141182196,1.9045720141182196,0.8391686677932739,0.8330805897712708,0.8369584679603577,0.8423915505409241
sub-cp009_ses-20210129_level-01B_run-012,sub-cp009,2,1000,44,51,50,0,0,1.0,0.05,2.320466242931681,0.1,1.5349812762431299,1.5349812762431299,0.8780637979507446,0.8727949261665344,0.8741023540496826,0.8511843681335449
sub-cp009_ses-20210129_level-02B_run-003,sub-cp009,2,1000,44,51,50,1,1,2.0,0.05,2.354280251977204,0.1,2.008366147826738,2.008366147826738,0.8547905087471008,0.8745834231376648,0.8657885789871216,0.8335457444190979
sub-cp009_ses-20210129_level-02B_run-008,sub-cp009,2,1000,44,51,50,1,3,2.0,0.05,2.6242075421292985,0.1,1.875382755818656,1.875382755818656,0.8360868096351624,0.834237813949585,0.8469082117080688,0.8483770489692688
sub-cp009_ses-20210129_level-02B_run-010,sub-cp009,2,1000,44,51,50,1,1,2.0,0.05,2.184754786671913,0.1,1.416707479928468,1.416707479928468,0.8429412841796875,0.8496501445770264,0.8314337730407715,0.798639178276062
sub-cp009_ses-20210129_level-03B_run-002,sub-cp009,2,1000,44,51,50,2,3,3.0,0.05,2.7823210962358687,0.1,2.946946331181275,2.946946331181275,0.8056401610374451,0.8090941905975342,0.8270355463027954,0.83714759349823
sub-cp009_ses-20210129_level-03B_run-005,sub-cp009,2,1000,44,51,50,2,2,3.0,0.05,2.6261155346809444,0.1,2.6439576547082235,2.6439576547082235,0.8598914742469788,0.869796633720398,0.8878335356712341,0.8715774416923523
sub-cp009_ses-20210129_level-03B_run-011,sub-cp009,2,1000,44,51,50,2,2,3.0,0.05,2.6335063508510923,0.1,2.5701183302635062,2.5701183302635062,0.8721657991409302,0.8828418850898743,0.902664303779602,0.8843429684638977
sub-cp009_ses-20210129_level-04B_run-004,sub-cp009,2,1000,44,51,50,3,3,4.0,0.05,3.138468486725638,0.1,3.7440111271910266,3.7440111271910266,0.7926219701766968,0.7969957590103149,0.8153425455093384,0.8641088008880615
sub-cp009_ses-20210129_level-04B_run-006,sub-cp009,2,1000,44,51,50,3,3,4.0,0.05,3.0771072176719203,0.1,3.5286972207903897,3.5286972207903897,0.779710054397583,0.7867910265922546,0.815047562122345,0.8459933996200562
sub-cp009_ses-20210129_level-04B_run-009,sub-cp009,2,1000,44,51,50,3,3,4.0,0.05,3.159444241640813,0.1,3.4964570015395546,3.4964570015395546,0.7965539693832397,0.7924720048904419,0.8189094662666321,0.8675518035888672
sub-cp013_ses-20210319_level-01B_run-001,sub-cp013,2,1000,44,51,50,0,3,1.0,0.05,2.7297808862169908,0.1,2.717503853892723,2.717503853892723,0.868552565574646,0.8675347566604614,0.8842934966087341,0.8930827975273132
sub-cp013_ses-20210319_level-01B_run-007,sub-cp013,2,1000,44,51,50,0,0,1.0,0.05,2.3155371598476373,0.1,2.225845238619071,2.225845238619071,0.843738317489624,0.8108300566673279,0.8174344301223755,0.8212569355964661
sub-cp013_ses-20210319_level-01B_run-012,sub-cp013,2,1000,44,51,50,0,0,1.0,0.05,2.239862807230003,0.1,1.6134538647610035,1.6134538647610035,0.8807737231254578,0.8556467890739441,0.8537201285362244,0.8495423197746277
sub-cp013_ses-20210319_level-02B_run-003,sub-cp013,2,1000,44,51,50,1,3,2.0,0.05,2.794183822601738,0.1,3.240093619017509,3.240093619017509,0.8300293684005737,0.843285322189331,0.8602102994918823,0.8655389547348022
sub-cp013_ses-20210319_level-02B_run-008,sub-cp013,2,1000,44,51,50,1,3,2.0,0.05,3.0028384075821144,0.1,3.4794274867457826,3.4794274867457826,0.8028239607810974,0.8182994723320007,0.8392648696899414,0.8637909889221191
sub-cp013_ses-20210319_level-02B_run-010,sub-cp013,2,1000,44,51,50,1,3,2.0,0.05,2.564161613685461,0.1,3.089585640321322,3.089585640321322,0.8472983837127686,0.8352372646331787,0.8476591110229492,0.8517140746116638
sub-cp013_ses-20210319_level-03B_run-002,sub-cp013,2,1000,44,51,50,2,3,3.0,0.05,2.7603248803012153,0.1,3.117080611427684,3.117080611427684,0.8178613185882568,0.8226128220558167,0.8425367474555969,0.8466290831565857
sub-cp013_ses-20210319_level-03B_run-005,sub-cp013,2,1000,44,51,50,2,3,3.0,0.05,2.87879687839155,0.1,3.837528880335565,3.837528880335565,0.7749278545379639,0.7825303077697754,0.8004045486450195,0.8188733458518982
sub-cp013_ses-20210319_level-03B_run-011,sub-cp013,2,1000,44,51,50,2,3,3.0,0.05,2.9198061815843266,0.1,3.556933919733006,3.556933919733006,0.8293917179107666,0.8337118029594421,0.8537469506263733,0.8768743276596069
sub-cp013_ses-20210319_level-04B_run-004,sub-cp013,2,1000,44,51,50,3,3,4.0,0.05,2.8958710755207,0.1,2.8964583908797774,2.8964583908797774,0.6579235196113586,0.6477119326591492,0.6618322730064392,0.6990575790405273
sub-cp013_ses-20210319_level-04B_run-006,sub-cp013,2,1000,44,51,50,3,3,4.0,0.05,2.925976164637591,0.1,2.910397558397225,2.910397558397225,0.8261504769325256,0.8176682591438293,0.8297710418701172,0.8708888292312622
sub-cp013_ses-20210319_level-04B_run-009,sub-cp013,2,1000,44,51,50,3,3,4.0,0.05,2.9799434721471894,0.1,3.122801898802061,3.122801898802061,0.7862988710403442,0.7828459143638611,0.7993049621582031,0.8379951119422913
sub-cp015_ses-20210504_level-01B_run-001,sub-cp015,2,1000,44,51,50,0,0,1.0,0.05,1.8596001136064955,0.1,0.5559260346402641,1.0,0.9033563137054443,0.883841335773468,0.85685795545578,0.8074849843978882
sub-cp015_ses-20210504_level-01B_run-007,sub-cp015,2,1000,44,51,50,0,0,1.0,0.05,2.004407693817369,0.1,1.2345298002024299,1.2345298002024299,0.9201471209526062,0.9006738662719727,0.8811556696891785,0.8557927012443542
sub-cp015_ses-20210504_level-01B_run-012,sub-cp015,2,1000,44,51,50,0,0,1.0,0.05,2.0211387298396017,0.1,1.3276796309946,1.3276796309946,0.9150992631912231,0.8934674263000488,0.8749069571495056,0.8551570773124695
sub-cp015_ses-20210504_level-02B_run-003,sub-cp015,2,1000,44,51,50,1,1,2.0,0.05,2.0412988448660645,0.1,1.9316067909805172,1.9316067909805172,0.8961830139160156,0.9142451286315918,0.8823357224464417,0.813364565372467
sub-cp015_ses-20210504_level-02B_run-008,sub-cp015,2,1000,44,51,50,1,1,2.0,0.05,2.137320504033116,0.1,1.7729150186991531,1.7729150186991531,0.9104233384132385,0.9195579290390015,0.9031738638877869,0.8499661087989807
sub-cp015_ses-20210504_level-02B_run-010,sub-cp015,2,1000,44,51,50,1,0,2.0,0.05,2.11298535588426,0.1,1.3857202467886116,1.3857202467886116,0.9190844297409058,0.9066178798675537,0.8986147046089172,0.8627845644950867
sub-cp015_ses-20210504_level-03B_run-002,sub-cp015,2,1000,44,51,50,2,2,3.0,0.05,2.3602855941597536,0.1,2.7333399551919415,2.7333399551919415,0.8767354488372803,0.9003056883811951,0.9042466282844543,0.8426033854484558
sub-cp015_ses-20210504_level-03B_run-005,sub-cp015,2,1000,44,51,50,2,2,3.0,0.05,2.4095791640821225,0.1,2.852228218816546,2.852228218816546,0.8858747482299805,0.8846829533576965,0.8941359519958496,0.8680285215377808
sub-cp015_ses-20210504_level-03B_run-011,sub-cp015,2,1000,44,51,50,2,0,3.0,0.05,2.162082012207124,0.1,1.6652850604166929,1.6652850604166929,0.9189781546592712,0.9017258882522583,0.9038979411125183,0.8675518035888672
sub-cp015_ses-20210504_level-04B_run-004,sub-cp015,2,1000,44,51,50,3,3,4.0,0.05,3.162230788139606,0.1,4.04631356984429,4.0,0.8531432747840881,0.854279100894928,0.8787956237792969,0.9263473153114319
sub-cp015_ses-20210504_level-04B_run-006,sub-cp015,2,1000,44,51,50,3,3,4.0,0.05,3.0005714480973587,0.1,3.3807752364682457,3.3807752364682457,0.8285415768623352,0.8189307451248169,0.8406057953834534,0.8805291652679443
sub-cp015_ses-20210504_level-04B_run-009,sub-cp015,2,1000,44,51,50,3,3,4.0,0.05,3.019699553168862,0.1,3.5051011653827393,3.5051011653827393,0.8815176486968994,0.8740047812461853,0.8955305218696594,0.9361465573310852
sub-cp020_ses-20210604_level-01B_run-001,sub-cp020,2,1000,44,51,50,0,0,1.0,0.05,2.263873568176053,0.1,1.503048996759029,1.503048996759029,0.8614324331283569,0.8360788822174072,0.8226104378700256,0.8378891944885254
sub-cp020_ses-20210604_level-01B_run-007,sub-cp020,2,1000,44,51,50,0,0,1.0,0.05,2.106516147311936,0.1,1.3884180953992078,1.3884180953992078,0.9164276719093323,0.9153497815132141,0.8971396684646606,0.8592356443405151
sub-cp020_ses-20210604_level-01B_run-012,sub-cp020,2,1000,44,51,50,0,1,1.0,0.05,2.0535643695863133,0.1,1.3517100734039533,1.3517100734039533,0.9023467302322388,0.9095636010169983,0.8825234770774841,0.832221508026123
sub-cp020_ses-20210604_level-02B_run-003,sub-cp020,2,1000,44,51,50,1,1,2.0,0.05,2.1883849302486653,0.1,2.271524192310538,2.271524192310538,0.9004338383674622,0.9121410846710205,0.9033079743385315,0.8423385620117188
sub-cp020_ses-20210604_level-02B_run-008,sub-cp020,2,1000,44,51,50,1,1,2.0,0.05,2.1796891035790926,0.1,2.1482015263863685,2.1482015263863685,0.9055880308151245,0.9114046692848206,0.8981051445007324,0.856004536151886
sub-cp020_ses-20210604_level-02B_run-010,sub-cp020,2,1000,44,51,50,1,1,2.0,0.05,2.0927173344760304,0.1,1.7245045289945717,1.7245045289945717,0.889647364616394,0.9059340357780457,0.8827111721038818,0.8153244256973267
sub-cp020_ses-20210604_level-03B_run-002,sub-cp020,2,1000,44,51,50,2,3,3.0,0.05,2.8059839241915574,0.1,3.175797703966842,3.175797703966842,0.7984137535095215,0.8063588738441467,0.8275719285011292,0.8333868384361267
sub-cp020_ses-20210604_level-03B_run-005,sub-cp020,2,1000,44,51,50,2,2,3.0,0.05,2.356756104488232,0.1,2.435453321769216,2.435453321769216,0.8877876400947571,0.9026201367378235,0.9100662469863892,0.8537798523902893
sub-cp020_ses-20210604_level-03B_run-011,sub-cp020,2,1000,44,51,50,2,2,3.0,0.05,2.8011619134720007,0.1,3.0841193133255556,3.0841193133255556,0.8560657501220703,0.8718481063842773,0.8950477838516235,0.8921293616294861
sub-cp020_ses-20210604_level-04B_run-004,sub-cp020,2,1000,44,51,50,3,3,4.0,0.05,3.29730125209748,0.1,3.8670010100705645,3.8670010100705645,0.7903371453285217,0.7863702178001404,0.8172198534011841,0.8773510456085205
sub-cp020_ses-20210604_level-04B_run-006,sub-cp020,2,1000,44,51,50,3,3,4.0,0.05,3.0785057205358086,0.1,3.7283322273008297,3.7283322273008297,0.8084031939506531,0.8101988434791565,0.8262845873832703,0.8723189830780029
sub-cp020_ses-20210604_level-04B_run-009,sub-cp020,2,1000,44,51,50,3,3,4.0,0.05,3.158357515006681,0.1,4.245677566608887,4.0,0.8325267434120178,0.831344723701477,0.8555974364280701,0.9043651819229126
sub-cp026_ses-20210716_level-01B_run-001,sub-cp026,2,1000,44,51,50,0,1,1.0,0.05,1.9568980390633561,0.1,1.2530563849600869,1.2530563849600869,0.9252481460571289,0.9290788173675537,0.8972200751304626,0.8317447900772095
sub-cp026_ses-20210716_level-01B_run-007,sub-cp026,2,1000,44,51,50,0,0,1.0,0.05,1.9327253839907528,0.1,1.0525788405029242,1.0525788405029242,0.929339587688446,0.9115098714828491,0.8874849081039429,0.8500720262527466
sub-cp026_ses-20210716_level-01B_run-012,sub-cp026,2,1000,44,51,50,0,0,1.0,0.05,1.8959160495592262,0.1,0.6526921787766087,1.0,0.9302428960800171,0.9051976203918457,0.8832475543022156,0.8474236130714417
sub-cp026_ses-20210716_level-02B_run-003,sub-cp026,2,1000,44,51,50,1,1,2.0,0.05,2.2016407116405303,0.1,1.8065584796524616,1.8065584796524616,0.9189781546592712,0.92734295129776,0.9155909419059753,0.8713655471801758
sub-cp026_ses-20210716_level-02B_run-008,sub-cp026,2,1000,44,51,50,1,1,2.0,0.05,2.079504841493184,0.1,1.7488327577131413,1.7488327577131413,0.9138771295547485,0.9317615032196045,0.9074112176895142,0.8334397673606873
sub-cp026_ses-20210716_level-02B_run-010,sub-cp026,2,1000,44,51,50,1,1,2.0,0.05,2.173165971269646,0.1,1.857978359649745,1.857978359649745,0.9256200790405273,0.9288158416748047,0.9130163192749023,0.8787282109260559
sub-cp026_ses-20210716_level-03B_run-002,sub-cp026,2,1000,44,51,50,2,2,3.0,0.05,2.3923509238015686,0.1,3.1331204413825775,3.1331204413825775,0.9072883129119873,0.9197683334350586,0.9302339553833008,0.8801583647727966
sub-cp026_ses-20210716_level-03B_run-005,sub-cp026,2,1000,44,51,50,2,2,3.0,0.05,2.377586537700352,0.1,2.9550482879115982,2.9550482879115982,0.9058536887168884,0.9188740849494934,0.9265329837799072,0.8778277635574341
sub-cp026_ses-20210716_level-03B_run-011,sub-cp026,2,1000,44,51,50,2,2,3.0,0.05,2.3620230974527243,0.1,2.9001743321014586,2.9001743321014586,0.9153118133544922,0.9212411642074585,0.9300998449325562,0.8860379457473755
sub-cp026_ses-20210716_level-04B_run-004,sub-cp026,2,1000,44,51,50,3,3,4.0,0.05,3.1646280536712945,0.1,4.107887453914766,4.0,0.8524525165557861,0.8498079776763916,0.8766233325004578,0.9245993494987488
sub-cp026_ses-20210716_level-04B_run-006,sub-cp026,2,1000,44,51,50,3,3,4.0,0.05,3.060612616356165,0.1,3.8719573742860653,3.8719573742860653,0.8531964421272278,0.8506495952606201,0.8735927939414978,0.9138466119766235
sub-cp026_ses-20210716_level-04B_run-009,sub-cp026,2,1000,44,51,50,3,3,4.0,0.05,3.0822381748676735,0.1,4.117539809668911,4.0,0.8653644323348999,0.8629058003425598,0.8893890380859375,0.9285190105438232
sub-cp031_ses-20211216_level-01B_run-001,sub-cp031,2,1000,44,51,50,0,0,1.0,0.05,2.047310503210259,0.1,1.2240215029963593,1.2240215029963593,0.907554030418396,0.8929940462112427,0.8727077841758728,0.8492245078086853
sub-cp031_ses-20211216_level-01B_run-007,sub-cp031,2,1000,44,51,50,0,0,1.0,0.05,1.8940078468294663,0.1,0.48972371341370247,1.0,0.9261514544487,0.9029357433319092,0.879117488861084,0.8425504565238953
sub-cp031_ses-20211216_level-02B_run-003,sub-cp031,2,1000,44,51,50,1,1,2.0,0.05,2.083257285368637,0.1,1.6518963468761745,1.6518963468761745,0.9152055382728577,0.9288158416748047,0.9087253212928772,0.8352407217025757
sub-cp031_ses-20211216_level-02B_run-008,sub-cp031,2,1000,44,51,50,1,1,2.0,0.05,2.0817335458888486,0.1,1.784750285124916,1.784750285124916,0.9230164289474487,0.9303938746452332,0.9106830954551697,0.8515021800994873
sub-cp031_ses-20211216_level-02B_run-010,sub-cp031,2,1000,44,51,50,1,1,2.0,0.05,2.1876426965237803,0.1,2.0412614040617036,2.0412614040617036,0.9148867130279541,0.9198209047317505,0.9093421697616577,0.8649563193321228
sub-cp031_ses-20211216_level-02B_run-012,sub-cp031,2,1000,44,51,50,1,0,2.0,0.05,1.917300232399289,0.1,0.8819371533966698,1.0,0.9300834536552429,0.9159809947013855,0.8932241201400757,0.8390015363693237
sub-cp031_ses-20211216_level-03B_run-002,sub-cp031,2,1000,44,51,50,2,2,3.0,0.05,2.4286105669369236,0.1,3.277989121984702,3.277989121984702,0.8872562646865845,0.9205047488212585,0.9317089915275574,0.8578054904937744
sub-cp031_ses-20211216_level-03B_run-005,sub-cp031,2,1000,44,51,50,2,2,3.0,0.05,2.40473159806547,0.1,2.6492487775566724,2.6492487775566724,0.9113797545433044,0.9223983883857727,0.9366704225540161,0.88397216796875
sub-cp031_ses-20211216_level-03B_run-011,sub-cp031,2,1000,44,51,50,2,2,3.0,0.05,2.4169171860575416,0.1,3.21337701507036,3.21337701507036,0.8979365229606628,0.925659716129303,0.9403982162475586,0.8625197410583496
sub-cp031_ses-20211216_level-04B_run-004,sub-cp031,2,1000,44,51,50,3,3,4.0,0.05,3.019974944017946,0.1,4.064932809739595,4.0,0.8667459487915039,0.8724793195724487,0.8973541855812073,0.9259235858917236
sub-cp031_ses-20211216_level-04B_run-006,sub-cp031,2,1000,44,51,50,3,3,4.0,0.05,3.0123711747555633,0.1,3.8797538201201935,3.8797538201201935,0.8735473155975342,0.8755828142166138,0.8983733057975769,0.9305318593978882
sub-cp031_ses-20211216_level-04B_run-009,sub-cp031,2,1000,44,51,50,3,3,4.0,0.05,3.1587915682757473,0.1,4.418117444107356,4.0,0.8445353507995605,0.8532270789146423,0.8801634311676025,0.9207326173782349
sub-cp038_ses-20220112_level-01B_run-001,sub-cp038,2,1000,44,51,50,0,0,1.0,0.05,2.200661343746256,0.1,1.3603823447881258,1.3603823447881258,0.8552155494689941,0.847335696220398,0.8441726565361023,0.8101864457130432
sub-cp038_ses-20220112_level-01B_run-007,sub-cp038,2,1000,44,51,50,0,0,1.0,0.05,2.1239843571471537,0.1,1.446326056376181,1.446326056376181,0.8208369016647339,0.7920511960983276,0.7838842272758484,0.7766571044921875
sub-cp038_ses-20220112_level-01B_run-012,sub-cp038,2,1000,44,51,50,0,0,1.0,0.05,1.9999202261543472,0.1,0.7446007098549918,1.0,0.8534089922904968,0.8234544992446899,0.8133580088615417,0.7889458537101746
sub-cp038_ses-20220112_level-02B_run-003,sub-cp038,2,1000,44,51,50,1,0,2.0,0.05,2.2131131927866874,0.1,1.3988015705470054,1.3988015705470054,0.88826584815979,0.8687446117401123,0.861202597618103,0.8539387583732605
sub-cp038_ses-20220112_level-02B_run-008,sub-cp038,2,1000,44,51,50,1,0,2.0,0.05,2.1345591811493896,0.1,1.648480625419751,1.648480625419751,0.8647799491882324,0.8388141989707947,0.8319701552391052,0.8202505111694336
sub-cp038_ses-20220112_level-02B_run-010,sub-cp038,2,1000,44,51,50,1,0,2.0,0.05,2.0546642563641053,0.1,1.376440801387962,1.376440801387962,0.8316234350204468,0.7997836470603943,0.7843133211135864,0.7816891074180603
sub-cp038_ses-20220112_level-03B_run-002,sub-cp038,2,1000,44,51,50,2,2,3.0,0.05,2.5201639352591876,0.1,2.2962029109619384,2.2962029109619384,0.8765760064125061,0.8885228633880615,0.8954500555992126,0.8766095042228699
sub-cp038_ses-20220112_level-03B_run-005,sub-cp038,2,1000,44,51,50,2,2,3.0,0.05,2.5885028394184877,0.1,2.829306505826561,2.829306505826561,0.8258847594261169,0.8393402099609375,0.8495364189147949,0.8351348042488098
sub-cp038_ses-20220112_level-03B_run-011,sub-cp038,2,1000,44,51,50,2,3,3.0,0.05,2.5387768330539373,0.1,2.9144547040831625,2.9144547040831625,0.8554812669754028,0.8262949585914612,0.8417053818702698,0.856428325176239
sub-cp038_ses-20220112_level-04B_run-004,sub-cp038,2,1000,44,51,50,3,3,4.0,0.05,2.8954977143629335,0.1,3.2728592794951057,3.2728592794951057,0.8209963440895081,0.8129867315292358,0.8296637535095215,0.8625197410583496
sub-cp038_ses-20220112_level-04B_run-006,sub-cp038,2,1000,44,51,50,3,3,4.0,0.05,3.1005980669278355,0.1,3.58569496587461,3.58569496587461,0.8029302358627319,0.8045178055763245,0.8268477916717529,0.8694056868553162
sub-cp038_ses-20220112_level-04B_run-009,sub-cp038,2,1000,44,51,50,3,3,4.0,0.05,2.965563720371979,0.1,3.0854045281141564,3.0854045281141564,0.8201461434364319,0.8037288188934326,0.8224226832389832,0.8667042851448059
sub-cp009_ses-20210129_level-01B_run-001,sub-cp009,2,2000,44,51,50,0,3,1.0,0.05,2.551946316341508,0.1,1.5646302853834941,1.5646302853834941,0.8011673092842102,0.7919715046882629,0.8024123311042786,0.8046276569366455
sub-cp009_ses-20210129_level-01B_run-007,sub-cp009,2,2000,44,51,50,0,0,1.0,0.05,2.463763260409667,0.1,1.7138392717984487,1.7138392717984487,0.8401551842689514,0.8325719237327576,0.8356609344482422,0.8345063924789429
sub-cp009_ses-20210129_level-01B_run-012,sub-cp009,2,2000,44,51,50,0,0,1.0,0.05,2.356539474868563,0.1,1.9320566705956255,1.9320566705956255,0.8640801310539246,0.8624352216720581,0.8636555075645447,0.8423191905021667
sub-cp009_ses-20210129_level-02B_run-003,sub-cp009,2,2000,44,51,50,1,1,2.0,0.05,2.309124183340286,0.1,1.8729647350833138,1.8729647350833138,0.8564156293869019,0.869795560836792,0.8606512546539307,0.8281716704368591
sub-cp009_ses-20210129_level-02B_run-008,sub-cp009,2,2000,44,51,50,1,3,2.0,0.05,2.5768173850762315,0.1,1.7813643528404197,1.7813643528404197,0.8320648670196533,0.828825831413269,0.8388268351554871,0.8389406800270081
sub-cp009_ses-20210129_level-02B_run-010,sub-cp009,2,2000,44,51,50,1,1,2.0,0.05,2.180743294708827,0.1,1.407405956556095,1.407405956556095,0.8302019834518433,0.8320706486701965,0.8202894926071167,0.7821921706199646
sub-cp009_ses-20210129_level-03B_run-002,sub-cp009,2,2000,44,51,50,2,3,3.0,0.05,2.7929084647908287,0.1,2.5473764665789873,2.5473764665789873,0.8079269528388977,0.8047662973403931,0.8237921595573425,0.8391254544258118
sub-cp009_ses-20210129_level-03B_run-005,sub-cp009,2,2000,44,51,50,2,2,3.0,0.05,2.6864266885049153,0.1,2.537794282050628,2.537794282050628,0.8577463030815125,0.8619076013565063,0.8795927166938782,0.8774240612983704
sub-cp009_ses-20210129_level-03B_run-011,sub-cp009,2,2000,44,51,50,2,2,3.0,0.05,2.5799619215747853,0.1,2.35801855985421,2.35801855985421,0.8711857795715332,0.8780264258384705,0.8957993984222412,0.8758140206336975
sub-cp009_ses-20210129_level-04B_run-004,sub-cp009,2,2000,44,51,50,3,3,4.0,0.05,3.1955845950908746,0.1,3.4210179321053924,3.4210179321053924,0.7874084711074829,0.7825798392295837,0.8047294616699219,0.8617456555366516
sub-cp009_ses-20210129_level-04B_run-006,sub-cp009,2,2000,44,51,50,3,3,4.0,0.05,3.0851835054659666,0.1,3.5409441720341825,3.5409441720341825,0.7988786101341248,0.7980918884277344,0.8257051706314087,0.8630126118659973
sub-cp009_ses-20210129_level-04B_run-009,sub-cp009,2,2000,44,51,50,3,3,4.0,0.05,3.241640996578952,0.1,3.6075194402676862,3.6075194402676862,0.7939552068710327,0.7831602692604065,0.808838427066803,0.8713797330856323
sub-cp013_ses-20210319_level-01B_run-001,sub-cp013,2,2000,44,51,50,0,3,1.0,0.05,2.845859474721027,0.1,2.9803555446834515,2.9803555446834515,0.8550317883491516,0.8499042391777039,0.8689364790916443,0.8917563557624817
sub-cp013_ses-20210319_level-01B_run-007,sub-cp013,2,2000,44,51,50,0,0,1.0,0.05,2.394864315560345,0.1,2.063684301376906,2.063684301376906,0.8311334252357483,0.7976961731910706,0.8055242896080017,0.8180097341537476
sub-cp013_ses-20210319_level-01B_run-012,sub-cp013,2,2000,44,51,50,0,0,1.0,0.05,2.3696493573944197,0.1,1.6842007373218972,1.6842007373218972,0.87288898229599,0.8505110144615173,0.8527567386627197,0.8569154143333435
sub-cp013_ses-20210319_level-02B_run-003,sub-cp013,2,2000,44,51,50,1,3,2.0,0.05,2.8225290723693286,0.1,3.2382719569326115,3.2382719569326115,0.8353382349014282,0.8443378210067749,0.8625238537788391,0.8730161786079407
sub-cp013_ses-20210319_level-02B_run-008,sub-cp013,2,2000,44,51,50,1,3,2.0,0.05,3.076638369513524,0.1,3.5525573894741966,3.5525573894741966,0.7965100407600403,0.8070878386497498,0.8299623131752014,0.8639364242553711
sub-cp013_ses-20210319_level-02B_run-010,sub-cp013,2,2000,44,51,50,1,3,2.0,0.05,2.5640753412063386,0.1,2.6516163057983113,2.6516163057983113,0.8488043546676636,0.8346296548843384,0.8466944098472595,0.8532993793487549
sub-cp013_ses-20210319_level-03B_run-002,sub-cp013,2,2000,44,51,50,2,3,3.0,0.05,2.7811712161054976,0.1,3.0484236381694894,3.0484236381694894,0.8207544088363647,0.8220722675323486,0.8430569767951965,0.8512141704559326
sub-cp013_ses-20210319_level-03B_run-005,sub-cp013,2,2000,44,51,50,2,3,3.0,0.05,2.9294337875352006,0.1,3.777079252371844,3.777079252371844,0.7598907351493835,0.7696003913879395,0.792227566242218,0.8101177215576172
sub-cp013_ses-20210319_level-03B_run-011,sub-cp013,2,2000,44,51,50,2,3,3.0,0.05,2.969327028314475,0.1,3.5153186305427995,3.5153186305427995,0.8271946907043457,0.8265306353569031,0.848216712474823,0.8785590529441833
sub-cp013_ses-20210319_level-04B_run-004,sub-cp013,2,2000,44,51,50,3,3,4.0,0.05,3.0452115501696153,0.1,3.2460397455172023,3.2460397455172023,0.6735851764678955,0.6652107238769531,0.683307409286499,0.7305642366409302
sub-cp013_ses-20210319_level-04B_run-006,sub-cp013,2,2000,44,51,50,3,3,4.0,0.05,3.0944716857530326,0.1,3.3240894997385926,3.3240894997385926,0.8080600500106812,0.7965354323387146,0.8156012892723083,0.8691625595092773
sub-cp013_ses-20210319_level-04B_run-009,sub-cp013,2,2000,44,51,50,3,3,4.0,0.05,3.092100268085911,0.1,3.337667089594639,3.337667089594639,0.7843213677406311,0.7788337469100952,0.8018869161605835,0.8473342061042786
sub-cp015_ses-20210504_level-01B_run-001,sub-cp015,2,2000,44,51,50,0,0,1.0,0.05,1.811202256883337,0.1,0.5215731718446461,1.0,0.9014180302619934,0.8835664391517639,0.8535246253013611,0.7872071862220764
sub-cp015_ses-20210504_level-01B_run-007,sub-cp015,2,2000,44,51,50,0,0,1.0,0.05,2.0266526745495446,0.1,1.0646838788915551,1.0646838788915551,0.9178381562232971,0.9028773307800293,0.8866519927978516,0.8516101241111755
sub-cp015_ses-20210504_level-01B_run-012,sub-cp015,2,2000,44,51,50,0,0,1.0,0.05,2.06280316191714,0.1,1.4211631188640237,1.4211631188640237,0.9084171652793884,0.8900825381278992,0.8756185173988342,0.8514517545700073
sub-cp015_ses-20210504_level-02B_run-003,sub-cp015,2,2000,44,51,50,1,1,2.0,0.05,1.9808661391938327,0.1,1.8465185790756222,1.8465185790756222,0.9038664102554321,0.9186531901359558,0.8851162195205688,0.8003516793251038
sub-cp015_ses-20210504_level-02B_run-008,sub-cp015,2,2000,44,51,50,1,1,2.0,0.05,2.0981433720398868,0.1,1.7631725623031305,1.7631725623031305,0.9120897650718689,0.9197084307670593,0.9035053253173828,0.8403396010398865
sub-cp015_ses-20210504_level-02B_run-010,sub-cp015,2,2000,44,51,50,1,0,2.0,0.05,2.0982166708769907,0.1,1.4482343037045884,1.4482343037045884,0.9188228249549866,0.9086019992828369,0.9000565409660339,0.8575752973556519
sub-cp015_ses-20210504_level-03B_run-002,sub-cp015,2,2000,44,51,50,2,2,3.0,0.05,2.318790514413208,0.1,2.7931190247837097,2.7931190247837097,0.8736873865127563,0.895279586315155,0.8996793031692505,0.8272478580474854
sub-cp015_ses-20210504_level-03B_run-005,sub-cp015,2,2000,44,51,50,2,2,3.0,0.05,2.3598023099819425,0.1,2.6726324042917122,2.6726324042917122,0.8880583643913269,0.8882622718811035,0.8963786959648132,0.8615344762802124
sub-cp015_ses-20210504_level-03B_run-011,sub-cp015,2,2000,44,51,50,2,0,3.0,0.05,2.169718734951667,0.1,1.8677199003416467,1.8677199003416467,0.9169599413871765,0.9050142168998718,0.9069406390190125,0.86314457654953
sub-cp015_ses-20210504_level-04B_run-004,sub-cp015,2,2000,44,51,50,3,3,4.0,0.05,3.141948371861081,0.1,4.005563301120378,4.0,0.8574002981185913,0.855523407459259,0.8785823583602905,0.92709881067276
sub-cp015_ses-20210504_level-04B_run-006,sub-cp015,2,2000,44,51,50,3,3,4.0,0.05,3.130939058881329,0.1,3.4376186890733695,3.4376186890733695,0.8244801759719849,0.8131818771362305,0.839850664138794,0.8898295760154724
sub-cp015_ses-20210504_level-04B_run-009,sub-cp015,2,2000,44,51,50,3,3,4.0,0.05,3.1616238982249643,0.1,3.8359924850254394,3.8359924850254394,0.8702543377876282,0.8609315156936646,0.8832032084465027,0.9392931461334229
sub-cp020_ses-20210604_level-01B_run-001,sub-cp020,2,2000,44,51,50,0,0,1.0,0.05,2.2430089046335846,0.1,1.342412820599076,1.342412820599076,0.8567349910736084,0.8300920724868774,0.8168811202049255,0.8307319283485413
sub-cp020_ses-20210604_level-01B_run-007,sub-cp020,2,2000,44,51,50,0,1,1.0,0.05,2.131928594425212,0.1,1.6623356203214192,1.6623356203214192,0.9142986536026001,0.9178353548049927,0.904556155204773,0.853985607624054
sub-cp020_ses-20210604_level-01B_run-012,sub-cp020,2,2000,44,51,50,0,1,1.0,0.05,2.0481153386074737,0.1,1.3754317487485799,1.3754317487485799,0.9032542705535889,0.9125328063964844,0.8882551193237305,0.8241068720817566
sub-cp020_ses-20210604_level-02B_run-003,sub-cp020,2,2000,44,51,50,1,1,2.0,0.05,2.1570005558653844,0.1,2.1208711805936105,2.1208711805936105,0.9004865288734436,0.9134561419487,0.9033840894699097,0.8318669199943542
sub-cp020_ses-20210604_level-02B_run-008,sub-cp020,2,2000,44,51,50,1,1,2.0,0.05,2.1442171504002907,0.1,2.059991405800744,2.059991405800744,0.9054099321365356,0.9117413759231567,0.8973621129989624,0.8472021818161011
sub-cp020_ses-20210604_level-02B_run-010,sub-cp020,2,2000,44,51,50,1,1,2.0,0.05,2.0882571420201788,0.1,1.7991590643127169,1.7991590643127169,0.888324499130249,0.9052516222000122,0.8841866254806519,0.8065808415412903
sub-cp020_ses-20210604_level-03B_run-002,sub-cp020,2,2000,44,51,50,2,3,3.0,0.05,2.8703067030902907,0.1,3.0552090282615483,3.0552090282615483,0.7973882555961609,0.8059006929397583,0.8286016583442688,0.8402076363563538
sub-cp020_ses-20210604_level-03B_run-005,sub-cp020,2,2000,44,51,50,2,2,3.0,0.05,2.341102447381681,0.1,2.561512531468484,2.561512531468484,0.8821236491203308,0.8984453082084656,0.9072235822677612,0.8407618999481201
sub-cp020_ses-20210604_level-03B_run-011,sub-cp020,2,2000,44,51,50,2,2,3.0,0.05,2.6964556015867798,0.1,3.0157658534951537,3.0157658534951537,0.8587841987609863,0.8725655674934387,0.8949102759361267,0.8799051642417908
sub-cp020_ses-20210604_level-04B_run-004,sub-cp020,2,2000,44,51,50,3,3,4.0,0.05,3.3153908152818685,0.1,3.8983080145577342,3.8983080145577342,0.7787060141563416,0.7760373950004578,0.8046486377716064,0.8681067824363708
sub-cp020_ses-20210604_level-04B_run-006,sub-cp020,2,2000,44,51,50,3,3,4.0,0.05,3.1665119653636387,0.1,3.819136989162419,3.819136989162419,0.7974947094917297,0.7967992424964905,0.8175143003463745,0.8701655268669128
sub-cp020_ses-20210604_level-04B_run-009,sub-cp020,2,2000,44,51,50,3,3,4.0,0.05,3.15082801210633,0.1,4.051935063722557,4.0,0.8295632600784302,0.8278496861457825,0.8499680757522583,0.9002290368080139
sub-cp026_ses-20210716_level-01B_run-001,sub-cp026,2,2000,44,51,50,0,1,1.0,0.05,1.9071706115611853,0.1,1.0343603209298053,1.0343603209298053,0.9219365119934082,0.9239821434020996,0.8906261920928955,0.810698390007019
sub-cp026_ses-20210716_level-01B_run-007,sub-cp026,2,2000,44,51,50,0,0,1.0,0.05,1.90803179838298,0.1,1.003650064669077,1.003650064669077,0.9357219934463501,0.9183629751205444,0.8957724571228027,0.8465951085090637
sub-cp026_ses-20210716_level-01B_run-012,sub-cp026,2,2000,44,51,50,0,0,1.0,0.05,1.8535189032177934,0.1,0.6316069193823863,1.0,0.9322623610496521,0.910000205039978,0.8845369219779968,0.8368291258811951
sub-cp026_ses-20210716_level-02B_run-003,sub-cp026,2,2000,44,51,50,1,1,2.0,0.05,2.17446451340569,0.1,1.914927221500525,1.914927221500525,0.9187962412834167,0.923691987991333,0.9123833179473877,0.866443932056427
sub-cp026_ses-20210716_level-02B_run-008,sub-cp026,2,2000,44,51,50,1,1,2.0,0.05,2.035190508016611,0.1,1.8981820352604046,1.8981820352604046,0.9094817042350769,0.9235600829124451,0.899652361869812,0.8136810064315796
sub-cp026_ses-20210716_level-02B_run-010,sub-cp026,2,2000,44,51,50,1,1,2.0,0.05,2.1341003493337314,0.1,1.93693494710529,1.93693494710529,0.9177582859992981,0.9207109212875366,0.9055665135383606,0.8608482480049133
sub-cp026_ses-20210716_level-03B_run-002,sub-cp026,2,2000,44,51,50,2,2,3.0,0.05,2.3432778755301777,0.1,3.079794102066967,3.079794102066967,0.9021631479263306,0.9193127155303955,0.9267308712005615,0.8627750277519226
sub-cp026_ses-20210716_level-03B_run-005,sub-cp026,2,2000,44,51,50,2,2,3.0,0.05,2.331663558666473,0.1,2.860278529248047,2.860278529248047,0.9047179818153381,0.919471025466919,0.9260033369064331,0.8650186061859131
sub-cp026_ses-20210716_level-03B_run-011,sub-cp026,2,2000,44,51,50,2,2,3.0,0.05,2.345461837360722,0.1,3.0515617984471923,3.0515617984471923,0.9034139513969421,0.9132714867591858,0.9219752550125122,0.8681595325469971
sub-cp026_ses-20210716_level-04B_run-004,sub-cp026,2,2000,44,51,50,3,3,4.0,0.05,3.226576602644658,0.1,4.097655735136609,4.0,0.8439075946807861,0.8387978076934814,0.8633590936660767,0.921740710735321
sub-cp026_ses-20210716_level-04B_run-006,sub-cp026,2,2000,44,51,50,3,3,4.0,0.05,3.1175505499503613,0.1,3.884715723724448,3.884715723724448,0.8587575554847717,0.8501680493354797,0.8713883757591248,0.9233243465423584
sub-cp026_ses-20210716_level-04B_run-009,sub-cp026,2,2000,44,51,50,3,3,4.0,0.05,3.1126359363233354,0.1,4.0245682629978985,4.0,0.864133358001709,0.8564994931221008,0.8813844919204712,0.9286825060844421
sub-cp031_ses-20211216_level-01B_run-001,sub-cp031,2,2000,44,51,50,0,0,1.0,0.05,2.1191520907536647,0.1,1.2141982767531072,1.2141982767531072,0.8969736695289612,0.8829596638679504,0.8676701188087463,0.8488914370536804
sub-cp031_ses-20211216_level-01B_run-007,sub-cp031,2,2000,44,51,50,0,0,1.0,0.05,1.898396425945183,0.1,0.5238209563807423,1.0,0.9260082840919495,0.9052252173423767,0.8847659230232239,0.8361692428588867
sub-cp031_ses-20211216_level-02B_run-003,sub-cp031,2,2000,44,51,50,1,1,2.0,0.05,2.0786191394227256,0.1,1.9136097573595425,1.9136097573595425,0.9143518805503845,0.927992045879364,0.910254716873169,0.8267199397087097
sub-cp031_ses-20211216_level-02B_run-008,sub-cp031,2,2000,44,51,50,1,1,2.0,0.05,2.043734003745451,0.1,1.7472683051379039,1.7472683051379039,0.9226284623146057,0.9313952326774597,0.9105915427207947,0.8357469439506531
sub-cp031_ses-20211216_level-02B_run-010,sub-cp031,2,2000,44,51,50,1,1,2.0,0.05,2.1234677411206837,0.1,2.0276583749641306,2.0276583749641306,0.9176784753799438,0.9207372665405273,0.9064017534255981,0.8567834496498108
sub-cp031_ses-20211216_level-02B_run-012,sub-cp031,2,2000,44,51,50,1,0,2.0,0.05,1.89150314423116,0.1,0.9449010393743349,1.0,0.9348970055580139,0.9219244122505188,0.8972678184509277,0.8349286913871765
sub-cp031_ses-20211216_level-03B_run-002,sub-cp031,2,2000,44,51,50,2,2,3.0,0.05,2.3620862349053504,0.1,3.3902190269046955,3.3902190269046955,0.8942059278488159,0.9243515133857727,0.9332108497619629,0.8465951085090637
sub-cp031_ses-20211216_level-03B_run-005,sub-cp031,2,2000,44,51,50,2,2,3.0,0.05,2.3901679389987196,0.1,2.7359266249202174,2.7359266249202174,0.9021365642547607,0.9124800562858582,0.9262728095054626,0.8720395565032959
sub-cp031_ses-20211216_level-03B_run-011,sub-cp031,2,2000,44,51,50,2,2,3.0,0.05,2.314140040867365,0.1,2.9552989723814522,2.9552989723814522,0.9028285145759583,0.9277018904685974,0.9355683922767639,0.8431110382080078
sub-cp031_ses-20211216_level-04B_run-004,sub-cp031,2,2000,44,51,50,3,3,4.0,0.05,3.116212601166065,0.1,4.239268252199444,4.0,0.8644261360168457,0.8644402027130127,0.8883225321769714,0.9320874214172363
sub-cp031_ses-20211216_level-04B_run-006,sub-cp031,2,2000,44,51,50,3,3,4.0,0.05,3.0636076598675275,0.1,4.077738786012805,4.0,0.8662091493606567,0.8680279850959778,0.8913401961326599,0.9287616610527039
sub-cp031_ses-20211216_level-04B_run-009,sub-cp031,2,2000,44,51,50,3,3,4.0,0.05,3.1745599603506367,0.1,4.318919745046853,4.0,0.8515454530715942,0.8548374772071838,0.8795388340950012,0.9270195960998535
sub-cp038_ses-20220112_level-01B_run-001,sub-cp038,2,2000,44,51,50,0,0,1.0,0.05,2.144330992769996,0.1,1.4999420617173673,1.4999420617173673,0.8458237051963806,0.8385868072509766,0.8330069780349731,0.7899522185325623
sub-cp038_ses-20220112_level-01B_run-007,sub-cp038,2,2000,44,51,50,0,0,1.0,0.05,2.1192285063703826,0.1,1.0807769672928453,1.0807769672928453,0.8325439095497131,0.8015214204788208,0.7914057970046997,0.7895826697349548
sub-cp038_ses-20220112_level-01B_run-012,sub-cp038,2,2000,44,51,50,0,0,1.0,0.05,2.132668719448804,0.1,1.1723537225932472,1.1723537225932472,0.8467019200325012,0.8204630017280579,0.8150354623794556,0.8011435270309448
sub-cp038_ses-20220112_level-02B_run-003,sub-cp038,2,2000,44,51,50,1,0,2.0,0.05,2.156929106391643,0.1,1.3709945977976177,1.3709945977976177,0.8899478316307068,0.8737790584564209,0.8651912808418274,0.84543377161026
sub-cp038_ses-20220112_level-02B_run-008,sub-cp038,2,2000,44,51,50,1,0,2.0,0.05,2.111792121507024,0.1,1.5298119840766846,1.5298119840766846,0.8717180490493774,0.8449710011482239,0.838247537612915,0.823684573173523
sub-cp038_ses-20220112_level-02B_run-010,sub-cp038,2,2000,44,51,50,1,0,2.0,0.05,2.1662065762979315,0.1,1.3642149980038236,1.3642149980038236,0.8319849967956543,0.802207350730896,0.7938306927680969,0.7946504354476929
sub-cp038_ses-20220112_level-03B_run-002,sub-cp038,2,2000,44,51,50,2,2,3.0,0.05,2.4899781058092634,0.1,2.239846991293737,2.239846991293737,0.8743261098861694,0.8825375437736511,0.892094612121582,0.8683443069458008
sub-cp038_ses-20220112_level-03B_run-005,sub-cp038,2,2000,44,51,50,2,2,3.0,0.05,2.503357185268975,0.1,2.8820412304682272,2.8820412304682272,0.8247995376586914,0.8394045829772949,0.8474353551864624,0.8213354349136353
sub-cp038_ses-20220112_level-03B_run-011,sub-cp038,2,2000,44,51,50,2,3,3.0,0.05,2.6731302295415738,0.1,2.9826297058189457,2.9826297058189457,0.8420447111129761,0.8193286061286926,0.838355302810669,0.8572058081626892
sub-cp038_ses-20220112_level-04B_run-004,sub-cp038,2,2000,44,51,50,3,3,4.0,0.05,2.979577133744896,0.1,3.3186246274831905,3.3186246274831905,0.8105084300041199,0.8003342747688293,0.8189018964767456,0.8601619601249695
sub-cp038_ses-20220112_level-04B_run-006,sub-cp038,2,2000,44,51,50,3,3,4.0,0.05,3.168040392918009,0.1,3.7397943909522184,3.7397943909522184,0.8054253458976746,0.799964964389801,0.8230646848678589,0.8766058683395386
sub-cp038_ses-20220112_level-04B_run-009,sub-cp038,2,2000,44,51,50,3,3,4.0,0.05,3.09559958879154,0.1,3.2597720304652147,3.2597720304652147,0.8215527534484863,0.8085651993751526,0.8318483829498291,0.8824654817581177
sub-cp009_ses-20210129_level-01B_run-001,sub-cp009,2,5000,44,51,50,0,3,1.0,0.05,2.601633402982811,0.01,1.4904636344501305,1.4904636344501305,0.7953550815582275,0.7853745818138123,0.7966862916946411,0.8046866059303284
sub-cp009_ses-20210129_level-01B_run-007,sub-cp009,2,5000,44,51,50,0,0,1.0,0.05,2.4960834959619502,0.01,1.5650714152586336,1.5650714152586336,0.847100019454956,0.8399102687835693,0.8460903167724609,0.8446458578109741
sub-cp009_ses-20210129_level-01B_run-012,sub-cp009,2,5000,44,51,50,0,0,1.0,0.05,2.3945285231529603,0.01,1.6117270942202164,1.6117270942202164,0.8679937720298767,0.862123429775238,0.8639716506004333,0.8528808355331421
sub-cp009_ses-20210129_level-02B_run-003,sub-cp009,2,5000,44,51,50,1,1,2.0,0.05,2.346062555244661,0.01,2.0548583215341303,2.0548583215341303,0.8494724035263062,0.8626299500465393,0.8561596274375916,0.8266959190368652
sub-cp009_ses-20210129_level-02B_run-008,sub-cp009,2,5000,44,51,50,1,3,2.0,0.05,2.5619176986970134,0.01,1.8616683300352828,1.8616683300352828,0.8389723300933838,0.8373459577560425,0.8442423343658447,0.8448995351791382
sub-cp009_ses-20210129_level-02B_run-010,sub-cp009,2,5000,44,51,50,1,1,2.0,0.05,2.210195032078934,0.01,1.3583091690424285,1.3583091690424285,0.8419297933578491,0.8490171432495117,0.8379065990447998,0.7966524958610535
sub-cp009_ses-20210129_level-03B_run-002,sub-cp009,2,5000,44,51,50,2,3,3.0,0.05,2.8009686867089147,0.01,2.807825537375978,2.807825537375978,0.816174328327179,0.8106374740600586,0.8296689987182617,0.8478066325187683
sub-cp009_ses-20210129_level-03B_run-005,sub-cp009,2,5000,44,51,50,2,2,3.0,0.05,2.6721613156120156,0.01,2.4152624663343105,2.4152624663343105,0.8550681471824646,0.8590842485427856,0.8753178119659424,0.8732198476791382
sub-cp009_ses-20210129_level-03B_run-011,sub-cp009,2,5000,44,51,50,2,2,3.0,0.05,2.563018289041571,0.01,2.4441035343372555,2.4441035343372555,0.8674831390380859,0.8759366869926453,0.893818736076355,0.869287371635437
sub-cp009_ses-20210129_level-04B_run-004,sub-cp009,2,5000,44,51,50,3,3,4.0,0.05,3.1682148251911872,0.01,3.7019584312332756,3.7019584312332756,0.7926422953605652,0.7862610220909119,0.8076984882354736,0.8633885979652405
sub-cp009_ses-20210129_level-04B_run-006,sub-cp009,2,5000,44,51,50,3,3,4.0,0.05,3.1099686478901774,0.01,3.8492007860292046,3.8492007860292046,0.8036530017852783,0.7989979386329651,0.8244538307189941,0.8689913749694824
sub-cp009_ses-20210129_level-04B_run-009,sub-cp009,2,5000,44,51,50,3,3,4.0,0.05,3.2227153357434353,0.01,3.4741435310357396,3.4741435310357396,0.8008657693862915,0.7921388149261475,0.8153650164604187,0.8767717480659485
sub-cp013_ses-20210319_level-01B_run-001,sub-cp013,2,5000,44,51,50,0,3,1.0,0.05,2.796428044365597,0.01,2.4161292523577993,2.4161292523577993,0.8634830713272095,0.8538079857826233,0.8721122145652771,0.8938865661621094
sub-cp013_ses-20210319_level-01B_run-007,sub-cp013,2,5000,44,51,50,0,3,1.0,0.05,2.531733678188065,0.01,2.1835372464780205,2.1835372464780205,0.8298765420913696,0.7991245985031128,0.8113081455230713,0.8308186531066895
sub-cp013_ses-20210319_level-01B_run-012,sub-cp013,2,5000,44,51,50,0,0,1.0,0.05,2.365355229108105,0.01,1.7889380785601157,1.7889380785601157,0.8841214776039124,0.8617013096809387,0.8630180358886719,0.8679342269897461
sub-cp013_ses-20210319_level-02B_run-003,sub-cp013,2,5000,44,51,50,1,3,2.0,0.05,2.792236989252645,0.01,3.3993955392805133,3.3993955392805133,0.8344404101371765,0.8423057198524475,0.8592790365219116,0.868314802646637
sub-cp013_ses-20210319_level-02B_run-008,sub-cp013,2,5000,44,51,50,1,3,2.0,0.05,3.0040182015582872,0.01,3.553833244648803,3.553833244648803,0.7965785264968872,0.8044114112854004,0.8253481388092041,0.8547096252441406
sub-cp013_ses-20210319_level-02B_run-010,sub-cp013,2,5000,44,51,50,1,3,2.0,0.05,2.5283987779350623,0.01,2.552137261591679,2.552137261591679,0.858727753162384,0.845608651638031,0.8568169474601746,0.8590438365936279
sub-cp013_ses-20210319_level-03B_run-002,sub-cp013,2,5000,44,51,50,2,3,3.0,0.05,2.768026791259766,0.01,2.721052132769133,2.721052132769133,0.8297914266586304,0.829727053642273,0.8495005965232849,0.8585786819458008
sub-cp013_ses-20210319_level-03B_run-005,sub-cp013,2,5000,44,51,50,2,3,3.0,0.05,2.8809685684805277,0.01,3.722194544929499,3.722194544929499,0.76386559009552,0.7679312229156494,0.7898117899894714,0.80671626329422
sub-cp013_ses-20210319_level-03B_run-011,sub-cp013,2,5000,44,51,50,2,3,3.0,0.05,2.9203662398349177,0.01,3.6205731886156123,3.6205731886156123,0.8253233432769775,0.8237226009368896,0.8449050188064575,0.8710421919822693
sub-cp013_ses-20210319_level-04B_run-004,sub-cp013,2,5000,44,51,50,3,3,4.0,0.05,3.019159285120902,0.01,3.4516568582731977,3.4516568582731977,0.6922481656074524,0.6812841296195984,0.6993922591209412,0.7457520365715027
sub-cp013_ses-20210319_level-04B_run-006,sub-cp013,2,5000,44,51,50,3,3,4.0,0.05,3.1179254720975123,0.01,3.370080613052583,3.370080613052583,0.8149083852767944,0.8016360998153687,0.8206017017364502,0.8778711557388306
sub-cp013_ses-20210319_level-04B_run-009,sub-cp013,2,5000,44,51,50,3,3,4.0,0.05,3.01392985672818,0.01,3.436051239629813,3.436051239629813,0.7914082407951355,0.7823987603187561,0.7984210848808289,0.8449418544769287
sub-cp015_ses-20210504_level-01B_run-001,sub-cp015,2,5000,44,51,50,0,0,1.0,0.05,1.8533934311717433,0.01,0.46181919750114364,1.0,0.8999194502830505,0.8820255398750305,0.8567953705787659,0.7956799268722534
sub-cp015_ses-20210504_level-01B_run-007,sub-cp015,2,5000,44,51,50,0,0,1.0,0.05,2.071237233630308,0.01,1.17161633878663,1.17161633878663,0.9171110391616821,0.9046924710273743,0.8911949992179871,0.8564856052398682
sub-cp015_ses-20210504_level-01B_run-012,sub-cp015,2,5000,44,51,50,0,0,1.0,0.05,2.067570500007883,0.01,1.2939518755026758,1.2939518755026758,0.9126216769218445,0.8934645056724548,0.8815081715583801,0.8552276492118835
sub-cp015_ses-20210504_level-02B_run-003,sub-cp015,2,5000,44,51,50,1,1,2.0,0.05,1.9912876040959928,0.01,2.164301617079214,2.164301617079214,0.9066003561019897,0.9208484292030334,0.8890722990036011,0.8061243295669556
sub-cp015_ses-20210504_level-02B_run-008,sub-cp015,2,5000,44,51,50,1,1,2.0,0.05,2.1052846654107418,0.01,1.6377678409603786,1.6377678409603786,0.9142067432403564,0.9211016893386841,0.9062047600746155,0.8438318371772766
sub-cp015_ses-20210504_level-02B_run-010,sub-cp015,2,5000,44,51,50,1,0,2.0,0.05,2.115577677393336,0.01,1.4907366864972365,1.4907366864972365,0.9211961627006531,0.9108973741531372,0.9033547043800354,0.8631877303123474
sub-cp015_ses-20210504_level-03B_run-002,sub-cp015,2,5000,44,51,50,2,2,3.0,0.05,2.3000609152594103,0.01,2.8349457396292745,2.8349457396292745,0.8745257258415222,0.8934328556060791,0.8962916135787964,0.826939046382904
sub-cp015_ses-20210504_level-03B_run-005,sub-cp015,2,5000,44,51,50,2,2,3.0,0.05,2.3234750410004494,0.01,2.839793641537343,2.839793641537343,0.8964407444000244,0.8971579074859619,0.9052242040634155,0.8621940612792969
sub-cp015_ses-20210504_level-03B_run-011,sub-cp015,2,5000,44,51,50,2,0,3.0,0.05,2.175918826835164,0.01,2.1595193139569977,2.1595193139569977,0.9169833660125732,0.906391441822052,0.9080796241760254,0.8637163043022156
sub-cp015_ses-20210504_level-04B_run-004,sub-cp015,2,5000,44,51,50,3,3,4.0,0.05,3.092244681857886,0.01,4.238381457081637,4.0,0.8599299192428589,0.8565305471420288,0.8779308199882507,0.9236234426498413
sub-cp015_ses-20210504_level-04B_run-006,sub-cp015,2,5000,44,51,50,3,3,4.0,0.05,3.06665136038899,0.01,3.3026834957095965,3.3026834957095965,0.8368659615516663,0.8230789303779602,0.8475126028060913,0.8945525884628296
sub-cp015_ses-20210504_level-04B_run-009,sub-cp015,2,5000,44,51,50,3,3,4.0,0.05,3.163600178645514,0.01,3.8226343862906123,3.8226343862906123,0.8712490797042847,0.8587676882743835,0.8820468783378601,0.9394696950912476
sub-cp020_ses-20210604_level-01B_run-001,sub-cp020,2,5000,44,51,50,0,0,1.0,0.05,2.3545095112437213,0.01,1.3592330282280218,1.3592330282280218,0.8585362434387207,0.8341485857963562,0.8265926837921143,0.8440432548522949
sub-cp020_ses-20210604_level-01B_run-007,sub-cp020,2,5000,44,51,50,0,1,1.0,0.05,2.1423419861307655,0.01,1.4641406479319197,1.4641406479319197,0.9126110076904297,0.9147279262542725,0.90362948179245,0.8539062142372131
sub-cp020_ses-20210604_level-01B_run-012,sub-cp020,2,5000,44,51,50,0,1,1.0,0.05,2.092035578920384,0.01,1.4241542896947916,1.4241542896947916,0.8986428380012512,0.9107812643051147,0.8915882706642151,0.8230699896812439
sub-cp020_ses-20210604_level-02B_run-003,sub-cp020,2,5000,44,51,50,1,1,2.0,0.05,2.14352949714595,0.01,2.195535110851641,2.195535110851641,0.9054833054542542,0.9182419180870056,0.9072176218032837,0.8337363600730896
sub-cp020_ses-20210604_level-02B_run-008,sub-cp020,2,5000,44,51,50,1,1,2.0,0.05,2.1552265014889134,0.01,1.8068577233021876,1.8068577233021876,0.9034088253974915,0.9078688025474548,0.8953918814659119,0.8476903438568115
sub-cp020_ses-20210604_level-02B_run-010,sub-cp020,2,5000,44,51,50,1,1,2.0,0.05,2.1055414598790048,0.01,2.0788220221834335,2.0788220221834335,0.8877810835838318,0.9058215618133545,0.8878223896026611,0.804993212223053
sub-cp020_ses-20210604_level-03B_run-002,sub-cp020,2,5000,44,51,50,2,3,3.0,0.05,2.83809197497461,0.01,3.0827769667574074,3.0827769667574074,0.8154509663581848,0.824682891368866,0.8469899892807007,0.8545933365821838
sub-cp020_ses-20210604_level-03B_run-005,sub-cp020,2,5000,44,51,50,2,2,3.0,0.05,2.3447943356938454,0.01,2.696287193938381,2.696287193938381,0.8893980979919434,0.9040803909301758,0.9147440195083618,0.8477432131767273
sub-cp020_ses-20210604_level-03B_run-011,sub-cp020,2,5000,44,51,50,2,2,3.0,0.05,2.6253561773969443,0.01,3.0067950742879908,3.0067950742879908,0.8636214137077332,0.8764538168907166,0.8949447274208069,0.875196635723114
sub-cp020_ses-20210604_level-04B_run-004,sub-cp020,2,5000,44,51,50,3,3,4.0,0.05,3.2496699624687984,0.01,3.794459512051176,3.794459512051176,0.7851635813713074,0.7807103991508484,0.8062492609024048,0.8659257292747498
sub-cp020_ses-20210604_level-04B_run-006,sub-cp020,2,5000,44,51,50,3,3,4.0,0.05,3.1533252621978707,0.01,4.085832646410636,4.0,0.7993019223213196,0.793194055557251,0.814201295375824,0.8685262203216553
sub-cp020_ses-20210604_level-04B_run-009,sub-cp020,2,5000,44,51,50,3,3,4.0,0.05,3.1013552301671865,0.01,4.201105589311989,4.0,0.8301424980163574,0.8241869211196899,0.84378981590271,0.8938336968421936
sub-cp026_ses-20210716_level-01B_run-001,sub-cp026,2,5000,44,51,50,0,1,1.0,0.05,1.9285066005629983,0.01,1.0928502571975052,1.0928502571975052,0.9198663830757141,0.9204368591308594,0.8916583061218262,0.8134713172912598
sub-cp026_ses-20210716_level-01B_run-007,sub-cp026,2,5000,44,51,50,0,0,1.0,0.05,1.9353530324832855,0.01,0.8516540200014839,1.0,0.9339302778244019,0.9186007380485535,0.9002084136009216,0.8445295691490173
sub-cp026_ses-20210716_level-01B_run-012,sub-cp026,2,5000,44,51,50,0,0,1.0,0.05,1.8819092720508208,0.01,0.8685683019594577,1.0,0.9326642751693726,0.9132400155067444,0.891340434551239,0.8369922637939453
sub-cp026_ses-20210716_level-02B_run-003,sub-cp026,2,5000,44,51,50,1,1,2.0,0.05,2.195772909883056,0.01,1.7348613859005988,1.7348613859005988,0.9171642065048218,0.9206162691116333,0.9116731286048889,0.8687376379966736
sub-cp026_ses-20210716_level-02B_run-008,sub-cp026,2,5000,44,51,50,1,1,2.0,0.05,2.030250738450565,0.01,2.0925972400816306,2.0925972400816306,0.9067599177360535,0.9202786087989807,0.8954080939292908,0.8121815919876099
sub-cp026_ses-20210716_level-02B_run-010,sub-cp026,2,5000,44,51,50,1,1,2.0,0.05,2.126171607189978,0.01,1.6789193437201113,1.6789193437201113,0.9175578355789185,0.9192444682121277,0.9056659936904907,0.8578598499298096
sub-cp026_ses-20210716_level-03B_run-002,sub-cp026,2,5000,44,51,50,2,2,3.0,0.05,2.327736945082022,0.01,3.203055526707773,3.203055526707773,0.9028875827789307,0.9208800792694092,0.9285900592803955,0.8574053049087524
sub-cp026_ses-20210716_level-03B_run-005,sub-cp026,2,5000,44,51,50,2,2,3.0,0.05,2.3194281562699564,0.01,2.580280016302905,2.580280016302905,0.9075577855110168,0.9205318689346313,0.928293764591217,0.8639911413192749
sub-cp026_ses-20210716_level-03B_run-011,sub-cp026,2,5000,44,51,50,2,2,3.0,0.05,2.2905459357858877,0.01,2.949465659906262,2.949465659906262,0.9086748361587524,0.9150233864784241,0.9220657348632812,0.8635365962982178
sub-cp026_ses-20210716_level-04B_run-004,sub-cp026,2,5000,44,51,50,3,3,4.0,0.05,3.1961469854765916,0.01,3.9996177446891665,3.9996177446891665,0.8478766679763794,0.838369607925415,0.8608360290527344,0.9205577969551086
sub-cp026_ses-20210716_level-04B_run-006,sub-cp026,2,5000,44,51,50,3,3,4.0,0.05,3.0317095160372114,0.01,3.8099804837308238,3.8099804837308238,0.8626000881195068,0.8512226343154907,0.8718536496162415,0.9173018336296082
sub-cp026_ses-20210716_level-04B_run-009,sub-cp026,2,5000,44,51,50,3,3,4.0,0.05,3.101678815030096,0.01,4.1710550451956765,4.0,0.8678022623062134,0.8553802967071533,0.8782271146774292,0.9295116066932678
sub-cp031_ses-20211216_level-01B_run-001,sub-cp031,2,5000,44,51,50,0,0,1.0,0.05,2.1495371994843873,0.01,1.4352319811874557,1.4352319811874557,0.8980045318603516,0.8876500725746155,0.874218761920929,0.8523522615432739
sub-cp031_ses-20211216_level-01B_run-007,sub-cp031,2,5000,44,51,50,0,0,1.0,0.05,1.947872448971658,0.01,0.5628030139499578,1.0,0.9306643009185791,0.9112561345100403,0.895709753036499,0.84758460521698
sub-cp031_ses-20211216_level-02B_run-003,sub-cp031,2,5000,44,51,50,1,1,2.0,0.05,2.0806952332570976,0.01,2.0716540216555632,2.0716540216555632,0.9227493405342102,0.93734210729599,0.9197059869766235,0.8337574601173401
sub-cp031_ses-20211216_level-02B_run-008,sub-cp031,2,5000,44,51,50,1,1,2.0,0.05,2.0712072071361547,0.01,1.9458573631216936,1.9458573631216936,0.9209940433502197,0.9310949444770813,0.913720428943634,0.8364108800888062
sub-cp031_ses-20211216_level-02B_run-010,sub-cp031,2,5000,44,51,50,1,1,2.0,0.05,2.1390502271363983,0.01,1.808321726407055,1.808321726407055,0.9185046553611755,0.9197931885719299,0.909227192401886,0.8590438365936279
sub-cp031_ses-20211216_level-02B_run-012,sub-cp031,2,5000,44,51,50,1,0,2.0,0.05,1.905790053640283,0.01,0.8555754420517303,1.0,0.9329834580421448,0.9189067482948303,0.8977031707763672,0.8348780274391174
sub-cp031_ses-20211216_level-03B_run-002,sub-cp031,2,5000,44,51,50,2,2,3.0,0.05,2.3470580131596015,0.01,3.3485404771137706,3.3485404771137706,0.8986109495162964,0.9259664416313171,0.9349527955055237,0.8476269245147705
sub-cp031_ses-20211216_level-03B_run-005,sub-cp031,2,5000,44,51,50,2,2,3.0,0.05,2.3821677109689157,0.01,2.8288938112078705,2.8288938112078705,0.9063237309455872,0.9154349565505981,0.9300285577774048,0.8740338087081909
sub-cp031_ses-20211216_level-03B_run-011,sub-cp031,2,5000,44,51,50,2,2,3.0,0.05,2.3034353508104473,0.01,3.0762036113257065,3.0762036113257065,0.9065258502960205,0.9305145740509033,0.9373286962509155,0.8458297848701477
sub-cp031_ses-20211216_level-04B_run-004,sub-cp031,2,5000,44,51,50,3,3,4.0,0.05,3.135106744918438,0.01,4.194030694748145,4.0,0.8609724640846252,0.8581451177597046,0.8826934099197388,0.9296596050262451
sub-cp031_ses-20211216_level-04B_run-006,sub-cp031,2,5000,44,51,50,3,3,4.0,0.05,2.9991940342937555,0.01,4.02412639005676,4.0,0.8674299120903015,0.8647087812423706,0.8879193663597107,0.9213823080062866
sub-cp031_ses-20211216_level-04B_run-009,sub-cp031,2,5000,44,51,50,3,3,4.0,0.05,3.1674487535776943,0.01,4.0134803107282115,4.0,0.8546639084815979,0.8501778841018677,0.8743911981582642,0.9262239336967468
sub-cp038_ses-20220112_level-01B_run-001,sub-cp038,2,5000,44,51,50,0,0,1.0,0.05,2.22522559655071,0.01,1.5853140975327245,1.5853140975327245,0.8412489295005798,0.8308772444725037,0.8299976587295532,0.8007541298866272
sub-cp038_ses-20220112_level-01B_run-007,sub-cp038,2,5000,44,51,50,0,0,1.0,0.05,2.1516030259211156,0.01,1.337889749463276,1.337889749463276,0.8347382545471191,0.802058219909668,0.7950969934463501,0.7956905364990234
sub-cp038_ses-20220112_level-01B_run-012,sub-cp038,2,5000,44,51,50,0,0,1.0,0.05,2.1101454570347298,0.01,1.2948029661219904,1.2948029661219904,0.854036271572113,0.825717031955719,0.8203915953636169,0.8056908845901489
sub-cp038_ses-20220112_level-02B_run-003,sub-cp038,2,5000,44,51,50,1,0,2.0,0.05,2.1613031674033687,0.01,1.4140123986481266,1.4140123986481266,0.8936641216278076,0.877055287361145,0.8664229512214661,0.8514642715454102
sub-cp038_ses-20220112_level-02B_run-008,sub-cp038,2,5000,44,51,50,1,0,2.0,0.05,2.1311869412116202,0.01,1.8443996317316338,1.8443996317316338,0.8677703738212585,0.8409022092819214,0.8357784748077393,0.8220974206924438
sub-cp038_ses-20220112_level-02B_run-010,sub-cp038,2,5000,44,51,50,1,0,2.0,0.05,2.2418390329857676,0.01,1.351408937179092,1.351408937179092,0.8363127708435059,0.8058993220329285,0.8015782237052917,0.8078474402427673
sub-cp038_ses-20220112_level-03B_run-002,sub-cp038,2,5000,44,51,50,2,2,3.0,0.05,2.4957866589201174,0.01,2.2354100660477862,2.2354100660477862,0.8699937462806702,0.8794085383415222,0.8890453577041626,0.8648157119750977
sub-cp038_ses-20220112_level-03B_run-005,sub-cp038,2,5000,44,51,50,2,2,3.0,0.05,2.434750076720015,0.01,2.903845386471901,2.903845386471901,0.8215254545211792,0.8327345252037048,0.8347171545028687,0.8099933862686157
sub-cp038_ses-20220112_level-03B_run-011,sub-cp038,2,5000,44,51,50,2,3,3.0,0.05,2.6116214359338725,0.01,2.8670281627321916,2.8670281627321916,0.8462064266204834,0.8236909508705139,0.8436335325241089,0.8543079495429993
sub-cp038_ses-20220112_level-04B_run-004,sub-cp038,2,5000,44,51,50,3,3,4.0,0.05,2.9926370426848536,0.01,3.7371378247992704,3.7371378247992704,0.8062381148338318,0.7955684065818787,0.8145137429237366,0.8570987582206726
sub-cp038_ses-20220112_level-04B_run-006,sub-cp038,2,5000,44,51,50,3,3,4.0,0.05,3.099143940428748,0.01,3.6797206773277766,3.6797206773277766,0.8105679154396057,0.8005175590515137,0.8219701647758484,0.8727229833602905
sub-cp038_ses-20220112_level-04B_run-009,sub-cp038,2,5000,44,51,50,3,3,4.0,0.05,3.046481252646009,0.01,3.369782127061281,3.369782127061281,0.8351212739944458,0.8182986378669739,0.8400939106941223,0.8897849321365356
sub-cp009_ses-20210129_level-01B_run-001,sub-cp009,2,10000,44,51,50,0,3,1.0,0.05,2.607503425807619,0.01,1.6086397571832887,1.6086397571832887,0.7976289987564087,0.7875261902809143,0.7986471652984619,0.8077022433280945
sub-cp009_ses-20210129_level-01B_run-007,sub-cp009,2,10000,44,51,50,0,0,1.0,0.05,2.485489979979118,0.01,1.5902513676027046,1.5902513676027046,0.841708242893219,0.834147036075592,0.8405893445014954,0.8377672433853149
sub-cp009_ses-20210129_level-01B_run-012,sub-cp009,2,10000,44,51,50,0,0,1.0,0.05,2.3995277232406793,0.01,1.7510962250851292,1.7510962250851292,0.8678503036499023,0.8631044626235962,0.8658435344696045,0.8528658747673035
sub-cp009_ses-20210129_level-02B_run-003,sub-cp009,2,10000,44,51,50,1,1,2.0,0.05,2.317288059792813,0.01,1.6959730486196019,1.6959730486196019,0.8496684432029724,0.8606051802635193,0.8532999157905579,0.8225364089012146
sub-cp009_ses-20210129_level-02B_run-008,sub-cp009,2,10000,44,51,50,1,3,2.0,0.05,2.606340490211225,0.01,1.773194210406014,1.773194210406014,0.830704391002655,0.8295651078224182,0.8391970992088318,0.8415855169296265
sub-cp009_ses-20210129_level-02B_run-010,sub-cp009,2,10000,44,51,50,1,1,2.0,0.05,2.219829041120537,0.01,1.4101453549400602,1.4101453549400602,0.8414368629455566,0.8496222496032715,0.8411467671394348,0.7949886918067932
sub-cp009_ses-20210129_level-03B_run-002,sub-cp009,2,10000,44,51,50,2,3,3.0,0.05,2.806493284604094,0.01,2.7146031850285626,2.7146031850285626,0.8124799728393555,0.8063126802444458,0.8256732821464539,0.8445682525634766
sub-cp009_ses-20210129_level-03B_run-005,sub-cp009,2,10000,44,51,50,2,3,3.0,0.05,2.7065087237967504,0.01,2.567846438572454,2.567846438572454,0.8497322797775269,0.8514993190765381,0.8688919544219971,0.8717193007469177
sub-cp009_ses-20210129_level-03B_run-011,sub-cp009,2,10000,44,51,50,2,2,3.0,0.05,2.5810158024573258,0.01,2.690703157911663,2.690703157911663,0.8706331849098206,0.8798134922981262,0.8973022699356079,0.875527024269104
sub-cp009_ses-20210129_level-04B_run-004,sub-cp009,2,10000,44,51,50,3,3,4.0,0.05,3.156492001588235,0.01,3.4644907519877775,3.4644907519877775,0.7946066856384277,0.7870569825172424,0.8077976703643799,0.8636332154273987
sub-cp009_ses-20210129_level-04B_run-006,sub-cp009,2,10000,44,51,50,3,3,4.0,0.05,3.146399618744332,0.01,3.8711201666762385,3.8711201666762385,0.7967936396598816,0.7921556234359741,0.8178691864013672,0.866108238697052
sub-cp009_ses-20210129_level-04B_run-009,sub-cp009,2,10000,44,51,50,3,3,4.0,0.05,3.242135961768967,0.01,3.5621441429448764,3.5621441429448764,0.7980546951293945,0.7888338565826416,0.812604546546936,0.8759500980377197
sub-cp013_ses-20210319_level-01B_run-001,sub-cp013,2,10000,44,51,50,0,3,1.0,0.05,2.8066675048290666,0.01,2.6049841041347337,2.6049841041347337,0.8638914823532104,0.8528807759284973,0.8702868819236755,0.895247757434845
sub-cp013_ses-20210319_level-01B_run-007,sub-cp013,2,10000,44,51,50,0,0,1.0,0.05,2.515677184486007,0.01,2.185007950610308,2.185007950610308,0.8274479508399963,0.7985249757766724,0.8098227381706238,0.8267725110054016
sub-cp013_ses-20210319_level-01B_run-012,sub-cp013,2,10000,44,51,50,0,0,1.0,0.05,2.3355394648717045,0.01,1.6873338554096344,1.6873338554096344,0.8841112852096558,0.8643276691436768,0.8647421598434448,0.8638712167739868
sub-cp013_ses-20210319_level-02B_run-003,sub-cp013,2,10000,44,51,50,1,3,2.0,0.05,2.7546886765823504,0.01,3.030222783667416,3.030222783667416,0.8423892855644226,0.8484200835227966,0.8640500903129578,0.8714707493782043
sub-cp013_ses-20210319_level-02B_run-008,sub-cp013,2,10000,44,51,50,1,3,2.0,0.05,3.0194298415444525,0.01,3.3832128283135168,3.3832128283135168,0.795090913772583,0.8008396625518799,0.8219624161720276,0.8541721105575562
sub-cp013_ses-20210319_level-02B_run-010,sub-cp013,2,10000,44,51,50,1,0,2.0,0.05,2.5071213372312586,0.01,2.67976239891912,2.67976239891912,0.8496471643447876,0.8375320434570312,0.84879469871521,0.8471648693084717
sub-cp013_ses-20210319_level-03B_run-002,sub-cp013,2,10000,44,51,50,2,3,3.0,0.05,2.7855068111296006,0.01,2.956872653628414,2.956872653628414,0.8253408074378967,0.8249409794807434,0.8444779515266418,0.8561764359474182
sub-cp013_ses-20210319_level-03B_run-005,sub-cp013,2,10000,44,51,50,2,3,3.0,0.05,2.946676495919987,0.01,3.6970686243649196,3.6970686243649196,0.7588921189308167,0.7629029154777527,0.7854276299476624,0.80921471118927
sub-cp013_ses-20210319_level-03B_run-011,sub-cp013,2,10000,44,51,50,2,3,3.0,0.05,2.9623834080366893,0.01,3.7365859753509905,3.7365859753509905,0.8238934874534607,0.8233960866928101,0.8451134562492371,0.8745486736297607
sub-cp013_ses-20210319_level-04B_run-004,sub-cp013,2,10000,44,51,50,3,3,4.0,0.05,3.0110130197888973,0.01,3.6786985192594464,3.6786985192594464,0.6940397620201111,0.6850363612174988,0.7034120559692383,0.7472865581512451
sub-cp013_ses-20210319_level-04B_run-006,sub-cp013,2,10000,44,51,50,3,3,4.0,0.05,3.110431691069049,0.01,3.501067005724231,3.501067005724231,0.8187693953514099,0.8064075708389282,0.8254982233047485,0.8812544345855713
sub-cp013_ses-20210319_level-04B_run-009,sub-cp013,2,10000,44,51,50,3,3,4.0,0.05,3.046340076319836,0.01,3.5251987540335334,3.5251987540335334,0.7943300008773804,0.7854224443435669,0.8029235005378723,0.8512476086616516
sub-cp015_ses-20210504_level-01B_run-001,sub-cp015,2,10000,44,51,50,0,0,1.0,0.05,1.8560756940811998,0.01,0.6342833530113166,1.0,0.9001221656799316,0.8817854523658752,0.8587450385093689,0.7939203977584839
sub-cp015_ses-20210504_level-01B_run-007,sub-cp015,2,10000,44,51,50,0,0,1.0,0.05,2.0482177915112407,0.01,0.9660089713387809,1.0,0.9190490245819092,0.9055176377296448,0.8919568061828613,0.8539975881576538
sub-cp015_ses-20210504_level-01B_run-012,sub-cp015,2,10000,44,51,50,0,0,1.0,0.05,2.0502392276178947,0.01,1.3160743163517656,1.3160743163517656,0.9161649942398071,0.8971868753433228,0.8856176733970642,0.8545899391174316
sub-cp015_ses-20210504_level-02B_run-003,sub-cp015,2,10000,44,51,50,1,1,2.0,0.05,2.005816869285777,0.01,1.9629786479580376,1.9629786479580376,0.9081196784973145,0.9222425222396851,0.8950186371803284,0.8039950132369995
sub-cp015_ses-20210504_level-02B_run-008,sub-cp015,2,10000,44,51,50,1,1,2.0,0.05,2.1079490652363324,0.01,1.6363679599996417,1.6363679599996417,0.9142813682556152,0.921356737613678,0.9075703620910645,0.8427278399467468
sub-cp015_ses-20210504_level-02B_run-010,sub-cp015,2,10000,44,51,50,1,0,2.0,0.05,2.0977719531592567,0.01,1.5321602869434592,1.5321602869434592,0.9221298694610596,0.9126040935516357,0.904538094997406,0.8595346212387085
sub-cp015_ses-20210504_level-03B_run-002,sub-cp015,2,10000,44,51,50,2,2,3.0,0.05,2.2947232149804124,0.01,2.7521797673783164,2.7521797673783164,0.8750868439674377,0.8949776291847229,0.8982070684432983,0.8239749073982239
sub-cp015_ses-20210504_level-03B_run-005,sub-cp015,2,10000,44,51,50,2,2,3.0,0.05,2.292480298749395,0.01,2.703487428747986,2.703487428747986,0.8996752500534058,0.8998337388038635,0.9065982103347778,0.8600687980651855
sub-cp015_ses-20210504_level-03B_run-011,sub-cp015,2,10000,44,51,50,2,0,3.0,0.05,2.1547712935976984,0.01,2.1342953771125903,2.1342953771125903,0.9196449518203735,0.9102525115013123,0.9109580516815186,0.8611370325088501
sub-cp015_ses-20210504_level-04B_run-004,sub-cp015,2,10000,44,51,50,3,3,4.0,0.05,3.1115572884598803,0.01,4.252130421981498,4.0,0.8554257750511169,0.8538773059844971,0.874194324016571,0.9218118190765381
sub-cp015_ses-20210504_level-04B_run-006,sub-cp015,2,10000,44,51,50,3,3,4.0,0.05,3.0734644022463358,0.01,3.2836430301848534,3.2836430301848534,0.8302095532417297,0.8156558275222778,0.8405570387840271,0.8883886337280273
sub-cp015_ses-20210504_level-04B_run-009,sub-cp015,2,10000,44,51,50,3,3,4.0,0.05,3.091673585867797,0.01,3.702952078064234,3.702952078064234,0.8759967684745789,0.8662996888160706,0.8873761296272278,0.9374710321426392
sub-cp020_ses-20210604_level-01B_run-001,sub-cp020,2,10000,44,51,50,0,0,1.0,0.05,2.3907363557581043,0.01,1.4924778658044868,1.4924778658044868,0.8594431281089783,0.8355653882026672,0.8302323818206787,0.8485187292098999
sub-cp020_ses-20210604_level-01B_run-007,sub-cp020,2,10000,44,51,50,0,1,1.0,0.05,2.1433706369717176,0.01,1.5283045513659683,1.5283045513659683,0.9143080115318298,0.9158151745796204,0.9056503176689148,0.8553249835968018
sub-cp020_ses-20210604_level-01B_run-012,sub-cp020,2,10000,44,51,50,0,1,1.0,0.05,2.1007892475535845,0.01,1.547235230014762,1.547235230014762,0.8965784311294556,0.9083648920059204,0.8913804888725281,0.8208864331245422
sub-cp020_ses-20210604_level-02B_run-003,sub-cp020,2,10000,44,51,50,1,1,2.0,0.05,2.142904887521822,0.01,2.0637197468161874,2.0637197468161874,0.9072842597961426,0.9195587635040283,0.908819854259491,0.8354825973510742
sub-cp020_ses-20210604_level-02B_run-008,sub-cp020,2,10000,44,51,50,1,1,2.0,0.05,2.1535576270390058,0.01,1.821455385502731,1.821455385502731,0.9021867513656616,0.9071574807167053,0.8955060839653015,0.8445100784301758
sub-cp020_ses-20210604_level-02B_run-010,sub-cp020,2,10000,44,51,50,1,1,2.0,0.05,2.1085533636280216,0.01,2.1963801784055588,2.1963801784055588,0.8900654911994934,0.9073103666305542,0.8912270069122314,0.8056238293647766
sub-cp020_ses-20210604_level-03B_run-002,sub-cp020,2,10000,44,51,50,2,3,3.0,0.05,2.8187615418268703,0.01,3.1513929479270777,3.1513929479270777,0.8184022307395935,0.8262169361114502,0.8475047945976257,0.854912519454956
sub-cp020_ses-20210604_level-03B_run-005,sub-cp020,2,10000,44,51,50,2,2,3.0,0.05,2.3322529994549512,0.01,2.898259941041252,2.898259941041252,0.8907625675201416,0.9058445692062378,0.9141356945037842,0.8484711647033691
sub-cp020_ses-20210604_level-03B_run-011,sub-cp020,2,10000,44,51,50,2,2,3.0,0.05,2.6294169928209796,0.01,2.9479416252962833,2.9479416252962833,0.8624281883239746,0.8745250105857849,0.8923768997192383,0.8748342394828796
sub-cp020_ses-20210604_level-04B_run-004,sub-cp020,2,10000,44,51,50,3,3,4.0,0.05,3.310150690942292,0.01,3.8382524722099034,3.8382524722099034,0.7785478830337524,0.775963306427002,0.8013561964035034,0.8669702410697937
sub-cp020_ses-20210604_level-04B_run-006,sub-cp020,2,10000,44,51,50,3,3,4.0,0.05,3.1852148454659246,0.01,3.9760718364925,3.9760718364925,0.7936861515045166,0.7887547612190247,0.8099951148033142,0.8667904734611511
sub-cp020_ses-20210604_level-04B_run-009,sub-cp020,2,10000,44,51,50,3,3,4.0,0.05,3.1394926667046574,0.01,4.0565467844865,4.0,0.8227335214614868,0.8179599642753601,0.8384969830513,0.8909376859664917
sub-cp026_ses-20210716_level-01B_run-001,sub-cp026,2,10000,44,51,50,0,1,1.0,0.05,1.9332375233020596,0.01,1.1831838890075141,1.1831838890075141,0.9180060625076294,0.9185991287231445,0.8920726180076599,0.8083580136299133
sub-cp026_ses-20210716_level-01B_run-007,sub-cp026,2,10000,44,51,50,0,0,1.0,0.05,1.9389281373285079,0.01,0.9281364716486837,1.0,0.9326388239860535,0.9183196425437927,0.9001513719558716,0.8423894047737122
sub-cp026_ses-20210716_level-01B_run-012,sub-cp026,2,10000,44,51,50,0,0,1.0,0.05,1.8997402205139329,0.01,0.9944415029966374,1.0,0.931122362613678,0.9128308296203613,0.8929343223571777,0.8366672396659851
sub-cp026_ses-20210716_level-02B_run-003,sub-cp026,2,10000,44,51,50,1,1,2.0,0.05,2.168424979378164,0.01,1.8136470978711499,1.8136470978711499,0.9181178212165833,0.9211036562919617,0.9105972051620483,0.8648971915245056
sub-cp026_ses-20210716_level-02B_run-008,sub-cp026,2,10000,44,51,50,1,1,2.0,0.05,2.0202987276565754,0.01,2.012202128255882,2.012202128255882,0.9090933799743652,0.92164146900177,0.8977600336074829,0.808617115020752
sub-cp026_ses-20210716_level-02B_run-010,sub-cp026,2,10000,44,51,50,1,1,2.0,0.05,2.1170111665641125,0.01,1.682269644561256,1.682269644561256,0.9184637069702148,0.9193742275238037,0.9057068228721619,0.8571125268936157
sub-cp026_ses-20210716_level-03B_run-002,sub-cp026,2,10000,44,51,50,2,2,3.0,0.05,2.3183031563034566,0.01,3.1651594979052224,3.1651594979052224,0.9034052491188049,0.9207292795181274,0.9283462166786194,0.8555524349212646
sub-cp026_ses-20210716_level-03B_run-005,sub-cp026,2,10000,44,51,50,2,2,3.0,0.05,2.308370944487574,0.01,2.7682383121052148,2.7682383121052148,0.909327507019043,0.9224218130111694,0.9284943342208862,0.8648020029067993
sub-cp026_ses-20210716_level-03B_run-011,sub-cp026,2,10000,44,51,50,2,2,3.0,0.05,2.260272648046234,0.01,2.8417713904047766,2.8417713904047766,0.9124722480773926,0.9204603433609009,0.9242421984672546,0.8616500496864319
sub-cp026_ses-20210716_level-04B_run-004,sub-cp026,2,10000,44,51,50,3,3,4.0,0.05,3.208586440821946,0.01,4.091892629564431,4.0,0.8453531265258789,0.839219331741333,0.8610178232192993,0.9205796122550964
sub-cp026_ses-20210716_level-04B_run-006,sub-cp026,2,10000,44,51,50,3,3,4.0,0.05,3.0346180611113156,0.01,3.747100804401059,3.747100804401059,0.8623536825180054,0.8524273037910461,0.8725973963737488,0.9177873134613037
sub-cp026_ses-20210716_level-04B_run-009,sub-cp026,2,10000,44,51,50,3,3,4.0,0.05,3.1263235458249357,0.01,4.1332123310604425,4.0,0.8629869222640991,0.8526962399482727,0.8748190402984619,0.9279464483261108
sub-cp031_ses-20211216_level-01B_run-001,sub-cp031,2,10000,44,51,50,0,0,1.0,0.05,2.162065850697899,0.01,1.4002148289563607,1.4002148289563607,0.8983662724494934,0.8888771533966064,0.8769491314888,0.8535586595535278
sub-cp031_ses-20211216_level-01B_run-007,sub-cp031,2,10000,44,51,50,0,0,1.0,0.05,1.95182729010552,0.01,0.6764220131835943,1.0,0.9307924509048462,0.9129942655563354,0.8980481624603271,0.8457105755805969
sub-cp031_ses-20211216_level-02B_run-003,sub-cp031,2,10000,44,51,50,1,1,2.0,0.05,2.085183867342543,0.01,2.098629497387117,2.098629497387117,0.9229865670204163,0.9387775659561157,0.9219774603843689,0.8312095403671265
sub-cp031_ses-20211216_level-02B_run-008,sub-cp031,2,10000,44,51,50,1,1,2.0,0.05,2.0674825559505425,0.01,1.9134451338465528,1.9134451338465528,0.9242795705795288,0.9332728981971741,0.9166805148124695,0.8384494781494141
sub-cp031_ses-20211216_level-02B_run-010,sub-cp031,2,10000,44,51,50,1,1,2.0,0.05,2.1571746525450477,0.01,1.8286820023841104,1.8286820023841104,0.9203420281410217,0.9219736456871033,0.913139283657074,0.8633793592453003
sub-cp031_ses-20211216_level-02B_run-012,sub-cp031,2,10000,44,51,50,1,0,2.0,0.05,1.914049796918326,0.01,0.9139099148175858,1.0,0.9338520169258118,0.9233339428901672,0.9023218154907227,0.8309503793716431
sub-cp031_ses-20211216_level-03B_run-002,sub-cp031,2,10000,44,51,50,2,2,3.0,0.05,2.310537760855005,0.01,3.303996101436998,3.303996101436998,0.9044268727302551,0.9307947754859924,0.9366592764854431,0.8458057641983032
sub-cp031_ses-20211216_level-03B_run-005,sub-cp031,2,10000,44,51,50,2,2,3.0,0.05,2.3638140179282705,0.01,2.8499394472078032,2.8499394472078032,0.9059646725654602,0.9178293347358704,0.9294772148132324,0.8706192970275879
sub-cp031_ses-20211216_level-03B_run-011,sub-cp031,2,10000,44,51,50,2,2,3.0,0.05,2.28225839910662,0.01,2.9740396918913383,2.9740396918913383,0.9064275622367859,0.9320812821388245,0.9359644651412964,0.8403321504592896
sub-cp031_ses-20211216_level-04B_run-004,sub-cp031,2,10000,44,51,50,3,3,4.0,0.05,3.1559969257416114,0.01,4.280737830914642,4.0,0.8609170317649841,0.8594505190849304,0.882905900478363,0.9323306083679199
sub-cp031_ses-20211216_level-04B_run-006,sub-cp031,2,10000,44,51,50,3,3,4.0,0.05,2.9930220765396114,0.01,3.886605429988798,3.886605429988798,0.8702926635742188,0.8691047430038452,0.8915636539459229,0.9240700006484985
sub-cp031_ses-20211216_level-04B_run-009,sub-cp031,2,10000,44,51,50,3,3,4.0,0.05,3.185591418531963,0.01,4.025775212008746,4.0,0.855431079864502,0.851330578327179,0.8750991225242615,0.929083526134491
sub-cp038_ses-20220112_level-01B_run-001,sub-cp038,2,10000,44,51,50,0,0,1.0,0.05,2.2121571549848555,0.01,1.596905457665934,1.596905457665934,0.8400001525878906,0.8294491171836853,0.8286489844322205,0.79697185754776
sub-cp038_ses-20220112_level-01B_run-007,sub-cp038,2,10000,44,51,50,0,0,1.0,0.05,2.1457959158803797,0.01,1.3357678935246806,1.3357678935246806,0.8392764925956726,0.8072406649589539,0.801216185092926,0.7987012267112732
sub-cp038_ses-20220112_level-01B_run-012,sub-cp038,2,10000,44,51,50,0,0,1.0,0.05,2.099234721144698,0.01,1.2438782339298904,1.2438782339298904,0.8570859432220459,0.8307303190231323,0.8256059885025024,0.8055339455604553
sub-cp038_ses-20220112_level-02B_run-003,sub-cp038,2,10000,44,51,50,1,0,2.0,0.05,2.1934773538241994,0.01,1.351976503558056,1.351976503558056,0.8916618227958679,0.8767500519752502,0.8693093657493591,0.8522471189498901
sub-cp038_ses-20220112_level-02B_run-008,sub-cp038,2,10000,44,51,50,1,0,2.0,0.05,2.1080623243777556,0.01,1.5860341469543395,1.5860341469543395,0.8674885034561157,0.8412809371948242,0.8360275626182556,0.8175334930419922
sub-cp038_ses-20220112_level-02B_run-010,sub-cp038,2,10000,44,51,50,1,0,2.0,0.05,2.2459596199533682,0.01,1.4653738496770454,1.4653738496770454,0.8397181630134583,0.8095553517341614,0.8069009184837341,0.8110868334770203
sub-cp038_ses-20220112_level-03B_run-002,sub-cp038,2,10000,44,51,50,2,2,3.0,0.05,2.485674073624256,0.01,2.220834484162486,2.220834484162486,0.8712397813796997,0.8783318400382996,0.8872630596160889,0.8650029301643372
sub-cp038_ses-20220112_level-03B_run-005,sub-cp038,2,10000,44,51,50,2,2,3.0,0.05,2.4186338441207336,0.01,2.49678867575729,2.49678867575729,0.8259314298629761,0.8333772420883179,0.8356693983078003,0.8120546340942383
sub-cp038_ses-20220112_level-03B_run-011,sub-cp038,2,10000,44,51,50,2,3,3.0,0.05,2.5815684341562077,0.01,2.98637165641129,2.98637165641129,0.849290668964386,0.8276616334915161,0.8462848663330078,0.8542038798332214
sub-cp038_ses-20220112_level-04B_run-004,sub-cp038,2,10000,44,51,50,3,3,4.0,0.05,3.0107570515576594,0.01,3.823001129082237,3.823001129082237,0.8046154975891113,0.7947866916656494,0.8127042055130005,0.8575884699821472
sub-cp038_ses-20220112_level-04B_run-006,sub-cp038,2,10000,44,51,50,3,3,4.0,0.05,3.0894508602412976,0.01,3.5794402284841444,3.5794402284841444,0.8127832412719727,0.8025005459785461,0.8223798274993896,0.8737924098968506
sub-cp038_ses-20220112_level-04B_run-009,sub-cp038,2,10000,44,51,50,3,3,4.0,0.05,3.0094739493716594,0.01,3.3564034838561634,3.3564034838561634,0.8323113322257996,0.8168948888778687,0.838354229927063,0.8835813999176025
sub-cp009_ses-20210129_level-01B_run-001,sub-cp009,2,1000,45,51,50,0,2,1.0,0.05,2.5426576582573452,0.1,1.8926549282494654,1.8926549282494654,0.796007513999939,0.7914301156997681,0.8021822571754456,0.7981249690055847
sub-cp009_ses-20210129_level-01B_run-007,sub-cp009,2,1000,45,51,50,0,0,1.0,0.05,2.421673004515317,0.1,1.4848160198374025,1.4848160198374025,0.8416997790336609,0.8304818868637085,0.8356233835220337,0.8298966884613037
sub-cp009_ses-20210129_level-01B_run-012,sub-cp009,2,1000,45,51,50,0,0,1.0,0.05,2.3299576648405433,0.1,1.731657422657912,1.731657422657912,0.888888418674469,0.8840070366859436,0.8822252154350281,0.865340530872345
sub-cp009_ses-20210129_level-02B_run-003,sub-cp009,2,1000,45,51,50,1,1,2.0,0.05,2.3212516785908344,0.1,1.8483734500347322,1.8483734500347322,0.8460819721221924,0.8526919484138489,0.8479210734367371,0.819359302520752
sub-cp009_ses-20210129_level-02B_run-008,sub-cp009,2,1000,45,51,50,1,2,2.0,0.05,2.430622844850586,0.1,1.528548949356885,1.528548949356885,0.8452803492546082,0.84769207239151,0.8571982979774475,0.830162763595581
sub-cp009_ses-20210129_level-02B_run-010,sub-cp009,2,1000,45,51,50,1,1,2.0,0.05,2.308273340371596,0.1,1.4983243557282684,1.4983243557282684,0.8261483907699585,0.8388501405715942,0.8350300788879395,0.793441653251648
sub-cp009_ses-20210129_level-03B_run-002,sub-cp009,2,1000,45,51,50,2,3,3.0,0.05,2.649617734218057,0.1,2.483413638353702,2.483413638353702,0.7809905409812927,0.7739042043685913,0.7921769022941589,0.7946656942367554
sub-cp009_ses-20210129_level-03B_run-005,sub-cp009,2,1000,45,51,50,2,2,3.0,0.05,2.7359656961405934,0.1,2.947715333986617,2.947715333986617,0.8392415046691895,0.8400606513023376,0.8635628819465637,0.8635310530662537
sub-cp009_ses-20210129_level-03B_run-011,sub-cp009,2,1000,45,51,50,2,2,3.0,0.05,2.5202394053425112,0.1,2.683737426934127,2.683737426934127,0.8643589019775391,0.8751651644706726,0.8940374851226807,0.8577834367752075
sub-cp009_ses-20210129_level-04B_run-004,sub-cp009,2,1000,45,51,50,3,3,4.0,0.05,3.1321194465872826,0.1,2.8799882963162373,2.8799882963162373,0.800603449344635,0.781009316444397,0.8029913306236267,0.8632117509841919
sub-cp009_ses-20210129_level-04B_run-006,sub-cp009,2,1000,45,51,50,3,3,4.0,0.05,3.1502176537561577,0.1,3.62410472967899,3.62410472967899,0.7902358770370483,0.7793251276016235,0.8101380467414856,0.8580495119094849
sub-cp009_ses-20210129_level-04B_run-009,sub-cp009,2,1000,45,51,50,3,3,4.0,0.05,3.273945025732659,0.1,3.602399998726056,3.602399998726056,0.7799751162528992,0.7594308257102966,0.7904778718948364,0.8579962849617004
sub-cp013_ses-20210319_level-01B_run-001,sub-cp013,2,1000,45,51,50,0,3,1.0,0.05,2.839908151624532,0.1,2.875316970681192,2.875316970681192,0.8579993844032288,0.8405343294143677,0.8620526790618896,0.8913113474845886
sub-cp013_ses-20210319_level-01B_run-007,sub-cp013,2,1000,45,51,50,0,3,1.0,0.05,2.659726336005792,0.1,2.049556872941814,2.049556872941814,0.8057337999343872,0.7751673460006714,0.7921769022941589,0.8193060755729675
sub-cp013_ses-20210319_level-01B_run-012,sub-cp013,2,1000,45,51,50,0,0,1.0,0.05,2.349293223039895,0.1,2.0308986376741607,2.0308986376741607,0.879269003868103,0.8537445664405823,0.856658935546875,0.8609765768051147
sub-cp013_ses-20210319_level-02B_run-003,sub-cp013,2,1000,45,51,50,1,3,2.0,0.05,2.7730474605724185,0.1,2.560056708233239,2.560056708233239,0.8371573090553284,0.8349028825759888,0.8587085604667664,0.8655001521110535
sub-cp013_ses-20210319_level-02B_run-008,sub-cp013,2,1000,45,51,50,1,3,2.0,0.05,2.9060432017848923,0.1,2.683429593870165,2.683429593870165,0.8078714609146118,0.8014825582504272,0.8217614889144897,0.8507584929466248
sub-cp013_ses-20210319_level-02B_run-010,sub-cp013,2,1000,45,51,50,1,3,2.0,0.05,2.6412835892270445,0.1,2.097327876528789,2.097327876528789,0.8290342092514038,0.8007457256317139,0.8199006915092468,0.8404340147972107
sub-cp013_ses-20210319_level-03B_run-002,sub-cp013,2,1000,45,51,50,2,3,3.0,0.05,2.9507989390023974,0.1,3.377298635792976,3.377298635792976,0.8027945756912231,0.8010088801383972,0.8289351463317871,0.851610004901886
sub-cp013_ses-20210319_level-03B_run-005,sub-cp013,2,1000,45,51,50,2,3,3.0,0.05,2.8819078319512843,0.1,3.1249195839396124,3.1249195839396124,0.7513306140899658,0.7458521723747253,0.7730022072792053,0.7913661599159241
sub-cp013_ses-20210319_level-03B_run-011,sub-cp013,2,1000,45,51,50,2,3,3.0,0.05,2.895131585797062,0.1,3.2237947964221236,3.2237947964221236,0.8228350281715393,0.818219006061554,0.840046226978302,0.8649147748947144
sub-cp013_ses-20210319_level-04B_run-004,sub-cp013,2,1000,45,51,50,3,3,4.0,0.05,3.0037877985421977,0.1,3.7246531171153863,3.7246531171153863,0.6911023259162903,0.6765378713607788,0.7039624452590942,0.7420321702957153
sub-cp013_ses-20210319_level-04B_run-006,sub-cp013,2,1000,45,51,50,3,3,4.0,0.05,3.0652210185363256,0.1,3.2907412016906434,3.2907412016906434,0.8207508325576782,0.7954300045967102,0.8171228766441345,0.8750263452529907
sub-cp013_ses-20210319_level-04B_run-009,sub-cp013,2,1000,45,51,50,3,3,4.0,0.05,2.9321960913185983,0.1,3.1725770356252903,3.1725770356252903,0.7853192687034607,0.7687990069389343,0.7880507111549377,0.8284597396850586
sub-cp015_ses-20210504_level-01B_run-001,sub-cp015,2,1000,45,51,50,0,0,1.0,0.05,1.8832748988836234,0.1,0.38184300826203765,1.0,0.9049208164215088,0.8948489427566528,0.8683363199234009,0.7982313632965088
sub-cp015_ses-20210504_level-01B_run-007,sub-cp015,2,1000,45,51,50,0,0,1.0,0.05,2.0462167077139988,0.1,1.3662278181130163,1.3662278181130163,0.9166244268417358,0.9052171111106873,0.8892639875411987,0.8515035510063171
sub-cp015_ses-20210504_level-01B_run-012,sub-cp015,2,1000,45,51,50,0,0,1.0,0.05,2.1350413683799605,0.1,1.6900215047132923,1.6900215047132923,0.9192430377006531,0.898690938949585,0.8936059474945068,0.8707156181335449
sub-cp015_ses-20210504_level-02B_run-003,sub-cp015,2,1000,45,51,50,1,1,2.0,0.05,2.069593106663404,0.1,2.0305094502677647,2.0305094502677647,0.9160366058349609,0.9363216757774353,0.9136976003646851,0.8205833435058594
sub-cp015_ses-20210504_level-02B_run-008,sub-cp015,2,1000,45,51,50,1,1,2.0,0.05,2.0551462025810285,0.1,1.2716451222028016,1.2716451222028016,0.909089207649231,0.9156379699707031,0.8939835429191589,0.8323979377746582
sub-cp015_ses-20210504_level-02B_run-010,sub-cp015,2,1000,45,51,50,1,0,2.0,0.05,2.0636092178129006,0.1,1.0655757655285356,1.0655757655285356,0.9090358018875122,0.8979541063308716,0.8846793174743652,0.8451172709465027
sub-cp015_ses-20210504_level-03B_run-002,sub-cp015,2,1000,45,51,50,2,2,3.0,0.05,2.295160670325009,0.1,2.7340199841177757,2.7340199841177757,0.8818876147270203,0.9018487930297852,0.9075217843055725,0.8260648846626282
sub-cp015_ses-20210504_level-03B_run-005,sub-cp015,2,1000,45,51,50,2,2,3.0,0.05,2.179848390136492,0.1,2.515322802110069,2.515322802110069,0.913792073726654,0.913901150226593,0.9141290783882141,0.8525147438049316
sub-cp015_ses-20210504_level-03B_run-011,sub-cp015,2,1000,45,51,50,2,0,3.0,0.05,2.1046736650162154,0.1,2.0602676140346494,2.0602676140346494,0.9288090467453003,0.9238482713699341,0.9193879961967468,0.8577834367752075
sub-cp015_ses-20210504_level-04B_run-004,sub-cp015,2,1000,45,51,50,3,3,4.0,0.05,3.041587526122422,0.1,3.842496916468444,3.842496916468444,0.8660155534744263,0.8523761630058289,0.8724895119667053,0.9210608005523682
sub-cp015_ses-20210504_level-04B_run-006,sub-cp015,2,1000,45,51,50,3,3,4.0,0.05,2.9927029321341245,0.1,3.4199250676922843,3.4199250676922843,0.8250260949134827,0.8074824213981628,0.831605076789856,0.874015212059021
sub-cp015_ses-20210504_level-04B_run-009,sub-cp015,2,1000,45,51,50,3,3,4.0,0.05,2.9561565391008884,0.1,3.4920230720067744,3.4920230720067744,0.8756349682807922,0.8528498411178589,0.8754021525382996,0.9196770787239075
sub-cp020_ses-20210604_level-01B_run-001,sub-cp020,2,1000,45,51,50,0,0,1.0,0.05,2.2833950828741023,0.1,1.1189235527116792,1.1189235527116792,0.8496625423431396,0.8252188563346863,0.8207906484603882,0.8253198266029358
sub-cp020_ses-20210604_level-01B_run-007,sub-cp020,2,1000,45,51,50,0,1,1.0,0.05,2.1386713424673838,0.1,1.5648695507908352,1.5648695507908352,0.9120284914970398,0.9155853390693665,0.9039080142974854,0.8515567779541016
sub-cp020_ses-20210604_level-01B_run-012,sub-cp020,2,1000,45,51,50,0,1,1.0,0.05,2.0884058215446184,0.1,1.658274875177695,1.658274875177695,0.9028366208076477,0.9114274978637695,0.8920687437057495,0.8314400315284729
sub-cp020_ses-20210604_level-02B_run-003,sub-cp020,2,1000,45,51,50,1,1,2.0,0.05,2.117630093642912,0.1,1.7978042840606974,1.7978042840606974,0.916196882724762,0.9236903786659241,0.9112973809242249,0.8451172709465027
sub-cp020_ses-20210604_level-02B_run-008,sub-cp020,2,1000,45,51,50,1,1,2.0,0.05,2.1933148902860937,0.1,2.1486550452253432,2.1486550452253432,0.8944463133811951,0.8995330333709717,0.8925541639328003,0.8418177366256714
sub-cp020_ses-20210604_level-02B_run-010,sub-cp020,2,1000,45,51,50,1,1,2.0,0.05,2.108552606852814,0.1,2.0478600973759162,2.0478600973759162,0.9040123224258423,0.9196378588676453,0.9026944041252136,0.8248940706253052
sub-cp020_ses-20210604_level-03B_run-002,sub-cp020,2,1000,45,51,50,2,3,3.0,0.05,2.7495368933745152,0.1,2.983438757227094,2.983438757227094,0.8177580833435059,0.8171137571334839,0.8403968214988708,0.8435739278793335
sub-cp020_ses-20210604_level-03B_run-005,sub-cp020,2,1000,45,51,50,2,2,3.0,0.05,2.3152854590079572,0.1,2.4919795014361625,2.4919795014361625,0.89695805311203,0.907006561756134,0.9152887463569641,0.853951632976532
sub-cp020_ses-20210604_level-03B_run-011,sub-cp020,2,1000,45,51,50,2,2,3.0,0.05,2.564848947899492,0.1,2.786933869782585,2.786933869782585,0.8561823964118958,0.861639142036438,0.8792856335639954,0.8585284948348999
sub-cp020_ses-20210604_level-04B_run-004,sub-cp020,2,1000,45,51,50,3,3,4.0,0.05,3.2330305349451476,0.1,4.100984472145502,4.0,0.7685387134552002,0.762114942073822,0.7920150756835938,0.8470864295959473
sub-cp020_ses-20210604_level-04B_run-006,sub-cp020,2,1000,45,51,50,3,3,4.0,0.05,3.176382928752383,0.1,4.213936584529369,4.0,0.7870293855667114,0.7730621099472046,0.7992157340049744,0.856293261051178
sub-cp020_ses-20210604_level-04B_run-009,sub-cp020,2,1000,45,51,50,3,3,4.0,0.05,3.0661361556436693,0.1,4.010993533886126,4.0,0.811879575252533,0.7985878586769104,0.8226245045661926,0.8696512579917908
sub-cp026_ses-20210716_level-01B_run-001,sub-cp026,2,1000,45,51,50,0,1,1.0,0.05,1.9796237401708214,0.1,1.1428602014884142,1.1428602014884142,0.9252819418907166,0.929953396320343,0.9031528830528259,0.8302159905433655
sub-cp026_ses-20210716_level-01B_run-007,sub-cp026,2,1000,45,51,50,0,0,1.0,0.05,1.9136174996526236,0.1,0.6992697799986263,1.0,0.9276333451271057,0.9107432961463928,0.8907473087310791,0.8358039855957031
sub-cp026_ses-20210716_level-01B_run-012,sub-cp026,2,1000,45,51,50,0,0,1.0,0.05,1.9155857820781512,0.1,0.6956647495416186,1.0,0.9257094264030457,0.9047434329986572,0.886324405670166,0.8388374447822571
sub-cp026_ses-20210716_level-02B_run-003,sub-cp026,2,1000,45,51,50,1,0,2.0,0.05,2.139786444322184,0.1,2.0301851813621816,2.0301851813621816,0.9160366058349609,0.9136906266212463,0.9025865197181702,0.860763669013977
sub-cp026_ses-20210716_level-02B_run-008,sub-cp026,2,1000,45,51,50,1,1,2.0,0.05,2.0750062589935108,0.1,2.055297025252093,2.055297025252093,0.9035847783088684,0.9208483695983887,0.8987299799919128,0.8171241283416748
sub-cp026_ses-20210716_level-02B_run-010,sub-cp026,2,1000,45,51,50,1,1,2.0,0.05,2.173567155221603,0.1,1.8577806284477445,1.8577806284477445,0.914647102355957,0.9166378974914551,0.9047979712486267,0.8649147748947144
sub-cp026_ses-20210716_level-03B_run-002,sub-cp026,2,1000,45,51,50,2,2,3.0,0.05,2.265452648616462,0.1,2.510998786619386,2.510998786619386,0.9125094413757324,0.9215325713157654,0.9276403784751892,0.8585284948348999
sub-cp026_ses-20210716_level-03B_run-005,sub-cp026,2,1000,45,51,50,2,2,3.0,0.05,2.2863839694509593,0.1,2.77617854482121,2.77617854482121,0.9207394123077393,0.9306902289390564,0.9361894726753235,0.873323380947113
sub-cp026_ses-20210716_level-03B_run-011,sub-cp026,2,1000,45,51,50,2,2,3.0,0.05,2.2580301081911083,0.1,2.583816887744926,2.583816887744926,0.9160900115966797,0.9208483695983887,0.9247547388076782,0.8675224781036377
sub-cp026_ses-20210716_level-04B_run-004,sub-cp026,2,1000,45,51,50,3,3,4.0,0.05,3.0426130574610206,0.1,4.221565633037736,4.0,0.8476317524909973,0.8319029211997986,0.8512112498283386,0.9021680355072021
sub-cp026_ses-20210716_level-04B_run-006,sub-cp026,2,1000,45,51,50,3,3,4.0,0.05,2.989915965699756,0.1,3.8257362758266376,3.8257362758266376,0.8749936819076538,0.8510603904724121,0.8778293132781982,0.9221251606941223
sub-cp026_ses-20210716_level-04B_run-009,sub-cp026,2,1000,45,51,50,3,3,4.0,0.05,3.0506386231104115,0.1,3.46926145071088,3.46926145071088,0.8734973669052124,0.8471131324768066,0.8687408566474915,0.9260633587837219
sub-cp031_ses-20211216_level-01B_run-001,sub-cp031,2,1000,45,51,50,0,0,1.0,0.05,2.226768722141757,0.1,1.7734987081810192,1.7734987081810192,0.8872317671775818,0.8840070366859436,0.8746739625930786,0.849747359752655
sub-cp031_ses-20211216_level-01B_run-007,sub-cp031,2,1000,45,51,50,0,0,1.0,0.05,2.070177480680446,0.1,1.5268689625697944,1.5268689625697944,0.9274195432662964,0.9127432703971863,0.9056069850921631,0.8619877099990845
sub-cp031_ses-20211216_level-02B_run-003,sub-cp031,2,1000,45,51,50,1,1,2.0,0.05,2.1025607859643936,0.1,1.881976037657472,1.881976037657472,0.9219151139259338,0.9303744435310364,0.9186598062515259,0.8419241905212402
sub-cp031_ses-20211216_level-02B_run-008,sub-cp031,2,1000,45,51,50,1,1,2.0,0.05,2.0881275852475953,0.1,1.7138407670086306,1.7138407670086306,0.926778256893158,0.9411637187004089,0.9236220717430115,0.8418177366256714
sub-cp031_ses-20211216_level-02B_run-010,sub-cp031,2,1000,45,51,50,1,1,2.0,0.05,2.176165514616878,0.1,1.9322711464482465,1.9322711464482465,0.9157159328460693,0.920637845993042,0.908789336681366,0.8643825650215149
sub-cp031_ses-20211216_level-02B_run-012,sub-cp031,2,1000,45,51,50,1,0,2.0,0.05,1.9656274325181764,0.1,1.0124384078415727,1.0124384078415727,0.9340462684631348,0.9274271726608276,0.9097062349319458,0.8383052945137024
sub-cp031_ses-20211216_level-03B_run-002,sub-cp031,2,1000,45,51,50,2,2,3.0,0.05,2.2353596411809478,0.1,2.546651354153714,2.546651354153714,0.9151281118392944,0.9335849285125732,0.9371063709259033,0.8395293354988098
sub-cp031_ses-20211216_level-03B_run-005,sub-cp031,2,1000,45,51,50,2,2,3.0,0.05,2.2955654804906205,0.1,2.623477435016854,2.623477435016854,0.9151281118392944,0.9197957515716553,0.9294472932815552,0.869331955909729
sub-cp031_ses-20211216_level-03B_run-011,sub-cp031,2,1000,45,51,50,2,2,3.0,0.05,2.2577117658661936,0.1,2.6894713518666236,2.6894713518666236,0.9073790907859802,0.9305849671363831,0.9322250485420227,0.839422881603241
sub-cp031_ses-20211216_level-04B_run-004,sub-cp031,2,1000,45,51,50,3,3,4.0,0.05,3.0730088929073993,0.1,3.991779373990154,3.991779373990154,0.8653742671012878,0.8512709140777588,0.8752942681312561,0.9236152768135071
sub-cp031_ses-20211216_level-04B_run-006,sub-cp031,2,1000,45,51,50,3,3,4.0,0.05,2.9809012165545496,0.1,4.062273428775068,4.0,0.8760091066360474,0.8647443056106567,0.8912866711616516,0.9254247546195984
sub-cp031_ses-20211216_level-04B_run-009,sub-cp031,2,1000,45,51,50,3,3,4.0,0.05,3.004102409488827,0.1,4.109720215165063,4.0,0.8813531994819641,0.8659548163414001,0.8865671753883362,0.9320771098136902
sub-cp038_ses-20220112_level-01B_run-001,sub-cp038,2,1000,45,51,50,0,0,1.0,0.05,2.1285496333781415,0.1,0.8794236285822705,1.0,0.8450666069984436,0.8319029211997986,0.8271282911300659,0.789716362953186
sub-cp038_ses-20220112_level-01B_run-007,sub-cp038,2,1000,45,51,50,0,0,1.0,0.05,2.2776384490824997,0.1,1.7840697549730038,1.7840697549730038,0.8069095611572266,0.7743252515792847,0.7730291485786438,0.7824253439903259
sub-cp038_ses-20220112_level-01B_run-012,sub-cp038,2,1000,45,51,50,0,0,1.0,0.05,2.240481700928404,0.1,1.8852898875318982,1.8852898875318982,0.8142309784889221,0.7888512015342712,0.7934444546699524,0.7798176407814026
sub-cp038_ses-20220112_level-02B_run-003,sub-cp038,2,1000,45,51,50,1,0,2.0,0.05,2.2678255818335167,0.1,1.5877806120434743,1.5877806120434743,0.885414719581604,0.8711652159690857,0.8681206107139587,0.8554418087005615
sub-cp038_ses-20220112_level-02B_run-008,sub-cp038,2,1000,45,51,50,1,0,2.0,0.05,2.136999681836644,0.1,0.7692977155240612,1.0,0.844745934009552,0.8087455034255981,0.8066321015357971,0.8025421500205994
sub-cp038_ses-20220112_level-02B_run-010,sub-cp038,2,1000,45,51,50,1,0,2.0,0.05,2.3970575626171717,0.1,1.9351510275916182,1.9351510275916182,0.8251864314079285,0.7923248410224915,0.793768048286438,0.813984215259552
sub-cp038_ses-20220112_level-03B_run-002,sub-cp038,2,1000,45,51,50,2,2,3.0,0.05,2.4314161329142148,0.1,1.9259979967738978,1.9259979967738978,0.8646261096000671,0.8669548034667969,0.8728671073913574,0.8517696857452393
sub-cp038_ses-20220112_level-03B_run-005,sub-cp038,2,1000,45,51,50,2,0,3.0,0.05,2.2848789870234665,0.1,1.2020678080103389,1.2020678080103389,0.8325079083442688,0.8269030451774597,0.8237841725349426,0.8023824691772461
sub-cp038_ses-20220112_level-03B_run-011,sub-cp038,2,1000,45,51,50,2,3,3.0,0.05,2.575582692613504,0.1,3.275711068563742,3.275711068563742,0.8350730538368225,0.8058508634567261,0.8248359560966492,0.8393164277076721
sub-cp038_ses-20220112_level-04B_run-004,sub-cp038,2,1000,45,51,50,3,3,4.0,0.05,3.0709792029794825,0.1,3.9721269431396897,3.9721269431396897,0.7924804091453552,0.7791672348976135,0.8034767508506775,0.8507584929466248
sub-cp038_ses-20220112_level-04B_run-006,sub-cp038,2,1000,45,51,50,3,3,4.0,0.05,2.9429464396925535,0.1,3.3540661759833315,3.3540661759833315,0.7981986403465271,0.7815356254577637,0.8005102276802063,0.8424031138420105
sub-cp038_ses-20220112_level-04B_run-009,sub-cp038,2,1000,45,51,50,3,3,4.0,0.05,2.903619579097325,0.1,3.1377704472775516,3.1377704472775516,0.8210180401802063,0.796903669834137,0.8161789774894714,0.8596460819244385
sub-cp009_ses-20210129_level-01B_run-001,sub-cp009,2,2000,45,51,50,0,3,1.0,0.05,2.593912884283104,0.01,2.12230175499584,2.12230175499584,0.7905875444412231,0.7833755016326904,0.7966094613075256,0.7985854148864746
sub-cp009_ses-20210129_level-01B_run-007,sub-cp009,2,2000,45,51,50,0,2,1.0,0.05,2.4413738510287084,0.01,1.616872486603601,1.616872486603601,0.8484318852424622,0.8407328724861145,0.8491284251213074,0.8375304937362671
sub-cp009_ses-20210129_level-01B_run-012,sub-cp009,2,2000,45,51,50,0,0,1.0,0.05,2.3743213836197614,0.01,1.5669538671892786,1.5669538671892786,0.877899706363678,0.8710799217224121,0.8742848038673401,0.8592196702957153
sub-cp009_ses-20210129_level-02B_run-003,sub-cp009,2,2000,45,51,50,1,1,2.0,0.05,2.2845069212453795,0.01,1.2935075173508612,1.2935075173508612,0.8509340882301331,0.8557618856430054,0.8497875928878784,0.8186021447181702
sub-cp009_ses-20210129_level-02B_run-008,sub-cp009,2,2000,45,51,50,1,2,2.0,0.05,2.5316502476185496,0.01,1.6048723806084682,1.6048723806084682,0.8349623680114746,0.8370018601417542,0.8500701189041138,0.8343978524208069
sub-cp009_ses-20210129_level-02B_run-010,sub-cp009,2,2000,45,51,50,1,1,2.0,0.05,2.26497456255374,0.01,1.6371078199452935,1.6371078199452935,0.8427885174751282,0.8529767990112305,0.8463840484619141,0.8040807247161865
sub-cp009_ses-20210129_level-03B_run-002,sub-cp009,2,2000,45,51,50,2,3,3.0,0.05,2.692315233866138,0.01,2.108393150044037,2.108393150044037,0.7878990173339844,0.7821668982505798,0.8020980954170227,0.8066027760505676
sub-cp009_ses-20210129_level-03B_run-005,sub-cp009,2,2000,45,51,50,2,2,3.0,0.05,2.7042100222836907,0.01,3.022124690852258,3.022124690852258,0.8483253717422485,0.849298357963562,0.8734776377677917,0.8683254718780518
sub-cp009_ses-20210129_level-03B_run-011,sub-cp009,2,2000,45,51,50,2,2,3.0,0.05,2.501206115790218,0.01,2.492142880755668,2.492142880755668,0.8760097622871399,0.8814846873283386,0.8980959057807922,0.8682988882064819
sub-cp009_ses-20210129_level-04B_run-004,sub-cp009,2,2000,45,51,50,3,3,4.0,0.05,3.097988873778359,0.01,2.577665316453292,2.577665316453292,0.8115637898445129,0.7940167188644409,0.8126046061515808,0.8711659908294678
sub-cp009_ses-20210129_level-04B_run-006,sub-cp009,2,2000,45,51,50,3,3,4.0,0.05,3.1738843375260304,0.01,4.086746221571479,4.0,0.7931164503097534,0.7870802283287048,0.8168824911117554,0.8652194142341614
sub-cp009_ses-20210129_level-04B_run-009,sub-cp009,2,2000,45,51,50,3,3,4.0,0.05,3.3116053342287897,0.01,3.681301553435123,3.681301553435123,0.7799929976463318,0.7609370350837708,0.7896813750267029,0.8625115752220154
sub-cp013_ses-20210319_level-01B_run-001,sub-cp013,2,2000,45,51,50,0,3,1.0,0.05,2.778734010899134,0.01,2.3370501918260542,2.3370501918260542,0.8649359941482544,0.8459089398384094,0.8664150238037109,0.8916340470314026
sub-cp013_ses-20210319_level-01B_run-007,sub-cp013,2,2000,45,51,50,0,3,1.0,0.05,2.6236656453389116,0.01,1.7216029473608359,1.7216029473608359,0.8201086521148682,0.7913104295730591,0.8084477186203003,0.8299644589424133
sub-cp013_ses-20210319_level-01B_run-012,sub-cp013,2,2000,45,51,50,0,0,1.0,0.05,2.4173520712488568,0.01,1.9133919555116696,1.9133919555116696,0.8760629892349243,0.854132890701294,0.8599981069564819,0.864821195602417
sub-cp013_ses-20210319_level-02B_run-003,sub-cp013,2,2000,45,51,50,1,3,2.0,0.05,2.70253581626972,0.01,2.1294802396789883,2.1294802396789883,0.8467282056808472,0.8465132713317871,0.8657558560371399,0.867529034614563
sub-cp013_ses-20210319_level-02B_run-008,sub-cp013,2,2000,45,51,50,1,3,2.0,0.05,3.0269699615456513,0.01,2.5485502872622274,2.5485502872622274,0.7999576330184937,0.7948837876319885,0.8174475431442261,0.8561401963233948
sub-cp013_ses-20210319_level-02B_run-010,sub-cp013,2,2000,45,51,50,1,3,2.0,0.05,2.6053226160312413,0.01,2.631236261279959,2.631236261279959,0.8372250199317932,0.8150100708007812,0.8320435881614685,0.8452557325363159
sub-cp013_ses-20210319_level-03B_run-002,sub-cp013,2,2000,45,51,50,2,3,3.0,0.05,2.8640962970139467,0.01,3.4153042677057894,3.4153042677057894,0.8188309073448181,0.8172959685325623,0.8403976559638977,0.8581312298774719
sub-cp013_ses-20210319_level-03B_run-005,sub-cp013,2,2000,45,51,50,2,3,3.0,0.05,2.962821606308463,0.01,3.545978557180957,3.545978557180957,0.7583512663841248,0.7557084560394287,0.7818788290023804,0.8083018064498901
sub-cp013_ses-20210319_level-03B_run-011,sub-cp013,2,2000,45,51,50,2,3,3.0,0.05,3.01057914050732,0.01,3.343279969310785,3.343279969310785,0.8092744946479797,0.8049468994140625,0.8283710479736328,0.8639451265335083
sub-cp013_ses-20210319_level-04B_run-004,sub-cp013,2,2000,45,51,50,3,3,4.0,0.05,3.054551893792877,0.01,3.815567083091381,3.815567083091381,0.6980047225952148,0.6857655644416809,0.7087504863739014,0.7548618912696838
sub-cp013_ses-20210319_level-04B_run-006,sub-cp013,2,2000,45,51,50,3,3,4.0,0.05,3.0907396962185896,0.01,2.773951441671949,2.773951441671949,0.8145717978477478,0.7953829765319824,0.8158063292503357,0.8730243444442749
sub-cp013_ses-20210319_level-04B_run-009,sub-cp013,2,2000,45,51,50,3,3,4.0,0.05,3.036665989386149,0.01,3.355440158535772,3.355440158535772,0.7777835726737976,0.7661919593811035,0.7852689027786255,0.8329111933708191
sub-cp015_ses-20210504_level-01B_run-001,sub-cp015,2,2000,45,51,50,0,0,1.0,0.05,1.8788564880743281,0.01,0.6332339121587298,1.0,0.9035343527793884,0.8916003704071045,0.8664957284927368,0.7964085340499878
sub-cp015_ses-20210504_level-01B_run-007,sub-cp015,2,2000,45,51,50,0,0,1.0,0.05,2.0184893113022784,0.01,1.0522328067042108,1.0522328067042108,0.9211831092834473,0.9125411510467529,0.8943964242935181,0.8481228947639465
sub-cp015_ses-20210504_level-01B_run-012,sub-cp015,2,2000,45,51,50,0,0,1.0,0.05,2.1206009435545523,0.01,1.4028467164052427,1.4028467164052427,0.9187341332435608,0.9004285931587219,0.8927686810493469,0.8679803013801575
sub-cp015_ses-20210504_level-02B_run-003,sub-cp015,2,2000,45,51,50,1,1,2.0,0.05,2.0030331635942966,0.01,1.8664040480400734,1.8664040480400734,0.9156196117401123,0.9295145273208618,0.9030464291572571,0.8079301118850708
sub-cp015_ses-20210504_level-02B_run-008,sub-cp015,2,2000,45,51,50,1,1,2.0,0.05,2.060000894910408,0.01,1.5213042636718943,1.5213042636718943,0.9094439148902893,0.916850209236145,0.8986474275588989,0.8268849849700928
sub-cp015_ses-20210504_level-02B_run-010,sub-cp015,2,2000,45,51,50,1,0,2.0,0.05,2.079376937334652,0.01,1.3298587561546993,1.3298587561546993,0.9140490889549255,0.9074176549911499,0.8954188227653503,0.8482025265693665
sub-cp015_ses-20210504_level-03B_run-002,sub-cp015,2,2000,45,51,50,2,2,3.0,0.05,2.2490712491056866,0.01,2.493319152955091,2.493319152955091,0.8830639123916626,0.8987995982170105,0.9025217890739441,0.8185756206512451
sub-cp015_ses-20210504_level-03B_run-005,sub-cp015,2,2000,45,51,50,2,2,3.0,0.05,2.224227989281247,0.01,2.6438762992376303,2.6438762992376303,0.906143069267273,0.9062878489494324,0.9092211723327637,0.8538571000099182
sub-cp015_ses-20210504_level-03B_run-011,sub-cp015,2,2000,45,51,50,2,0,3.0,0.05,2.1247420520930476,0.01,2.173739033121658,2.173739033121658,0.9224076271057129,0.917060375213623,0.914023756980896,0.8559809327125549
sub-cp015_ses-20210504_level-04B_run-004,sub-cp015,2,2000,45,51,50,3,3,4.0,0.05,3.0327234478938836,0.01,4.127464822943429,4.0,0.8680505156517029,0.8581002950668335,0.8781591057777405,0.9232785701751709
sub-cp015_ses-20210504_level-04B_run-006,sub-cp015,2,2000,45,51,50,3,3,4.0,0.05,3.1358267089231413,0.01,3.8221190155390583,3.8221190155390583,0.8256455063819885,0.8084414601325989,0.8354740142822266,0.8896164298057556
sub-cp015_ses-20210504_level-04B_run-009,sub-cp015,2,2000,45,51,50,3,3,4.0,0.05,3.0283031115494627,0.01,3.5984240908885416,3.5984240908885416,0.8762493133544922,0.8561822772026062,0.8778093457221985,0.9281898140907288
sub-cp020_ses-20210604_level-01B_run-001,sub-cp020,2,2000,45,51,50,0,0,1.0,0.05,2.333273947027824,0.01,1.294971114536525,1.294971114536525,0.8527708649635315,0.8281998634338379,0.8243218064308167,0.8346368074417114
sub-cp020_ses-20210604_level-01B_run-007,sub-cp020,2,2000,45,51,50,0,1,1.0,0.05,2.149364350283446,0.01,1.53743091044797,1.53743091044797,0.9123986959457397,0.9173493981361389,0.9068132042884827,0.8520519137382507
sub-cp020_ses-20210604_level-01B_run-012,sub-cp020,2,2000,45,51,50,0,1,1.0,0.05,2.075180535805858,0.01,1.4071033257836436,1.4071033257836436,0.9018307328224182,0.9154839515686035,0.8947327136993408,0.8195844292640686
sub-cp020_ses-20210604_level-02B_run-003,sub-cp020,2,2000,45,51,50,1,1,2.0,0.05,2.131499710214312,0.01,1.7185363583930982,1.7185363583930982,0.9118130207061768,0.9222102165222168,0.9114408493041992,0.8385127186775208
sub-cp020_ses-20210604_level-02B_run-008,sub-cp020,2,2000,45,51,50,1,1,2.0,0.05,2.140714420763963,0.01,1.9651463915794156,1.9651463915794156,0.9047322273254395,0.9077066779136658,0.8967506289482117,0.844512403011322
sub-cp020_ses-20210604_level-02B_run-010,sub-cp020,2,2000,45,51,50,1,1,2.0,0.05,2.083302689385938,0.01,2.1915058382103947,2.1915058382103947,0.9016709923744202,0.9157204031944275,0.8976653814315796,0.8162925243377686
sub-cp020_ses-20210604_level-03B_run-002,sub-cp020,2,2000,45,51,50,2,3,3.0,0.05,2.8044773869092148,0.01,3.5877994276750798,3.5877994276750798,0.8216525912284851,0.8236544132232666,0.8478100299835205,0.8546270132064819
sub-cp020_ses-20210604_level-03B_run-005,sub-cp020,2,2000,45,51,50,2,2,3.0,0.05,2.2888124827538747,0.01,2.3486924819380386,2.3486924819380386,0.8919282555580139,0.9041858911514282,0.9112659692764282,0.840424120426178
sub-cp020_ses-20210604_level-03B_run-011,sub-cp020,2,2000,45,51,50,2,2,3.0,0.05,2.5037103795148687,0.01,2.4215749890405145,2.4215749890405145,0.8601178526878357,0.8683999180793762,0.8835267424583435,0.853299617767334
sub-cp020_ses-20210604_level-04B_run-004,sub-cp020,2,2000,45,51,50,3,3,4.0,0.05,3.304741667830869,0.01,3.955109469802856,3.955109469802856,0.7689990997314453,0.7615939378738403,0.7935960292816162,0.8555827140808105
sub-cp020_ses-20210604_level-04B_run-006,sub-cp020,2,2000,45,51,50,3,3,4.0,0.05,3.09349297776814,0.01,3.9607721423342444,3.9607721423342444,0.7985202074050903,0.786896288394928,0.8101562261581421,0.8596444725990295
sub-cp020_ses-20210604_level-04B_run-009,sub-cp020,2,2000,45,51,50,3,3,4.0,0.05,3.040948225509652,0.01,3.6593889735788903,3.6593889735788903,0.8244476318359375,0.8122512698173523,0.8351914882659912,0.8799000978469849
sub-cp026_ses-20210716_level-01B_run-001,sub-cp026,2,2000,45,51,50,0,1,1.0,0.05,1.931946355645359,0.01,0.9029176209708056,1.0,0.9218752384185791,0.9235501885414124,0.8951901197433472,0.813186526298523
sub-cp026_ses-20210716_level-01B_run-007,sub-cp026,2,2000,45,51,50,0,0,1.0,0.05,1.8882348986527144,0.01,0.7202887456954701,1.0,0.9319374561309814,0.9183478355407715,0.8938314318656921,0.8316634893417358
sub-cp026_ses-20210716_level-01B_run-012,sub-cp026,2,2000,45,51,50,0,0,1.0,0.05,1.8792121712473981,0.01,0.979439127678392,1.0,0.9313251972198486,0.912409782409668,0.8911274671554565,0.8326722979545593
sub-cp026_ses-20210716_level-02B_run-003,sub-cp026,2,2000,45,51,50,1,1,2.0,0.05,2.139213148229555,0.01,2.0544634474608214,2.0544634474608214,0.9211831092834473,0.9225255250930786,0.9109700322151184,0.8629363179206848
sub-cp026_ses-20210716_level-02B_run-008,sub-cp026,2,2000,45,51,50,1,1,2.0,0.05,1.9903435360040924,0.01,1.8947897914210317,1.8947897914210317,0.9119461178779602,0.921789824962616,0.8956475257873535,0.807691216468811
sub-cp026_ses-20210716_level-02B_run-010,sub-cp026,2,2000,45,51,50,1,1,2.0,0.05,2.146830204460279,0.01,2.0363111515798806,2.0363111515798806,0.9209967851638794,0.9255470633506775,0.9115350246429443,0.8647415637969971
sub-cp026_ses-20210716_level-03B_run-002,sub-cp026,2,2000,45,51,50,2,2,3.0,0.05,2.285987183494605,0.01,2.9943566707642906,2.9943566707642906,0.9080596566200256,0.926466703414917,0.9300458431243896,0.8548128008842468
sub-cp026_ses-20210716_level-03B_run-005,sub-cp026,2,2000,45,51,50,2,2,3.0,0.05,2.274146385114276,0.01,2.9090800550128906,2.9090800550128906,0.9179887771606445,0.9319317936897278,0.9349156618118286,0.8666529655456543
sub-cp026_ses-20210716_level-03B_run-011,sub-cp026,2,2000,45,51,50,2,2,3.0,0.05,2.2926832784338655,0.01,2.8621105159833036,2.8621105159833036,0.9136231541633606,0.9228407740592957,0.9281086325645447,0.8690156936645508
sub-cp026_ses-20210716_level-04B_run-004,sub-cp026,2,2000,45,51,50,3,3,4.0,0.05,3.045624251739195,0.01,3.9244802429349632,3.9244802429349632,0.852637767791748,0.8381579518318176,0.8569040298461914,0.9078279733657837
sub-cp026_ses-20210716_level-04B_run-006,sub-cp026,2,2000,45,51,50,3,3,4.0,0.05,2.964126479293597,0.01,3.5858120147135,3.5858120147135,0.8711916208267212,0.853975236415863,0.8758856654167175,0.9173584580421448
sub-cp026_ses-20210716_level-04B_run-009,sub-cp026,2,2000,45,51,50,3,3,4.0,0.05,3.1131135599782,0.01,3.4872408018591887,3.4872408018591887,0.8672518730163574,0.8439383506774902,0.8645719885826111,0.9268093705177307
sub-cp031_ses-20211216_level-01B_run-001,sub-cp031,2,2000,45,51,50,0,0,1.0,0.05,2.1899621331225756,0.01,1.734318183412062,1.734318183412062,0.8960809111595154,0.8897085785865784,0.8803653717041016,0.8530606627464294
sub-cp031_ses-20211216_level-01B_run-007,sub-cp031,2,2000,45,51,50,0,0,1.0,0.05,1.990367211517168,0.01,1.405969440563268,1.405969440563268,0.9326827526092529,0.9187682271003723,0.9045262336730957,0.8529810309410095
sub-cp031_ses-20211216_level-02B_run-003,sub-cp031,2,2000,45,51,50,1,1,2.0,0.05,2.088487134333484,0.01,2.072933512919993,2.072933512919993,0.9251227974891663,0.9367137551307678,0.9223778247833252,0.838379979133606
sub-cp031_ses-20211216_level-02B_run-008,sub-cp031,2,2000,45,51,50,1,1,2.0,0.05,2.0919892402707503,0.01,1.9294952481152752,1.9294952481152752,0.9265070557594299,0.9406549334526062,0.9242880940437317,0.8410612940788269
sub-cp031_ses-20211216_level-02B_run-010,sub-cp031,2,2000,45,51,50,1,1,2.0,0.05,2.1378354304173994,0.01,1.526896246165959,1.526896246165959,0.9215025901794434,0.9233137369155884,0.9113601446151733,0.8629097938537598
sub-cp031_ses-20211216_level-02B_run-012,sub-cp031,2,2000,45,51,50,1,0,2.0,0.05,1.9377755722531784,0.01,1.1562112756279126,1.1562112756279126,0.935584306716919,0.9290153384208679,0.9092211723327637,0.8313183784484863
sub-cp031_ses-20211216_level-03B_run-002,sub-cp031,2,2000,45,51,50,2,2,3.0,0.05,2.245520607686799,0.01,2.6517199091837105,2.6517199091837105,0.9121590852737427,0.9318529963493347,0.9350501894950867,0.840317964553833
sub-cp031_ses-20211216_level-03B_run-005,sub-cp031,2,2000,45,51,50,2,2,3.0,0.05,2.3057026009084622,0.01,2.538035916860039,2.538035916860039,0.9123454093933105,0.9182953238487244,0.9279337525367737,0.8682723641395569
sub-cp031_ses-20211216_level-03B_run-011,sub-cp031,2,2000,45,51,50,2,2,3.0,0.05,2.2548086566041987,0.01,2.8361645282848778,2.8361645282848778,0.9090179800987244,0.931721568107605,0.9338529109954834,0.8391498327255249
sub-cp031_ses-20211216_level-04B_run-004,sub-cp031,2,2000,45,51,50,3,3,4.0,0.05,3.1159724279480456,0.01,4.073972635792919,4.0,0.8654417991638184,0.8561822772026062,0.8792622685432434,0.9297029972076416
sub-cp031_ses-20211216_level-04B_run-006,sub-cp031,2,2000,45,51,50,3,3,4.0,0.05,3.03112850251027,0.01,4.047965752156056,4.0,0.870100200176239,0.8603599071502686,0.8854773640632629,0.9252961277961731
sub-cp031_ses-20211216_level-04B_run-009,sub-cp031,2,2000,45,51,50,3,3,4.0,0.05,3.0597150218058893,0.01,4.121906271982474,4.0,0.8722829818725586,0.8606752157211304,0.8800156116485596,0.9297826886177063
sub-cp038_ses-20220112_level-01B_run-001,sub-cp038,2,2000,45,51,50,0,0,1.0,0.05,2.118176614834557,0.01,0.6999015984718033,1.0,0.8461692333221436,0.8356093168258667,0.8312498927116394,0.7855241298675537
sub-cp038_ses-20220112_level-01B_run-007,sub-cp038,2,2000,45,51,50,0,0,1.0,0.05,2.3277524729034225,0.01,1.5887959768245867,1.5887959768245867,0.817899227142334,0.7829551100730896,0.7827666997909546,0.7995145916938782
sub-cp038_ses-20220112_level-01B_run-012,sub-cp038,2,2000,45,51,50,0,0,1.0,0.05,2.223285481645413,0.01,1.531203381113018,1.531203381113018,0.8271628618240356,0.8007692694664001,0.8022864460945129,0.792187511920929
sub-cp038_ses-20220112_level-02B_run-003,sub-cp038,2,2000,45,51,50,1,0,2.0,0.05,2.2298529930167725,0.01,1.7571067420951505,1.7571067420951505,0.8862582445144653,0.8728403449058533,0.8691862225532532,0.8500608205795288
sub-cp038_ses-20220112_level-02B_run-008,sub-cp038,2,2000,45,51,50,1,0,2.0,0.05,2.193129060965753,0.01,1.5587770764129545,1.5587770764129545,0.8560450673103333,0.8279896974563599,0.8256939649581909,0.8191331028938293
sub-cp038_ses-20220112_level-02B_run-010,sub-cp038,2,2000,45,51,50,1,0,2.0,0.05,2.40175438546948,0.01,1.7352348068729575,1.7352348068729575,0.8264175057411194,0.7940167188644409,0.7955197691917419,0.8156819343566895
sub-cp038_ses-20220112_level-03B_run-002,sub-cp038,2,2000,45,51,50,2,2,3.0,0.05,2.4124330844842596,0.01,1.7229521717506977,1.7229521717506977,0.8708721399307251,0.8748635053634644,0.8814011812210083,0.8540429472923279
sub-cp038_ses-20220112_level-03B_run-005,sub-cp038,2,2000,45,51,50,2,0,3.0,0.05,2.2945356470921534,0.01,0.6206179361758046,1.0,0.8333385586738586,0.8310375213623047,0.8314113020896912,0.8012136220932007
sub-cp038_ses-20220112_level-03B_run-011,sub-cp038,2,2000,45,51,50,2,3,3.0,0.05,2.601258514559297,0.01,3.250555446570968,3.250555446570968,0.8395143151283264,0.8136700987815857,0.833294689655304,0.8464769124984741
sub-cp038_ses-20220112_level-04B_run-004,sub-cp038,2,2000,45,51,50,3,3,4.0,0.05,3.133116253182035,0.01,4.282242704552425,4.0,0.7945006489753723,0.7811947464942932,0.805716872215271,0.8592993021011353
sub-cp038_ses-20220112_level-04B_run-006,sub-cp038,2,2000,45,51,50,3,3,4.0,0.05,2.977682590662243,0.01,3.790212392009557,3.790212392009557,0.8033649325370789,0.784400224685669,0.8024747967720032,0.8505121469497681
sub-cp038_ses-20220112_level-04B_run-009,sub-cp038,2,2000,45,51,50,3,3,4.0,0.05,3.0556530082027358,0.01,3.267317949116494,3.267317949116494,0.8160625100135803,0.7917308211326599,0.8141381740570068,0.8696528077125549
sub-cp009_ses-20210129_level-01B_run-001,sub-cp009,2,5000,45,51,50,0,3,1.0,0.05,2.5920380177946107,0.01,2.1164445139679167,2.1164445139679167,0.8040969967842102,0.7963361740112305,0.8086491227149963,0.8120925426483154
sub-cp009_ses-20210129_level-01B_run-007,sub-cp009,2,5000,45,51,50,0,0,1.0,0.05,2.466593375272634,0.01,1.6464531808072667,1.6464531808072667,0.8530974984169006,0.8460894823074341,0.8525076508522034,0.8465431332588196
sub-cp009_ses-20210129_level-01B_run-012,sub-cp009,2,5000,45,51,50,0,0,1.0,0.05,2.4239679717891525,0.01,1.6112111021556776,1.6112111021556776,0.8726126551628113,0.8659297823905945,0.8704426884651184,0.8607566356658936
sub-cp009_ses-20210129_level-02B_run-003,sub-cp009,2,5000,45,51,50,1,1,2.0,0.05,2.280453655542564,0.01,1.4801316454041191,1.4801316454041191,0.8531399965286255,0.8605465292930603,0.8516921401023865,0.8211385011672974
sub-cp009_ses-20210129_level-02B_run-008,sub-cp009,2,5000,45,51,50,1,2,2.0,0.05,2.5403067999906987,0.01,1.6042152379601005,1.6042152379601005,0.8368348479270935,0.8404222726821899,0.850216805934906,0.8388604521751404
sub-cp009_ses-20210129_level-02B_run-010,sub-cp009,2,5000,45,51,50,1,1,2.0,0.05,2.2353342290426337,0.01,1.977756173964197,1.977756173964197,0.8546280860900879,0.8660874962806702,0.8571375608444214,0.8103066086769104
sub-cp009_ses-20210129_level-03B_run-002,sub-cp009,2,5000,45,51,50,2,3,3.0,0.05,2.729742844933034,0.01,2.614287210669882,2.614287210669882,0.8042564392089844,0.8003420829772949,0.8186172246932983,0.8280497193336487
sub-cp009_ses-20210129_level-03B_run-005,sub-cp009,2,5000,45,51,50,2,2,3.0,0.05,2.724461127601548,0.01,2.916044468358902,2.916044468358902,0.8490903377532959,0.8531550168991089,0.8734524250030518,0.8730996251106262
sub-cp009_ses-20210129_level-03B_run-011,sub-cp009,2,5000,45,51,50,2,2,3.0,0.05,2.574314554969815,0.01,2.7967558303805427,2.7967558303805427,0.8761947154998779,0.8847292065620422,0.9017901420593262,0.8802222609519958
sub-cp009_ses-20210129_level-04B_run-004,sub-cp009,2,5000,45,51,50,3,3,4.0,0.05,3.1254550605359515,0.01,3.2765027548807586,3.2765027548807586,0.80315101146698,0.7927508354187012,0.8129732608795166,0.8678897619247437
sub-cp009_ses-20210129_level-04B_run-006,sub-cp009,2,5000,45,51,50,3,3,4.0,0.05,3.1300242127476317,0.01,3.6811175840906794,3.6811175840906794,0.8040863871574402,0.7995851039886475,0.8264071345329285,0.8717364072799683
sub-cp009_ses-20210129_level-04B_run-009,sub-cp009,2,5000,45,51,50,3,3,4.0,0.05,3.2335515070099654,0.01,3.532724677587569,3.532724677587569,0.7995690107345581,0.7857063412666321,0.8106180429458618,0.874927818775177
sub-cp013_ses-20210319_level-01B_run-001,sub-cp013,2,5000,45,51,50,0,3,1.0,0.05,2.7824130042142246,0.01,2.3806408152491896,2.3806408152491896,0.8689031004905701,0.8539225459098816,0.8731197714805603,0.8967606425285339
sub-cp013_ses-20210319_level-01B_run-007,sub-cp013,2,5000,45,51,50,0,3,1.0,0.05,2.5561174558229576,0.01,2.2038019369637247,2.2038019369637247,0.82471764087677,0.7959261536598206,0.8115783929824829,0.8275319337844849
sub-cp013_ses-20210319_level-01B_run-012,sub-cp013,2,5000,45,51,50,0,0,1.0,0.05,2.391534229260713,0.01,1.774860386277547,1.774860386277547,0.881870687007904,0.8594004511833191,0.8632214665412903,0.8681433796882629
sub-cp013_ses-20210319_level-02B_run-003,sub-cp013,2,5000,45,51,50,1,3,2.0,0.05,2.721369855186569,0.01,2.785583548147539,2.785583548147539,0.8505358695983887,0.8544272184371948,0.8712420463562012,0.8748538494110107
sub-cp013_ses-20210319_level-02B_run-008,sub-cp013,2,5000,45,51,50,1,3,2.0,0.05,3.0729257623629964,0.01,2.982054688902858,2.982054688902858,0.7920860648155212,0.7943805456161499,0.8174959421157837,0.8558320999145508
sub-cp013_ses-20210319_level-02B_run-010,sub-cp013,2,5000,45,51,50,1,3,2.0,0.05,2.568684515932972,0.01,2.6668524797203914,2.6668524797203914,0.8446153998374939,0.8292667269706726,0.8434140086174011,0.8491110801696777
sub-cp013_ses-20210319_level-03B_run-002,sub-cp013,2,5000,45,51,50,2,3,3.0,0.05,2.8521387677677605,0.01,2.896630679246151,2.896630679246151,0.819456160068512,0.820235013961792,0.8408871293067932,0.8581886887550354
sub-cp013_ses-20210319_level-03B_run-005,sub-cp013,2,5000,45,51,50,2,3,3.0,0.05,2.892787843890711,0.01,3.7443549651437196,3.7443549651437196,0.7702005505561829,0.7724794149398804,0.7948504686355591,0.8138679265975952
sub-cp013_ses-20210319_level-03B_run-011,sub-cp013,2,5000,45,51,50,2,3,3.0,0.05,2.9673794196369503,0.01,3.3015648502193953,3.3015648502193953,0.821008026599884,0.8169545531272888,0.839454710483551,0.8711023330688477
sub-cp013_ses-20210319_level-04B_run-004,sub-cp013,2,5000,45,51,50,3,3,4.0,0.05,2.966371715172123,0.01,3.834544188171431,3.834544188171431,0.7026628255844116,0.692865788936615,0.7121442556381226,0.7510432004928589
sub-cp013_ses-20210319_level-04B_run-006,sub-cp013,2,5000,45,51,50,3,3,4.0,0.05,3.0705418690452695,0.01,3.2104801365569022,3.2104801365569022,0.8249408006668091,0.808280348777771,0.8275015950202942,0.8820398449897766
sub-cp013_ses-20210319_level-04B_run-009,sub-cp013,2,5000,45,51,50,3,3,4.0,0.05,2.99959512532412,0.01,3.663501333974577,3.663501333974577,0.7920435070991516,0.7818265557289124,0.7995018362998962,0.8437532782554626
sub-cp015_ses-20210504_level-01B_run-001,sub-cp015,2,5000,45,51,50,0,0,1.0,0.05,1.8578391511719625,0.01,0.4739549846222393,1.0,0.9015558958053589,0.8847081661224365,0.8591548204421997,0.7974774837493896
sub-cp015_ses-20210504_level-01B_run-007,sub-cp015,2,5000,45,51,50,0,0,1.0,0.05,2.0445383300764233,0.01,0.9967900763272279,1.0,0.9226335883140564,0.9119505286216736,0.8964734673500061,0.8558531999588013
sub-cp015_ses-20210504_level-01B_run-012,sub-cp015,2,5000,45,51,50,0,0,1.0,0.05,2.0817481688428874,0.01,1.0512106669246468,1.0512106669246468,0.9177760481834412,0.8993334770202637,0.8885225653648376,0.861845076084137
sub-cp015_ses-20210504_level-02B_run-003,sub-cp015,2,5000,45,51,50,1,1,2.0,0.05,2.003390973166234,0.01,2.0871848979990277,2.0871848979990277,0.9114091396331787,0.9249355792999268,0.896575391292572,0.810824453830719
sub-cp015_ses-20210504_level-02B_run-008,sub-cp015,2,5000,45,51,50,1,1,2.0,0.05,2.1216647337811265,0.01,1.6600089344353048,1.6600089344353048,0.909591555595398,0.9176281690597534,0.9042901992797852,0.8408048748970032
sub-cp015_ses-20210504_level-02B_run-010,sub-cp015,2,5000,45,51,50,1,0,2.0,0.05,2.1161720330669453,0.01,1.2485734057637532,1.2485734057637532,0.914470374584198,0.9077027440071106,0.899418830871582,0.8541306853294373
sub-cp015_ses-20210504_level-03B_run-002,sub-cp015,2,5000,45,51,50,2,2,3.0,0.05,2.283048709170506,0.01,2.668187963848105,2.668187963848105,0.8817537426948547,0.8995962738990784,0.9037644267082214,0.8269718289375305
sub-cp015_ses-20210504_level-03B_run-005,sub-cp015,2,5000,45,51,50,2,2,3.0,0.05,2.2860326046038435,0.01,2.945356259312699,2.945356259312699,0.9012264013290405,0.8997960686683655,0.9067795276641846,0.8609679937362671
sub-cp015_ses-20210504_level-03B_run-011,sub-cp015,2,5000,45,51,50,2,0,3.0,0.05,2.165414063722554,0.01,1.9957393655758782,1.9957393655758782,0.9200081825256348,0.9147367477416992,0.9146284461021423,0.8611053228378296
sub-cp015_ses-20210504_level-04B_run-004,sub-cp015,2,5000,45,51,50,3,3,4.0,0.05,3.029865201869784,0.01,4.178929903362633,4.0,0.867361843585968,0.86219722032547,0.8824548125267029,0.9237926602363586
sub-cp015_ses-20210504_level-04B_run-006,sub-cp015,2,5000,45,51,50,3,3,4.0,0.05,3.041990735168889,0.01,3.3228308481530857,3.3228308481530857,0.83062744140625,0.8169230222702026,0.841386079788208,0.8857702612876892
sub-cp015_ses-20210504_level-04B_run-009,sub-cp015,2,5000,45,51,50,3,3,4.0,0.05,3.0912917276752836,0.01,3.9624026746239145,3.9624026746239145,0.8750680088996887,0.8639426231384277,0.8873047232627869,0.9361251592636108
sub-cp020_ses-20210604_level-01B_run-001,sub-cp020,2,5000,45,51,50,0,0,1.0,0.05,2.316998985467003,0.01,1.4193285956538104,1.4193285956538104,0.8619728684425354,0.8376886248588562,0.8313696980476379,0.8425697088241577
sub-cp020_ses-20210604_level-01B_run-007,sub-cp020,2,5000,45,51,50,0,1,1.0,0.05,2.1629148665587006,0.01,1.6030431674987193,1.6030431674987193,0.9136731624603271,0.9139376878738403,0.9050305485725403,0.8595624566078186
sub-cp020_ses-20210604_level-01B_run-012,sub-cp020,2,5000,45,51,50,0,1,1.0,0.05,2.0706895151158906,0.01,1.3313134429346258,1.3313134429346258,0.8973680138587952,0.9093850255012512,0.8877393007278442,0.8179470300674438
sub-cp020_ses-20210604_level-02B_run-003,sub-cp020,2,5000,45,51,50,1,1,2.0,0.05,2.1610212770752946,0.01,1.8549617763971717,1.8549617763971717,0.9072531461715698,0.9203303456306458,0.909960925579071,0.8405618071556091
sub-cp020_ses-20210604_level-02B_run-008,sub-cp020,2,5000,45,51,50,1,1,2.0,0.05,2.156874796819034,0.01,1.9537920374747577,1.9537920374747577,0.901141345500946,0.9047062397003174,0.8930291533470154,0.845729410648346
sub-cp020_ses-20210604_level-02B_run-010,sub-cp020,2,5000,45,51,50,1,1,2.0,0.05,2.0938020151526553,0.01,2.2707647358172425,2.2707647358172425,0.8931695222854614,0.9110462665557861,0.8906792998313904,0.8106236457824707
sub-cp020_ses-20210604_level-03B_run-002,sub-cp020,2,5000,45,51,50,2,3,3.0,0.05,2.8449766310530133,0.01,3.3522520301230987,3.3522520301230987,0.820997416973114,0.8276054859161377,0.8500128984451294,0.8602493405342102
sub-cp020_ses-20210604_level-03B_run-005,sub-cp020,2,5000,45,51,50,2,2,3.0,0.05,2.348696807137318,0.01,2.5839746347737913,2.5839746347737913,0.886792004108429,0.9028346538543701,0.9130458235740662,0.845856249332428
sub-cp020_ses-20210604_level-03B_run-011,sub-cp020,2,5000,45,51,50,2,2,3.0,0.05,2.57495545265214,0.01,2.79950975665929,2.79950975665929,0.8626744151115417,0.8743621706962585,0.8896438479423523,0.8675938844680786
sub-cp020_ses-20210604_level-04B_run-004,sub-cp020,2,5000,45,51,50,3,3,4.0,0.05,3.2409658516294444,0.01,3.916681864485315,3.916681864485315,0.7834870219230652,0.7809433937072754,0.807152271270752,0.8641171455383301
sub-cp020_ses-20210604_level-04B_run-006,sub-cp020,2,5000,45,51,50,3,3,4.0,0.05,3.075807170711082,0.01,3.835191898768867,3.835191898768867,0.8004512190818787,0.7925195097923279,0.8105483055114746,0.8607460260391235
sub-cp020_ses-20210604_level-04B_run-009,sub-cp020,2,5000,45,51,50,3,3,4.0,0.05,3.054022097394009,0.01,3.812688965479469,3.812688965479469,0.8259080648422241,0.8167022466659546,0.8373194336891174,0.8835933208465576
sub-cp026_ses-20210716_level-01B_run-001,sub-cp026,2,5000,45,51,50,0,0,1.0,0.05,1.8998750736439725,0.01,0.9500829406441949,1.0,0.9197105169296265,0.9164295792579651,0.8873637318611145,0.8091336488723755
sub-cp026_ses-20210716_level-01B_run-007,sub-cp026,2,5000,45,51,50,0,0,1.0,0.05,1.9002551153954939,0.01,0.9096759987906675,1.0,0.9326674938201904,0.9174389243125916,0.8951858282089233,0.8365355730056763
sub-cp026_ses-20210716_level-01B_run-012,sub-cp026,2,5000,45,51,50,0,0,1.0,0.05,1.890150130866633,0.01,0.9729355190735831,1.0,0.9295425415039062,0.9081549048423767,0.8885279297828674,0.836757481098175
sub-cp026_ses-20210716_level-02B_run-003,sub-cp026,2,5000,45,51,50,1,1,2.0,0.05,2.1521834505953685,0.01,1.9151734778387963,1.9151734778387963,0.9198274612426758,0.921308159828186,0.90948885679245,0.865184485912323
sub-cp026_ses-20210716_level-02B_run-008,sub-cp026,2,5000,45,51,50,1,1,2.0,0.05,1.9895556494535813,0.01,1.5352979267406575,1.5352979267406575,0.9067110419273376,0.9141269326210022,0.8881255984306335,0.8082670569419861
sub-cp026_ses-20210716_level-02B_run-010,sub-cp026,2,5000,45,51,50,1,1,2.0,0.05,2.144876111784016,0.01,2.0747931023629254,2.0747931023629254,0.9213687181472778,0.9230640530586243,0.9104008674621582,0.8655965924263
sub-cp026_ses-20210716_level-03B_run-002,sub-cp026,2,5000,45,51,50,2,2,3.0,0.05,2.3167318411256157,0.01,3.440730546390081,3.440730546390081,0.9054993391036987,0.923831582069397,0.9293445348739624,0.8596575856208801
sub-cp026_ses-20210716_level-03B_run-005,sub-cp026,2,5000,45,51,50,2,2,3.0,0.05,2.303616243647189,0.01,2.9132554463850617,2.9132554463850617,0.9153206944465637,0.9287627339363098,0.933904767036438,0.870415449142456
sub-cp026_ses-20210716_level-03B_run-011,sub-cp026,2,5000,45,51,50,2,2,3.0,0.05,2.3267120648836688,0.01,2.9693908915047587,2.9693908915047587,0.9075720310211182,0.9190160632133484,0.9261524081230164,0.8681856989860535
sub-cp026_ses-20210716_level-04B_run-004,sub-cp026,2,5000,45,51,50,3,3,4.0,0.05,3.1028061550506445,0.01,4.100186064460349,4.0,0.8486863970756531,0.8378778696060181,0.858478844165802,0.9109424352645874
sub-cp026_ses-20210716_level-04B_run-006,sub-cp026,2,5000,45,51,50,3,3,4.0,0.05,2.9757025213560704,0.01,3.7203810814981466,3.7203810814981466,0.8692113161087036,0.8527344465255737,0.8727710843086243,0.9167652130126953
sub-cp026_ses-20210716_level-04B_run-009,sub-cp026,2,5000,45,51,50,3,3,4.0,0.05,3.0927551585230377,0.01,3.896200015736159,3.896200015736159,0.8684885501861572,0.8502531051635742,0.8705982565879822,0.9274173974990845
sub-cp031_ses-20211216_level-01B_run-001,sub-cp031,2,5000,45,51,50,0,0,1.0,0.05,2.1938899665041025,0.01,1.6772105192822486,1.6772105192822486,0.8989092707633972,0.8880621790885925,0.8768109083175659,0.8601437211036682
sub-cp031_ses-20211216_level-01B_run-007,sub-cp031,2,5000,45,51,50,0,0,1.0,0.05,1.9628080487621418,0.01,0.9929450557535779,1.0,0.931562066078186,0.9162087440490723,0.8995743989944458,0.8486989140510559
sub-cp031_ses-20211216_level-02B_run-003,sub-cp031,2,5000,45,51,50,1,1,2.0,0.05,2.086468939172597,0.01,2.0037355537556336,2.0037355537556336,0.9213261604309082,0.9362173080444336,0.918866753578186,0.8339359164237976
sub-cp031_ses-20211216_level-02B_run-008,sub-cp031,2,5000,45,51,50,1,1,2.0,0.05,2.1002724005370093,0.01,1.8146067883958763,1.8146067883958763,0.9248337745666504,0.9358388185501099,0.9208518266677856,0.8462260961532593
sub-cp031_ses-20211216_level-02B_run-010,sub-cp031,2,5000,45,51,50,1,1,2.0,0.05,2.1385684447310016,0.01,1.6833874366545138,1.6833874366545138,0.920188844203949,0.9219600558280945,0.9111948609352112,0.860355019569397
sub-cp031_ses-20211216_level-02B_run-012,sub-cp031,2,5000,45,51,50,1,0,2.0,0.05,1.9178253836324248,0.01,0.9626371489645447,1.0,0.9341768622398376,0.9252299666404724,0.9021978378295898,0.833544909954071
sub-cp031_ses-20211216_level-03B_run-002,sub-cp031,2,5000,45,51,50,2,2,3.0,0.05,2.2884991456703463,0.01,3.0824903685036467,3.0824903685036467,0.9069555401802063,0.931927502155304,0.9356322884559631,0.8455603122711182
sub-cp031_ses-20211216_level-03B_run-005,sub-cp031,2,5000,45,51,50,2,2,3.0,0.05,2.361206433513734,0.01,2.7720839347821102,2.7720839347821102,0.908571183681488,0.9185954928398132,0.9307072162628174,0.8732158541679382
sub-cp031_ses-20211216_level-03B_run-011,sub-cp031,2,5000,45,51,50,2,2,3.0,0.05,2.2769789965191176,0.01,2.9011592026306725,2.9011592026306725,0.9091557860374451,0.9341039657592773,0.9369949698448181,0.8443556427955627
sub-cp031_ses-20211216_level-04B_run-004,sub-cp031,2,5000,45,51,50,3,3,4.0,0.05,3.113163106878221,0.01,4.20139912845759,4.0,0.8651403784751892,0.8601049184799194,0.8837906718254089,0.930598258972168
sub-cp031_ses-20211216_level-04B_run-006,sub-cp031,2,5000,45,51,50,3,3,4.0,0.05,3.023401283743817,0.01,4.0869252968817085,4.0,0.8721024990081787,0.8629121780395508,0.8861619830131531,0.9266248345375061
sub-cp031_ses-20211216_level-04B_run-009,sub-cp031,2,5000,45,51,50,3,3,4.0,0.05,3.130880326974032,0.01,4.11827123794958,4.0,0.8660863637924194,0.8590745329856873,0.8790212273597717,0.9325426816940308
sub-cp038_ses-20220112_level-01B_run-001,sub-cp038,2,5000,45,51,50,0,0,1.0,0.05,2.1780042799846027,0.01,1.6046522665327734,1.6046522665327734,0.8486545085906982,0.839675784111023,0.8376842737197876,0.7983863353729248
sub-cp038_ses-20220112_level-01B_run-007,sub-cp038,2,5000,45,51,50,0,0,1.0,0.05,2.1798962127346564,0.01,1.2956440865233572,1.2956440865233572,0.8328914642333984,0.7999846339225769,0.7938364744186401,0.7975409030914307
sub-cp038_ses-20220112_level-01B_run-012,sub-cp038,2,5000,45,51,50,0,0,1.0,0.05,2.1615598838592924,0.01,1.3799961992432266,1.3799961992432266,0.8422557711601257,0.8172805309295654,0.8132361769676208,0.8000454306602478
sub-cp038_ses-20220112_level-02B_run-003,sub-cp038,2,5000,45,51,50,1,0,2.0,0.05,2.2476424408813935,0.01,1.4386257720884679,1.4386257720884679,0.8866006731987,0.873132050037384,0.8684737682342529,0.8540144562721252
sub-cp038_ses-20220112_level-02B_run-008,sub-cp038,2,5000,45,51,50,1,0,2.0,0.05,2.159536233404427,0.01,1.7512312612869168,1.7512312612869168,0.8602615594863892,0.8344712257385254,0.8297977447509766,0.8184648752212524
sub-cp038_ses-20220112_level-02B_run-010,sub-cp038,2,5000,45,51,50,1,0,2.0,0.05,2.229128334938566,0.01,1.2761716880133485,1.2761716880133485,0.8410121202468872,0.8072289228439331,0.802200436592102,0.8119868636131287
sub-cp038_ses-20220112_level-03B_run-002,sub-cp038,2,5000,45,51,50,2,2,3.0,0.05,2.509347342008511,0.01,1.8345692779269842,1.8345692779269842,0.8704124093055725,0.8758656978607178,0.8875247240066528,0.866790771484375
sub-cp038_ses-20220112_level-03B_run-005,sub-cp038,2,5000,45,51,50,2,2,3.0,0.05,2.3879067502407136,0.01,1.583201171864467,1.583201171864467,0.8252596855163574,0.8251872062683105,0.8290037512779236,0.8068510293960571
sub-cp038_ses-20220112_level-03B_run-011,sub-cp038,2,5000,45,51,50,2,3,3.0,0.05,2.574144890584563,0.01,2.8910169580328597,2.8910169580328597,0.8478679656982422,0.823725700378418,0.8436715602874756,0.8516156077384949
sub-cp038_ses-20220112_level-04B_run-004,sub-cp038,2,5000,45,51,50,3,3,4.0,0.05,3.052744205828592,0.01,3.7660655446866262,3.7660655446866262,0.8071794509887695,0.7927613854408264,0.8121041655540466,0.8631237745285034
sub-cp038_ses-20220112_level-04B_run-006,sub-cp038,2,5000,45,51,50,3,3,4.0,0.05,3.085522445677364,0.01,4.1748888395484185,4.0,0.809815526008606,0.7937707304954529,0.8154357671737671,0.868692934513092
sub-cp038_ses-20220112_level-04B_run-009,sub-cp038,2,5000,45,51,50,3,3,4.0,0.05,3.0084708074265163,0.01,2.950611770752625,2.950611770752625,0.8242286443710327,0.8016669154167175,0.8239821791648865,0.8735540509223938
sub-cp009_ses-20210129_level-01B_run-001,sub-cp009,2,10000,45,51,50,0,3,1.0,0.05,2.575541853890015,0.01,1.6830149526540525,1.6830149526540525,0.8014934659004211,0.7893786430358887,0.8019115328788757,0.807279646396637
sub-cp009_ses-20210129_level-01B_run-007,sub-cp009,2,10000,45,51,50,0,0,1.0,0.05,2.4262033293421945,0.01,1.509180949461946,1.509180949461946,0.852271318435669,0.8438920378684998,0.8490356802940369,0.8407061100006104
sub-cp009_ses-20210129_level-01B_run-012,sub-cp009,2,10000,45,51,50,0,0,1.0,0.05,2.4252975785110347,0.01,1.6220620484550292,1.6220620484550292,0.8695254921913147,0.863295316696167,0.8675939440727234,0.8578931093215942
sub-cp009_ses-20210129_level-02B_run-003,sub-cp009,2,10000,45,51,50,1,1,2.0,0.05,2.254515241410756,0.01,1.348466846047559,1.348466846047559,0.852446973323822,0.8593567609786987,0.8488340973854065,0.816659152507782
sub-cp009_ses-20210129_level-02B_run-008,sub-cp009,2,10000,45,51,50,1,2,2.0,0.05,2.5811856419664636,0.01,1.8801165198078102,1.8801165198078102,0.836959719657898,0.8388108611106873,0.8498662710189819,0.8442684412002563
sub-cp009_ses-20210129_level-02B_run-010,sub-cp009,2,10000,45,51,50,1,1,2.0,0.05,2.228127240487443,0.01,1.7480120726422224,1.7480120726422224,0.8538200259208679,0.8650592565536499,0.8557020425796509,0.8082535862922668
sub-cp009_ses-20210129_level-03B_run-002,sub-cp009,2,10000,45,51,50,2,3,3.0,0.05,2.77318305723304,0.01,2.6966012759542757,2.6966012759542757,0.8076031804084778,0.8019315004348755,0.8208434581756592,0.8360692858695984
sub-cp009_ses-20210129_level-03B_run-005,sub-cp009,2,10000,45,51,50,2,3,3.0,0.05,2.731393036064209,0.01,2.850970403257351,2.850970403257351,0.8471940755844116,0.8519956469535828,0.8721717000007629,0.8722482323646545
sub-cp009_ses-20210129_level-03B_run-011,sub-cp009,2,10000,45,51,50,2,2,3.0,0.05,2.589628868113838,0.01,2.7359598552634212,2.7359598552634212,0.8701428771018982,0.8812453150749207,0.8989930152893066,0.8762974739074707
sub-cp009_ses-20210129_level-04B_run-004,sub-cp009,2,10000,45,51,50,3,3,4.0,0.05,3.121716946541621,0.01,3.134007356881831,3.134007356881831,0.7952080965042114,0.7842447757720947,0.8055054545402527,0.8594175577163696
sub-cp009_ses-20210129_level-04B_run-006,sub-cp009,2,10000,45,51,50,3,3,4.0,0.05,3.1279558399600695,0.01,3.8195239712921527,3.8195239712921527,0.7995508909225464,0.7940912246704102,0.8205639123916626,0.8666056990623474
sub-cp009_ses-20210129_level-04B_run-009,sub-cp009,2,10000,45,51,50,3,3,4.0,0.05,3.2046813102419285,0.01,3.659944445005975,3.659944445005975,0.8041810989379883,0.7927485108375549,0.8160130381584167,0.8771497011184692
sub-cp013_ses-20210319_level-01B_run-001,sub-cp013,2,10000,45,51,50,0,3,1.0,0.05,2.8173775277086985,0.01,2.6621992707121986,2.6621992707121986,0.8624258637428284,0.8480939269065857,0.8695616126060486,0.893923819065094
sub-cp013_ses-20210319_level-01B_run-007,sub-cp013,2,10000,45,51,50,0,3,1.0,0.05,2.5758747418351957,0.01,2.170601688130943,2.170601688130943,0.8249584436416626,0.795486569404602,0.8123518824577332,0.8296962976455688
sub-cp013_ses-20210319_level-01B_run-012,sub-cp013,2,10000,45,51,50,0,0,1.0,0.05,2.3614103978785166,0.01,1.6617519246732781,1.6617519246732781,0.879791796207428,0.8577665686607361,0.8592690825462341,0.8629692792892456
sub-cp013_ses-20210319_level-02B_run-003,sub-cp013,2,10000,45,51,50,1,3,2.0,0.05,2.7558178772116135,0.01,3.0037440923451184,3.0037440923451184,0.8432291150093079,0.8481939435005188,0.8648736476898193,0.8720470666885376
sub-cp013_ses-20210319_level-02B_run-008,sub-cp013,2,10000,45,51,50,1,3,2.0,0.05,3.042380985942101,0.01,3.2156179358268098,3.2156179358268098,0.78908771276474,0.7904317378997803,0.812311589717865,0.8491064310073853
sub-cp013_ses-20210319_level-02B_run-010,sub-cp013,2,10000,45,51,50,1,3,2.0,0.05,2.5433719305466327,0.01,2.6528337192513245,2.6528337192513245,0.8403072953224182,0.8242360353469849,0.8385657668113708,0.84165358543396
sub-cp013_ses-20210319_level-03B_run-002,sub-cp013,2,10000,45,51,50,2,3,3.0,0.05,2.8308308921578695,0.01,2.9164400989511554,2.9164400989511554,0.8161397576332092,0.8161746263504028,0.8370926976203918,0.8522028923034668
sub-cp013_ses-20210319_level-03B_run-005,sub-cp013,2,10000,45,51,50,2,3,3.0,0.05,2.931983424453435,0.01,3.788784010050926,3.788784010050926,0.7652714252471924,0.7666791677474976,0.78987717628479,0.8130915760993958
sub-cp013_ses-20210319_level-03B_run-011,sub-cp013,2,10000,45,51,50,2,3,3.0,0.05,2.96524280142241,0.01,3.4796860555943434,3.4796860555943434,0.818949818611145,0.8137208819389343,0.836818516254425,0.8684530258178711
sub-cp013_ses-20210319_level-04B_run-004,sub-cp013,2,10000,45,51,50,3,3,4.0,0.05,3.019816648323905,0.01,3.948096359142925,3.948096359142925,0.692625105381012,0.6830792427062988,0.7033193707466125,0.7466356158256531
sub-cp013_ses-20210319_level-04B_run-006,sub-cp013,2,10000,45,51,50,3,3,4.0,0.05,3.0594914556935513,0.01,3.2155608924148744,3.2155608924148744,0.8190083503723145,0.8028687834739685,0.8218891024589539,0.8751329779624939
sub-cp013_ses-20210319_level-04B_run-009,sub-cp013,2,10000,45,51,50,3,3,4.0,0.05,3.0257310703652163,0.01,3.5194263441477354,3.5194263441477354,0.7916848659515381,0.7780894637107849,0.7963634133338928,0.8450994491577148
sub-cp015_ses-20210504_level-01B_run-001,sub-cp015,2,10000,45,51,50,0,0,1.0,0.05,1.8672617349097542,0.01,0.6593227205684862,1.0,0.9002817273139954,0.8838412165641785,0.8597045540809631,0.7966827154159546
sub-cp015_ses-20210504_level-01B_run-007,sub-cp015,2,10000,45,51,50,0,0,1.0,0.05,2.0565642534430317,0.01,1.165888886598885,1.165888886598885,0.9188238382339478,0.9078254103660583,0.8930309414863586,0.8546748161315918
sub-cp015_ses-20210504_level-01B_run-012,sub-cp015,2,10000,45,51,50,0,0,1.0,0.05,2.056820878309957,0.01,0.9999848766412462,1.0,0.916583240032196,0.8961519002914429,0.884652316570282,0.8575384616851807
sub-cp015_ses-20210504_level-02B_run-003,sub-cp015,2,10000,45,51,50,1,1,2.0,0.05,2.004814368586732,0.01,1.869370978972767,1.869370978972767,0.9106385111808777,0.9250698685646057,0.8963721990585327,0.8093386888504028
sub-cp015_ses-20210504_level-02B_run-008,sub-cp015,2,10000,45,51,50,1,1,2.0,0.05,2.1248619481838626,0.01,1.6922302373244578,1.6922302373244578,0.9107981324195862,0.9187249541282654,0.9055975675582886,0.8429239392280579
sub-cp015_ses-20210504_level-02B_run-010,sub-cp015,2,10000,45,51,50,1,0,2.0,0.05,2.1265674035468227,0.01,1.476785623744589,1.476785623744589,0.9172698259353638,0.9107425212860107,0.902974009513855,0.858766496181488
sub-cp015_ses-20210504_level-03B_run-002,sub-cp015,2,10000,45,51,50,2,2,3.0,0.05,2.2758807688147127,0.01,2.7171526351194504,2.7171526351194504,0.8785091638565063,0.8973050117492676,0.8993855118751526,0.8238896727561951
sub-cp015_ses-20210504_level-03B_run-005,sub-cp015,2,10000,45,51,50,2,2,3.0,0.05,2.3178720372100203,0.01,3.0109128759404973,3.0109128759404973,0.8977857232093811,0.8973471522331238,0.906336784362793,0.8620799779891968
sub-cp015_ses-20210504_level-03B_run-011,sub-cp015,2,10000,45,51,50,2,0,3.0,0.05,2.1568004319424032,0.01,1.960492470974633,1.960492470974633,0.9180628061294556,0.9109899997711182,0.911715567111969,0.8576178550720215
sub-cp015_ses-20210504_level-04B_run-004,sub-cp015,2,10000,45,51,50,3,3,4.0,0.05,3.0568202830921445,0.01,4.146898860899357,4.0,0.8631070852279663,0.858967125415802,0.8799321055412292,0.9227504730224609
sub-cp015_ses-20210504_level-04B_run-006,sub-cp015,2,10000,45,51,50,3,3,4.0,0.05,3.078542726606068,0.01,3.4950336803062814,3.4950336803062814,0.8284444212913513,0.8139947056770325,0.8407054543495178,0.8872438073158264
sub-cp015_ses-20210504_level-04B_run-009,sub-cp015,2,10000,45,51,50,3,3,4.0,0.05,3.140025030931323,0.01,4.096729965845262,4.0,0.8697117567062378,0.859330415725708,0.8840770721435547,0.9362322688102722
sub-cp020_ses-20210604_level-01B_run-001,sub-cp020,2,10000,45,51,50,0,0,1.0,0.05,2.364898797442442,0.01,1.5953565540276928,1.5953565540276928,0.8588919639587402,0.835635781288147,0.8297704458236694,0.845035970211029
sub-cp020_ses-20210604_level-01B_run-007,sub-cp020,2,10000,45,51,50,0,1,1.0,0.05,2.1301043112437834,0.01,1.4942420821165914,1.4942420821165914,0.9136188626289368,0.913943886756897,0.9023235440254211,0.8539602756500244
sub-cp020_ses-20210604_level-01B_run-012,sub-cp020,2,10000,45,51,50,0,1,1.0,0.05,2.0590399432484103,0.01,1.2325212909130687,1.2325212909130687,0.8978495597839355,0.9078675508499146,0.8860043883323669,0.8174425959587097
sub-cp020_ses-20210604_level-02B_run-003,sub-cp020,2,10000,45,51,50,1,1,2.0,0.05,2.1348139395154138,0.01,1.9446715002318569,1.9446715002318569,0.9084404706954956,0.9193936586380005,0.9066432118415833,0.8393087387084961
sub-cp020_ses-20210604_level-02B_run-008,sub-cp020,2,10000,45,51,50,1,1,2.0,0.05,2.1590863747291067,0.01,1.8652028008563413,1.8652028008563413,0.8999837040901184,0.904913604259491,0.8925712704658508,0.844723641872406
sub-cp020_ses-20210604_level-02B_run-010,sub-cp020,2,10000,45,51,50,1,1,2.0,0.05,2.0838987756478864,0.01,2.033044993016568,2.033044993016568,0.8940176367759705,0.9106056094169617,0.8900794982910156,0.8095927834510803
sub-cp020_ses-20210604_level-03B_run-002,sub-cp020,2,10000,45,51,50,2,3,3.0,0.05,2.8345346982546875,0.01,3.3240412084977837,3.3240412084977837,0.8147985935211182,0.819839358329773,0.8421381711959839,0.8523882031440735
sub-cp020_ses-20210604_level-03B_run-005,sub-cp020,2,10000,45,51,50,2,2,3.0,0.05,2.346174126725969,0.01,2.8185070142151725,2.8185070142151725,0.8874502182006836,0.9040501117706299,0.9132907390594482,0.8467244505882263
sub-cp020_ses-20210604_level-03B_run-011,sub-cp020,2,10000,45,51,50,2,2,3.0,0.05,2.6223402831394518,0.01,3.0523376961105875,3.0523376961105875,0.8571357131004333,0.8676024675369263,0.8853646516799927,0.8683894872665405
sub-cp020_ses-20210604_level-04B_run-004,sub-cp020,2,10000,45,51,50,3,3,4.0,0.05,3.2681675152704903,0.01,3.9817416196034907,3.9817416196034907,0.7834250330924988,0.7786528468132019,0.8039813041687012,0.8661187291145325
sub-cp020_ses-20210604_level-04B_run-006,sub-cp020,2,10000,45,51,50,3,3,4.0,0.05,3.1518754302508647,0.01,4.041231903698401,4.0,0.7912164926528931,0.7820490598678589,0.8019975423812866,0.8591369986534119
sub-cp020_ses-20210604_level-04B_run-009,sub-cp020,2,10000,45,51,50,3,3,4.0,0.05,3.098675898726282,0.01,3.731022381859161,3.731022381859161,0.8198705315589905,0.8118674755096436,0.8331412672996521,0.882649302482605
sub-cp026_ses-20210716_level-01B_run-001,sub-cp026,2,10000,45,51,50,0,0,1.0,0.05,1.8932789936290007,0.01,0.8443994333763734,1.0,0.919366717338562,0.9162712693214417,0.8867247700691223,0.8056811094284058
sub-cp026_ses-20210716_level-01B_run-007,sub-cp026,2,10000,45,51,50,0,0,1.0,0.05,1.9060510510530184,0.01,0.9451000521955308,1.0,0.9283024668693542,0.9133015275001526,0.8926143050193787,0.8312577605247498
sub-cp026_ses-20210716_level-01B_run-012,sub-cp026,2,10000,45,51,50,0,0,1.0,0.05,1.880274237672921,0.01,0.9897815951211963,1.0,0.9259021878242493,0.9055033326148987,0.8845017552375793,0.8300085663795471
sub-cp026_ses-20210716_level-02B_run-003,sub-cp026,2,10000,45,51,50,1,1,2.0,0.05,2.1597777948266295,0.01,1.8420538776345436,1.8420538776345436,0.9168121218681335,0.9174191355705261,0.9070947766304016,0.863191545009613
sub-cp026_ses-20210716_level-02B_run-008,sub-cp026,2,10000,45,51,50,1,1,2.0,0.05,1.9978654411713248,0.01,1.6340596020429579,1.6340596020429579,0.9072004556655884,0.9166082143783569,0.8910847902297974,0.8068879842758179
sub-cp026_ses-20210716_level-02B_run-010,sub-cp026,2,10000,45,51,50,1,1,2.0,0.05,2.123035357544918,0.01,1.7614605298841695,1.7614605298841695,0.921303927898407,0.9233638644218445,0.9098043441772461,0.860333263874054
sub-cp026_ses-20210716_level-03B_run-002,sub-cp026,2,10000,45,51,50,2,2,3.0,0.05,2.315561460516717,0.01,3.2495819782762294,3.2495819782762294,0.9055080413818359,0.922979474067688,0.9293249249458313,0.8587400317192078
sub-cp026_ses-20210716_level-03B_run-005,sub-cp026,2,10000,45,51,50,2,2,3.0,0.05,2.295773797168078,0.01,2.984340746589159,2.984340746589159,0.9130228161811829,0.9266863465309143,0.9320882558822632,0.865086555480957
sub-cp026_ses-20210716_level-03B_run-011,sub-cp026,2,10000,45,51,50,2,2,3.0,0.05,2.2954280667341007,0.01,2.735446538306906,2.735446538306906,0.9084617495536804,0.9180720448493958,0.9243789315223694,0.8628634214401245
sub-cp026_ses-20210716_level-04B_run-004,sub-cp026,2,10000,45,51,50,3,3,4.0,0.05,3.1500143903634465,0.01,4.025444627297576,4.0,0.8432238101959229,0.8343983888626099,0.8567423224449158,0.911206066608429
sub-cp026_ses-20210716_level-04B_run-006,sub-cp026,2,10000,45,51,50,3,3,4.0,0.05,3.00191255148865,0.01,3.7315695445668013,3.7315695445668013,0.8668484687805176,0.8508056402206421,0.8722093105316162,0.9171767830848694
sub-cp026_ses-20210716_level-04B_run-009,sub-cp026,2,10000,45,51,50,3,3,4.0,0.05,3.1288990361112408,0.01,3.9530481148422876,3.9530481148422876,0.8631443381309509,0.8464826941490173,0.8682793974876404,0.9263022541999817
sub-cp031_ses-20211216_level-01B_run-001,sub-cp031,2,10000,45,51,50,0,0,1.0,0.05,2.1894525581130573,0.01,1.501780603503924,1.501780603503924,0.8969235420227051,0.8857789039611816,0.8744673132896423,0.8575490117073059
sub-cp031_ses-20211216_level-01B_run-007,sub-cp031,2,10000,45,51,50,0,0,1.0,0.05,1.9595487635464077,0.01,0.8508904335343641,1.0,0.9268761277198792,0.9101580381393433,0.8943185210227966,0.8438873291015625
sub-cp031_ses-20211216_level-02B_run-003,sub-cp031,2,10000,45,51,50,1,1,2.0,0.05,2.074031331505577,0.01,1.9697805728853421,1.9697805728853421,0.9210644364356995,0.9362695217132568,0.9181292653083801,0.8282936215400696
sub-cp031_ses-20211216_level-02B_run-008,sub-cp031,2,10000,45,51,50,1,1,2.0,0.05,2.0883024922202726,0.01,1.8542900961860345,1.8542900961860345,0.923805296421051,0.9336578249931335,0.9189625382423401,0.841463029384613
sub-cp031_ses-20211216_level-02B_run-010,sub-cp031,2,10000,45,51,50,1,1,2.0,0.05,2.1369389181784015,0.01,1.5961593790203605,1.5961593790203605,0.9184087514877319,0.921410322189331,0.9106806516647339,0.8567550778388977
sub-cp031_ses-20211216_level-02B_run-012,sub-cp031,2,10000,45,51,50,1,0,2.0,0.05,1.9165071368154956,0.01,0.8875680162410291,1.0,0.9343429803848267,0.9237587451934814,0.9027348160743713,0.8327504396438599
sub-cp031_ses-20211216_level-03B_run-002,sub-cp031,2,10000,45,51,50,2,2,3.0,0.05,2.2947573417221094,0.01,3.1784624196786764,3.1784624196786764,0.9056570529937744,0.9304143190383911,0.9354832768440247,0.8440937399864197
sub-cp031_ses-20211216_level-03B_run-005,sub-cp031,2,10000,45,51,50,2,2,3.0,0.05,2.386825912847026,0.01,2.65783952680065,2.65783952680065,0.9050290584564209,0.9158289432525635,0.9302818775177002,0.8730421662330627
sub-cp031_ses-20211216_level-03B_run-011,sub-cp031,2,10000,45,51,50,2,2,3.0,0.05,2.2899688949876844,0.01,2.9094945605182856,2.9094945605182856,0.9045287370681763,0.9303300380706787,0.9349133968353271,0.8401662111282349
sub-cp031_ses-20211216_level-04B_run-004,sub-cp031,2,10000,45,51,50,3,3,4.0,0.05,3.14414941476191,0.01,4.247781033355336,4.0,0.8609889149665833,0.8581141233444214,0.8814078569412231,0.9305632710456848
sub-cp031_ses-20211216_level-04B_run-006,sub-cp031,2,10000,45,51,50,3,3,4.0,0.05,3.0072379110802347,0.01,3.848401847094783,3.848401847094783,0.8715319037437439,0.865327775478363,0.8888537287712097,0.9252541661262512
sub-cp031_ses-20211216_level-04B_run-009,sub-cp031,2,10000,45,51,50,3,3,4.0,0.05,3.1518401878242557,0.01,4.04064594133586,4.0,0.8598233461380005,0.8558236360549927,0.8785020709037781,0.9297692775726318
sub-cp038_ses-20220112_level-01B_run-001,sub-cp038,2,10000,45,51,50,0,0,1.0,0.05,2.20852394200366,0.01,1.7587977936764876,1.7587977936764876,0.8433142900466919,0.8349670767784119,0.8346546292304993,0.79769366979599
sub-cp038_ses-20220112_level-01B_run-007,sub-cp038,2,10000,45,51,50,0,0,1.0,0.05,2.1568669794320594,0.01,1.1779497995308037,1.1779497995308037,0.8301048874855042,0.7966133952140808,0.7919711470603943,0.7910454273223877
sub-cp038_ses-20220112_level-01B_run-012,sub-cp038,2,10000,45,51,50,0,0,1.0,0.05,2.1329431056113313,0.01,1.308640411713744,1.308640411713744,0.8409512639045715,0.814147412776947,0.8097041845321655,0.7951211929321289
sub-cp038_ses-20220112_level-02B_run-003,sub-cp038,2,10000,45,51,50,1,0,2.0,0.05,2.2619408516315755,0.01,1.6982835731835122,1.6982835731835122,0.884996771812439,0.8708512783050537,0.8662176728248596,0.8549183011054993
sub-cp038_ses-20220112_level-02B_run-008,sub-cp038,2,10000,45,51,50,1,0,2.0,0.05,2.1209701393683233,0.01,1.5672696415126115,1.5672696415126115,0.8608824610710144,0.8345300555229187,0.8289344906806946,0.8134991526603699
sub-cp038_ses-20220112_level-02B_run-010,sub-cp038,2,10000,45,51,50,1,0,2.0,0.05,2.2521973436542764,0.01,1.1492108720815897,1.1492108720815897,0.8332928419113159,0.8010363578796387,0.7981563210487366,0.8060780763626099
sub-cp038_ses-20220112_level-03B_run-002,sub-cp038,2,10000,45,51,50,2,2,3.0,0.05,2.4891810952038456,0.01,2.092927686328535,2.092927686328535,0.8675988912582397,0.8749794363975525,0.8849883079528809,0.8613336682319641
sub-cp038_ses-20220112_level-03B_run-005,sub-cp038,2,10000,45,51,50,2,2,3.0,0.05,2.3597519855015703,0.01,1.7517416605800384,1.7517416605800384,0.8247455954551697,0.8265370726585388,0.8270931839942932,0.8029921650886536
sub-cp038_ses-20220112_level-03B_run-011,sub-cp038,2,10000,45,51,50,2,3,3.0,0.05,2.5765879870898383,0.01,2.8125874331404237,2.8125874331404237,0.8449801206588745,0.8204132914543152,0.8406839370727539,0.8489423394203186
sub-cp038_ses-20220112_level-04B_run-004,sub-cp038,2,10000,45,51,50,3,3,4.0,0.05,3.0690419626421575,0.01,3.7334757762497937,3.7334757762497937,0.803159236907959,0.7897682785987854,0.8106853365898132,0.8611166477203369
sub-cp038_ses-20220112_level-04B_run-006,sub-cp038,2,10000,45,51,50,3,3,4.0,0.05,3.10204447064664,0.01,3.877564494041367,3.877564494041367,0.805655300617218,0.791221559047699,0.8139405250549316,0.866764485836029
sub-cp038_ses-20220112_level-04B_run-009,sub-cp038,2,10000,45,51,50,3,3,4.0,0.05,3.037669331359888,0.01,3.1916964690292913,3.1916964690292913,0.8190882205963135,0.7970714569091797,0.8214831948280334,0.8715018630027771
sub-cp009_ses-20210129_level-01B_run-001,sub-cp009,2,1000,46,51,50,0,3,1.0,0.05,2.589555819105216,0.1,1.5274865204128618,1.5274865204128618,0.8149068355560303,0.7924422025680542,0.8051894307136536,0.8220728039741516
sub-cp009_ses-20210129_level-01B_run-007,sub-cp009,2,1000,46,51,50,0,2,1.0,0.05,2.4895909024256166,0.1,2.259417300898658,2.259417300898658,0.8704992532730103,0.8704541921615601,0.872584342956543,0.8683409094810486
sub-cp009_ses-20210129_level-01B_run-012,sub-cp009,2,1000,46,51,50,0,2,1.0,0.05,2.4051189382742866,0.1,2.060380803550124,2.060380803550124,0.8837506175041199,0.8807092905044556,0.8853693604469299,0.8683409094810486
sub-cp009_ses-20210129_level-02B_run-003,sub-cp009,2,1000,46,51,50,1,1,2.0,0.05,2.3313463618172694,0.1,1.557417563420353,1.557417563420353,0.8578286170959473,0.871709942817688,0.8649774193763733,0.83209228515625
sub-cp009_ses-20210129_level-02B_run-008,sub-cp009,2,1000,46,51,50,1,2,2.0,0.05,2.5383020746622047,0.1,2.3589224547419643,2.3589224547419643,0.856508731842041,0.8639139533042908,0.8661785125732422,0.8611016869544983
sub-cp009_ses-20210129_level-02B_run-010,sub-cp009,2,1000,46,51,50,1,1,2.0,0.05,2.209800972579959,0.1,1.7140580278441875,1.7140580278441875,0.8683874607086182,0.8879297375679016,0.8754670023918152,0.8145188093185425
sub-cp009_ses-20210129_level-03B_run-002,sub-cp009,2,1000,46,51,50,2,3,3.0,0.05,2.8330139953894418,0.1,2.9075537389822887,2.9075537389822887,0.83016437292099,0.8344044089317322,0.8495499491691589,0.8681311011314392
sub-cp009_ses-20210129_level-03B_run-005,sub-cp009,2,1000,46,51,50,2,2,3.0,0.05,2.72340381244768,0.1,3.1064664602545315,3.1064664602545315,0.8560863733291626,0.8661115169525146,0.8863836526870728,0.8809833526611328
sub-cp009_ses-20210129_level-03B_run-011,sub-cp009,2,1000,46,51,50,2,2,3.0,0.05,2.624273478418937,0.1,2.824395667310343,2.824395667310343,0.8849120736122131,0.9028415083885193,0.9172918796539307,0.898347020149231
sub-cp009_ses-20210129_level-04B_run-004,sub-cp009,2,1000,46,51,50,3,3,4.0,0.05,3.0143883380362433,0.1,3.0948710407179143,3.0948710407179143,0.798804521560669,0.7920235991477966,0.8098870515823364,0.8530755639076233
sub-cp009_ses-20210129_level-04B_run-006,sub-cp009,2,1000,46,51,50,3,3,4.0,0.05,3.079870056373596,0.1,3.356684146843644,3.356684146843644,0.8071988224983215,0.8140511512756348,0.8333485126495361,0.873324453830719
sub-cp009_ses-20210129_level-04B_run-009,sub-cp009,2,1000,46,51,50,3,3,4.0,0.05,3.132967639850251,0.1,3.5337220736098587,3.5337220736098587,0.8140621185302734,0.8110687732696533,0.8328947424888611,0.8822948336601257
sub-cp013_ses-20210319_level-01B_run-001,sub-cp013,2,1000,46,51,50,0,3,1.0,0.05,2.862745914447815,0.1,2.9088270546213795,2.9088270546213795,0.8746699690818787,0.8683613538742065,0.8945510983467102,0.9124058485031128
sub-cp013_ses-20210319_level-01B_run-007,sub-cp013,2,1000,46,51,50,0,0,1.0,0.05,2.490597908342936,0.1,1.9788907094260548,1.9788907094260548,0.8444716334342957,0.8237830400466919,0.8374856114387512,0.8396987318992615
sub-cp013_ses-20210319_level-01B_run-012,sub-cp013,2,1000,46,51,50,0,0,1.0,0.05,2.385951702095785,0.1,1.5681501322728848,1.5681501322728848,0.8767817616462708,0.8570074439048767,0.8581978678703308,0.8628852963447571
sub-cp013_ses-20210319_level-02B_run-003,sub-cp013,2,1000,46,51,50,1,3,2.0,0.05,2.9065211845504852,0.1,2.8655963336969164,2.8655963336969164,0.8332264423370361,0.8340381383895874,0.8552618622779846,0.8780981302261353
sub-cp013_ses-20210319_level-02B_run-008,sub-cp013,2,1000,46,51,50,1,3,2.0,0.05,3.0906727811353054,0.1,3.769493369397452,3.769493369397452,0.8015498518943787,0.8156731128692627,0.8391404747962952,0.8721179366111755
sub-cp013_ses-20210319_level-02B_run-010,sub-cp013,2,1000,46,51,50,1,0,2.0,0.05,2.5169342137182333,0.1,2.306981584446939,2.306981584446939,0.8659061193466187,0.8507811427116394,0.8610538244247437,0.865140974521637
sub-cp013_ses-20210319_level-03B_run-002,sub-cp013,2,1000,46,51,50,2,3,3.0,0.05,2.9496755611020147,0.1,3.392548576444786,3.392548576444786,0.8258880376815796,0.8289105892181396,0.8521122932434082,0.8762096762657166
sub-cp013_ses-20210319_level-03B_run-005,sub-cp013,2,1000,46,51,50,2,3,3.0,0.05,3.0226909959880115,0.1,3.7280884671057706,3.7280884671057706,0.7728825211524963,0.7770594954490662,0.800438404083252,0.8317775726318359
sub-cp013_ses-20210319_level-03B_run-011,sub-cp013,2,1000,46,51,50,2,3,3.0,0.05,3.056267881453093,0.1,3.3718054817304086,3.3718054817304086,0.8237234354019165,0.8277595043182373,0.8524326086044312,0.8863341212272644
sub-cp013_ses-20210319_level-04B_run-004,sub-cp013,2,1000,46,51,50,3,3,4.0,0.05,3.0029377378454982,0.1,3.415009210306205,3.415009210306205,0.7027188539505005,0.6944431662559509,0.7131853103637695,0.7553459405899048
sub-cp013_ses-20210319_level-04B_run-006,sub-cp013,2,1000,46,51,50,3,3,4.0,0.05,3.0718080736499767,0.1,3.585943500859263,3.585943500859263,0.817493736743927,0.8103362917900085,0.8318538069725037,0.8777309656143188
sub-cp013_ses-20210319_level-04B_run-009,sub-cp013,2,1000,46,51,50,3,3,4.0,0.05,3.0674778840587713,0.1,3.5070535214260516,3.5070535214260516,0.7942641973495483,0.7911864519119263,0.8077250719070435,0.8552788496017456
sub-cp015_ses-20210504_level-01B_run-001,sub-cp015,2,1000,46,51,50,0,0,1.0,0.05,1.9320927102616035,0.1,0.8837237387007286,1.0,0.8922504782676697,0.8832730650901794,0.8578242063522339,0.8018239140510559
sub-cp015_ses-20210504_level-01B_run-007,sub-cp015,2,1000,46,51,50,0,0,1.0,0.05,1.9327397868203224,0.1,1.107797336708361,1.107797336708361,0.9153743982315063,0.9069226384162903,0.8821931481361389,0.8230695128440857
sub-cp015_ses-20210504_level-01B_run-012,sub-cp015,2,1000,46,51,50,0,0,1.0,0.05,1.914770595739058,0.1,0.9532158305419423,1.0,0.9306847453117371,0.916183590888977,0.8904139995574951,0.8436855673789978
sub-cp015_ses-20210504_level-02B_run-003,sub-cp015,2,1000,46,51,50,1,1,2.0,0.05,1.9582752675167168,0.1,1.4814525143120898,1.4814525143120898,0.9153743982315063,0.9246597290039062,0.8904407024383545,0.8152007460594177
sub-cp015_ses-20210504_level-02B_run-008,sub-cp015,2,1000,46,51,50,1,1,2.0,0.05,2.043653957983763,0.1,1.4410153539884858,1.4410153539884858,0.9280978441238403,0.9364845156669617,0.9150498509407043,0.8432658910751343
sub-cp015_ses-20210504_level-02B_run-010,sub-cp015,2,1000,46,51,50,1,0,2.0,0.05,2.0075957500695987,0.1,1.3115520478091534,1.3115520478091534,0.9122595191001892,0.9013241529464722,0.8834742903709412,0.838492214679718
sub-cp015_ses-20210504_level-03B_run-002,sub-cp015,2,1000,46,51,50,2,2,3.0,0.05,2.337038439630171,0.1,2.8715623457228983,2.8715623457228983,0.88575679063797,0.9087015390396118,0.9126476645469666,0.8449445366859436
sub-cp015_ses-20210504_level-03B_run-005,sub-cp015,2,1000,46,51,50,2,2,3.0,0.05,2.4139925984629067,0.1,3.1530513248636303,3.1530513248636303,0.9052379131317139,0.9105851650238037,0.9192403554916382,0.886911153793335
sub-cp015_ses-20210504_level-03B_run-011,sub-cp015,2,1000,46,51,50,2,0,3.0,0.05,2.1935916568615097,0.1,2.011812260080183,2.011812260080183,0.9154272079467773,0.9044634699821472,0.9064819812774658,0.8661901354789734
sub-cp015_ses-20210504_level-04B_run-004,sub-cp015,2,1000,46,51,50,3,3,4.0,0.05,3.133976159426884,0.1,4.158751160123078,4.0,0.861365795135498,0.8738551139831543,0.8990085124969482,0.9362743496894836
sub-cp015_ses-20210504_level-04B_run-006,sub-cp015,2,1000,46,51,50,3,3,4.0,0.05,3.046914509689932,0.1,3.4822737999256037,3.4822737999256037,0.8518100380897522,0.8448164463043213,0.8709028363227844,0.9095730781555176
sub-cp015_ses-20210504_level-04B_run-009,sub-cp015,2,1000,46,51,50,3,3,4.0,0.05,3.0885695594981017,0.1,3.7432353291834994,3.7432353291834994,0.8720302581787109,0.8723901510238647,0.8962860107421875,0.9367989301681519
sub-cp020_ses-20210604_level-01B_run-001,sub-cp020,2,1000,46,51,50,0,0,1.0,0.05,2.1282261768139077,0.1,1.0869640613594398,1.0869640613594398,0.8640055060386658,0.8358693718910217,0.8152252435684204,0.8258497714996338
sub-cp020_ses-20210604_level-01B_run-007,sub-cp020,2,1000,46,51,50,0,0,1.0,0.05,2.1547116066160896,0.1,1.5311718612053715,1.5311718612053715,0.9167470335960388,0.9152417778968811,0.9050139784812927,0.86351478099823
sub-cp020_ses-20210604_level-01B_run-012,sub-cp020,2,1000,46,51,50,0,1,1.0,0.05,2.0365906236607114,0.1,1.4286254149869377,1.4286254149869377,0.913209855556488,0.9134105443954468,0.8930830955505371,0.8371807336807251
sub-cp020_ses-20210604_level-02B_run-003,sub-cp020,2,1000,46,51,50,1,1,2.0,0.05,2.1910911416040633,0.1,1.8968471861624643,1.8968471861624643,0.9202314615249634,0.9277467727661133,0.9166246056556702,0.8698621988296509
sub-cp020_ses-20210604_level-02B_run-008,sub-cp020,2,1000,46,51,50,1,1,2.0,0.05,2.0986916992403932,0.1,1.8506810281777404,1.8506810281777404,0.9027037620544434,0.905143678188324,0.8885989785194397,0.8381249904632568
sub-cp020_ses-20210604_level-02B_run-010,sub-cp020,2,1000,46,51,50,1,1,2.0,0.05,2.0516529510270978,0.1,1.881570555523571,1.881570555523571,0.9061353802680969,0.9134105443954468,0.8910812735557556,0.8281579613685608
sub-cp020_ses-20210604_level-03B_run-002,sub-cp020,2,1000,46,51,50,2,3,3.0,0.05,2.9287400300789486,0.1,3.4091615341843267,3.4091615341843267,0.8183912038803101,0.8284396529197693,0.8509913086891174,0.8686556816101074
sub-cp020_ses-20210604_level-03B_run-005,sub-cp020,2,1000,46,51,50,2,2,3.0,0.05,2.451711017369266,0.1,2.9451533217297365,2.9451533217297365,0.8881325125694275,0.8989173769950867,0.9107525944709778,0.8732720017433167
sub-cp020_ses-20210604_level-03B_run-011,sub-cp020,2,1000,46,51,50,2,2,3.0,0.05,2.8040821006450223,0.1,3.4711331333200985,3.4711331333200985,0.847744882106781,0.8620827198028564,0.8843017220497131,0.8839734792709351
sub-cp020_ses-20210604_level-04B_run-004,sub-cp020,2,1000,46,51,50,3,3,4.0,0.05,3.212421087672584,0.1,3.6880731057623395,3.6880731057623395,0.8083075284957886,0.8072493076324463,0.8310530781745911,0.8861242532730103
sub-cp020_ses-20210604_level-04B_run-006,sub-cp020,2,1000,46,51,50,3,3,4.0,0.05,3.252086909202079,0.1,4.210843956533199,4.0,0.7892487645149231,0.788727343082428,0.8079919815063477,0.8712785840034485
sub-cp020_ses-20210604_level-04B_run-009,sub-cp020,2,1000,46,51,50,3,3,4.0,0.05,3.0106693926372996,0.1,3.2057249526026217,3.2057249526026217,0.8296892046928406,0.8248817920684814,0.8414625525474548,0.8841832876205444
sub-cp026_ses-20210716_level-01B_run-001,sub-cp026,2,1000,46,51,50,0,0,1.0,0.05,1.9153892317379617,0.1,0.8625626211260282,1.0,0.928678572177887,0.9259154796600342,0.8973536491394043,0.8237514495849609
sub-cp026_ses-20210716_level-01B_run-007,sub-cp026,2,1000,46,51,50,0,0,1.0,0.05,1.9243048661247073,0.1,1.0304059773928236,1.0304059773928236,0.9386566877365112,0.926281750202179,0.9035459756851196,0.8470429182052612
sub-cp026_ses-20210716_level-01B_run-012,sub-cp026,2,1000,46,51,50,0,0,1.0,0.05,1.8645279944074957,0.1,1.112585386928127,1.112585386928127,0.934644341468811,0.9153987765312195,0.889453113079071,0.8385446667671204
sub-cp026_ses-20210716_level-02B_run-003,sub-cp026,2,1000,46,51,50,1,1,2.0,0.05,2.089696701455507,0.1,1.6940860521604426,1.6940860521604426,0.9235575199127197,0.9258631467819214,0.9082169532775879,0.8579017519950867
sub-cp026_ses-20210716_level-02B_run-008,sub-cp026,2,1000,46,51,50,1,1,2.0,0.05,2.0076991149628163,0.1,1.8963991363211747,1.8963991363211747,0.9245606064796448,0.9352810978889465,0.9076831340789795,0.8314103484153748
sub-cp026_ses-20210716_level-02B_run-010,sub-cp026,2,1000,46,51,50,1,1,2.0,0.05,2.1173589570952487,0.1,1.8635347595265817,1.8635347595265817,0.9208122491836548,0.9255492091178894,0.9086439609527588,0.8596853017807007
sub-cp026_ses-20210716_level-03B_run-002,sub-cp026,2,1000,46,51,50,2,2,3.0,0.05,2.3932490495136345,0.1,2.927064584483669,2.927064584483669,0.9051322937011719,0.9208402633666992,0.9308776259422302,0.8770489692687988
sub-cp026_ses-20210716_level-03B_run-005,sub-cp026,2,1000,46,51,50,2,2,3.0,0.05,2.3271036344660736,0.1,2.576957087827791,2.576957087827791,0.9134210348129272,0.9200554490089417,0.9251924753189087,0.8795145153999329
sub-cp026_ses-20210716_level-03B_run-011,sub-cp026,2,1000,46,51,50,2,2,3.0,0.05,2.321019846088383,0.1,2.904052682981,2.904052682981,0.9095142483711243,0.920892596244812,0.9262601137161255,0.870858907699585
sub-cp026_ses-20210716_level-04B_run-004,sub-cp026,2,1000,46,51,50,3,3,4.0,0.05,3.082567746356218,0.1,4.013347160777887,4.0,0.851546049118042,0.8544436693191528,0.8713832497596741,0.9163402318954468
sub-cp026_ses-20210716_level-04B_run-006,sub-cp026,2,1000,46,51,50,3,3,4.0,0.05,3.020024616579888,0.1,3.5575760706297244,3.5575760706297244,0.8699184656143188,0.866634726524353,0.8837679028511047,0.9258875846862793
sub-cp026_ses-20210716_level-04B_run-009,sub-cp026,2,1000,46,51,50,3,3,4.0,0.05,3.0534269055139633,0.1,3.8086859592372724,3.8086859592372724,0.8713967204093933,0.8627628684043884,0.8781093955039978,0.9290875792503357
sub-cp031_ses-20211216_level-01B_run-001,sub-cp031,2,1000,46,51,50,0,0,1.0,0.05,2.0445379048860217,0.1,1.1162759739758716,1.1162759739758716,0.8986386060714722,0.8772560358047485,0.8604933023452759,0.8418495059013367
sub-cp031_ses-20211216_level-01B_run-007,sub-cp031,2,1000,46,51,50,0,0,1.0,0.05,1.9394746838223518,0.1,0.9081290694209327,1.0,0.9351195096969604,0.9179102182388306,0.8984746932983398,0.8515018224716187
sub-cp031_ses-20211216_level-02B_run-003,sub-cp031,2,1000,46,51,50,1,1,2.0,0.05,2.0570327454209814,0.1,1.7872759183283893,1.7872759183283893,0.9310542941093445,0.9411935210227966,0.9207350611686707,0.8467281460762024
sub-cp031_ses-20211216_level-02B_run-008,sub-cp031,2,1000,46,51,50,1,1,2.0,0.05,2.066476857107231,0.1,1.799382611086261,1.799382611086261,0.929628849029541,0.934496283531189,0.9162242412567139,0.8539673686027527
sub-cp031_ses-20211216_level-02B_run-010,sub-cp031,2,1000,46,51,50,1,1,2.0,0.05,2.1211067042767517,0.1,1.9061082745015112,1.9061082745015112,0.9240854978561401,0.9265433549880981,0.9121138453483582,0.8632524609565735
sub-cp031_ses-20211216_level-02B_run-012,sub-cp031,2,1000,46,51,50,1,0,2.0,0.05,1.8863638396884448,0.1,1.1873467150720345,1.1873467150720345,0.9425634741783142,0.933240532875061,0.9068557024002075,0.8351873159408569
sub-cp031_ses-20211216_level-03B_run-002,sub-cp031,2,1000,46,51,50,2,2,3.0,0.05,2.317296058983035,0.1,2.8102653727303433,2.8102653727303433,0.9130514860153198,0.9367984533309937,0.9390984773635864,0.867606520652771
sub-cp031_ses-20211216_level-03B_run-005,sub-cp031,2,1000,46,51,50,2,2,3.0,0.05,2.5151439568602765,0.1,2.948955490870234,2.948955490870234,0.8974771499633789,0.9108991026878357,0.9330129027366638,0.886911153793335
sub-cp031_ses-20211216_level-03B_run-011,sub-cp031,2,1000,46,51,50,2,2,3.0,0.05,2.349873797821413,0.1,3.024838979683323,3.024838979683323,0.9020174741744995,0.9295780062675476,0.936269223690033,0.8567476868629456
sub-cp031_ses-20211216_level-04B_run-004,sub-cp031,2,1000,46,51,50,3,3,4.0,0.05,3.163297884050145,0.1,4.412780483527008,4.0,0.8637943267822266,0.8712913393974304,0.8965529203414917,0.9398415088653564
sub-cp031_ses-20211216_level-04B_run-006,sub-cp031,2,1000,46,51,50,3,3,4.0,0.05,3.01447866432837,0.1,3.944633783323272,3.944633783323272,0.861524224281311,0.8666870594024658,0.8894264101982117,0.9198548793792725
sub-cp031_ses-20211216_level-04B_run-009,sub-cp031,2,1000,46,51,50,3,3,4.0,0.05,3.103589296535596,0.1,3.843748757974888,3.843748757974888,0.8686514496803284,0.8728610277175903,0.8910812735557556,0.9362743496894836
sub-cp038_ses-20220112_level-01B_run-001,sub-cp038,2,1000,46,51,50,0,0,1.0,0.05,2.1300043979928858,0.1,0.8662651537675097,1.0,0.8426238298416138,0.8289629220962524,0.8280102610588074,0.7840405702590942
sub-cp038_ses-20220112_level-01B_run-007,sub-cp038,2,1000,46,51,50,0,0,1.0,0.05,2.033155837382991,0.1,1.3744333636837398,1.3744333636837398,0.8561919927597046,0.8303232789039612,0.8145579695701599,0.7994632720947266
sub-cp038_ses-20220112_level-01B_run-012,sub-cp038,2,1000,46,51,50,0,0,1.0,0.05,2.063085834454081,0.1,1.266166446342096,1.266166446342096,0.8731917142868042,0.8521414995193481,0.83938068151474,0.816879391670227
sub-cp038_ses-20220112_level-02B_run-003,sub-cp038,2,1000,46,51,50,1,0,2.0,0.05,2.1984673831464416,0.1,2.0089190837727324,2.0089190837727324,0.8929896354675293,0.8826452493667603,0.8717302680015564,0.8545968532562256
sub-cp038_ses-20220112_level-02B_run-008,sub-cp038,2,1000,46,51,50,1,0,2.0,0.05,2.069855894908022,0.1,1.3731600576162226,1.3731600576162226,0.8605210781097412,0.8348752856254578,0.8261952996253967,0.8056008815765381
sub-cp038_ses-20220112_level-02B_run-010,sub-cp038,2,1000,46,51,50,1,0,2.0,0.05,2.095630262895376,0.1,1.0809188198388975,1.0809188198388975,0.8660117387771606,0.8388517498970032,0.8256080746650696,0.8192924857139587
sub-cp038_ses-20220112_level-03B_run-002,sub-cp038,2,1000,46,51,50,2,2,3.0,0.05,2.4955535381242586,0.1,2.2155888169959836,2.2155888169959836,0.876887321472168,0.8864123821258545,0.8931631445884705,0.873167097568512
sub-cp038_ses-20220112_level-03B_run-005,sub-cp038,2,1000,46,51,50,2,0,3.0,0.05,2.427882326457117,0.1,1.940772804082582,1.940772804082582,0.8260992169380188,0.8224749565124512,0.8222182989120483,0.8164597749710083
sub-cp038_ses-20220112_level-03B_run-011,sub-cp038,2,1000,46,51,50,2,3,3.0,0.05,2.6760545079967226,0.1,3.0911602504077966,3.0911602504077966,0.8491175174713135,0.8387994170188904,0.8631090521812439,0.8644065856933594
sub-cp038_ses-20220112_level-04B_run-004,sub-cp038,2,1000,46,51,50,3,3,4.0,0.05,3.1478185570026715,0.1,3.851382172381608,3.851382172381608,0.7952673435211182,0.7897214293479919,0.8138906955718994,0.8643016219139099
sub-cp038_ses-20220112_level-04B_run-006,sub-cp038,2,1000,46,51,50,3,3,4.0,0.05,3.143299776057205,0.1,3.6113645733592996,3.6113645733592996,0.8139564990997314,0.8033251166343689,0.8259016871452332,0.8806161284446716
sub-cp038_ses-20220112_level-04B_run-009,sub-cp038,2,1000,46,51,50,3,3,4.0,0.05,2.9171208488650255,0.1,3.447972710474427,3.447972710474427,0.8482728004455566,0.8368111848831177,0.8540874719619751,0.891160249710083
sub-cp009_ses-20210129_level-01B_run-001,sub-cp009,2,2000,46,51,50,0,0,1.0,0.05,2.491829159631571,0.01,1.3269320553381938,1.3269320553381938,0.8033483028411865,0.7876044511795044,0.7963563203811646,0.7999457120895386
sub-cp009_ses-20210129_level-01B_run-007,sub-cp009,2,2000,46,51,50,0,2,1.0,0.05,2.44459362912284,0.01,1.9060314051559144,1.9060314051559144,0.8525293469429016,0.8519378900527954,0.8560359477996826,0.843104898929596
sub-cp009_ses-20210129_level-01B_run-012,sub-cp009,2,2000,46,51,50,0,2,1.0,0.05,2.3988366002503705,0.01,1.6484287528277928,1.6484287528277928,0.8638788461685181,0.8594167232513428,0.8666531443595886,0.8463717103004456
sub-cp009_ses-20210129_level-02B_run-003,sub-cp009,2,2000,46,51,50,1,1,2.0,0.05,2.2708628317243713,0.01,1.173425709132779,1.173425709132779,0.8491191864013672,0.8606806993484497,0.8516760468482971,0.813305139541626
sub-cp009_ses-20210129_level-02B_run-008,sub-cp009,2,2000,46,51,50,1,2,2.0,0.05,2.4854598871132123,0.01,2.033235329098541,2.033235329098541,0.8325745463371277,0.8390080332756042,0.8412203192710876,0.8295595645904541
sub-cp009_ses-20210129_level-02B_run-010,sub-cp009,2,2000,46,51,50,1,1,2.0,0.05,2.1582377820470726,0.01,1.7610721094137336,1.7610721094137336,0.8513038158416748,0.8683175444602966,0.8545153737068176,0.7843818664550781
sub-cp009_ses-20210129_level-03B_run-002,sub-cp009,2,2000,46,51,50,2,3,3.0,0.05,2.845074682080285,0.01,3.1899046727899067,3.1899046727899067,0.8081172108650208,0.8089874982833862,0.8253954648971558,0.8464514017105103
sub-cp009_ses-20210129_level-03B_run-005,sub-cp009,2,2000,46,51,50,2,2,3.0,0.05,2.6711186149388118,0.01,3.1161046258078002,3.1161046258078002,0.8439239859580994,0.8501209020614624,0.8661956191062927,0.8622543215751648
sub-cp009_ses-20210129_level-03B_run-011,sub-cp009,2,2000,46,51,50,2,2,3.0,0.05,2.549531499983733,0.01,3.0899142846035,3.0899142846035,0.8773330450057983,0.8946250081062317,0.9083682894706726,0.8786149621009827
sub-cp009_ses-20210129_level-04B_run-004,sub-cp009,2,2000,46,51,50,3,3,4.0,0.05,3.0617401532357142,0.01,3.244452770005755,3.244452770005755,0.779663622379303,0.7751222252845764,0.7914581298828125,0.8395724892616272
sub-cp009_ses-20210129_level-04B_run-006,sub-cp009,2,2000,46,51,50,3,3,4.0,0.05,3.1846076972227584,0.01,3.7993086449036477,3.7993086449036477,0.7858712077140808,0.7839177250862122,0.8078078031539917,0.8602623343467712
sub-cp009_ses-20210129_level-04B_run-009,sub-cp009,2,2000,46,51,50,3,3,4.0,0.05,3.2414866749886286,0.01,4.019125862222218,4.0,0.7907466888427734,0.7825483679771423,0.8070676922798157,0.8690270185470581
sub-cp013_ses-20210319_level-01B_run-001,sub-cp013,2,2000,46,51,50,0,3,1.0,0.05,2.838578995880087,0.01,2.790911693985865,2.790911693985865,0.8606019020080566,0.8551769852638245,0.8783872127532959,0.8960645794868469
sub-cp013_ses-20210319_level-01B_run-007,sub-cp013,2,2000,46,51,50,0,0,1.0,0.05,2.45444801295616,0.01,1.7444764204974685,1.7444764204974685,0.824874997138977,0.8001656532287598,0.8125175833702087,0.816439151763916
sub-cp013_ses-20210319_level-01B_run-012,sub-cp013,2,2000,46,51,50,0,0,1.0,0.05,2.3372918557218867,0.01,1.7080867647092288,1.7080867647092288,0.8585237860679626,0.8357425928115845,0.8388923406600952,0.838032066822052
sub-cp013_ses-20210319_level-02B_run-003,sub-cp013,2,2000,46,51,50,1,3,2.0,0.05,2.8469647457985365,0.01,2.4773266460635126,2.4773266460635126,0.8129926919937134,0.8195473551750183,0.837169885635376,0.8529585003852844
sub-cp013_ses-20210319_level-02B_run-008,sub-cp013,2,2000,46,51,50,1,3,2.0,0.05,3.004445502958469,0.01,3.1148989475211293,3.1148989475211293,0.7774257063865662,0.7916072010993958,0.81363445520401,0.838058590888977
sub-cp013_ses-20210319_level-02B_run-010,sub-cp013,2,2000,46,51,50,1,3,2.0,0.05,2.5354347776985486,0.01,2.1876904620895443,2.1876904620895443,0.8404338955879211,0.8274211287498474,0.8378696441650391,0.8418565988540649
sub-cp013_ses-20210319_level-03B_run-002,sub-cp013,2,2000,46,51,50,2,3,3.0,0.05,2.8589261061491267,0.01,3.5105101560378786,3.5105101560378786,0.8061457276344299,0.8086187839508057,0.8307242393493652,0.8459733128547668
sub-cp013_ses-20210319_level-03B_run-005,sub-cp013,2,2000,46,51,50,2,3,3.0,0.05,3.116595411445296,0.01,3.606165738062655,3.606165738062655,0.741805374622345,0.7506318092346191,0.7788628339767456,0.8133317232131958
sub-cp013_ses-20210319_level-03B_run-011,sub-cp013,2,2000,46,51,50,2,3,3.0,0.05,3.0971948267481073,0.01,3.9530366020657532,3.9530366020657532,0.7952225208282471,0.8003236651420593,0.8266065716743469,0.8628917336463928
sub-cp013_ses-20210319_level-04B_run-004,sub-cp013,2,2000,46,51,50,3,3,4.0,0.05,3.1381962486120427,0.01,3.7160714747553243,3.7160714747553243,0.6750673055648804,0.6684966683387756,0.6924989819526672,0.7426834106445312
sub-cp013_ses-20210319_level-04B_run-006,sub-cp013,2,2000,46,51,50,3,3,4.0,0.05,3.192300973942142,0.01,3.568331817333545,3.568331817333545,0.7993519902229309,0.7900007963180542,0.8107144236564636,0.8715501427650452
sub-cp013_ses-20210319_level-04B_run-009,sub-cp013,2,2000,46,51,50,3,3,4.0,0.05,3.1842714341140184,0.01,4.0275956477470825,4.0,0.783366858959198,0.7769655585289001,0.7948760986328125,0.855587899684906
sub-cp015_ses-20210504_level-01B_run-001,sub-cp015,2,2000,46,51,50,0,0,1.0,0.05,1.8951447698550428,0.01,0.4874646296137495,1.0,0.8887091279029846,0.8753486275672913,0.8518509864807129,0.7889500856399536
sub-cp015_ses-20210504_level-01B_run-007,sub-cp015,2,2000,46,51,50,0,0,1.0,0.05,1.948023974223799,0.01,1.0180730378584444,1.0180730378584444,0.9176422953605652,0.9071598649024963,0.8869455456733704,0.8272488713264465
sub-cp015_ses-20210504_level-01B_run-012,sub-cp015,2,2000,46,51,50,0,0,1.0,0.05,1.9524557650828906,0.01,1.7283148120527019,1.7283148120527019,0.9170828461647034,0.9004974365234375,0.8805133104324341,0.8371821641921997
sub-cp015_ses-20210504_level-02B_run-003,sub-cp015,2,2000,46,51,50,1,1,2.0,0.05,1.966465668959609,0.01,1.8302509726263323,1.8302509726263323,0.9132197499275208,0.9253828525543213,0.8925030827522278,0.8065325021743774
sub-cp015_ses-20210504_level-02B_run-008,sub-cp015,2,2000,46,51,50,1,1,2.0,0.05,2.079575945912095,0.01,1.3935150385613322,1.3935150385613322,0.9122872948646545,0.9200634360313416,0.9041160345077515,0.8326935768127441
sub-cp015_ses-20210504_level-02B_run-010,sub-cp015,2,2000,46,51,50,1,0,2.0,0.05,2.024172758562494,0.01,1.7686540642392754,1.7686540642392754,0.9111683368682861,0.9023144841194153,0.8881835341453552,0.8347120881080627
sub-cp015_ses-20210504_level-03B_run-002,sub-cp015,2,2000,46,51,50,2,2,3.0,0.05,2.316263935238238,0.01,2.958647968584187,2.958647968584187,0.8740826845169067,0.8974953889846802,0.9037796258926392,0.8210605382919312
sub-cp015_ses-20210504_level-03B_run-005,sub-cp015,2,2000,46,51,50,2,2,3.0,0.05,2.3407530351853763,0.01,3.2917881517305294,3.2917881517305294,0.8998987674713135,0.9041051864624023,0.9113152623176575,0.8683630228042603
sub-cp015_ses-20210504_level-03B_run-011,sub-cp015,2,2000,46,51,50,2,0,3.0,0.05,2.1676684551203516,0.01,2.2952368680008455,2.2952368680008455,0.9195605516433716,0.9094509482383728,0.9124860167503357,0.862227737903595
sub-cp015_ses-20210504_level-04B_run-004,sub-cp015,2,2000,46,51,50,3,3,4.0,0.05,3.142030541947422,0.01,4.202431495939136,4.0,0.8446433544158936,0.8517535924911499,0.8764629364013672,0.9180824160575867
sub-cp015_ses-20210504_level-04B_run-006,sub-cp015,2,2000,46,51,50,3,3,4.0,0.05,3.0545973838797953,0.01,3.2578661151277384,3.2578661151277384,0.8299902677536011,0.822628378868103,0.8500612378120422,0.8884950876235962
sub-cp015_ses-20210504_level-04B_run-009,sub-cp015,2,2000,46,51,50,3,3,4.0,0.05,3.1271874426236193,0.01,3.7264910718437623,3.7264910718437623,0.8640387058258057,0.8598906993865967,0.8841869831085205,0.9313621520996094
sub-cp020_ses-20210604_level-01B_run-001,sub-cp020,2,2000,46,51,50,0,0,1.0,0.05,2.185066688412952,0.01,1.280173091312686,1.280173091312686,0.8667295575141907,0.8433004021644592,0.8278849124908447,0.8330919742584229
sub-cp020_ses-20210604_level-01B_run-007,sub-cp020,2,2000,46,51,50,0,1,1.0,0.05,2.1443167613640663,0.01,1.3586358825346285,1.3586358825346285,0.9107420444488525,0.9111099243164062,0.9019091725349426,0.8519492149353027
sub-cp020_ses-20210604_level-01B_run-012,sub-cp020,2,2000,46,51,50,0,1,1.0,0.05,2.03283337978946,0.01,1.769059578764761,1.769059578764761,0.9046943187713623,0.9083185791969299,0.8909555673599243,0.8159345388412476
sub-cp020_ses-20210604_level-02B_run-003,sub-cp020,2,2000,46,51,50,1,1,2.0,0.05,2.158491734827567,0.01,2.1485819450967094,2.1485819450967094,0.9110884070396423,0.9195104241371155,0.9077492952346802,0.8514711856842041
sub-cp020_ses-20210604_level-02B_run-008,sub-cp020,2,2000,46,51,50,1,1,2.0,0.05,2.1419612225676166,0.01,1.5661076130334755,1.5661076130334755,0.8998987674713135,0.9069755673408508,0.8938353061676025,0.8386163711547852
sub-cp020_ses-20210604_level-02B_run-010,sub-cp020,2,2000,46,51,50,1,1,2.0,0.05,2.06462419713009,0.01,1.9089388511825478,1.9089388511825478,0.8998188376426697,0.9093982577323914,0.8900809288024902,0.8175015449523926
sub-cp020_ses-20210604_level-03B_run-002,sub-cp020,2,2000,46,51,50,2,3,3.0,0.05,2.9365512040786284,0.01,3.5314339332783997,3.5314339332783997,0.8034282326698303,0.8126478791236877,0.8360933661460876,0.8542864918708801
sub-cp020_ses-20210604_level-03B_run-005,sub-cp020,2,2000,46,51,50,2,2,3.0,0.05,2.3827897142933945,0.01,3.234996095376772,3.234996095376772,0.8869507908821106,0.9030254483222961,0.9128897190093994,0.8561722040176392
sub-cp020_ses-20210604_level-03B_run-011,sub-cp020,2,2000,46,51,50,2,2,3.0,0.05,2.6750065353473857,0.01,3.2133105825372117,3.2133105825372117,0.8426452279090881,0.8566253185272217,0.8755209445953369,0.8617231249809265
sub-cp020_ses-20210604_level-04B_run-004,sub-cp020,2,2000,46,51,50,3,3,4.0,0.05,3.344297611511985,0.01,3.8593820242095216,3.8593820242095216,0.7789708971977234,0.7771235704421997,0.8044033050537109,0.8719751238822937
sub-cp020_ses-20210604_level-04B_run-006,sub-cp020,2,2000,46,51,50,3,3,4.0,0.05,3.2784003698341744,0.01,4.384017157948091,4.0,0.7691400647163391,0.7675117254257202,0.7879998087882996,0.8537818193435669
sub-cp020_ses-20210604_level-04B_run-009,sub-cp020,2,2000,46,51,50,3,3,4.0,0.05,3.1967038344901946,0.01,3.68352895750382,3.68352895750382,0.8062789440155029,0.8046687245368958,0.8273735642433167,0.8820411562919617
sub-cp026_ses-20210716_level-01B_run-001,sub-cp026,2,2000,46,51,50,0,0,1.0,0.05,1.87255113335307,0.01,0.7113696711156061,1.0,0.9206262230873108,0.9174563884735107,0.8855729699134827,0.8007956147193909
sub-cp026_ses-20210716_level-01B_run-007,sub-cp026,2,2000,46,51,50,0,0,1.0,0.05,1.9521956366141977,0.01,0.9708840367714118,1.0,0.9328548908233643,0.9222227931022644,0.903174102306366,0.8423081040382385
sub-cp026_ses-20210716_level-01B_run-012,sub-cp026,2,2000,46,51,50,0,0,1.0,0.05,1.9167616224377828,0.01,0.9451410576102591,1.0,0.9294180870056152,0.9157183766365051,0.8941313028335571,0.83553546667099
sub-cp026_ses-20210716_level-02B_run-003,sub-cp026,2,2000,46,51,50,1,1,2.0,0.05,2.0908736235733696,0.01,1.657666426938746,1.657666426938746,0.9165499806404114,0.9189047813415527,0.9020302891731262,0.8501697182655334
sub-cp026_ses-20210716_level-02B_run-008,sub-cp026,2,2000,46,51,50,1,1,2.0,0.05,2.0089533878460695,0.01,1.8203311489748093,1.8203311489748093,0.9172693490982056,0.9299913048744202,0.9041295051574707,0.815190851688385
sub-cp026_ses-20210716_level-02B_run-010,sub-cp026,2,2000,46,51,50,1,1,2.0,0.05,2.1054621398854128,0.01,1.7780367642327817,1.7780367642327817,0.9147916436195374,0.9205901026725769,0.9024339914321899,0.8506478071212769
sub-cp026_ses-20210716_level-03B_run-002,sub-cp026,2,2000,46,51,50,2,2,3.0,0.05,2.3584328824507037,0.01,3.4056706910732863,3.4056706910732863,0.9027761220932007,0.9207481145858765,0.9292662739753723,0.8657070398330688
sub-cp026_ses-20210716_level-03B_run-005,sub-cp026,2,2000,46,51,50,2,2,3.0,0.05,2.2939997418608566,0.01,2.643273998867317,2.643273998867317,0.9118077158927917,0.9204847812652588,0.9247179627418518,0.8693457245826721
sub-cp026_ses-20210716_level-03B_run-011,sub-cp026,2,2000,46,51,50,2,2,3.0,0.05,2.2769005918700054,0.01,2.9934577470539807,2.9934577470539807,0.9061063528060913,0.9165610671043396,0.9202638864517212,0.8580048084259033
sub-cp026_ses-20210716_level-04B_run-004,sub-cp026,2,2000,46,51,50,3,3,4.0,0.05,3.2042690914387597,0.01,4.042538698241782,4.0,0.8396080136299133,0.8395083546638489,0.8605573177337646,0.9166747331619263
sub-cp026_ses-20210716_level-04B_run-006,sub-cp026,2,2000,46,51,50,3,3,4.0,0.05,3.1175495201455385,0.01,3.518995389291711,3.518995389291711,0.855193555355072,0.8476191759109497,0.8664109110832214,0.9199946522712708
sub-cp026_ses-20210716_level-04B_run-009,sub-cp026,2,2000,46,51,50,3,3,4.0,0.05,3.1540690437939176,0.01,3.916393434242835,3.916393434242835,0.853781521320343,0.8445117473602295,0.8632217049598694,0.9218272566795349
sub-cp031_ses-20211216_level-01B_run-001,sub-cp031,2,2000,46,51,50,0,0,1.0,0.05,2.0781556915548896,0.01,1.2768822588763897,1.2768822588763897,0.8950499296188354,0.8814317584037781,0.8647961020469666,0.8396255970001221
sub-cp031_ses-20211216_level-01B_run-007,sub-cp031,2,2000,46,51,50,0,0,1.0,0.05,1.9160639664240315,0.01,0.6185839434105225,1.0,0.9311764240264893,0.9157973527908325,0.8955980539321899,0.8378461599349976
sub-cp031_ses-20211216_level-02B_run-003,sub-cp031,2,2000,46,51,50,1,1,2.0,0.05,2.0608022566912325,0.01,1.9252678293603926,1.9252678293603926,0.9243294596672058,0.9381284117698669,0.9181915521621704,0.8326935768127441
sub-cp031_ses-20211216_level-02B_run-008,sub-cp031,2,2000,46,51,50,1,1,2.0,0.05,2.0689609495512316,0.01,1.9801900052433246,1.9801900052433246,0.9248089790344238,0.9311763048171997,0.9140065908432007,0.8457342982292175
sub-cp031_ses-20211216_level-02B_run-010,sub-cp031,2,2000,46,51,50,1,1,2.0,0.05,2.1047720054536563,0.01,1.9105302537032958,1.9105302537032958,0.9194273352622986,0.9250668883323669,0.9105079174041748,0.8500369191169739
sub-cp031_ses-20211216_level-02B_run-012,sub-cp031,2,2000,46,51,50,1,0,2.0,0.05,1.888196399532616,0.01,0.7976942446276125,1.0,0.9369843602180481,0.925619900226593,0.9020437598228455,0.8295595645904541
sub-cp031_ses-20211216_level-03B_run-002,sub-cp031,2,2000,46,51,50,2,2,3.0,0.05,2.302603498584198,0.01,3.2347123750280256,3.2347123750280256,0.9099428057670593,0.9350473880767822,0.9392106533050537,0.8536224961280823
sub-cp031_ses-20211216_level-03B_run-005,sub-cp031,2,2000,46,51,50,2,2,3.0,0.05,2.386454902737108,0.01,2.848450155063359,2.848450155063359,0.9034687876701355,0.9164820313453674,0.9326034784317017,0.8676990270614624
sub-cp031_ses-20211216_level-03B_run-011,sub-cp031,2,2000,46,51,50,2,2,3.0,0.05,2.304891951237331,0.01,3.117045310767072,3.117045310767072,0.9061862826347351,0.9303072690963745,0.9368019104003906,0.8467701077461243
sub-cp031_ses-20211216_level-04B_run-004,sub-cp031,2,2000,46,51,50,3,3,4.0,0.05,3.262990931790954,0.01,4.162713392350452,4.0,0.848932683467865,0.8537285923957825,0.8796252012252808,0.9352132678031921
sub-cp031_ses-20211216_level-04B_run-006,sub-cp031,2,2000,46,51,50,3,3,4.0,0.05,3.077123928587387,0.01,3.921764146730471,3.921764146730471,0.8563125133514404,0.8529912829399109,0.8776739835739136,0.9185339212417603
sub-cp031_ses-20211216_level-04B_run-009,sub-cp031,2,2000,46,51,50,3,3,4.0,0.05,3.1537690591253913,0.01,3.8331470255440308,3.8331470255440308,0.8538348078727722,0.8521485924720764,0.8704882264137268,0.9245894551277161
sub-cp038_ses-20220112_level-01B_run-001,sub-cp038,2,2000,46,51,50,0,0,1.0,0.05,2.1632857945825466,0.01,1.1001351229364862,1.1001351229364862,0.8390485644340515,0.8297911882400513,0.8287191987037659,0.7846208810806274
sub-cp038_ses-20220112_level-01B_run-007,sub-cp038,2,2000,46,51,50,0,0,1.0,0.05,2.072711330064106,0.01,0.999266026024513,1.0,0.8352653980255127,0.8039577007293701,0.7956835031509399,0.7840099930763245
sub-cp038_ses-20220112_level-01B_run-012,sub-cp038,2,2000,46,51,50,0,0,1.0,0.05,2.107200299215373,0.01,0.962418988758547,1.0,0.84320467710495,0.819152295589447,0.8131365776062012,0.792323112487793
sub-cp038_ses-20220112_level-02B_run-003,sub-cp038,2,2000,46,51,50,1,0,2.0,0.05,2.15867496303619,0.01,1.3903533873377212,1.3903533873377212,0.8845530152320862,0.8736633062362671,0.8613512516021729,0.8401302695274353
sub-cp038_ses-20220112_level-02B_run-008,sub-cp038,2,2000,46,51,50,1,0,2.0,0.05,2.0579137755842645,0.01,1.2886992624420348,1.2886992624420348,0.8497852683067322,0.823866069316864,0.8181827664375305,0.7903577089309692
sub-cp038_ses-20220112_level-02B_run-010,sub-cp038,2,2000,46,51,50,1,0,2.0,0.05,2.0949413719800942,0.01,0.704998020244189,1.0,0.8455758094787598,0.8164926171302795,0.8053452372550964,0.7985115051269531
sub-cp038_ses-20220112_level-03B_run-002,sub-cp038,2,2000,46,51,50,2,2,3.0,0.05,2.4207715697460843,0.01,2.162995691520347,2.162995691520347,0.8687010407447815,0.8768496513366699,0.8861919641494751,0.8503556847572327
sub-cp038_ses-20220112_level-03B_run-005,sub-cp038,2,2000,46,51,50,2,0,3.0,0.05,2.3700902292153065,0.01,1.8370104111313483,1.8370104111313483,0.8242089748382568,0.8215223550796509,0.8203358054161072,0.8062403202056885
sub-cp038_ses-20220112_level-03B_run-011,sub-cp038,2,2000,46,51,50,2,3,3.0,0.05,2.645525621310275,0.01,2.689841581917318,2.689841581917318,0.8414196968078613,0.8235500454902649,0.8487963080406189,0.8523741960525513
sub-cp038_ses-20220112_level-04B_run-004,sub-cp038,2,2000,46,51,50,3,3,4.0,0.05,3.165473728254257,0.01,3.374252796760206,3.374252796760206,0.7823278307914734,0.7756752371788025,0.7964774370193481,0.8526397943496704
sub-cp038_ses-20220112_level-04B_run-006,sub-cp038,2,2000,46,51,50,3,3,4.0,0.05,3.179661011053563,0.01,3.433277028807777,3.433277028807777,0.7955155968666077,0.7866564393043518,0.8103107213973999,0.8667428493499756
sub-cp038_ses-20220112_level-04B_run-009,sub-cp038,2,2000,46,51,50,3,3,4.0,0.05,3.0456350330779687,0.01,3.246450247952718,3.246450247952718,0.8168291449546814,0.8035890460014343,0.824803352355957,0.8724266290664673
sub-cp009_ses-20210129_level-01B_run-001,sub-cp009,2,5000,46,51,50,0,3,1.0,0.05,2.5479228641928344,0.01,1.4831611160941691,1.4831611160941691,0.8020889759063721,0.7883489727973938,0.8008391261100769,0.8044824004173279
sub-cp009_ses-20210129_level-01B_run-007,sub-cp009,2,5000,46,51,50,0,2,1.0,0.05,2.448646478274085,0.01,1.5606316192705234,1.5606316192705234,0.8524349331855774,0.8462083339691162,0.8528064489364624,0.8431833386421204
sub-cp009_ses-20210129_level-01B_run-012,sub-cp009,2,5000,46,51,50,0,2,1.0,0.05,2.3902861908040225,0.01,1.706291751515476,1.706291751515476,0.8659031987190247,0.8627184629440308,0.8679346442222595,0.8478333950042725
sub-cp009_ses-20210129_level-02B_run-003,sub-cp009,2,5000,46,51,50,1,1,2.0,0.05,2.3047042808890232,0.01,1.4179380326342377,1.4179380326342377,0.8487908840179443,0.8575735092163086,0.8511446714401245,0.8192568421363831
sub-cp009_ses-20210129_level-02B_run-008,sub-cp009,2,5000,46,51,50,1,2,2.0,0.05,2.5117659943253394,0.01,1.8454815988304947,1.8454815988304947,0.8390733003616333,0.8408841490745544,0.848063051700592,0.838047206401825
sub-cp009_ses-20210129_level-02B_run-010,sub-cp009,2,5000,46,51,50,1,1,2.0,0.05,2.1631521480149805,0.01,1.6690309656318725,1.6690309656318725,0.8540865182876587,0.8653963804244995,0.852451503276825,0.7944954037666321
sub-cp009_ses-20210129_level-03B_run-002,sub-cp009,2,5000,46,51,50,2,3,3.0,0.05,2.9097379389044695,0.01,3.0820053102871157,3.0820053102871157,0.8062444925308228,0.8038575649261475,0.8260564208030701,0.850517749786377
sub-cp009_ses-20210129_level-03B_run-005,sub-cp009,2,5000,46,51,50,2,2,3.0,0.05,2.683627564891741,0.01,2.7854521694905108,2.7854521694905108,0.8473523855209351,0.8503832817077637,0.8683971762657166,0.8664335608482361
sub-cp009_ses-20210129_level-03B_run-011,sub-cp009,2,5000,46,51,50,2,2,3.0,0.05,2.5655729673838756,0.01,2.7836359590933206,2.7836359590933206,0.8721258044242859,0.8851642608642578,0.9027140140533447,0.874317467212677
sub-cp009_ses-20210129_level-04B_run-004,sub-cp009,2,5000,46,51,50,3,3,4.0,0.05,3.124532035920663,0.01,3.278677886984938,3.278677886984938,0.7869052290916443,0.7796616554260254,0.8019200563430786,0.8527265191078186
sub-cp009_ses-20210129_level-04B_run-006,sub-cp009,2,5000,46,51,50,3,3,4.0,0.05,3.1780166574066104,0.01,3.5623430574937083,3.5623430574937083,0.7938631176948547,0.7895192503929138,0.8178603649139404,0.8669514060020447
sub-cp009_ses-20210129_level-04B_run-009,sub-cp009,2,5000,46,51,50,3,3,4.0,0.05,3.2254174997494034,0.01,3.5270007598316035,3.5270007598316035,0.7994251251220703,0.7897301316261292,0.8155747652053833,0.8754905462265015
sub-cp013_ses-20210319_level-01B_run-001,sub-cp013,2,5000,46,51,50,0,3,1.0,0.05,2.8464273673712563,0.01,2.7416835509583084,2.7416835509583084,0.8586896061897278,0.8504465818405151,0.8743559718132019,0.8943548798561096
sub-cp013_ses-20210319_level-01B_run-007,sub-cp013,2,5000,46,51,50,0,0,1.0,0.05,2.5125737458587274,0.01,1.882620231643746,1.882620231643746,0.827629566192627,0.7996087670326233,0.8153865337371826,0.8254392743110657
sub-cp013_ses-20210319_level-01B_run-012,sub-cp013,2,5000,46,51,50,0,0,1.0,0.05,2.3583891330081794,0.01,1.6599102792098648,1.6599102792098648,0.8739904761314392,0.8522282838821411,0.8568937182426453,0.8555165529251099
sub-cp013_ses-20210319_level-02B_run-003,sub-cp013,2,5000,46,51,50,1,3,2.0,0.05,2.841918177055783,0.01,2.8603757112180492,2.8603757112180492,0.8304212093353271,0.837331235408783,0.8567538857460022,0.8697096705436707
sub-cp013_ses-20210319_level-02B_run-008,sub-cp013,2,5000,46,51,50,1,3,2.0,0.05,3.0842869790515777,0.01,3.5256239078804876,3.5256239078804876,0.7803949117660522,0.7893084287643433,0.8146497011184692,0.848108172416687
sub-cp013_ses-20210319_level-02B_run-010,sub-cp013,2,5000,46,51,50,1,3,2.0,0.05,2.5697672627398163,0.01,2.525364345210797,2.525364345210797,0.8454664349555969,0.8305099606513977,0.8454654812812805,0.8498730659484863
sub-cp013_ses-20210319_level-03B_run-002,sub-cp013,2,5000,46,51,50,2,3,3.0,0.05,2.7983912878240735,0.01,3.1646232501225615,3.1646232501225615,0.8178480267524719,0.8161927461624146,0.8386623859405518,0.8495454788208008
sub-cp013_ses-20210319_level-03B_run-005,sub-cp013,2,5000,46,51,50,2,3,3.0,0.05,3.023061822732769,0.01,3.5919584512351483,3.5919584512351483,0.7546305060386658,0.7599359154701233,0.7875770330429077,0.8140361309051514
sub-cp013_ses-20210319_level-03B_run-011,sub-cp013,2,5000,46,51,50,2,3,3.0,0.05,3.028181042580562,0.01,3.7254426527473337,3.7254426527473337,0.8080239295959473,0.8091078996658325,0.8346127867698669,0.8664546608924866
sub-cp013_ses-20210319_level-04B_run-004,sub-cp013,2,5000,46,51,50,3,3,4.0,0.05,3.080935225449401,0.01,3.3245246915221123,3.3245246915221123,0.6836453676223755,0.677627682685852,0.7025459408760071,0.7453529834747314
sub-cp013_ses-20210319_level-04B_run-006,sub-cp013,2,5000,46,51,50,3,3,4.0,0.05,3.182547174563621,0.01,3.6983299195094337,3.6983299195094337,0.8093132376670837,0.7991870641708374,0.8236954808235168,0.8804576396942139
sub-cp013_ses-20210319_level-04B_run-009,sub-cp013,2,5000,46,51,50,3,3,4.0,0.05,3.1382086763509545,0.01,3.6294758850200095,3.6294758850200095,0.7882797718048096,0.7791239619255066,0.7993063926696777,0.8547767400741577
sub-cp015_ses-20210504_level-01B_run-001,sub-cp015,2,5000,46,51,50,0,0,1.0,0.05,1.8302355140158693,0.01,0.5254573331213628,1.0,0.8946509957313538,0.8770356774330139,0.8491440415382385,0.7845823764801025
sub-cp015_ses-20210504_level-01B_run-007,sub-cp015,2,5000,46,51,50,0,0,1.0,0.05,1.9807680104492373,0.01,0.9833614719558611,1.0,0.9150238037109375,0.9025073051452637,0.8824874758720398,0.838163435459137
sub-cp015_ses-20210504_level-01B_run-012,sub-cp015,2,5000,46,51,50,0,0,1.0,0.05,1.9939791961127942,0.01,1.3831541916075198,1.3831541916075198,0.9136919379234314,0.8938304781913757,0.8765447735786438,0.8453498482704163
sub-cp015_ses-20210504_level-02B_run-003,sub-cp015,2,5000,46,51,50,1,1,2.0,0.05,1.981808303426738,0.01,1.7546868575672678,1.7546868575672678,0.9108895659446716,0.9244892001152039,0.8930659294128418,0.8054652214050293
sub-cp015_ses-20210504_level-02B_run-008,sub-cp015,2,5000,46,51,50,1,1,2.0,0.05,2.088335222972353,0.01,1.4375589381405174,1.4375589381405174,0.9097921252250671,0.918427050113678,0.9017674922943115,0.8336402177810669
sub-cp015_ses-20210504_level-02B_run-010,sub-cp015,2,5000,46,51,50,1,0,2.0,0.05,2.066088662142929,0.01,1.6102488003819742,1.6102488003819742,0.9111133217811584,0.902633786201477,0.8910169005393982,0.8431833386421204
sub-cp015_ses-20210504_level-03B_run-002,sub-cp015,2,5000,46,51,50,2,2,3.0,0.05,2.3149410448780072,0.01,2.941388969805818,2.941388969805818,0.8781993389129639,0.8999137282371521,0.9052470326423645,0.8285674452781677
sub-cp015_ses-20210504_level-03B_run-005,sub-cp015,2,5000,46,51,50,2,2,3.0,0.05,2.388665908760667,0.01,3.062798123422734,3.062798123422734,0.8995843529701233,0.9057334065437317,0.9159599542617798,0.8747190833091736
sub-cp015_ses-20210504_level-03B_run-011,sub-cp015,2,5000,46,51,50,2,0,3.0,0.05,2.1789431317392536,0.01,2.438137520055726,2.438137520055726,0.915961503982544,0.9086959362030029,0.9095332622528076,0.8614135980606079
sub-cp015_ses-20210504_level-04B_run-004,sub-cp015,2,5000,46,51,50,3,3,4.0,0.05,3.1640504169466954,0.01,4.256917172481647,4.0,0.8489294052124023,0.8506996035575867,0.8760607838630676,0.9226566553115845
sub-cp015_ses-20210504_level-04B_run-006,sub-cp015,2,5000,46,51,50,3,3,4.0,0.05,3.104567151565395,0.01,3.3935001823049116,3.3935001823049116,0.8279172778129578,0.8166671991348267,0.8447610139846802,0.8905397653579712
sub-cp015_ses-20210504_level-04B_run-009,sub-cp015,2,5000,46,51,50,3,3,4.0,0.05,3.132510998994858,0.01,3.8524334324229432,3.8524334324229432,0.8675760626792908,0.8633826375007629,0.8886774778366089,0.9355182647705078
sub-cp020_ses-20210604_level-01B_run-001,sub-cp020,2,5000,46,51,50,0,0,1.0,0.05,2.21461222419828,0.01,1.1759971726991985,1.1759971726991985,0.8662228584289551,0.8443211317062378,0.8325744867324829,0.8348027467727661
sub-cp020_ses-20210604_level-01B_run-007,sub-cp020,2,5000,46,51,50,0,0,1.0,0.05,2.1058745294554044,0.01,1.3375290313104855,1.3375290313104855,0.9185933470726013,0.9185429811477661,0.9063549041748047,0.8531492352485657
sub-cp020_ses-20210604_level-01B_run-012,sub-cp020,2,5000,46,51,50,0,1,1.0,0.05,2.0399938496609966,0.01,1.1870975937406363,1.1870975937406363,0.900788426399231,0.9061867594718933,0.886752188205719,0.815991222858429
sub-cp020_ses-20210604_level-02B_run-003,sub-cp020,2,5000,46,51,50,1,1,2.0,0.05,2.1210107841218586,0.01,2.0100386055213386,2.0100386055213386,0.9116780757904053,0.9230132102966309,0.9089793562889099,0.8390934467315674
sub-cp020_ses-20210604_level-02B_run-008,sub-cp020,2,5000,46,51,50,1,1,2.0,0.05,2.1484682610574977,0.01,1.6064226512925086,1.6064226512925086,0.897506594657898,0.9039095044136047,0.8918827772140503,0.8373813629150391
sub-cp020_ses-20210604_level-02B_run-010,sub-cp020,2,5000,46,51,50,1,1,2.0,0.05,2.0610023019896575,0.01,1.9934663694522206,1.9934663694522206,0.8948108553886414,0.9062816500663757,0.8870909810066223,0.8067334294319153
sub-cp020_ses-20210604_level-03B_run-002,sub-cp020,2,5000,46,51,50,2,3,3.0,0.05,2.8768445180900564,0.01,3.6506857934212364,3.6506857934212364,0.8124032020568848,0.8174684047698975,0.8406307101249695,0.8549563884735107
sub-cp020_ses-20210604_level-03B_run-005,sub-cp020,2,5000,46,51,50,2,2,3.0,0.05,2.3762907365921757,0.01,2.948676857134652,2.948676857134652,0.8872988820075989,0.9033190608024597,0.9137011766433716,0.8541743755340576
sub-cp020_ses-20210604_level-03B_run-011,sub-cp020,2,5000,46,51,50,2,2,3.0,0.05,2.6979518918171346,0.01,3.286122682874777,3.286122682874777,0.8499842286109924,0.8653014898300171,0.8849075436592102,0.8724045753479004
sub-cp020_ses-20210604_level-04B_run-004,sub-cp020,2,5000,46,51,50,3,3,4.0,0.05,3.314031688273793,0.01,3.6898412022366416,3.6898412022366416,0.7837619781494141,0.780462920665741,0.8085887432098389,0.8726688027381897
sub-cp020_ses-20210604_level-04B_run-006,sub-cp020,2,5000,46,51,50,3,3,4.0,0.05,3.2274183136899888,0.01,4.0320422696908516,4.0,0.7806932330131531,0.7787971496582031,0.8017157316207886,0.8597543835639954
sub-cp020_ses-20210604_level-04B_run-009,sub-cp020,2,5000,46,51,50,3,3,4.0,0.05,3.1847856988961634,0.01,4.057809927900166,4.0,0.8073526620864868,0.8062719106674194,0.830772876739502,0.8821591138839722
sub-cp026_ses-20210716_level-01B_run-001,sub-cp026,2,5000,46,51,50,0,1,1.0,0.05,1.891997651132337,0.01,0.8163941075267918,1.0,0.9153860807418823,0.91539067029953,0.8835307955741882,0.797137439250946
sub-cp026_ses-20210716_level-01B_run-007,sub-cp026,2,5000,46,51,50,0,0,1.0,0.05,1.8988768099143505,0.01,1.0869514691863393,1.0869514691863393,0.9275224208831787,0.9143680334091187,0.8909953832626343,0.828641414642334
sub-cp026_ses-20210716_level-01B_run-012,sub-cp026,2,5000,46,51,50,0,0,1.0,0.05,1.8746456235872295,0.01,1.055568145291653,1.055568145291653,0.9307829141616821,0.9139252305030823,0.8900381326675415,0.8306705355644226
sub-cp026_ses-20210716_level-02B_run-003,sub-cp026,2,5000,46,51,50,1,1,2.0,0.05,2.1336457300314264,0.01,1.8278146961669992,1.8278146961669992,0.9150770902633667,0.9186378717422485,0.9032195210456848,0.857809841632843
sub-cp026_ses-20210716_level-02B_run-008,sub-cp026,2,5000,46,51,50,1,1,2.0,0.05,1.9720121170966443,0.01,1.5237619333835015,1.5237619333835015,0.90995192527771,0.9212103486061096,0.8912374377250671,0.8011005520820618
sub-cp026_ses-20210716_level-02B_run-010,sub-cp026,2,5000,46,51,50,1,1,2.0,0.05,2.0836636169212066,0.01,1.6610409571585913,1.6610409571585913,0.9204686284065247,0.9221276044845581,0.90442955493927,0.8538150191307068
sub-cp026_ses-20210716_level-03B_run-002,sub-cp026,2,5000,46,51,50,2,2,3.0,0.05,2.351485848904871,0.01,3.132230239162122,3.132230239162122,0.904070258140564,0.9228761196136475,0.9327446222305298,0.86214280128479
sub-cp026_ses-20210716_level-03B_run-005,sub-cp026,2,5000,46,51,50,2,2,3.0,0.05,2.3108555388113423,0.01,2.719666160013592,2.719666160013592,0.907991349697113,0.9213579297065735,0.9279205799102783,0.8632525205612183
sub-cp026_ses-20210716_level-03B_run-011,sub-cp026,2,5000,46,51,50,2,2,3.0,0.05,2.268313708902101,0.01,2.704274262794646,2.704274262794646,0.9089077115058899,0.9181423783302307,0.9219241142272949,0.8592787981033325
sub-cp026_ses-20210716_level-04B_run-004,sub-cp026,2,5000,46,51,50,3,3,4.0,0.05,3.2305797629287434,0.01,4.2259193239017385,4.0,0.8353546261787415,0.8350223302841187,0.8600828051567078,0.9156182408332825
sub-cp026_ses-20210716_level-04B_run-006,sub-cp026,2,5000,46,51,50,3,3,4.0,0.05,3.086282516359434,0.01,3.585123709780096,3.585123709780096,0.8585937023162842,0.8508471846580505,0.8718014359474182,0.9201414585113525
sub-cp026_ses-20210716_level-04B_run-009,sub-cp026,2,5000,46,51,50,3,3,4.0,0.05,3.175758822013232,0.01,4.070888709992342,4.0,0.8571872115135193,0.8487807512283325,0.8709732294082642,0.928057074546814
sub-cp031_ses-20211216_level-01B_run-001,sub-cp031,2,5000,46,51,50,0,0,1.0,0.05,2.064681682192215,0.01,1.2687109351247567,1.2687109351247567,0.9004154801368713,0.8883903622627258,0.8711291551589966,0.8414290547370911
sub-cp031_ses-20211216_level-01B_run-007,sub-cp031,2,5000,46,51,50,0,0,1.0,0.05,1.908064729573508,0.01,0.5807886262495003,1.0,0.9305698275566101,0.9128287434577942,0.8925926685333252,0.8386390209197998
sub-cp031_ses-20211216_level-02B_run-003,sub-cp031,2,5000,46,51,50,1,1,2.0,0.05,2.0732229130417994,0.01,2.01973416734671,2.01973416734671,0.917154848575592,0.9342519044876099,0.914077639579773,0.8249636888504028
sub-cp031_ses-20211216_level-02B_run-008,sub-cp031,2,5000,46,51,50,1,1,2.0,0.05,2.024426369217079,0.01,1.8202452600449734,1.8202452600449734,0.9273519515991211,0.9332925081253052,0.911625325679779,0.8393153548240662
sub-cp031_ses-20211216_level-02B_run-010,sub-cp031,2,5000,46,51,50,1,1,2.0,0.05,2.1022616293847265,0.01,1.8920386163525287,1.8920386163525287,0.9190195202827454,0.9228761196136475,0.9091407060623169,0.8498625159263611
sub-cp031_ses-20211216_level-02B_run-012,sub-cp031,2,5000,46,51,50,1,0,2.0,0.05,1.8905480583536085,0.01,0.9974604435927252,1.0,0.9329779148101807,0.9227390885353088,0.8980997204780579,0.8261578679084778
sub-cp031_ses-20211216_level-03B_run-002,sub-cp031,2,5000,46,51,50,2,2,3.0,0.05,2.325917910242805,0.01,3.425866658506685,3.425866658506685,0.9014703631401062,0.9299820065498352,0.9363048076629639,0.8457620143890381
sub-cp031_ses-20211216_level-03B_run-005,sub-cp031,2,5000,46,51,50,2,2,3.0,0.05,2.391494111431725,0.01,2.8954946521594724,2.8954946521594724,0.9020776748657227,0.9174992442131042,0.9320777058601379,0.8681244850158691
sub-cp031_ses-20211216_level-03B_run-011,sub-cp031,2,5000,46,51,50,2,2,3.0,0.05,2.316306535122443,0.01,2.973243645002429,2.973243645002429,0.8987745642662048,0.9244681000709534,0.9314592480659485,0.8410379886627197
sub-cp031_ses-20211216_level-04B_run-004,sub-cp031,2,5000,46,51,50,3,3,4.0,0.05,3.2167441064851676,0.01,4.168620206070572,4.0,0.8538734316825867,0.8583537340164185,0.885273277759552,0.9348207712173462
sub-cp031_ses-20211216_level-04B_run-006,sub-cp031,2,5000,46,51,50,3,3,4.0,0.05,3.036575024682268,0.01,4.118801271483057,4.0,0.8635483384132385,0.8632139563560486,0.8866231441497803,0.9223713278770447
sub-cp031_ses-20211216_level-04B_run-009,sub-cp031,2,5000,46,51,50,3,3,4.0,0.05,3.19300277815533,0.01,3.770567704034714,3.770567704034714,0.8541610836982727,0.8530822992324829,0.8741838932037354,0.9296000003814697
sub-cp038_ses-20220112_level-01B_run-001,sub-cp038,2,5000,46,51,50,0,0,1.0,0.05,2.181189593318717,0.01,1.3186832979041183,1.3186832979041183,0.8400322794914246,0.8298773765563965,0.8293638825416565,0.7899193167686462
sub-cp038_ses-20220112_level-01B_run-007,sub-cp038,2,5000,46,51,50,0,0,1.0,0.05,2.0520894718641327,0.01,1.1698657098179925,1.1698657098179925,0.8388601541519165,0.8079060316085815,0.797666072845459,0.7850685119628906
sub-cp038_ses-20220112_level-01B_run-012,sub-cp038,2,5000,46,51,50,0,0,1.0,0.05,2.0864285320868543,0.01,1.359967327502711,1.359967327502711,0.8522751331329346,0.8282116055488586,0.8201675415039062,0.7989869117736816
sub-cp038_ses-20220112_level-02B_run-003,sub-cp038,2,5000,46,51,50,1,0,2.0,0.05,2.173352828707503,0.01,1.3260189168137715,1.3260189168137715,0.8911347985267639,0.8787963390350342,0.8699783086776733,0.8477699756622314
sub-cp038_ses-20220112_level-02B_run-008,sub-cp038,2,5000,46,51,50,1,0,2.0,0.05,2.0312235374262726,0.01,1.324694317327835,1.324694317327835,0.856302797794342,0.8294451236724854,0.821447491645813,0.794062077999115
sub-cp038_ses-20220112_level-02B_run-010,sub-cp038,2,5000,46,51,50,1,0,2.0,0.05,2.1756395527500247,0.01,1.1795368985163683,1.1795368985163683,0.8429624438285828,0.8144320845603943,0.8084596991539001,0.8054441213607788
sub-cp038_ses-20220112_level-03B_run-002,sub-cp038,2,5000,46,51,50,2,2,3.0,0.05,2.486669457235987,0.01,2.1610200487464355,2.1610200487464355,0.8700160980224609,0.8790704607963562,0.8908717036247253,0.8620688319206238
sub-cp038_ses-20220112_level-03B_run-005,sub-cp038,2,5000,46,51,50,2,2,3.0,0.05,2.4102524088429775,0.01,2.0132233245212268,2.0132233245212268,0.8225682973861694,0.8229823708534241,0.8263199329376221,0.8080121874809265
sub-cp038_ses-20220112_level-03B_run-011,sub-cp038,2,5000,46,51,50,2,2,3.0,0.05,2.593983539757256,0.01,2.829883836810006,2.829883836810006,0.8509219288825989,0.8332089185714722,0.8573723435401917,0.8557596206665039
sub-cp038_ses-20220112_level-04B_run-004,sub-cp038,2,5000,46,51,50,3,3,4.0,0.05,3.129729571500894,0.01,3.8815716251143386,3.8815716251143386,0.7946942448616028,0.7863563895225525,0.8095621466636658,0.8607372641563416
sub-cp038_ses-20220112_level-04B_run-006,sub-cp038,2,5000,46,51,50,3,3,4.0,0.05,3.2037333267369306,0.01,3.7328976634613897,3.7328976634613897,0.8014496564865112,0.7918702960014343,0.8184519410133362,0.8752474784851074
sub-cp038_ses-20220112_level-04B_run-009,sub-cp038,2,5000,46,51,50,3,3,4.0,0.05,3.0335443005438236,0.01,3.6615855953427725,3.6615855953427725,0.8237084150314331,0.8061137199401855,0.8311870098114014,0.8768855333328247
sub-cp009_ses-20210129_level-01B_run-001,sub-cp009,2,10000,46,51,50,0,3,1.0,0.05,2.60833045320972,0.01,1.4857066519517512,1.4857066519517512,0.7983891367912292,0.7846985459327698,0.7976161241531372,0.8079608082771301
sub-cp009_ses-20210129_level-01B_run-007,sub-cp009,2,10000,46,51,50,0,0,1.0,0.05,2.46491088928104,0.01,1.5203126529140647,1.5203126529140647,0.8498958349227905,0.8419375419616699,0.8482385277748108,0.8432403206825256
sub-cp009_ses-20210129_level-01B_run-012,sub-cp009,2,10000,46,51,50,0,2,1.0,0.05,2.407544756758898,0.01,1.716653816867539,1.716653816867539,0.8657498359680176,0.8611805438995361,0.8662437796592712,0.8508108258247375
sub-cp009_ses-20210129_level-02B_run-003,sub-cp009,2,10000,46,51,50,1,1,2.0,0.05,2.28633886756702,0.01,1.4724967923239412,1.4724967923239412,0.8480858206748962,0.8563382029533386,0.8482599854469299,0.8163236975669861
sub-cp009_ses-20210129_level-02B_run-008,sub-cp009,2,10000,46,51,50,1,2,2.0,0.05,2.5377278854912997,0.01,2.0442870433323117,2.0442870433323117,0.8368048667907715,0.8388708829879761,0.8472059369087219,0.8390350937843323
sub-cp009_ses-20210129_level-02B_run-010,sub-cp009,2,10000,46,51,50,1,1,2.0,0.05,2.1751154866344087,0.01,1.6401646174868725,1.6401646174868725,0.8451524376869202,0.8562697172164917,0.8448047041893005,0.7873784303665161
sub-cp009_ses-20210129_level-03B_run-002,sub-cp009,2,10000,46,51,50,2,3,3.0,0.05,2.8636464682776954,0.01,3.05262116077855,3.05262116077855,0.8122466802597046,0.8084835410118103,0.8294695615768433,0.8511119484901428
sub-cp009_ses-20210129_level-03B_run-005,sub-cp009,2,10000,46,51,50,2,3,3.0,0.05,2.729618414564641,0.01,2.9010864219562196,2.9010864219562196,0.8459882736206055,0.8491247296333313,0.8680615425109863,0.8707855939865112
sub-cp009_ses-20210129_level-03B_run-011,sub-cp009,2,10000,46,51,50,2,2,3.0,0.05,2.5565013428535908,0.01,2.5744395653646723,2.5744395653646723,0.8719785213470459,0.883964478969574,0.8999069333076477,0.8735116124153137
sub-cp009_ses-20210129_level-04B_run-004,sub-cp009,2,10000,46,51,50,3,3,4.0,0.05,3.1422254242656376,0.01,3.173341352799696,3.173341352799696,0.7913937568664551,0.7818478941917419,0.8016549348831177,0.8581593632698059
sub-cp009_ses-20210129_level-04B_run-006,sub-cp009,2,10000,46,51,50,3,3,4.0,0.05,3.1791342257650266,0.01,3.6568128975498437,3.6568128975498437,0.7949340343475342,0.7899202704429626,0.8173665404319763,0.8678166270256042
sub-cp009_ses-20210129_level-04B_run-009,sub-cp009,2,10000,46,51,50,3,3,4.0,0.05,3.2393339049758483,0.01,3.7185905241001525,3.7185905241001525,0.8012479543685913,0.7902838587760925,0.8153175115585327,0.8782979846000671
sub-cp013_ses-20210319_level-01B_run-001,sub-cp013,2,10000,46,51,50,0,3,1.0,0.05,2.8819130144020186,0.01,2.7685729047601733,2.7685729047601733,0.8573223948478699,0.8449989557266235,0.8686047196388245,0.8959958553314209
sub-cp013_ses-20210319_level-01B_run-007,sub-cp013,2,10000,46,51,50,0,3,1.0,0.05,2.536259704538449,0.01,2.0668312039973733,2.0668312039973733,0.8247200846672058,0.7949681282043457,0.8101520538330078,0.8254579305648804
sub-cp013_ses-20210319_level-01B_run-012,sub-cp013,2,10000,46,51,50,0,0,1.0,0.05,2.3435194694912416,0.01,1.6104466315657,1.6104466315657,0.87984699010849,0.8568809032440186,0.8609223365783691,0.8598710298538208
sub-cp013_ses-20210319_level-02B_run-003,sub-cp013,2,10000,46,51,50,1,3,2.0,0.05,2.8130035128894013,0.01,2.869330097340916,2.869330097340916,0.8374437093734741,0.8426488637924194,0.8614547252655029,0.8729146718978882
sub-cp013_ses-20210319_level-02B_run-008,sub-cp013,2,10000,46,51,50,1,3,2.0,0.05,3.0263816587348096,0.01,3.5459104398909034,3.5459104398909034,0.7919208407402039,0.7977660894393921,0.8211337924003601,0.8518409729003906
sub-cp013_ses-20210319_level-02B_run-010,sub-cp013,2,10000,46,51,50,1,3,2.0,0.05,2.5840562636171263,0.01,2.4872771726987697,2.4872771726987697,0.8409680128097534,0.8242489099502563,0.8407927751541138,0.8466901183128357
sub-cp013_ses-20210319_level-03B_run-002,sub-cp013,2,10000,46,51,50,2,3,3.0,0.05,2.810453151919873,0.01,2.9893676197832386,2.9893676197832386,0.8203972578048706,0.8187057375907898,0.8405776619911194,0.853584349155426
sub-cp013_ses-20210319_level-03B_run-005,sub-cp013,2,10000,46,51,50,2,3,3.0,0.05,2.980012161950162,0.01,3.743665745446597,3.743665745446597,0.7623264193534851,0.7674314379692078,0.7928754687309265,0.8167410492897034
sub-cp013_ses-20210319_level-03B_run-011,sub-cp013,2,10000,46,51,50,2,3,3.0,0.05,2.9712867819498934,0.01,3.5622553106622994,3.5622553106622994,0.8174958825111389,0.8174675107002258,0.8419920206069946,0.8692324161529541
sub-cp013_ses-20210319_level-04B_run-004,sub-cp013,2,10000,46,51,50,3,3,4.0,0.05,3.0654207856556495,0.01,3.563838466905506,3.563838466905506,0.6899135112762451,0.681090772151947,0.7035050988197327,0.7489608526229858
sub-cp013_ses-20210319_level-04B_run-006,sub-cp013,2,10000,46,51,50,3,3,4.0,0.05,3.1495348041970077,0.01,3.5699339791340163,3.5699339791340163,0.8158508539199829,0.8022448420524597,0.8229730129241943,0.882070004940033
sub-cp013_ses-20210319_level-04B_run-009,sub-cp013,2,10000,46,51,50,3,3,4.0,0.05,3.1011863252900342,0.01,3.333806191490118,3.333806191490118,0.7929003834724426,0.7821640372276306,0.801267683506012,0.8549526333808899
sub-cp015_ses-20210504_level-01B_run-001,sub-cp015,2,10000,46,51,50,0,0,1.0,0.05,1.8494538171892052,0.01,0.6677717239401022,1.0,0.899278461933136,0.8820728659629822,0.857079803943634,0.7912772297859192
sub-cp015_ses-20210504_level-01B_run-007,sub-cp015,2,10000,46,51,50,0,0,1.0,0.05,2.0039060657471945,0.01,1.0715654726968227,1.0715654726968227,0.9149194359779358,0.9033918976783752,0.8845421671867371,0.8420146703720093
sub-cp015_ses-20210504_level-01B_run-012,sub-cp015,2,10000,46,51,50,0,0,1.0,0.05,2.0179897585513378,0.01,1.3162757546928359,1.3162757546928359,0.9158990383148193,0.8954513072967529,0.8800569772720337,0.8518409729003906
sub-cp015_ses-20210504_level-02B_run-003,sub-cp015,2,10000,46,51,50,1,1,2.0,0.05,1.9989796058684524,0.01,1.857408822536159,1.857408822536159,0.9118849635124207,0.9255909323692322,0.8974572420120239,0.8073902726173401
sub-cp015_ses-20210504_level-02B_run-008,sub-cp015,2,10000,46,51,50,1,1,2.0,0.05,2.100447931722117,0.01,1.4676931764982581,1.4676931764982581,0.9100483059883118,0.9192942976951599,0.9038193225860596,0.8354321122169495
sub-cp015_ses-20210504_level-02B_run-010,sub-cp015,2,10000,46,51,50,1,0,2.0,0.05,2.087881763144338,0.01,1.6872075182686088,1.6872075182686088,0.9129124283790588,0.90704345703125,0.8958868980407715,0.8475300669670105
sub-cp015_ses-20210504_level-03B_run-002,sub-cp015,2,10000,46,51,50,2,2,3.0,0.05,2.3053752063986597,0.01,2.9199705658081783,2.9199705658081783,0.8765302896499634,0.896547257900238,0.9003936052322388,0.8279673457145691
sub-cp015_ses-20210504_level-03B_run-005,sub-cp015,2,10000,46,51,50,2,2,3.0,0.05,2.3552272430379775,0.01,3.0354655108266106,3.0354655108266106,0.8988099694252014,0.9023433327674866,0.9109397530555725,0.8694701790809631
sub-cp015_ses-20210504_level-03B_run-011,sub-cp015,2,10000,46,51,50,2,0,3.0,0.05,2.1708832319408353,0.01,2.397627832762348,2.397627832762348,0.918704628944397,0.9108899831771851,0.9113941788673401,0.8630302548408508
sub-cp015_ses-20210504_level-04B_run-004,sub-cp015,2,10000,46,51,50,3,3,4.0,0.05,3.1390666376259357,0.01,4.281791240957585,4.0,0.8546605706214905,0.8529132604598999,0.8770023584365845,0.9241592288017273
sub-cp015_ses-20210504_level-04B_run-006,sub-cp015,2,10000,46,51,50,3,3,4.0,0.05,3.1111183400254703,0.01,3.4820169012316757,3.4820169012316757,0.8294422030448914,0.817841649055481,0.844452440738678,0.8925777673721313
sub-cp015_ses-20210504_level-04B_run-009,sub-cp015,2,10000,46,51,50,3,3,4.0,0.05,3.1297610638516105,0.01,3.883688726761534,3.883688726761534,0.8695509433746338,0.8632408380508423,0.8866395950317383,0.9363206028938293
sub-cp020_ses-20210604_level-01B_run-001,sub-cp020,2,10000,46,51,50,0,0,1.0,0.05,2.3068139820748588,0.01,1.228239006896032,1.228239006896032,0.8639983534812927,0.8409891128540039,0.832491934299469,0.843837320804596
sub-cp020_ses-20210604_level-01B_run-007,sub-cp020,2,10000,46,51,50,0,0,1.0,0.05,2.1113404397662228,0.01,1.2446567036546483,1.2446567036546483,0.9173949956893921,0.9171655178070068,0.9058495163917542,0.8525911569595337
sub-cp020_ses-20210604_level-01B_run-012,sub-cp020,2,10000,46,51,50,0,1,1.0,0.05,2.062252798794707,0.01,1.2392587880375978,1.2392587880375978,0.899890661239624,0.906606137752533,0.889237105846405,0.8178610801696777
sub-cp020_ses-20210604_level-02B_run-003,sub-cp020,2,10000,46,51,50,1,1,2.0,0.05,2.1527558152695927,0.01,2.147810746641151,2.147810746641151,0.9075940847396851,0.92039555311203,0.9094285368919373,0.8392834067344666
sub-cp020_ses-20210604_level-02B_run-008,sub-cp020,2,10000,46,51,50,1,1,2.0,0.05,2.152480129719014,0.01,1.66902959563777,1.66902959563777,0.8975855112075806,0.9025119543075562,0.8914393782615662,0.8388977646827698
sub-cp020_ses-20210604_level-02B_run-010,sub-cp020,2,10000,46,51,50,1,1,2.0,0.05,2.0778625850300543,0.01,2.0501916708814716,2.0501916708814716,0.8908669948577881,0.9048357009887695,0.8870536684989929,0.8022129535675049
sub-cp020_ses-20210604_level-03B_run-002,sub-cp020,2,10000,46,51,50,2,3,3.0,0.05,2.8541479371389977,0.01,3.3120242552067105,3.3120242552067105,0.814030110836029,0.8195857405662537,0.8428794145584106,0.8540070056915283
sub-cp020_ses-20210604_level-03B_run-005,sub-cp020,2,10000,46,51,50,2,2,3.0,0.05,2.3742153727012503,0.01,2.840284847599354,2.840284847599354,0.8872362375259399,0.9030125141143799,0.9139164090156555,0.8530296087265015
sub-cp020_ses-20210604_level-03B_run-011,sub-cp020,2,10000,46,51,50,2,2,3.0,0.05,2.6842901405339985,0.01,3.129423252203858,3.129423252203858,0.8561565279960632,0.8687787055969238,0.8879948258399963,0.8762957453727722
sub-cp020_ses-20210604_level-04B_run-004,sub-cp020,2,10000,46,51,50,3,3,4.0,0.05,3.321049140883292,0.01,3.871489606063098,3.871489606063098,0.7847391366958618,0.7813420295715332,0.8090522289276123,0.8743727207183838
sub-cp020_ses-20210604_level-04B_run-006,sub-cp020,2,10000,46,51,50,3,3,4.0,0.05,3.2342875590113653,0.01,4.1715931164274265,4.0,0.7825031876564026,0.7775008082389832,0.8009853959083557,0.8611336946487427
sub-cp020_ses-20210604_level-04B_run-009,sub-cp020,2,10000,46,51,50,3,3,4.0,0.05,3.155941596319553,0.01,4.09223387809484,4.0,0.8135510087013245,0.809758722782135,0.833564817905426,0.8840933442115784
sub-cp026_ses-20210716_level-01B_run-001,sub-cp026,2,10000,46,51,50,0,0,1.0,0.05,1.9089563423736005,0.01,0.9554970548463633,1.0,0.9169744253158569,0.9166333675384521,0.8882421851158142,0.8007020354270935
sub-cp026_ses-20210716_level-01B_run-007,sub-cp026,2,10000,46,51,50,0,0,1.0,0.05,1.8947873856847155,0.01,1.0550590319792401,1.0550590319792401,0.9282127022743225,0.913334846496582,0.8909661173820496,0.8294306993484497
sub-cp026_ses-20210716_level-01B_run-012,sub-cp026,2,10000,46,51,50,0,0,1.0,0.05,1.8670254954314205,0.01,1.0455410143043806,1.0455410143043806,0.9317370057106018,0.9132189154624939,0.8898501992225647,0.8310948610305786
sub-cp026_ses-20210716_level-02B_run-003,sub-cp026,2,10000,46,51,50,1,1,2.0,0.05,2.146026230716489,0.01,1.7996477595250437,1.7996477595250437,0.9176025986671448,0.920722246170044,0.9077452421188354,0.8612182140350342
sub-cp026_ses-20210716_level-02B_run-008,sub-cp026,2,10000,46,51,50,1,1,2.0,0.05,1.9713511839621853,0.01,1.5500432647070301,1.5500432647070301,0.9090474247932434,0.9190677404403687,0.8905600905418396,0.7992386817932129
sub-cp026_ses-20210716_level-02B_run-010,sub-cp026,2,10000,46,51,50,1,1,2.0,0.05,2.0908747796948903,0.01,1.60272494414922,1.60272494414922,0.9186673164367676,0.9199107885360718,0.9034966826438904,0.85294508934021
sub-cp026_ses-20210716_level-03B_run-002,sub-cp026,2,10000,46,51,50,2,2,3.0,0.05,2.3421110837249977,0.01,3.21611077910738,3.21611077910738,0.9050919413566589,0.9222134351730347,0.9319297671318054,0.8618838787078857
sub-cp026_ses-20210716_level-03B_run-005,sub-cp026,2,10000,46,51,50,2,2,3.0,0.05,2.301846672739537,0.01,2.6431976067819516,2.6431976067819516,0.9102452397346497,0.9224821329116821,0.9281517863273621,0.8651117086410522
sub-cp026_ses-20210716_level-03B_run-011,sub-cp026,2,10000,46,51,50,2,2,3.0,0.05,2.25411036169511,0.01,2.727512273108526,2.727512273108526,0.9107776284217834,0.9190360903739929,0.9218865036964417,0.859205424785614
sub-cp026_ses-20210716_level-04B_run-004,sub-cp026,2,10000,46,51,50,3,3,4.0,0.05,3.200510951174052,0.01,4.117820323318149,4.0,0.8412874341011047,0.8369318246841431,0.860481321811676,0.9164566993713379
sub-cp026_ses-20210716_level-04B_run-006,sub-cp026,2,10000,46,51,50,3,3,4.0,0.05,3.043698238824031,0.01,3.5915529574702534,3.5915529574702534,0.8627419471740723,0.8512955904006958,0.8725736141204834,0.9186755418777466
sub-cp026_ses-20210716_level-04B_run-009,sub-cp026,2,10000,46,51,50,3,3,4.0,0.05,3.147836121109764,0.01,3.9833352781601676,3.9833352781601676,0.8611714243888855,0.8496463298797607,0.8712506294250488,0.9279524087905884
sub-cp031_ses-20211216_level-01B_run-001,sub-cp031,2,10000,46,51,50,0,0,1.0,0.05,2.1198772813400764,0.01,1.3925053165635704,1.3925053165635704,0.9002580046653748,0.8892336487770081,0.8751173615455627,0.8496802449226379
sub-cp031_ses-20211216_level-01B_run-007,sub-cp031,2,10000,46,51,50,0,0,1.0,0.05,1.9358804525594828,0.01,0.6905904679592292,1.0,0.9298843741416931,0.9131873250007629,0.8954539895057678,0.8419354557991028
sub-cp031_ses-20211216_level-02B_run-003,sub-cp031,2,10000,46,51,50,1,1,2.0,0.05,2.068120884680382,0.01,2.035932360577365,2.035932360577365,0.9202005863189697,0.936008095741272,0.9168177843093872,0.8254948854446411
sub-cp031_ses-20211216_level-02B_run-008,sub-cp031,2,10000,46,51,50,1,1,2.0,0.05,2.04535490527976,0.01,1.8116803279168918,1.8116803279168918,0.9275206327438354,0.9333471655845642,0.9150296449661255,0.8419037461280823
sub-cp031_ses-20211216_level-02B_run-010,sub-cp031,2,10000,46,51,50,1,1,2.0,0.05,2.108446407854315,0.01,1.7723948435534285,1.7723948435534285,0.9197746515274048,0.9223819971084595,0.9101249575614929,0.8519941568374634
sub-cp031_ses-20211216_level-02B_run-012,sub-cp031,2,10000,46,51,50,1,0,2.0,0.05,1.9006171768020896,0.01,0.9559837108458127,1.0,0.9335950016975403,0.922366201877594,0.899982213973999,0.8291454315185547
sub-cp031_ses-20211216_level-03B_run-002,sub-cp031,2,10000,46,51,50,2,2,3.0,0.05,2.3056147525162682,0.01,3.2960537046437977,3.2960537046437977,0.9042827486991882,0.9302805066108704,0.9362132549285889,0.8437157869338989
sub-cp031_ses-20211216_level-03B_run-005,sub-cp031,2,10000,46,51,50,2,2,3.0,0.05,2.389976274657922,0.01,3.004704342297175,3.004704342297175,0.9011683464050293,0.9136193990707397,0.92799311876297,0.8690580725669861
sub-cp031_ses-20211216_level-03B_run-011,sub-cp031,2,10000,46,51,50,2,2,3.0,0.05,2.30212379687824,0.01,2.956198321868638,2.956198321868638,0.9017432928085327,0.926755428314209,0.9328843355178833,0.8405566215515137
sub-cp031_ses-20211216_level-04B_run-004,sub-cp031,2,10000,46,51,50,3,3,4.0,0.05,3.192431284146143,0.01,4.1348729170835234,4.0,0.8573543429374695,0.8598527312278748,0.884421169757843,0.9344820976257324
sub-cp031_ses-20211216_level-04B_run-006,sub-cp031,2,10000,46,51,50,3,3,4.0,0.05,3.0173341884865197,0.01,4.030030439228183,4.0,0.8655581474304199,0.8648374080657959,0.8887907266616821,0.9221517443656921
sub-cp031_ses-20211216_level-04B_run-009,sub-cp031,2,10000,46,51,50,3,3,4.0,0.05,3.1827967709503926,0.01,3.883950853188986,3.883950853188986,0.853755533695221,0.852807879447937,0.8738642930984497,0.9281267523765564
sub-cp038_ses-20220112_level-01B_run-001,sub-cp038,2,10000,46,51,50,0,0,1.0,0.05,2.22533056571985,0.01,1.542511610527245,1.542511610527245,0.8364588618278503,0.8271838426589966,0.8283724784851074,0.7936281561851501
sub-cp038_ses-20220112_level-01B_run-007,sub-cp038,2,10000,46,51,50,0,0,1.0,0.05,2.0744924670337817,0.01,1.0193053250870343,1.0193053250870343,0.8333977460861206,0.799109697341919,0.790560245513916,0.7841505408287048
sub-cp038_ses-20220112_level-01B_run-012,sub-cp038,2,10000,46,51,50,0,0,1.0,0.05,2.0755621494482117,0.01,1.340561547394123,1.340561547394123,0.8528292179107666,0.826583206653595,0.8190874457359314,0.7985202074050903
sub-cp038_ses-20220112_level-02B_run-003,sub-cp038,2,10000,46,51,50,1,0,2.0,0.05,2.212208056198459,0.01,1.2647274512918867,1.2647274512918867,0.8898981213569641,0.8778838515281677,0.8697555661201477,0.8528711199760437
sub-cp038_ses-20220112_level-02B_run-008,sub-cp038,2,10000,46,51,50,1,0,2.0,0.05,2.0690229326947316,0.01,1.3919569901486044,1.3919569901486044,0.8617836833000183,0.8343920707702637,0.8283778429031372,0.8059110045433044
sub-cp038_ses-20220112_level-02B_run-010,sub-cp038,2,10000,46,51,50,1,0,2.0,0.05,2.2051046586067886,0.01,1.0938787651302777,1.0938787651302777,0.8352663516998291,0.8047055602073669,0.8006411790847778,0.8017797470092773
sub-cp038_ses-20220112_level-03B_run-002,sub-cp038,2,10000,46,51,50,2,2,3.0,0.05,2.477486923542283,0.01,2.1034185461764543,2.1034185461764543,0.8721116185188293,0.8791221380233765,0.8876909613609314,0.8647208213806152
sub-cp038_ses-20220112_level-03B_run-005,sub-cp038,2,10000,46,51,50,2,2,3.0,0.05,2.399413703720374,0.01,1.990934729664327,1.990934729664327,0.8260510563850403,0.8271259069442749,0.8296147584915161,0.8100634217262268
sub-cp038_ses-20220112_level-03B_run-011,sub-cp038,2,10000,46,51,50,2,3,3.0,0.05,2.5707700598167955,0.01,2.9795927613889694,2.9795927613889694,0.8496935367584229,0.830203115940094,0.8515539765357971,0.8525013327598572
sub-cp038_ses-20220112_level-04B_run-004,sub-cp038,2,10000,46,51,50,3,3,4.0,0.05,3.1156026435291517,0.01,3.76014438365168,3.76014438365168,0.7992143034934998,0.7877335548400879,0.8100202679634094,0.8626604676246643
sub-cp038_ses-20220112_level-04B_run-006,sub-cp038,2,10000,46,51,50,3,3,4.0,0.05,3.1598305591739893,0.01,3.6711863189271456,3.6711863189271456,0.8087437152862549,0.7954845428466797,0.8192407488822937,0.876332700252533
sub-cp038_ses-20220112_level-04B_run-009,sub-cp038,2,10000,46,51,50,3,3,4.0,0.05,3.006405628868295,0.01,3.4104843470435373,3.4104843470435373,0.8255133628845215,0.8064813017845154,0.829778790473938,0.8755191564559937
