run_key,subject_id,outer_fold,dimension,seed,levels,feature_k,true_class,predicted_class,target_score,similarity_temperature,similarity_prediction,ridge_alpha,ridge_prediction_raw,ridge_prediction_bounded,similarity_class_0,similarity_class_1,similarity_class_2,similarity_class_3
sub-cp005_ses-20210226_level-01B_run-001,sub-cp005,5,1000,42,51,50,0,0,1.0,0.05,2.1128277872972254,0.1,1.8658810718081207,1.8658810718081207,0.909415602684021,0.897825300693512,0.8908360004425049,0.8513211607933044
sub-cp005_ses-20210226_level-01B_run-007,sub-cp005,5,1000,42,51,50,0,1,1.0,0.05,2.058184510681865,0.1,1.7207952601183072,1.7207952601183072,0.9261242151260376,0.9388923048973083,0.9156652688980103,0.8431288003921509
sub-cp005_ses-20210226_level-01B_run-012,sub-cp005,5,1000,42,51,50,0,1,1.0,0.05,2.0006799267473205,0.1,1.4413634846728138,1.4413634846728138,0.9217913746833801,0.927384078502655,0.9017288088798523,0.8320822715759277
sub-cp005_ses-20210226_level-02B_run-003,sub-cp005,5,1000,42,51,50,1,2,2.0,0.05,2.4751076007181627,0.1,2.4924737887404564,2.4924737887404564,0.8241663575172424,0.845959484577179,0.8515363931655884,0.816278874874115
sub-cp005_ses-20210226_level-02B_run-008,sub-cp005,5,1000,42,51,50,1,1,2.0,0.05,2.1967361311266984,0.1,2.234114801437102,2.234114801437102,0.8830121755599976,0.9226546883583069,0.906053900718689,0.8021668791770935
sub-cp005_ses-20210226_level-02B_run-010,sub-cp005,5,1000,42,51,50,1,1,2.0,0.05,2.1593073521075907,0.1,1.9754140982156487,1.9754140982156487,0.9018601179122925,0.9288029074668884,0.9121944904327393,0.8253698348999023
sub-cp005_ses-20210226_level-03B_run-002,sub-cp005,5,1000,42,51,50,2,3,3.0,0.05,2.8953769090875587,0.1,2.9499814875626225,2.9499814875626225,0.7920489311218262,0.7862113118171692,0.796751856803894,0.8344078660011292
sub-cp005_ses-20210226_level-03B_run-005,sub-cp005,5,1000,42,51,50,2,2,3.0,0.05,2.3809149804174154,0.1,3.1948666391812592,3.1948666391812592,0.8709613680839539,0.9063382744789124,0.9139565825462341,0.8283824920654297
sub-cp005_ses-20210226_level-03B_run-011,sub-cp005,5,1000,42,51,50,2,2,3.0,0.05,2.446334275091856,0.1,2.649432810547622,2.649432810547622,0.8882657289505005,0.8981143236160278,0.906000554561615,0.8753697872161865
sub-cp005_ses-20210226_level-04B_run-004,sub-cp005,5,1000,42,51,50,3,3,4.0,0.05,2.9699494795066315,0.1,3.523752112901339,3.523752112901339,0.7811625599861145,0.7808513045310974,0.8019312620162964,0.8327165246009827
sub-cp005_ses-20210226_level-04B_run-006,sub-cp005,5,1000,42,51,50,3,3,4.0,0.05,3.1308094650610556,0.1,4.094605656991481,4.0,0.849351167678833,0.8507940173149109,0.8705454468727112,0.9189215898513794
sub-cp005_ses-20210226_level-04B_run-009,sub-cp005,5,1000,42,51,50,3,3,4.0,0.05,2.9981115321618823,0.1,3.7573171820816302,3.7573171820816302,0.8474284410476685,0.83815598487854,0.8562886118888855,0.8992598652839661
sub-cp017_ses-20210521_level-01B_run-001,sub-cp017,5,1000,42,51,50,0,1,1.0,0.05,1.9802204317786474,0.1,1.153645048706283,1.153645048706283,0.9187583327293396,0.9203425645828247,0.8961222171783447,0.8252640962600708
sub-cp017_ses-20210521_level-01B_run-007,sub-cp017,5,1000,42,51,50,0,1,1.0,0.05,2.028088643909945,0.1,1.61392591913783,1.61392591913783,0.8781918287277222,0.8901268839836121,0.8645650744438171,0.7878434062004089
sub-cp017_ses-20210521_level-01B_run-012,sub-cp017,5,1000,42,51,50,0,1,1.0,0.05,2.020864868821216,0.1,1.1073577388183984,1.1073577388183984,0.8500823378562927,0.8647457361221313,0.836692214012146,0.7557080984115601
sub-cp017_ses-20210521_level-02B_run-003,sub-cp017,5,1000,42,51,50,1,1,2.0,0.05,2.2186565438593497,0.1,2.329704563184275,2.329704563184275,0.8712592124938965,0.9113566875457764,0.8977240920066833,0.7939744591712952
sub-cp017_ses-20210521_level-02B_run-008,sub-cp017,5,1000,42,51,50,1,1,2.0,0.05,2.198344855065523,0.1,1.9120086194040729,1.9120086194040729,0.840279221534729,0.8730484843254089,0.8566089868545532,0.7729913592338562
sub-cp017_ses-20210521_level-02B_run-010,sub-cp017,5,1000,42,51,50,1,1,2.0,0.05,2.1625933170342746,0.1,2.081516533308841,2.081516533308841,0.8945213556289673,0.9240998029708862,0.9063742756843567,0.8176531195640564
sub-cp017_ses-20210521_level-03B_run-002,sub-cp017,5,1000,42,51,50,2,2,3.0,0.05,2.367847600977741,0.1,3.359759398422724,3.359759398422724,0.8586668372154236,0.8930433392524719,0.9001803398132324,0.8125790953636169
sub-cp017_ses-20210521_level-03B_run-005,sub-cp017,5,1000,42,51,50,2,2,3.0,0.05,2.2840129215358678,0.1,2.819984835239264,2.819984835239264,0.8977710008621216,0.9259915351867676,0.9267716407775879,0.8365748524665833
sub-cp017_ses-20210521_level-03B_run-011,sub-cp017,5,1000,42,51,50,2,2,3.0,0.05,2.3263031220819426,0.1,2.735527040858966,2.735527040858966,0.8761878609657288,0.9096225500106812,0.9132624268531799,0.8204543590545654
sub-cp017_ses-20210521_level-04B_run-004,sub-cp017,5,1000,42,51,50,3,3,4.0,0.05,3.1533541997404364,0.1,4.219172662238474,4.0,0.8486199975013733,0.8501896858215332,0.8653659820556641,0.9204015135765076
sub-cp017_ses-20210521_level-04B_run-006,sub-cp017,5,1000,42,51,50,3,3,4.0,0.05,3.171760994110103,0.1,4.234182042182743,4.0,0.846507728099823,0.8497167229652405,0.8679290413856506,0.9211414456367493
sub-cp017_ses-20210521_level-04B_run-009,sub-cp017,5,1000,42,51,50,3,3,4.0,0.05,3.098564938025081,0.1,3.9366413641506632,3.9366413641506632,0.862403929233551,0.8563116192817688,0.8685163855552673,0.9254754781723022
sub-cp022_ses-20210621_level-01B_run-001,sub-cp022,5,1000,42,51,50,0,0,1.0,0.05,2.231758624867985,0.1,1.8970380958234023,1.8970380958234023,0.9032953977584839,0.8958809971809387,0.8875788450241089,0.8678644895553589
sub-cp022_ses-20210621_level-01B_run-007,sub-cp022,5,1000,42,51,50,0,0,1.0,0.05,2.274391084504008,0.1,1.3224762384774416,1.3224762384774416,0.871475875377655,0.8516085147857666,0.8441677093505859,0.8460886478424072
sub-cp022_ses-20210621_level-01B_run-012,sub-cp022,5,1000,42,51,50,0,1,1.0,0.05,2.131708536073325,0.1,1.601774630132795,1.601774630132795,0.9256367683410645,0.9260703921318054,0.9161458015441895,0.8641647100448608
sub-cp022_ses-20210621_level-02B_run-003,sub-cp022,5,1000,42,51,50,1,0,2.0,0.05,2.2470536430808243,0.1,2.0118633410691644,2.0118633410691644,0.9030516743659973,0.8952241539955139,0.8971367478370667,0.8631604909896851
sub-cp022_ses-20210621_level-02B_run-008,sub-cp022,5,1000,42,51,50,1,2,2.0,0.05,2.4054923539461734,0.1,2.3582373280719904,2.3582373280719904,0.8750776052474976,0.8727594614028931,0.8754044771194458,0.8606234788894653
sub-cp022_ses-20210621_level-02B_run-010,sub-cp022,5,1000,42,51,50,1,2,2.0,0.05,2.4350460661174296,0.1,2.5472688142893114,2.5472688142893114,0.8995041251182556,0.9097539186477661,0.9154516458511353,0.8858877420425415
sub-cp022_ses-20210621_level-03B_run-002,sub-cp022,5,1000,42,51,50,2,3,3.0,0.05,2.8118025801193918,0.1,3.202403827280048,3.202403827280048,0.8458036184310913,0.8467214703559875,0.8610942959785461,0.8806023597717285
sub-cp022_ses-20210621_level-03B_run-005,sub-cp022,5,1000,42,51,50,2,2,3.0,0.05,2.680631598977776,0.1,3.353432512204292,3.353432512204292,0.8533861637115479,0.8611198663711548,0.8781810998916626,0.8729385137557983
sub-cp022_ses-20210621_level-03B_run-011,sub-cp022,5,1000,42,51,50,2,2,3.0,0.05,2.487785857957544,0.1,2.7581946444147993,2.7581946444147993,0.8894031643867493,0.8836108446121216,0.8971367478370667,0.8827693462371826
sub-cp022_ses-20210621_level-04B_run-004,sub-cp022,5,1000,42,51,50,3,3,4.0,0.05,3.1289194536847234,0.1,3.6180685077352104,3.6180685077352104,0.8571503162384033,0.85063636302948,0.872574508190155,0.923678457736969
sub-cp022_ses-20210621_level-04B_run-006,sub-cp022,5,1000,42,51,50,3,3,4.0,0.05,3.3104211700846804,0.1,4.1135442321006765,4.0,0.802339494228363,0.7922544479370117,0.8080184459686279,0.8867334127426147
sub-cp022_ses-20210621_level-04B_run-009,sub-cp022,5,1000,42,51,50,3,3,4.0,0.05,3.142183557059963,0.1,4.243860270941577,4.0,0.8386543989181519,0.8491386771202087,0.8732686638832092,0.9135304689407349
sub-cp028_ses-20211214_level-01B_run-001,sub-cp028,5,1000,42,51,50,0,1,1.0,0.05,2.160137117922536,0.1,1.74853749611212,1.74853749611212,0.8653827905654907,0.8759123682975769,0.8671814799308777,0.7989427447319031
sub-cp028_ses-20211214_level-01B_run-007,sub-cp028,5,1000,42,51,50,0,0,1.0,0.05,2.0360935083036242,0.1,1.1314928366054873,1.1314928366054873,0.9079532623291016,0.8919398188591003,0.8801567554473877,0.8404861092567444
sub-cp028_ses-20211214_level-01B_run-012,sub-cp028,5,1000,42,51,50,0,0,1.0,0.05,2.1829579820697393,0.1,1.148212246072251,1.148212246072251,0.8271722793579102,0.8031583428382874,0.7823882699012756,0.7954015135765076
sub-cp028_ses-20211214_level-02B_run-003,sub-cp028,5,1000,42,51,50,1,1,2.0,0.05,2.2296517677283836,0.1,2.1782991601728066,2.1782991601728066,0.8877782821655273,0.9188186526298523,0.9088839292526245,0.8227270841598511
sub-cp028_ses-20211214_level-02B_run-008,sub-cp028,5,1000,42,51,50,1,1,2.0,0.05,2.0628464598542786,0.1,1.5128398938432472,1.5128398938432472,0.8982313871383667,0.9091495871543884,0.8857099413871765,0.8207715153694153
sub-cp028_ses-20211214_level-02B_run-010,sub-cp028,5,1000,42,51,50,1,1,2.0,0.05,2.087097506696217,0.1,1.5432100949616236,1.5432100949616236,0.9134505987167358,0.9202899932861328,0.9071218371391296,0.8329808115959167
sub-cp028_ses-20211214_level-03B_run-002,sub-cp028,5,1000,42,51,50,2,2,3.0,0.05,2.4036837739638384,0.1,2.9012562126039407,2.9012562126039407,0.8420394062995911,0.8795908093452454,0.889821469783783,0.801426887512207
sub-cp028_ses-20211214_level-03B_run-005,sub-cp028,5,1000,42,51,50,2,2,3.0,0.05,2.3069821945689926,0.1,2.5371876009141956,2.5371876009141956,0.8791667222976685,0.9144045114517212,0.9175341129302979,0.8112577795982361
sub-cp028_ses-20211214_level-03B_run-011,sub-cp028,5,1000,42,51,50,2,2,3.0,0.05,2.38028505281065,0.1,2.9297782812391047,2.9297782812391047,0.884501576423645,0.9083350896835327,0.9160923957824707,0.8508983254432678
sub-cp028_ses-20211214_level-04B_run-004,sub-cp028,5,1000,42,51,50,3,3,4.0,0.05,3.179280692325804,0.1,4.282453261827369,4.0,0.8447204232215881,0.8381034135818481,0.8591720461845398,0.9165431261062622
sub-cp028_ses-20211214_level-04B_run-006,sub-cp028,5,1000,42,51,50,3,3,4.0,0.05,3.1405073769079612,0.1,3.6880665591990236,3.6880665591990236,0.8543339371681213,0.8409673571586609,0.8590118288993835,0.9195558428764343
sub-cp028_ses-20211214_level-04B_run-009,sub-cp028,5,1000,42,51,50,3,3,4.0,0.05,2.956799653616067,0.1,3.6914585888365505,3.6914585888365505,0.8569336533546448,0.8458544015884399,0.8654727935791016,0.9039638638496399
sub-cp030_ses-20211025_level-01B_run-001,sub-cp030,5,1000,42,51,50,0,0,1.0,0.05,2.123182900345566,0.1,1.2638775609298556,1.2638775609298556,0.903782844543457,0.8905735611915588,0.8866177201271057,0.8464057445526123
sub-cp030_ses-20211025_level-01B_run-007,sub-cp030,5,1000,42,51,50,0,0,1.0,0.05,1.9356301334301753,0.1,0.7956118353035158,1.0,0.8871283531188965,0.8695802688598633,0.8508956432342529,0.8017968535423279
sub-cp030_ses-20211025_level-01B_run-012,sub-cp030,5,1000,42,51,50,0,0,1.0,0.05,1.89027126636425,0.1,0.5769815023709135,1.0,0.885097324848175,0.8550504446029663,0.8324739336967468,0.8070294260978699
sub-cp030_ses-20211025_level-02B_run-003,sub-cp030,5,1000,42,51,50,1,0,2.0,0.05,2.2572274743123706,0.1,1.7644060283896965,1.7644060283896965,0.8752671480178833,0.8716296553611755,0.873375415802002,0.8351477980613708
sub-cp030_ses-20211025_level-02B_run-008,sub-cp030,5,1000,42,51,50,1,1,2.0,0.05,2.1850408535421084,0.1,2.01514713725241,2.01514713725241,0.8890781402587891,0.9056813716888428,0.9019424319267273,0.8120505809783936
sub-cp030_ses-20211025_level-02B_run-010,sub-cp030,5,1000,42,51,50,1,1,2.0,0.05,2.0500870916006333,0.1,1.4085835824389403,1.4085835824389403,0.890757143497467,0.8957496285438538,0.8806906938552856,0.8017440438270569
sub-cp030_ses-20211025_level-03B_run-002,sub-cp030,5,1000,42,51,50,2,3,3.0,0.05,2.7902369910626033,0.1,3.155269706680299,3.155269706680299,0.8110864758491516,0.8028430342674255,0.8202995657920837,0.8411731719970703
sub-cp030_ses-20211025_level-03B_run-011,sub-cp030,5,1000,42,51,50,2,2,3.0,0.05,2.3991157502172307,0.1,2.9615171463110546,2.9615171463110546,0.890188455581665,0.8984033465385437,0.9086169600486755,0.8667017221450806
sub-cp030_ses-20211025_level-04B_run-004,sub-cp030,5,1000,42,51,50,3,3,4.0,0.05,2.8551118533828053,0.1,3.192031719352385,3.192031719352385,0.8369483351707458,0.8154810667037964,0.8300710916519165,0.8715114593505859
sub-cp030_ses-20211025_level-04B_run-006,sub-cp030,5,1000,42,51,50,3,3,4.0,0.05,2.9279156573127034,0.1,3.0921589988806986,3.0921589988806986,0.7769380211830139,0.7529478073120117,0.7709080576896667,0.8180230855941772
sub-cp030_ses-20211025_level-04B_run-009,sub-cp030,5,1000,42,51,50,3,3,4.0,0.05,3.322795566198082,0.1,3.743279941612089,3.743279941612089,0.821025013923645,0.8053916692733765,0.8293769359588623,0.9055494666099548
sub-cp032_ses-20211105_level-01B_run-001,sub-cp032,5,1000,42,51,50,0,1,1.0,0.05,2.134212056902239,0.1,1.5721963786249356,1.5721963786249356,0.9012373089790344,0.9089131355285645,0.8969231843948364,0.8350421190261841
sub-cp032_ses-20211105_level-01B_run-007,sub-cp032,5,1000,42,51,50,0,1,1.0,0.05,2.148742019273162,0.1,1.877257442366941,1.877257442366941,0.9028621315956116,0.9066010117530823,0.8979911208152771,0.840961754322052
sub-cp032_ses-20211105_level-01B_run-012,sub-cp032,5,1000,42,51,50,0,0,1.0,0.05,2.0983262953704274,0.1,1.045768742552388,1.045768742552388,0.9071137309074402,0.9049456715583801,0.8889137506484985,0.8465114235877991
sub-cp032_ses-20211105_level-02B_run-003,sub-cp032,5,1000,42,51,50,1,1,2.0,0.05,2.168877046814428,0.1,2.201740775908458,2.201740775908458,0.886749267578125,0.9065747261047363,0.8899282813072205,0.825158417224884
sub-cp032_ses-20211105_level-02B_run-008,sub-cp032,5,1000,42,51,50,1,1,2.0,0.05,2.1800660151269784,0.1,2.289692582580908,2.289692582580908,0.8868575692176819,0.9010045528411865,0.8909428119659424,0.8251055479049683
sub-cp032_ses-20211105_level-02B_run-010,sub-cp032,5,1000,42,51,50,1,1,2.0,0.05,2.2209433733161923,0.1,2.194854468860807,2.194854468860807,0.871475875377655,0.8984296321868896,0.886297345161438,0.8129491209983826
sub-cp032_ses-20211105_level-03B_run-002,sub-cp032,5,1000,42,51,50,2,1,3.0,0.05,2.328943785985547,0.1,2.7070964775646686,2.7070964775646686,0.8718279004096985,0.9068637490272522,0.9055733680725098,0.8264268636703491
sub-cp032_ses-20211105_level-03B_run-005,sub-cp032,5,1000,42,51,50,2,1,3.0,0.05,2.264868679107004,0.1,2.423032943920206,2.423032943920206,0.8729382157325745,0.8971684575080872,0.8906224370002747,0.8236784934997559
sub-cp032_ses-20211105_level-03B_run-011,sub-cp032,5,1000,42,51,50,2,2,3.0,0.05,2.3613236697278492,0.1,2.8717983007404517,2.8717983007404517,0.8787063360214233,0.9033955335617065,0.9076558351516724,0.84371018409729
sub-cp032_ses-20211105_level-04B_run-004,sub-cp032,5,1000,42,51,50,3,3,4.0,0.05,2.6943478071306,0.1,3.3967949542917184,3.3967949542917184,0.8847182393074036,0.8844253420829773,0.8960154056549072,0.906078040599823
sub-cp032_ses-20211105_level-04B_run-006,sub-cp032,5,1000,42,51,50,3,3,4.0,0.05,2.9176477835096195,0.1,3.234966126738891,3.234966126738891,0.852221667766571,0.845959484577179,0.8543663620948792,0.8968285918235779
sub-cp032_ses-20211105_level-04B_run-009,sub-cp032,5,1000,42,51,50,3,3,4.0,0.05,2.9405422280122666,0.1,3.6769071970349936,3.6769071970349936,0.8763503432273865,0.8705787062644958,0.8875254392623901,0.9232027530670166
sub-cp035_ses-20220125_level-01B_run-001,sub-cp035,5,1000,42,51,50,0,1,1.0,0.05,2.203758012615686,0.1,2.014289804284549,2.014289804284549,0.8940067887306213,0.8984296321868896,0.8880059719085693,0.8483085036277771
sub-cp035_ses-20220125_level-01B_run-007,sub-cp035,5,1000,42,51,50,0,0,1.0,0.05,2.0899577836640697,0.1,1.2609482197569526,1.2609482197569526,0.9245806336402893,0.9153766632080078,0.9049860239028931,0.8623148202896118
sub-cp035_ses-20220125_level-01B_run-012,sub-cp035,5,1000,42,51,50,0,0,1.0,0.05,2.1766409720257904,0.1,2.061731025501705,2.061731025501705,0.9005873799324036,0.8923602104187012,0.8811178803443909,0.8573994040489197
sub-cp035_ses-20220125_level-02B_run-003,sub-cp035,5,1000,42,51,50,1,1,2.0,0.05,2.2393339627626254,0.1,2.1730706555266135,2.1730706555266135,0.8938172459602356,0.9044464826583862,0.895801842212677,0.8507397770881653
sub-cp035_ses-20220125_level-02B_run-008,sub-cp035,5,1000,42,51,50,1,1,2.0,0.05,2.2048943916884185,0.1,2.394938491663844,2.394938491663844,0.897500216960907,0.9291445016860962,0.9152914881706238,0.8289638757705688
sub-cp035_ses-20220125_level-02B_run-010,sub-cp035,5,1000,42,51,50,1,1,2.0,0.05,2.2152300640269713,0.1,2.3019503646623862,2.3019503646623862,0.9089822769165039,0.9191076159477234,0.9113935232162476,0.8588793277740479
sub-cp035_ses-20220125_level-03B_run-002,sub-cp035,5,1000,42,51,50,2,2,3.0,0.05,2.4985662837133793,0.1,3.461659436020039,3.461659436020039,0.8496490120887756,0.8700531721115112,0.8836808800697327,0.8408032059669495
sub-cp035_ses-20220125_level-03B_run-005,sub-cp035,5,1000,42,51,50,2,2,3.0,0.05,2.4465566691887948,0.1,3.3689237562231353,3.3689237562231353,0.8863971829414368,0.8988237380981445,0.9129420518875122,0.868128776550293
sub-cp035_ses-20220125_level-03B_run-011,sub-cp035,5,1000,42,51,50,2,2,3.0,0.05,2.34687368426416,0.1,3.1657030881361097,3.1657030881361097,0.8911633491516113,0.9187397956848145,0.9228203296661377,0.8495241403579712
sub-cp035_ses-20220125_level-04B_run-004,sub-cp035,5,1000,42,51,50,3,3,4.0,0.05,3.2327786776950607,0.1,4.204759269494467,4.0,0.8416873812675476,0.8400477170944214,0.8601865768432617,0.921194314956665
sub-cp035_ses-20220125_level-04B_run-006,sub-cp035,5,1000,42,51,50,3,3,4.0,0.05,3.196370466327731,0.1,4.036788822469932,4.0,0.8472388982772827,0.8415979146957397,0.8630699515342712,0.9212999939918518
sub-cp035_ses-20220125_level-04B_run-009,sub-cp035,5,1000,42,51,50,3,3,4.0,0.05,3.0682326124405916,0.1,4.078572104003461,4.0,0.8520321249961853,0.843673586845398,0.8641378879547119,0.9114691615104675
sub-cp005_ses-20210226_level-01B_run-001,sub-cp005,5,2000,42,51,50,0,0,1.0,0.05,2.048330887105236,0.1,1.644653483156065,1.644653483156065,0.9092044234275818,0.8990952372550964,0.8867588043212891,0.8391074538230896
sub-cp005_ses-20210226_level-01B_run-007,sub-cp005,5,2000,42,51,50,0,1,1.0,0.05,2.0642310747925037,0.1,1.961641406257136,1.961641406257136,0.9307957291603088,0.9426183700561523,0.9221670031547546,0.8464303612709045
sub-cp005_ses-20210226_level-01B_run-012,sub-cp005,5,2000,42,51,50,0,1,1.0,0.05,2.0010942807132692,0.1,1.4875795021312943,1.4875795021312943,0.9309437274932861,0.9360278844833374,0.9129231572151184,0.8370528221130371
sub-cp005_ses-20210226_level-02B_run-003,sub-cp005,5,2000,42,51,50,1,2,2.0,0.05,2.471335168606303,0.1,2.440014324737235,2.440014324737235,0.8383363485336304,0.8568640947341919,0.8631179332733154,0.8297035694122314
sub-cp005_ses-20210226_level-02B_run-008,sub-cp005,5,2000,42,51,50,1,1,2.0,0.05,2.178604473171322,0.1,2.1917511353311765,2.1917511353311765,0.8989670276641846,0.9310556650161743,0.9158716201782227,0.818745493888855
sub-cp005_ses-20210226_level-02B_run-010,sub-cp005,5,2000,42,51,50,1,1,2.0,0.05,2.1506419326748687,0.1,2.196078852626702,2.196078852626702,0.915271520614624,0.9355189204216003,0.9208920001983643,0.841873288154602
sub-cp005_ses-20210226_level-03B_run-002,sub-cp005,5,2000,42,51,50,2,3,3.0,0.05,2.9176524289356087,0.1,2.8943568086086993,2.8943568086086993,0.7845126390457153,0.7790705561637878,0.7937890291213989,0.8291240334510803
sub-cp005_ses-20210226_level-03B_run-005,sub-cp005,5,2000,42,51,50,2,2,3.0,0.05,2.3753898109061407,0.1,3.2844910799162816,3.2844910799162816,0.8798912763595581,0.9084784388542175,0.9168013334274292,0.8401347398757935
sub-cp005_ses-20210226_level-03B_run-011,sub-cp005,5,2000,42,51,50,2,2,3.0,0.05,2.494094982634998,0.1,2.7710419473211116,2.7710419473211116,0.8994916677474976,0.906377375125885,0.9169606566429138,0.8937923312187195
sub-cp005_ses-20210226_level-04B_run-004,sub-cp005,5,2000,42,51,50,3,3,4.0,0.05,2.963075965264711,0.1,3.2582908391025436,3.2582908391025436,0.7858444452285767,0.7845908999443054,0.8048391342163086,0.8363679647445679
sub-cp005_ses-20210226_level-04B_run-006,sub-cp005,5,2000,42,51,50,3,3,4.0,0.05,3.1635511666377045,0.1,4.232371340667939,4.0,0.8520444631576538,0.8541365265846252,0.8752836585044861,0.9255338311195374
sub-cp005_ses-20210226_level-04B_run-009,sub-cp005,5,2000,42,51,50,3,3,4.0,0.05,2.9760990757886874,0.1,3.672290223080574,3.672290223080574,0.8507934212684631,0.8403944373130798,0.8578850626945496,0.9000352621078491
sub-cp017_ses-20210521_level-01B_run-001,sub-cp017,5,2000,42,51,50,0,1,1.0,0.05,2.025336662557496,0.1,1.4368321519417917,1.4368321519417917,0.9266657829284668,0.9312775135040283,0.9118606448173523,0.8369474411010742
sub-cp017_ses-20210521_level-01B_run-007,sub-cp017,5,2000,42,51,50,0,1,1.0,0.05,2.0415786314297484,0.1,1.4852801830809987,1.4852801830809987,0.887048065662384,0.8982208371162415,0.8751242756843567,0.7992791533470154
sub-cp017_ses-20210521_level-01B_run-012,sub-cp017,5,2000,42,51,50,0,1,1.0,0.05,2.041358876309342,0.1,1.219252906129844,1.219252906129844,0.8638288974761963,0.8770530819892883,0.8533162474632263,0.772990345954895
sub-cp017_ses-20210521_level-02B_run-003,sub-cp017,5,2000,42,51,50,1,1,2.0,0.05,2.180712419006971,0.1,2.2042844937353334,2.2042844937353334,0.8852857351303101,0.9190623760223389,0.9035730361938477,0.8035464882850647
sub-cp017_ses-20210521_level-02B_run-008,sub-cp017,5,2000,42,51,50,1,1,2.0,0.05,2.2207959383020737,0.1,1.9271676427994733,1.9271676427994733,0.8533762693405151,0.8835391402244568,0.8710601925849915,0.7913503646850586
sub-cp017_ses-20210521_level-02B_run-010,sub-cp017,5,2000,42,51,50,1,1,2.0,0.05,2.1539348633493205,0.1,2.0131778899606743,2.0131778899606743,0.9088815450668335,0.9326608777046204,0.9168809652328491,0.8334966897964478
sub-cp017_ses-20210521_level-03B_run-002,sub-cp017,5,2000,42,51,50,2,2,3.0,0.05,2.3060143130455626,0.1,3.135749728678044,3.135749728678044,0.8763397932052612,0.9042240381240845,0.9072121381759644,0.8204313516616821
sub-cp017_ses-20210521_level-03B_run-005,sub-cp017,5,2000,42,51,50,2,2,3.0,0.05,2.2845022734814435,0.1,2.8538283904484634,2.8538283904484634,0.9067694544792175,0.9301682710647583,0.9314373731613159,0.8514088988304138
sub-cp017_ses-20210521_level-03B_run-011,sub-cp017,5,2000,42,51,50,2,2,3.0,0.05,2.3126265090569635,0.1,2.8795397178746396,2.8795397178746396,0.8864561319351196,0.9145338535308838,0.9169341325759888,0.8344449996948242
sub-cp017_ses-20210521_level-04B_run-004,sub-cp017,5,2000,42,51,50,3,3,4.0,0.05,3.0568843331747617,0.1,4.113333852170763,4.0,0.8573851585388184,0.8607270121574402,0.8753899335861206,0.9195279479026794
sub-cp017_ses-20210521_level-04B_run-006,sub-cp017,5,2000,42,51,50,3,3,4.0,0.05,3.115442821146825,0.1,4.191983652030516,4.0,0.8482239842414856,0.8520223498344421,0.8702898621559143,0.916972815990448
sub-cp017_ses-20210521_level-04B_run-009,sub-cp017,5,2000,42,51,50,3,3,4.0,0.05,3.043768134076842,0.1,4.125581617219877,4.0,0.863385021686554,0.8614839315414429,0.8757352232933044,0.9222674369812012
sub-cp022_ses-20210621_level-01B_run-001,sub-cp022,5,2000,42,51,50,0,0,1.0,0.05,2.2640771908125705,0.1,1.900058387446677,1.900058387446677,0.9079129695892334,0.8980773091316223,0.891726016998291,0.8776977062225342
sub-cp022_ses-20210621_level-01B_run-007,sub-cp022,5,2000,42,51,50,0,0,1.0,0.05,2.348147930491023,0.1,1.3921907613884452,1.3921907613884452,0.8760707378387451,0.8532491326332092,0.8491458892822266,0.8596010804176331
sub-cp022_ses-20210621_level-01B_run-012,sub-cp022,5,2000,42,51,50,0,0,1.0,0.05,2.134416183941469,0.1,1.5872635051673336,1.5872635051673336,0.9316432476043701,0.9281193614006042,0.9185279011726379,0.874405026435852
sub-cp022_ses-20210621_level-02B_run-003,sub-cp022,5,2000,42,51,50,1,0,2.0,0.05,2.3086691259633274,0.1,2.0069072268983805,2.0069072268983805,0.907805323600769,0.8987036943435669,0.9008370637893677,0.879725992679596
sub-cp022_ses-20210621_level-02B_run-008,sub-cp022,5,2000,42,51,50,1,2,2.0,0.05,2.455301988451004,0.1,2.341975166410883,2.341975166410883,0.8817342519760132,0.8786582946777344,0.882668137550354,0.8741942644119263
sub-cp022_ses-20210621_level-02B_run-010,sub-cp022,5,2000,42,51,50,1,2,2.0,0.05,2.4753933048356465,0.1,2.4132733960499646,2.4132733960499646,0.8999624848365784,0.9078781604766846,0.9153403639793396,0.8927123546600342
sub-cp022_ses-20210621_level-03B_run-002,sub-cp022,5,2000,42,51,50,2,3,3.0,0.05,2.8710660126195124,0.1,3.192061880615004,3.192061880615004,0.8522866368293762,0.8525183200836182,0.8693336248397827,0.8933181762695312
sub-cp022_ses-20210621_level-03B_run-005,sub-cp022,5,2000,42,51,50,2,2,3.0,0.05,2.62230110648144,0.1,3.210155709383885,3.210155709383885,0.8754653930664062,0.878031849861145,0.8924432396888733,0.8873386979103088
sub-cp022_ses-20210621_level-03B_run-011,sub-cp022,5,2000,42,51,50,2,2,3.0,0.05,2.5442706436460263,0.1,2.8074924141520494,2.8074924141520494,0.8965858817100525,0.8929615020751953,0.9060965180397034,0.8980596661567688
sub-cp022_ses-20210621_level-04B_run-004,sub-cp022,5,2000,42,51,50,3,3,4.0,0.05,3.163834994464816,0.1,3.7308628761408924,3.7308628761408924,0.8546543121337891,0.8500909209251404,0.874752402305603,0.9258235692977905
sub-cp022_ses-20210621_level-04B_run-006,sub-cp022,5,2000,42,51,50,3,3,4.0,0.05,3.2784986319650784,0.1,4.098307639380852,4.0,0.8143907785415649,0.8087080717086792,0.8274706602096558,0.8972167372703552
sub-cp022_ses-20210621_level-04B_run-009,sub-cp022,5,2000,42,51,50,3,3,4.0,0.05,3.1758483650701907,0.1,4.338066973734053,4.0,0.8440536856651306,0.8501952886581421,0.8756821155548096,0.9209504127502441
sub-cp028_ses-20211214_level-01B_run-001,sub-cp028,5,2000,42,51,50,0,1,1.0,0.05,2.1497745627952414,0.1,1.878248427574429,1.878248427574429,0.8723847270011902,0.8796892762184143,0.8701570630073547,0.8079454898834229
sub-cp028_ses-20211214_level-01B_run-007,sub-cp028,5,2000,42,51,50,0,0,1.0,0.05,2.0541388100325197,0.1,1.3004941730761916,1.3004941730761916,0.9182310700416565,0.9047460556030273,0.8948604464530945,0.8505659699440002
sub-cp028_ses-20211214_level-01B_run-012,sub-cp028,5,2000,42,51,50,0,0,1.0,0.05,2.18874914206557,0.1,1.3442188016470773,1.3442188016470773,0.8368565440177917,0.8128842115402222,0.7969765663146973,0.8040732741355896
sub-cp028_ses-20211214_level-02B_run-003,sub-cp028,5,2000,42,51,50,1,1,2.0,0.05,2.225735513884832,0.1,2.0610425681762097,2.0610425681762097,0.9026126265525818,0.9274407029151917,0.9186872839927673,0.8420840501785278
sub-cp028_ses-20211214_level-02B_run-008,sub-cp028,5,2000,42,51,50,1,1,2.0,0.05,2.049523412113167,0.1,1.622896053582155,1.622896053582155,0.9073613882064819,0.915838897228241,0.8920713663101196,0.829150378704071
sub-cp028_ses-20211214_level-02B_run-010,sub-cp028,5,2000,42,51,50,1,1,2.0,0.05,2.1150222301810007,0.1,1.62272637483807,1.62272637483807,0.9212982654571533,0.9297245144844055,0.9192716479301453,0.8439542651176453
sub-cp028_ses-20211214_level-03B_run-002,sub-cp028,5,2000,42,51,50,2,2,3.0,0.05,2.4073118126197275,0.1,2.905176690426753,2.905176690426753,0.8587304353713989,0.8894901275634766,0.8989245295524597,0.8265425562858582
sub-cp028_ses-20211214_level-03B_run-005,sub-cp028,5,2000,42,51,50,2,2,3.0,0.05,2.2645610324080114,0.1,2.4994857291537884,2.4994857291537884,0.8940971493721008,0.9215027689933777,0.9219810366630554,0.8252254724502563
sub-cp028_ses-20211214_level-03B_run-011,sub-cp028,5,2000,42,51,50,2,2,3.0,0.05,2.3570484152662488,0.1,2.9435850617100328,2.9435850617100328,0.8898864984512329,0.9119890332221985,0.9170138239860535,0.8543064594268799
sub-cp028_ses-20211214_level-04B_run-004,sub-cp028,5,2000,42,51,50,3,3,4.0,0.05,3.157645192035063,0.1,4.116136282348461,4.0,0.8487351536750793,0.8456276655197144,0.866517961025238,0.9195279479026794
sub-cp028_ses-20211214_level-04B_run-006,sub-cp028,5,2000,42,51,50,3,3,4.0,0.05,3.046091944617115,0.1,3.623907897383196,3.623907897383196,0.866317629814148,0.8573077917098999,0.8754430413246155,0.9231894016265869
sub-cp028_ses-20211214_level-04B_run-009,sub-cp028,5,2000,42,51,50,3,3,4.0,0.05,2.944524741450685,0.1,3.7299785825923673,3.7299785825923673,0.8627257943153381,0.8523877859115601,0.8730524182319641,0.9086489081382751
sub-cp030_ses-20211025_level-01B_run-001,sub-cp030,5,2000,42,51,50,0,0,1.0,0.05,2.136281010805804,0.1,1.4980049304548677,1.4980049304548677,0.9009983539581299,0.8879762887954712,0.8834384679794312,0.8470362424850464
sub-cp030_ses-20211025_level-01B_run-007,sub-cp030,5,2000,42,51,50,0,0,1.0,0.05,1.9482218507550657,0.1,0.9388220277299051,1.0,0.8882587552070618,0.8730857372283936,0.8559194207191467,0.8011230230331421
sub-cp030_ses-20211025_level-01B_run-012,sub-cp030,5,2000,42,51,50,0,0,1.0,0.05,1.9217204707154334,0.1,0.6787558679538113,1.0,0.8804832100868225,0.8548412919044495,0.8377239108085632,0.8000957369804382
sub-cp030_ses-20211025_level-02B_run-003,sub-cp030,5,2000,42,51,50,1,0,2.0,0.05,2.2968015533239297,0.1,1.7322306706346207,1.7322306706346207,0.8662503957748413,0.8628542423248291,0.8649241924285889,0.833760142326355
sub-cp030_ses-20211025_level-02B_run-008,sub-cp030,5,2000,42,51,50,1,1,2.0,0.05,2.1814214725415995,0.1,2.223568232063375,2.223568232063375,0.9015902280807495,0.9155909419059753,0.9115418791770935,0.8286235332489014
sub-cp030_ses-20211025_level-02B_run-010,sub-cp030,5,2000,42,51,50,1,1,2.0,0.05,2.0593963275530713,0.1,1.5105468366496047,1.5105468366496047,0.8992091417312622,0.9005438089370728,0.8872634768486023,0.817639172077179
sub-cp030_ses-20211025_level-03B_run-002,sub-cp030,5,2000,42,51,50,2,3,3.0,0.05,2.7048465904348755,0.1,2.629891955712439,2.629891955712439,0.8035749197006226,0.7980850338935852,0.814268946647644,0.8245669603347778
sub-cp030_ses-20211025_level-03B_run-011,sub-cp030,5,2000,42,51,50,2,2,3.0,0.05,2.4089089104090116,0.1,2.9246137378462156,2.9246137378462156,0.893276572227478,0.9047068953514099,0.9139590859413147,0.8714811205863953
sub-cp030_ses-20211025_level-04B_run-004,sub-cp030,5,2000,42,51,50,3,3,4.0,0.05,2.7884220345872297,0.1,3.3534057144364477,3.3534057144364477,0.821951150894165,0.8057325482368469,0.8199267983436584,0.8507503867149353
sub-cp030_ses-20211025_level-04B_run-006,sub-cp030,5,2000,42,51,50,3,3,4.0,0.05,3.0283962445217094,0.1,3.3109724980382933,3.3109724980382933,0.7660961151123047,0.7492503523826599,0.7704669237136841,0.8189035654067993
sub-cp030_ses-20211025_level-04B_run-009,sub-cp030,5,2000,42,51,50,3,3,4.0,0.05,3.303318532930856,0.1,4.210281708687674,4.0,0.8263635635375977,0.8186524510383606,0.8427973985671997,0.9117308855056763
sub-cp032_ses-20211105_level-01B_run-001,sub-cp032,5,2000,42,51,50,0,1,1.0,0.05,2.205429330517459,0.1,1.844976189026419,1.844976189026419,0.9045498371124268,0.9103707671165466,0.9049543142318726,0.8526206016540527
sub-cp032_ses-20211105_level-01B_run-007,sub-cp032,5,2000,42,51,50,0,1,1.0,0.05,2.176677116978973,0.1,1.780194056346433,1.780194056346433,0.906446635723114,0.9079825282096863,0.9018995761871338,0.8514615893363953
sub-cp032_ses-20211105_level-01B_run-012,sub-cp032,5,2000,42,51,50,0,0,1.0,0.05,2.133317712936942,0.1,1.2740559678477898,1.2740559678477898,0.916011393070221,0.9131896495819092,0.9016605019569397,0.8599962592124939
sub-cp032_ses-20211105_level-02B_run-003,sub-cp032,5,2000,42,51,50,1,1,2.0,0.05,2.2074550393270984,0.1,2.249948525634712,2.249948525634712,0.8983482122421265,0.913855254650116,0.9042105674743652,0.8435591459274292
sub-cp032_ses-20211105_level-02B_run-008,sub-cp032,5,2000,42,51,50,1,1,2.0,0.05,2.218456367162575,0.1,2.3666617454480923,2.3666617454480923,0.8970029354095459,0.9078259468078613,0.9003058075904846,0.8469572067260742
sub-cp032_ses-20211105_level-02B_run-010,sub-cp032,5,2000,42,51,50,1,1,2.0,0.05,2.225524029030867,0.1,2.3734748552899982,2.3734748552899982,0.8862139582633972,0.9057378768920898,0.8966401219367981,0.8323903679847717
sub-cp032_ses-20211105_level-03B_run-002,sub-cp032,5,2000,42,51,50,2,2,3.0,0.05,2.345247532831808,0.1,2.9831534072041324,2.9831534072041324,0.8876668810844421,0.9136986136436462,0.9157388210296631,0.8499601483345032
sub-cp032_ses-20211105_level-03B_run-005,sub-cp032,5,2000,42,51,50,2,2,3.0,0.05,2.307984213401991,0.1,2.669546930480083,2.669546930480083,0.8875457644462585,0.9066905379295349,0.9070793390274048,0.845982551574707
sub-cp032_ses-20211105_level-03B_run-011,sub-cp032,5,2000,42,51,50,2,2,3.0,0.05,2.4243127546936982,0.1,3.102582608266199,3.102582608266199,0.8899537920951843,0.9100184440612793,0.91935133934021,0.868293821811676
sub-cp032_ses-20211105_level-04B_run-004,sub-cp032,5,2000,42,51,50,3,3,4.0,0.05,2.6695635097054593,0.1,3.401447334356629,3.401447334356629,0.8942720890045166,0.8960153460502625,0.9085137248039246,0.9127054810523987
sub-cp032_ses-20211105_level-04B_run-006,sub-cp032,5,2000,42,51,50,3,3,4.0,0.05,2.956379668329964,0.1,3.3295184966623443,3.3295184966623443,0.8579636216163635,0.8529359102249146,0.8670492172241211,0.906752347946167
sub-cp032_ses-20211105_level-04B_run-009,sub-cp032,5,2000,42,51,50,3,3,4.0,0.05,2.8493617081389027,0.1,3.636403848988893,3.636403848988893,0.8830122947692871,0.8837870955467224,0.9009167551994324,0.9217406511306763
sub-cp035_ses-20220125_level-01B_run-001,sub-cp035,5,2000,42,51,50,0,1,1.0,0.05,2.2157953519060007,0.1,1.8471737437870424,1.8471737437870424,0.8996127247810364,0.9027363061904907,0.8953917026519775,0.8545699119567871
sub-cp035_ses-20220125_level-01B_run-007,sub-cp035,5,2000,42,51,50,0,0,1.0,0.05,2.075311833648131,0.1,1.221480347300033,1.221480347300033,0.929840624332428,0.9226642847061157,0.9128965735435486,0.8605757355690002
sub-cp035_ses-20220125_level-01B_run-012,sub-cp035,5,2000,42,51,50,0,0,1.0,0.05,2.1584126310690324,0.1,1.7460797915736748,1.7460797915736748,0.9077649712562561,0.8989255428314209,0.8897072672843933,0.8597328066825867
sub-cp035_ses-20220125_level-02B_run-003,sub-cp035,5,2000,42,51,50,1,1,2.0,0.05,2.2493189102397615,0.1,2.259745120490403,2.259745120490403,0.9062448143959045,0.9162434339523315,0.9104793667793274,0.8629727959632874
sub-cp035_ses-20220125_level-02B_run-008,sub-cp035,5,2000,42,51,50,1,1,2.0,0.05,2.207686696037554,0.1,2.387641991610041,2.387641991610041,0.910092294216156,0.9328696727752686,0.923734188079834,0.8456928133964539
sub-cp035_ses-20220125_level-02B_run-010,sub-cp035,5,2000,42,51,50,1,1,2.0,0.05,2.2137485269886668,0.1,2.2958606430789836,2.2958606430789836,0.9152311682701111,0.9267098903656006,0.920998215675354,0.8607074618339539
sub-cp035_ses-20220125_level-03B_run-002,sub-cp035,5,2000,42,51,50,2,2,3.0,0.05,2.5365614156366756,0.1,3.374152685058935,3.374152685058935,0.8499189615249634,0.8682309985160828,0.8830400109291077,0.8481162190437317
sub-cp035_ses-20220125_level-03B_run-005,sub-cp035,5,2000,42,51,50,2,2,3.0,0.05,2.4021534969233223,0.1,3.0784554370133748,3.0784554370133748,0.9000431895256042,0.9096269011497498,0.919590413570404,0.8768811225891113
sub-cp035_ses-20220125_level-03B_run-011,sub-cp035,5,2000,42,51,50,2,2,3.0,0.05,2.3293214263860196,0.1,3.0649939475886945,3.0649939475886945,0.9002584218978882,0.9208241701126099,0.9247701168060303,0.8589425683021545
sub-cp035_ses-20220125_level-04B_run-004,sub-cp035,5,2000,42,51,50,3,3,4.0,0.05,3.1716086973621067,0.1,4.112189191498453,4.0,0.8455469012260437,0.8479114770889282,0.8697054982185364,0.9200811386108398
sub-cp035_ses-20220125_level-04B_run-006,sub-cp035,5,2000,42,51,50,3,3,4.0,0.05,3.1351439881403538,0.1,4.285800905664634,4.0,0.85609370470047,0.8546715974807739,0.8784711956977844,0.9252703785896301
sub-cp035_ses-20220125_level-04B_run-009,sub-cp035,5,2000,42,51,50,3,3,4.0,0.05,3.0228641974654087,0.1,3.899095144254197,3.899095144254197,0.8609366416931152,0.8571251034736633,0.8762133717536926,0.9170518517494202
sub-cp005_ses-20210226_level-01B_run-001,sub-cp005,5,5000,42,51,50,0,0,1.0,0.05,2.0756741840565835,0.01,1.7012162016785364,1.7012162016785364,0.8960452079772949,0.8859081268310547,0.8760390877723694,0.8304219245910645
sub-cp005_ses-20210226_level-01B_run-007,sub-cp005,5,5000,42,51,50,0,1,1.0,0.05,2.0294152508797625,0.01,1.6697622985965652,1.6697622985965652,0.9256457686424255,0.9361085295677185,0.9125365018844604,0.8345916271209717
sub-cp005_ses-20210226_level-01B_run-012,sub-cp005,5,5000,42,51,50,0,1,1.0,0.05,1.988199365012371,0.01,1.1674619310483565,1.1674619310483565,0.9255427718162537,0.9307388663291931,0.9057453274726868,0.8294034004211426
sub-cp005_ses-20210226_level-02B_run-003,sub-cp005,5,5000,42,51,50,1,2,2.0,0.05,2.5303070125943132,0.01,2.4600619219248507,2.4600619219248507,0.8343069553375244,0.8500686883926392,0.8602249622344971,0.8342627286911011
sub-cp005_ses-20210226_level-02B_run-008,sub-cp005,5,5000,42,51,50,1,1,2.0,0.05,2.1465429420129096,0.01,2.2256757212575,2.2256757212575,0.8964301347732544,0.9257524609565735,0.9065888524055481,0.8150801062583923
sub-cp005_ses-20210226_level-02B_run-010,sub-cp005,5,5000,42,51,50,1,1,2.0,0.05,2.1568358429509447,0.01,2.180293709631102,2.180293709631102,0.9098262786865234,0.9307651519775391,0.9151739478111267,0.8400875329971313
sub-cp005_ses-20210226_level-03B_run-002,sub-cp005,5,5000,42,51,50,2,3,3.0,0.05,3.000063383565619,0.01,2.7511739162015503,2.7511739162015503,0.7677490711212158,0.7589741349220276,0.7738186120986938,0.8199288249015808
sub-cp005_ses-20210226_level-03B_run-005,sub-cp005,5,5000,42,51,50,2,2,3.0,0.05,2.428420262591079,0.01,3.5564042323316962,3.5564042323316962,0.868353009223938,0.8999856114387512,0.9131985306739807,0.8366392850875854
sub-cp005_ses-20210226_level-03B_run-011,sub-cp005,5,5000,42,51,50,2,2,3.0,0.05,2.5252116562020372,0.01,2.7746132559731,2.7746132559731,0.8885746002197266,0.8902541995048523,0.9048804044723511,0.8863464593887329
sub-cp005_ses-20210226_level-04B_run-004,sub-cp005,5,5000,42,51,50,3,3,4.0,0.05,3.0237317847271425,0.01,3.3809961768275825,3.3809961768275825,0.7624849677085876,0.7576671838760376,0.7790294885635376,0.8183903694152832
sub-cp005_ses-20210226_level-04B_run-006,sub-cp005,5,5000,42,51,50,3,3,4.0,0.05,3.1969874804315745,0.01,4.501975528366248,4.0,0.8431220650672913,0.8438434600830078,0.8685644865036011,0.9200326800346375
sub-cp005_ses-20210226_level-04B_run-009,sub-cp005,5,5000,42,51,50,3,3,4.0,0.05,2.980268705686399,0.01,3.769915267499908,3.769915267499908,0.8436804413795471,0.8300546407699585,0.8498566746711731,0.8924471139907837
sub-cp017_ses-20210521_level-01B_run-001,sub-cp017,5,5000,42,51,50,0,1,1.0,0.05,2.0254546708689403,0.01,1.5449488933148339,1.5449488933148339,0.9240301847457886,0.9277732968330383,0.9092049598693848,0.8343369960784912
sub-cp017_ses-20210521_level-01B_run-007,sub-cp017,5,5000,42,51,50,0,1,1.0,0.05,1.9944723857886713,0.01,1.3782624466591193,1.3782624466591193,0.8847850561141968,0.8920125365257263,0.8675500750541687,0.7855741381645203
sub-cp017_ses-20210521_level-01B_run-012,sub-cp017,5,5000,42,51,50,0,1,1.0,0.05,2.0487994933758933,0.01,1.3528933801251757,1.3528933801251757,0.861484169960022,0.8707860708236694,0.8518106937408447,0.7716646194458008
sub-cp017_ses-20210521_level-02B_run-003,sub-cp017,5,5000,42,51,50,1,1,2.0,0.05,2.176394503543257,0.01,2.366906312526689,2.366906312526689,0.8805835247039795,0.9171180129051208,0.9002461433410645,0.79392409324646
sub-cp017_ses-20210521_level-02B_run-008,sub-cp017,5,5000,42,51,50,1,1,2.0,0.05,2.2107949863139704,0.01,2.1031423991771754,2.1031423991771754,0.8448352217674255,0.8771004676818848,0.8619548082351685,0.7812134623527527
sub-cp017_ses-20210521_level-02B_run-010,sub-cp017,5,5000,42,51,50,1,1,2.0,0.05,2.1140825988549654,0.01,2.0024258192256488,2.0024258192256488,0.9038844704627991,0.9273008704185486,0.9064393639564514,0.8216263651847839
sub-cp017_ses-20210521_level-03B_run-002,sub-cp017,5,5000,42,51,50,2,2,3.0,0.05,2.3160914635131293,0.01,3.2339655133755043,3.2339655133755043,0.8592830896377563,0.8905953764915466,0.8953235745429993,0.7986878752708435
sub-cp017_ses-20210521_level-03B_run-005,sub-cp017,5,5000,42,51,50,2,1,3.0,0.05,2.2402282602577333,0.01,2.8441313917110236,2.8441313917110236,0.9046597480773926,0.9261513352394104,0.9242823123931885,0.8401724100112915
sub-cp017_ses-20210521_level-03B_run-011,sub-cp017,5,5000,42,51,50,2,2,3.0,0.05,2.3376746158861113,0.01,3.0495921708007616,3.0495921708007616,0.8762247562408447,0.9075335264205933,0.9131878614425659,0.8237589597702026
sub-cp017_ses-20210521_level-04B_run-004,sub-cp017,5,5000,42,51,50,3,3,4.0,0.05,2.999295277538516,0.01,4.069709070235124,4.0,0.862470805644989,0.8623772859573364,0.8785377740859985,0.9172953367233276
sub-cp017_ses-20210521_level-04B_run-006,sub-cp017,5,5000,42,51,50,3,3,4.0,0.05,3.1579525255798586,0.01,4.646938993055604,4.0,0.841712474822998,0.8432871103286743,0.863940954208374,0.9143458008766174
sub-cp017_ses-20210521_level-04B_run-009,sub-cp017,5,5000,42,51,50,3,3,4.0,0.05,3.0221485197460005,0.01,4.054426635682023,4.0,0.8619287014007568,0.8570234179496765,0.8715329766273499,0.9175711870193481
sub-cp022_ses-20210621_level-01B_run-001,sub-cp022,5,5000,42,51,50,0,0,1.0,0.05,2.237299453589917,0.01,1.881395388131271,1.881395388131271,0.899265468120575,0.8842599391937256,0.8772243857383728,0.8668773770332336
sub-cp022_ses-20210621_level-01B_run-007,sub-cp022,5,5000,42,51,50,0,0,1.0,0.05,2.3168374459207497,0.01,1.26413332295355,1.26413332295355,0.8685427308082581,0.846872091293335,0.8417413830757141,0.848288893699646
sub-cp022_ses-20210621_level-01B_run-012,sub-cp022,5,5000,42,51,50,0,1,1.0,0.05,2.1545657257716115,0.01,1.4650608313561246,1.4650608313561246,0.9170041084289551,0.9181888103485107,0.9078381657600403,0.8615724444389343
sub-cp022_ses-20210621_level-02B_run-003,sub-cp022,5,5000,42,51,50,1,0,2.0,0.05,2.2709608861029467,0.01,1.8850739076731768,1.8850739076731768,0.9011792540550232,0.8907528519630432,0.8910630345344543,0.8682778477668762
sub-cp022_ses-20210621_level-02B_run-008,sub-cp022,5,5000,42,51,50,1,2,2.0,0.05,2.462713493448375,0.01,2.370396136930455,2.370396136930455,0.8721750378608704,0.8681195974349976,0.8728463649749756,0.8654874563217163
sub-cp022_ses-20210621_level-02B_run-010,sub-cp022,5,5000,42,51,50,1,2,2.0,0.05,2.482000105761407,0.01,2.238318025657791,2.238318025657791,0.8933074474334717,0.8975868821144104,0.9055744409561157,0.8872588872909546
sub-cp022_ses-20210621_level-03B_run-002,sub-cp022,5,5000,42,51,50,2,3,3.0,0.05,2.8801658339056844,0.01,3.2151879671852237,3.2151879671852237,0.8468682169914246,0.8417386412620544,0.8618373870849609,0.8872801065444946
sub-cp022_ses-20210621_level-03B_run-005,sub-cp022,5,5000,42,51,50,2,2,3.0,0.05,2.6446536914351455,0.01,2.9391568611461127,2.9391568611461127,0.8693180084228516,0.8698464632034302,0.8883295059204102,0.8828451633453369
sub-cp022_ses-20210621_level-03B_run-011,sub-cp022,5,5000,42,51,50,2,2,3.0,0.05,2.616560552779248,0.01,2.9248182169626333,2.9248182169626333,0.8891438245773315,0.882627546787262,0.8993491530418396,0.8990782499313354
sub-cp022_ses-20210621_level-04B_run-004,sub-cp022,5,5000,42,51,50,3,3,4.0,0.05,3.2160995036267988,0.01,3.742078913905296,3.742078913905296,0.8392078280448914,0.8286007046699524,0.8536046147346497,0.9138471484184265
sub-cp022_ses-20210621_level-04B_run-006,sub-cp022,5,5000,42,51,50,3,3,4.0,0.05,3.2757347253228204,0.01,4.011842943733223,4.0,0.8121336698532104,0.8014639019966125,0.8230228424072266,0.8929882049560547
sub-cp022_ses-20210621_level-04B_run-009,sub-cp022,5,5000,42,51,50,3,3,4.0,0.05,3.2279949959103638,0.01,4.032957404057614,4.0,0.8380639553070068,0.8384528756141663,0.8670161962509155,0.918695867061615
sub-cp028_ses-20211214_level-01B_run-001,sub-cp028,5,5000,42,51,50,0,1,1.0,0.05,2.097299128748575,0.01,1.6029755294992678,1.6029755294992678,0.8659459352493286,0.8694790601730347,0.8569254875183105,0.7936376333236694
sub-cp028_ses-20211214_level-01B_run-007,sub-cp028,5,5000,42,51,50,0,0,1.0,0.05,2.0396671131187705,0.01,1.3006929917971068,1.3006929917971068,0.9065029621124268,0.8892831206321716,0.8811965584754944,0.837063729763031
sub-cp028_ses-20211214_level-01B_run-012,sub-cp028,5,5000,42,51,50,0,0,1.0,0.05,2.2169064267258003,0.01,1.2468697497180514,1.2468697497180514,0.8230901956558228,0.796356737613678,0.7838345766067505,0.7935103178024292
sub-cp028_ses-20211214_level-02B_run-003,sub-cp028,5,5000,42,51,50,1,1,2.0,0.05,2.2249164866850877,0.01,2.0843036887853374,2.0843036887853374,0.8918816447257996,0.9185457229614258,0.9092156291007996,0.8297216892242432
sub-cp028_ses-20211214_level-02B_run-008,sub-cp028,5,5000,42,51,50,1,1,2.0,0.05,2.044000302954781,0.01,1.790886718582088,1.790886718582088,0.9029303193092346,0.9107353687286377,0.8874965906143188,0.8227298259735107
sub-cp028_ses-20211214_level-02B_run-010,sub-cp028,5,5000,42,51,50,1,1,2.0,0.05,2.1047335772338087,0.01,1.5792389012323977,1.5792389012323977,0.9170963168144226,0.9272221326828003,0.9131771922111511,0.8399602174758911
sub-cp028_ses-20211214_level-03B_run-002,sub-cp028,5,5000,42,51,50,2,2,3.0,0.05,2.4091546414552325,0.01,3.098812160528902,3.098812160528902,0.8548159003257751,0.8887372612953186,0.899146318435669,0.8192815780639648
sub-cp028_ses-20211214_level-03B_run-005,sub-cp028,5,5000,42,51,50,2,2,3.0,0.05,2.2954044787312022,0.01,2.830329942873329,2.830329942873329,0.8855983018875122,0.9145932793617249,0.9182599186897278,0.8210640549659729
sub-cp028_ses-20211214_level-03B_run-011,sub-cp028,5,5000,42,51,50,2,2,3.0,0.05,2.3613575907372812,0.01,2.7843859849132984,2.7843859849132984,0.888520359992981,0.9104939103126526,0.9171066880226135,0.8520978689193726
sub-cp028_ses-20211214_level-04B_run-004,sub-cp028,5,5000,42,51,50,3,3,4.0,0.05,3.20976551760179,0.01,4.117115474788885,4.0,0.8429702520370483,0.8409250974655151,0.8646456599235535,0.9200857281684875
sub-cp028_ses-20211214_level-04B_run-006,sub-cp028,5,5000,42,51,50,3,3,4.0,0.05,3.0891160799855983,0.01,3.793495734700736,3.793495734700736,0.8547074794769287,0.8492236137390137,0.8703370690345764,0.9173271656036377
sub-cp028_ses-20211214_level-04B_run-009,sub-cp028,5,5000,42,51,50,3,3,4.0,0.05,2.9682553795291953,0.01,3.4542496435325387,3.4542496435325387,0.8581608533859253,0.8439169526100159,0.8678597807884216,0.9054759740829468
sub-cp030_ses-20211025_level-01B_run-001,sub-cp030,5,5000,42,51,50,0,0,1.0,0.05,2.1241965046079962,0.01,1.614956409179289,1.614956409179289,0.8856199979782104,0.8672062754631042,0.8641437888145447,0.8318648934364319
sub-cp030_ses-20211025_level-01B_run-007,sub-cp030,5,5000,42,51,50,0,0,1.0,0.05,1.8962010237876945,0.01,1.1745871284175555,1.1745871284175555,0.8895938396453857,0.8700249791145325,0.8499100208282471,0.7965022921562195
sub-cp030_ses-20211025_level-01B_run-012,sub-cp030,5,5000,42,51,50,0,0,1.0,0.05,1.9073198743374753,0.01,0.7768451644176662,1.0,0.8834406137466431,0.8572229146957397,0.8394029140472412,0.8006507158279419
sub-cp030_ses-20211025_level-02B_run-003,sub-cp030,5,5000,42,51,50,1,2,2.0,0.05,2.3228549738981563,0.01,1.952468143328606,1.952468143328606,0.8509613275527954,0.8493548035621643,0.852419376373291,0.8219234347343445
sub-cp030_ses-20211025_level-02B_run-008,sub-cp030,5,5000,42,51,50,1,1,2.0,0.05,2.131687452341053,0.01,1.9950142579231362,1.9950142579231362,0.9010978937149048,0.9123415350914001,0.9022322297096252,0.825063943862915
sub-cp030_ses-20211025_level-02B_run-010,sub-cp030,5,5000,42,51,50,1,1,2.0,0.05,2.0459817067229893,0.01,1.380073409041636,1.380073409041636,0.891144335269928,0.8918288350105286,0.8772243857383728,0.8079927563667297
sub-cp030_ses-20211025_level-03B_run-002,sub-cp030,5,5000,42,51,50,2,3,3.0,0.05,2.7259566406545783,0.01,2.3829874426479662,2.3829874426479662,0.7964876294136047,0.7852133512496948,0.8014639616012573,0.8191012144088745
sub-cp030_ses-20211025_level-03B_run-011,sub-cp030,5,5000,42,51,50,2,2,3.0,0.05,2.4395102138223166,0.01,3.128639879774979,3.128639879774979,0.8837984204292297,0.8939336538314819,0.9059054851531982,0.8665696978569031
sub-cp030_ses-20211025_level-04B_run-004,sub-cp030,5,5000,42,51,50,3,3,4.0,0.05,2.8244298096593496,0.01,3.598785441518246,3.598785441518246,0.8101765513420105,0.7886093854904175,0.8045392036437988,0.8415834903717041
sub-cp030_ses-20211025_level-04B_run-006,sub-cp030,5,5000,42,51,50,3,3,4.0,0.05,3.0724353202373944,0.01,3.4105662189363137,3.4105662189363137,0.7639867067337036,0.745652437210083,0.7657033205032349,0.8208200335502625
sub-cp030_ses-20211025_level-04B_run-009,sub-cp030,5,5000,42,51,50,3,3,4.0,0.05,3.276053341553462,0.01,3.9001192356443415,3.9001192356443415,0.8209379315376282,0.8107439875602722,0.8307003378868103,0.9018580317497253
sub-cp032_ses-20211105_level-01B_run-001,sub-cp032,5,5000,42,51,50,0,1,1.0,0.05,2.2009898713576903,0.01,1.6313279477410827,1.6313279477410827,0.9001057744026184,0.9084311127662659,0.9019973278045654,0.8459123373031616
sub-cp032_ses-20211105_level-01B_run-007,sub-cp032,5,5000,42,51,50,0,1,1.0,0.05,2.152482552141624,0.01,1.6099202336686624,1.6099202336686624,0.898078203201294,0.8999279141426086,0.8910630345344543,0.8396418690681458
sub-cp032_ses-20211105_level-01B_run-012,sub-cp032,5,5000,42,51,50,0,0,1.0,0.05,2.146762809860613,0.01,1.313994723242594,1.313994723242594,0.9101406931877136,0.9063577651977539,0.8956759572029114,0.8572860956192017
sub-cp032_ses-20211105_level-02B_run-003,sub-cp032,5,5000,42,51,50,1,1,2.0,0.05,2.1737748793646,0.01,1.921048168302752,1.921048168302752,0.8968963623046875,0.9098272919654846,0.8973737359046936,0.8382095694541931
sub-cp032_ses-20211105_level-02B_run-008,sub-cp032,5,5000,42,51,50,1,1,2.0,0.05,2.2372519383584533,0.01,2.3981400824898067,2.3981400824898067,0.8936381340026855,0.9064522385597229,0.9001607298851013,0.8456258177757263
sub-cp032_ses-20211105_level-02B_run-010,sub-cp032,5,5000,42,51,50,1,1,2.0,0.05,2.2130401123128585,0.01,2.4117046192875793,2.4117046192875793,0.887430727481842,0.9059116244316101,0.8959535956382751,0.8318648934364319
sub-cp032_ses-20211105_level-03B_run-002,sub-cp032,5,5000,42,51,50,2,2,3.0,0.05,2.3327274362920383,0.01,3.1100161449342165,3.1100161449342165,0.8829472661018372,0.9102734327316284,0.9121307134628296,0.8403527736663818
sub-cp032_ses-20211105_level-03B_run-005,sub-cp032,5,5000,42,51,50,2,1,3.0,0.05,2.3010282265689717,0.01,2.8198361905377993,2.8198361905377993,0.8866337537765503,0.9043946862220764,0.9042290449142456,0.8448513150215149
sub-cp032_ses-20211105_level-03B_run-011,sub-cp032,5,5000,42,51,50,2,2,3.0,0.05,2.3822759080325713,0.01,2.8910269355648373,2.8910269355648373,0.8889378309249878,0.9064575433731079,0.9131878614425659,0.8608085513114929
sub-cp032_ses-20211105_level-04B_run-004,sub-cp032,5,5000,42,51,50,3,3,4.0,0.05,2.763754036447801,0.01,3.762081158251711,3.762081158251711,0.8801281452178955,0.8796933889389038,0.8954517245292664,0.9089453816413879
sub-cp032_ses-20211105_level-04B_run-006,sub-cp032,5,5000,42,51,50,3,3,4.0,0.05,3.0586865879277405,0.01,3.7371303423080655,3.7371303423080655,0.8490367531776428,0.8426100015640259,0.8598299026489258,0.9080223441123962
sub-cp032_ses-20211105_level-04B_run-009,sub-cp032,5,5000,42,51,50,3,3,4.0,0.05,2.8731794713710572,0.01,3.2923627643053344,3.2923627643053344,0.8721750378608704,0.8700931668281555,0.8882226943969727,0.9127331376075745
sub-cp035_ses-20220125_level-01B_run-001,sub-cp035,5,5000,42,51,50,0,1,1.0,0.05,2.2241451948160327,0.01,1.9049430800548968,1.9049430800548968,0.8914207816123962,0.8938916921615601,0.8888527154922485,0.8464640378952026
sub-cp035_ses-20220125_level-01B_run-007,sub-cp035,5,5000,42,51,50,0,0,1.0,0.05,2.080993162066382,0.01,1.1073158963810976,1.1073158963810976,0.9178010821342468,0.9159370064735413,0.9046134352684021,0.8456258177757263
sub-cp035_ses-20220125_level-01B_run-012,sub-cp035,5,5000,42,51,50,0,0,1.0,0.05,2.1687788138496473,0.01,1.5726579974299764,1.5726579974299764,0.9023502469062805,0.8984162211418152,0.8886925578117371,0.8537105321884155
sub-cp035_ses-20220125_level-02B_run-003,sub-cp035,5,5000,42,51,50,1,1,2.0,0.05,2.241734511831243,0.01,2.1999537693337428,2.1999537693337428,0.9035429358482361,0.9159685373306274,0.907934308052063,0.8591639995574951
sub-cp035_ses-20220125_level-02B_run-008,sub-cp035,5,5000,42,51,50,1,1,2.0,0.05,2.2073707313388504,0.01,2.2927072175731444,2.2927072175731444,0.8987179398536682,0.9273481369018555,0.9160282015800476,0.8301036357879639
sub-cp035_ses-20220125_level-02B_run-010,sub-cp035,5,5000,42,51,50,1,1,2.0,0.05,2.190195873561558,0.01,2.4306664907449913,2.4306664907449913,0.908254086971283,0.9218944907188416,0.9117036461830139,0.8506973385810852
sub-cp035_ses-20220125_level-03B_run-002,sub-cp035,5,5000,42,51,50,2,2,3.0,0.05,2.483650092626031,0.01,3.104824846510203,3.104824846510203,0.8463911414146423,0.8631436824798584,0.8743733167648315,0.8369788527488708
sub-cp035_ses-20220125_level-03B_run-005,sub-cp035,5,5000,42,51,50,2,2,3.0,0.05,2.428889572113226,0.01,3.2923014799768886,3.2923014799768886,0.8882601857185364,0.9001430869102478,0.9121841192245483,0.868171751499176
sub-cp035_ses-20220125_level-03B_run-011,sub-cp035,5,5000,42,51,50,2,2,3.0,0.05,2.3391043468056276,0.01,2.9601877980142834,2.9601877980142834,0.8900275230407715,0.9169395565986633,0.9220826625823975,0.8442783951759338
sub-cp035_ses-20220125_level-04B_run-004,sub-cp035,5,5000,42,51,50,3,3,4.0,0.05,3.201592152968856,0.01,4.131262592441737,4.0,0.8386006355285645,0.8381221890449524,0.8612821102142334,0.9153962135314941
sub-cp035_ses-20220125_level-04B_run-006,sub-cp035,5,5000,42,51,50,3,3,4.0,0.05,3.134742058351938,0.01,4.4331144162493965,4.0,0.8506035208702087,0.8460795283317566,0.8711592555046082,0.9186534285545349
sub-cp035_ses-20220125_level-04B_run-009,sub-cp035,5,5000,42,51,50,3,3,4.0,0.05,3.0897756546468593,0.01,4.165710172468939,4.0,0.8533955216407776,0.8474494814872742,0.8693974018096924,0.9159585237503052
sub-cp005_ses-20210226_level-01B_run-001,sub-cp005,5,10000,42,51,50,0,0,1.0,0.05,2.066406107867601,0.01,1.6164655241080064,1.6164655241080064,0.8966977596282959,0.8863417506217957,0.8746605515480042,0.8309908509254456
sub-cp005_ses-20210226_level-01B_run-007,sub-cp005,5,10000,42,51,50,0,1,1.0,0.05,2.0445446874584046,0.01,1.695186515080998,1.695186515080998,0.9226890802383423,0.932579517364502,0.9098459482192993,0.8380492925643921
sub-cp005_ses-20210226_level-01B_run-012,sub-cp005,5,10000,42,51,50,0,1,1.0,0.05,1.9977029597744422,0.01,1.2674995257251072,1.2674995257251072,0.9221276044845581,0.9251683354377747,0.9019426107406616,0.8313520550727844
sub-cp005_ses-20210226_level-02B_run-003,sub-cp005,5,10000,42,51,50,1,2,2.0,0.05,2.5368543044545797,0.01,2.3770730980857007,2.3770730980857007,0.8387638926506042,0.8526144027709961,0.8633562922477722,0.8395947813987732
sub-cp005_ses-20210226_level-02B_run-008,sub-cp005,5,10000,42,51,50,1,1,2.0,0.05,2.1519286573866196,0.01,2.126775173387592,2.126775173387592,0.8953632116317749,0.9245089292526245,0.9052098393440247,0.8177556991577148
sub-cp005_ses-20210226_level-02B_run-010,sub-cp005,5,10000,42,51,50,1,1,2.0,0.05,2.153007967884963,0.01,1.95379545799234,1.95379545799234,0.9126066565513611,0.9313893914222717,0.9152842164039612,0.8454582095146179
sub-cp005_ses-20210226_level-03B_run-002,sub-cp005,5,10000,42,51,50,2,3,3.0,0.05,3.0163676831533577,0.01,3.0646225197010724,3.0646225197010724,0.7680350542068481,0.7605775594711304,0.7774780988693237,0.822296679019928
sub-cp005_ses-20210226_level-03B_run-005,sub-cp005,5,10000,42,51,50,2,2,3.0,0.05,2.428013157166103,0.01,3.405326754631422,3.405326754631422,0.8687751293182373,0.8991149067878723,0.9109368324279785,0.8399931192398071
sub-cp005_ses-20210226_level-03B_run-011,sub-cp005,5,10000,42,51,50,2,2,3.0,0.05,2.5414224270744006,0.01,2.9254894711194646,2.9254894711194646,0.8847681283950806,0.8882279992103577,0.9039959907531738,0.8844043016433716
sub-cp005_ses-20210226_level-04B_run-004,sub-cp005,5,10000,42,51,50,3,3,4.0,0.05,2.984508394185257,0.01,3.6874710818915712,3.6874710818915712,0.7679618000984192,0.7627817392349243,0.7826489806175232,0.8195827007293701
sub-cp005_ses-20210226_level-04B_run-006,sub-cp005,5,10000,42,51,50,3,3,4.0,0.05,3.152408342177164,0.01,4.43744082477475,4.0,0.8467386960983276,0.8499399423599243,0.8732541799545288,0.9196060299873352
sub-cp005_ses-20210226_level-04B_run-009,sub-cp005,5,10000,42,51,50,3,3,4.0,0.05,2.932632980769924,0.01,3.632564065948461,3.632564065948461,0.8437793254852295,0.8297556042671204,0.8474105000495911,0.8876121640205383
sub-cp017_ses-20210521_level-01B_run-001,sub-cp017,5,10000,42,51,50,0,1,1.0,0.05,2.026089525779888,0.01,1.397153053131953,1.397153053131953,0.9227595925331116,0.9261640310287476,0.9067659378051758,0.8357973694801331
sub-cp017_ses-20210521_level-01B_run-007,sub-cp017,5,10000,42,51,50,0,1,1.0,0.05,1.9944606967857506,0.01,1.218985619287067,1.218985619287067,0.8838404417037964,0.8906134366989136,0.8663347363471985,0.7853263020515442
sub-cp017_ses-20210521_level-01B_run-012,sub-cp017,5,10000,42,51,50,0,1,1.0,0.05,2.034285199026828,0.01,1.3103521481429796,1.3103521481429796,0.860811173915863,0.8685769438743591,0.8480575680732727,0.7709811329841614
sub-cp017_ses-20210521_level-02B_run-003,sub-cp017,5,10000,42,51,50,1,1,2.0,0.05,2.1764766927323733,0.01,2.2490003786552233,2.2490003786552233,0.8769587874412537,0.912600040435791,0.8956648707389832,0.7928733229637146
sub-cp017_ses-20210521_level-02B_run-008,sub-cp017,5,10000,42,51,50,1,1,2.0,0.05,2.2102575830926776,0.01,2.1427300462479266,2.1427300462479266,0.8470072150230408,0.8786625862121582,0.863939106464386,0.7830691337585449
sub-cp017_ses-20210521_level-02B_run-010,sub-cp017,5,10000,42,51,50,1,1,2.0,0.05,2.1245264852159265,0.01,1.9239377861555533,1.9239377861555533,0.9062946438789368,0.9278769493103027,0.9083433747291565,0.8295568823814392
sub-cp017_ses-20210521_level-03B_run-002,sub-cp017,5,10000,42,51,50,2,2,3.0,0.05,2.3360046312006078,0.01,3.2983888682075593,3.2983888682075593,0.8550443649291992,0.8876237869262695,0.8939002156257629,0.7984340190887451
sub-cp017_ses-20210521_level-03B_run-005,sub-cp017,5,10000,42,51,50,2,1,3.0,0.05,2.246053774238012,0.01,2.808108044210606,2.808108044210606,0.9003868103027344,0.9218081831932068,0.9195032715797424,0.8394673466682434
sub-cp017_ses-20210521_level-03B_run-011,sub-cp017,5,10000,42,51,50,2,2,3.0,0.05,2.3443789449991255,0.01,3.0934751354254058,3.0934751354254058,0.8742679953575134,0.9047343730926514,0.9101347327232361,0.8263065218925476
sub-cp017_ses-20210521_level-04B_run-004,sub-cp017,5,10000,42,51,50,3,3,4.0,0.05,2.9882370415676354,0.01,3.872512353487728,3.872512353487728,0.8628320097923279,0.8643656373023987,0.8814195394515991,0.9170142412185669
sub-cp017_ses-20210521_level-04B_run-006,sub-cp017,5,10000,42,51,50,3,3,4.0,0.05,3.0945959946372437,0.01,4.414307226276394,4.0,0.850810170173645,0.854293167591095,0.8733290433883667,0.9172107577323914
sub-cp017_ses-20210521_level-04B_run-009,sub-cp017,5,10000,42,51,50,3,3,4.0,0.05,3.029949949307163,0.01,4.082564925226233,4.0,0.860849142074585,0.8580998778343201,0.8726766705513,0.9180074334144592
sub-cp022_ses-20210621_level-01B_run-001,sub-cp022,5,10000,42,51,50,0,0,1.0,0.05,2.2505178824836154,0.01,1.8764590897619977,1.8764590897619977,0.8961308598518372,0.8817205429077148,0.875307559967041,0.8652897477149963
sub-cp022_ses-20210621_level-01B_run-007,sub-cp022,5,10000,42,51,50,0,0,1.0,0.05,2.334853898543333,0.01,1.4408423984624976,1.4408423984624976,0.8666946291923523,0.8462488055229187,0.841122031211853,0.8485545516014099
sub-cp022_ses-20210621_level-01B_run-012,sub-cp022,5,10000,42,51,50,0,1,1.0,0.05,2.1695053024675865,0.01,1.4638239086466813,1.4638239086466813,0.9151754379272461,0.9177045822143555,0.9084610342979431,0.861178994178772
sub-cp022_ses-20210621_level-02B_run-003,sub-cp022,5,10000,42,51,50,1,0,2.0,0.05,2.298974652802949,0.01,1.9451314361561673,1.9451314361561673,0.8983523845672607,0.8884539604187012,0.8887026309967041,0.8700750470161438
sub-cp022_ses-20210621_level-02B_run-008,sub-cp022,5,10000,42,51,50,1,0,2.0,0.05,2.4519808704636623,0.01,2.2148633138458074,2.2148633138458074,0.8752499222755432,0.8691785931587219,0.8742541074752808,0.8670955300331116
sub-cp022_ses-20210621_level-02B_run-010,sub-cp022,5,10000,42,51,50,1,2,2.0,0.05,2.50741760739276,0.01,2.272666458993061,2.272666458993061,0.8887148499488831,0.8937160968780518,0.9021191000938416,0.8863694071769714
sub-cp022_ses-20210621_level-03B_run-002,sub-cp022,5,10000,42,51,50,2,3,3.0,0.05,2.911694208391542,0.01,3.272196557518669,3.272196557518669,0.8405107259750366,0.8370617032051086,0.8591586351394653,0.8847123384475708
sub-cp022_ses-20210621_level-03B_run-005,sub-cp022,5,10000,42,51,50,2,2,3.0,0.05,2.6215358796097044,0.01,3.027457206746949,3.027457206746949,0.8690273761749268,0.871175229549408,0.8902480006217957,0.8792684674263
sub-cp022_ses-20210621_level-03B_run-011,sub-cp022,5,10000,42,51,50,2,3,3.0,0.05,2.630512135424283,0.01,2.9005375900243724,2.9005375900243724,0.8875511884689331,0.8806775808334351,0.8979695439338684,0.8990893959999084
sub-cp022_ses-20210621_level-04B_run-004,sub-cp022,5,10000,42,51,50,3,3,4.0,0.05,3.2037035534899383,0.01,3.924763885209611,3.924763885209611,0.8415550589561462,0.8325298428535461,0.8570143580436707,0.9153837561607361
sub-cp022_ses-20210621_level-04B_run-006,sub-cp022,5,10000,42,51,50,3,3,4.0,0.05,3.2506868217790794,0.01,3.952878211024971,3.952878211024971,0.8112345337867737,0.8016924262046814,0.8240426778793335,0.8898215889930725
sub-cp022_ses-20210621_level-04B_run-009,sub-cp022,5,10000,42,51,50,3,3,4.0,0.05,3.1732445751709757,0.01,3.9429323514214483,3.9429323514214483,0.8373045325279236,0.8408395051956177,0.8679015040397644,0.9129300117492676
sub-cp028_ses-20211214_level-01B_run-001,sub-cp028,5,10000,42,51,50,0,1,1.0,0.05,2.090648736967478,0.01,1.4581619178606042,1.4581619178606042,0.8694098591804504,0.8732690215110779,0.8589233160018921,0.797286868095398
sub-cp028_ses-20211214_level-01B_run-007,sub-cp028,5,10000,42,51,50,0,0,1.0,0.05,2.0378411861123853,0.01,1.1071590432356229,1.1071590432356229,0.9056978821754456,0.889289379119873,0.8792111277580261,0.8371995091438293
sub-cp028_ses-20211214_level-01B_run-012,sub-cp028,5,10000,42,51,50,0,0,1.0,0.05,2.197396217764642,0.01,1.1193087156373727,1.1193087156373727,0.8216397762298584,0.7911627888679504,0.7804993391036987,0.7897291779518127
sub-cp028_ses-20211214_level-02B_run-003,sub-cp028,5,10000,42,51,50,1,1,2.0,0.05,2.233950128867043,0.01,2.07515340957559,2.07515340957559,0.8950865268707275,0.9208361506462097,0.9121667146682739,0.836530327796936
sub-cp028_ses-20211214_level-02B_run-008,sub-cp028,5,10000,42,51,50,1,1,2.0,0.05,2.0409552445455077,0.01,1.7727513171792464,1.7727513171792464,0.9037095904350281,0.9082757830619812,0.8859220147132874,0.8259772062301636
sub-cp028_ses-20211214_level-02B_run-010,sub-cp028,5,10000,42,51,50,1,1,2.0,0.05,2.1105985323527006,0.01,1.5762097177186012,1.5762097177186012,0.9151726961135864,0.9251000285148621,0.9109849333763123,0.8408747911453247
sub-cp028_ses-20211214_level-03B_run-002,sub-cp028,5,10000,42,51,50,2,2,3.0,0.05,2.394900093095074,0.01,2.905374342085586,2.905374342085586,0.8577812910079956,0.8897228837013245,0.8986486792564392,0.8212291598320007
sub-cp028_ses-20211214_level-03B_run-005,sub-cp028,5,10000,42,51,50,2,2,3.0,0.05,2.3072998563403964,0.01,2.9962645262790244,2.9962645262790244,0.8852889537811279,0.9143891334533691,0.9175835847854614,0.8277723789215088
sub-cp028_ses-20211214_level-03B_run-011,sub-cp028,5,10000,42,51,50,2,2,3.0,0.05,2.361337400801196,0.01,2.6631838668857757,2.6631838668857757,0.8900792598724365,0.9085516333580017,0.9138083457946777,0.8577055335044861
sub-cp028_ses-20211214_level-04B_run-004,sub-cp028,5,10000,42,51,50,3,3,4.0,0.05,3.200587591459758,0.01,4.069499445250878,4.0,0.8411563038825989,0.8397308588027954,0.8623456358909607,0.9174125790596008
sub-cp028_ses-20211214_level-04B_run-006,sub-cp028,5,10000,42,51,50,3,3,4.0,0.05,3.0590901639056636,0.01,3.786582659016151,3.786582659016151,0.8562189340591431,0.8511195778846741,0.8725537061691284,0.91579270362854
sub-cp028_ses-20211214_level-04B_run-009,sub-cp028,5,10000,42,51,50,3,3,4.0,0.05,2.9683825658749727,0.01,3.6749268760955136,3.6749268760955136,0.8570787906646729,0.8452373743057251,0.8687410354614258,0.9050484299659729
sub-cp030_ses-20211025_level-01B_run-001,sub-cp030,5,10000,42,51,50,0,0,1.0,0.05,2.153509219798869,0.01,1.5724724132311698,1.5724724132311698,0.8830239772796631,0.866472601890564,0.8651315569877625,0.8324779868125916
sub-cp030_ses-20211025_level-01B_run-007,sub-cp030,5,10000,42,51,50,0,0,1.0,0.05,1.9095531921864894,0.01,0.8905215989512474,1.0,0.8867699503898621,0.8672528862953186,0.8479024767875671,0.7970000505447388
sub-cp030_ses-20211025_level-01B_run-012,sub-cp030,5,10000,42,51,50,0,0,1.0,0.05,1.909282646315428,0.01,0.6748757406883485,1.0,0.8841252326965332,0.8568204641342163,0.8394483327865601,0.8027200698852539
sub-cp030_ses-20211025_level-02B_run-003,sub-cp030,5,10000,42,51,50,1,2,2.0,0.05,2.341455822740242,0.01,2.0786765135602265,2.0786765135602265,0.8508291244506836,0.8497875928878784,0.8536829352378845,0.8244529366493225
sub-cp030_ses-20211025_level-02B_run-008,sub-cp030,5,10000,42,51,50,1,1,2.0,0.05,2.1529596910394284,0.01,2.017074728229933,2.017074728229933,0.8977447748184204,0.9094921350479126,0.8999480605125427,0.8283725380897522
sub-cp030_ses-20211025_level-02B_run-010,sub-cp030,5,10000,42,51,50,1,1,2.0,0.05,2.063948974775648,0.01,1.415116818575486,1.415116818575486,0.8902066946029663,0.8923657536506653,0.8774892687797546,0.8119666576385498
sub-cp030_ses-20211025_level-03B_run-002,sub-cp030,5,10000,42,51,50,2,3,3.0,0.05,2.6957081274432513,0.01,2.380807644306621,2.380807644306621,0.7976367473602295,0.7863367199897766,0.8020437359809875,0.8169271945953369
sub-cp030_ses-20211025_level-03B_run-011,sub-cp030,5,10000,42,51,50,2,2,3.0,0.05,2.456083901009711,0.01,3.1330690171771103,3.1330690171771103,0.8817057013511658,0.8909471035003662,0.9040976166725159,0.8671326637268066
sub-cp030_ses-20211025_level-04B_run-004,sub-cp030,5,10000,42,51,50,3,3,4.0,0.05,2.7767090889862223,0.01,3.387283935629652,3.387283935629652,0.8137056827545166,0.7927101850509644,0.8094444870948792,0.8402958512306213
sub-cp030_ses-20211025_level-04B_run-006,sub-cp030,5,10000,42,51,50,3,3,4.0,0.05,3.042096580693788,0.01,3.3808101143232605,3.3808101143232605,0.7660603523254395,0.7464802861213684,0.7652808427810669,0.8194764852523804
sub-cp030_ses-20211025_level-04B_run-009,sub-cp030,5,10000,42,51,50,3,3,4.0,0.05,3.2443184831611225,0.01,3.9785546792207147,3.9785546792207147,0.818523108959198,0.8076061010360718,0.8259035348892212,0.8955628275871277
sub-cp032_ses-20211105_level-01B_run-001,sub-cp032,5,10000,42,51,50,0,1,1.0,0.05,2.217640104891567,0.01,1.7572318860098388,1.7572318860098388,0.8978695869445801,0.9066758155822754,0.9008838534355164,0.8471418619155884
sub-cp032_ses-20211105_level-01B_run-007,sub-cp032,5,10000,42,51,50,0,1,1.0,0.05,2.1593015449141566,0.01,1.5404199189400578,1.5404199189400578,0.8971317410469055,0.8998242616653442,0.8906329870223999,0.8401737213134766
sub-cp032_ses-20211105_level-01B_run-012,sub-cp032,5,10000,42,51,50,0,0,1.0,0.05,2.149574454721498,0.01,1.274718193221351,1.274718193221351,0.9125551581382751,0.907196044921875,0.8960979580879211,0.8619118928909302
sub-cp032_ses-20211105_level-02B_run-003,sub-cp032,5,10000,42,51,50,1,1,2.0,0.05,2.196973644366989,0.01,2.0082986512021748,2.0082986512021748,0.8989762663841248,0.9119091033935547,0.9004186391830444,0.8460477590560913
sub-cp032_ses-20211105_level-02B_run-008,sub-cp032,5,10000,42,51,50,1,1,2.0,0.05,2.218999105412908,0.01,2.1590199189202353,2.1590199189202353,0.8945955634117126,0.9064210057258606,0.8973706364631653,0.8457769155502319
sub-cp032_ses-20211105_level-02B_run-010,sub-cp032,5,10000,42,51,50,1,1,2.0,0.05,2.1880199346753706,0.01,2.225049309523337,2.225049309523337,0.8899788856506348,0.90745609998703,0.8939216136932373,0.832685112953186
sub-cp032_ses-20211105_level-03B_run-002,sub-cp032,5,10000,42,51,50,2,2,3.0,0.05,2.342843926778432,0.01,3.067041734889831,3.067041734889831,0.8788114190101624,0.9070068597793579,0.90910804271698,0.8385591506958008
sub-cp032_ses-20211105_level-03B_run-005,sub-cp032,5,10000,42,51,50,2,1,3.0,0.05,2.296507485733997,0.01,2.7834328778659394,2.7834328778659394,0.8892166614532471,0.9057878851890564,0.904129683971405,0.8489634990692139
sub-cp032_ses-20211105_level-03B_run-011,sub-cp032,5,10000,42,51,50,2,2,3.0,0.05,2.3766258495521524,0.01,2.86433310830476,2.86433310830476,0.8877871632575989,0.9050233960151672,0.9101186990737915,0.8601433038711548
sub-cp032_ses-20211105_level-04B_run-004,sub-cp032,5,10000,42,51,50,3,3,4.0,0.05,2.7880777377436865,0.01,3.63424016999257,3.63424016999257,0.8781061768531799,0.8766685724258423,0.8932318091392517,0.9094194173812866
sub-cp032_ses-20211105_level-04B_run-006,sub-cp032,5,10000,42,51,50,3,3,4.0,0.05,3.0075384476489493,0.01,3.669071595055566,3.669071595055566,0.8535063862800598,0.8504260182380676,0.8669977784156799,0.9082244038581848
sub-cp032_ses-20211105_level-04B_run-009,sub-cp032,5,10000,42,51,50,3,3,4.0,0.05,2.9190726275706718,0.01,3.6049067467436386,3.6049067467436386,0.8680753111839294,0.8665487766265869,0.8855156302452087,0.9137691855430603
sub-cp035_ses-20220125_level-01B_run-001,sub-cp035,5,10000,42,51,50,0,1,1.0,0.05,2.224031199337575,0.01,1.8834844578823462,1.8834844578823462,0.891579270362854,0.8936793208122253,0.8893282413482666,0.846148669719696
sub-cp035_ses-20220125_level-01B_run-007,sub-cp035,5,10000,42,51,50,0,0,1.0,0.05,2.086923361312716,0.01,1.1898220990072965,1.1898220990072965,0.9180154204368591,0.9146177172660828,0.903354287147522,0.8496167659759521
sub-cp035_ses-20220125_level-01B_run-012,sub-cp035,5,10000,42,51,50,0,0,1.0,0.05,2.1647880969353825,0.01,1.6620788883514281,1.6620788883514281,0.9032050967216492,0.8991910815238953,0.888884425163269,0.85426926612854
sub-cp035_ses-20220125_level-02B_run-003,sub-cp035,5,10000,42,51,50,1,1,2.0,0.05,2.259243006489598,0.01,2.274140243990931,2.274140243990931,0.9011924266815186,0.9125580191612244,0.9044719338417053,0.861922562122345
sub-cp035_ses-20220125_level-02B_run-008,sub-cp035,5,10000,42,51,50,1,1,2.0,0.05,2.2231384111500008,0.01,2.266547339359492,2.266547339359492,0.8980079293251038,0.9263505339622498,0.9165194630622864,0.8337526321411133
sub-cp035_ses-20220125_level-02B_run-010,sub-cp035,5,10000,42,51,50,1,1,2.0,0.05,2.1765066143035265,0.01,2.1302960535392357,2.1302960535392357,0.9102277755737305,0.9218555092811584,0.9111560583114624,0.8512260317802429
sub-cp035_ses-20220125_level-03B_run-002,sub-cp035,5,10000,42,51,50,2,2,3.0,0.05,2.4583456906805607,0.01,2.8762654563163994,2.8762654563163994,0.8484068512916565,0.8616334199905396,0.871714174747467,0.8355531096458435
sub-cp035_ses-20220125_level-03B_run-005,sub-cp035,5,10000,42,51,50,2,2,3.0,0.05,2.423166205099747,0.01,3.1920120333587327,3.1920120333587327,0.8873667120933533,0.8995299935340881,0.9114822745323181,0.8660014271736145
sub-cp035_ses-20220125_level-03B_run-011,sub-cp035,5,10000,42,51,50,2,2,3.0,0.05,2.3399352867851664,0.01,2.934714135079384,2.934714135079384,0.8886225819587708,0.9160468578338623,0.9211716055870056,0.84270179271698
sub-cp035_ses-20220125_level-04B_run-004,sub-cp035,5,10000,42,51,50,3,3,4.0,0.05,3.1472621392996984,0.01,4.07998913394135,4.0,0.8458408117294312,0.8467375040054321,0.8678320050239563,0.9170673489570618
sub-cp035_ses-20220125_level-04B_run-006,sub-cp035,5,10000,42,51,50,3,3,4.0,0.05,3.076322213299448,0.01,4.302703254809623,4.0,0.8557903170585632,0.8532896041870117,0.8766604065895081,0.9181667566299438
sub-cp035_ses-20220125_level-04B_run-009,sub-cp035,5,10000,42,51,50,3,3,4.0,0.05,3.0343884963466783,0.01,4.260249402921402,4.0,0.8563300967216492,0.8537178039550781,0.8742648363113403,0.9140878319740295
sub-cp005_ses-20210226_level-01B_run-001,sub-cp005,5,1000,43,51,50,0,0,1.0,0.05,2.005380410679695,0.1,1.1059388361693185,1.1059388361693185,0.9050602316856384,0.8891798257827759,0.8729413747787476,0.8344691395759583
sub-cp005_ses-20210226_level-01B_run-007,sub-cp005,5,1000,43,51,50,0,1,1.0,0.05,2.1041552000001746,0.1,1.8475922150945174,1.8475922150945174,0.927499532699585,0.9354660511016846,0.9177212119102478,0.8598065376281738
sub-cp005_ses-20210226_level-01B_run-012,sub-cp005,5,1000,43,51,50,0,1,1.0,0.05,1.996163165655626,0.1,1.1370936717391174,1.1370936717391174,0.9263142943382263,0.9285374283790588,0.9034489989280701,0.8400232195854187
sub-cp005_ses-20210226_level-02B_run-003,sub-cp005,5,1000,43,51,50,1,2,2.0,0.05,2.548360096138291,0.1,2.3725850147458303,2.3725850147458303,0.8602893948554993,0.8689149618148804,0.8841894268989563,0.8609702587127686
sub-cp005_ses-20210226_level-02B_run-008,sub-cp005,5,1000,43,51,50,1,1,2.0,0.05,2.1898051332535053,0.1,2.2472084903007232,2.2472084903007232,0.9055720567703247,0.9357786178588867,0.9219127297401428,0.8317713737487793
sub-cp005_ses-20210226_level-02B_run-010,sub-cp005,5,1000,43,51,50,1,1,2.0,0.05,2.2308819140585867,0.1,2.4459979868784387,2.4459979868784387,0.9121987819671631,0.9374977350234985,0.9281733632087708,0.8542523980140686
sub-cp005_ses-20210226_level-03B_run-002,sub-cp005,5,1000,43,51,50,2,3,3.0,0.05,3.031775401397824,0.1,3.057712909584281,3.057712909584281,0.7615349888801575,0.7526394128799438,0.7707011699676514,0.816960334777832
sub-cp005_ses-20210226_level-03B_run-005,sub-cp005,5,1000,43,51,50,2,2,3.0,0.05,2.4248754374540202,0.1,3.1349570303838163,3.1349570303838163,0.8777990937232971,0.9043915271759033,0.9128930568695068,0.8544639945030212
sub-cp005_ses-20210226_level-03B_run-011,sub-cp005,5,1000,43,51,50,2,2,3.0,0.05,2.5752825872876404,0.1,3.135826441857821,3.135826441857821,0.8849107027053833,0.8854811191558838,0.9018572568893433,0.8894814848899841
sub-cp005_ses-20210226_level-04B_run-004,sub-cp005,5,1000,43,51,50,3,3,4.0,0.05,2.9373595287818555,0.1,2.6157149575237497,2.6157149575237497,0.7934294939041138,0.7777491211891174,0.7937808632850647,0.8373784422874451
sub-cp005_ses-20210226_level-04B_run-006,sub-cp005,5,1000,43,51,50,3,3,4.0,0.05,3.1484612796068747,0.1,4.301981529466485,4.0,0.8490563035011292,0.8531041741371155,0.8796265125274658,0.9220657348632812
sub-cp005_ses-20210226_level-04B_run-009,sub-cp005,5,1000,43,51,50,3,3,4.0,0.05,2.8149838645408467,0.1,3.159316670427955,3.159316670427955,0.8636296987533569,0.8430759310722351,0.8571305274963379,0.8944008946418762
sub-cp017_ses-20210521_level-01B_run-001,sub-cp017,5,1000,43,51,50,0,1,1.0,0.05,2.1258536722878882,0.1,2.110863793271533,2.110863793271533,0.9240245223045349,0.9335125088691711,0.9176151156425476,0.8588544130325317
sub-cp017_ses-20210521_level-01B_run-007,sub-cp017,5,1000,43,51,50,0,1,1.0,0.05,2.1008588095327996,0.1,1.3933574779600173,1.3933574779600173,0.8998342752456665,0.9083507061004639,0.8922540545463562,0.8275925517082214
sub-cp017_ses-20210521_level-01B_run-012,sub-cp017,5,1000,43,51,50,0,1,1.0,0.05,2.1203851102098863,0.1,1.4908321987905366,1.4908321987905366,0.8722498416900635,0.8856894969940186,0.8680601716041565,0.8028370141983032
sub-cp017_ses-20210521_level-02B_run-003,sub-cp017,5,1000,43,51,50,1,1,2.0,0.05,2.2172852480578005,0.1,2.5294960486688884,2.5294960486688884,0.887362003326416,0.9249950051307678,0.910611629486084,0.8165372014045715
sub-cp017_ses-20210521_level-02B_run-008,sub-cp017,5,1000,43,51,50,1,1,2.0,0.05,2.262266319890171,0.1,2.348869008272173,2.348869008272173,0.8899480700492859,0.9125964641571045,0.9052529335021973,0.842509388923645
sub-cp017_ses-20210521_level-02B_run-010,sub-cp017,5,1000,43,51,50,1,1,2.0,0.05,2.157166614896012,0.1,1.949989402663985,1.949989402663985,0.9130338430404663,0.9290844202041626,0.9135297536849976,0.850020706653595
sub-cp017_ses-20210521_level-03B_run-002,sub-cp017,5,1000,43,51,50,2,2,3.0,0.05,2.336504162413987,0.1,2.87514643101188,2.87514643101188,0.8624983429908752,0.8977754712104797,0.899257481098175,0.8142626285552979
sub-cp017_ses-20210521_level-03B_run-005,sub-cp017,5,1000,43,51,50,2,1,3.0,0.05,2.247564067768475,0.1,2.380787873072639,2.380787873072639,0.9139766693115234,0.9324966669082642,0.9274305701255798,0.8621339797973633
sub-cp017_ses-20210521_level-03B_run-011,sub-cp017,5,1000,43,51,50,2,1,3.0,0.05,2.249762572038864,0.1,2.7169270977463875,2.7169270977463875,0.9059222340583801,0.9313245415687561,0.9271653294563293,0.8449954986572266
sub-cp017_ses-20210521_level-04B_run-004,sub-cp017,5,1000,43,51,50,3,3,4.0,0.05,2.8744711866345476,0.1,4.056660452338466,4.0,0.8707144260406494,0.874515175819397,0.8882217407226562,0.9133378267288208
sub-cp017_ses-20210521_level-04B_run-006,sub-cp017,5,1000,43,51,50,3,3,4.0,0.05,3.0219846470608003,0.1,4.334835197050082,4.0,0.8650574088096619,0.8630543351173401,0.8787776231765747,0.9216426014900208
sub-cp017_ses-20210521_level-04B_run-009,sub-cp017,5,1000,43,51,50,3,3,4.0,0.05,2.8776559451202024,0.1,3.7332758389379705,3.7332758389379705,0.875967264175415,0.8698005676269531,0.8832874298095703,0.9162471294403076
sub-cp022_ses-20210621_level-01B_run-001,sub-cp022,5,1000,43,51,50,0,0,1.0,0.05,2.326190900331075,0.1,1.767434478752646,1.767434478752646,0.8883048892021179,0.8732909560203552,0.8719863891601562,0.866471529006958
sub-cp022_ses-20210621_level-01B_run-007,sub-cp022,5,1000,43,51,50,0,0,1.0,0.05,2.2882911900244216,0.1,1.5026154542803778,1.5026154542803778,0.87685626745224,0.854667067527771,0.8501270413398743,0.8527184128761292
sub-cp022_ses-20210621_level-01B_run-012,sub-cp022,5,1000,43,51,50,0,1,1.0,0.05,2.187937081098029,0.1,2.044220749879435,2.044220749879435,0.9181251525878906,0.9208795428276062,0.9152275919914246,0.8645143508911133
sub-cp022_ses-20210621_level-02B_run-003,sub-cp022,5,1000,43,51,50,1,0,2.0,0.05,2.412357854729156,0.1,2.2636466316301793,2.2636466316301793,0.8912410736083984,0.8774845600128174,0.8852505683898926,0.8774210810661316
sub-cp022_ses-20210621_level-02B_run-008,sub-cp022,5,1000,43,51,50,1,3,2.0,0.05,2.5193003291334626,0.1,2.4189412308027936,2.4189412308027936,0.8612053394317627,0.8533907532691956,0.8598363995552063,0.8617108464241028
sub-cp022_ses-20210621_level-02B_run-010,sub-cp022,5,1000,43,51,50,1,2,2.0,0.05,2.445926198087504,0.1,2.5289076069345793,2.5289076069345793,0.9004808068275452,0.9106429219245911,0.9125216603279114,0.8910683989524841
sub-cp022_ses-20210621_level-03B_run-002,sub-cp022,5,1000,43,51,50,2,3,3.0,0.05,3.096816682535528,0.1,3.2708568197291603,3.2708568197291603,0.8344290256500244,0.8221859335899353,0.8472619652748108,0.8957761526107788
sub-cp022_ses-20210621_level-03B_run-005,sub-cp022,5,1000,43,51,50,2,2,3.0,0.05,2.568830177416557,0.1,2.840799787596224,2.840799787596224,0.8680744767189026,0.872014582157135,0.8878503441810608,0.8718669414520264
sub-cp022_ses-20210621_level-03B_run-011,sub-cp022,5,1000,43,51,50,2,2,3.0,0.05,2.5500304753328136,0.1,2.71208364122821,2.71208364122821,0.8861228823661804,0.88832026720047,0.9044570326805115,0.8869953751564026
sub-cp022_ses-20210621_level-04B_run-004,sub-cp022,5,1000,43,51,50,3,3,4.0,0.05,3.1498139336944506,0.1,3.4106272811997886,3.4106272811997886,0.8469282388687134,0.82895827293396,0.8520370721817017,0.9119096398353577
sub-cp022_ses-20210621_level-04B_run-006,sub-cp022,5,1000,43,51,50,3,3,4.0,0.05,3.2837492933683365,0.1,4.11230705268253,4.0,0.8247313499450684,0.8132777214050293,0.8397809863090515,0.9066728949546814
sub-cp022_ses-20210621_level-04B_run-009,sub-cp022,5,1000,43,51,50,3,3,4.0,0.05,3.1391486886435858,0.1,3.9246721978318915,3.9246721978318915,0.8405978083610535,0.8416433334350586,0.8646115064620972,0.9111161828041077
sub-cp028_ses-20211214_level-01B_run-001,sub-cp028,5,1000,43,51,50,0,1,1.0,0.05,2.169572232262675,0.1,1.659868057573321,1.659868057573321,0.8811663389205933,0.8874867558479309,0.8744269609451294,0.8283331394195557
sub-cp028_ses-20211214_level-01B_run-007,sub-cp028,5,1000,43,51,50,0,0,1.0,0.05,2.14594958378222,0.1,1.1546268901788632,1.1546268901788632,0.9064610004425049,0.8866792917251587,0.881536602973938,0.8595420718193054
sub-cp028_ses-20211214_level-01B_run-012,sub-cp028,5,1000,43,51,50,0,0,1.0,0.05,2.2941851831762006,0.1,1.862280143407223,1.862280143407223,0.8292838931083679,0.8005926609039307,0.7938339114189148,0.8079150319099426
sub-cp028_ses-20211214_level-02B_run-003,sub-cp028,5,1000,43,51,50,1,1,2.0,0.05,2.2786961086908306,0.1,2.5401262517975445,2.5401262517975445,0.8972482681274414,0.9235103130340576,0.9180395603179932,0.8490685224533081
sub-cp028_ses-20211214_level-02B_run-008,sub-cp028,5,1000,43,51,50,1,1,2.0,0.05,2.0477280713039177,0.1,1.6807740296716074,1.6807740296716074,0.9240245223045349,0.9270527362823486,0.9045101404190063,0.8510786294937134
sub-cp028_ses-20211214_level-02B_run-010,sub-cp028,5,1000,43,51,50,1,1,2.0,0.05,2.17263577760434,0.1,1.6381416269357567,1.6381416269357567,0.9228392839431763,0.9295533299446106,0.9192067980766296,0.8672120571136475
sub-cp028_ses-20211214_level-03B_run-002,sub-cp028,5,1000,43,51,50,2,2,3.0,0.05,2.3467709258631664,0.1,2.923749734092449,2.923749734092449,0.8674818277359009,0.898582935333252,0.9011675715446472,0.8253180384635925
sub-cp028_ses-20211214_level-03B_run-005,sub-cp028,5,1000,43,51,50,2,2,3.0,0.05,2.387112398036417,0.1,3.1590668290485566,3.1590668290485566,0.8777182698249817,0.9059283137321472,0.9166070222854614,0.8383305668830872
sub-cp028_ses-20211214_level-03B_run-011,sub-cp028,5,1000,43,51,50,2,2,3.0,0.05,2.3698711427445156,0.1,2.79410124822358,2.79410124822358,0.8930190205574036,0.9190561771392822,0.9273775219917297,0.8535118699073792
sub-cp028_ses-20211214_level-04B_run-004,sub-cp028,5,1000,43,51,50,3,3,4.0,0.05,3.067674805630759,0.1,4.192344295027301,4.0,0.8598045110702515,0.8646432161331177,0.88716059923172,0.9239171147346497
sub-cp028_ses-20211214_level-04B_run-006,sub-cp028,5,1000,43,51,50,3,3,4.0,0.05,3.0470169001982663,0.1,3.7383040121169415,3.7383040121169415,0.8544439077377319,0.8506036400794983,0.8754881024360657,0.9132320284843445
sub-cp028_ses-20211214_level-04B_run-009,sub-cp028,5,1000,43,51,50,3,3,4.0,0.05,2.984745876233599,0.1,4.125790882419424,4.0,0.8661618828773499,0.8527134656906128,0.8776634335517883,0.9154008030891418
sub-cp030_ses-20211025_level-01B_run-001,sub-cp030,5,1000,43,51,50,0,0,1.0,0.05,2.0489994113333365,0.1,0.6611395090659218,1.0,0.8886550664901733,0.872014582157135,0.8637095093727112,0.8212449550628662
sub-cp030_ses-20211025_level-01B_run-007,sub-cp030,5,1000,43,51,50,0,0,1.0,0.05,2.0143614645070036,0.1,1.1052358979883516,1.1052358979883516,0.884452760219574,0.8779534101486206,0.8607383370399475,0.8060107827186584
sub-cp030_ses-20211025_level-01B_run-012,sub-cp030,5,1000,43,51,50,0,0,1.0,0.05,1.9065660138825846,0.1,0.558717337519965,1.0,0.8882779479026794,0.8633669018745422,0.8445030450820923,0.8047941327095032
sub-cp030_ses-20211025_level-02B_run-003,sub-cp030,5,1000,43,51,50,1,2,2.0,0.05,2.292126791386232,0.1,1.712896444875526,1.712896444875526,0.855763852596283,0.8562559485435486,0.8611628413200378,0.817753791809082
sub-cp030_ses-20211025_level-02B_run-008,sub-cp030,5,1000,43,51,50,1,1,2.0,0.05,2.2041931700459014,0.1,2.1617115775505544,2.1617115775505544,0.9075115919113159,0.9243698716163635,0.9165009260177612,0.8472172021865845
sub-cp030_ses-20211025_level-02B_run-010,sub-cp030,5,1000,43,51,50,1,1,2.0,0.05,2.1744388148660123,0.1,1.5534894874767458,1.5534894874767458,0.8995649218559265,0.9110596776008606,0.9018572568893433,0.8376957774162292
sub-cp030_ses-20211025_level-03B_run-002,sub-cp030,5,1000,43,51,50,2,3,3.0,0.05,2.7552097563051854,0.1,2.853367670587061,2.853367670587061,0.8151953220367432,0.8026503920555115,0.8174441456794739,0.8410282731056213
sub-cp030_ses-20211025_level-03B_run-011,sub-cp030,5,1000,43,51,50,2,2,3.0,0.05,2.549864577608723,0.1,3.2736034251454944,3.2736034251454944,0.8808969259262085,0.8900914788246155,0.9067915678024292,0.8810709714889526
sub-cp030_ses-20211025_level-04B_run-004,sub-cp030,5,1000,43,51,50,3,3,4.0,0.05,2.5747313661558677,0.1,2.9076682088494525,2.9076682088494525,0.8502954840660095,0.8273172974586487,0.8391442894935608,0.8559979796409607
sub-cp030_ses-20211025_level-04B_run-006,sub-cp030,5,1000,43,51,50,3,3,4.0,0.05,3.059129701324382,0.1,3.53423616023269,3.53423616023269,0.7956653237342834,0.7790775299072266,0.7972825765609741,0.8516075611114502
sub-cp030_ses-20211025_level-04B_run-009,sub-cp030,5,1000,43,51,50,3,3,4.0,0.05,3.233884086701824,0.1,3.4573350840923704,3.4573350840923704,0.8263745903968811,0.8121576905250549,0.8325121998786926,0.9012774229049683
sub-cp032_ses-20211105_level-01B_run-001,sub-cp032,5,1000,43,51,50,0,1,1.0,0.05,2.2140735593378307,0.1,1.8160173895432359,1.8160173895432359,0.9038480520248413,0.912179708480835,0.9054120779037476,0.8537763357162476
sub-cp032_ses-20211105_level-01B_run-007,sub-cp032,5,1000,43,51,50,0,1,1.0,0.05,2.234391264298285,0.1,1.9830051445614174,1.9830051445614174,0.8950393199920654,0.907986044883728,0.8996288776397705,0.8486982583999634
sub-cp032_ses-20211105_level-01B_run-012,sub-cp032,5,1000,43,51,50,0,0,1.0,0.05,2.166888099251513,0.1,1.4884387601680207,1.4884387601680207,0.918744683265686,0.9124141335487366,0.9031306505203247,0.8709148168563843
sub-cp032_ses-20211105_level-02B_run-003,sub-cp032,5,1000,43,51,50,1,1,2.0,0.05,2.1881685126958543,0.1,2.221800663568054,2.221800663568054,0.9072961211204529,0.9270787835121155,0.9128400087356567,0.8486453890800476
sub-cp032_ses-20211105_level-02B_run-008,sub-cp032,5,1000,43,51,50,1,1,2.0,0.05,2.227444842902864,0.1,2.229759724745753,2.229759724745753,0.8970327377319336,0.9129871726036072,0.9040325880050659,0.8470056056976318
sub-cp032_ses-20211105_level-02B_run-010,sub-cp032,5,1000,43,51,50,1,1,2.0,0.05,2.2350029932296134,0.1,2.516367636607418,2.516367636607418,0.8918606638908386,0.911997377872467,0.9025470018386841,0.8410812020301819
sub-cp032_ses-20211105_level-03B_run-002,sub-cp032,5,1000,43,51,50,2,1,3.0,0.05,2.314358185759714,0.1,2.7321685936866196,2.7321685936866196,0.8984335064888,0.9267401695251465,0.9235044121742249,0.8570030331611633
sub-cp032_ses-20211105_level-03B_run-005,sub-cp032,5,1000,43,51,50,2,1,3.0,0.05,2.3130635336908854,0.1,2.7404658145143452,2.7404658145143452,0.9042521119117737,0.9239270687103271,0.9219127297401428,0.8668946623802185
sub-cp032_ses-20211105_level-03B_run-011,sub-cp032,5,1000,43,51,50,2,1,3.0,0.05,2.3230151779239323,0.1,2.492811404029391,2.492811404029391,0.9088045954704285,0.9293709397315979,0.9274305701255798,0.8735067248344421
sub-cp032_ses-20211105_level-04B_run-004,sub-cp032,5,1000,43,51,50,3,2,4.0,0.05,2.6642124982570055,0.1,3.5259211527045307,3.5259211527045307,0.8814895749092102,0.8845694661140442,0.899204432964325,0.8988970518112183
sub-cp032_ses-20211105_level-04B_run-006,sub-cp032,5,1000,43,51,50,3,3,4.0,0.05,2.92607205615887,0.1,4.216664629167669,4.0,0.8565719723701477,0.859225332736969,0.8805285096168518,0.9041867256164551
sub-cp032_ses-20211105_level-04B_run-009,sub-cp032,5,1000,43,51,50,3,3,4.0,0.05,2.8302237067699068,0.1,4.138601579425838,4.0,0.8769909143447876,0.8786045908927917,0.8962863087654114,0.9137080907821655
sub-cp035_ses-20220125_level-01B_run-001,sub-cp035,5,1000,43,51,50,0,1,1.0,0.05,2.150545602572037,0.1,1.7488554192793273,1.7488554192793273,0.9092894792556763,0.9109294414520264,0.8981963992118835,0.8550987839698792
sub-cp035_ses-20220125_level-01B_run-007,sub-cp035,5,1000,43,51,50,0,1,1.0,0.05,2.1106362854306218,0.1,1.2508112525728583,1.2508112525728583,0.919633686542511,0.9234842658042908,0.9108769297599792,0.8515017628669739
sub-cp035_ses-20220125_level-01B_run-012,sub-cp035,5,1000,43,51,50,0,1,1.0,0.05,2.1394388497043275,0.1,1.6499835339305386,1.6499835339305386,0.9062994122505188,0.9138206839561462,0.9006900191307068,0.8437259793281555
sub-cp035_ses-20220125_level-02B_run-003,sub-cp035,5,1000,43,51,50,1,1,2.0,0.05,2.3092956501412756,0.1,2.305707388718071,2.305707388718071,0.8965478539466858,0.9155918955802917,0.9132114052772522,0.8590130805969238
sub-cp035_ses-20220125_level-02B_run-008,sub-cp035,5,1000,43,51,50,1,1,2.0,0.05,2.2749788605583428,0.1,2.341783239504455,2.341783239504455,0.8973290920257568,0.9260889887809753,0.9229207634925842,0.8405522108078003
sub-cp035_ses-20220125_level-02B_run-010,sub-cp035,5,1000,43,51,50,1,1,2.0,0.05,2.245202697346558,0.1,2.0563911048777785,2.0563911048777785,0.9055451154708862,0.920072078704834,0.9149622917175293,0.8567914366722107
sub-cp035_ses-20220125_level-03B_run-002,sub-cp035,5,1000,43,51,50,2,2,3.0,0.05,2.444757787461194,0.1,2.8430770786307944,2.8430770786307944,0.8700948357582092,0.883762001991272,0.8907153606414795,0.8567385673522949
sub-cp035_ses-20220125_level-03B_run-005,sub-cp035,5,1000,43,51,50,2,2,3.0,0.05,2.4008654851855193,0.1,2.8275235136881696,2.8275235136881696,0.9024203419685364,0.9144458174705505,0.9254144430160522,0.8769978880882263
sub-cp035_ses-20220125_level-03B_run-011,sub-cp035,5,1000,43,51,50,2,2,3.0,0.05,2.3402015953872395,0.1,3.029490799078716,3.029490799078716,0.8982987999916077,0.9267141222953796,0.9315159916877747,0.8520836234092712
sub-cp035_ses-20220125_level-04B_run-004,sub-cp035,5,1000,43,51,50,3,3,4.0,0.05,3.137460423937485,0.1,4.332843716028311,4.0,0.8515346050262451,0.8543545007705688,0.8776634335517883,0.9225947260856628
sub-cp035_ses-20220125_level-04B_run-006,sub-cp035,5,1000,43,51,50,3,3,4.0,0.05,3.0139832505085407,0.1,4.159458926320213,4.0,0.8548479676246643,0.8580271601676941,0.8841894268989563,0.9124385714530945
sub-cp035_ses-20220125_level-04B_run-009,sub-cp035,5,1000,43,51,50,3,3,4.0,0.05,3.0206613538183515,0.1,4.068731402764497,4.0,0.8552520275115967,0.8582615852355957,0.8811652064323425,0.9134964942932129
sub-cp005_ses-20210226_level-01B_run-001,sub-cp005,5,2000,43,51,50,0,0,1.0,0.05,2.0010144816202438,0.1,1.2903644543184694,1.2903644543184694,0.9029815196990967,0.8879354596138,0.8719490766525269,0.830033004283905
sub-cp005_ses-20210226_level-01B_run-007,sub-cp005,5,2000,43,51,50,0,1,1.0,0.05,2.084833253375201,0.1,1.967691921593895,1.967691921593895,0.9278027415275574,0.9346537590026855,0.9144468307495117,0.858768880367279
sub-cp005_ses-20210226_level-01B_run-012,sub-cp005,5,2000,43,51,50,0,1,1.0,0.05,2.0182132826387726,0.1,1.245711222327937,1.245711222327937,0.9289731979370117,0.9301267266273499,0.9066764116287231,0.8499840497970581
sub-cp005_ses-20210226_level-02B_run-003,sub-cp005,5,2000,43,51,50,1,2,2.0,0.05,2.5263211136118344,0.1,2.359686064900677,2.359686064900677,0.8560969829559326,0.869031548500061,0.880916953086853,0.8545881509780884
sub-cp005_ses-20210226_level-02B_run-008,sub-cp005,5,2000,43,51,50,1,1,2.0,0.05,2.186897510008164,0.1,2.2514155902618818,2.2514155902618818,0.9067753553390503,0.9356322288513184,0.9189707040786743,0.8405377268791199
sub-cp005_ses-20210226_level-02B_run-010,sub-cp005,5,2000,43,51,50,1,1,2.0,0.05,2.1959426949398253,0.1,2.3238935720787506,2.3238935720787506,0.9183451533317566,0.9390242099761963,0.9273531436920166,0.8570489883422852
sub-cp005_ses-20210226_level-03B_run-002,sub-cp005,5,2000,43,51,50,2,3,3.0,0.05,2.914691199931114,0.1,3.1132006812089292,3.1132006812089292,0.7714760899543762,0.7613484263420105,0.7757503390312195,0.8145537376403809
sub-cp005_ses-20210226_level-03B_run-005,sub-cp005,5,2000,43,51,50,2,2,3.0,0.05,2.525279273703309,0.1,3.4803777144253196,3.4803777144253196,0.8643976449966431,0.8945106863975525,0.9079537391662598,0.8599860668182373
sub-cp005_ses-20210226_level-03B_run-011,sub-cp005,5,2000,43,51,50,2,2,3.0,0.05,2.5164240526076007,0.1,3.0698591884713395,3.0698591884713395,0.8914655447006226,0.89213627576828,0.9049466848373413,0.8888013362884521
sub-cp005_ses-20210226_level-04B_run-004,sub-cp005,5,2000,43,51,50,3,3,4.0,0.05,3.002708763268687,0.1,3.1160771066388495,3.1160771066388495,0.7849293351173401,0.7753600478172302,0.7950965166091919,0.8371508121490479
sub-cp005_ses-20210226_level-04B_run-006,sub-cp005,5,2000,43,51,50,3,3,4.0,0.05,3.1214564929138815,0.1,4.066743492285653,4.0,0.850581169128418,0.8538457751274109,0.8780163526535034,0.9201038479804993
sub-cp005_ses-20210226_level-04B_run-009,sub-cp005,5,2000,43,51,50,3,3,4.0,0.05,2.905213136394462,0.1,3.334629065395659,3.334629065395659,0.853325605392456,0.8360769152641296,0.8494893908500671,0.8937758803367615
sub-cp017_ses-20210521_level-01B_run-001,sub-cp017,5,2000,43,51,50,0,1,1.0,0.05,2.1172841827171403,0.1,1.9282360712915274,1.9282360712915274,0.9250179529190063,0.9315096139907837,0.9164692163467407,0.8594039678573608
sub-cp017_ses-20210521_level-01B_run-007,sub-cp017,5,2000,43,51,50,0,1,1.0,0.05,2.0705060059000524,0.1,1.3672278298642695,1.3672278298642695,0.8931606411933899,0.9028863310813904,0.8822475075721741,0.8155856728553772
sub-cp017_ses-20210521_level-01B_run-012,sub-cp017,5,2000,43,51,50,0,1,1.0,0.05,2.07572673780352,0.1,1.56551833097493,1.56551833097493,0.8676667809486389,0.8776941895484924,0.8549180030822754,0.7952377200126648
sub-cp017_ses-20210521_level-02B_run-003,sub-cp017,5,2000,43,51,50,1,1,2.0,0.05,2.2178114149198525,0.1,2.338180400853391,2.338180400853391,0.8842008113861084,0.9198985695838928,0.905159592628479,0.8178877234458923
sub-cp017_ses-20210521_level-02B_run-008,sub-cp017,5,2000,43,51,50,1,1,2.0,0.05,2.266993373443121,0.1,2.3274046621814617,2.3274046621814617,0.8712587952613831,0.8982679843902588,0.8878358006477356,0.8262227177619934
sub-cp017_ses-20210521_level-02B_run-010,sub-cp017,5,2000,43,51,50,1,1,2.0,0.05,2.1856540587503694,0.1,2.010739657735222,2.010739657735222,0.9119279384613037,0.9289656281471252,0.9147927761077881,0.8552761077880859
sub-cp017_ses-20210521_level-03B_run-002,sub-cp017,5,2000,43,51,50,2,2,3.0,0.05,2.3369524658433862,0.1,3.096858264123252,3.096858264123252,0.8636845946311951,0.8961153626441956,0.8982141017913818,0.8173850178718567
sub-cp017_ses-20210521_level-03B_run-005,sub-cp017,5,2000,43,51,50,2,1,3.0,0.05,2.2358888158631967,0.1,2.3456360684412743,2.3456360684412743,0.9124929904937744,0.9316792488098145,0.9245589971542358,0.8593510389328003
sub-cp017_ses-20210521_level-03B_run-011,sub-cp017,5,2000,43,51,50,2,1,3.0,0.05,2.2809956194053522,0.1,2.7561824450927586,2.7561824450927586,0.9010577201843262,0.9289917349815369,0.9269539713859558,0.8454593420028687
sub-cp017_ses-20210521_level-04B_run-004,sub-cp017,5,2000,43,51,50,3,3,4.0,0.05,2.90844050557598,0.1,4.042048526898522,4.0,0.8718372583389282,0.8718494772911072,0.8836578726768494,0.9171403050422668
sub-cp017_ses-20210521_level-04B_run-006,sub-cp017,5,2000,43,51,50,3,3,4.0,0.05,3.1105486537644724,0.1,4.37398290744456,4.0,0.8563526272773743,0.8555287718772888,0.8726675510406494,0.9227498769760132
sub-cp017_ses-20210521_level-04B_run-009,sub-cp017,5,2000,43,51,50,3,3,4.0,0.05,2.947014269652486,0.1,4.098880447667033,4.0,0.8661734461784363,0.8634868860244751,0.8785752058029175,0.9146530628204346
sub-cp022_ses-20210621_level-01B_run-001,sub-cp022,5,2000,43,51,50,0,0,1.0,0.05,2.2852936888497477,0.1,1.9718430261469946,1.9718430261469946,0.8924476504325867,0.8822342753410339,0.8781228065490723,0.864537239074707
sub-cp022_ses-20210621_level-01B_run-007,sub-cp022,5,2000,43,51,50,0,0,1.0,0.05,2.2818877962113175,0.1,1.5319047737281357,1.5319047737281357,0.8770706057548523,0.8574856519699097,0.8510062098503113,0.852259635925293
sub-cp022_ses-20210621_level-01B_run-012,sub-cp022,5,2000,43,51,50,0,0,1.0,0.05,2.186038329809006,0.1,1.7980461601734756,1.7980461601734756,0.9242510795593262,0.9237210750579834,0.9175070524215698,0.8736131191253662
sub-cp022_ses-20210621_level-02B_run-003,sub-cp022,5,2000,43,51,50,1,0,2.0,0.05,2.3701184370671737,0.1,1.961638809040861,1.961638809040861,0.8961607217788696,0.8835649490356445,0.8874898552894592,0.8777673840522766
sub-cp022_ses-20210621_level-02B_run-008,sub-cp022,5,2000,43,51,50,1,2,2.0,0.05,2.4967960241500555,0.1,2.539905313455162,2.539905313455162,0.8708552122116089,0.869201123714447,0.8746101260185242,0.8685327172279358
sub-cp022_ses-20210621_level-02B_run-010,sub-cp022,5,2000,43,51,50,1,2,2.0,0.05,2.4856474824648815,0.1,2.4104906476333703,2.4104906476333703,0.8981652855873108,0.9057564735412598,0.9093375205993652,0.8945167660713196
sub-cp022_ses-20210621_level-03B_run-002,sub-cp022,5,2000,43,51,50,2,3,3.0,0.05,3.0645183538550795,0.1,3.704439053839174,3.704439053839174,0.8342893123626709,0.8304800987243652,0.8556897640228271,0.8949930667877197
sub-cp022_ses-20210621_level-03B_run-005,sub-cp022,5,2000,43,51,50,2,2,3.0,0.05,2.6126922084914854,0.1,3.0445308307360284,3.0445308307360284,0.872496485710144,0.8763504028320312,0.8921999931335449,0.8826625347137451
sub-cp022_ses-20210621_level-03B_run-011,sub-cp022,5,2000,43,51,50,2,2,3.0,0.05,2.5323181527753795,0.1,2.800402505949374,2.800402505949374,0.8917615413665771,0.8889269232749939,0.9038822650909424,0.8907858729362488
sub-cp022_ses-20210621_level-04B_run-004,sub-cp022,5,2000,43,51,50,3,3,4.0,0.05,3.17713548521834,0.1,3.627314242721763,3.627314242721763,0.8414329290390015,0.8303365707397461,0.8538269400596619,0.911583662033081
sub-cp022_ses-20210621_level-04B_run-006,sub-cp022,5,2000,43,51,50,3,3,4.0,0.05,3.2941955788777975,0.1,4.146946296071554,4.0,0.8160332441329956,0.805157482624054,0.8312608599662781,0.8993325233459473
sub-cp022_ses-20210621_level-04B_run-009,sub-cp022,5,2000,43,51,50,3,3,4.0,0.05,3.150823804151356,0.1,4.022128479888372,4.0,0.8379755020141602,0.838542640209198,0.8639923930168152,0.9097579121589661
sub-cp028_ses-20211214_level-01B_run-001,sub-cp028,5,2000,43,51,50,0,1,1.0,0.05,2.1760169224926695,0.1,1.748251042836338,1.748251042836338,0.8722139596939087,0.8802773356437683,0.8695540428161621,0.8167499303817749
sub-cp028_ses-20211214_level-01B_run-007,sub-cp028,5,2000,43,51,50,0,0,1.0,0.05,2.1381809407945105,0.1,1.4055189953861813,1.4055189953861813,0.911941409111023,0.8992334008216858,0.8928918838500977,0.8598272800445557
sub-cp028_ses-20211214_level-01B_run-012,sub-cp028,5,2000,43,51,50,0,0,1.0,0.05,2.2791029665631335,0.1,1.7278626025494122,1.7278626025494122,0.8360919952392578,0.8128156065940857,0.8065126538276672,0.811643123626709
sub-cp028_ses-20211214_level-02B_run-003,sub-cp028,5,2000,43,51,50,1,1,2.0,0.05,2.259599034751986,0.1,2.258053184292561,2.258053184292561,0.8980441689491272,0.9223381876945496,0.9153515696525574,0.8476291298866272
sub-cp028_ses-20211214_level-02B_run-008,sub-cp028,5,2000,43,51,50,1,1,2.0,0.05,2.0211155177780658,0.1,1.6835801391095855,1.6835801391095855,0.9227981567382812,0.9246864914894104,0.9015671014785767,0.8432102203369141
sub-cp028_ses-20211214_level-02B_run-010,sub-cp028,5,2000,43,51,50,1,1,2.0,0.05,2.1233499144026675,0.1,1.5330662891716587,1.5330662891716587,0.9211165308952332,0.9278567433357239,0.9137815237045288,0.8557259440422058
sub-cp028_ses-20211214_level-03B_run-002,sub-cp028,5,2000,43,51,50,2,2,3.0,0.05,2.377809799143488,0.1,2.7271910008207567,2.7271910008207567,0.8588010668754578,0.8906751275062561,0.8953135013580322,0.823523759841919
sub-cp028_ses-20211214_level-03B_run-005,sub-cp028,5,2000,43,51,50,2,2,3.0,0.05,2.332816677473909,0.1,2.956617175218146,2.956617175218146,0.8896628022193909,0.9154889583587646,0.9210463166236877,0.8418607711791992
sub-cp028_ses-20211214_level-03B_run-011,sub-cp028,5,2000,43,51,50,2,2,3.0,0.05,2.3001879930852422,0.1,2.537720810137495,2.537720810137495,0.9032909274101257,0.9216336607933044,0.9230687618255615,0.8585042953491211
sub-cp028_ses-20211214_level-04B_run-004,sub-cp028,5,2000,43,51,50,3,3,4.0,0.05,3.08726312222421,0.1,4.2112654028047904,4.0,0.8593661189079285,0.8608776926994324,0.8840038180351257,0.924390435218811
sub-cp028_ses-20211214_level-04B_run-006,sub-cp028,5,2000,43,51,50,3,3,4.0,0.05,3.0169808233535793,0.1,3.9317746570589276,3.9317746570589276,0.8593392372131348,0.8549025058746338,0.8769252896308899,0.9146530628204346
sub-cp028_ses-20211214_level-04B_run-009,sub-cp028,5,2000,43,51,50,3,3,4.0,0.05,2.964812402806521,0.1,3.97179263101809,3.97179263101809,0.867976188659668,0.8570681810379028,0.8775905966758728,0.915870189666748
sub-cp030_ses-20211025_level-01B_run-001,sub-cp030,5,2000,43,51,50,0,0,1.0,0.05,2.060808854182437,0.1,1.0020346316488067,1.0020346316488067,0.8873892426490784,0.8703100681304932,0.8603466749191284,0.8250319957733154
sub-cp030_ses-20211025_level-01B_run-007,sub-cp030,5,2000,43,51,50,0,0,1.0,0.05,1.9713287158256394,0.1,0.9593718696625153,1.0,0.8863264322280884,0.87282794713974,0.8528955578804016,0.8078593015670776
sub-cp030_ses-20211025_level-01B_run-012,sub-cp030,5,2000,43,51,50,0,0,1.0,0.05,1.9093159035303773,0.1,0.6259261641794605,1.0,0.8873354196548462,0.8624040484428406,0.8435285091400146,0.8046575784683228
sub-cp030_ses-20211025_level-02B_run-003,sub-cp030,5,2000,43,51,50,1,2,2.0,0.05,2.294177373166215,0.1,1.8227717748578636,1.8227717748578636,0.8586531281471252,0.8576552867889404,0.8629545569419861,0.8216186165809631
sub-cp030_ses-20211025_level-02B_run-008,sub-cp030,5,2000,43,51,50,1,1,2.0,0.05,2.165477586409313,0.1,2.0049786624651644,2.0049786624651644,0.9028873443603516,0.9138320684432983,0.904308021068573,0.8391618132591248
sub-cp030_ses-20211025_level-02B_run-010,sub-cp030,5,2000,43,51,50,1,1,2.0,0.05,2.086118188717057,0.1,1.3867657695106268,1.3867657695106268,0.8965643644332886,0.9027689099311829,0.8858665823936462,0.8237090110778809
sub-cp030_ses-20211025_level-03B_run-002,sub-cp030,5,2000,43,51,50,2,3,3.0,0.05,2.7490865832051803,0.1,2.659369029813419,2.659369029813419,0.8053917288780212,0.7958294749259949,0.8106107115745544,0.8310385346412659
sub-cp030_ses-20211025_level-03B_run-011,sub-cp030,5,2000,43,51,50,2,2,3.0,0.05,2.5037703575066232,0.1,3.3985572558081234,3.3985572558081234,0.8828824162483215,0.8918231725692749,0.9049200415611267,0.8771852850914001
sub-cp030_ses-20211025_level-04B_run-004,sub-cp030,5,2000,43,51,50,3,3,4.0,0.05,2.6152731192305163,0.1,3.1416970737174488,3.1416970737174488,0.8439621925354004,0.8209955096244812,0.8306754231452942,0.8544823527336121
sub-cp030_ses-20211025_level-04B_run-006,sub-cp030,5,2000,43,51,50,3,3,4.0,0.05,3.0014273789816475,0.1,3.5907699441377448,3.5907699441377448,0.7912523746490479,0.7734552621841431,0.790785551071167,0.8410669565200806
sub-cp030_ses-20211025_level-04B_run-009,sub-cp030,5,2000,43,51,50,3,3,4.0,0.05,3.1903038560618047,0.1,3.7384115874692982,3.7384115874692982,0.8300918936729431,0.8199909925460815,0.8389248251914978,0.901687502861023
sub-cp032_ses-20211105_level-01B_run-001,sub-cp032,5,2000,43,51,50,0,1,1.0,0.05,2.2224850511922427,0.1,1.9299177235861256,1.9299177235861256,0.9068964123725891,0.9162064790725708,0.9094173312187195,0.8583190441131592
sub-cp032_ses-20211105_level-01B_run-007,sub-cp032,5,2000,43,51,50,0,1,1.0,0.05,2.244530386239841,0.1,1.9862737456799273,1.9862737456799273,0.8923534750938416,0.9016339182853699,0.8958723545074463,0.8483700156211853
sub-cp032_ses-20211105_level-01B_run-012,sub-cp032,5,2000,43,51,50,0,0,1.0,0.05,2.1898557713456968,0.1,1.5053785747196766,1.5053785747196766,0.9172957539558411,0.9094616174697876,0.9026581645011902,0.8730838894844055
sub-cp032_ses-20211105_level-02B_run-003,sub-cp032,5,2000,43,51,50,1,1,2.0,0.05,2.243580767142081,0.1,2.364624724546838,2.364624724546838,0.9091430902481079,0.9252996444702148,0.915378212928772,0.8647753596305847
sub-cp032_ses-20211105_level-02B_run-008,sub-cp032,5,2000,43,51,50,1,1,2.0,0.05,2.245228876998874,0.1,2.281762760563709,2.281762760563709,0.9005733728408813,0.9157629013061523,0.9087786674499512,0.8537678718566895
sub-cp032_ses-20211105_level-02B_run-010,sub-cp032,5,2000,43,51,50,1,1,2.0,0.05,2.222429954417737,0.1,2.476233797642931,2.476233797642931,0.8960127830505371,0.9140538573265076,0.9038023948669434,0.8443744778633118
sub-cp032_ses-20211105_level-03B_run-002,sub-cp032,5,2000,43,51,50,2,1,3.0,0.05,2.3110226161249825,0.1,2.816455265945468,2.816455265945468,0.8941023945808411,0.9206030368804932,0.9197689890861511,0.8492166996002197
sub-cp032_ses-20211105_level-03B_run-005,sub-cp032,5,2000,43,51,50,2,1,3.0,0.05,2.2939902443159608,0.1,2.691545630850225,2.691545630850225,0.9069637060165405,0.9250126481056213,0.9208866953849792,0.8680300116539001
sub-cp032_ses-20211105_level-03B_run-011,sub-cp032,5,2000,43,51,50,2,2,3.0,0.05,2.33673174152847,0.1,2.523775668242563,2.523775668242563,0.9087664484977722,0.9253779649734497,0.9259960055351257,0.8763650059700012
sub-cp032_ses-20211105_level-04B_run-004,sub-cp032,5,2000,43,51,50,3,3,4.0,0.05,2.7125733225362203,0.1,3.582143217588884,3.582143217588884,0.8853039741516113,0.8875962495803833,0.904308021068573,0.9082760810852051
sub-cp032_ses-20211105_level-04B_run-006,sub-cp032,5,2000,43,51,50,3,3,4.0,0.05,2.989150350705917,0.1,4.318688829221625,4.0,0.8544691205024719,0.8568594455718994,0.8778300881385803,0.909017026424408
sub-cp032_ses-20211105_level-04B_run-009,sub-cp032,5,2000,43,51,50,3,3,4.0,0.05,2.83284554191766,0.1,3.7832989367356564,3.7832989367356564,0.8797881603240967,0.8813079595565796,0.9006623029708862,0.9166110754013062
sub-cp035_ses-20220125_level-01B_run-001,sub-cp035,5,2000,43,51,50,0,1,1.0,0.05,2.198898279818362,0.1,1.6549417802430302,1.6549417802430302,0.9083493947982788,0.9136755466461182,0.9042015671730042,0.8598537445068359
sub-cp035_ses-20220125_level-01B_run-007,sub-cp035,5,2000,43,51,50,0,1,1.0,0.05,2.1468336402305885,0.1,1.3135968818834718,1.3135968818834718,0.9190312623977661,0.9202768802642822,0.9110671877861023,0.8600654602050781
sub-cp035_ses-20220125_level-01B_run-012,sub-cp035,5,2000,43,51,50,0,1,1.0,0.05,2.1968881469351462,0.1,1.7566494093803033,1.7566494093803033,0.9079861640930176,0.9139233827590942,0.9041217565536499,0.8588747382164001
sub-cp035_ses-20220125_level-02B_run-003,sub-cp035,5,2000,43,51,50,1,1,2.0,0.05,2.305572875222354,0.1,2.134923634082481,2.134923634082481,0.8996720314025879,0.917550265789032,0.9152717590332031,0.8617588877677917
sub-cp035_ses-20220125_level-02B_run-008,sub-cp035,5,2000,43,51,50,1,1,2.0,0.05,2.2835425848347137,0.1,2.426412720779211,2.426412720779211,0.9003716111183167,0.9300484657287598,0.9264749884605408,0.8469147086143494
sub-cp035_ses-20220125_level-02B_run-010,sub-cp035,5,2000,43,51,50,1,1,2.0,0.05,2.244865667219829,0.1,1.856679439248258,1.856679439248258,0.9059547185897827,0.9199116230010986,0.9135686159133911,0.8592187166213989
sub-cp035_ses-20220125_level-03B_run-002,sub-cp035,5,2000,43,51,50,2,2,3.0,0.05,2.529525845957872,0.1,3.100112457131352,3.100112457131352,0.8520475625991821,0.8724626898765564,0.8832853436470032,0.8512541651725769
sub-cp035_ses-20220125_level-03B_run-005,sub-cp035,5,2000,43,51,50,2,2,3.0,0.05,2.41756125477617,0.1,2.77045162963061,2.77045162963061,0.9009097218513489,0.9142364859580994,0.9262887239456177,0.8777144551277161
sub-cp035_ses-20220125_level-03B_run-011,sub-cp035,5,2000,43,51,50,2,2,3.0,0.05,2.3738220109077943,0.1,2.9341533873301895,2.9341533873301895,0.8917346000671387,0.9212814569473267,0.9292159080505371,0.8512541651725769
sub-cp035_ses-20220125_level-04B_run-004,sub-cp035,5,2000,43,51,50,3,3,4.0,0.05,3.1355129554403796,0.1,4.478259811864536,4.0,0.8500295877456665,0.855841875076294,0.8794267177581787,0.9221148490905762
sub-cp035_ses-20220125_level-04B_run-006,sub-cp035,5,2000,43,51,50,3,3,4.0,0.05,3.030293739938406,0.1,4.391180310224302,4.0,0.8599311709403992,0.8637999892234802,0.8896453380584717,0.9196011424064636
sub-cp035_ses-20220125_level-04B_run-009,sub-cp035,5,2000,43,51,50,3,3,4.0,0.05,3.010981665586185,0.1,4.184527477484348,4.0,0.863065779209137,0.8646480441093445,0.8862923979759216,0.9197334051132202
sub-cp005_ses-20210226_level-01B_run-001,sub-cp005,5,5000,43,51,50,0,0,1.0,0.05,2.030400995345561,0.01,1.3267457318092617,1.3267457318092617,0.9018426537513733,0.8885404467582703,0.873961329460144,0.8331476449966431
sub-cp005_ses-20210226_level-01B_run-007,sub-cp005,5,5000,43,51,50,0,1,1.0,0.05,2.0693887874831773,0.01,1.9327643433540842,1.9327643433540842,0.9279672503471375,0.9361514449119568,0.9160700440406799,0.8514098525047302
sub-cp005_ses-20210226_level-01B_run-012,sub-cp005,5,5000,43,51,50,0,1,1.0,0.05,2.0022597312866606,0.01,1.085723810899569,1.085723810899569,0.9269523024559021,0.9319291114807129,0.9064993858337402,0.8387015461921692
sub-cp005_ses-20210226_level-02B_run-003,sub-cp005,5,5000,43,51,50,1,2,2.0,0.05,2.5345950104843444,0.01,2.3407774444725438,2.3407774444725438,0.8589548468589783,0.8676273226737976,0.8791409730911255,0.8592320084571838
sub-cp005_ses-20210226_level-02B_run-008,sub-cp005,5,5000,43,51,50,1,1,2.0,0.05,2.1747155786829833,0.01,2.2232510329751762,2.2232510329751762,0.9021341800689697,0.9299485683441162,0.912968635559082,0.8326177000999451
sub-cp005_ses-20210226_level-02B_run-010,sub-cp005,5,5000,43,51,50,1,1,2.0,0.05,2.1568928699683507,0.01,2.1372192065967135,2.1372192065967135,0.9169430136680603,0.9353467226028442,0.9198002815246582,0.8507951498031616
sub-cp005_ses-20210226_level-03B_run-002,sub-cp005,5,5000,43,51,50,2,3,3.0,0.05,3.01153764405563,0.01,3.5182463062408518,3.5182463062408518,0.769907534122467,0.7604803442955017,0.7780629992485046,0.823078453540802
sub-cp005_ses-20210226_level-03B_run-005,sub-cp005,5,5000,43,51,50,2,2,3.0,0.05,2.473470945858024,0.01,3.531894313055939,3.531894313055939,0.8713935613632202,0.9005072116851807,0.9115085601806641,0.8570803999900818
sub-cp005_ses-20210226_level-03B_run-011,sub-cp005,5,5000,43,51,50,2,2,3.0,0.05,2.5771575018947166,0.01,3.261522926280656,3.261522926280656,0.8887182474136353,0.8896430730819702,0.9063928127288818,0.8934141397476196
sub-cp005_ses-20210226_level-04B_run-004,sub-cp005,5,5000,43,51,50,3,3,4.0,0.05,2.9819375614364216,0.01,3.3162386881282,3.3162386881282,0.7859148979187012,0.776329755783081,0.7977797985076904,0.8359563946723938
sub-cp005_ses-20210226_level-04B_run-006,sub-cp005,5,5000,43,51,50,3,3,4.0,0.05,3.1048343362462005,0.01,4.008840944153767,4.0,0.8579938411712646,0.8587018847465515,0.8812512159347534,0.9246072769165039
sub-cp005_ses-20210226_level-04B_run-009,sub-cp005,5,5000,43,51,50,3,3,4.0,0.05,2.992070565936826,0.01,3.7868129732888045,3.7868129732888045,0.8420836925506592,0.8276980519294739,0.8433523178100586,0.8918666243553162
sub-cp017_ses-20210521_level-01B_run-001,sub-cp017,5,5000,43,51,50,0,1,1.0,0.05,2.0800398966983353,0.01,1.5262244053614946,1.5262244053614946,0.926482617855072,0.9333766102790833,0.9154518842697144,0.8521412014961243
sub-cp017_ses-20210521_level-01B_run-007,sub-cp017,5,5000,43,51,50,0,1,1.0,0.05,2.0585887119363306,0.01,1.3283990728098476,1.3283990728098476,0.890262246131897,0.9008468985557556,0.8795353174209595,0.8075613975524902
sub-cp017_ses-20210521_level-01B_run-012,sub-cp017,5,5000,43,51,50,0,1,1.0,0.05,2.0937831826617863,0.01,1.194597645952474,1.194597645952474,0.8662755489349365,0.8778382539749146,0.8577402234077454,0.7938673496246338
sub-cp017_ses-20210521_level-02B_run-003,sub-cp017,5,5000,43,51,50,1,1,2.0,0.05,2.1941676597731092,0.01,2.199573827848321,2.199573827848321,0.883594810962677,0.9191941618919373,0.9031102657318115,0.8081443309783936
sub-cp017_ses-20210521_level-02B_run-008,sub-cp017,5,5000,43,51,50,1,1,2.0,0.05,2.241915585932846,0.01,2.5550434688720927,2.5550434688720927,0.8621562719345093,0.8911793828010559,0.8788852095603943,0.8096282482147217
sub-cp017_ses-20210521_level-02B_run-010,sub-cp017,5,5000,43,51,50,1,1,2.0,0.05,2.1698132408676867,0.01,2.2298170633254726,2.2298170633254726,0.9071172475814819,0.9299224615097046,0.9139385223388672,0.840842604637146
sub-cp017_ses-20210521_level-03B_run-002,sub-cp017,5,5000,43,51,50,2,2,3.0,0.05,2.3323098472775183,0.01,3.183789504792948,3.183789504792948,0.8609685301780701,0.8912525773048401,0.895575225353241,0.8104549646377563
sub-cp017_ses-20210521_level-03B_run-005,sub-cp017,5,5000,43,51,50,2,1,3.0,0.05,2.2530150401662397,0.01,2.496858326768453,2.496858326768453,0.9040507078170776,0.9252716302871704,0.9222621917724609,0.8475729823112488
sub-cp017_ses-20210521_level-03B_run-011,sub-cp017,5,5000,43,51,50,2,2,3.0,0.05,2.326000573117941,0.01,3.006577178048283,3.006577178048283,0.8901597261428833,0.9191314578056335,0.9217612743377686,0.842072069644928
sub-cp017_ses-20210521_level-04B_run-004,sub-cp017,5,5000,43,51,50,3,3,4.0,0.05,2.9018818948651415,0.01,3.9054291169961335,3.9054291169961335,0.8752266764640808,0.87343829870224,0.8877097964286804,0.9192017316818237
sub-cp017_ses-20210521_level-04B_run-006,sub-cp017,5,5000,43,51,50,3,3,4.0,0.05,3.054920998573226,0.01,4.487254917419353,4.0,0.858161211013794,0.8582263588905334,0.8763273358345032,0.9189897179603577
sub-cp017_ses-20210521_level-04B_run-009,sub-cp017,5,5000,43,51,50,3,3,4.0,0.05,2.936619390067904,0.01,4.066461780478081,4.0,0.8628635406494141,0.8615864515304565,0.8753681182861328,0.9107012748718262
sub-cp022_ses-20210621_level-01B_run-001,sub-cp022,5,5000,43,51,50,0,0,1.0,0.05,2.3193986190611264,0.01,2.0772394121257083,2.0772394121257083,0.8947000503540039,0.883800745010376,0.8789811134338379,0.8725550770759583
sub-cp022_ses-20210621_level-01B_run-007,sub-cp022,5,5000,43,51,50,0,0,1.0,0.05,2.4134982658769495,0.01,1.9734613546960864,1.9734613546960864,0.8698981404304504,0.8497294187545776,0.8467840552330017,0.8607158660888672
sub-cp022_ses-20210621_level-01B_run-012,sub-cp022,5,5000,43,51,50,0,1,1.0,0.05,2.168031252666268,0.01,1.8583540875755347,1.8583540875755347,0.9224335551261902,0.9234269857406616,0.9139385223388672,0.8696509599685669
sub-cp022_ses-20210621_level-02B_run-003,sub-cp022,5,5000,43,51,50,1,0,2.0,0.05,2.3661669106992864,0.01,1.8968049736280541,1.8968049736280541,0.8945974707603455,0.8840150237083435,0.8862283825874329,0.8759998083114624
sub-cp022_ses-20210621_level-02B_run-008,sub-cp022,5,5000,43,51,50,1,3,2.0,0.05,2.5491256535052704,0.01,2.5603231789531473,2.5603231789531473,0.8678897619247437,0.8639327883720398,0.8674281239509583,0.8730850219726562
sub-cp022_ses-20210621_level-02B_run-010,sub-cp022,5,5000,43,51,50,1,2,2.0,0.05,2.463170090781743,0.01,2.2760248586635052,2.2760248586635052,0.8975397944450378,0.9025608897209167,0.9054335951805115,0.8909339308738708
sub-cp022_ses-20210621_level-03B_run-002,sub-cp022,5,5000,43,51,50,2,3,3.0,0.05,3.0214340220277656,0.01,3.577071443083516,3.577071443083516,0.8354972004890442,0.8322757482528687,0.8555980324745178,0.8916970491409302
sub-cp022_ses-20210621_level-03B_run-005,sub-cp022,5,5000,43,51,50,2,2,3.0,0.05,2.62189503712125,0.01,3.1799483403992346,3.1799483403992346,0.8753401041030884,0.8772895932197571,0.8952555060386658,0.8859947323799133
sub-cp022_ses-20210621_level-03B_run-011,sub-cp022,5,5000,43,51,50,2,2,3.0,0.05,2.6134859919924827,0.01,2.7794343116913907,2.7794343116913907,0.88888019323349,0.8830168843269348,0.9004244804382324,0.8982473015785217
sub-cp022_ses-20210621_level-04B_run-004,sub-cp022,5,5000,43,51,50,3,3,4.0,0.05,3.1724832967879246,0.01,3.5855733664906446,3.5855733664906446,0.8388389945030212,0.8271075487136841,0.8502904772758484,0.9082528352737427
sub-cp022_ses-20210621_level-04B_run-006,sub-cp022,5,5000,43,51,50,3,3,4.0,0.05,3.262358623121382,0.01,4.354094314123353,4.0,0.8160238265991211,0.8035398125648499,0.8289963006973267,0.895088791847229
sub-cp022_ses-20210621_level-04B_run-009,sub-cp022,5,5000,43,51,50,3,3,4.0,0.05,3.120944226212079,0.01,3.933614877480948,3.933614877480948,0.8438112735748291,0.8433854579925537,0.8680569529533386,0.9118671417236328
sub-cp028_ses-20211214_level-01B_run-001,sub-cp028,5,5000,43,51,50,0,1,1.0,0.05,2.1345124155063018,0.01,1.4838035063136032,1.4838035063136032,0.870956301689148,0.8809475302696228,0.8674494624137878,0.8043074607849121
sub-cp028_ses-20211214_level-01B_run-007,sub-cp028,5,5000,43,51,50,0,0,1.0,0.05,2.0892368924144042,0.01,1.4608387602359039,1.4608387602359039,0.9102647304534912,0.9000473618507385,0.8890846371650696,0.8494066596031189
sub-cp028_ses-20211214_level-01B_run-012,sub-cp028,5,5000,43,51,50,0,0,1.0,0.05,2.2636805278910357,0.01,1.384831685954452,1.384831685954452,0.8320743441581726,0.8039944171905518,0.7964262366294861,0.8070738315582275
sub-cp028_ses-20211214_level-02B_run-003,sub-cp028,5,5000,43,51,50,1,1,2.0,0.05,2.2277304607058466,0.01,2.2043437302033526,2.2043437302033526,0.9030141830444336,0.9306645393371582,0.9185213446617126,0.8463435173034668
sub-cp028_ses-20211214_level-02B_run-008,sub-cp028,5,5000,43,51,50,1,1,2.0,0.05,2.061481235589736,0.01,1.99003194385975,1.99003194385975,0.9136173725128174,0.917443573474884,0.8966303467750549,0.8416587114334106
sub-cp028_ses-20211214_level-02B_run-010,sub-cp028,5,5000,43,51,50,1,1,2.0,0.05,2.0956315637750147,0.01,1.3498431842696386,1.3498431842696386,0.9202092289924622,0.9285063147544861,0.9112740755081177,0.8483149409294128
sub-cp028_ses-20211214_level-03B_run-002,sub-cp028,5,5000,43,51,50,2,2,3.0,0.05,2.4054926671422,0.01,2.961958115580549,2.961958115580549,0.8559368848800659,0.8889741897583008,0.896108090877533,0.8252406716346741
sub-cp028_ses-20211214_level-03B_run-005,sub-cp028,5,5000,43,51,50,2,2,3.0,0.05,2.3411699406255786,0.01,3.138107488945287,3.138107488945287,0.8878868222236633,0.9132944345474243,0.9208554029464722,0.8398250341415405
sub-cp028_ses-20211214_level-03B_run-011,sub-cp028,5,5000,43,51,50,2,2,3.0,0.05,2.345942107390539,0.01,2.5770495784402754,2.5770495784402754,0.8951103687286377,0.914559006690979,0.9188091158866882,0.8591472506523132
sub-cp028_ses-20211214_level-04B_run-004,sub-cp028,5,5000,43,51,50,3,3,4.0,0.05,3.10827110004175,0.01,4.197773264876879,4.0,0.8580694198608398,0.854876697063446,0.8763806223869324,0.9235579371452332
sub-cp028_ses-20211214_level-04B_run-006,sub-cp028,5,5000,43,51,50,3,3,4.0,0.05,3.051416340748905,0.01,4.057851825392001,4.0,0.8577238917350769,0.8515113592147827,0.8744089603424072,0.9161491990089417
sub-cp028_ses-20211214_level-04B_run-009,sub-cp028,5,5000,43,51,50,3,3,4.0,0.05,2.986670472015456,0.01,3.861206589621872,3.861206589621872,0.8588360548019409,0.8471322655677795,0.8692719340324402,0.9087722301483154
sub-cp030_ses-20211025_level-01B_run-001,sub-cp030,5,5000,43,51,50,0,0,1.0,0.05,2.131003358695716,0.01,1.2241479700959543,1.2241479700959543,0.8845611810684204,0.8698064088821411,0.864753007888794,0.8312715888023376
sub-cp030_ses-20211025_level-01B_run-007,sub-cp030,5,5000,43,51,50,0,0,1.0,0.05,1.9870281483019538,0.01,0.979340892756859,1.0,0.8852846026420593,0.8721475601196289,0.8541805744171143,0.8084835410118103
sub-cp030_ses-20211025_level-01B_run-012,sub-cp030,5,5000,43,51,50,0,0,1.0,0.05,1.9239042462289764,0.01,0.6051777760414399,1.0,0.8833734393119812,0.859679102897644,0.8409969210624695,0.8029295802116394
sub-cp030_ses-20211025_level-02B_run-003,sub-cp030,5,5000,43,51,50,1,2,2.0,0.05,2.312496797911953,0.01,1.8555644944501384,1.8555644944501384,0.8559207320213318,0.8541451096534729,0.8577402234077454,0.8245517611503601
sub-cp030_ses-20211025_level-02B_run-008,sub-cp030,5,5000,43,51,50,1,1,2.0,0.05,2.1686104989964834,0.01,1.9994388906749174,1.9994388906749174,0.8977989554405212,0.9113190770149231,0.9020444750785828,0.831313967704773
sub-cp030_ses-20211025_level-02B_run-010,sub-cp030,5,5000,43,51,50,1,1,2.0,0.05,2.1131594395154685,0.01,1.5515826264408243,1.5515826264408243,0.8923407793045044,0.8993471264839172,0.8854929804801941,0.8228452801704407
sub-cp030_ses-20211025_level-03B_run-002,sub-cp030,5,5000,43,51,50,2,3,3.0,0.05,2.7631374153981945,0.01,2.945910524228812,2.945910524228812,0.8005509376525879,0.792482316493988,0.8073824048042297,0.8279858827590942
sub-cp030_ses-20211025_level-03B_run-011,sub-cp030,5,5000,43,51,50,2,2,3.0,0.05,2.5013462303916634,0.01,3.3619957760757933,3.3619957760757933,0.8858515024185181,0.8952083587646484,0.9098459482192993,0.8787449598312378
sub-cp030_ses-20211025_level-04B_run-004,sub-cp030,5,5000,43,51,50,3,3,4.0,0.05,2.6904054242059336,0.01,3.3609489220617004,3.3609489220617004,0.8340557217597961,0.8123502731323242,0.8250529766082764,0.852109432220459
sub-cp030_ses-20211025_level-04B_run-006,sub-cp030,5,5000,43,51,50,3,3,4.0,0.05,3.0886968169715407,0.01,3.870578281019431,3.870578281019431,0.7795335650444031,0.7603287696838379,0.7795230746269226,0.8377370238304138
sub-cp030_ses-20211025_level-04B_run-009,sub-cp030,5,5000,43,51,50,3,3,4.0,0.05,3.1944364809790864,0.01,3.942572535495306,3.942572535495306,0.8286137580871582,0.8166457414627075,0.8367231488227844,0.9000703692436218
sub-cp032_ses-20211105_level-01B_run-001,sub-cp032,5,5000,43,51,50,0,1,1.0,0.05,2.2078228471625714,0.01,1.8260653475010988,1.8260653475010988,0.9083049297332764,0.9140573740005493,0.906637966632843,0.8594651818275452
sub-cp032_ses-20211105_level-01B_run-007,sub-cp032,5,5000,43,51,50,0,1,1.0,0.05,2.2064827764113573,0.01,1.6325690950905725,1.6325690950905725,0.8958067893981934,0.899953305721283,0.8911096453666687,0.8493642807006836
sub-cp032_ses-20211105_level-01B_run-012,sub-cp032,5,5000,43,51,50,0,0,1.0,0.05,2.1848022442166757,0.01,1.5477756409963375,1.5477756409963375,0.9143947958946228,0.9084763526916504,0.8988897800445557,0.8702762722969055
sub-cp032_ses-20211105_level-02B_run-003,sub-cp032,5,5000,43,51,50,1,1,2.0,0.05,2.229799471089474,0.01,2.106771265766191,2.106771265766191,0.906145453453064,0.9203699827194214,0.9099525213241577,0.8600481748580933
sub-cp032_ses-20211105_level-02B_run-008,sub-cp032,5,5000,43,51,50,1,1,2.0,0.05,2.23956894469115,0.01,2.1428251770800393,2.1428251770800393,0.900703489780426,0.9146739840507507,0.9057533740997314,0.8556601405143738
sub-cp032_ses-20211105_level-02B_run-010,sub-cp032,5,5000,43,51,50,1,1,2.0,0.05,2.189420367443531,0.01,2.252008451683908,2.252008451683908,0.8962711095809937,0.9137908220291138,0.9000834226608276,0.8396554589271545
sub-cp032_ses-20211105_level-03B_run-002,sub-cp032,5,5000,43,51,50,2,2,3.0,0.05,2.3318955012837637,0.01,2.817960942486036,2.817960942486036,0.8857164978981018,0.9128240942955017,0.913821280002594,0.8444356918334961
sub-cp032_ses-20211105_level-03B_run-005,sub-cp032,5,5000,43,51,50,2,1,3.0,0.05,2.296617666862441,0.01,2.646628615902166,2.646628615902166,0.9001150131225586,0.9172502160072327,0.9148231148719788,0.8604509234428406
sub-cp032_ses-20211105_level-03B_run-011,sub-cp032,5,5000,43,51,50,2,2,3.0,0.05,2.3282047244844675,0.01,2.5719417325011587,2.5719417325011587,0.9018858075141907,0.9180236458778381,0.918563961982727,0.8676900863647461
sub-cp032_ses-20211105_level-04B_run-004,sub-cp032,5,5000,43,51,50,3,3,4.0,0.05,2.784713051892468,0.01,3.766530685303762,3.766530685303762,0.880506694316864,0.879918098449707,0.8983035683631897,0.9113689661026001
sub-cp032_ses-20211105_level-04B_run-006,sub-cp032,5,5000,43,51,50,3,3,4.0,0.05,2.945204358969602,0.01,4.153867941611316,4.0,0.8566873073577881,0.8556814789772034,0.8745474815368652,0.9053804874420166
sub-cp032_ses-20211105_level-04B_run-009,sub-cp032,5,5000,43,51,50,3,3,4.0,0.05,2.873686279840368,0.01,3.9170058959514824,3.9170058959514824,0.8717930912971497,0.8712957501411438,0.8911309242248535,0.9127044677734375
sub-cp035_ses-20220125_level-01B_run-001,sub-cp035,5,5000,43,51,50,0,1,1.0,0.05,2.1862857756981895,0.01,1.563634391715726,1.563634391715726,0.9025606513023376,0.9034597277641296,0.8941150903701782,0.8541444540023804
sub-cp035_ses-20220125_level-01B_run-007,sub-cp035,5,5000,43,51,50,0,0,1.0,0.05,2.083149850311821,0.01,0.9303565869480974,1.0,0.9226117134094238,0.9189485907554626,0.907298743724823,0.8539430499076843
sub-cp035_ses-20220125_level-01B_run-012,sub-cp035,5,5000,43,51,50,0,1,1.0,0.05,2.1681107220099696,0.01,1.648848767836339,1.648848767836339,0.9067770838737488,0.9081889390945435,0.8968647718429565,0.8556389212608337
sub-cp035_ses-20220125_level-02B_run-003,sub-cp035,5,5000,43,51,50,1,1,2.0,0.05,2.2594021167045986,0.01,2.1909220847400723,2.1909220847400723,0.9033219218254089,0.9177936911582947,0.9110076427459717,0.8607053160667419
sub-cp035_ses-20220125_level-02B_run-008,sub-cp035,5,5000,43,51,50,1,1,2.0,0.05,2.2251285054422296,0.01,2.2252688347245866,2.2252688347245866,0.9034082889556885,0.9288407564163208,0.9213029742240906,0.8391785025596619
sub-cp035_ses-20220125_level-02B_run-010,sub-cp035,5,5000,43,51,50,1,1,2.0,0.05,2.190152732429918,0.01,1.8733536246452955,1.8733536246452955,0.9058161377906799,0.9189119935035706,0.9092384576797485,0.8480499386787415
sub-cp035_ses-20220125_level-03B_run-002,sub-cp035,5,5000,43,51,50,2,2,3.0,0.05,2.4914013515277915,0.01,2.9752248844647795,2.9752248844647795,0.8527030348777771,0.8639798164367676,0.8749631643295288,0.8457711338996887
sub-cp035_ses-20220125_level-03B_run-005,sub-cp035,5,5000,43,51,50,2,2,3.0,0.05,2.4207685248558173,0.01,3.1016466043033977,3.1016466043033977,0.893193781375885,0.9062972664833069,0.9178178906440735,0.8713256120681763
sub-cp035_ses-20220125_level-03B_run-011,sub-cp035,5,5000,43,51,50,2,2,3.0,0.05,2.3451978732517333,0.01,2.7575822735326723,2.7575822735326723,0.8958230018615723,0.9226065278053284,0.9281132817268372,0.8517914414405823
sub-cp035_ses-20220125_level-04B_run-004,sub-cp035,5,5000,43,51,50,3,3,4.0,0.05,3.1136933697209512,0.01,4.322739897231834,4.0,0.8488914966583252,0.8531522750854492,0.8748352527618408,0.917813241481781
sub-cp035_ses-20220125_level-04B_run-006,sub-cp035,5,5000,43,51,50,3,3,4.0,0.05,3.0131117231710913,0.01,4.283744718461174,4.0,0.8655413389205933,0.864209771156311,0.8869317770004272,0.9214593172073364
sub-cp035_ses-20220125_level-04B_run-009,sub-cp035,5,5000,43,51,50,3,3,4.0,0.05,2.9803086443887503,0.01,4.042207577810374,4.0,0.8667236566543579,0.8649674654006958,0.8859406113624573,0.9189473390579224
sub-cp005_ses-20210226_level-01B_run-001,sub-cp005,5,10000,43,51,50,0,0,1.0,0.05,2.0390599543117243,0.01,1.3032661393345721,1.3032661393345721,0.8981953263282776,0.8829479813575745,0.8708480596542358,0.8310275077819824
sub-cp005_ses-20210226_level-01B_run-007,sub-cp005,5,10000,43,51,50,0,1,1.0,0.05,2.0513381294053743,0.01,1.8055303764899011,1.8055303764899011,0.924403190612793,0.9344940185546875,0.9125093221664429,0.8408346176147461
sub-cp005_ses-20210226_level-01B_run-012,sub-cp005,5,10000,43,51,50,0,1,1.0,0.05,1.9824731224394658,0.01,1.1179397110192668,1.1179397110192668,0.9265683889389038,0.9315246939659119,0.9050676822662354,0.8314788341522217
sub-cp005_ses-20210226_level-02B_run-003,sub-cp005,5,10000,43,51,50,1,2,2.0,0.05,2.526588582831806,0.01,2.3882042272179547,2.3882042272179547,0.8503813743591309,0.8605469465255737,0.8713077902793884,0.8496647477149963
sub-cp005_ses-20210226_level-02B_run-008,sub-cp005,5,10000,43,51,50,1,1,2.0,0.05,2.1666165466494256,0.01,2.193508219497222,2.193508219497222,0.8976336717605591,0.9273907542228699,0.9088366031646729,0.824666440486908
sub-cp005_ses-20210226_level-02B_run-010,sub-cp005,5,10000,43,51,50,1,1,2.0,0.05,2.147257905224957,0.01,2.0909789075156766,2.0909789075156766,0.9121335744857788,0.9322276711463928,0.9148829579353333,0.8431656360626221
sub-cp005_ses-20210226_level-03B_run-002,sub-cp005,5,10000,43,51,50,2,3,3.0,0.05,3.0353872095180368,0.01,3.2654513277986497,3.2654513277986497,0.7644752264022827,0.7538586258888245,0.7727063894271851,0.8197602033615112
sub-cp005_ses-20210226_level-03B_run-005,sub-cp005,5,10000,43,51,50,2,2,3.0,0.05,2.4730209494922795,0.01,3.5258066055113657,3.5258066055113657,0.8661484122276306,0.8963177800178528,0.9097080230712891,0.8487620949745178
sub-cp005_ses-20210226_level-03B_run-011,sub-cp005,5,10000,43,51,50,2,2,3.0,0.05,2.5749687709470375,0.01,3.2106403341780654,3.2106403341780654,0.8870707154273987,0.8904237747192383,0.9083020091056824,0.8909481167793274
sub-cp005_ses-20210226_level-04B_run-004,sub-cp005,5,10000,43,51,50,3,3,4.0,0.05,2.962544508953086,0.01,3.592147868250121,3.592147868250121,0.7739257216453552,0.7653712630271912,0.7869267463684082,0.8222132921218872
sub-cp005_ses-20210226_level-04B_run-006,sub-cp005,5,10000,43,51,50,3,3,4.0,0.05,3.1426504961978967,0.01,4.126845223161466,4.0,0.8508833050727844,0.8519091606140137,0.876065731048584,0.9218562245368958
sub-cp005_ses-20210226_level-04B_run-009,sub-cp005,5,10000,43,51,50,3,3,4.0,0.05,2.9851702144367356,0.01,3.837578579910771,3.837578579910771,0.840149462223053,0.8252429366111755,0.8436797261238098,0.8890843987464905
sub-cp017_ses-20210521_level-01B_run-001,sub-cp017,5,10000,43,51,50,0,1,1.0,0.05,2.0568394425099443,0.01,1.4457325410701636,1.4457325410701636,0.9216817617416382,0.9284845590591431,0.9088580012321472,0.8416629433631897
sub-cp017_ses-20210521_level-01B_run-007,sub-cp017,5,10000,43,51,50,0,1,1.0,0.05,2.0376248378658386,0.01,1.3602777966258617,1.3602777966258617,0.8880285620689392,0.8970732688903809,0.8751515746116638,0.800209641456604
sub-cp017_ses-20210521_level-01B_run-012,sub-cp017,5,10000,43,51,50,0,1,1.0,0.05,2.071515053730806,0.01,1.2804961458959276,1.2804961458959276,0.8620811700820923,0.8702470660209656,0.8511480689048767,0.7846149206161499
sub-cp017_ses-20210521_level-02B_run-003,sub-cp017,5,10000,43,51,50,1,1,2.0,0.05,2.1712056833289513,0.01,2.156747739444665,2.156747739444665,0.88270503282547,0.917596161365509,0.8994758129119873,0.8008999228477478
sub-cp017_ses-20210521_level-02B_run-008,sub-cp017,5,10000,43,51,50,1,1,2.0,0.05,2.2217094787379703,0.01,2.3731766126133236,2.3731766126133236,0.8541691303253174,0.8838818073272705,0.8699071407318115,0.7961423993110657
sub-cp017_ses-20210521_level-02B_run-010,sub-cp017,5,10000,43,51,50,1,1,2.0,0.05,2.1500004118346436,0.01,1.9482363415460247,1.9482363415460247,0.9030439853668213,0.9265251159667969,0.9079919457435608,0.832524836063385
sub-cp017_ses-20210521_level-03B_run-002,sub-cp017,5,10000,43,51,50,2,2,3.0,0.05,2.33633163659456,0.01,3.0900598115553386,3.0900598115553386,0.8615981936454773,0.892233669757843,0.8978185653686523,0.8095548152923584
sub-cp017_ses-20210521_level-03B_run-005,sub-cp017,5,10000,43,51,50,2,1,3.0,0.05,2.2501068364111982,0.01,2.553729408316204,2.553729408316204,0.8981356024742126,0.9209405779838562,0.9180317521095276,0.8382593989372253
sub-cp017_ses-20210521_level-03B_run-011,sub-cp017,5,10000,43,51,50,2,2,3.0,0.05,2.3422204217365423,0.01,2.933364697787168,2.933364697787168,0.8816224336624146,0.9117913246154785,0.9167112708091736,0.8341071605682373
sub-cp017_ses-20210521_level-04B_run-004,sub-cp017,5,10000,43,51,50,3,3,4.0,0.05,2.9561139965434005,0.01,3.9205309310854624,3.9205309310854624,0.8707664608955383,0.8685551881790161,0.8858274817466736,0.9203057885169983
sub-cp017_ses-20210521_level-04B_run-006,sub-cp017,5,10000,43,51,50,3,3,4.0,0.05,3.0705626532978667,0.01,4.265690394885207,4.0,0.8558948040008545,0.8555211424827576,0.8747826814651489,0.9182721376419067
sub-cp017_ses-20210521_level-04B_run-009,sub-cp017,5,10000,43,51,50,3,3,4.0,0.05,2.9833294866982323,0.01,3.8604568095064042,3.8604568095064042,0.8579026460647583,0.8550227284431458,0.871067225933075,0.9101375937461853
sub-cp022_ses-20210621_level-01B_run-001,sub-cp022,5,10000,43,51,50,0,0,1.0,0.05,2.267586655028513,0.01,1.9304652867339334,1.9304652867339334,0.8932028412818909,0.8817256093025208,0.8752477765083313,0.8641444444656372
sub-cp022_ses-20210621_level-01B_run-007,sub-cp022,5,10000,43,51,50,0,0,1.0,0.05,2.376799926617461,0.01,1.8194073837614722,1.8194073837614722,0.865092933177948,0.8421381711959839,0.838045060634613,0.8521125316619873
sub-cp022_ses-20210621_level-01B_run-012,sub-cp022,5,10000,43,51,50,0,1,1.0,0.05,2.15460222773405,0.01,1.7082279518688432,1.7082279518688432,0.9207456707954407,0.9230049848556519,0.9126589894294739,0.8643355965614319
sub-cp022_ses-20210621_level-02B_run-003,sub-cp022,5,10000,43,51,50,1,0,2.0,0.05,2.3472475090540765,0.01,1.9658952067032478,1.9658952067032478,0.8940195441246033,0.8831394910812378,0.8846887946128845,0.8729745745658875
sub-cp022_ses-20210621_level-02B_run-008,sub-cp022,5,10000,43,51,50,1,3,2.0,0.05,2.551422441040178,0.01,2.6546302986694075,2.6546302986694075,0.8688210248947144,0.8642612099647522,0.8710992932319641,0.8733303546905518
sub-cp022_ses-20210621_level-02B_run-010,sub-cp022,5,10000,43,51,50,1,2,2.0,0.05,2.4915390650283085,0.01,2.1971070855826316,2.1971070855826316,0.8929396271705627,0.89841628074646,0.9044582843780518,0.8892012238502502
sub-cp022_ses-20210621_level-03B_run-002,sub-cp022,5,10000,43,51,50,2,3,3.0,0.05,3.0162281177687422,0.01,3.4810012657398635,3.4810012657398635,0.8326200246810913,0.8292221426963806,0.8548902869224548,0.888218879699707
sub-cp022_ses-20210621_level-03B_run-005,sub-cp022,5,10000,43,51,50,2,2,3.0,0.05,2.626012464067428,0.01,3.112443504617605,3.112443504617605,0.8726440668106079,0.8748767971992493,0.8944292068481445,0.8833604454994202
sub-cp022_ses-20210621_level-03B_run-011,sub-cp022,5,10000,43,51,50,2,3,3.0,0.05,2.6461387607368145,0.01,2.910361039312699,2.910361039312699,0.8855051398277283,0.8788638710975647,0.8981125950813293,0.8985251188278198
sub-cp022_ses-20210621_level-04B_run-004,sub-cp022,5,10000,43,51,50,3,3,4.0,0.05,3.2270254423716187,0.01,3.531608902631305,3.531608902631305,0.8342887163162231,0.820437490940094,0.8460479974746704,0.9090012907981873
sub-cp022_ses-20210621_level-04B_run-006,sub-cp022,5,10000,43,51,50,3,3,4.0,0.05,3.299663778601033,0.01,4.180332926480956,4.0,0.8071773052215576,0.793912947177887,0.8217878937721252,0.8903746604919434
sub-cp022_ses-20210621_level-04B_run-009,sub-cp022,5,10000,43,51,50,3,3,4.0,0.05,3.1446492453575576,0.01,3.944236592907184,3.944236592907184,0.8400110602378845,0.8398928642272949,0.8667690753936768,0.9109393358230591
sub-cp028_ses-20211214_level-01B_run-001,sub-cp028,5,10000,43,51,50,0,1,1.0,0.05,2.1072492954407385,0.01,1.4153735546597903,1.4153735546597903,0.8639234900474548,0.8718760013580322,0.8567560315132141,0.7931370735168457
sub-cp028_ses-20211214_level-01B_run-007,sub-cp028,5,10000,43,51,50,0,0,1.0,0.05,2.070739764801657,0.01,1.3485465500362075,1.3485465500362075,0.9083268046379089,0.8966509103775024,0.8865171074867249,0.843346118927002
sub-cp028_ses-20211214_level-01B_run-012,sub-cp028,5,10000,43,51,50,0,0,1.0,0.05,2.229323517500853,0.01,1.3356465089999103,1.3356465089999103,0.8254623413085938,0.7961609363555908,0.7872100472450256,0.7968114018440247
sub-cp028_ses-20211214_level-02B_run-003,sub-cp028,5,10000,43,51,50,1,1,2.0,0.05,2.2266817073783662,0.01,2.164193083866736,2.164193083866736,0.8984748125076294,0.9248306155204773,0.9138885736465454,0.8406753540039062
sub-cp028_ses-20211214_level-02B_run-008,sub-cp028,5,10000,43,51,50,1,1,2.0,0.05,2.0378248652966766,0.01,1.8550398774086005,1.8550398774086005,0.9055782556533813,0.9100837111473083,0.8868966698646545,0.8281443119049072
sub-cp028_ses-20211214_level-02B_run-010,sub-cp028,5,10000,43,51,50,1,1,2.0,0.05,2.088332273968485,0.01,1.494107001455387,1.494107001455387,0.9142147302627563,0.9252371788024902,0.9066768288612366,0.8377655744552612
sub-cp028_ses-20211214_level-03B_run-002,sub-cp028,5,10000,43,51,50,2,2,3.0,0.05,2.4010106057658542,0.01,2.984314917206347,2.984314917206347,0.8544052243232727,0.8874046206474304,0.8954342603683472,0.8207743763923645
sub-cp028_ses-20211214_level-03B_run-005,sub-cp028,5,10000,43,51,50,2,2,3.0,0.05,2.3253108020134956,0.01,3.0612282219743028,3.0612282219743028,0.883524477481842,0.9094541668891907,0.9163798093795776,0.8296469449996948
sub-cp028_ses-20211214_level-03B_run-011,sub-cp028,5,10000,43,51,50,2,2,3.0,0.05,2.3673612394490076,0.01,2.587076238403171,2.587076238403171,0.890627920627594,0.9118778705596924,0.917914092540741,0.8572471141815186
sub-cp028_ses-20211214_level-04B_run-004,sub-cp028,5,10000,43,51,50,3,3,4.0,0.05,3.1688865614689687,0.01,4.235231692819206,4.0,0.8485010266304016,0.8465633392333984,0.8710778951644897,0.9212190508842468
sub-cp028_ses-20211214_level-04B_run-006,sub-cp028,5,10000,43,51,50,3,3,4.0,0.05,3.0518265825175175,0.01,4.039074415468362,4.0,0.8580328822135925,0.8519537448883057,0.8751087784767151,0.9165517687797546
sub-cp028_ses-20211214_level-04B_run-009,sub-cp028,5,10000,43,51,50,3,3,4.0,0.05,3.0081303505471118,0.01,4.013846897546715,4.0,0.8562421202659607,0.8440792560577393,0.8681483268737793,0.9082897901535034
sub-cp030_ses-20211025_level-01B_run-001,sub-cp030,5,10000,43,51,50,0,0,1.0,0.05,2.1308672951063503,0.01,1.2976216818387327,1.2976216818387327,0.8798126578330994,0.8628788590431213,0.8586538434028625,0.8273743987083435
sub-cp030_ses-20211025_level-01B_run-007,sub-cp030,5,10000,43,51,50,0,0,1.0,0.05,1.9552460411714034,0.01,0.9171457369261602,1.0,0.8837171196937561,0.8693971633911133,0.8499184846878052,0.8008999228477478
sub-cp030_ses-20211025_level-01B_run-012,sub-cp030,5,10000,43,51,50,0,0,1.0,0.05,1.9279400085185556,0.01,0.5762000035733168,1.0,0.8791234493255615,0.8555237650871277,0.8371309041976929,0.7993335723876953
sub-cp030_ses-20211025_level-02B_run-003,sub-cp030,5,10000,43,51,50,1,2,2.0,0.05,2.3269661650852775,0.01,2.051954529964668,2.051954529964668,0.8499553799629211,0.8472558259963989,0.8512603640556335,0.8214433789253235
sub-cp030_ses-20211025_level-02B_run-008,sub-cp030,5,10000,43,51,50,1,1,2.0,0.05,2.16293885520208,0.01,2.032108551784827,2.032108551784827,0.8943777084350586,0.9090135097503662,0.8981713652610779,0.8270876407623291
sub-cp030_ses-20211025_level-02B_run-010,sub-cp030,5,10000,43,51,50,1,1,2.0,0.05,2.082808517063232,0.01,1.5761132940378495,1.5761132940378495,0.8881831765174866,0.8949196934700012,0.8788402676582336,0.8118699193000793
sub-cp030_ses-20211025_level-03B_run-002,sub-cp030,5,10000,43,51,50,2,3,3.0,0.05,2.7313188534116315,0.01,2.949702553593677,2.949702553593677,0.799078106880188,0.7868542671203613,0.8022590279579163,0.8222770094871521
sub-cp030_ses-20211025_level-03B_run-011,sub-cp030,5,10000,43,51,50,2,2,3.0,0.05,2.5177828280413523,0.01,3.3605676210532343,3.3605676210532343,0.8795494437217712,0.890077531337738,0.9054098725318909,0.8748064637184143
sub-cp030_ses-20211025_level-04B_run-004,sub-cp030,5,10000,43,51,50,3,3,4.0,0.05,2.687775342186886,0.01,3.295332953304204,3.295332953304204,0.8272151350975037,0.8035527467727661,0.817489743232727,0.8446364402770996
sub-cp030_ses-20211025_level-04B_run-006,sub-cp030,5,10000,43,51,50,3,3,4.0,0.05,3.040675154748304,0.01,3.6967285998140036,3.6967285998140036,0.7747206687927246,0.753507137298584,0.771674633026123,0.8275549411773682
sub-cp030_ses-20211025_level-04B_run-009,sub-cp030,5,10000,43,51,50,3,3,4.0,0.05,3.218314961451093,0.01,3.8663454013280836,3.8663454013280836,0.8198403120040894,0.8056302070617676,0.8260166049003601,0.8930826187133789
sub-cp032_ses-20211105_level-01B_run-001,sub-cp032,5,10000,43,51,50,0,1,1.0,0.05,2.185370309902356,0.01,1.6118890730287543,1.6118890730287543,0.9028974771499634,0.9105086326599121,0.9028865694999695,0.8464470505714417
sub-cp032_ses-20211105_level-01B_run-007,sub-cp032,5,10000,43,51,50,0,1,1.0,0.05,2.202067077149246,0.01,1.6459731604662253,1.6459731604662253,0.8917675018310547,0.8966273069381714,0.8890992403030396,0.8422842025756836
sub-cp032_ses-20211105_level-01B_run-012,sub-cp032,5,10000,43,51,50,0,0,1.0,0.05,2.144115215154006,0.01,1.5531458227004977,1.5531458227004977,0.9098272919654846,0.9066474437713623,0.8947285413742065,0.857103705406189
sub-cp032_ses-20211105_level-02B_run-003,sub-cp032,5,10000,43,51,50,1,1,2.0,0.05,2.203475498364277,0.01,1.8127097693795993,1.8127097693795993,0.902973473072052,0.9177588224411011,0.9062758684158325,0.8502647280693054
sub-cp032_ses-20211105_level-02B_run-008,sub-cp032,5,10000,43,51,50,1,1,2.0,0.05,2.2343413111673827,0.01,2.224291402117396,2.224291402117396,0.8965781927108765,0.9114345908164978,0.9025337100028992,0.8493992686271667
sub-cp032_ses-20211105_level-02B_run-010,sub-cp032,5,10000,43,51,50,1,1,2.0,0.05,2.1840723035816043,0.01,2.1570470859025725,2.1570470859025725,0.8897270560264587,0.9089557528495789,0.8950119018554688,0.8297849893569946
sub-cp032_ses-20211105_level-03B_run-002,sub-cp032,5,10000,43,51,50,2,2,3.0,0.05,2.3497302394547814,0.01,2.8244829927942305,2.8244829927942305,0.879348635673523,0.90773606300354,0.9112797379493713,0.8389230966567993
sub-cp032_ses-20211105_level-03B_run-005,sub-cp032,5,10000,43,51,50,2,1,3.0,0.05,2.31751044178173,0.01,2.6537390650485952,2.6537390650485952,0.8919709920883179,0.9105794429779053,0.9097989201545715,0.8550063967704773
sub-cp032_ses-20211105_level-03B_run-011,sub-cp032,5,10000,43,51,50,2,2,3.0,0.05,2.3661212269740917,0.01,2.6921677070440735,2.6921677070440735,0.8939245939254761,0.9120169281959534,0.9166898727416992,0.8636878132820129
sub-cp032_ses-20211105_level-04B_run-004,sub-cp032,5,10000,43,51,50,3,3,4.0,0.05,2.8104592737799456,0.01,3.7096566515712555,3.7096566515712555,0.8783908486366272,0.8770224452018738,0.8975672721862793,0.9118101596832275
sub-cp032_ses-20211105_level-04B_run-006,sub-cp032,5,10000,43,51,50,3,3,4.0,0.05,2.9623379557457863,0.01,3.866264701173179,3.866264701173179,0.8563615083694458,0.8549492955207825,0.8754937052726746,0.906749963760376
sub-cp032_ses-20211105_level-04B_run-009,sub-cp032,5,10000,43,51,50,3,3,4.0,0.05,2.898445398332447,0.01,3.926994185620681,3.926994185620681,0.8694939017295837,0.8693079948425293,0.8907244205474854,0.9131641387939453
sub-cp035_ses-20220125_level-01B_run-001,sub-cp035,5,10000,43,51,50,0,1,1.0,0.05,2.1959906589149165,0.01,1.7863244376477234,1.7863244376477234,0.8989089131355286,0.8998851776123047,0.8913713097572327,0.8518842458724976
sub-cp035_ses-20220125_level-01B_run-007,sub-cp035,5,10000,43,51,50,0,0,1.0,0.05,2.0580017720064996,0.01,0.9932256017206242,1.0,0.9196766018867493,0.9144747257232666,0.9013896584510803,0.8473178148269653
sub-cp035_ses-20220125_level-01B_run-012,sub-cp035,5,10000,43,51,50,0,0,1.0,0.05,2.138257888853346,0.01,1.5190391064672586,1.5190391064672586,0.9033777117729187,0.9022013545036316,0.8900347948074341,0.8478647470474243
sub-cp035_ses-20220125_level-02B_run-003,sub-cp035,5,10000,43,51,50,1,1,2.0,0.05,2.2403715653310226,0.01,2.208170619450032,2.208170619450032,0.9003361463546753,0.9140130877494812,0.9051585793495178,0.8556435108184814
sub-cp035_ses-20220125_level-02B_run-008,sub-cp035,5,10000,43,51,50,1,1,2.0,0.05,2.2279650754603675,0.01,2.2282680491441447,2.2282680491441447,0.8997473120689392,0.9272569417953491,0.919090211391449,0.8351107239723206
sub-cp035_ses-20220125_level-02B_run-010,sub-cp035,5,10000,43,51,50,1,1,2.0,0.05,2.179548700360185,0.01,2.07723780827474,2.07723780827474,0.9078628420829773,0.9202821850776672,0.9094620943069458,0.8491497039794922
sub-cp035_ses-20220125_level-03B_run-002,sub-cp035,5,10000,43,51,50,2,2,3.0,0.05,2.4845603142615755,0.01,2.8559798007438917,2.8559798007438917,0.852313220500946,0.864413321018219,0.87547767162323,0.8439726829528809
sub-cp035_ses-20220125_level-03B_run-005,sub-cp035,5,10000,43,51,50,2,2,3.0,0.05,2.429452872777005,0.01,3.1617714483513106,3.1617714483513106,0.8871331214904785,0.9012176990509033,0.9135410785675049,0.8660931587219238
sub-cp035_ses-20220125_level-03B_run-011,sub-cp035,5,10000,43,51,50,2,2,3.0,0.05,2.333413700362632,0.01,2.8493915201601645,2.8493915201601645,0.8916752338409424,0.9196841716766357,0.9247783422470093,0.8426240086555481
sub-cp035_ses-20220125_level-04B_run-004,sub-cp035,5,10000,43,51,50,3,3,4.0,0.05,3.133248079078448,0.01,4.192522495244936,4.0,0.8427135348320007,0.8454957008361816,0.8696879744529724,0.913349986076355
sub-cp035_ses-20220125_level-04B_run-006,sub-cp035,5,10000,43,51,50,3,3,4.0,0.05,3.0293736406425547,0.01,4.258887445057346,4.0,0.862881600856781,0.8621968626976013,0.8868058323860168,0.9208155274391174
sub-cp035_ses-20220125_level-04B_run-009,sub-cp035,5,10000,43,51,50,3,3,4.0,0.05,3.0043491924838093,0.01,4.057651867727983,4.0,0.8587654829025269,0.8581126928329468,0.8811444044113159,0.9139552712440491
sub-cp005_ses-20210226_level-01B_run-001,sub-cp005,5,1000,44,51,50,0,0,1.0,0.05,2.109724574349361,0.1,1.7438265447274128,1.7438265447274128,0.8917762041091919,0.874609112739563,0.8686296343803406,0.8366149067878723
sub-cp005_ses-20210226_level-01B_run-007,sub-cp005,5,1000,44,51,50,0,1,1.0,0.05,2.013008494244214,0.1,1.5020855877793802,1.5020855877793802,0.9177262187004089,0.9273362159729004,0.8983457088470459,0.8321630954742432
sub-cp005_ses-20210226_level-01B_run-012,sub-cp005,5,1000,44,51,50,0,0,1.0,0.05,1.908981768688404,0.1,1.1060867325978712,1.1060867325978712,0.9310960173606873,0.9249839782714844,0.8954925537109375,0.8328603506088257
sub-cp005_ses-20210226_level-02B_run-003,sub-cp005,5,1000,44,51,50,1,2,2.0,0.05,2.680881115889812,0.1,2.919566621652953,2.919566621652953,0.825771152973175,0.8380305171012878,0.8512414693832397,0.8470739126205444
sub-cp005_ses-20210226_level-02B_run-008,sub-cp005,5,1000,44,51,50,1,1,2.0,0.05,2.1653902392782967,0.1,2.3873883499363546,2.3873883499363546,0.896677553653717,0.9264111518859863,0.9072282314300537,0.8246540427207947
sub-cp005_ses-20210226_level-02B_run-010,sub-cp005,5,1000,44,51,50,1,1,2.0,0.05,2.2022028512662475,0.1,2.116009053414274,2.116009053414274,0.9078145623207092,0.9289219379425049,0.9125577807426453,0.8556556701660156
sub-cp005_ses-20210226_level-03B_run-002,sub-cp005,5,1000,44,51,50,2,3,3.0,0.05,3.026129091314958,0.1,3.4410889252882786,3.4410889252882786,0.7668730616569519,0.7636839747428894,0.7818501591682434,0.8235276937484741
sub-cp005_ses-20210226_level-03B_run-005,sub-cp005,5,1000,44,51,50,2,2,3.0,0.05,2.510911357277643,0.1,3.425054912216617,3.425054912216617,0.8528648018836975,0.8865288496017456,0.9052902460098267,0.8384921550750732
sub-cp005_ses-20210226_level-03B_run-011,sub-cp005,5,1000,44,51,50,2,2,3.0,0.05,2.5807521760594043,0.1,3.177264656367397,3.177264656367397,0.8720346093177795,0.8715168237686157,0.8870406746864319,0.8777000904083252
sub-cp005_ses-20210226_level-04B_run-004,sub-cp005,5,1000,44,51,50,3,3,4.0,0.05,3.2496809110429825,0.1,3.740019512730171,3.740019512730171,0.7410047650337219,0.744654655456543,0.7769513130187988,0.8259949684143066
sub-cp005_ses-20210226_level-04B_run-006,sub-cp005,5,1000,44,51,50,3,3,4.0,0.05,3.2544777142042234,0.1,4.593635245090585,4.0,0.8375071883201599,0.8459858298301697,0.8751435279846191,0.9248998165130615
sub-cp005_ses-20210226_level-04B_run-009,sub-cp005,5,1000,44,51,50,3,3,4.0,0.05,2.988824403040124,0.1,3.5064037195788127,3.5064037195788127,0.8110670447349548,0.8017690777778625,0.8196950554847717,0.8619310855865479
sub-cp017_ses-20210521_level-01B_run-001,sub-cp017,5,1000,44,51,50,0,1,1.0,0.05,1.9954164208515677,0.1,1.4787959426592894,1.4787959426592894,0.9238529205322266,0.9261468648910522,0.9020063877105713,0.835381269454956
sub-cp017_ses-20210521_level-01B_run-007,sub-cp017,5,1000,44,51,50,0,1,1.0,0.05,1.9290157773118601,0.1,0.8629232239433315,1.0,0.8834438920021057,0.8859209418296814,0.8550636172294617,0.7771861553192139
sub-cp017_ses-20210521_level-01B_run-012,sub-cp017,5,1000,44,51,50,0,1,1.0,0.05,1.9759490703329663,0.1,1.793262576579461,1.793262576579461,0.8625586032867432,0.8668123483657837,0.8409592509269714,0.7645280361175537
sub-cp017_ses-20210521_level-02B_run-003,sub-cp017,5,1000,44,51,50,1,1,2.0,0.05,2.137601162133806,0.1,2.3280182631479103,2.3280182631479103,0.8726608753204346,0.903998851776123,0.8831647038459778,0.7863042950630188
sub-cp017_ses-20210521_level-02B_run-008,sub-cp017,5,1000,44,51,50,1,1,2.0,0.05,2.20372498414724,0.1,2.1427080564048113,2.1427080564048113,0.8462752103805542,0.8732083439826965,0.8588858246803284,0.7850706577301025
sub-cp017_ses-20210521_level-02B_run-010,sub-cp017,5,1000,44,51,50,1,1,2.0,0.05,2.0920983070791297,0.1,1.8855403434846598,1.8855403434846598,0.9011432528495789,0.9217595458030701,0.896461546421051,0.823581337928772
sub-cp017_ses-20210521_level-03B_run-002,sub-cp017,5,1000,44,51,50,2,2,3.0,0.05,2.342299212592469,0.1,3.0697505790197708,3.0697505790197708,0.8645463585853577,0.8964399695396423,0.902652382850647,0.8121032118797302
sub-cp017_ses-20210521_level-03B_run-005,sub-cp017,5,1000,44,51,50,2,2,3.0,0.05,2.2820202793173365,0.1,2.9002660320156566,2.9002660320156566,0.9008709788322449,0.9201737642288208,0.9219247698783875,0.8485220670700073
sub-cp017_ses-20210521_level-03B_run-011,sub-cp017,5,1000,44,51,50,2,2,3.0,0.05,2.371323781147666,0.1,2.78336930149693,2.78336930149693,0.874022364616394,0.9013558626174927,0.9103505611419678,0.8326994776725769
sub-cp017_ses-20210521_level-04B_run-004,sub-cp017,5,1000,44,51,50,3,3,4.0,0.05,2.95867893782492,0.1,3.8839488025497158,3.8839488025497158,0.86149662733078,0.866891622543335,0.8915627002716064,0.9135826230049133
sub-cp017_ses-20210521_level-04B_run-006,sub-cp017,5,1000,44,51,50,3,3,4.0,0.05,3.101875225314992,0.1,4.171959934321876,4.0,0.8427080512046814,0.8505052924156189,0.87428218126297,0.9118662476539612
sub-cp017_ses-20210521_level-04B_run-009,sub-cp017,5,1000,44,51,50,3,3,4.0,0.05,3.0057556891745625,0.1,4.228929104523561,4.0,0.8487258553504944,0.8468844294548035,0.8638923168182373,0.9036599397659302
sub-cp022_ses-20210621_level-01B_run-001,sub-cp022,5,1000,44,51,50,0,0,1.0,0.05,2.1721098783470287,0.1,2.0020972420073395,2.0020972420073395,0.899264395236969,0.882511556148529,0.8686835169792175,0.8607510924339294
sub-cp022_ses-20210621_level-01B_run-007,sub-cp022,5,1000,44,51,50,0,0,1.0,0.05,2.2879015300985803,0.1,2.1208713529227223,2.1208713529227223,0.8527830839157104,0.8437921404838562,0.8377830982208252,0.8259413242340088
sub-cp022_ses-20210621_level-01B_run-012,sub-cp022,5,1000,44,51,50,0,1,1.0,0.05,2.125858674314638,0.1,1.7748791632457,1.7748791632457,0.9226003289222717,0.9258297085762024,0.9113734364509583,0.8623601794242859
sub-cp022_ses-20210621_level-02B_run-003,sub-cp022,5,1000,44,51,50,1,0,2.0,0.05,2.3747125577320207,0.1,1.9989817589215761,1.9989817589215761,0.8815650343894958,0.8689795732498169,0.8742283582687378,0.863218367099762
sub-cp022_ses-20210621_level-02B_run-008,sub-cp022,5,1000,44,51,50,1,2,2.0,0.05,2.462882515497885,0.1,2.404873641783221,2.404873641783221,0.8644919395446777,0.8591213226318359,0.8660456538200378,0.8570502400398254
sub-cp022_ses-20210621_level-02B_run-010,sub-cp022,5,1000,44,51,50,1,2,2.0,0.05,2.7361092489464474,0.1,3.0727164301098266,3.0727164301098266,0.8680862784385681,0.8791021108627319,0.8978074193000793,0.8952390551567078
sub-cp022_ses-20210621_level-03B_run-002,sub-cp022,5,1000,44,51,50,2,3,3.0,0.05,2.9276736751086605,0.1,3.3925580064818885,3.3925580064818885,0.8339128494262695,0.838691234588623,0.8659918308258057,0.8820982575416565
sub-cp022_ses-20210621_level-03B_run-005,sub-cp022,5,1000,44,51,50,2,2,3.0,0.05,2.6528109821488934,0.1,2.881295956141857,2.881295956141857,0.8655539155006409,0.8701953291893005,0.8903783559799194,0.8800064325332642
sub-cp022_ses-20210621_level-03B_run-011,sub-cp022,5,1000,44,51,50,2,3,3.0,0.05,2.7326988592179546,0.1,2.842441870175443,2.842441870175443,0.8803669214248657,0.871675431728363,0.8942543864250183,0.9030699133872986
sub-cp022_ses-20210621_level-04B_run-004,sub-cp022,5,1000,44,51,50,3,3,4.0,0.05,3.224949793756708,0.1,3.5034777125213363,3.5034777125213363,0.8251448273658752,0.8155388832092285,0.8413899540901184,0.9011926651000977
sub-cp022_ses-20210621_level-04B_run-006,sub-cp022,5,1000,44,51,50,3,3,4.0,0.05,3.2959798631030814,0.1,3.9906170962010163,3.9906170962010163,0.7994399070739746,0.7936551570892334,0.8222790360450745,0.8852627873420715
sub-cp022_ses-20210621_level-04B_run-009,sub-cp022,5,1000,44,51,50,3,3,4.0,0.05,3.190923453055583,0.1,4.114066307799995,4.0,0.8316527605056763,0.8432106971740723,0.87465900182724,0.9133144021034241
sub-cp028_ses-20211214_level-01B_run-001,sub-cp028,5,1000,44,51,50,0,1,1.0,0.05,2.035667356465119,0.1,1.202198062383205,1.202198062383205,0.8640562295913696,0.8729175925254822,0.8450506329536438,0.7867870330810547
sub-cp028_ses-20211214_level-01B_run-007,sub-cp028,5,1000,44,51,50,0,0,1.0,0.05,2.1357244981888583,0.1,1.825523945381221,1.825523945381221,0.8916400671005249,0.8838330507278442,0.8761663436889648,0.8364003300666809
sub-cp028_ses-20211214_level-01B_run-012,sub-cp028,5,1000,44,51,50,0,0,1.0,0.05,2.0961626611623365,0.1,1.4482624613261361,1.4482624613261361,0.8027892112731934,0.7675162553787231,0.7536952495574951,0.759754478931427
sub-cp028_ses-20211214_level-02B_run-003,sub-cp028,5,1000,44,51,50,1,1,2.0,0.05,2.2459794442293375,0.1,2.264035942529293,2.264035942529293,0.8822185397148132,0.9102626442909241,0.8999607563018799,0.8287304043769836
sub-cp028_ses-20211214_level-02B_run-008,sub-cp028,5,1000,44,51,50,1,1,2.0,0.05,2.0196212379810117,0.1,1.6413802886906028,1.6413802886906028,0.8980662822723389,0.9006951451301575,0.8757895231246948,0.8196122646331787
sub-cp028_ses-20211214_level-02B_run-010,sub-cp028,5,1000,44,51,50,1,1,2.0,0.05,2.0461294399402163,0.1,1.5092843859212626,1.5092843859212626,0.9193599820137024,0.9297148585319519,0.907012939453125,0.8344694375991821
sub-cp028_ses-20211214_level-03B_run-002,sub-cp028,5,1000,44,51,50,2,2,3.0,0.05,2.4803684616541117,0.1,2.915748355559903,2.915748355559903,0.8341579437255859,0.8637729287147522,0.8836491703987122,0.8107087016105652
sub-cp028_ses-20211214_level-03B_run-005,sub-cp028,5,1000,44,51,50,2,2,3.0,0.05,2.4228195676693014,0.1,3.1110431056649848,3.1110431056649848,0.8782429695129395,0.9060339331626892,0.9202021360397339,0.8457866311073303
sub-cp028_ses-20211214_level-03B_run-011,sub-cp028,5,1000,44,51,50,2,2,3.0,0.05,2.4040055375930396,0.1,2.2972188427833324,2.2972188427833324,0.88303542137146,0.9060339331626892,0.913580596446991,0.8568893074989319
sub-cp028_ses-20211214_level-04B_run-004,sub-cp028,5,1000,44,51,50,3,3,4.0,0.05,3.183627515112952,0.1,4.027239882650958,4.0,0.8441784977912903,0.8470694422721863,0.87428218126297,0.9207161664962769
sub-cp028_ses-20211214_level-04B_run-006,sub-cp028,5,1000,44,51,50,3,3,4.0,0.05,3.0258479668754052,0.1,3.4917253534098838,3.4917253534098838,0.8509042263031006,0.8541261553764343,0.8791272044181824,0.9098280668258667
sub-cp028_ses-20211214_level-04B_run-009,sub-cp028,5,1000,44,51,50,3,3,4.0,0.05,2.9601131840077235,0.1,3.6994341843578527,3.6994341843578527,0.8552065491676331,0.8481001853942871,0.8789656758308411,0.9034453630447388
sub-cp030_ses-20211025_level-01B_run-001,sub-cp030,5,1000,44,51,50,0,0,1.0,0.05,2.1098482776733576,0.1,1.3798744299145655,1.3798744299145655,0.8683857917785645,0.8504788279533386,0.8442431092262268,0.814034104347229
sub-cp030_ses-20211025_level-01B_run-007,sub-cp030,5,1000,44,51,50,0,0,1.0,0.05,1.9402932562168238,0.1,0.8180283853789558,1.0,0.8806391954421997,0.8715696930885315,0.8463964462280273,0.7929015159606934
sub-cp030_ses-20211025_level-01B_run-012,sub-cp030,5,1000,44,51,50,0,0,1.0,0.05,1.8147194041294583,0.1,0.23570489810510242,1.0,0.8857039213180542,0.8588306307792664,0.8298157453536987,0.7894688248634338
sub-cp030_ses-20211025_level-02B_run-003,sub-cp030,5,1000,44,51,50,1,2,2.0,0.05,2.506517709500957,0.1,1.8472081013356456,1.8472081013356456,0.8291748762130737,0.832348108291626,0.8440277576446533,0.8252977132797241
sub-cp030_ses-20211025_level-02B_run-008,sub-cp030,5,1000,44,51,50,1,1,2.0,0.05,2.175161769725258,0.1,2.254574478226233,2.254574478226233,0.8757106065750122,0.8935326933860779,0.8771353363990784,0.818110466003418
sub-cp030_ses-20211025_level-02B_run-010,sub-cp030,5,1000,44,51,50,1,1,2.0,0.05,1.9935398390442214,0.1,1.308044354523799,1.308044354523799,0.887228786945343,0.8887489438056946,0.8628695011138916,0.8025023937225342
sub-cp030_ses-20211025_level-03B_run-002,sub-cp030,5,1000,44,51,50,2,2,3.0,0.05,2.5769131900122924,0.1,2.251601734676845,2.251601734676845,0.7801612019538879,0.7764759063720703,0.7929398417472839,0.7849633693695068
sub-cp030_ses-20211025_level-03B_run-011,sub-cp030,5,1000,44,51,50,2,2,3.0,0.05,2.531893583094272,0.1,3.1122351936580466,3.1122351936580466,0.8633482456207275,0.8718075752258301,0.8922086954116821,0.8583374619483948
sub-cp030_ses-20211025_level-04B_run-004,sub-cp030,5,1000,44,51,50,3,3,4.0,0.05,2.7392341402241294,0.1,3.055123257635421,3.055123257635421,0.8119384050369263,0.7992846369743347,0.8156575560569763,0.8358103632926941
sub-cp030_ses-20211025_level-04B_run-006,sub-cp030,5,1000,44,51,50,3,3,4.0,0.05,3.217238716590347,0.1,3.7795596929296327,3.7795596929296327,0.725837767124176,0.7085781693458557,0.7381911873817444,0.7986405491828918
sub-cp030_ses-20211025_level-04B_run-009,sub-cp030,5,1000,44,51,50,3,3,4.0,0.05,3.154471540765343,0.1,3.5012548153515803,3.5012548153515803,0.799467146396637,0.7898757457733154,0.8097358345985413,0.8675092458724976
sub-cp032_ses-20211105_level-01B_run-001,sub-cp032,5,1000,44,51,50,0,1,1.0,0.05,2.1896841837866994,0.1,1.9795782643750301,1.9795782643750301,0.8977667689323425,0.9035759568214417,0.8952233791351318,0.8451966643333435
sub-cp032_ses-20211105_level-01B_run-007,sub-cp032,5,1000,44,51,50,0,1,1.0,0.05,2.1616887724224236,0.1,1.7088830117068539,1.7088830117068539,0.8953160643577576,0.8999815583229065,0.8891401886940002,0.8391894102096558
sub-cp032_ses-20211105_level-01B_run-012,sub-cp032,5,1000,44,51,50,0,0,1.0,0.05,2.1027167039733725,0.1,1.600348414510504,1.600348414510504,0.9095300436019897,0.9033645391464233,0.8884403705596924,0.8523839116096497
sub-cp032_ses-20211105_level-02B_run-003,sub-cp032,5,1000,44,51,50,1,1,2.0,0.05,2.2270125214163583,0.1,2.1490944537773258,2.1490944537773258,0.8985836505889893,0.9181650876998901,0.904213547706604,0.8519548177719116
sub-cp032_ses-20211105_level-02B_run-008,sub-cp032,5,1000,44,51,50,1,1,2.0,0.05,2.238936782555703,0.1,2.3267190857580937,2.3267190857580937,0.896187424659729,0.9133549332618713,0.9000684022903442,0.8537247776985168
sub-cp032_ses-20211105_level-02B_run-010,sub-cp032,5,1000,44,51,50,1,1,2.0,0.05,2.169760484701771,0.1,2.288359235789104,2.288359235789104,0.8910137414932251,0.9069060683250427,0.8900015354156494,0.8343621492385864
sub-cp032_ses-20211105_level-03B_run-002,sub-cp032,5,1000,44,51,50,2,2,3.0,0.05,2.3811920182605304,0.1,2.9178869544958097,2.9178869544958097,0.8809659481048584,0.911372721195221,0.916326105594635,0.8473420739173889
sub-cp032_ses-20211105_level-03B_run-005,sub-cp032,5,1000,44,51,50,2,2,3.0,0.05,2.408652848001013,0.1,3.1173581357323856,3.1173581357323856,0.8878823518753052,0.9068796634674072,0.9137420654296875,0.8653638362884521
sub-cp032_ses-20211105_level-03B_run-011,sub-cp032,5,1000,44,51,50,2,2,3.0,0.05,2.4310116634785643,0.1,2.8663446639513395,2.8663446639513395,0.8816739320755005,0.8987393379211426,0.9093277454376221,0.8615019917488098
sub-cp032_ses-20211105_level-04B_run-004,sub-cp032,5,1000,44,51,50,3,3,4.0,0.05,2.9322061244346207,0.1,3.648577539330885,3.648577539330885,0.8786514401435852,0.8835951685905457,0.9059900641441345,0.9276352524757385
sub-cp032_ses-20211105_level-04B_run-006,sub-cp032,5,1000,44,51,50,3,3,4.0,0.05,3.1012869233382356,0.1,4.16312076553911,4.0,0.8441240191459656,0.8509281277656555,0.8751435279846191,0.912831723690033
sub-cp032_ses-20211105_level-04B_run-009,sub-cp032,5,1000,44,51,50,3,3,4.0,0.05,3.0562501046651755,0.1,3.9819509941991864,3.9819509941991864,0.8626675009727478,0.8659666180610657,0.8926393985748291,0.9250606894493103
sub-cp035_ses-20220125_level-01B_run-001,sub-cp035,5,1000,44,51,50,0,1,1.0,0.05,2.1567848196757127,0.1,1.528503536505833,1.528503536505833,0.8958879113197327,0.8986864686012268,0.8842951655387878,0.844070315361023
sub-cp035_ses-20220125_level-01B_run-007,sub-cp035,5,1000,44,51,50,0,0,1.0,0.05,2.0143638783650544,0.1,1.2848773900497699,1.2848773900497699,0.92115718126297,0.9152314066886902,0.8961385488510132,0.8446066379547119
sub-cp035_ses-20220125_level-01B_run-012,sub-cp035,5,1000,44,51,50,0,0,1.0,0.05,2.158979255191523,0.1,1.5623285976032686,1.5623285976032686,0.9061263203620911,0.8971535563468933,0.8841336965560913,0.8612338304519653
sub-cp035_ses-20220125_level-02B_run-003,sub-cp035,5,1000,44,51,50,1,1,2.0,0.05,2.3517186658916196,0.1,2.5000171530536317,2.5000171530536317,0.8938184380531311,0.9048181772232056,0.8999068737030029,0.8716392517089844
sub-cp035_ses-20220125_level-02B_run-008,sub-cp035,5,1000,44,51,50,1,1,2.0,0.05,2.269383056233671,0.1,2.396622723122827,2.396622723122827,0.8938184380531311,0.9256446957588196,0.9179949164390564,0.8403157591819763
sub-cp035_ses-20220125_level-02B_run-010,sub-cp035,5,1000,44,51,50,1,1,2.0,0.05,2.1422918718358845,0.1,1.78158948179207,1.78158948179207,0.9116811752319336,0.9223673939704895,0.9045904278755188,0.8529738783836365
sub-cp035_ses-20220125_level-03B_run-002,sub-cp035,5,1000,44,51,50,2,2,3.0,0.05,2.7104600990345684,0.1,3.1947407753113994,3.1947407753113994,0.8354921936988831,0.8475187420845032,0.8704061508178711,0.8582302331924438
sub-cp035_ses-20220125_level-03B_run-005,sub-cp035,5,1000,44,51,50,2,2,3.0,0.05,2.49966569642971,0.1,3.3781109037611623,3.3781109037611623,0.8916128277778625,0.9094961881637573,0.9250470995903015,0.8819909691810608
sub-cp035_ses-20220125_level-03B_run-011,sub-cp035,5,1000,44,51,50,2,2,3.0,0.05,2.42342244019663,0.1,3.081244325365592,3.081244325365592,0.8886992335319519,0.91554856300354,0.9252086281776428,0.8634328842163086
sub-cp035_ses-20220125_level-04B_run-004,sub-cp035,5,1000,44,51,50,3,3,4.0,0.05,3.2335710514980853,0.1,4.326755733529625,4.0,0.8210875988006592,0.8235999345779419,0.8487651348114014,0.9029090404510498
sub-cp035_ses-20220125_level-04B_run-006,sub-cp035,5,1000,44,51,50,3,3,4.0,0.05,3.2104046965780944,0.1,4.569320416757181,4.0,0.8405296802520752,0.8470165729522705,0.8788042068481445,0.9221643805503845
sub-cp035_ses-20220125_level-04B_run-009,sub-cp035,5,1000,44,51,50,3,3,4.0,0.05,3.0616262794153895,0.1,4.216443138243971,4.0,0.848426342010498,0.8522496223449707,0.8749819993972778,0.911490797996521
sub-cp005_ses-20210226_level-01B_run-001,sub-cp005,5,2000,44,51,50,0,0,1.0,0.05,2.0660294066601583,0.1,1.529859524761562,1.529859524761562,0.8953000903129578,0.878074586391449,0.869818925857544,0.8325891494750977
sub-cp005_ses-20210226_level-01B_run-007,sub-cp005,5,2000,44,51,50,0,1,1.0,0.05,1.9883784563169402,0.1,1.2865088664281081,1.2865088664281081,0.922980785369873,0.9317644834518433,0.9028915166854858,0.8274375796318054
sub-cp005_ses-20210226_level-01B_run-012,sub-cp005,5,2000,44,51,50,0,0,1.0,0.05,1.9155707859710223,0.1,1.1432864212674287,1.1432864212674287,0.9280730485916138,0.9264311194419861,0.8953443765640259,0.8259428143501282
sub-cp005_ses-20210226_level-02B_run-003,sub-cp005,5,2000,44,51,50,1,2,2.0,0.05,2.600594057432876,0.1,2.6982504601010833,2.6982504601010833,0.8291277885437012,0.8384705781936646,0.8507354855537415,0.8391286730766296
sub-cp005_ses-20210226_level-02B_run-008,sub-cp005,5,2000,44,51,50,1,1,2.0,0.05,2.1692980831758293,0.1,2.264864176897094,2.264864176897094,0.8906435370445251,0.923619270324707,0.9050747752189636,0.8130773305892944
sub-cp005_ses-20210226_level-02B_run-010,sub-cp005,5,2000,44,51,50,1,1,2.0,0.05,2.1704824281037656,0.1,2.0127450084660174,2.0127450084660174,0.9044362306594849,0.9256654381752014,0.9099804162979126,0.8400095105171204
sub-cp005_ses-20210226_level-03B_run-002,sub-cp005,5,2000,44,51,50,2,3,3.0,0.05,3.064018295025689,0.1,3.514570785005726,3.514570785005726,0.7637588381767273,0.755077600479126,0.7738357782363892,0.8226063251495361
sub-cp005_ses-20210226_level-03B_run-005,sub-cp005,5,2000,44,51,50,2,2,3.0,0.05,2.4548815227080985,0.1,3.130786875575046,3.130786875575046,0.8579385876655579,0.8875003457069397,0.904535710811615,0.8304804563522339
sub-cp005_ses-20210226_level-03B_run-011,sub-cp005,5,2000,44,51,50,2,2,3.0,0.05,2.528670644472836,0.1,3.126519110917394,3.126519110917394,0.8795739412307739,0.8800151944160461,0.8958295583724976,0.8774316310882568
sub-cp005_ses-20210226_level-04B_run-004,sub-cp005,5,2000,44,51,50,3,3,4.0,0.05,3.1180732693698983,0.1,3.8062784379244237,3.8062784379244237,0.7362959980964661,0.7365033030509949,0.7655339241027832,0.8045358657836914
sub-cp005_ses-20210226_level-04B_run-006,sub-cp005,5,2000,44,51,50,3,3,4.0,0.05,3.2149542763593666,0.1,4.342680112515058,4.0,0.8374197483062744,0.8426817655563354,0.8696302771568298,0.9185105562210083
sub-cp005_ses-20210226_level-04B_run-009,sub-cp005,5,2000,44,51,50,3,3,4.0,0.05,2.9825068089086217,0.1,3.6094630707823727,3.6094630707823727,0.8274803161621094,0.8138764500617981,0.8352369666099548,0.8764707446098328
sub-cp017_ses-20210521_level-01B_run-001,sub-cp017,5,2000,44,51,50,0,1,1.0,0.05,2.021311200050444,0.1,1.4571771000434417,1.4571771000434417,0.9232394695281982,0.9295334815979004,0.90779709815979,0.8332030773162842
sub-cp017_ses-20210521_level-01B_run-007,sub-cp017,5,2000,44,51,50,0,1,1.0,0.05,1.9763893890638338,0.1,1.0921716885140658,1.0921716885140658,0.8830187320709229,0.8898766040802002,0.8638351559638977,0.7788315415382385
sub-cp017_ses-20210521_level-01B_run-012,sub-cp017,5,2000,44,51,50,0,1,1.0,0.05,1.9805729645208123,0.1,1.4652780219657622,1.4652780219657622,0.8545891642570496,0.8582725524902344,0.8321102857589722,0.7607877254486084
sub-cp017_ses-20210521_level-02B_run-003,sub-cp017,5,2000,44,51,50,1,1,2.0,0.05,2.1776773405141183,0.1,2.431977956519196,2.431977956519196,0.8656451106071472,0.9016258120536804,0.8849131464958191,0.7807533144950867
sub-cp017_ses-20210521_level-02B_run-008,sub-cp017,5,2000,44,51,50,1,1,2.0,0.05,2.1983206015838026,0.1,2.2522909135318985,2.2522909135318985,0.8353093266487122,0.8642659783363342,0.8486600518226624,0.771731436252594
sub-cp017_ses-20210521_level-02B_run-010,sub-cp017,5,2000,44,51,50,1,1,2.0,0.05,2.0899675217518126,0.1,1.7556257276000702,1.7556257276000702,0.9044498205184937,0.9243849515914917,0.900762140750885,0.8235405683517456
sub-cp017_ses-20210521_level-03B_run-002,sub-cp017,5,2000,44,51,50,2,2,3.0,0.05,2.3571155903355954,0.1,3.183961761720394,3.183961761720394,0.8513349890708923,0.8829987049102783,0.8919751048088074,0.7993309497833252
sub-cp017_ses-20210521_level-03B_run-005,sub-cp017,5,2000,44,51,50,2,1,3.0,0.05,2.253725544733746,0.1,2.5129553638787816,2.5129553638787816,0.9033061265945435,0.9259955286979675,0.9246972799301147,0.8416110277175903
sub-cp017_ses-20210521_level-03B_run-011,sub-cp017,5,2000,44,51,50,2,2,3.0,0.05,2.3390248406410006,0.1,2.733451698944949,2.733451698944949,0.8701655268669128,0.8994607925415039,0.9056407809257507,0.8196168541908264
sub-cp017_ses-20210521_level-04B_run-004,sub-cp017,5,2000,44,51,50,3,3,4.0,0.05,3.0382501493276917,0.1,3.9985178722057615,3.9985178722057615,0.8567131757736206,0.857374906539917,0.8827568292617798,0.9161083102226257
sub-cp017_ses-20210521_level-04B_run-006,sub-cp017,5,2000,44,51,50,3,3,4.0,0.05,3.1242224126971334,0.1,4.243663923418209,4.0,0.8520293831825256,0.8513814806938171,0.8726221323013306,0.920165479183197
sub-cp017_ses-20210521_level-04B_run-009,sub-cp017,5,2000,44,51,50,3,3,4.0,0.05,2.9970565522282184,0.1,4.103623916706025,4.0,0.8591368198394775,0.8517246842384338,0.8694955110549927,0.9114105105400085
sub-cp022_ses-20210621_level-01B_run-001,sub-cp022,5,2000,44,51,50,0,0,1.0,0.05,2.205458290656847,0.1,1.955694571423352,1.955694571423352,0.8919097781181335,0.8728600740432739,0.8627300262451172,0.8575461506843567
sub-cp022_ses-20210621_level-01B_run-007,sub-cp022,5,2000,44,51,50,0,0,1.0,0.05,2.382436999899695,0.1,1.9066324101508145,1.9066324101508145,0.8546572327613831,0.8359227180480957,0.8314095139503479,0.8420647978782654
sub-cp022_ses-20210621_level-01B_run-012,sub-cp022,5,2000,44,51,50,0,1,1.0,0.05,2.099305101778076,0.1,1.71887163402105,1.71887163402105,0.9203121066093445,0.9236060380935669,0.9075545072555542,0.854289710521698
sub-cp022_ses-20210621_level-02B_run-003,sub-cp022,5,2000,44,51,50,1,0,2.0,0.05,2.3284808379092157,0.1,1.8799187103575823,1.8799187103575823,0.8842441439628601,0.8758567571640015,0.8765574097633362,0.860055148601532
sub-cp022_ses-20210621_level-02B_run-008,sub-cp022,5,2000,44,51,50,1,2,2.0,0.05,2.4429828640863525,0.1,2.5304446890610945,2.5304446890610945,0.8671292066574097,0.8632494807243347,0.869010329246521,0.857119083404541
sub-cp022_ses-20210621_level-02B_run-010,sub-cp022,5,2000,44,51,50,1,2,2.0,0.05,2.6065391083366816,0.1,3.00064022066141,3.00064022066141,0.8768371939659119,0.8857313990592957,0.895155668258667,0.8886155486106873
sub-cp022_ses-20210621_level-03B_run-002,sub-cp022,5,2000,44,51,50,2,3,3.0,0.05,3.011525533974547,0.1,3.730181596424275,3.730181596424275,0.8230279684066772,0.8236850500106812,0.8531074523925781,0.8794869184494019
sub-cp022_ses-20210621_level-03B_run-005,sub-cp022,5,2000,44,51,50,2,2,3.0,0.05,2.5949871067552914,0.1,3.19116935683107,3.19116935683107,0.867687463760376,0.8739029765129089,0.8906813263893127,0.8750293850898743
sub-cp022_ses-20210621_level-03B_run-011,sub-cp022,5,2000,44,51,50,2,2,3.0,0.05,2.628134561103412,0.1,2.879823327538322,2.879823327538322,0.88252854347229,0.8750646710395813,0.8950748443603516,0.8929930329322815
sub-cp022_ses-20210621_level-04B_run-004,sub-cp022,5,2000,44,51,50,3,3,4.0,0.05,3.2277946853726824,0.1,3.7939896981447445,3.7939896981447445,0.8318781852722168,0.820384681224823,0.8483365774154663,0.9077270030975342
sub-cp022_ses-20210621_level-04B_run-006,sub-cp022,5,2000,44,51,50,3,3,4.0,0.05,3.368328970910751,0.1,4.435355329667168,4.0,0.7958510518074036,0.7847674489021301,0.8153449296951294,0.8882418870925903
sub-cp022_ses-20210621_level-04B_run-009,sub-cp022,5,2000,44,51,50,3,3,4.0,0.05,3.145836861591186,0.1,4.147370732780567,4.0,0.8424847722053528,0.8484111428260803,0.8748054504394531,0.9159748554229736
sub-cp028_ses-20211214_level-01B_run-001,sub-cp028,5,2000,44,51,50,0,1,1.0,0.05,2.0305814116405934,0.1,1.114662116135789,1.114662116135789,0.8653319478034973,0.8737313747406006,0.8510050177574158,0.7773367762565613
sub-cp028_ses-20211214_level-01B_run-007,sub-cp028,5,2000,44,51,50,0,0,1.0,0.05,2.081944867869342,0.1,1.616030449083759,1.616030449083759,0.9003106355667114,0.8919888138771057,0.8824334144592285,0.8340038061141968
sub-cp028_ses-20211214_level-01B_run-012,sub-cp028,5,2000,44,51,50,0,0,1.0,0.05,2.1534873648304518,0.1,1.2810150366098378,1.2810150366098378,0.8064985275268555,0.7735199332237244,0.7628924250602722,0.7693825364112854
sub-cp028_ses-20211214_level-02B_run-003,sub-cp028,5,2000,44,51,50,1,1,2.0,0.05,2.1913868286321767,0.1,2.128924479527162,2.128924479527162,0.8977645039558411,0.9166093468666077,0.9057216644287109,0.8356587290763855
sub-cp028_ses-20211214_level-02B_run-008,sub-cp028,5,2000,44,51,50,1,1,2.0,0.05,1.9978917327981327,0.1,1.7099521921470906,1.7099521921470906,0.8988946080207825,0.9033684134483337,0.8753714561462402,0.8144119381904602
sub-cp028_ses-20211214_level-02B_run-010,sub-cp028,5,2000,44,51,50,1,1,2.0,0.05,2.03622724852886,0.1,1.407246178995728,1.407246178995728,0.9174664616584778,0.9240944981575012,0.9054790735244751,0.8266368508338928
sub-cp028_ses-20211214_level-03B_run-002,sub-cp028,5,2000,44,51,50,2,2,3.0,0.05,2.4291505162217333,0.1,2.9780852059579797,2.9780852059579797,0.8437646627426147,0.8714607357978821,0.8882824182510376,0.8091002106666565
sub-cp028_ses-20211214_level-03B_run-005,sub-cp028,5,2000,44,51,50,2,2,3.0,0.05,2.312217839731428,0.1,3.0539368766182333,3.0539368766182333,0.8822970986366272,0.9073156118392944,0.9121097326278687,0.8287721872329712
sub-cp028_ses-20211214_level-03B_run-011,sub-cp028,5,2000,44,51,50,2,2,3.0,0.05,2.3685959641076697,0.1,2.5876586499702707,2.5876586499702707,0.8836178183555603,0.9019162654876709,0.9073119163513184,0.8530885577201843
sub-cp028_ses-20211214_level-04B_run-004,sub-cp028,5,2000,44,51,50,3,3,4.0,0.05,3.1528363554874597,0.1,3.8527028778761725,3.8527028778761725,0.8434651494026184,0.8452428579330444,0.8702232241630554,0.9159214496612549
sub-cp028_ses-20211214_level-04B_run-006,sub-cp028,5,2000,44,51,50,3,3,4.0,0.05,3.0485621648539554,0.1,3.912809602765787,3.912809602765787,0.8514302968978882,0.8487411737442017,0.8744010925292969,0.910796582698822
sub-cp028_ses-20211214_level-04B_run-009,sub-cp028,5,2000,44,51,50,3,3,4.0,0.05,2.91804757638738,0.1,3.6766072875468625,3.6766072875468625,0.8592729568481445,0.8446223735809326,0.8722987174987793,0.9010807275772095
sub-cp030_ses-20211025_level-01B_run-001,sub-cp030,5,2000,44,51,50,0,0,1.0,0.05,2.1286710898393224,0.1,1.4410326346995657,1.4410326346995657,0.8758977055549622,0.8589194416999817,0.8528379201889038,0.8246082663536072
sub-cp030_ses-20211025_level-01B_run-007,sub-cp030,5,2000,44,51,50,0,0,1.0,0.05,1.9198128063923618,0.1,0.9154039224583357,1.0,0.8748356699943542,0.8621141910552979,0.8376089334487915,0.7849439978599548
sub-cp030_ses-20211025_level-01B_run-012,sub-cp030,5,2000,44,51,50,0,0,1.0,0.05,1.840728362364981,0.1,0.6624783414429523,1.0,0.8840126991271973,0.8596059083938599,0.832676351070404,0.7897485494613647
sub-cp030_ses-20211025_level-02B_run-003,sub-cp030,5,2000,44,51,50,1,2,2.0,0.05,2.423335640529866,0.1,2.053771821093136,2.053771821093136,0.8336754441261292,0.8311042189598083,0.8405469059944153,0.8184958100318909
sub-cp030_ses-20211025_level-02B_run-008,sub-cp030,5,2000,44,51,50,1,1,2.0,0.05,2.1691791449499864,0.1,2.179230656573948,2.179230656573948,0.8857690691947937,0.8993815779685974,0.8879320025444031,0.8231935501098633
sub-cp030_ses-20211025_level-02B_run-010,sub-cp030,5,2000,44,51,50,1,1,2.0,0.05,2.0349460878331564,0.1,1.5597920528958387,1.5597920528958387,0.8865451812744141,0.8877511620521545,0.8700076341629028,0.8040554523468018
sub-cp030_ses-20211025_level-03B_run-002,sub-cp030,5,2000,44,51,50,2,3,3.0,0.05,2.667212160038666,0.1,2.4522666173528394,2.4522666173528394,0.7921339869499207,0.7811635136604309,0.7989029884338379,0.8077656030654907
sub-cp030_ses-20211025_level-03B_run-011,sub-cp030,5,2000,44,51,50,2,2,3.0,0.05,2.4828703376477215,0.1,2.7427035124024117,2.7427035124024117,0.8647601008415222,0.8729128837585449,0.8933497667312622,0.8502592444419861
sub-cp030_ses-20211025_level-04B_run-004,sub-cp030,5,2000,44,51,50,3,3,4.0,0.05,2.7623596690608574,0.1,2.9028310170506217,2.9028310170506217,0.8024274110794067,0.7816651463508606,0.8026765584945679,0.8270906209945679
sub-cp030_ses-20211025_level-04B_run-006,sub-cp030,5,2000,44,51,50,3,3,4.0,0.05,3.195325043687688,0.1,3.8308433997574287,3.8308433997574287,0.7433488965034485,0.7247012853622437,0.7515987157821655,0.8131306767463684
sub-cp030_ses-20211025_level-04B_run-009,sub-cp030,5,2000,44,51,50,3,3,4.0,0.05,3.2693328344270993,0.1,3.6476275645257186,3.6476275645257186,0.7990235090255737,0.7860743999481201,0.8100888729095459,0.8785526752471924
sub-cp032_ses-20211105_level-01B_run-001,sub-cp032,5,2000,44,51,50,0,1,1.0,0.05,2.19163236584783,0.1,2.0944400652135613,2.0944400652135613,0.898690402507782,0.9024574756622314,0.8964764475822449,0.8455614447593689
sub-cp032_ses-20211105_level-01B_run-007,sub-cp032,5,2000,44,51,50,0,1,1.0,0.05,2.146132367234199,0.1,1.6112618886854253,1.6112618886854253,0.8960353136062622,0.8988535404205322,0.8884711265563965,0.836779773235321
sub-cp032_ses-20211105_level-01B_run-012,sub-cp032,5,2000,44,51,50,0,0,1.0,0.05,2.0950356456029766,0.1,1.503894556631456,1.503894556631456,0.9081669449806213,0.9020878672599792,0.8903039693832397,0.845694899559021
sub-cp032_ses-20211105_level-02B_run-003,sub-cp032,5,2000,44,51,50,1,1,2.0,0.05,2.213535399967674,0.1,2.2212273732888717,2.2212273732888717,0.8975194692611694,0.9168205857276917,0.9042661190032959,0.8452144265174866
sub-cp032_ses-20211105_level-02B_run-008,sub-cp032,5,2000,44,51,50,1,1,2.0,0.05,2.184849106655495,0.1,2.0725132743936148,2.0725132743936148,0.891487717628479,0.907856822013855,0.8944279551506042,0.8341639637947083
sub-cp032_ses-20211105_level-02B_run-010,sub-cp032,5,2000,44,51,50,1,1,2.0,0.05,2.1770593573300063,0.1,2.0166373485253386,2.0166373485253386,0.8850474953651428,0.9048073291778564,0.8906274437904358,0.8223127126693726
sub-cp032_ses-20211105_level-03B_run-002,sub-cp032,5,2000,44,51,50,2,2,3.0,0.05,2.347257714196963,0.1,3.000737852457589,3.000737852457589,0.876524031162262,0.9066027402877808,0.9099804162979126,0.8340305089950562
sub-cp032_ses-20211105_level-03B_run-005,sub-cp032,5,2000,44,51,50,2,2,3.0,0.05,2.346036223940751,0.1,2.8982451921451586,2.8982451921451586,0.8871034383773804,0.9072231650352478,0.9108428955078125,0.8515404462814331
sub-cp032_ses-20211105_level-03B_run-011,sub-cp032,5,2000,44,51,50,2,2,3.0,0.05,2.394056485479409,0.1,3.002483452870628,3.002483452870628,0.8825013041496277,0.8966885209083557,0.9056947231292725,0.8564517498016357
sub-cp032_ses-20211105_level-04B_run-004,sub-cp032,5,2000,44,51,50,3,3,4.0,0.05,2.8859186197607327,0.1,3.8386954869126018,3.8386954869126018,0.8777494430541992,0.881203293800354,0.9012473225593567,0.9211263656616211
sub-cp032_ses-20211105_level-04B_run-006,sub-cp032,5,2000,44,51,50,3,3,4.0,0.05,3.0163875538749063,0.1,3.9243507873813406,3.9243507873813406,0.8536496758460999,0.8535332679748535,0.8741046190261841,0.9103161692619324
sub-cp032_ses-20211105_level-04B_run-009,sub-cp032,5,2000,44,51,50,3,3,4.0,0.05,2.9808043603584142,0.1,3.8939990676693874,3.8939990676693874,0.8600763082504272,0.8621141910552979,0.8845088481903076,0.9135725498199463
sub-cp035_ses-20220125_level-01B_run-001,sub-cp035,5,2000,44,51,50,0,1,1.0,0.05,2.168131930858852,0.1,1.8912413097057261,1.8912413097057261,0.894891619682312,0.8993023633956909,0.8869077563285828,0.8425185680389404
sub-cp035_ses-20220125_level-01B_run-007,sub-cp035,5,2000,44,51,50,0,0,1.0,0.05,2.026220464807568,0.1,1.5632785484366272,1.5632785484366272,0.9180655479431152,0.9114739894866943,0.89553302526474,0.8417177796363831
sub-cp035_ses-20220125_level-01B_run-012,sub-cp035,5,2000,44,51,50,0,0,1.0,0.05,2.1197199576689716,0.1,1.4434058203605047,1.4434058203605047,0.9022440910339355,0.8961076140403748,0.880573570728302,0.8495118618011475
sub-cp035_ses-20220125_level-02B_run-003,sub-cp035,5,2000,44,51,50,1,1,2.0,0.05,2.3090986068413693,0.1,2.417008663059164,2.417008663059164,0.8926994800567627,0.9053353667259216,0.898929238319397,0.8625108599662781
sub-cp035_ses-20220125_level-02B_run-008,sub-cp035,5,2000,44,51,50,1,1,2.0,0.05,2.2358033154666965,0.1,2.3328185948352336,2.3328185948352336,0.8941835761070251,0.9217974543571472,0.914158284664154,0.8317350149154663
sub-cp035_ses-20220125_level-02B_run-010,sub-cp035,5,2000,44,51,50,1,1,2.0,0.05,2.153958784213739,0.1,1.6571768748836968,1.6571768748836968,0.9095965623855591,0.9203453063964844,0.9053712487220764,0.8506062030792236
sub-cp035_ses-20220125_level-03B_run-002,sub-cp035,5,2000,44,51,50,2,2,3.0,0.05,2.6077523349341067,0.1,3.1171048426763632,3.1171048426763632,0.8387813568115234,0.8502065539360046,0.8685251474380493,0.8475900292396545
sub-cp035_ses-20220125_level-03B_run-005,sub-cp035,5,2000,44,51,50,2,2,3.0,0.05,2.41191568322033,0.1,2.9412097347173143,2.9412097347173143,0.8932849764823914,0.9064574837684631,0.9167189002037048,0.8705717921257019
sub-cp035_ses-20220125_level-03B_run-011,sub-cp035,5,2000,44,51,50,2,2,3.0,0.05,2.390202172080369,0.1,3.0554869233257596,3.0554869233257596,0.8822017908096313,0.9089657664299011,0.916907548904419,0.8494317531585693
sub-cp035_ses-20220125_level-04B_run-004,sub-cp035,5,2000,44,51,50,3,3,4.0,0.05,3.21344199832953,0.1,4.398313105351148,4.0,0.8298221826553345,0.8289259672164917,0.8517058491706848,0.9077270030975342
sub-cp035_ses-20220125_level-04B_run-006,sub-cp035,5,2000,44,51,50,3,3,4.0,0.05,3.132805071484425,0.1,4.273055262895479,4.0,0.8475226163864136,0.8520283102989197,0.8789563179016113,0.9189910292625427
sub-cp035_ses-20220125_level-04B_run-009,sub-cp035,5,2000,44,51,50,3,3,4.0,0.05,3.018769237258449,0.1,4.2187841910288615,4.0,0.8505589365959167,0.8544706106185913,0.8784981369972229,0.9089281558990479
sub-cp005_ses-20210226_level-01B_run-001,sub-cp005,5,5000,44,51,50,0,0,1.0,0.05,2.045371884919474,0.01,1.3346841976518335,1.3346841976518335,0.9013637900352478,0.8856200575828552,0.874629020690918,0.8350825309753418
sub-cp005_ses-20210226_level-01B_run-007,sub-cp005,5,5000,44,51,50,0,1,1.0,0.05,2.0378304623400147,0.01,1.545221264729609,1.545221264729609,0.9230741262435913,0.9328212141990662,0.9083974361419678,0.8391683101654053
sub-cp005_ses-20210226_level-01B_run-012,sub-cp005,5,5000,44,51,50,0,1,1.0,0.05,1.96004390361304,0.01,1.3458269378373457,1.3458269378373457,0.9249529838562012,0.9268290996551514,0.8983741402626038,0.830326497554779
sub-cp005_ses-20210226_level-02B_run-003,sub-cp005,5,5000,44,51,50,1,2,2.0,0.05,2.614779444013139,0.01,2.900391289094772,2.900391289094772,0.837172269821167,0.8462035059928894,0.8610358834266663,0.8482973575592041
sub-cp005_ses-20210226_level-02B_run-008,sub-cp005,5,5000,44,51,50,1,1,2.0,0.05,2.188634568689278,0.01,2.0955896869683728,2.0955896869683728,0.8930065631866455,0.9257620573043823,0.9085260629653931,0.8228359222412109
sub-cp005_ses-20210226_level-02B_run-010,sub-cp005,5,5000,44,51,50,1,1,2.0,0.05,2.1652765850809708,0.01,1.8737083482399932,1.8737083482399932,0.9077226519584656,0.92951500415802,0.9121924042701721,0.8435200452804565
sub-cp005_ses-20210226_level-03B_run-002,sub-cp005,5,5000,44,51,50,2,3,3.0,0.05,2.994061510187617,0.01,3.3087889631224545,3.3087889631224545,0.7686745524406433,0.7628288865089417,0.7796593308448792,0.8211122751235962
sub-cp005_ses-20210226_level-03B_run-005,sub-cp005,5,5000,44,51,50,2,2,3.0,0.05,2.4625802216865527,0.01,3.355533130782319,3.355533130782319,0.8602401614189148,0.8927107453346252,0.9063928127288818,0.8385086059570312
sub-cp005_ses-20210226_level-03B_run-011,sub-cp005,5,5000,44,51,50,2,2,3.0,0.05,2.5818089586823953,0.01,3.201613112876696,3.201613112876696,0.8818581700325012,0.8843585848808289,0.9010970592498779,0.8872289657592773
sub-cp005_ses-20210226_level-04B_run-004,sub-cp005,5,5000,44,51,50,3,3,4.0,0.05,3.027010116461611,0.01,3.796144392800465,3.796144392800465,0.7493318319320679,0.746555507183075,0.7713083624839783,0.806301474571228
sub-cp005_ses-20210226_level-04B_run-006,sub-cp005,5,5000,44,51,50,3,3,4.0,0.05,3.152395828793496,0.01,4.311168225175357,4.0,0.8450244665145874,0.8499879837036133,0.8722491264343262,0.9185423851013184
sub-cp005_ses-20210226_level-04B_run-009,sub-cp005,5,5000,44,51,50,3,3,4.0,0.05,2.9523402994976635,0.01,3.8942706480331792,3.8942706480331792,0.8388230800628662,0.8246002793312073,0.8412250876426697,0.8846328258514404
sub-cp017_ses-20210521_level-01B_run-001,sub-cp017,5,5000,44,51,50,0,1,1.0,0.05,2.0188975298717478,0.01,1.6269883385186066,1.6269883385186066,0.9256154894828796,0.9311707615852356,0.9085260629653931,0.8379234075546265
sub-cp017_ses-20210521_level-01B_run-007,sub-cp017,5,5000,44,51,50,0,1,1.0,0.05,2.0334343490566913,0.01,1.3570870921463571,1.3570870921463571,0.8859797716140747,0.8948027491569519,0.8723134994506836,0.7979171872138977
sub-cp017_ses-20210521_level-01B_run-012,sub-cp017,5,5000,44,51,50,0,1,1.0,0.05,2.0528855893943407,0.01,1.6998012283501147,1.6998012283501147,0.8552008271217346,0.8614991903305054,0.841568112373352,0.7750306129455566
sub-cp017_ses-20210521_level-02B_run-003,sub-cp017,5,5000,44,51,50,1,1,2.0,0.05,2.216360934042304,0.01,2.2776689989924086,2.2776689989924086,0.8721053600311279,0.9093047380447388,0.8957583904266357,0.7990769147872925
sub-cp017_ses-20210521_level-02B_run-008,sub-cp017,5,5000,44,51,50,1,1,2.0,0.05,2.220983870375007,0.01,2.107184870979715,2.107184870979715,0.8425917029380798,0.874324381351471,0.85918128490448,0.7841064929962158
sub-cp017_ses-20210521_level-02B_run-010,sub-cp017,5,5000,44,51,50,1,1,2.0,0.05,2.1381404098278582,0.01,2.011403498404146,2.011403498404146,0.9029657244682312,0.9257094860076904,0.9048061966896057,0.8332418203353882
sub-cp017_ses-20210521_level-03B_run-002,sub-cp017,5,5000,44,51,50,2,2,3.0,0.05,2.367747884382055,0.01,3.1259569746741382,3.1259569746741382,0.8541690707206726,0.8859407305717468,0.8940860629081726,0.8086848258972168
sub-cp017_ses-20210521_level-03B_run-005,sub-cp017,5,5000,44,51,50,2,1,3.0,0.05,2.281943499878402,0.01,2.6275827794636766,2.6275827794636766,0.8998270034790039,0.9245110750198364,0.9235557317733765,0.8463609218597412
sub-cp017_ses-20210521_level-03B_run-011,sub-cp017,5,5000,44,51,50,2,2,3.0,0.05,2.35469981003814,0.01,2.7657172476470224,2.7657172476470224,0.8736584186553955,0.905604362487793,0.9117742776870728,0.8267301917076111
sub-cp017_ses-20210521_level-04B_run-004,sub-cp017,5,5000,44,51,50,3,3,4.0,0.05,2.9889678596003564,0.01,3.9042355194678136,3.9042355194678136,0.8652685880661011,0.8671653866767883,0.8866356015205383,0.9196382761001587
sub-cp017_ses-20210521_level-04B_run-006,sub-cp017,5,5000,44,51,50,3,3,4.0,0.05,3.0837116328300294,0.01,4.256898811213469,4.0,0.8534414172172546,0.8561483025550842,0.8733962178230286,0.9182976484298706
sub-cp017_ses-20210521_level-04B_run-009,sub-cp017,5,5000,44,51,50,3,3,4.0,0.05,3.0089439197146928,0.01,4.201947643606571,4.0,0.857997477054596,0.8533992767333984,0.8683363199234009,0.9123712182044983
sub-cp022_ses-20210621_level-01B_run-001,sub-cp022,5,5000,44,51,50,0,0,1.0,0.05,2.273025237433204,0.01,1.9510542700000635,1.9510542700000635,0.893001139163971,0.8751180768013,0.867875337600708,0.8668747544288635
sub-cp022_ses-20210621_level-01B_run-007,sub-cp022,5,5000,44,51,50,0,0,1.0,0.05,2.3716575932642296,0.01,1.7164184026714757,1.7164184026714757,0.863650381565094,0.8422297239303589,0.8366690278053284,0.850329577922821
sub-cp022_ses-20210621_level-01B_run-012,sub-cp022,5,5000,44,51,50,0,1,1.0,0.05,2.127902319064072,0.01,1.821466283022451,1.821466283022451,0.9244208335876465,0.9261983036994934,0.9129534959793091,0.8647041916847229
sub-cp022_ses-20210621_level-02B_run-003,sub-cp022,5,5000,44,51,50,1,0,2.0,0.05,2.320487377577664,0.01,2.032194907664743,2.032194907664743,0.8945868015289307,0.8893415331840515,0.8878469467163086,0.869417667388916
sub-cp022_ses-20210621_level-02B_run-008,sub-cp022,5,5000,44,51,50,1,2,2.0,0.05,2.519992675497152,0.01,2.5674495445576424,2.5674495445576424,0.8699929714202881,0.8668710589408875,0.8719596862792969,0.870971143245697
sub-cp022_ses-20210621_level-02B_run-010,sub-cp022,5,5000,44,51,50,1,2,2.0,0.05,2.598600693286544,0.01,2.695785847077093,2.695785847077093,0.8822219967842102,0.8899459838867188,0.899746298789978,0.8926766514778137
sub-cp022_ses-20210621_level-03B_run-002,sub-cp022,5,5000,44,51,50,2,3,3.0,0.05,2.9820647424489177,0.01,3.721578711927965,3.721578711927965,0.8341584801673889,0.8343611359596252,0.860231876373291,0.8871545195579529
sub-cp022_ses-20210621_level-03B_run-005,sub-cp022,5,5000,44,51,50,2,2,3.0,0.05,2.616596526157287,0.01,3.2843178716722328,3.2843178716722328,0.8730665445327759,0.8753440976142883,0.8932713270187378,0.883004903793335
sub-cp022_ses-20210621_level-03B_run-011,sub-cp022,5,5000,44,51,50,2,2,3.0,0.05,2.6285976538787224,0.01,2.7553931556842617,2.7553931556842617,0.888450562953949,0.8812889456748962,0.9000036120414734,0.8993479013442993
sub-cp022_ses-20210621_level-04B_run-004,sub-cp022,5,5000,44,51,50,3,3,4.0,0.05,3.215188677875818,0.01,3.799414444065584,3.799414444065584,0.8387525081634521,0.8274229168891907,0.8522989749908447,0.9130202531814575
sub-cp022_ses-20210621_level-04B_run-006,sub-cp022,5,5000,44,51,50,3,3,4.0,0.05,3.311198777542755,0.01,4.290846126053849,4.0,0.807153582572937,0.7984557151794434,0.8242229223251343,0.8932086229324341
sub-cp022_ses-20210621_level-04B_run-009,sub-cp022,5,5000,44,51,50,3,3,4.0,0.05,3.1438932706116915,0.01,4.133375124717288,4.0,0.8442859649658203,0.847938060760498,0.8735248446464539,0.916552722454071
sub-cp028_ses-20211214_level-01B_run-001,sub-cp028,5,5000,44,51,50,0,1,1.0,0.05,2.0936940032262434,0.01,1.5341327538290208,1.5341327538290208,0.859615683555603,0.8684636950492859,0.8504765629768372,0.7875006198883057
sub-cp028_ses-20211214_level-01B_run-007,sub-cp028,5,5000,44,51,50,0,0,1.0,0.05,2.0766640673967283,0.01,1.4723514926863168,1.4723514926863168,0.9054039120674133,0.8947449326515198,0.8841056227684021,0.8414771556854248
sub-cp028_ses-20211214_level-01B_run-012,sub-cp028,5,5000,44,51,50,0,0,1.0,0.05,2.2088604321771763,0.01,1.2966801313695422,1.2966801313695422,0.8156357407569885,0.7837907671928406,0.774202823638916,0.7851704955101013
sub-cp028_ses-20211214_level-02B_run-003,sub-cp028,5,5000,44,51,50,1,1,2.0,0.05,2.234873731029678,0.01,2.2916492738651604,2.2916492738651604,0.8939622640609741,0.9163323640823364,0.9071539044380188,0.8405195474624634
sub-cp028_ses-20211214_level-02B_run-008,sub-cp028,5,5000,44,51,50,1,1,2.0,0.05,2.055519928238674,0.01,1.905281885260765,1.905281885260765,0.9015212655067444,0.9084059000015259,0.8848667740821838,0.8274856209754944
sub-cp028_ses-20211214_level-02B_run-010,sub-cp028,5,5000,44,51,50,1,1,2.0,0.05,2.074396713560551,0.01,1.1770028645155175,1.1770028645155175,0.9203372597694397,0.9270603656768799,0.9109595417976379,0.8407748937606812
sub-cp028_ses-20211214_level-03B_run-002,sub-cp028,5,5000,44,51,50,2,2,3.0,0.05,2.433864001209026,0.01,2.7519837161332763,2.7519837161332763,0.8453611731529236,0.8771312236785889,0.8909343481063843,0.8144729137420654
sub-cp028_ses-20211214_level-03B_run-005,sub-cp028,5,5000,44,51,50,2,2,3.0,0.05,2.3412131342651654,0.01,3.0489509508738952,3.0489509508738952,0.8825043439865112,0.9114124774932861,0.9167270064353943,0.8351463675498962
sub-cp028_ses-20211214_level-03B_run-011,sub-cp028,5,5000,44,51,50,2,2,3.0,0.05,2.3725750914978128,0.01,2.7821406457541773,2.7821406457541773,0.8885319828987122,0.9080169796943665,0.9120423197746277,0.8599374890327454
sub-cp028_ses-20211214_level-04B_run-004,sub-cp028,5,5000,44,51,50,3,3,4.0,0.05,3.1507413041043173,0.01,3.8816656554924687,3.8816656554924687,0.844606339931488,0.8455254435539246,0.8676073551177979,0.9162867069244385
sub-cp028_ses-20211214_level-04B_run-006,sub-cp028,5,5000,44,51,50,3,3,4.0,0.05,3.009390410182595,0.01,3.8252827159000935,3.8252827159000935,0.8599469065666199,0.8567054867744446,0.8781988024711609,0.9148290157318115
sub-cp028_ses-20211214_level-04B_run-009,sub-cp028,5,5000,44,51,50,3,3,4.0,0.05,2.937015195246598,0.01,3.653940932261137,3.653940932261137,0.863004207611084,0.8483638167381287,0.8716273903846741,0.9069767594337463
sub-cp030_ses-20211025_level-01B_run-001,sub-cp030,5,5000,44,51,50,0,0,1.0,0.05,2.1648104299301782,0.01,1.4244517094457612,1.4244517094457612,0.8715949058532715,0.8551338315010071,0.8529743552207947,0.8239637613296509
sub-cp030_ses-20211025_level-01B_run-007,sub-cp030,5,5000,44,51,50,0,0,1.0,0.05,1.9618584405622685,0.01,1.0522451197403875,1.0522451197403875,0.8761074542999268,0.8615937829017639,0.8426830172538757,0.7948528528213501
sub-cp030_ses-20211025_level-01B_run-012,sub-cp030,5,5000,44,51,50,0,0,1.0,0.05,1.9065887929308079,0.01,0.5139303795096868,1.0,0.8821622729301453,0.8547449111938477,0.8348037004470825,0.8028541207313538
sub-cp030_ses-20211025_level-02B_run-003,sub-cp030,5,5000,44,51,50,1,2,2.0,0.05,2.377563975848865,0.01,1.922760671151496,1.922760671151496,0.8400231599807739,0.8403953313827515,0.8450629115104675,0.8191864490509033
sub-cp030_ses-20211025_level-02B_run-008,sub-cp030,5,5000,44,51,50,1,1,2.0,0.05,2.186254532946237,0.01,2.0847179288281623,2.0847179288281623,0.8902045488357544,0.9050629734992981,0.8961014747619629,0.827868640422821
sub-cp030_ses-20211025_level-02B_run-010,sub-cp030,5,5000,44,51,50,1,1,2.0,0.05,2.05604593589651,0.01,1.4641886265370587,1.4641886265370587,0.8902642726898193,0.8954071998596191,0.8760762214660645,0.8121321201324463
sub-cp030_ses-20211025_level-03B_run-002,sub-cp030,5,5000,44,51,50,2,3,3.0,0.05,2.7307088954976764,0.01,2.9369407769855904,2.9369407769855904,0.7929479479789734,0.7868394255638123,0.803618848323822,0.8167711496353149
sub-cp030_ses-20211025_level-03B_run-011,sub-cp030,5,5000,44,51,50,2,2,3.0,0.05,2.4808435498811328,0.01,3.1686728396644965,3.1686728396644965,0.8739842176437378,0.881993293762207,0.8966267704963684,0.8633741736412048
sub-cp030_ses-20211025_level-04B_run-004,sub-cp030,5,5000,44,51,50,3,3,4.0,0.05,2.790986735999353,0.01,2.940120088558194,2.940120088558194,0.8100642561912537,0.7884057760238647,0.8061488270759583,0.8379234075546265
sub-cp030_ses-20211025_level-04B_run-006,sub-cp030,5,5000,44,51,50,3,3,4.0,0.05,3.1093041400034496,0.01,3.502250048162185,3.502250048162185,0.7646072506904602,0.746665894985199,0.7680708765983582,0.8253470063209534
sub-cp030_ses-20211025_level-04B_run-009,sub-cp030,5,5000,44,51,50,3,3,4.0,0.05,3.1954930535678665,0.01,3.5249612614472334,3.5249612614472334,0.8188721537590027,0.8070023655891418,0.827685534954071,0.8905167579650879
sub-cp032_ses-20211105_level-01B_run-001,sub-cp032,5,5000,44,51,50,0,1,1.0,0.05,2.1825519895686005,0.01,1.9299451594971446,1.9299451594971446,0.8963733315467834,0.9034545421600342,0.8946649432182312,0.8412005305290222
sub-cp032_ses-20211105_level-01B_run-007,sub-cp032,5,5000,44,51,50,0,1,1.0,0.05,2.1938832443285716,0.01,1.7988846165330137,1.7988846165330137,0.8895094394683838,0.8933520317077637,0.8846094608306885,0.8401045799255371
sub-cp032_ses-20211105_level-01B_run-012,sub-cp032,5,5000,44,51,50,0,0,1.0,0.05,2.1276196343693967,0.01,1.519556211856672,1.519556211856672,0.9079235792160034,0.9061089158058167,0.8927889466285706,0.8515319228172302
sub-cp032_ses-20211105_level-02B_run-003,sub-cp032,5,5000,44,51,50,1,1,2.0,0.05,2.2365056050545036,0.01,2.295510843419184,2.295510843419184,0.8942772746086121,0.9158382415771484,0.9036698937416077,0.8465737104415894
sub-cp032_ses-20211105_level-02B_run-008,sub-cp032,5,5000,44,51,50,1,1,2.0,0.05,2.236068766299584,0.01,2.1968975842425564,2.1968975842425564,0.8876251578330994,0.9055833220481873,0.894911527633667,0.8407217264175415
sub-cp032_ses-20211105_level-02B_run-010,sub-cp032,5,5000,44,51,50,1,1,2.0,0.05,2.189077612662921,0.01,2.144164108595821,2.144164108595821,0.886376142501831,0.9068658351898193,0.8917490839958191,0.828666627407074
sub-cp032_ses-20211105_level-03B_run-002,sub-cp032,5,5000,44,51,50,2,2,3.0,0.05,2.36205357458787,0.01,2.830904008617846,2.830904008617846,0.8734249472618103,0.9052311778068542,0.90847247838974,0.8350399732589722
sub-cp032_ses-20211105_level-03B_run-005,sub-cp032,5,5000,44,51,50,2,2,3.0,0.05,2.3483966842470423,0.01,2.7097676575934027,2.7097676575934027,0.8831397294998169,0.9069604277610779,0.9076041579246521,0.8497231006622314
sub-cp032_ses-20211105_level-03B_run-011,sub-cp032,5,5000,44,51,50,2,2,3.0,0.05,2.3753385331773518,0.01,2.858934142944249,2.858934142944249,0.8820156455039978,0.9027922749519348,0.908065140247345,0.8520532846450806
sub-cp032_ses-20211105_level-04B_run-004,sub-cp032,5,5000,44,51,50,3,3,4.0,0.05,2.831493891678484,0.01,3.958924340763372,3.958924340763372,0.8748313784599304,0.8789131045341492,0.8961336016654968,0.9123712182044983
sub-cp032_ses-20211105_level-04B_run-006,sub-cp032,5,5000,44,51,50,3,3,4.0,0.05,2.982616871270081,0.01,3.8950853280707696,3.8950853280707696,0.8523607850074768,0.852432131767273,0.8683041334152222,0.9054659008979797
sub-cp032_ses-20211105_level-04B_run-009,sub-cp032,5,5000,44,51,50,3,3,4.0,0.05,2.9043615913953493,0.01,3.6853200739173344,3.6853200739173344,0.8666859269142151,0.8665083646774292,0.8853706121444702,0.9111582636833191
sub-cp035_ses-20220125_level-01B_run-001,sub-cp035,5,5000,44,51,50,0,1,1.0,0.05,2.176841404885121,0.01,1.9005649675941703,1.9005649675941703,0.8959280848503113,0.8978408575057983,0.8874181509017944,0.8455948233604431
sub-cp035_ses-20220125_level-01B_run-007,sub-cp035,5,5000,44,51,50,0,0,1.0,0.05,2.042341424857563,0.01,1.0494107741469807,1.0494107741469807,0.9175460338592529,0.9078855514526367,0.8950508832931519,0.8458395600318909
sub-cp035_ses-20220125_level-01B_run-012,sub-cp035,5,5000,44,51,50,0,0,1.0,0.05,2.1287247239776974,0.01,1.5779868508525707,1.5779868508525707,0.9081353545188904,0.901593804359436,0.8878791332244873,0.8560751676559448
sub-cp035_ses-20220125_level-02B_run-003,sub-cp035,5,5000,44,51,50,1,1,2.0,0.05,2.285764348110693,0.01,2.17597625619762,2.17597625619762,0.8946356773376465,0.9094676971435547,0.9019975066184998,0.8591288328170776
sub-cp035_ses-20220125_level-02B_run-008,sub-cp035,5,5000,44,51,50,1,1,2.0,0.05,2.2561428681315503,0.01,2.3078325386289023,2.3078325386289023,0.8957542777061462,0.9241536259651184,0.9183671474456787,0.8370403051376343
sub-cp035_ses-20220125_level-02B_run-010,sub-cp035,5,5000,44,51,50,1,1,2.0,0.05,2.181923503229614,0.01,1.7061406371234504,1.7061406371234504,0.9090204834938049,0.920269250869751,0.908794105052948,0.8532024025917053
sub-cp035_ses-20220125_level-03B_run-002,sub-cp035,5,5000,44,51,50,2,2,3.0,0.05,2.5132719055927755,0.01,2.874542423101437,2.874542423101437,0.8495044708251953,0.8623979687690735,0.8754652142524719,0.8450309038162231
sub-cp035_ses-20220125_level-03B_run-005,sub-cp035,5,5000,44,51,50,2,2,3.0,0.05,2.445583288258047,0.01,3.121711798413954,3.121711798413954,0.8880215287208557,0.9040327072143555,0.9148402810096741,0.8712477684020996
sub-cp035_ses-20220125_level-03B_run-011,sub-cp035,5,5000,44,51,50,2,2,3.0,0.05,2.3685375659544077,0.01,2.846231342707344,2.846231342707344,0.8827378749847412,0.9109447002410889,0.9187209606170654,0.8418070077896118
sub-cp035_ses-20220125_level-04B_run-004,sub-cp035,5,5000,44,51,50,3,3,4.0,0.05,3.156701822024342,0.01,4.520761894475687,4.0,0.8384646773338318,0.8405372500419617,0.8613039255142212,0.9111688733100891
sub-cp035_ses-20220125_level-04B_run-006,sub-cp035,5,5000,44,51,50,3,3,4.0,0.05,3.046971541573034,0.01,4.202562814124001,4.0,0.8593170046806335,0.8632862567901611,0.8860888481140137,0.9208193421363831
sub-cp035_ses-20220125_level-04B_run-009,sub-cp035,5,5000,44,51,50,3,3,4.0,0.05,3.0005612064935483,0.01,4.254689593258606,4.0,0.8598654866218567,0.8639748692512512,0.8836982846260071,0.9162654280662537
sub-cp005_ses-20210226_level-01B_run-001,sub-cp005,5,10000,44,51,50,0,0,1.0,0.05,2.0427229600716674,0.01,1.3317336255751453,1.3317336255751453,0.9012389183044434,0.8869965076446533,0.8742998838424683,0.8346101641654968
sub-cp005_ses-20210226_level-01B_run-007,sub-cp005,5,10000,44,51,50,0,1,1.0,0.05,2.0550340079670266,0.01,1.6279846720906568,1.6279846720906568,0.9230435490608215,0.9339966177940369,0.9118117690086365,0.8398928046226501
sub-cp005_ses-20210226_level-01B_run-012,sub-cp005,5,10000,44,51,50,0,1,1.0,0.05,1.9914846991882607,0.01,1.3135383214628107,1.3135383214628107,0.9237601161003113,0.9280438423156738,0.9026424288749695,0.8320938944816589
sub-cp005_ses-20210226_level-02B_run-003,sub-cp005,5,10000,44,51,50,1,2,2.0,0.05,2.553644886875877,0.01,2.699710297502066,2.699710297502066,0.8436506986618042,0.8536946177482605,0.86567622423172,0.8466916084289551
sub-cp005_ses-20210226_level-02B_run-008,sub-cp005,5,10000,44,51,50,1,1,2.0,0.05,2.1824894867242195,0.01,2.0613545908558053,2.0613545908558053,0.8954084515571594,0.9268391132354736,0.9106081128120422,0.8217679858207703
sub-cp005_ses-20210226_level-02B_run-010,sub-cp005,5,10000,44,51,50,1,1,2.0,0.05,2.158832806661401,0.01,1.926896008968116,1.926896008968116,0.9105709791183472,0.9308391213417053,0.9143047332763672,0.8444519639015198
sub-cp005_ses-20210226_level-03B_run-002,sub-cp005,5,10000,44,51,50,2,3,3.0,0.05,3.0011679596763106,0.01,3.185814034587581,3.185814034587581,0.7689211368560791,0.760647177696228,0.7776419520378113,0.8213636875152588
sub-cp005_ses-20210226_level-03B_run-005,sub-cp005,5,10000,44,51,50,2,2,3.0,0.05,2.452685376482232,0.01,3.560445183986437,3.560445183986437,0.8667120337486267,0.897332489490509,0.9099608063697815,0.8442817330360413
sub-cp005_ses-20210226_level-03B_run-011,sub-cp005,5,10000,44,51,50,2,2,3.0,0.05,2.5652788250137113,0.01,3.1473550759923885,3.1473550759923885,0.8862664103507996,0.8886080384254456,0.9042313098907471,0.8896443843841553
sub-cp005_ses-20210226_level-04B_run-004,sub-cp005,5,10000,44,51,50,3,3,4.0,0.05,2.9964584618556893,0.01,3.633541476335831,3.633541476335831,0.7531967163085938,0.7489280104637146,0.7725651264190674,0.8063615560531616
sub-cp005_ses-20210226_level-04B_run-006,sub-cp005,5,10000,44,51,50,3,3,4.0,0.05,3.1554701872367925,0.01,4.196844059670333,4.0,0.8490278720855713,0.8508468270301819,0.8734492659568787,0.9216222167015076
sub-cp005_ses-20210226_level-04B_run-009,sub-cp005,5,10000,44,51,50,3,3,4.0,0.05,2.9582130985150847,0.01,3.688127297608625,3.688127297608625,0.8418211936950684,0.8251591324806213,0.8422874212265015,0.8876015543937683
sub-cp017_ses-20210521_level-01B_run-001,sub-cp017,5,10000,44,51,50,0,1,1.0,0.05,2.0467788222481667,0.01,1.5480108819078044,1.5480108819078044,0.9243763089179993,0.9297629594802856,0.9109398126602173,0.8412281274795532
sub-cp017_ses-20210521_level-01B_run-007,sub-cp017,5,10000,44,51,50,0,1,1.0,0.05,2.0446290929746787,0.01,1.24552132772867,1.24552132772867,0.8839755058288574,0.8928495049476624,0.8725077509880066,0.7962644696235657
sub-cp017_ses-20210521_level-01B_run-012,sub-cp017,5,10000,44,51,50,0,1,1.0,0.05,2.055904949271355,0.01,1.507856209441318,1.507856209441318,0.8585797548294067,0.8657681345939636,0.8461713194847107,0.777463972568512
sub-cp017_ses-20210521_level-02B_run-003,sub-cp017,5,10000,44,51,50,1,1,2.0,0.05,2.200612890918505,0.01,2.2762316493496635,2.2762316493496635,0.8762340545654297,0.9118049740791321,0.8973034620285034,0.7998979091644287
sub-cp017_ses-20210521_level-02B_run-008,sub-cp017,5,10000,44,51,50,1,1,2.0,0.05,2.220834924806727,0.01,2.1340538081214806,2.1340538081214806,0.8485283851623535,0.8792563080787659,0.8654622435569763,0.7885293364524841
sub-cp017_ses-20210521_level-02B_run-010,sub-cp017,5,10000,44,51,50,1,1,2.0,0.05,2.1306360795283124,0.01,1.936546032937887,1.936546032937887,0.9068061113357544,0.9286370277404785,0.9083880186080933,0.8339611291885376
sub-cp017_ses-20210521_level-03B_run-002,sub-cp017,5,10000,44,51,50,2,2,3.0,0.05,2.324549757874212,0.01,3.0243658900200074,3.0243658900200074,0.8601459264755249,0.8907418847084045,0.8951903581619263,0.8054944276809692
sub-cp017_ses-20210521_level-03B_run-005,sub-cp017,5,10000,44,51,50,2,1,3.0,0.05,2.2638779034134435,0.01,2.5714998414556485,2.5714998414556485,0.9010543823242188,0.9246290922164917,0.923072874546051,0.842967689037323
sub-cp017_ses-20210521_level-03B_run-011,sub-cp017,5,10000,44,51,50,2,2,3.0,0.05,2.3417333117195334,0.01,2.8906219533820354,2.8906219533820354,0.878888726234436,0.9100306630134583,0.9151446223258972,0.8296573758125305
sub-cp017_ses-20210521_level-04B_run-004,sub-cp017,5,10000,44,51,50,3,3,4.0,0.05,2.9608164637221153,0.01,3.8265425672183997,3.8265425672183997,0.8688075542449951,0.8700515627861023,0.8877168893814087,0.9199251532554626
sub-cp017_ses-20210521_level-04B_run-006,sub-cp017,5,10000,44,51,50,3,3,4.0,0.05,3.0732315611479146,0.01,4.2737259369798215,4.0,0.8544484972953796,0.8564452528953552,0.8732138872146606,0.9178982973098755
sub-cp017_ses-20210521_level-04B_run-009,sub-cp017,5,10000,44,51,50,3,3,4.0,0.05,2.998486990332637,0.01,4.075261510009385,4.0,0.861462414264679,0.8569649457931519,0.8721653819084167,0.914780855178833
sub-cp022_ses-20210621_level-01B_run-001,sub-cp022,5,10000,44,51,50,0,0,1.0,0.05,2.2498282204688187,0.01,1.8478322820950064,1.8478322820950064,0.895948588848114,0.8794085383415222,0.8714645504951477,0.8664177656173706
sub-cp022_ses-20210621_level-01B_run-007,sub-cp022,5,10000,44,51,50,0,0,1.0,0.05,2.3780237468676098,0.01,1.692828926626502,1.692828926626502,0.8629037737846375,0.84000164270401,0.8380558490753174,0.8494260311126709
sub-cp022_ses-20210621_level-01B_run-012,sub-cp022,5,10000,44,51,50,0,1,1.0,0.05,2.132506239675837,0.01,1.6930797893128675,1.6930797893128675,0.9209073185920715,0.9222249388694763,0.9092867374420166,0.86252361536026
sub-cp022_ses-20210621_level-02B_run-003,sub-cp022,5,10000,44,51,50,1,0,2.0,0.05,2.33542341851995,0.01,2.098779491580174,2.098779491580174,0.8915839195251465,0.8847419023513794,0.8861280083656311,0.8676838874816895
sub-cp022_ses-20210621_level-02B_run-008,sub-cp022,5,10000,44,51,50,1,2,2.0,0.05,2.4941820055789368,0.01,2.4616376723227944,2.4616376723227944,0.8716467618942261,0.8660725951194763,0.8731657266616821,0.868529736995697
sub-cp022_ses-20210621_level-02B_run-010,sub-cp022,5,10000,44,51,50,1,2,2.0,0.05,2.5570378033074213,0.01,2.4742818183321793,2.4742818183321793,0.8851589560508728,0.8923718333244324,0.9006256461143494,0.8902295827865601
sub-cp022_ses-20210621_level-03B_run-002,sub-cp022,5,10000,44,51,50,2,3,3.0,0.05,2.955881945062952,0.01,3.3879650214659867,3.3879650214659867,0.8359418511390686,0.8333585858345032,0.858218789100647,0.8851703405380249
sub-cp022_ses-20210621_level-03B_run-005,sub-cp022,5,10000,44,51,50,2,2,3.0,0.05,2.59391707806362,0.01,3.033423378713555,3.033423378713555,0.8773822784423828,0.8800069689750671,0.8971750736236572,0.8843564391136169
sub-cp022_ses-20210621_level-03B_run-011,sub-cp022,5,10000,44,51,50,2,2,3.0,0.05,2.6051864462326124,0.01,2.809260223094377,2.809260223094377,0.8895535469055176,0.8834925293922424,0.9005025625228882,0.8979487419128418
sub-cp022_ses-20210621_level-04B_run-004,sub-cp022,5,10000,44,51,50,3,3,4.0,0.05,3.2171578436834443,0.01,3.7925148089353775,3.7925148089353775,0.8366882801055908,0.8238126635551453,0.8497234582901001,0.9107005000114441
sub-cp022_ses-20210621_level-04B_run-006,sub-cp022,5,10000,44,51,50,3,3,4.0,0.05,3.2984605578551625,0.01,4.25617728702294,4.0,0.8068572878837585,0.7957653403282166,0.8202949166297913,0.8903891444206238
sub-cp022_ses-20210621_level-04B_run-009,sub-cp022,5,10000,44,51,50,3,3,4.0,0.05,3.1322038443685676,0.01,4.168490455743836,4.0,0.8431892395019531,0.8446552157402039,0.8693996071815491,0.9132221341133118
sub-cp028_ses-20211214_level-01B_run-001,sub-cp028,5,10000,44,51,50,0,1,1.0,0.05,2.092750080775753,0.01,1.3821880402469415,1.3821880402469415,0.8666631579399109,0.8741933107376099,0.8575500249862671,0.7938385605812073
sub-cp028_ses-20211214_level-01B_run-007,sub-cp028,5,10000,44,51,50,0,0,1.0,0.05,2.048662980990703,0.01,1.1719017873798552,1.1719017873798552,0.9059809446334839,0.8931408524513245,0.8813721537590027,0.8383713364601135
sub-cp028_ses-20211214_level-01B_run-012,sub-cp028,5,10000,44,51,50,0,0,1.0,0.05,2.2387140745617584,0.01,1.2845713578388023,1.2845713578388023,0.8138169646263123,0.7822955250740051,0.7748494148254395,0.7863375544548035
sub-cp028_ses-20211214_level-02B_run-003,sub-cp028,5,10000,44,51,50,1,1,2.0,0.05,2.221909502869958,0.01,2.1162417469927552,2.1162417469927552,0.8985109925270081,0.9215975999832153,0.9114480018615723,0.8412919640541077
sub-cp028_ses-20211214_level-02B_run-008,sub-cp028,5,10000,44,51,50,1,1,2.0,0.05,2.049061592601236,0.01,1.9210690204083356,1.9210690204083356,0.9060325026512146,0.91126948595047,0.8881876468658447,0.8313437700271606
sub-cp028_ses-20211214_level-02B_run-010,sub-cp028,5,10000,44,51,50,1,1,2.0,0.05,2.0743347627555995,0.01,1.522827420477698,1.522827420477698,0.9208475947380066,0.9277892112731934,0.9109504818916321,0.8423080444335938
sub-cp028_ses-20211214_level-03B_run-002,sub-cp028,5,10000,44,51,50,2,2,3.0,0.05,2.414877501913812,0.01,2.7999347209637664,2.7999347209637664,0.8518372178077698,0.8825135231018066,0.8936657309532166,0.8195123672485352
sub-cp028_ses-20211214_level-03B_run-005,sub-cp028,5,10000,44,51,50,2,2,3.0,0.05,2.325104703423997,0.01,3.0795137980584673,3.0795137980584673,0.8840650320053101,0.9128416776657104,0.9171079993247986,0.8324236869812012
sub-cp028_ses-20211214_level-03B_run-011,sub-cp028,5,10000,44,51,50,2,2,3.0,0.05,2.358825820346249,0.01,2.811820724438968,2.811820724438968,0.8926452398300171,0.9117786884307861,0.9152088165283203,0.8613744974136353
sub-cp028_ses-20211214_level-04B_run-004,sub-cp028,5,10000,44,51,50,3,3,4.0,0.05,3.1525949496765326,0.01,3.932979392252624,3.932979392252624,0.846503496170044,0.8440646529197693,0.8663555979728699,0.9170950055122375
sub-cp028_ses-20211214_level-04B_run-006,sub-cp028,5,10000,44,51,50,3,3,4.0,0.05,3.033572284555962,0.01,3.752883507675999,3.752883507675999,0.8582485914230347,0.8533166646957397,0.8746636509895325,0.9151638746261597
sub-cp028_ses-20211214_level-04B_run-009,sub-cp028,5,10000,44,51,50,3,3,4.0,0.05,2.99018018031087,0.01,3.7091286702236714,3.7091286702236714,0.8592040538787842,0.8438677787780762,0.8669012784957886,0.9085140228271484
sub-cp030_ses-20211025_level-01B_run-001,sub-cp030,5,10000,44,51,50,0,0,1.0,0.05,2.1592758945107957,0.01,1.4251419589501586,1.4251419589501586,0.8769045472145081,0.8599124550819397,0.8585718274116516,0.8278433084487915
sub-cp030_ses-20211025_level-01B_run-007,sub-cp030,5,10000,44,51,50,0,0,1.0,0.05,1.9455206912734848,0.01,1.0349467055277024,1.0349467055277024,0.8780988454818726,0.8619439601898193,0.8430898785591125,0.7940513491630554
sub-cp030_ses-20211025_level-01B_run-012,sub-cp030,5,10000,44,51,50,0,0,1.0,0.05,1.910200654645017,0.01,0.7827875667101352,1.0,0.8815705180168152,0.8542300462722778,0.8358892202377319,0.8014779090881348
sub-cp030_ses-20211025_level-02B_run-003,sub-cp030,5,10000,44,51,50,1,2,2.0,0.05,2.3240510486179593,0.01,1.6972242097271009,1.6972242097271009,0.8494296073913574,0.8477602005004883,0.8512802124023438,0.8203049898147583
sub-cp030_ses-20211025_level-02B_run-008,sub-cp030,5,10000,44,51,50,1,1,2.0,0.05,2.1527342805050544,0.01,1.899702080540309,1.899702080540309,0.8962336182594299,0.9087707996368408,0.8977367877960205,0.8284178376197815
sub-cp030_ses-20211025_level-02B_run-010,sub-cp030,5,10000,44,51,50,1,1,2.0,0.05,2.0505866944198106,0.01,1.5203130875283688,1.5203130875283688,0.8902321457862854,0.8940857648849487,0.8756640553474426,0.8105111122131348
sub-cp030_ses-20211025_level-03B_run-002,sub-cp030,5,10000,44,51,50,2,3,3.0,0.05,2.7200939301097558,0.01,2.755211266491349,2.755211266491349,0.7950469851493835,0.7869070768356323,0.8048557639122009,0.8171502947807312
sub-cp030_ses-20211025_level-03B_run-011,sub-cp030,5,10000,44,51,50,2,2,3.0,0.05,2.4715010423226254,0.01,3.2194194487502616,3.2194194487502616,0.8830281496047974,0.889629065990448,0.903193473815918,0.8716951012611389
sub-cp030_ses-20211025_level-04B_run-004,sub-cp030,5,10000,44,51,50,3,3,4.0,0.05,2.726169394431764,0.01,3.170561974501248,3.170561974501248,0.8142811059951782,0.7911695241928101,0.8082260489463806,0.8353390097618103
sub-cp030_ses-20211025_level-04B_run-006,sub-cp030,5,10000,44,51,50,3,3,4.0,0.05,3.1269453216181784,0.01,3.6783121172948365,3.6783121172948365,0.7646867036819458,0.7459699511528015,0.7670549750328064,0.8269867897033691
sub-cp030_ses-20211025_level-04B_run-009,sub-cp030,5,10000,44,51,50,3,3,4.0,0.05,3.1747940532618273,0.01,3.6188025189073545,3.6188025189073545,0.8245685696601868,0.8122929334640503,0.8316629528999329,0.8937992453575134
sub-cp032_ses-20211105_level-01B_run-001,sub-cp032,5,10000,44,51,50,0,1,1.0,0.05,2.186078839144568,0.01,1.857188807289115,1.857188807289115,0.8991976976394653,0.9056947231292725,0.8976405262947083,0.8446274995803833
sub-cp032_ses-20211105_level-01B_run-007,sub-cp032,5,10000,44,51,50,0,1,1.0,0.05,2.1929093260153985,0.01,1.7982114961747728,1.7982114961747728,0.8908645510673523,0.8958154320716858,0.8868876695632935,0.8405418395996094
sub-cp032_ses-20211105_level-01B_run-012,sub-cp032,5,10000,44,51,50,0,0,1.0,0.05,2.1300276099799866,0.01,1.396386973455557,1.396386973455557,0.9078240394592285,0.905369222164154,0.8923282623291016,0.8522775173187256
sub-cp032_ses-20211105_level-02B_run-003,sub-cp032,5,10000,44,51,50,1,1,2.0,0.05,2.2347630302134056,0.01,2.0362644109231884,2.0362644109231884,0.8953433036804199,0.9145188331604004,0.9041457176208496,0.8466597199440002
sub-cp032_ses-20211105_level-02B_run-008,sub-cp032,5,10000,44,51,50,1,1,2.0,0.05,2.2270856628184945,0.01,2.023601222797173,2.023601222797173,0.8905388712882996,0.907579243183136,0.8962281942367554,0.8426485061645508
sub-cp032_ses-20211105_level-02B_run-010,sub-cp032,5,10000,44,51,50,1,1,2.0,0.05,2.1880679186956318,0.01,1.9585507699302103,1.9585507699302103,0.8889129161834717,0.9092826247215271,0.8947463631629944,0.8300510048866272
sub-cp032_ses-20211105_level-03B_run-002,sub-cp032,5,10000,44,51,50,2,2,3.0,0.05,2.3408848462674725,0.01,2.8337552548583314,2.8337552548583314,0.8778029680252075,0.9077891707420349,0.9093990921974182,0.8361955285072327
sub-cp032_ses-20211105_level-03B_run-005,sub-cp032,5,10000,44,51,50,2,1,3.0,0.05,2.32707704932009,0.01,2.6581033762049064,2.6581033762049064,0.8855063915252686,0.9070595502853394,0.9069489240646362,0.8484418988227844
sub-cp032_ses-20211105_level-03B_run-011,sub-cp032,5,10000,44,51,50,2,2,3.0,0.05,2.3712144287734604,0.01,2.7241990129852383,2.7241990129852383,0.8863451480865479,0.9057340621948242,0.9102389812469482,0.8569217920303345
sub-cp032_ses-20211105_level-04B_run-004,sub-cp032,5,10000,44,51,50,3,3,4.0,0.05,2.8196617957461325,0.01,3.8076977287801017,3.8076977287801017,0.8746109008789062,0.8764978051185608,0.8926278948783875,0.9103493690490723
sub-cp032_ses-20211105_level-04B_run-006,sub-cp032,5,10000,44,51,50,3,3,4.0,0.05,3.007338740275291,0.01,4.0692244025569995,4.0,0.8536396026611328,0.8537681102752686,0.8709456324577332,0.9093971252441406
sub-cp032_ses-20211105_level-04B_run-009,sub-cp032,5,10000,44,51,50,3,3,4.0,0.05,2.912713862689719,0.01,3.612352843779867,3.612352843779867,0.8655204176902771,0.8649518489837646,0.8843358755111694,0.9107749462127686
sub-cp035_ses-20220125_level-01B_run-001,sub-cp035,5,10000,44,51,50,0,1,1.0,0.05,2.177696383949598,0.01,1.662764620333859,1.662764620333859,0.8979219794273376,0.8986080884933472,0.8887439966201782,0.848149299621582
sub-cp035_ses-20220125_level-01B_run-007,sub-cp035,5,10000,44,51,50,0,0,1.0,0.05,2.0631330384209816,0.01,1.090439201577805,1.090439201577805,0.9175903797149658,0.9100096821784973,0.8973088264465332,0.8491653800010681
sub-cp035_ses-20220125_level-01B_run-012,sub-cp035,5,10000,44,51,50,0,0,1.0,0.05,2.1490965544982843,0.01,1.5596966902293032,1.5596966902293032,0.9046644568443298,0.9005083441734314,0.8888403177261353,0.853575587272644
sub-cp035_ses-20220125_level-02B_run-003,sub-cp035,5,10000,44,51,50,1,1,2.0,0.05,2.272689752720927,0.01,2.1920880696090266,2.1920880696090266,0.8958970308303833,0.9086920619010925,0.9014227390289307,0.8581932187080383
sub-cp035_ses-20220125_level-02B_run-008,sub-cp035,5,10000,44,51,50,1,1,2.0,0.05,2.2431006254746215,0.01,2.258006701191038,2.258006701191038,0.8980522751808167,0.925957202911377,0.9188038110733032,0.8373339772224426
sub-cp035_ses-20220125_level-02B_run-010,sub-cp035,5,10000,44,51,50,1,1,2.0,0.05,2.19654570872762,0.01,1.800706764030071,1.800706764030071,0.9081985950469971,0.9203036427497864,0.910747230052948,0.8532935976982117
sub-cp035_ses-20220125_level-03B_run-002,sub-cp035,5,10000,44,51,50,2,2,3.0,0.05,2.496315355257847,0.01,2.940234496767047,2.940234496767047,0.8491852879524231,0.861314058303833,0.872593343257904,0.8428400158882141
sub-cp035_ses-20220125_level-03B_run-005,sub-cp035,5,10000,44,51,50,2,2,3.0,0.05,2.416898308844926,0.01,2.9941833564479357,2.9941833564479357,0.8910871744155884,0.9050385355949402,0.915251612663269,0.8692319989204407
sub-cp035_ses-20220125_level-03B_run-011,sub-cp035,5,10000,44,51,50,2,2,3.0,0.05,2.3565659324788717,0.01,2.9232890562194505,2.9232890562194505,0.8880389332771301,0.9146999716758728,0.9220189452171326,0.8449892997741699
sub-cp035_ses-20220125_level-04B_run-004,sub-cp035,5,10000,44,51,50,3,3,4.0,0.05,3.1405120877813406,0.01,4.507294753280631,4.0,0.8401545286178589,0.8404924869537354,0.8624717593193054,0.9104823470115662
sub-cp035_ses-20220125_level-04B_run-006,sub-cp035,5,10000,44,51,50,3,3,4.0,0.05,3.019961189974776,0.01,4.214047059247845,4.0,0.861888587474823,0.8636814951896667,0.8867218494415283,0.9196272492408752
sub-cp035_ses-20220125_level-04B_run-009,sub-cp035,5,10000,44,51,50,3,3,4.0,0.05,2.974119930652361,0.01,4.2318587475234075,4.0,0.862208902835846,0.8643901348114014,0.8846033811569214,0.9150415062904358
sub-cp005_ses-20210226_level-01B_run-001,sub-cp005,5,1000,45,51,50,0,0,1.0,0.05,2.1280994604721695,0.1,1.7899319493996435,1.7899319493996435,0.9001021981239319,0.8970744609832764,0.8862481117248535,0.8421841859817505
sub-cp005_ses-20210226_level-01B_run-007,sub-cp005,5,1000,45,51,50,0,1,1.0,0.05,2.114823234532633,0.1,2.1425904976354375,2.1425904976354375,0.9220097661018372,0.9401308298110962,0.9194226264953613,0.8491756916046143
sub-cp005_ses-20210226_level-01B_run-012,sub-cp005,5,1000,45,51,50,0,1,1.0,0.05,1.9971514904919692,0.1,1.2080448750493433,1.2080448750493433,0.9189388751983643,0.9255416989326477,0.8993136286735535,0.8267067670822144
sub-cp005_ses-20210226_level-02B_run-003,sub-cp005,5,1000,45,51,50,1,2,2.0,0.05,2.5700697030608466,0.1,2.782831815241111,2.782831815241111,0.8369842767715454,0.8527276515960693,0.8709781765937805,0.8394622802734375
sub-cp005_ses-20210226_level-02B_run-008,sub-cp005,5,1000,45,51,50,1,1,2.0,0.05,2.206681520176856,0.1,2.401859264260996,2.401859264260996,0.8858444690704346,0.9188264608383179,0.8998512625694275,0.8273472189903259
sub-cp005_ses-20210226_level-02B_run-010,sub-cp005,5,1000,45,51,50,1,1,2.0,0.05,2.1635085398389724,0.1,1.9421479164720716,1.9421479164720716,0.9136470556259155,0.9295708537101746,0.9130243062973022,0.8544593453407288
sub-cp005_ses-20210226_level-03B_run-002,sub-cp005,5,1000,45,51,50,2,3,3.0,0.05,3.0445531580910146,0.1,3.2002770575546835,3.2002770575546835,0.7531377673149109,0.7437567114830017,0.7647875547409058,0.8097883462905884
sub-cp005_ses-20210226_level-03B_run-005,sub-cp005,5,1000,45,51,50,2,2,3.0,0.05,2.4525890594219066,0.1,3.605225831212113,3.605225831212113,0.8747398853302002,0.9044743180274963,0.9164654016494751,0.8534986972808838
sub-cp005_ses-20210226_level-03B_run-011,sub-cp005,5,1000,45,51,50,2,2,3.0,0.05,2.5487179067677035,0.1,2.9680968333005726,2.9680968333005726,0.8752608299255371,0.8855400681495667,0.9006040096282959,0.8760209679603577
sub-cp005_ses-20210226_level-04B_run-004,sub-cp005,5,1000,45,51,50,3,3,4.0,0.05,2.9056635805681053,0.1,3.8309491730892438,3.8309491730892438,0.7625150084495544,0.7552384734153748,0.784412682056427,0.8046647906303406
sub-cp005_ses-20210226_level-04B_run-006,sub-cp005,5,1000,45,51,50,3,3,4.0,0.05,3.042681509490042,0.1,4.325978639589428,4.0,0.8533532619476318,0.8532806634902954,0.8724299073219299,0.9128465056419373
sub-cp005_ses-20210226_level-04B_run-009,sub-cp005,5,1000,45,51,50,3,3,4.0,0.05,2.9721676539244655,0.1,3.5336678672538406,3.5336678672538406,0.8360246419906616,0.8178348541259766,0.8371585011482239,0.8827990293502808
sub-cp017_ses-20210521_level-01B_run-001,sub-cp017,5,1000,45,51,50,0,1,1.0,0.05,2.0839527253567907,0.1,1.4276827182346126,1.4276827182346126,0.9133728742599487,0.9178784489631653,0.9017869234085083,0.8408499360084534
sub-cp017_ses-20210521_level-01B_run-007,sub-cp017,5,1000,45,51,50,0,1,1.0,0.05,2.084510918994789,0.1,1.1846160670856838,1.1846160670856838,0.8841719031333923,0.8848816752433777,0.8736127614974976,0.8093613982200623
sub-cp017_ses-20210521_level-01B_run-012,sub-cp017,5,1000,45,51,50,0,1,1.0,0.05,2.1405704424459855,0.1,1.5926001322103862,1.5926001322103862,0.8590837717056274,0.8660527467727661,0.8536112904548645,0.7964991331100464
sub-cp017_ses-20210521_level-02B_run-003,sub-cp017,5,1000,45,51,50,1,1,2.0,0.05,2.222847377893294,0.1,2.2040773461444743,2.2040773461444743,0.8735882639884949,0.9101098775863647,0.8942056894302368,0.811336100101471
sub-cp017_ses-20210521_level-02B_run-008,sub-cp017,5,1000,45,51,50,1,1,2.0,0.05,2.2774637061372793,0.1,2.3789620625347374,2.3789620625347374,0.8409051299095154,0.8740320205688477,0.8639346361160278,0.7937238812446594
sub-cp017_ses-20210521_level-02B_run-010,sub-cp017,5,1000,45,51,50,1,1,2.0,0.05,2.2079051052863963,0.1,2.3694991697657737,2.3694991697657737,0.8955506682395935,0.9214599132537842,0.9065722227096558,0.8382347822189331
sub-cp017_ses-20210521_level-03B_run-002,sub-cp017,5,1000,45,51,50,2,2,3.0,0.05,2.324761229200278,0.1,2.8024163920763114,2.8024163920763114,0.8570273518562317,0.8850396871566772,0.8876998424530029,0.809414803981781
sub-cp017_ses-20210521_level-03B_run-005,sub-cp017,5,1000,45,51,50,2,1,3.0,0.05,2.220396677096355,0.1,2.580069337389613,2.580069337389613,0.9002118706703186,0.9241986870765686,0.9156588912010193,0.8381813764572144
sub-cp017_ses-20210521_level-03B_run-011,sub-cp017,5,1000,45,51,50,2,2,3.0,0.05,2.3617051717629933,0.1,3.037316012461496,3.037316012461496,0.8812655210494995,0.9114792346954346,0.9151749610900879,0.8432515859603882
sub-cp017_ses-20210521_level-04B_run-004,sub-cp017,5,1000,45,51,50,3,3,4.0,0.05,2.9902128286439593,0.1,4.008855511379405,4.0,0.8752334117889404,0.8729259967803955,0.8884525895118713,0.9283772706985474
sub-cp017_ses-20210521_level-04B_run-006,sub-cp017,5,1000,45,51,50,3,3,4.0,0.05,3.041095713844594,0.1,4.166812975945209,4.0,0.873835027217865,0.8727943301200867,0.8882375359535217,0.9327536821365356
sub-cp017_ses-20210521_level-04B_run-009,sub-cp017,5,1000,45,51,50,3,3,4.0,0.05,2.9579529365870245,0.1,4.165783959506555,4.0,0.8607563376426697,0.861812949180603,0.876462459564209,0.9115656614303589
sub-cp022_ses-20210621_level-01B_run-001,sub-cp022,5,1000,45,51,50,0,0,1.0,0.05,2.262298677121708,0.1,2.0569818768600108,2.0569818768600108,0.8832945227622986,0.8726099729537964,0.8658702969551086,0.8532851934432983
sub-cp022_ses-20210621_level-01B_run-007,sub-cp022,5,1000,45,51,50,0,0,1.0,0.05,2.4358087578782164,0.1,1.7892790428849068,1.7892790428849068,0.8350649476051331,0.8167551159858704,0.814952552318573,0.8280944228172302
sub-cp022_ses-20210621_level-01B_run-012,sub-cp022,5,1000,45,51,50,0,1,1.0,0.05,2.157595693256508,0.1,1.6545093167681721,1.6545093167681721,0.9180066585540771,0.918694794178009,0.9104434847831726,0.8613441586494446
sub-cp022_ses-20210621_level-02B_run-003,sub-cp022,5,1000,45,51,50,1,0,2.0,0.05,2.2322272818521984,0.1,1.796599455840888,1.796599455840888,0.8700238466262817,0.8623396158218384,0.8562459349632263,0.833324670791626
sub-cp022_ses-20210621_level-02B_run-008,sub-cp022,5,1000,45,51,50,1,2,2.0,0.05,2.44072148552214,0.1,2.8109616254936713,2.8109616254936713,0.8588095903396606,0.8587844967842102,0.8637195825576782,0.848321795463562
sub-cp022_ses-20210621_level-02B_run-010,sub-cp022,5,1000,45,51,50,1,2,2.0,0.05,2.4587389196597593,0.1,2.309722925780707,2.309722925780707,0.8921233415603638,0.9015249013900757,0.9035612344741821,0.8848270773887634
sub-cp022_ses-20210621_level-03B_run-002,sub-cp022,5,1000,45,51,50,2,3,3.0,0.05,2.999973438934444,0.1,3.655607089736922,3.655607089736922,0.8250845670700073,0.8180718421936035,0.8466753363609314,0.8777822256088257
sub-cp022_ses-20210621_level-03B_run-005,sub-cp022,5,1000,45,51,50,2,2,3.0,0.05,2.570205086395238,0.1,2.6278112698280784,2.6278112698280784,0.8529694080352783,0.8547554016113281,0.8691501021385193,0.8575548529624939
sub-cp022_ses-20210621_level-03B_run-011,sub-cp022,5,1000,45,51,50,2,3,3.0,0.05,2.633099601753197,0.1,2.9366564544263043,2.9366564544263043,0.8779478669166565,0.8668428063392639,0.8781830072402954,0.8909112811088562
sub-cp022_ses-20210621_level-04B_run-004,sub-cp022,5,1000,45,51,50,3,3,4.0,0.05,3.083939526451188,0.1,3.6206861718174608,3.6206861718174608,0.8409599661827087,0.8274204730987549,0.8500626683235168,0.9004645943641663
sub-cp022_ses-20210621_level-04B_run-006,sub-cp022,5,1000,45,51,50,3,3,4.0,0.05,3.0782001645543025,0.1,3.735267308145752,3.735267308145752,0.8186959624290466,0.8075118064880371,0.8242005109786987,0.8781557679176331
sub-cp022_ses-20210621_level-04B_run-009,sub-cp022,5,1000,45,51,50,3,3,4.0,0.05,3.1394325258621,0.1,4.19792878739848,4.0,0.8390132784843445,0.8398765325546265,0.8610312342643738,0.9093774557113647
sub-cp028_ses-20211214_level-01B_run-001,sub-cp028,5,1000,45,51,50,0,1,1.0,0.05,2.083802512616798,0.1,1.340757044747172,1.340757044747172,0.8710657358169556,0.8754540681838989,0.862590491771698,0.7929767370223999
sub-cp028_ses-20211214_level-01B_run-007,sub-cp028,5,1000,45,51,50,0,0,1.0,0.05,2.051423983891492,0.1,1.0202295185955659,1.0202295185955659,0.9092874526977539,0.8922553062438965,0.8842587471008301,0.8425577878952026
sub-cp028_ses-20211214_level-01B_run-012,sub-cp028,5,1000,45,51,50,0,0,1.0,0.05,2.197939462489902,0.1,1.40373007674348,1.40373007674348,0.8132396340370178,0.7748311161994934,0.7681211233139038,0.781982421875
sub-cp028_ses-20211214_level-02B_run-003,sub-cp028,5,1000,45,51,50,1,1,2.0,0.05,2.266906885119663,0.1,2.289854458608292,2.289854458608292,0.8982925415039062,0.9227239489555359,0.9179171323776245,0.8466139435768127
sub-cp028_ses-20211214_level-02B_run-008,sub-cp028,5,1000,45,51,50,1,1,2.0,0.05,2.0925260194738358,0.1,1.5736753714497207,1.5736753714497207,0.8925071954727173,0.9042636752128601,0.8807100653648376,0.8248388171195984
sub-cp028_ses-20211214_level-02B_run-010,sub-cp028,5,1000,45,51,50,1,1,2.0,0.05,2.124894899253013,0.1,1.5378498337889783,1.5378498337889783,0.9114261269569397,0.9219602346420288,0.903937578201294,0.8478414416313171
sub-cp028_ses-20211214_level-03B_run-002,sub-cp028,5,1000,45,51,50,2,2,3.0,0.05,2.4125387445626316,0.1,2.9039873660851,2.9039873660851,0.8521468043327332,0.8806155323982239,0.8923776149749756,0.8196085095405579
sub-cp028_ses-20211214_level-03B_run-005,sub-cp028,5,1000,45,51,50,2,2,3.0,0.05,2.333161440489212,0.1,2.913624509451385,2.913624509451385,0.8872702121734619,0.9190371632575989,0.9239928722381592,0.8338050246238708
sub-cp028_ses-20211214_level-03B_run-011,sub-cp028,5,1000,45,51,50,2,2,3.0,0.05,2.4076022509035573,0.1,2.97390817839394,2.97390817839394,0.8869960308074951,0.9064494371414185,0.9115188121795654,0.8657738566398621
sub-cp028_ses-20211214_level-04B_run-004,sub-cp028,5,1000,45,51,50,3,3,4.0,0.05,3.084374677261897,0.1,3.9645704584013695,3.9645704584013695,0.8525307178497314,0.8523852825164795,0.8657627701759338,0.9162622094154358
sub-cp028_ses-20211214_level-04B_run-006,sub-cp028,5,1000,45,51,50,3,3,4.0,0.05,2.9384196047082347,0.1,3.5158156635370785,3.5158156635370785,0.8800042867660522,0.8732419610023499,0.8904419541358948,0.9263492226600647
sub-cp028_ses-20211214_level-04B_run-009,sub-cp028,5,1000,45,51,50,3,3,4.0,0.05,2.8909440973659066,0.1,3.6515096797819764,3.6515096797819764,0.8727383017539978,0.8565197587013245,0.878129243850708,0.9116190075874329
sub-cp030_ses-20211025_level-01B_run-001,sub-cp030,5,1000,45,51,50,0,0,1.0,0.05,2.1762870630501814,0.1,1.4861191358092092,1.4861191358092092,0.8658013343811035,0.8401135802268982,0.8465139865875244,0.8194484114646912
sub-cp030_ses-20211025_level-01B_run-007,sub-cp030,5,1000,45,51,50,0,0,1.0,0.05,1.9496480251551667,0.1,0.7828315854922165,1.0,0.8939604163169861,0.8692128658294678,0.8579127192497253,0.8132574558258057
sub-cp030_ses-20211025_level-01B_run-012,sub-cp030,5,1000,45,51,50,0,0,1.0,0.05,1.9808685220900228,0.1,0.767634947324098,1.0,0.8863379955291748,0.8523589968681335,0.841728687286377,0.8216366171836853
sub-cp030_ses-20211025_level-02B_run-003,sub-cp030,5,1000,45,51,50,1,2,2.0,0.05,2.3762657494507384,0.1,2.23947352592943,2.23947352592943,0.8458405137062073,0.8430103063583374,0.8511917591094971,0.8234511613845825
sub-cp030_ses-20211025_level-02B_run-008,sub-cp030,5,1000,45,51,50,1,1,2.0,0.05,2.2323914522394945,0.1,2.2798041001114124,2.2798041001114124,0.8953587412834167,0.9161140322685242,0.9080239534378052,0.8409566879272461
sub-cp030_ses-20211025_level-02B_run-010,sub-cp030,5,1000,45,51,50,1,1,2.0,0.05,2.106571130465557,0.1,1.8724086263321358,1.8724086263321358,0.8903411030769348,0.8957577347755432,0.880495011806488,0.8229174613952637
sub-cp030_ses-20211025_level-03B_run-002,sub-cp030,5,1000,45,51,50,2,2,3.0,0.05,2.6174781952477266,0.1,2.4238959419438184,2.4238959419438184,0.796130359172821,0.7920536398887634,0.8115114569664001,0.8054654002189636
sub-cp030_ses-20211025_level-03B_run-011,sub-cp030,5,1000,45,51,50,2,2,3.0,0.05,2.5172534032121714,0.1,3.536758380361708,3.536758380361708,0.8804703950881958,0.8962844014167786,0.9109273552894592,0.8753805160522461
sub-cp030_ses-20211025_level-04B_run-004,sub-cp030,5,1000,45,51,50,3,3,4.0,0.05,2.7083574956866463,0.1,2.6831201443060033,2.6831201443060033,0.8087430000305176,0.779255211353302,0.8039302229881287,0.8263331651687622
sub-cp030_ses-20211025_level-04B_run-006,sub-cp030,5,1000,45,51,50,3,3,4.0,0.05,2.993746668575832,0.1,3.582254484236893,3.582254484236893,0.752699077129364,0.7406492829322815,0.7623680233955383,0.8032771944999695
sub-cp030_ses-20211025_level-04B_run-009,sub-cp030,5,1000,45,51,50,3,3,4.0,0.05,3.291121432776261,0.1,4.1790891441140285,4.0,0.807097852230072,0.8029559850692749,0.8239854574203491,0.8921921849250793
sub-cp032_ses-20211105_level-01B_run-001,sub-cp032,5,1000,45,51,50,0,0,1.0,0.05,2.155468612990913,0.1,1.004705735336461,1.004705735336461,0.9125229120254517,0.9108998775482178,0.9024859070777893,0.8576081991195679
sub-cp032_ses-20211105_level-01B_run-007,sub-cp032,5,1000,45,51,50,0,1,1.0,0.05,2.2228107133372617,0.1,1.6590210838938415,1.6590210838938415,0.8924523591995239,0.8963107466697693,0.8908183574676514,0.8466672897338867
sub-cp032_ses-20211105_level-01B_run-012,sub-cp032,5,1000,45,51,50,0,0,1.0,0.05,2.1834240296401086,0.1,1.3518964864263645,1.3518964864263645,0.9044618010520935,0.8964160680770874,0.8859255313873291,0.8619312047958374
sub-cp032_ses-20211105_level-02B_run-003,sub-cp032,5,1000,45,51,50,1,1,2.0,0.05,2.2097024090337585,0.1,2.230435494692019,2.230435494692019,0.9000747799873352,0.9150606989860535,0.9045827984809875,0.8476813435554504
sub-cp032_ses-20211105_level-02B_run-008,sub-cp032,5,1000,45,51,50,1,1,2.0,0.05,2.224782764767494,0.1,2.13676542348366,2.13676542348366,0.8891895413398743,0.9059227108955383,0.893399178981781,0.8423442840576172
sub-cp032_ses-20211105_level-02B_run-010,sub-cp032,5,1000,45,51,50,1,1,2.0,0.05,2.2012466532039507,0.1,1.7594712362529532,1.7594712362529532,0.8871331214904785,0.9006295800209045,0.8884525895118713,0.8358331322669983
sub-cp032_ses-20211105_level-03B_run-002,sub-cp032,5,1000,45,51,50,2,1,3.0,0.05,2.291985100941198,0.1,2.1867112791366665,2.1867112791366665,0.8753156661987305,0.9011299014091492,0.8972704410552979,0.8294820189476013
sub-cp032_ses-20211105_level-03B_run-005,sub-cp032,5,1000,45,51,50,2,1,3.0,0.05,2.2271508502713715,0.1,2.447373526548468,2.447373526548468,0.8906153440475464,0.9045006632804871,0.8958187103271484,0.8419173359870911
sub-cp032_ses-20211105_level-03B_run-011,sub-cp032,5,1000,45,51,50,2,2,3.0,0.05,2.3139541254180056,0.1,2.4466957127864823,2.4466957127864823,0.8880653977394104,0.9031049609184265,0.9051742553710938,0.8490155935287476
sub-cp032_ses-20211105_level-04B_run-004,sub-cp032,5,1000,45,51,50,3,3,4.0,0.05,2.730334476335238,0.1,3.2450801938687626,3.2450801938687626,0.8798671960830688,0.8779557943344116,0.8941519260406494,0.9044139981269836
sub-cp032_ses-20211105_level-04B_run-006,sub-cp032,5,1000,45,51,50,3,3,4.0,0.05,2.8893900380885906,0.1,3.9705511317684503,3.9705511317684503,0.8694480657577515,0.8697395324707031,0.8796347379684448,0.912899911403656
sub-cp032_ses-20211105_level-04B_run-009,sub-cp032,5,1000,45,51,50,3,3,4.0,0.05,2.740656945443513,0.1,3.1652977881771482,3.1652977881771482,0.8767962455749512,0.8681594729423523,0.8866782784461975,0.9011050462722778
sub-cp035_ses-20220125_level-01B_run-001,sub-cp035,5,1000,45,51,50,0,0,1.0,0.05,2.1698625181962323,0.1,2.062070079144254,2.062070079144254,0.8793461918830872,0.8750853538513184,0.8617839813232422,0.834178626537323
sub-cp035_ses-20220125_level-01B_run-007,sub-cp035,5,1000,45,51,50,0,0,1.0,0.05,2.0968429497365024,0.1,1.534544221830752,1.534544221830752,0.9221194386482239,0.9193268418312073,0.9071636199951172,0.8571279048919678
sub-cp035_ses-20220125_level-01B_run-012,sub-cp035,5,1000,45,51,50,0,0,1.0,0.05,2.1111703924797998,0.1,1.8534028167519525,1.8534028167519525,0.9174308180809021,0.9073447585105896,0.8951734900474548,0.8627317547798157
sub-cp035_ses-20220125_level-02B_run-003,sub-cp035,5,1000,45,51,50,1,1,2.0,0.05,2.1704271890111815,0.1,2.1528079509005167,2.1528079509005167,0.898978054523468,0.9075818061828613,0.894098162651062,0.8449060916900635
sub-cp035_ses-20220125_level-02B_run-008,sub-cp035,5,1000,45,51,50,1,1,2.0,0.05,2.188885825323958,0.1,2.0832348275864327,2.0832348275864327,0.9067923426628113,0.9300448298454285,0.9203366637229919,0.8344454765319824
sub-cp035_ses-20220125_level-02B_run-010,sub-cp035,5,1000,45,51,50,1,1,2.0,0.05,2.1622508888851524,0.1,1.9540083477972225,1.9540083477972225,0.9109874367713928,0.9246463179588318,0.912432849407196,0.8472009897232056
sub-cp035_ses-20220125_level-03B_run-002,sub-cp035,5,1000,45,51,50,2,2,3.0,0.05,2.383729381644313,0.1,2.5625008525463016,2.5625008525463016,0.8551080822944641,0.8597588539123535,0.862859308719635,0.8351926803588867
sub-cp035_ses-20220125_level-03B_run-005,sub-cp035,5,1000,45,51,50,2,2,3.0,0.05,2.347669972613945,0.1,3.4076100775653617,3.4076100775653617,0.8801687955856323,0.8954153656959534,0.9023245573043823,0.8441054821014404
sub-cp035_ses-20220125_level-03B_run-011,sub-cp035,5,1000,45,51,50,2,2,3.0,0.05,2.3229959007968546,0.1,3.0871991831762684,3.0871991831762684,0.8938233256340027,0.9192741513252258,0.9219496846199036,0.8481082916259766
sub-cp035_ses-20220125_level-04B_run-004,sub-cp035,5,1000,45,51,50,3,3,4.0,0.05,3.0448240515328804,0.1,3.8225473875192515,3.8225473875192515,0.8554370999336243,0.8553873896598816,0.8732364177703857,0.9151414632797241
sub-cp035_ses-20220125_level-04B_run-006,sub-cp035,5,1000,45,51,50,3,3,4.0,0.05,2.8792538091718898,0.1,4.183159590316768,4.0,0.87441086769104,0.8695025444030762,0.8854953646659851,0.9150347113609314
sub-cp035_ses-20220125_level-04B_run-009,sub-cp035,5,1000,45,51,50,3,3,4.0,0.05,2.9348331060582318,0.1,4.081460850238627,4.0,0.8645949363708496,0.8613916039466858,0.8787207007408142,0.9115656614303589
sub-cp005_ses-20210226_level-01B_run-001,sub-cp005,5,2000,45,51,50,0,0,1.0,0.05,2.122463278647246,0.01,1.5345710957247098,1.5345710957247098,0.9029250741004944,0.89756178855896,0.8884537816047668,0.8437981605529785
sub-cp005_ses-20210226_level-01B_run-007,sub-cp005,5,2000,45,51,50,0,1,1.0,0.05,2.070029089105692,0.01,2.009148041061992,2.009148041061992,0.9205864071846008,0.9368820786476135,0.9133440256118774,0.8369707465171814
sub-cp005_ses-20210226_level-01B_run-012,sub-cp005,5,2000,45,51,50,0,1,1.0,0.05,1.9833950854878637,0.01,1.1852311797438302,1.1852311797438302,0.9245824217796326,0.9277516007423401,0.9039666652679443,0.8280631303787231
sub-cp005_ses-20210226_level-02B_run-003,sub-cp005,5,2000,45,51,50,1,2,2.0,0.05,2.566648314572622,0.01,2.579702245759396,2.579702245759396,0.839085042476654,0.8524084687232971,0.8653050661087036,0.8437715172767639
sub-cp005_ses-20210226_level-02B_run-008,sub-cp005,5,2000,45,51,50,1,1,2.0,0.05,2.1646402196847307,0.01,2.262781900087406,2.262781900087406,0.8946876525878906,0.9247299432754517,0.9060832858085632,0.820435643196106
sub-cp005_ses-20210226_level-02B_run-010,sub-cp005,5,2000,45,51,50,1,1,2.0,0.05,2.165621334006034,0.01,1.8736453249691887,1.8736453249691887,0.9188680052757263,0.9360412955284119,0.9222123622894287,0.8545726537704468
sub-cp005_ses-20210226_level-03B_run-002,sub-cp005,5,2000,45,51,50,2,3,3.0,0.05,3.0417324088795437,0.01,2.9041763207712763,2.9041763207712763,0.7532058358192444,0.7464026212692261,0.7663334012031555,0.8103545308113098
sub-cp005_ses-20210226_level-03B_run-005,sub-cp005,5,2000,45,51,50,2,2,3.0,0.05,2.400188210889112,0.01,3.7297803358510127,3.7297803358510127,0.8792629241943359,0.905404806137085,0.9133440256118774,0.8499054908752441
sub-cp005_ses-20210226_level-03B_run-011,sub-cp005,5,2000,45,51,50,2,2,3.0,0.05,2.519666415265701,0.01,2.9128376554094917,2.9128376554094917,0.8880867958068848,0.8967472314834595,0.9108255505561829,0.8846026062965393
sub-cp005_ses-20210226_level-04B_run-004,sub-cp005,5,2000,45,51,50,3,3,4.0,0.05,2.971543572094161,0.01,3.9726537764954832,3.9726537764954832,0.75780189037323,0.7550601363182068,0.7805870771408081,0.8087010383605957
sub-cp005_ses-20210226_level-04B_run-006,sub-cp005,5,2000,45,51,50,3,3,4.0,0.05,3.105734649329374,0.01,4.34635049776117,4.0,0.8487544655799866,0.8484541177749634,0.8699133396148682,0.9150325655937195
sub-cp005_ses-20210226_level-04B_run-009,sub-cp005,5,2000,45,51,50,3,3,4.0,0.05,2.930805680755448,0.01,3.935127624246448,3.935127624246448,0.8433265089988708,0.8267773389816284,0.8435227274894714,0.886389434337616
sub-cp017_ses-20210521_level-01B_run-001,sub-cp017,5,2000,45,51,50,0,1,1.0,0.05,2.06765760201337,0.01,1.3961979882060098,1.3961979882060098,0.9194817543029785,0.9257546663284302,0.9107719659805298,0.8356106281280518
sub-cp017_ses-20210521_level-01B_run-007,sub-cp017,5,2000,45,51,50,0,1,1.0,0.05,2.0538745499098012,0.01,1.0790474079752037,1.0790474079752037,0.8896006345748901,0.8946058750152588,0.8796926140785217,0.8019803166389465
sub-cp017_ses-20210521_level-01B_run-012,sub-cp017,5,2000,45,51,50,0,1,1.0,0.05,2.0675060342097757,0.01,1.195750657608389,1.195750657608389,0.8651474714279175,0.8695265054702759,0.8548023700714111,0.7842183709144592
sub-cp017_ses-20210521_level-02B_run-003,sub-cp017,5,2000,45,51,50,1,1,2.0,0.05,2.2039816504659364,0.01,2.8167152433672027,2.8167152433672027,0.8808722496032715,0.9120261073112488,0.8991439938545227,0.8102211952209473
sub-cp017_ses-20210521_level-02B_run-008,sub-cp017,5,2000,45,51,50,1,1,2.0,0.05,2.2542341683645395,0.01,2.384964971498563,2.384964971498563,0.8491363525390625,0.8796423077583313,0.869806170463562,0.795286238193512
sub-cp017_ses-20210521_level-02B_run-010,sub-cp017,5,2000,45,51,50,1,1,2.0,0.05,2.152011165565708,0.01,2.305143627481226,2.305143627481226,0.9042888879776001,0.9262539148330688,0.9088696837425232,0.8345971703529358
sub-cp017_ses-20210521_level-03B_run-002,sub-cp017,5,2000,45,51,50,2,2,3.0,0.05,2.2899092270716266,0.01,2.8419760841401964,2.8419760841401964,0.8671932220458984,0.8920703530311584,0.8962771892547607,0.8053406476974487
sub-cp017_ses-20210521_level-03B_run-005,sub-cp017,5,2000,45,51,50,2,1,3.0,0.05,2.2186161253971823,0.01,2.609981893675379,2.609981893675379,0.9088303446769714,0.9302608370780945,0.9246237277984619,0.8435314893722534
sub-cp017_ses-20210521_level-03B_run-011,sub-cp017,5,2000,45,51,50,2,2,3.0,0.05,2.3373394701382697,0.01,2.966698691891564,2.966698691891564,0.8905825614929199,0.9152053594589233,0.9207655787467957,0.8456916809082031
sub-cp017_ses-20210521_level-04B_run-004,sub-cp017,5,2000,45,51,50,3,3,4.0,0.05,3.0234226213601447,0.01,4.1924201116744335,4.0,0.8648747205734253,0.8645868301391602,0.8818628191947937,0.9222066402435303
sub-cp017_ses-20210521_level-04B_run-006,sub-cp017,5,2000,45,51,50,3,3,4.0,0.05,3.0776369043328935,0.01,4.433861858664024,4.0,0.8575374484062195,0.8610397577285767,0.8761024475097656,0.9219666719436646
sub-cp017_ses-20210521_level-04B_run-009,sub-cp017,5,2000,45,51,50,3,3,4.0,0.05,2.970742531589212,0.01,4.295332257467866,4.0,0.8584238886833191,0.8598704934120178,0.8754861950874329,0.9107120633125305
sub-cp022_ses-20210621_level-01B_run-001,sub-cp022,5,2000,45,51,50,0,0,1.0,0.05,2.239328824568036,0.01,2.1698486530748533,2.1698486530748533,0.8870093822479248,0.8778424859046936,0.8711457848548889,0.8525991439819336
sub-cp022_ses-20210621_level-01B_run-007,sub-cp022,5,2000,45,51,50,0,0,1.0,0.05,2.352547210008206,0.01,1.6121580575554815,1.6121580575554815,0.8456313610076904,0.8234010338783264,0.8166766166687012,0.8304367065429688
sub-cp022_ses-20210621_level-01B_run-012,sub-cp022,5,2000,45,51,50,0,1,1.0,0.05,2.127131379841127,0.01,1.5949743462180161,1.5949743462180161,0.9233276844024658,0.9235738515853882,0.9130493402481079,0.8615334033966064
sub-cp022_ses-20210621_level-02B_run-003,sub-cp022,5,2000,45,51,50,1,0,2.0,0.05,2.200234701015373,0.01,1.4625549396053446,1.4625549396053446,0.8856046795845032,0.8777505159378052,0.8744412660598755,0.8405978083610535
sub-cp022_ses-20210621_level-02B_run-008,sub-cp022,5,2000,45,51,50,1,0,2.0,0.05,2.4029069815214537,0.01,2.78955107068612,2.78955107068612,0.8662658333778381,0.8608558177947998,0.8649835586547852,0.8512389659881592
sub-cp022_ses-20210621_level-02B_run-010,sub-cp022,5,2000,45,51,50,1,2,2.0,0.05,2.4753460623622026,0.01,2.1024767838559053,2.1024767838559053,0.8937057256698608,0.899584949016571,0.905842125415802,0.887296199798584
sub-cp022_ses-20210621_level-03B_run-002,sub-cp022,5,2000,45,51,50,2,3,3.0,0.05,2.9638763553622267,0.01,3.4632265897213115,3.4632265897213115,0.8246968388557434,0.820786714553833,0.8467110395431519,0.8743881583213806
sub-cp022_ses-20210621_level-03B_run-005,sub-cp022,5,2000,45,51,50,2,2,3.0,0.05,2.5750687998355897,0.01,2.582207043397156,2.582207043397156,0.8674386739730835,0.8695527911186218,0.8848367929458618,0.8723879456520081
sub-cp022_ses-20210621_level-03B_run-011,sub-cp022,5,2000,45,51,50,2,2,3.0,0.05,2.578691157176107,0.01,2.770236540211679,2.770236540211679,0.883913516998291,0.8787752389907837,0.8914545774459839,0.89017653465271
sub-cp022_ses-20210621_level-04B_run-004,sub-cp022,5,2000,45,51,50,3,3,4.0,0.05,3.2712595049169204,0.01,4.091732488884672,4.0,0.824151337146759,0.8139814734458923,0.838726818561554,0.9050047993659973
sub-cp022_ses-20210621_level-04B_run-006,sub-cp022,5,2000,45,51,50,3,3,4.0,0.05,3.2440334590843207,0.01,4.256781319074115,4.0,0.796861469745636,0.7854076027870178,0.8062275052070618,0.8738813996315002
sub-cp022_ses-20210621_level-04B_run-009,sub-cp022,5,2000,45,51,50,3,3,4.0,0.05,3.153080193976118,0.01,4.010334253101887,4.0,0.829224705696106,0.8333197832107544,0.8572404980659485,0.9025778770446777
sub-cp028_ses-20211214_level-01B_run-001,sub-cp028,5,2000,45,51,50,0,1,1.0,0.05,2.082154938222738,0.01,1.1068968762306106,1.1068968762306106,0.875717043876648,0.8806802034378052,0.8679842948913574,0.7956329584121704
sub-cp028_ses-20211214_level-01B_run-007,sub-cp028,5,2000,45,51,50,0,0,1.0,0.05,2.0714955004744944,0.01,1.2884559991218187,1.2884559991218187,0.9117625951766968,0.9003731608390808,0.8905168175697327,0.8463584184646606
sub-cp028_ses-20211214_level-01B_run-012,sub-cp028,5,2000,45,51,50,0,0,1.0,0.05,2.223171058763092,0.01,1.5322005290110907,1.5322005290110907,0.8284473419189453,0.8022497892379761,0.7966358065605164,0.7968330979347229
sub-cp028_ses-20211214_level-02B_run-003,sub-cp028,5,2000,45,51,50,1,1,2.0,0.05,2.237078204051366,0.01,2.4656922668839165,2.4656922668839165,0.8990381956100464,0.9232454299926758,0.9158357381820679,0.8411845564842224
sub-cp028_ses-20211214_level-02B_run-008,sub-cp028,5,2000,45,51,50,1,1,2.0,0.05,2.0819462621875218,0.01,1.7612106854056118,1.7612106854056118,0.9018749594688416,0.9100028872489929,0.8890164494514465,0.8313968181610107
sub-cp028_ses-20211214_level-02B_run-010,sub-cp028,5,2000,45,51,50,1,1,2.0,0.05,2.0931536177860446,0.01,1.1903492479155795,1.1903492479155795,0.9171359539031982,0.9277253150939941,0.908762514591217,0.8439581990242004
sub-cp028_ses-20211214_level-03B_run-002,sub-cp028,5,2000,45,51,50,2,2,3.0,0.05,2.390239148856136,0.01,3.3047345936140786,3.3047345936140786,0.8602786660194397,0.8869861364364624,0.8973221182823181,0.8238493204116821
sub-cp028_ses-20211214_level-03B_run-005,sub-cp028,5,2000,45,51,50,2,2,3.0,0.05,2.278770762206376,0.01,3.1279347807573856,3.1279347807573856,0.8890551328659058,0.9150214195251465,0.9176576733589172,0.8240893483161926
sub-cp028_ses-20211214_level-03B_run-011,sub-cp028,5,2000,45,51,50,2,2,3.0,0.05,2.347449833423879,0.01,3.1470853918359225,3.1470853918359225,0.8949877023696899,0.9121968746185303,0.9143621921539307,0.8632669448852539
sub-cp028_ses-20211214_level-04B_run-004,sub-cp028,5,2000,45,51,50,3,3,4.0,0.05,3.1217971675067018,0.01,4.121665460112612,4.0,0.8466541767120361,0.8454062342643738,0.8637778759002686,0.9141524434089661
sub-cp028_ses-20211214_level-04B_run-006,sub-cp028,5,2000,45,51,50,3,3,4.0,0.05,2.987895943382767,0.01,3.601893744792858,3.601893744792858,0.869088888168335,0.8645737171173096,0.8844349384307861,0.9212732315063477
sub-cp028_ses-20211214_level-04B_run-009,sub-cp028,5,2000,45,51,50,3,3,4.0,0.05,2.9327050993185475,0.01,3.8315344300555094,3.8315344300555094,0.8637564182281494,0.8483752608299255,0.8686273097991943,0.9071916937828064
sub-cp030_ses-20211025_level-01B_run-001,sub-cp030,5,2000,45,51,50,0,0,1.0,0.05,2.2184341663982323,0.01,1.7177737313061021,1.7177737313061021,0.8708754777908325,0.8541820049285889,0.8570797443389893,0.8296899795532227
sub-cp030_ses-20211025_level-01B_run-007,sub-cp030,5,2000,45,51,50,0,0,1.0,0.05,1.9518618267162928,0.01,0.9353671338314902,1.0,0.8824133276939392,0.8624585866928101,0.8475683927536011,0.8004334568977356
sub-cp030_ses-20211025_level-01B_run-012,sub-cp030,5,2000,45,51,50,0,0,1.0,0.05,1.9862404863141685,0.01,0.644810004375397,1.0,0.8818132877349854,0.8556271195411682,0.8432815670967102,0.8130481839179993
sub-cp030_ses-20211025_level-02B_run-003,sub-cp030,5,2000,45,51,50,1,2,2.0,0.05,2.3377787031389854,0.01,2.386506713639812,2.386506713639812,0.8453176617622375,0.8413336277008057,0.8477827310562134,0.81755530834198
sub-cp030_ses-20211025_level-02B_run-008,sub-cp030,5,2000,45,51,50,1,1,2.0,0.05,2.1718510033877783,0.01,2.447216403930323,2.447216403930323,0.8922327756881714,0.9082819223403931,0.8973757028579712,0.8264896273612976
sub-cp030_ses-20211025_level-02B_run-010,sub-cp030,5,2000,45,51,50,1,1,2.0,0.05,2.043117595366606,0.01,1.8191014540120947,1.8191014540120947,0.8871321082115173,0.8884707093238831,0.8694310784339905,0.8096877932548523
sub-cp030_ses-20211025_level-03B_run-002,sub-cp030,5,2000,45,51,50,2,3,3.0,0.05,2.7048087774523424,0.01,2.878557665067211,2.878557665067211,0.7987298369407654,0.7909910082817078,0.8080493807792664,0.8192621469497681
sub-cp030_ses-20211025_level-03B_run-011,sub-cp030,5,2000,45,51,50,2,2,3.0,0.05,2.4608200605208674,0.01,3.511530908379918,3.511530908379918,0.8849636912345886,0.8984682559967041,0.9102897047996521,0.8712411522865295
sub-cp030_ses-20211025_level-04B_run-004,sub-cp030,5,2000,45,51,50,3,3,4.0,0.05,2.735598115105413,0.01,3.070401905363158,3.070401905363158,0.8052488565444946,0.7826881408691406,0.8015388250350952,0.8271297216415405
sub-cp030_ses-20211025_level-04B_run-006,sub-cp030,5,2000,45,51,50,3,3,4.0,0.05,3.084677076428018,0.01,4.024274381269612,4.0,0.7431818246841431,0.7282072901725769,0.7500971555709839,0.8023003339767456
sub-cp030_ses-20211025_level-04B_run-009,sub-cp030,5,2000,45,51,50,3,3,4.0,0.05,3.2786943806910482,0.01,4.2266441697973525,4.0,0.8052488565444946,0.7980064153671265,0.816489040851593,0.8874562382698059
sub-cp032_ses-20211105_level-01B_run-001,sub-cp032,5,2000,45,51,50,0,1,1.0,0.05,2.1984785758837724,0.01,1.1713618101770331,1.1713618101770331,0.9082984924316406,0.9124070405960083,0.9084142446517944,0.8541992902755737
sub-cp032_ses-20211105_level-01B_run-007,sub-cp032,5,2000,45,51,50,0,1,1.0,0.05,2.220280571419395,0.01,1.5997428904977915,1.5997428904977915,0.894714891910553,0.9005308151245117,0.8967058658599854,0.8448382616043091
sub-cp032_ses-20211105_level-01B_run-012,sub-cp032,5,2000,45,51,50,0,0,1.0,0.05,2.2031905320443306,0.01,1.6191285388072485,1.6191285388072485,0.9067028164863586,0.9049581289291382,0.897991955280304,0.8616667985916138
sub-cp032_ses-20211105_level-02B_run-003,sub-cp032,5,2000,45,51,50,1,1,2.0,0.05,2.19478460934236,0.01,2.402343533885012,2.402343533885012,0.9017794728279114,0.9189494848251343,0.9092180132865906,0.8409711718559265
sub-cp032_ses-20211105_level-02B_run-008,sub-cp032,5,2000,45,51,50,1,1,2.0,0.05,2.2457016048890592,0.01,2.1482158159910942,2.1482158159910942,0.8912644982337952,0.9075068235397339,0.8988760709762573,0.845851719379425
sub-cp032_ses-20211105_level-02B_run-010,sub-cp032,5,2000,45,51,50,1,1,2.0,0.05,2.2172918649009383,0.01,2.344092553201793,2.344092553201793,0.8888505101203918,0.9080191850662231,0.8985813856124878,0.8331570029258728
sub-cp032_ses-20211105_level-03B_run-002,sub-cp032,5,2000,45,51,50,2,2,3.0,0.05,2.314240523678298,0.01,2.3169611679318085,2.3169611679318085,0.8841726779937744,0.9067185521125793,0.9082266688346863,0.8400911092758179
sub-cp032_ses-20211105_level-03B_run-005,sub-cp032,5,2000,45,51,50,2,1,3.0,0.05,2.26362577121933,0.01,2.8959876109709484,2.8959876109709484,0.8931874632835388,0.910489022731781,0.9070209860801697,0.8452116250991821
sub-cp032_ses-20211105_level-03B_run-011,sub-cp032,5,2000,45,51,50,2,2,3.0,0.05,2.341111900027227,0.01,2.75667440040612,2.75667440040612,0.8921782374382019,0.9081505537033081,0.9132636785507202,0.8560928106307983
sub-cp032_ses-20211105_level-04B_run-004,sub-cp032,5,2000,45,51,50,3,3,4.0,0.05,2.768805119011346,0.01,3.1011075160751163,3.1011075160751163,0.8754988312721252,0.8737698793411255,0.890007734298706,0.9045780897140503
sub-cp032_ses-20211105_level-04B_run-006,sub-cp032,5,2000,45,51,50,3,3,4.0,0.05,2.942951657740325,0.01,4.146246655822831,4.0,0.8551916480064392,0.8572561740875244,0.8719496130943298,0.9047114253044128
sub-cp032_ses-20211105_level-04B_run-009,sub-cp032,5,2000,45,51,50,3,3,4.0,0.05,2.8203128431559956,0.01,3.2021133370113297,3.2021133370113297,0.8726893663406372,0.8684886693954468,0.8874088525772095,0.9067916870117188
sub-cp035_ses-20220125_level-01B_run-001,sub-cp035,5,2000,45,51,50,0,0,1.0,0.05,2.1958839809888167,0.01,2.2015773294319567,2.2015773294319567,0.8941420912742615,0.8919126987457275,0.882854163646698,0.849692165851593
sub-cp035_ses-20220125_level-01B_run-007,sub-cp035,5,2000,45,51,50,0,0,1.0,0.05,2.0913207965819036,0.01,1.4629976136271097,1.4629976136271097,0.9240096211433411,0.919396162033081,0.9099146127700806,0.8559328317642212
sub-cp035_ses-20220125_level-01B_run-012,sub-cp035,5,2000,45,51,50,0,0,1.0,0.05,2.1342821070470057,0.01,2.005571476138764,2.005571476138764,0.9135218858718872,0.9057726860046387,0.8984742164611816,0.8575063347816467
sub-cp035_ses-20220125_level-02B_run-003,sub-cp035,5,2000,45,51,50,1,1,2.0,0.05,2.2583962021553616,0.01,2.3784159695972478,2.3784159695972478,0.8976198434829712,0.9070075750350952,0.9013410210609436,0.8568929433822632
sub-cp035_ses-20220125_level-02B_run-008,sub-cp035,5,2000,45,51,50,1,1,2.0,0.05,2.2151035268712,0.01,2.5390880129496964,2.5390880129496964,0.9087485671043396,0.9325204491615295,0.9266599416732788,0.8385176062583923
sub-cp035_ses-20220125_level-02B_run-010,sub-cp035,5,2000,45,51,50,1,1,2.0,0.05,2.1593235372529507,0.01,1.8655442395497324,1.8655442395497324,0.9134127497673035,0.9259517192840576,0.9152998924255371,0.847345232963562
sub-cp035_ses-20220125_level-03B_run-002,sub-cp035,5,2000,45,51,50,2,2,3.0,0.05,2.445679075903479,0.01,2.482726348528587,2.482726348528587,0.8573874235153198,0.863706648349762,0.8736643195152283,0.8437715172767639
sub-cp035_ses-20220125_level-03B_run-005,sub-cp035,5,2000,45,51,50,2,2,3.0,0.05,2.3852624841732437,0.01,3.4188246056050104,3.4188246056050104,0.8890278339385986,0.900570273399353,0.9125938415527344,0.8589997887611389
sub-cp035_ses-20220125_level-03B_run-011,sub-cp035,5,2000,45,51,50,2,2,3.0,0.05,2.335662975847133,0.01,3.187791379907435,3.187791379907435,0.8972652554512024,0.9216952323913574,0.9276512861251831,0.8512389659881592
sub-cp035_ses-20220125_level-04B_run-004,sub-cp035,5,2000,45,51,50,3,3,4.0,0.05,3.066784005702426,0.01,3.9693257151687584,3.9693257151687584,0.8493545651435852,0.8506086468696594,0.8714137673377991,0.911965548992157
sub-cp035_ses-20220125_level-04B_run-006,sub-cp035,5,2000,45,51,50,3,3,4.0,0.05,2.911320794114466,0.01,4.598845851444768,4.0,0.8775036334991455,0.87601637840271,0.8954466581344604,0.9223400354385376
sub-cp035_ses-20220125_level-04B_run-009,sub-cp035,5,2000,45,51,50,3,3,4.0,0.05,3.0073362847507505,0.01,4.491892840353417,4.0,0.8642882704734802,0.8627870082855225,0.8830952644348145,0.9195130467414856
sub-cp005_ses-20210226_level-01B_run-001,sub-cp005,5,5000,45,51,50,0,0,1.0,0.05,2.065779634791091,0.01,1.4171047570642008,1.4171047570642008,0.9024733901023865,0.893024742603302,0.8804200291633606,0.8367151021957397
sub-cp005_ses-20210226_level-01B_run-007,sub-cp005,5,5000,45,51,50,0,1,1.0,0.05,2.0224260295240613,0.01,1.6102918531160326,1.6102918531160326,0.9241769313812256,0.9339331984519958,0.9081903100013733,0.8360884189605713
sub-cp005_ses-20210226_level-01B_run-012,sub-cp005,5,5000,45,51,50,0,1,1.0,0.05,1.9600053731457985,0.01,0.8162587718302632,1.0,0.9270004630088806,0.9275863170623779,0.9013277888298035,0.8306822776794434
sub-cp005_ses-20210226_level-02B_run-003,sub-cp005,5,5000,45,51,50,1,2,2.0,0.05,2.5101900671053707,0.01,2.405058253886605,2.405058253886605,0.8455675840377808,0.8578809499740601,0.8684666752815247,0.8420469164848328
sub-cp005_ses-20210226_level-02B_run-008,sub-cp005,5,5000,45,51,50,1,1,2.0,0.05,2.185406019000948,0.01,2.0302049136016813,2.0302049136016813,0.8957511186599731,0.9242660403251648,0.9099406599998474,0.8239271640777588
sub-cp005_ses-20210226_level-02B_run-010,sub-cp005,5,5000,45,51,50,1,1,2.0,0.05,2.1576572816059105,0.01,2.104523439237556,2.104523439237556,0.9156355857849121,0.9321445226669312,0.9163655638694763,0.8526043891906738
sub-cp005_ses-20210226_level-03B_run-002,sub-cp005,5,5000,45,51,50,2,3,3.0,0.05,2.9652481606757033,0.01,3.1057102286376463,3.1057102286376463,0.761278510093689,0.7530843019485474,0.7708864808082581,0.810013473033905
sub-cp005_ses-20210226_level-03B_run-005,sub-cp005,5,5000,45,51,50,2,2,3.0,0.05,2.4374502313524897,0.01,3.395227184389067,3.395227184389067,0.8734394907951355,0.9023247361183167,0.9142097234725952,0.8483240604400635
sub-cp005_ses-20210226_level-03B_run-011,sub-cp005,5,5000,45,51,50,2,2,3.0,0.05,2.5873908306309916,0.01,3.1245525350400167,3.1245525350400167,0.8838269710540771,0.8929618000984192,0.9107837677001953,0.8895872831344604
sub-cp005_ses-20210226_level-04B_run-004,sub-cp005,5,5000,45,51,50,3,3,4.0,0.05,2.988725581652525,0.01,3.02799790422868,3.02799790422868,0.7620441317558289,0.7569290995597839,0.7802784442901611,0.814113199710846
sub-cp005_ses-20210226_level-04B_run-006,sub-cp005,5,5000,45,51,50,3,3,4.0,0.05,3.1588951700652617,0.01,4.481673836537121,4.0,0.8463386297225952,0.8477574586868286,0.8732267022132874,0.919358491897583
sub-cp005_ses-20210226_level-04B_run-009,sub-cp005,5,5000,45,51,50,3,3,4.0,0.05,2.9943560180482596,0.01,3.9782583430194505,3.9782583430194505,0.8371511697769165,0.8273006081581116,0.848476767539978,0.888418972492218
sub-cp017_ses-20210521_level-01B_run-001,sub-cp017,5,5000,45,51,50,0,1,1.0,0.05,2.0379630141957668,0.01,1.332178277071285,1.332178277071285,0.9240465760231018,0.9298627972602844,0.9095991253852844,0.8392641544342041
sub-cp017_ses-20210521_level-01B_run-007,sub-cp017,5,5000,45,51,50,0,1,1.0,0.05,2.038893825620354,0.01,1.3206683136677357,1.3206683136677357,0.8934162855148315,0.9019942879676819,0.8811457753181458,0.804777204990387
sub-cp017_ses-20210521_level-01B_run-012,sub-cp017,5,5000,45,51,50,0,1,1.0,0.05,2.0607136881269184,0.01,1.0851243520300295,1.0851243520300295,0.871457576751709,0.8792295455932617,0.8598965406417847,0.7907785177230835
sub-cp017_ses-20210521_level-02B_run-003,sub-cp017,5,5000,45,51,50,1,1,2.0,0.05,2.1857110878859776,0.01,2.4289817732422074,2.4289817732422074,0.8813455104827881,0.9144310355186462,0.8979445695877075,0.8070713877677917
sub-cp017_ses-20210521_level-02B_run-008,sub-cp017,5,5000,45,51,50,1,1,2.0,0.05,2.2174222470212896,0.01,2.2614397047235437,2.2614397047235437,0.8588003516197205,0.8875223994255066,0.8734721541404724,0.8003800511360168
sub-cp017_ses-20210521_level-02B_run-010,sub-cp017,5,5000,45,51,50,1,1,2.0,0.05,2.1075668445317044,0.01,2.105874790710893,2.105874790710893,0.910097062587738,0.9298470616340637,0.9085851907730103,0.8325622081756592
sub-cp017_ses-20210521_level-03B_run-002,sub-cp017,5,5000,45,51,50,2,2,3.0,0.05,2.3175475181205005,0.01,3.0706157943871055,3.0706157943871055,0.8644963502883911,0.8935598134994507,0.8985315561294556,0.8074324727058411
sub-cp017_ses-20210521_level-03B_run-005,sub-cp017,5,5000,45,51,50,2,1,3.0,0.05,2.2446721264674054,0.01,2.7754776627049074,2.7754776627049074,0.9070237278938293,0.9288294911384583,0.9256187677383423,0.8469114303588867
sub-cp017_ses-20210521_level-03B_run-011,sub-cp017,5,5000,45,51,50,2,2,3.0,0.05,2.3516924164029165,0.01,2.9125186826884732,2.9125186826884732,0.8878342509269714,0.9152860045433044,0.9219900965690613,0.8433427214622498
sub-cp017_ses-20210521_level-04B_run-004,sub-cp017,5,5000,45,51,50,3,3,4.0,0.05,3.0171023209235126,0.01,4.127470366996241,4.0,0.8652891516685486,0.865308403968811,0.8844009637832642,0.922066867351532
sub-cp017_ses-20210521_level-04B_run-006,sub-cp017,5,5000,45,51,50,3,3,4.0,0.05,3.087146745581374,0.01,4.263295838657862,4.0,0.8609994649887085,0.8618569374084473,0.8801852464675903,0.925571858882904
sub-cp017_ses-20210521_level-04B_run-009,sub-cp017,5,5000,45,51,50,3,3,4.0,0.05,2.9612029811255813,0.01,4.079306327259076,4.0,0.8599786758422852,0.8594860434532166,0.8737710118293762,0.9106491208076477
sub-cp022_ses-20210621_level-01B_run-001,sub-cp022,5,5000,45,51,50,0,0,1.0,0.05,2.2321615675022133,0.01,1.7831911989634317,1.7831911989634317,0.8890396952629089,0.8782853484153748,0.8707612752914429,0.8545374274253845
sub-cp022_ses-20210621_level-01B_run-007,sub-cp022,5,5000,45,51,50,0,0,1.0,0.05,2.35534796643461,0.01,1.8951804206920109,1.8951804206920109,0.8560093641281128,0.8381952047348022,0.8307174444198608,0.8408892154693604
sub-cp022_ses-20210621_level-01B_run-012,sub-cp022,5,5000,45,51,50,0,1,1.0,0.05,2.1435200045524487,0.01,1.6162454524241823,1.6162454524241823,0.9176609516143799,0.9202113747596741,0.9080729484558105,0.8601347804069519
sub-cp022_ses-20210621_level-02B_run-003,sub-cp022,5,5000,45,51,50,1,0,2.0,0.05,2.2802866108462347,0.01,1.6239943998758586,1.6239943998758586,0.8906632661819458,0.8839031457901001,0.882938802242279,0.85875403881073
sub-cp022_ses-20210621_level-02B_run-008,sub-cp022,5,5000,45,51,50,1,2,2.0,0.05,2.5142723014898527,0.01,2.5676144861969505,2.5676144861969505,0.8642520308494568,0.8625125885009766,0.8713162541389465,0.8630874752998352
sub-cp022_ses-20210621_level-02B_run-010,sub-cp022,5,5000,45,51,50,1,2,2.0,0.05,2.5515343359093023,0.01,2.227621491187398,2.227621491187398,0.8903863430023193,0.8978504538536072,0.9066107869148254,0.8944624066352844
sub-cp022_ses-20210621_level-03B_run-002,sub-cp022,5,5000,45,51,50,2,3,3.0,0.05,2.98920139443317,0.01,3.458858732107364,3.458858732107364,0.8302550911903381,0.8303429484367371,0.8579220771789551,0.8840005397796631
sub-cp022_ses-20210621_level-03B_run-005,sub-cp022,5,5000,45,51,50,2,2,3.0,0.05,2.6228118942870178,0.01,2.733427476645665,2.733427476645665,0.8660927414894104,0.8693892359733582,0.8892463445663452,0.8762896060943604
sub-cp022_ses-20210621_level-03B_run-011,sub-cp022,5,5000,45,51,50,2,2,3.0,0.05,2.6197292637434986,0.01,2.756344598861413,2.756344598861413,0.8858414888381958,0.882014811038971,0.8998122811317444,0.895991861820221
sub-cp022_ses-20210621_level-04B_run-004,sub-cp022,5,5000,45,51,50,3,3,4.0,0.05,3.2241149295743874,0.01,4.2330131151614925,4.0,0.8343927264213562,0.8237967491149902,0.8496187329292297,0.9099799394607544
sub-cp022_ses-20210621_level-04B_run-006,sub-cp022,5,5000,45,51,50,3,3,4.0,0.05,3.2079819049545284,0.01,4.295273092171383,4.0,0.8162024021148682,0.8057003021240234,0.8285936117172241,0.8898316025733948
sub-cp022_ses-20210621_level-04B_run-009,sub-cp022,5,5000,45,51,50,3,3,4.0,0.05,3.161767157657946,0.01,4.2457450500504885,4.0,0.8297230005264282,0.8355043530464172,0.8627461194992065,0.9050198793411255
sub-cp028_ses-20211214_level-01B_run-001,sub-cp028,5,5000,45,51,50,0,1,1.0,0.05,2.062580172740791,0.01,1.287915805142687,1.287915805142687,0.8768060803413391,0.8823714852333069,0.8655743598937988,0.7958447933197021
sub-cp028_ses-20211214_level-01B_run-007,sub-cp028,5,5000,45,51,50,0,0,1.0,0.05,2.076249066244017,0.01,1.3636531522644213,1.3636531522644213,0.9087884426116943,0.8959149718284607,0.885927140712738,0.8462210297584534
sub-cp028_ses-20211214_level-01B_run-012,sub-cp028,5,5000,45,51,50,0,0,1.0,0.05,2.2629269971039423,0.01,1.386357466233176,1.386357466233176,0.8182983994483948,0.7935311198234558,0.7852412462234497,0.7927752733230591
sub-cp028_ses-20211214_level-02B_run-003,sub-cp028,5,5000,45,51,50,1,1,2.0,0.05,2.2104108508957827,0.01,2.1207324457315195,2.1207324457315195,0.8981891870498657,0.9216905832290649,0.9102074503898621,0.8385525345802307
sub-cp028_ses-20211214_level-02B_run-008,sub-cp028,5,5000,45,51,50,1,1,2.0,0.05,2.0646744079690356,0.01,1.9696768519745245,1.9696768519745245,0.9032824635505676,0.9112628102302551,0.8883391618728638,0.82999187707901
sub-cp028_ses-20211214_level-02B_run-010,sub-cp028,5,5000,45,51,50,1,1,2.0,0.05,2.123925879429079,0.01,1.4493719344743612,1.4493719344743612,0.9130237698554993,0.9254357218742371,0.9086065888404846,0.8449465036392212
sub-cp028_ses-20211214_level-03B_run-002,sub-cp028,5,5000,45,51,50,2,2,3.0,0.05,2.409546447445503,0.01,3.011249148823665,3.011249148823665,0.8538645505905151,0.8833208680152893,0.8934193849563599,0.8222596645355225
sub-cp028_ses-20211214_level-03B_run-005,sub-cp028,5,5000,45,51,50,2,2,3.0,0.05,2.293696561138411,0.01,2.857492259694711,2.857492259694711,0.8898053169250488,0.915364682674408,0.9186495542526245,0.830947756767273
sub-cp028_ses-20211214_level-03B_run-011,sub-cp028,5,5000,45,51,50,2,2,3.0,0.05,2.3674747780722525,0.01,2.867141233703891,2.867141233703891,0.8948660492897034,0.9115880131721497,0.9150421619415283,0.8669429421424866
sub-cp028_ses-20211214_level-04B_run-004,sub-cp028,5,5000,45,51,50,3,3,4.0,0.05,3.1555643342014186,0.01,4.093238885379801,4.0,0.8477232456207275,0.8487698435783386,0.8719566464424133,0.9200594425201416
sub-cp028_ses-20211214_level-04B_run-006,sub-cp028,5,5000,45,51,50,3,3,4.0,0.05,3.017571361352833,0.01,3.636907035962867,3.636907035962867,0.8598537445068359,0.8580120801925659,0.8808576464653015,0.9160871505737305
sub-cp028_ses-20211214_level-04B_run-009,sub-cp028,5,5000,45,51,50,3,3,4.0,0.05,2.9438938338316074,0.01,3.856271945348626,3.856271945348626,0.858805775642395,0.8489639163017273,0.8719032406806946,0.9047331213951111
sub-cp030_ses-20211025_level-01B_run-001,sub-cp030,5,5000,45,51,50,0,0,1.0,0.05,2.1858317634193583,0.01,1.484699935699418,1.484699935699418,0.8816495537757874,0.8656703233718872,0.8646992444992065,0.8368637561798096
sub-cp030_ses-20211025_level-01B_run-007,sub-cp030,5,5000,45,51,50,0,0,1.0,0.05,1.961325763008148,0.01,1.0310351428472284,1.0310351428472284,0.8871663808822632,0.8691007494926453,0.8512623310089111,0.8091000318527222
sub-cp030_ses-20211025_level-01B_run-012,sub-cp030,5,5000,45,51,50,0,0,1.0,0.05,1.973325780838917,0.01,0.6450101727921671,1.0,0.8841907978057861,0.8588408827781677,0.8434392809867859,0.8144955635070801
sub-cp030_ses-20211025_level-02B_run-003,sub-cp030,5,5000,45,51,50,1,2,2.0,0.05,2.368373146803655,0.01,2.1513537064811863,2.1513537064811863,0.8471910953521729,0.8437447547912598,0.8508461117744446,0.8243201971054077
sub-cp030_ses-20211025_level-02B_run-008,sub-cp030,5,5000,45,51,50,1,1,2.0,0.05,2.1647846067019687,0.01,2.0720720033218556,2.0720720033218556,0.8956370949745178,0.9098361134529114,0.898168683052063,0.8311283588409424
sub-cp030_ses-20211025_level-02B_run-010,sub-cp030,5,5000,45,51,50,1,1,2.0,0.05,2.0713912944373023,0.01,1.7401253540142254,1.7401253540142254,0.8902668952941895,0.8925421833992004,0.87555330991745,0.8179687261581421
sub-cp030_ses-20211025_level-03B_run-002,sub-cp030,5,5000,45,51,50,2,3,3.0,0.05,2.7206141294735144,0.01,2.8145155031467004,2.8145155031467004,0.8005098700523376,0.7933003306388855,0.8103219866752625,0.8229606747627258
sub-cp030_ses-20211025_level-03B_run-011,sub-cp030,5,5000,45,51,50,2,2,3.0,0.05,2.4918916761928696,0.01,3.3735097271371512,3.3735097271371512,0.8823228478431702,0.8933972120285034,0.9078915119171143,0.8732731938362122
sub-cp030_ses-20211025_level-04B_run-004,sub-cp030,5,5000,45,51,50,3,3,4.0,0.05,2.7447545787562966,0.01,2.908998102677569,2.908998102677569,0.8154205083847046,0.7912651300430298,0.809361457824707,0.8381595611572266
sub-cp030_ses-20211025_level-04B_run-006,sub-cp030,5,5000,45,51,50,3,3,4.0,0.05,3.0312367607486324,0.01,3.510555491611824,3.510555491611824,0.766464114189148,0.7512536644935608,0.7701180577278137,0.8199867606163025
sub-cp030_ses-20211025_level-04B_run-009,sub-cp030,5,5000,45,51,50,3,3,4.0,0.05,3.204752811582102,0.01,3.725189076895184,3.725189076895184,0.8170874714851379,0.8078456521034241,0.8251676559448242,0.8904157280921936
sub-cp032_ses-20211105_level-01B_run-001,sub-cp032,5,5000,45,51,50,0,1,1.0,0.05,2.189604519847464,0.01,1.8074454070666575,1.8074454070666575,0.9059702754020691,0.9118240475654602,0.9045936465263367,0.8519352078437805
sub-cp032_ses-20211105_level-01B_run-007,sub-cp032,5,5000,45,51,50,0,1,1.0,0.05,2.2099935240137047,0.01,1.865834712287953,1.865834712287953,0.8953981995582581,0.9009504914283752,0.8926723003387451,0.8482071757316589
sub-cp032_ses-20211105_level-01B_run-012,sub-cp032,5,5000,45,51,50,0,0,1.0,0.05,2.1496250652015196,0.01,1.5522746691134346,1.5522746691134346,0.9098581075668335,0.9039980173110962,0.893120527267456,0.8593806624412537
sub-cp032_ses-20211105_level-02B_run-003,sub-cp032,5,5000,45,51,50,1,1,2.0,0.05,2.179674489084543,0.01,2.2297257220182773,2.2297257220182773,0.9066925048828125,0.9189209938049316,0.9065253734588623,0.8504907488822937
sub-cp032_ses-20211105_level-02B_run-008,sub-cp032,5,5000,45,51,50,1,1,2.0,0.05,2.2431920849266245,0.01,2.4523274935592605,2.4523274935592605,0.898705005645752,0.91070157289505,0.9028112888336182,0.8548454642295837
sub-cp032_ses-20211105_level-02B_run-010,sub-cp032,5,5000,45,51,50,1,1,2.0,0.05,2.177554286303676,0.01,2.147109697600261,2.147109697600261,0.8944913744926453,0.908949613571167,0.8958954215049744,0.8362690210342407
sub-cp032_ses-20211105_level-03B_run-002,sub-cp032,5,5000,45,51,50,2,2,3.0,0.05,2.3563602009362006,0.01,2.836998690131489,2.836998690131489,0.8823826313018799,0.9062115550041199,0.9104315638542175,0.8465290665626526
sub-cp032_ses-20211105_level-03B_run-005,sub-cp032,5,5000,45,51,50,2,1,3.0,0.05,2.3043822016766575,0.01,2.9060039405204208,2.9060039405204208,0.8962724208831787,0.9120234251022339,0.9118830561637878,0.8568634390830994
sub-cp032_ses-20211105_level-03B_run-011,sub-cp032,5,5000,45,51,50,2,2,3.0,0.05,2.3881570394115594,0.01,2.9552439177072376,2.9552439177072376,0.8928080797195435,0.9092013835906982,0.9169419407844543,0.8656046986579895
sub-cp032_ses-20211105_level-04B_run-004,sub-cp032,5,5000,45,51,50,3,3,4.0,0.05,2.836958810509974,0.01,3.718365967499037,3.718365967499037,0.8769580721855164,0.8741362690925598,0.8939743638038635,0.9131556749343872
sub-cp032_ses-20211105_level-04B_run-006,sub-cp032,5,5000,45,51,50,3,3,4.0,0.05,2.9745201690735326,0.01,4.051252986593935,4.0,0.8580510020256042,0.8569105863571167,0.8753718733787537,0.9098737239837646
sub-cp032_ses-20211105_level-04B_run-009,sub-cp032,5,5000,45,51,50,3,3,4.0,0.05,2.87804967240025,0.01,3.7530419884955233,3.7530419884955233,0.8689543604850769,0.8682300448417664,0.8893530964851379,0.9102029800415039
sub-cp035_ses-20220125_level-01B_run-001,sub-cp035,5,5000,45,51,50,0,1,1.0,0.05,2.194355622030669,0.01,1.8357689789671745,1.8357689789671745,0.8939212560653687,0.8961562514305115,0.8847745060920715,0.8484089970588684
sub-cp035_ses-20220125_level-01B_run-007,sub-cp035,5,5000,45,51,50,0,0,1.0,0.05,2.0640965796625372,0.01,1.1424442361903133,1.1424442361903133,0.9179270267486572,0.91215980052948,0.8979125618934631,0.8496410846710205
sub-cp035_ses-20220125_level-01B_run-012,sub-cp035,5,5000,45,51,50,0,0,1.0,0.05,2.152897309936796,0.01,1.7655049791984117,1.7655049791984117,0.9069205522537231,0.902786374092102,0.8926936388015747,0.855185329914093
sub-cp035_ses-20220125_level-02B_run-003,sub-cp035,5,5000,45,51,50,1,1,2.0,0.05,2.269496278418142,0.01,2.249080399074255,2.249080399074255,0.8955393433570862,0.90509432554245,0.8992466330528259,0.8575219511985779
sub-cp035_ses-20220125_level-02B_run-008,sub-cp035,5,5000,45,51,50,1,1,2.0,0.05,2.1957170611296037,0.01,2.1316326593355437,2.1316326593355437,0.9016860723495483,0.9271457195281982,0.916621744632721,0.8307991027832031
sub-cp035_ses-20220125_level-02B_run-010,sub-cp035,5,5000,45,51,50,1,1,2.0,0.05,2.1526887794801697,0.01,1.8933498051708244,1.8933498051708244,0.9108409285545349,0.9224563837051392,0.908638596534729,0.8488338589668274
sub-cp035_ses-20220125_level-03B_run-002,sub-cp035,5,5000,45,51,50,2,2,3.0,0.05,2.483150730007912,0.01,2.6602509472604616,2.6602509472604616,0.8494662642478943,0.8589929938316345,0.8704197406768799,0.841048538684845
sub-cp035_ses-20220125_level-03B_run-005,sub-cp035,5,5000,45,51,50,2,2,3.0,0.05,2.4376050430112377,0.01,3.358632536167509,3.358632536167509,0.8863953351974487,0.8993453979492188,0.9117336273193359,0.8675165176391602
sub-cp035_ses-20220125_level-03B_run-011,sub-cp035,5,5000,45,51,50,2,2,3.0,0.05,2.3459652461557345,0.01,3.000283356069554,3.000283356069554,0.8936389088630676,0.9177250862121582,0.9243060350418091,0.8505226373672485
sub-cp035_ses-20220125_level-04B_run-004,sub-cp035,5,5000,45,51,50,3,3,4.0,0.05,3.1170874426450363,0.01,4.211983964103075,4.0,0.8471531271934509,0.8496877551078796,0.8727890849113464,0.9158428311347961
sub-cp035_ses-20220125_level-04B_run-006,sub-cp035,5,5000,45,51,50,3,3,4.0,0.05,2.9346742897381293,0.01,4.231085802190091,4.0,0.8696873784065247,0.8713090419769287,0.8929497599601746,0.9179352521896362
sub-cp035_ses-20220125_level-04B_run-009,sub-cp035,5,5000,45,51,50,3,3,4.0,0.05,2.9579811889092547,0.01,4.247475860907501,4.0,0.8638339042663574,0.8654447793960571,0.88655686378479,0.9146851301193237
sub-cp005_ses-20210226_level-01B_run-001,sub-cp005,5,10000,45,51,50,0,0,1.0,0.05,2.0538663351582884,0.01,1.190123212486501,1.190123212486501,0.9001468420028687,0.8902092576026917,0.8776317238807678,0.8316870927810669
sub-cp005_ses-20210226_level-01B_run-007,sub-cp005,5,10000,45,51,50,0,1,1.0,0.05,2.036641200221879,0.01,1.6913702724851098,1.6913702724851098,0.9226812124252319,0.9333953261375427,0.909235954284668,0.8358572125434875
sub-cp005_ses-20210226_level-01B_run-012,sub-cp005,5,10000,45,51,50,0,1,1.0,0.05,1.9682137076739001,0.01,1.0356471623712178,1.0356471623712178,0.9249588251113892,0.9276779294013977,0.9013923406600952,0.8277294039726257
sub-cp005_ses-20210226_level-02B_run-003,sub-cp005,5,10000,45,51,50,1,2,2.0,0.05,2.5443026716652257,0.01,2.625286471503365,2.625286471503365,0.8416566848754883,0.8549289107322693,0.8668493628501892,0.8431510329246521
sub-cp005_ses-20210226_level-02B_run-008,sub-cp005,5,10000,45,51,50,1,1,2.0,0.05,2.179823022691584,0.01,2.0586499737869848,2.0586499737869848,0.8954015970230103,0.9260826706886292,0.909588634967804,0.822401225566864
sub-cp005_ses-20210226_level-02B_run-010,sub-cp005,5,10000,45,51,50,1,1,2.0,0.05,2.1456260494920207,0.01,2.096172707649903,2.096172707649903,0.9138857126235962,0.9325767159461975,0.9155461192131042,0.8456850051879883
sub-cp005_ses-20210226_level-03B_run-002,sub-cp005,5,10000,45,51,50,2,3,3.0,0.05,2.9903833254821492,0.01,3.0938291831874576,3.0938291831874576,0.757722020149231,0.750281572341919,0.7673239707946777,0.8092957735061646
sub-cp005_ses-20210226_level-03B_run-005,sub-cp005,5,10000,45,51,50,2,2,3.0,0.05,2.466742620921244,0.01,3.4363811388504804,3.4363811388504804,0.8685128688812256,0.8972386121749878,0.9102565050125122,0.8503810167312622
sub-cp005_ses-20210226_level-03B_run-011,sub-cp005,5,10000,45,51,50,2,2,3.0,0.05,2.5770316332880028,0.01,3.1108645258631062,3.1108645258631062,0.8827946782112122,0.8908705115318298,0.9084184765815735,0.8870411515235901
sub-cp005_ses-20210226_level-04B_run-004,sub-cp005,5,10000,45,51,50,3,3,4.0,0.05,3.025144592375466,0.01,3.4135493026981516,3.4135493026981516,0.7630292177200317,0.7572479248046875,0.7814884781837463,0.8188101053237915
sub-cp005_ses-20210226_level-04B_run-006,sub-cp005,5,10000,45,51,50,3,3,4.0,0.05,3.1687165560612733,0.01,4.488751595480563,4.0,0.8476696610450745,0.8522289395332336,0.8776370286941528,0.9230797290802002
sub-cp005_ses-20210226_level-04B_run-009,sub-cp005,5,10000,45,51,50,3,3,4.0,0.05,3.003194216737068,0.01,3.7218702579247727,3.7218702579247727,0.8309853672981262,0.8194937109947205,0.8395302295684814,0.88270103931427
sub-cp017_ses-20210521_level-01B_run-001,sub-cp017,5,10000,45,51,50,0,1,1.0,0.05,2.0332581527337115,0.01,1.3217475334249906,1.3217475334249906,0.9212343096733093,0.926680862903595,0.9059232473373413,0.8361387848854065
sub-cp017_ses-20210521_level-01B_run-007,sub-cp017,5,10000,45,51,50,0,1,1.0,0.05,2.0331661095361366,0.01,1.240220367707388,1.240220367707388,0.8894374966621399,0.8963989615440369,0.8758898377418518,0.800774872303009
sub-cp017_ses-20210521_level-01B_run-012,sub-cp017,5,10000,45,51,50,0,1,1.0,0.05,2.050151207212735,0.01,0.9199634317706362,1.0,0.8670605421066284,0.8737787008285522,0.8540099859237671,0.7847476601600647
sub-cp017_ses-20210521_level-02B_run-003,sub-cp017,5,10000,45,51,50,1,1,2.0,0.05,2.185100934025461,0.01,2.3271132728023964,2.3271132728023964,0.8802728056907654,0.9148656725883484,0.8981704711914062,0.8032875657081604
sub-cp017_ses-20210521_level-02B_run-008,sub-cp017,5,10000,45,51,50,1,1,2.0,0.05,2.2317119764264675,0.01,2.3375698878833333,2.3375698878833333,0.8526700735092163,0.8831642270088196,0.8696010708808899,0.7969500422477722
sub-cp017_ses-20210521_level-02B_run-010,sub-cp017,5,10000,45,51,50,1,1,2.0,0.05,2.1248579888748,0.01,2.168611834868779,2.168611834868779,0.905095636844635,0.9265680909156799,0.9058431386947632,0.8312727212905884
sub-cp017_ses-20210521_level-03B_run-002,sub-cp017,5,10000,45,51,50,2,2,3.0,0.05,2.3234454178277315,0.01,3.1432246657745617,3.1432246657745617,0.8609742522239685,0.8900203704833984,0.8957981467247009,0.8047006726264954
sub-cp017_ses-20210521_level-03B_run-005,sub-cp017,5,10000,45,51,50,2,1,3.0,0.05,2.2496260166428805,0.01,2.748714122572043,2.748714122572043,0.9031492471694946,0.9259199500083923,0.9230745434761047,0.8429863452911377
sub-cp017_ses-20210521_level-03B_run-011,sub-cp017,5,10000,45,51,50,2,2,3.0,0.05,2.3698364075642235,0.01,2.9583391062987947,2.9583391062987947,0.8806501030921936,0.9108747839927673,0.9178223013877869,0.8398892879486084
sub-cp017_ses-20210521_level-04B_run-004,sub-cp017,5,10000,45,51,50,3,3,4.0,0.05,2.9948096744892556,0.01,3.9463763613682854,3.9463763613682854,0.8662352561950684,0.86917644739151,0.8889269828796387,0.9215975999832153
sub-cp017_ses-20210521_level-04B_run-006,sub-cp017,5,10000,45,51,50,3,3,4.0,0.05,3.1018178723069463,0.01,4.208332999935848,4.0,0.856535792350769,0.8591296672821045,0.878545343875885,0.923393189907074
sub-cp017_ses-20210521_level-04B_run-009,sub-cp017,5,10000,45,51,50,3,3,4.0,0.05,2.999777291418911,0.01,4.007088090954578,4.0,0.8599318265914917,0.8595048785209656,0.8751738667488098,0.9146969318389893
sub-cp022_ses-20210621_level-01B_run-001,sub-cp022,5,10000,45,51,50,0,0,1.0,0.05,2.223803037804222,0.01,1.9577282794238622,1.9577282794238622,0.8899125456809998,0.8771949410438538,0.8693125247955322,0.8549814820289612
sub-cp022_ses-20210621_level-01B_run-007,sub-cp022,5,10000,45,51,50,0,0,1.0,0.05,2.3279044103376196,0.01,1.6500477364664494,1.6500477364664494,0.862966775894165,0.8438299894332886,0.836319088935852,0.8445587754249573
sub-cp022_ses-20210621_level-01B_run-012,sub-cp022,5,10000,45,51,50,0,1,1.0,0.05,2.1363935333925594,0.01,1.5117771865918965,1.5117771865918965,0.9187178015708923,0.9218294024467468,0.9092413187026978,0.8592259883880615
sub-cp022_ses-20210621_level-02B_run-003,sub-cp022,5,10000,45,51,50,1,0,2.0,0.05,2.2954687246703855,0.01,1.8081844394970903,1.8081844394970903,0.8911070227622986,0.8844735026359558,0.8831778168678284,0.8620362281799316
sub-cp022_ses-20210621_level-02B_run-008,sub-cp022,5,10000,45,51,50,1,2,2.0,0.05,2.492724678352852,0.01,2.4105864420592464,2.4105864420592464,0.8660207986831665,0.8611447811126709,0.8684362769126892,0.8625887036323547
sub-cp022_ses-20210621_level-02B_run-010,sub-cp022,5,10000,45,51,50,1,2,2.0,0.05,2.5126405822185647,0.01,2.1906316479728716,2.1906316479728716,0.8896872401237488,0.8996787667274475,0.9068262577056885,0.8884860873222351
sub-cp022_ses-20210621_level-03B_run-002,sub-cp022,5,10000,45,51,50,2,3,3.0,0.05,2.9995888935719535,0.01,3.384906815954158,3.384906815954158,0.8298968076705933,0.8303800821304321,0.8577448129653931,0.8849428296089172
sub-cp022_ses-20210621_level-03B_run-005,sub-cp022,5,10000,45,51,50,2,2,3.0,0.05,2.6274771180041627,0.01,2.9345613341554513,2.9345613341554513,0.8639875054359436,0.8695647716522217,0.8894292116165161,0.8749610185623169
sub-cp022_ses-20210621_level-03B_run-011,sub-cp022,5,10000,45,51,50,2,2,3.0,0.05,2.6229451838924356,0.01,2.791675996664171,2.791675996664171,0.8843746185302734,0.8793150186538696,0.8977590799331665,0.8947067856788635
sub-cp022_ses-20210621_level-04B_run-004,sub-cp022,5,10000,45,51,50,3,3,4.0,0.05,3.2380886305274554,0.01,4.073566907371758,4.0,0.8329426050186157,0.8239463567733765,0.849837064743042,0.9106702208518982
sub-cp022_ses-20210621_level-04B_run-006,sub-cp022,5,10000,45,51,50,3,3,4.0,0.05,3.239106386781823,0.01,4.248942913504508,4.0,0.8135626316070557,0.8034881353378296,0.8267977237701416,0.8907650709152222
sub-cp022_ses-20210621_level-04B_run-009,sub-cp022,5,10000,45,51,50,3,3,4.0,0.05,3.1578214557089046,0.01,4.078929540594057,4.0,0.8286073207855225,0.8344181776046753,0.861885666847229,0.903488039970398
sub-cp028_ses-20211214_level-01B_run-001,sub-cp028,5,10000,45,51,50,0,1,1.0,0.05,2.083016049788995,0.01,1.384613766959842,1.384613766959842,0.8744633793830872,0.8800418376922607,0.8640656471252441,0.7998452186584473
sub-cp028_ses-20211214_level-01B_run-007,sub-cp028,5,10000,45,51,50,0,0,1.0,0.05,2.041059913714048,0.01,1.2308627470277744,1.2308627470277744,0.9101557731628418,0.8948508501052856,0.882595419883728,0.8437141180038452
sub-cp028_ses-20211214_level-01B_run-012,sub-cp028,5,10000,45,51,50,0,0,1.0,0.05,2.212245108667449,0.01,1.2831543368838934,1.2831543368838934,0.814786970615387,0.7862048149108887,0.7774384021759033,0.7836374044418335
sub-cp028_ses-20211214_level-02B_run-003,sub-cp028,5,10000,45,51,50,1,1,2.0,0.05,2.217505662423601,0.01,2.2220758979156225,2.2220758979156225,0.8965797424316406,0.9216378331184387,0.9103259444236755,0.837461531162262
sub-cp028_ses-20211214_level-02B_run-008,sub-cp028,5,10000,45,51,50,1,1,2.0,0.05,2.0590775850983376,0.01,2.068636336940729,2.068636336940729,0.9044685363769531,0.9119033217430115,0.8890498280525208,0.8298490643501282
sub-cp028_ses-20211214_level-02B_run-010,sub-cp028,5,10000,45,51,50,1,1,2.0,0.05,2.098255582480414,0.01,1.5296646236113614,1.5296646236113614,0.9159597158432007,0.9258124232292175,0.9086268544197083,0.8426782488822937
sub-cp028_ses-20211214_level-03B_run-002,sub-cp028,5,10000,45,51,50,2,2,3.0,0.05,2.4167015151815536,0.01,3.0458074963812987,3.0458074963812987,0.8558217883110046,0.8871183395385742,0.8967278599739075,0.8261144757270813
sub-cp028_ses-20211214_level-03B_run-005,sub-cp028,5,10000,45,51,50,2,2,3.0,0.05,2.30709085581861,0.01,2.9622920353376783,2.9622920353376783,0.8886827826499939,0.9147344827651978,0.9183084964752197,0.8343432545661926
sub-cp028_ses-20211214_level-03B_run-011,sub-cp028,5,10000,45,51,50,2,2,3.0,0.05,2.3593035390601482,0.01,2.695115211628284,2.695115211628284,0.8950676918029785,0.9128662943840027,0.9162620902061462,0.8646711111068726
sub-cp028_ses-20211214_level-04B_run-004,sub-cp028,5,10000,45,51,50,3,3,4.0,0.05,3.183522366986451,0.01,4.059870794685439,4.0,0.8445206880569458,0.847054660320282,0.8716848492622375,0.9206733107566833
sub-cp028_ses-20211214_level-04B_run-006,sub-cp028,5,10000,45,51,50,3,3,4.0,0.05,3.0406778903400835,0.01,3.6440297723469297,3.6440297723469297,0.8549558520317078,0.8502610325813293,0.8730206489562988,0.912731409072876
sub-cp028_ses-20211214_level-04B_run-009,sub-cp028,5,10000,45,51,50,3,3,4.0,0.05,3.0021136857991118,0.01,3.7534028249351405,3.7534028249351405,0.8552653193473816,0.8445095419883728,0.8689118027687073,0.9070844650268555
sub-cp030_ses-20211025_level-01B_run-001,sub-cp030,5,10000,45,51,50,0,0,1.0,0.05,2.1893012447313938,0.01,1.4512326094108714,1.4512326094108714,0.8799035549163818,0.8642934560775757,0.8636114597320557,0.8353366255760193
sub-cp030_ses-20211025_level-01B_run-007,sub-cp030,5,10000,45,51,50,0,0,1.0,0.05,1.9386541628369576,0.01,0.8521097941062044,1.0,0.885916531085968,0.8683892488479614,0.8485867381095886,0.8029741644859314
sub-cp030_ses-20211025_level-01B_run-012,sub-cp030,5,10000,45,51,50,0,0,1.0,0.05,1.9422384866118885,0.01,0.7105104902531747,1.0,0.8839565515518188,0.8594209551811218,0.8422819375991821,0.8076436519622803
sub-cp030_ses-20211025_level-02B_run-003,sub-cp030,5,10000,45,51,50,1,2,2.0,0.05,2.343677992768818,0.01,1.9891333287624282,1.9891333287624282,0.8464317917823792,0.8434600234031677,0.8490034937858582,0.8200159668922424
sub-cp030_ses-20211025_level-02B_run-008,sub-cp030,5,10000,45,51,50,1,1,2.0,0.05,2.1556600565500035,0.01,1.9975005005270585,1.9975005005270585,0.8965851664543152,0.9089540839195251,0.8975827097892761,0.8306830525398254
sub-cp030_ses-20211025_level-02B_run-010,sub-cp030,5,10000,45,51,50,1,1,2.0,0.05,2.065012622839083,0.01,1.5736473043581214,1.5736473043581214,0.8933058977127075,0.8962546586990356,0.8789461255073547,0.818379819393158
sub-cp030_ses-20211025_level-03B_run-002,sub-cp030,5,10000,45,51,50,2,3,3.0,0.05,2.7481615604408898,0.01,2.967134285826451,2.967134285826451,0.7932108044624329,0.7851395010948181,0.80162113904953,0.8187623023986816
sub-cp030_ses-20211025_level-03B_run-011,sub-cp030,5,10000,45,51,50,2,2,3.0,0.05,2.508012370001791,0.01,3.15942077867625,3.15942077867625,0.8834706544876099,0.8924211859703064,0.9084505438804626,0.8767672181129456
sub-cp030_ses-20211025_level-04B_run-004,sub-cp030,5,10000,45,51,50,3,3,4.0,0.05,2.718841457180539,0.01,3.055634582719965,3.055634582719965,0.812341034412384,0.7889729738235474,0.8062482476234436,0.8325795531272888
sub-cp030_ses-20211025_level-04B_run-006,sub-cp030,5,10000,45,51,50,3,3,4.0,0.05,3.0464637462223503,0.01,3.4764599630115316,3.4764599630115316,0.7689906358718872,0.7524357438087463,0.7709839940071106,0.8236708641052246
sub-cp030_ses-20211025_level-04B_run-009,sub-cp030,5,10000,45,51,50,3,3,4.0,0.05,3.2043344677682395,0.01,3.716927053520264,3.716927053520264,0.8182047605514526,0.809008777141571,0.8268404603004456,0.8915407061576843
sub-cp032_ses-20211105_level-01B_run-001,sub-cp032,5,10000,45,51,50,0,1,1.0,0.05,2.1780589562432766,0.01,1.682756162070945,1.682756162070945,0.905603289604187,0.9134251475334167,0.9051271677017212,0.8476877212524414
sub-cp032_ses-20211105_level-01B_run-007,sub-cp032,5,10000,45,51,50,0,1,1.0,0.05,2.200564059090356,0.01,1.9283124324746275,1.9283124324746275,0.8946577906608582,0.9014603495597839,0.8929663300514221,0.8443197011947632
sub-cp032_ses-20211105_level-01B_run-012,sub-cp032,5,10000,45,51,50,0,0,1.0,0.05,2.119233015110536,0.01,1.518610229691302,1.518610229691302,0.9099739193916321,0.9059891700744629,0.8930785059928894,0.8529415726661682
sub-cp032_ses-20211105_level-02B_run-003,sub-cp032,5,10000,45,51,50,1,1,2.0,0.05,2.1904994140135714,0.01,2.012217453339564,2.012217453339564,0.9011268019676208,0.916466236114502,0.903866171836853,0.8454565405845642
sub-cp032_ses-20211105_level-02B_run-008,sub-cp032,5,10000,45,51,50,1,1,2.0,0.05,2.2264871559236217,0.01,2.206846432231714,2.206846432231714,0.8953038454055786,0.9105546474456787,0.9003344178199768,0.8472521305084229
sub-cp032_ses-20211105_level-02B_run-010,sub-cp032,5,10000,45,51,50,1,1,2.0,0.05,2.1811595085034874,0.01,2.0484786017804453,2.0484786017804453,0.8916634917259216,0.9098750948905945,0.8955737352371216,0.8324467539787292
sub-cp032_ses-20211105_level-03B_run-002,sub-cp032,5,10000,45,51,50,2,2,3.0,0.05,2.3724912034869465,0.01,3.0286115577642523,3.0286115577642523,0.8764994144439697,0.904658854007721,0.9095138311386108,0.8417485952377319
sub-cp032_ses-20211105_level-03B_run-005,sub-cp032,5,10000,45,51,50,2,1,3.0,0.05,2.3116567940387514,0.01,2.6749354169594604,2.6749354169594604,0.8907133936882019,0.9109771251678467,0.9094763994216919,0.8519269227981567
sub-cp032_ses-20211105_level-03B_run-011,sub-cp032,5,10000,45,51,50,2,2,3.0,0.05,2.4026244326622685,0.01,3.062968930723545,3.062968930723545,0.8887968063354492,0.909161388874054,0.916865885257721,0.8633589744567871
sub-cp032_ses-20211105_level-04B_run-004,sub-cp032,5,10000,45,51,50,3,3,4.0,0.05,2.859961521184988,0.01,3.7635643677132617,3.7635643677132617,0.8721423745155334,0.8742561936378479,0.8945799469947815,0.9121523499488831
sub-cp032_ses-20211105_level-04B_run-006,sub-cp032,5,10000,45,51,50,3,3,4.0,0.05,3.0024764511046866,0.01,4.116099768812191,4.0,0.8565656542778015,0.8567917943000793,0.8760127425193787,0.911838948726654
sub-cp032_ses-20211105_level-04B_run-009,sub-cp032,5,10000,45,51,50,3,3,4.0,0.05,2.903495607480078,0.01,3.6416937914127194,3.6416937914127194,0.8653339743614197,0.8675811290740967,0.8887186050415039,0.9102877378463745
sub-cp035_ses-20220125_level-01B_run-001,sub-cp035,5,10000,45,51,50,0,1,1.0,0.05,2.185315702740963,0.01,1.8547721325975495,1.8547721325975495,0.8960639834403992,0.8990306854248047,0.8890551924705505,0.8465296626091003
sub-cp035_ses-20220125_level-01B_run-007,sub-cp035,5,10000,45,51,50,0,0,1.0,0.05,2.053117717674447,0.01,1.1359477529048012,1.1359477529048012,0.9168012738227844,0.9117852449417114,0.8972140550613403,0.8447924852371216
sub-cp035_ses-20220125_level-01B_run-012,sub-cp035,5,10000,45,51,50,0,0,1.0,0.05,2.126570936015489,0.01,1.682479771236836,1.682479771236836,0.9079243540763855,0.9041970372200012,0.8925602436065674,0.8511353731155396
sub-cp035_ses-20220125_level-02B_run-003,sub-cp035,5,10000,45,51,50,1,1,2.0,0.05,2.236736417734358,0.01,2.1333995804342645,2.1333995804342645,0.897649347782135,0.9097517728805542,0.9005427956581116,0.8535259366035461
sub-cp035_ses-20220125_level-02B_run-008,sub-cp035,5,10000,45,51,50,1,1,2.0,0.05,2.208549751704776,0.01,2.23413521694014,2.23413521694014,0.8993704319000244,0.9273998141288757,0.9164865016937256,0.8313205242156982
sub-cp035_ses-20220125_level-02B_run-010,sub-cp035,5,10000,45,51,50,1,1,2.0,0.05,2.1637013340020586,0.01,1.935049682955012,1.935049682955012,0.9093142151832581,0.9218818545341492,0.9096794724464417,0.8473477363586426
sub-cp035_ses-20220125_level-03B_run-002,sub-cp035,5,10000,45,51,50,2,2,3.0,0.05,2.483181005163189,0.01,2.8712141624136214,2.8712141624136214,0.8485166430473328,0.8593605756759644,0.869830846786499,0.8404895663261414
sub-cp035_ses-20220125_level-03B_run-005,sub-cp035,5,10000,45,51,50,2,2,3.0,0.05,2.435725835735124,0.01,3.320043833426308,3.320043833426308,0.8861581683158875,0.9009434580802917,0.9132753610610962,0.866264820098877
sub-cp035_ses-20220125_level-03B_run-011,sub-cp035,5,10000,45,51,50,2,2,3.0,0.05,2.3441507426905823,0.01,2.9889091433820836,2.9889091433820836,0.8910282850265503,0.9163612723350525,0.9234538674354553,0.8451059460639954
sub-cp035_ses-20220125_level-04B_run-004,sub-cp035,5,10000,45,51,50,3,3,4.0,0.05,3.13320278260719,0.01,4.020670786491203,4.0,0.8468226790428162,0.8504814505577087,0.8736404180526733,0.9177408814430237
sub-cp035_ses-20220125_level-04B_run-006,sub-cp035,5,10000,45,51,50,3,3,4.0,0.05,2.9974966792307955,0.01,4.200525367730534,4.0,0.8622664213180542,0.8633514642715454,0.8872599005699158,0.9172840714454651
sub-cp035_ses-20220125_level-04B_run-009,sub-cp035,5,10000,45,51,50,3,3,4.0,0.05,3.007554115907296,0.01,4.184312585920028,4.0,0.8579528331756592,0.8593133687973022,0.8815268278121948,0.914171040058136
sub-cp005_ses-20210226_level-01B_run-001,sub-cp005,5,1000,46,51,50,0,0,1.0,0.05,2.1312927309052454,0.1,1.6035703991157524,1.6035703991157524,0.9021665453910828,0.8880293369293213,0.8744866251945496,0.8552268147468567
sub-cp005_ses-20210226_level-01B_run-007,sub-cp005,5,1000,46,51,50,0,1,1.0,0.05,2.0844660426655697,0.1,1.595502143125577,1.595502143125577,0.9285826086997986,0.9365105032920837,0.9109955430030823,0.8652180433273315
sub-cp005_ses-20210226_level-01B_run-012,sub-cp005,5,1000,46,51,50,0,1,1.0,0.05,2.0440247653799606,0.1,0.9933737648050229,1.0,0.9248050451278687,0.9264745116233826,0.9022801518440247,0.8545924425125122
sub-cp005_ses-20210226_level-02B_run-003,sub-cp005,5,1000,46,51,50,1,2,2.0,0.05,2.492199948908896,0.1,1.8500087164852592,1.8500087164852592,0.8583196401596069,0.872687816619873,0.879747748374939,0.8534823060035706
sub-cp005_ses-20210226_level-02B_run-008,sub-cp005,5,1000,46,51,50,1,1,2.0,0.05,2.2391557171739,0.1,2.3335889573191926,2.3335889573191926,0.8967970013618469,0.921351969242096,0.91147381067276,0.8437554240226746
sub-cp005_ses-20210226_level-02B_run-010,sub-cp005,5,1000,46,51,50,1,1,2.0,0.05,2.1363951815235875,0.1,1.7847838568839127,1.7847838568839127,0.9179244041442871,0.9317800402641296,0.9112080931663513,0.8579228520393372
sub-cp005_ses-20210226_level-03B_run-002,sub-cp005,5,1000,46,51,50,2,3,3.0,0.05,3.1442185843467096,0.1,3.8594075241559267,3.8594075241559267,0.7671990990638733,0.7657155394554138,0.7905746102333069,0.8374118208885193
sub-cp005_ses-20210226_level-03B_run-005,sub-cp005,5,1000,46,51,50,2,2,3.0,0.05,2.5806608648502607,0.1,3.398267509786445,3.398267509786445,0.8654700517654419,0.8964971899986267,0.9196577668190002,0.8655351996421814
sub-cp005_ses-20210226_level-03B_run-011,sub-cp005,5,1000,46,51,50,2,2,3.0,0.05,2.559680576075283,0.1,2.9673502614614513,2.9673502614614513,0.8969588875770569,0.904050350189209,0.9172663688659668,0.9004251956939697
sub-cp005_ses-20210226_level-04B_run-004,sub-cp005,5,1000,46,51,50,3,3,4.0,0.05,2.956266464760342,0.1,3.4427080563279726,3.4427080563279726,0.7548679709434509,0.759364664554596,0.772878110408783,0.8066452145576477
sub-cp005_ses-20210226_level-04B_run-006,sub-cp005,5,1000,46,51,50,3,3,4.0,0.05,3.017833534853049,0.1,4.444454617436983,4.0,0.8624210357666016,0.866833508014679,0.8871345520019531,0.920830488204956
sub-cp005_ses-20210226_level-04B_run-009,sub-cp005,5,1000,46,51,50,3,3,4.0,0.05,2.9646711618580843,0.1,3.341211855758495,3.341211855758495,0.8365446329116821,0.8262451887130737,0.848234236240387,0.8845661282539368
sub-cp017_ses-20210521_level-01B_run-001,sub-cp017,5,1000,46,51,50,0,1,1.0,0.05,1.9973574904952558,0.1,1.5024367095852318,1.5024367095852318,0.9269366264343262,0.9311527609825134,0.9033961296081543,0.8422752618789673
sub-cp017_ses-20210521_level-01B_run-007,sub-cp017,5,1000,46,51,50,0,1,1.0,0.05,2.0541127339368117,0.1,1.390527576885483,1.390527576885483,0.8873260617256165,0.8968631029129028,0.8745397925376892,0.8065923452377319
sub-cp017_ses-20210521_level-01B_run-012,sub-cp017,5,1000,46,51,50,0,1,1.0,0.05,2.0922354330390767,0.1,1.2815012414574292,1.2815012414574292,0.8567546606063843,0.8632268309593201,0.8479153513908386,0.7830151915550232
sub-cp017_ses-20210521_level-02B_run-003,sub-cp017,5,1000,46,51,50,1,1,2.0,0.05,2.2349016856770025,0.1,2.39106999842088,2.39106999842088,0.8820914030075073,0.914896547794342,0.9019081592559814,0.8238258361816406
sub-cp017_ses-20210521_level-02B_run-008,sub-cp017,5,1000,46,51,50,1,1,2.0,0.05,2.231010836534769,0.1,2.3230043174504926,2.3230043174504926,0.8576990365982056,0.8821749687194824,0.8701289296150208,0.8054293394088745
sub-cp017_ses-20210521_level-02B_run-010,sub-cp017,5,1000,46,51,50,1,1,2.0,0.05,2.1365335355437405,0.1,1.7654512223046974,1.7654512223046974,0.9083725810050964,0.9279119968414307,0.9033430218696594,0.8480373620986938
sub-cp017_ses-20210521_level-03B_run-002,sub-cp017,5,1000,46,51,50,2,2,3.0,0.05,2.440490142748117,0.1,3.4897535727577598,3.4897535727577598,0.8538674712181091,0.8849453330039978,0.8980287313461304,0.8267862200737
sub-cp017_ses-20210521_level-03B_run-005,sub-cp017,5,1000,46,51,50,2,1,3.0,0.05,2.29229596234084,0.1,2.6983558281316182,2.6983558281316182,0.9120961427688599,0.9307868480682373,0.9296485781669617,0.8683369755744934
sub-cp017_ses-20210521_level-03B_run-011,sub-cp017,5,1000,46,51,50,2,2,3.0,0.05,2.5176822588986396,0.1,3.5149343873246273,3.5149343873246273,0.8763710856437683,0.902874231338501,0.921570897102356,0.8660638332366943
sub-cp017_ses-20210521_level-04B_run-004,sub-cp017,5,1000,46,51,50,3,3,4.0,0.05,3.073498186165417,0.1,3.9674462797135304,3.9674462797135304,0.8661176562309265,0.8682186603546143,0.888835072517395,0.929764449596405
sub-cp017_ses-20210521_level-04B_run-006,sub-cp017,5,1000,46,51,50,3,3,4.0,0.05,3.03758744623859,0.1,4.2420292701289535,4.0,0.8685460686683655,0.8755888342857361,0.8942556381225586,0.9300816059112549
sub-cp017_ses-20210521_level-04B_run-009,sub-cp017,5,1000,46,51,50,3,3,4.0,0.05,3.0716164655834204,0.1,4.352387950027344,4.0,0.8603973388671875,0.8678528070449829,0.8870813846588135,0.9258525371551514
sub-cp022_ses-20210621_level-01B_run-001,sub-cp022,5,1000,46,51,50,0,0,1.0,0.05,2.1696609253988766,0.1,1.8792506875529893,1.8792506875529893,0.9040552973747253,0.8922632336616516,0.8812357187271118,0.8612532615661621
sub-cp022_ses-20210621_level-01B_run-007,sub-cp022,5,1000,46,51,50,0,0,1.0,0.05,2.333617380774765,0.1,1.5618512850657673,1.5618512850657673,0.8537325859069824,0.8368300199508667,0.8270303606987,0.836513102054596
sub-cp022_ses-20210621_level-01B_run-012,sub-cp022,5,1000,46,51,50,0,1,1.0,0.05,2.140249450491834,0.1,1.8694127599985921,1.8694127599985921,0.9208925366401672,0.9249848127365112,0.9062126874923706,0.868442714214325
sub-cp022_ses-20210621_level-02B_run-003,sub-cp022,5,1000,46,51,50,1,1,2.0,0.05,2.3905226913355753,0.1,2.6955492337222835,2.6955492337222835,0.9042981863021851,0.9067161679267883,0.9036087393760681,0.8895881175994873
sub-cp022_ses-20210621_level-02B_run-008,sub-cp022,5,1000,46,51,50,1,2,2.0,0.05,2.4583367845045077,0.1,2.901934961543232,2.901934961543232,0.8897814750671387,0.8870100378990173,0.8914922475814819,0.8824515342712402
sub-cp022_ses-20210621_level-02B_run-010,sub-cp022,5,1000,46,51,50,1,2,2.0,0.05,2.460750161328551,0.1,2.372044676263356,2.372044676263356,0.8986587524414062,0.9048082828521729,0.9118458032608032,0.8894295692443848
sub-cp022_ses-20210621_level-03B_run-002,sub-cp022,5,1000,46,51,50,2,3,3.0,0.05,2.9826643806622615,0.1,3.965393443790472,3.965393443790472,0.8405110836029053,0.847388744354248,0.8751775026321411,0.8958260416984558
sub-cp022_ses-20210621_level-03B_run-005,sub-cp022,5,1000,46,51,50,2,2,3.0,0.05,2.633168408644106,0.1,3.289383725775993,3.289383725775993,0.8868943452835083,0.8891792893409729,0.9035555720329285,0.9002137184143066
sub-cp022_ses-20210621_level-03B_run-011,sub-cp022,5,1000,46,51,50,2,3,3.0,0.05,2.6380840870384823,0.1,3.2902487681930173,3.2902487681930173,0.8923987746238708,0.8920019268989563,0.9055749773979187,0.9063459038734436
sub-cp022_ses-20210621_level-04B_run-004,sub-cp022,5,1000,46,51,50,3,3,4.0,0.05,3.1465384272337755,0.1,3.8977142729550285,3.8977142729550285,0.8433172702789307,0.8445138335227966,0.8711917996406555,0.914962649345398
sub-cp022_ses-20210621_level-04B_run-006,sub-cp022,5,1000,46,51,50,3,3,4.0,0.05,3.0305601166353986,0.1,3.882520578002806,3.882520578002806,0.8457726836204529,0.8401492238044739,0.8595004081726074,0.9021167755126953
sub-cp022_ses-20210621_level-04B_run-009,sub-cp022,5,1000,46,51,50,3,3,4.0,0.05,3.141844132857495,0.1,4.3727885362381045,4.0,0.8468250036239624,0.855124831199646,0.8822985887527466,0.9209362268447876
sub-cp028_ses-20211214_level-01B_run-001,sub-cp028,5,1000,46,51,50,0,1,1.0,0.05,2.159000220291902,0.1,1.9616464085544414,1.9616464085544414,0.8796899318695068,0.8875850439071655,0.8735300302505493,0.8237729668617249
sub-cp028_ses-20211214_level-01B_run-007,sub-cp028,5,1000,46,51,50,0,0,1.0,0.05,2.040096978479033,0.1,0.8484164031253068,1.0,0.9135802388191223,0.8993982076644897,0.8858059644699097,0.847191572189331
sub-cp028_ses-20211214_level-01B_run-012,sub-cp028,5,1000,46,51,50,0,0,1.0,0.05,2.096429267379519,0.1,1.395862782031561,1.395862782031561,0.8362748026847839,0.8070617914199829,0.7875986099243164,0.7934821844100952
sub-cp028_ses-20211214_level-02B_run-003,sub-cp028,5,1000,46,51,50,1,1,2.0,0.05,2.3321504099429458,0.1,2.3428239690292805,2.3428239690292805,0.8981460928916931,0.921613335609436,0.9183291792869568,0.8652180433273315
sub-cp028_ses-20211214_level-02B_run-008,sub-cp028,5,1000,46,51,50,1,1,2.0,0.05,2.1593302968721386,0.1,2.172231481127074,2.172231481127074,0.8978762626647949,0.9056707620620728,0.8856465220451355,0.8486188650131226
sub-cp028_ses-20211214_level-02B_run-010,sub-cp028,5,1000,46,51,50,1,1,2.0,0.05,2.122714203642372,0.1,1.4413296345582047,1.4413296345582047,0.925506591796875,0.9353605508804321,0.9142903685569763,0.8660109639167786
sub-cp028_ses-20211214_level-03B_run-002,sub-cp028,5,1000,46,51,50,2,2,3.0,0.05,2.4886379709252267,0.1,2.7115034438109498,2.7115034438109498,0.8544071316719055,0.8828022480010986,0.895849883556366,0.8420109152793884
sub-cp028_ses-20211214_level-03B_run-005,sub-cp028,5,1000,46,51,50,2,2,3.0,0.05,2.4178528614251666,0.1,3.0632560775213635,3.0632560775213635,0.8842230439186096,0.9108977913856506,0.9198172092437744,0.8583986163139343
sub-cp028_ses-20211214_level-03B_run-011,sub-cp028,5,1000,46,51,50,2,2,3.0,0.05,2.41341469176096,0.1,2.6443320600331317,2.6443320600331317,0.9027601480484009,0.9209599494934082,0.923430860042572,0.8854119181632996
sub-cp028_ses-20211214_level-04B_run-004,sub-cp028,5,1000,46,51,50,3,3,4.0,0.05,3.031533650466471,0.1,3.8373994060889043,3.8373994060889043,0.8587244153022766,0.8635143041610718,0.883255124092102,0.9187688231468201
sub-cp028_ses-20211214_level-04B_run-006,sub-cp028,5,1000,46,51,50,3,3,4.0,0.05,2.992485176340354,0.1,3.6136665897250553,3.6136665897250553,0.8533008694648743,0.8570588231086731,0.8812888860702515,0.9086719155311584
sub-cp028_ses-20211214_level-04B_run-009,sub-cp028,5,1000,46,51,50,3,3,4.0,0.05,2.9421248017810857,0.1,3.6808896245327567,3.6808896245327567,0.8681143522262573,0.857921302318573,0.8775157332420349,0.9138525128364563
sub-cp030_ses-20211025_level-01B_run-001,sub-cp030,5,1000,46,51,50,0,0,1.0,0.05,2.2451350412411646,0.1,1.4979309259508349,1.4979309259508349,0.8852483630180359,0.8688720464706421,0.8627421259880066,0.8540638089179993
sub-cp030_ses-20211025_level-01B_run-007,sub-cp030,5,1000,46,51,50,0,0,1.0,0.05,2.063853031713001,0.1,1.0733264206641957,1.0733264206641957,0.8795010447502136,0.8589667081832886,0.8411131501197815,0.8265747427940369
sub-cp030_ses-20211025_level-01B_run-012,sub-cp030,5,1000,46,51,50,0,0,1.0,0.05,2.0083227063663514,0.1,1.1306352259146744,1.1306352259146744,0.8754266500473022,0.8500022888183594,0.8281995058059692,0.8176937103271484
sub-cp030_ses-20211025_level-02B_run-003,sub-cp030,5,1000,46,51,50,1,2,2.0,0.05,2.4727005002886404,0.1,2.514855401944991,2.514855401944991,0.8499550223350525,0.8532430529594421,0.8577998876571655,0.844178318977356
sub-cp030_ses-20211025_level-02B_run-008,sub-cp030,5,1000,46,51,50,1,1,2.0,0.05,2.2760340786690825,0.1,2.285975580826101,2.285975580826101,0.8980112075805664,0.9114989042282104,0.9098795652389526,0.8543281555175781
sub-cp030_ses-20211025_level-02B_run-010,sub-cp030,5,1000,46,51,50,1,1,2.0,0.05,2.13795284788721,0.1,1.5919618085216036,1.5919618085216036,0.8873530030250549,0.8930734395980835,0.876665472984314,0.8304337859153748
sub-cp030_ses-20211025_level-03B_run-002,sub-cp030,5,1000,46,51,50,2,3,3.0,0.05,2.6293357952877647,0.1,2.40573093760397,2.40573093760397,0.803193986415863,0.8039777874946594,0.8164018392562866,0.8164249658584595
sub-cp030_ses-20211025_level-03B_run-011,sub-cp030,5,1000,46,51,50,2,2,3.0,0.05,2.6123944264117984,0.1,2.838824522307375,2.838824522307375,0.8758853673934937,0.891165554523468,0.9120052456855774,0.8844075202941895
sub-cp030_ses-20211025_level-04B_run-004,sub-cp030,5,1000,46,51,50,3,3,4.0,0.05,2.735367672628363,0.1,2.594559871689196,2.594559871689196,0.8188709616661072,0.7987245917320251,0.8137978911399841,0.8414822816848755
sub-cp030_ses-20211025_level-04B_run-006,sub-cp030,5,1000,46,51,50,3,3,4.0,0.05,2.9335123046141964,0.1,3.3430179191265887,3.3430179191265887,0.7509824633598328,0.7283157706260681,0.7416834831237793,0.793006420135498
sub-cp030_ses-20211025_level-04B_run-009,sub-cp030,5,1000,46,51,50,3,3,4.0,0.05,3.0917536145964646,0.1,4.208677438663368,4.0,0.8366525173187256,0.8337721824645996,0.8467462062835693,0.9001608490943909
sub-cp032_ses-20211105_level-01B_run-001,sub-cp032,5,1000,46,51,50,0,1,1.0,0.05,2.21233547597157,0.1,1.9658106102433794,1.9658106102433794,0.8945844173431396,0.9070820212364197,0.8946807980537415,0.8474029898643494
sub-cp032_ses-20211105_level-01B_run-007,sub-cp032,5,1000,46,51,50,0,0,1.0,0.05,2.123624579059355,0.1,1.6737757372077908,1.6737757372077908,0.8981460928916931,0.8978301286697388,0.8825111389160156,0.841588020324707
sub-cp032_ses-20211105_level-01B_run-012,sub-cp032,5,1000,46,51,50,0,0,1.0,0.05,2.034227855391109,0.1,1.515076219871001,1.515076219871001,0.9136881232261658,0.9072911143302917,0.8821391463279724,0.8500462174415588
sub-cp032_ses-20211105_level-02B_run-003,sub-cp032,5,1000,46,51,50,1,1,2.0,0.05,2.247386452678819,0.1,2.329921963591441,2.329921963591441,0.89763343334198,0.9125966429710388,0.8976036310195923,0.8601959943771362
sub-cp032_ses-20211105_level-02B_run-008,sub-cp032,5,1000,46,51,50,1,1,2.0,0.05,2.2609667288602253,0.1,2.3428298777260306,2.3428298777260306,0.8876768350601196,0.9036321640014648,0.8907482028007507,0.8509448766708374
sub-cp032_ses-20211105_level-02B_run-010,sub-cp032,5,1000,46,51,50,1,1,2.0,0.05,2.1219677787593247,0.1,1.7877632357899582,1.7877632357899582,0.8864895701408386,0.9008095264434814,0.8786317110061646,0.8236144185066223
sub-cp032_ses-20211105_level-03B_run-002,sub-cp032,5,1000,46,51,50,2,2,3.0,0.05,2.4265293748406758,0.1,2.8377073150620555,2.8377073150620555,0.8698952198028564,0.8975948691368103,0.902599036693573,0.8504162430763245
sub-cp032_ses-20211105_level-03B_run-005,sub-cp032,5,1000,46,51,50,2,1,3.0,0.05,2.3453930098382605,0.1,2.7746123927669237,2.7746123927669237,0.8972287178039551,0.9123613834381104,0.9090292453765869,0.871244490146637
sub-cp032_ses-20211105_level-03B_run-011,sub-cp032,5,1000,46,51,50,2,2,3.0,0.05,2.4669380014879323,0.1,2.756672300528641,2.756672300528641,0.8827659487724304,0.9067161679267883,0.9110486507415771,0.8738347887992859
sub-cp032_ses-20211105_level-04B_run-004,sub-cp032,5,1000,46,51,50,3,3,4.0,0.05,2.874467491366942,0.1,4.086968663364356,4.0,0.8718649744987488,0.8785421848297119,0.8999418616294861,0.9147511720657349
sub-cp032_ses-20211105_level-04B_run-006,sub-cp032,5,1000,46,51,50,3,3,4.0,0.05,2.9125698136070106,0.1,3.960841132158415,3.960841132158415,0.8682762384414673,0.8668073415756226,0.8823516964912415,0.9134296178817749
sub-cp032_ses-20211105_level-04B_run-009,sub-cp032,5,1000,46,51,50,3,3,4.0,0.05,2.9666242331756174,0.1,3.963124319402511,3.963124319402511,0.867169976234436,0.8705970048904419,0.8950527906417847,0.9195089340209961
sub-cp035_ses-20220125_level-01B_run-001,sub-cp035,5,1000,46,51,50,0,1,1.0,0.05,2.2338346617197615,0.1,1.8019005557605596,1.8019005557605596,0.9006825089454651,0.9015936255455017,0.8922893404960632,0.8625748753547668
sub-cp035_ses-20220125_level-01B_run-007,sub-cp035,5,1000,46,51,50,0,1,1.0,0.05,2.0968749488826077,0.1,1.7003547563847143,1.7003547563847143,0.9240224957466125,0.9260302186012268,0.9083384275436401,0.8608303666114807
sub-cp035_ses-20220125_level-01B_run-012,sub-cp035,5,1000,46,51,50,0,0,1.0,0.05,2.148529887398804,0.1,1.793146187439683,1.793146187439683,0.9050536751747131,0.901854932308197,0.884477436542511,0.8580814599990845
sub-cp035_ses-20220125_level-02B_run-003,sub-cp035,5,1000,46,51,50,1,1,2.0,0.05,2.2952067028657965,0.1,2.4161623744502485,2.4161623744502485,0.903515636920929,0.9213781356811523,0.9118989706039429,0.8706629872322083
sub-cp035_ses-20220125_level-02B_run-008,sub-cp035,5,1000,46,51,50,1,1,2.0,0.05,2.1700708148947903,0.1,1.894244468329315,1.894244468329315,0.9006015062332153,0.9235212206840515,0.9048841595649719,0.8391034007072449
sub-cp035_ses-20220125_level-02B_run-010,sub-cp035,5,1000,46,51,50,1,1,2.0,0.05,2.153097554807946,0.1,1.864362188680414,1.864362188680414,0.9168181419372559,0.9275721907615662,0.9092949628829956,0.861781895160675
sub-cp035_ses-20220125_level-03B_run-002,sub-cp035,5,1000,46,51,50,2,2,3.0,0.05,2.5475230768165864,0.1,2.899141184065154,2.899141184065154,0.8530580401420593,0.8678005337715149,0.880810558795929,0.8544867038726807
sub-cp035_ses-20220125_level-03B_run-005,sub-cp035,5,1000,46,51,50,2,2,3.0,0.05,2.533167144062604,0.1,3.27269962441542,3.27269962441542,0.8970937728881836,0.9140601754188538,0.9268851280212402,0.8959846496582031
sub-cp035_ses-20220125_level-03B_run-011,sub-cp035,5,1000,46,51,50,2,2,3.0,0.05,2.4209916833848695,0.1,2.8892330709899063,2.8892330709899063,0.8846277594566345,0.9094603657722473,0.9171069264411926,0.8619933724403381
sub-cp035_ses-20220125_level-04B_run-004,sub-cp035,5,1000,46,51,50,3,3,4.0,0.05,3.12862848434455,0.1,4.62394074888868,4.0,0.8570244908332825,0.8654221892356873,0.8860185742378235,0.9292358160018921
sub-cp035_ses-20220125_level-04B_run-006,sub-cp035,5,1000,46,51,50,3,3,4.0,0.05,2.9364134166439184,0.1,4.361997383706299,4.0,0.8663874864578247,0.873811662197113,0.8951590657234192,0.9167071580886841
sub-cp035_ses-20220125_level-04B_run-009,sub-cp035,5,1000,46,51,50,3,3,4.0,0.05,2.9272280964028785,0.1,4.595985503505148,4.0,0.8638510704040527,0.8695777058601379,0.8866562843322754,0.9127423763275146
sub-cp005_ses-20210226_level-01B_run-001,sub-cp005,5,2000,46,51,50,0,0,1.0,0.05,2.0336130903859653,0.01,1.6709810986181597,1.6709810986181597,0.8916150331497192,0.8759219646453857,0.856709361076355,0.8303416967391968
sub-cp005_ses-20210226_level-01B_run-007,sub-cp005,5,2000,46,51,50,0,1,1.0,0.05,2.0689046374985294,0.01,1.2563550914707662,1.2563550914707662,0.9192546010017395,0.9296892285346985,0.9071984887123108,0.8432359099388123
sub-cp005_ses-20210226_level-01B_run-012,sub-cp005,5,2000,46,51,50,0,1,1.0,0.05,2.0033621814905826,0.01,0.648341356728455,1.0,0.9233472943305969,0.9249783754348755,0.9012554883956909,0.8385373950004578
sub-cp005_ses-20210226_level-02B_run-003,sub-cp005,5,2000,46,51,50,1,2,2.0,0.05,2.5655951944294495,0.01,1.9846691485488281,1.9846691485488281,0.8426796197891235,0.855959951877594,0.8671766519546509,0.8479611277580261
sub-cp005_ses-20210226_level-02B_run-008,sub-cp005,5,2000,46,51,50,1,1,2.0,0.05,2.1616398744496452,0.01,2.3082169495359035,2.3082169495359035,0.898395299911499,0.9227545261383057,0.9076803922653198,0.8240147233009338
sub-cp005_ses-20210226_level-02B_run-010,sub-cp005,5,2000,46,51,50,1,1,2.0,0.05,2.118119996758346,0.01,1.7047803915690265,1.7047803915690265,0.9140158891677856,0.9319525957107544,0.9097416996955872,0.8454516530036926
sub-cp005_ses-20210226_level-03B_run-002,sub-cp005,5,2000,46,51,50,2,3,3.0,0.05,3.17507014882278,0.01,3.240715388092938,3.240715388092938,0.7428442239761353,0.7353981137275696,0.7550350427627563,0.8138167858123779
sub-cp005_ses-20210226_level-03B_run-005,sub-cp005,5,2000,46,51,50,2,2,3.0,0.05,2.486961344096946,0.01,3.378660673514108,3.378660673514108,0.870482861995697,0.9012791514396667,0.9175854921340942,0.8532736301422119
sub-cp005_ses-20210226_level-03B_run-011,sub-cp005,5,2000,46,51,50,2,2,3.0,0.05,2.546560777883074,0.01,3.0094677780088412,3.0094677780088412,0.8884772658348083,0.8997132778167725,0.9144533276557922,0.888992965221405
sub-cp005_ses-20210226_level-04B_run-004,sub-cp005,5,2000,46,51,50,3,3,4.0,0.05,2.996117824717725,0.01,4.098471876830324,4.0,0.7567868232727051,0.7511888146400452,0.7657431960105896,0.8095187544822693
sub-cp005_ses-20210226_level-04B_run-006,sub-cp005,5,2000,46,51,50,3,3,4.0,0.05,3.1819897718677517,0.01,4.519418535522644,4.0,0.8407832980155945,0.8456828594207764,0.8681939244270325,0.9175844788551331
sub-cp005_ses-20210226_level-04B_run-009,sub-cp005,5,2000,46,51,50,3,3,4.0,0.05,2.9796283132378996,0.01,3.1756371816839364,3.1756371816839364,0.824425995349884,0.8112723231315613,0.8292695879936218,0.8732689619064331
sub-cp017_ses-20210521_level-01B_run-001,sub-cp017,5,2000,46,51,50,0,1,1.0,0.05,2.0315094543353838,0.01,1.9764356566333743,1.9764356566333743,0.9189135432243347,0.9249388575553894,0.9040663838386536,0.8321837186813354
sub-cp017_ses-20210521_level-01B_run-007,sub-cp017,5,2000,46,51,50,0,1,1.0,0.05,2.0142649782959183,0.01,1.3463507069010872,1.3463507069010872,0.8885318040847778,0.893581211566925,0.8737889528274536,0.7933676242828369
sub-cp017_ses-20210521_level-01B_run-012,sub-cp017,5,2000,46,51,50,0,1,1.0,0.05,2.0392403108031907,0.01,1.3623816083610738,1.3623816083610738,0.8546167016029358,0.857867956161499,0.8419855833053589,0.7662444114685059
sub-cp017_ses-20210521_level-02B_run-003,sub-cp017,5,2000,46,51,50,1,1,2.0,0.05,2.207498918907019,0.01,2.4212793778652784,2.4212793778652784,0.8799098134040833,0.9135827422142029,0.9002113938331604,0.8079436421394348
sub-cp017_ses-20210521_level-02B_run-008,sub-cp017,5,2000,46,51,50,1,1,2.0,0.05,2.2126692151856,0.01,1.9686612871004725,1.9686612871004725,0.849268913269043,0.876764178276062,0.8634822964668274,0.7889627814292908
sub-cp017_ses-20210521_level-02B_run-010,sub-cp017,5,2000,46,51,50,1,1,2.0,0.05,2.110392973614256,0.01,1.7484858926987732,1.7484858926987732,0.9068809151649475,0.9289655089378357,0.9057261347770691,0.830822229385376
sub-cp017_ses-20210521_level-03B_run-002,sub-cp017,5,2000,46,51,50,2,2,3.0,0.05,2.3633234826003906,0.01,3.2096236616388003,3.2096236616388003,0.8607149124145508,0.8894098401069641,0.8975343704223633,0.8166999816894531
sub-cp017_ses-20210521_level-03B_run-005,sub-cp017,5,2000,46,51,50,2,1,3.0,0.05,2.276737734374279,0.01,2.896229390097757,2.896229390097757,0.9047117233276367,0.9260573983192444,0.9256969094276428,0.8519921898841858
sub-cp017_ses-20210521_level-03B_run-011,sub-cp017,5,2000,46,51,50,2,2,3.0,0.05,2.444596886394957,0.01,3.445998704669141,3.445998704669141,0.8695688247680664,0.897660493850708,0.9119904041290283,0.8436897397041321
sub-cp017_ses-20210521_level-04B_run-004,sub-cp017,5,2000,46,51,50,3,3,4.0,0.05,3.0777712414116998,0.01,3.682959825570059,3.682959825570059,0.8581910133361816,0.8600523471832275,0.8796784281730652,0.9221762418746948
sub-cp017_ses-20210521_level-04B_run-006,sub-cp017,5,2000,46,51,50,3,3,4.0,0.05,3.1824944822722667,0.01,4.373655815379607,4.0,0.8463767170906067,0.8533676266670227,0.8731732368469238,0.923911452293396
sub-cp017_ses-20210521_level-04B_run-009,sub-cp017,5,2000,46,51,50,3,3,4.0,0.05,3.1372126262690774,0.01,4.537003888184259,4.0,0.8424067497253418,0.8499857783317566,0.8703355193138123,0.9152085185050964
sub-cp022_ses-20210621_level-01B_run-001,sub-cp022,5,2000,46,51,50,0,0,1.0,0.05,2.1861657167467494,0.01,1.8740614146079222,1.8740614146079222,0.8922425508499146,0.881475031375885,0.8706835508346558,0.8517786264419556
sub-cp022_ses-20210621_level-01B_run-007,sub-cp022,5,2000,46,51,50,0,0,1.0,0.05,2.2868061971698603,0.01,1.6358165484067761,1.6358165484067761,0.8511788249015808,0.8348398804664612,0.8250666260719299,0.8276720643043518
sub-cp022_ses-20210621_level-01B_run-012,sub-cp022,5,2000,46,51,50,0,1,1.0,0.05,2.1572623818344714,0.01,2.1388206086162045,2.1388206086162045,0.9162941575050354,0.9236755967140198,0.9093936681747437,0.8606417179107666
sub-cp022_ses-20210621_level-02B_run-003,sub-cp022,5,2000,46,51,50,1,1,2.0,0.05,2.336246296599327,0.01,2.510930433908187,2.510930433908187,0.8976449370384216,0.9012923240661621,0.8997563123703003,0.872468113899231
sub-cp022_ses-20210621_level-02B_run-008,sub-cp022,5,2000,46,51,50,1,0,2.0,0.05,2.4038026131582537,0.01,2.7141163644606228,2.7141163644606228,0.8790639638900757,0.8787116408348083,0.8787950277328491,0.8652868866920471
sub-cp022_ses-20210621_level-02B_run-010,sub-cp022,5,2000,46,51,50,1,2,2.0,0.05,2.4934403377704557,0.01,2.7883211317135275,2.7883211317135275,0.8866491317749023,0.8989500403404236,0.9047891497612,0.8828529119491577
sub-cp022_ses-20210621_level-03B_run-002,sub-cp022,5,2000,46,51,50,2,3,3.0,0.05,2.9858573911554567,0.01,3.425309028856601,3.425309028856601,0.828191339969635,0.8349320292472839,0.8583958745002747,0.8838673233985901
sub-cp022_ses-20210621_level-03B_run-005,sub-cp022,5,2000,46,51,50,2,2,3.0,0.05,2.6045962817748007,0.01,2.8622238375345255,2.8622238375345255,0.8760353326797485,0.8833699226379395,0.8971595764160156,0.8859496116638184
sub-cp022_ses-20210621_level-03B_run-011,sub-cp022,5,2000,46,51,50,2,2,3.0,0.05,2.5509456845835192,0.01,2.94632178126024,2.94632178126024,0.8932657241821289,0.8928837776184082,0.9061812162399292,0.8955335021018982
sub-cp022_ses-20210621_level-04B_run-004,sub-cp022,5,2000,46,51,50,3,3,4.0,0.05,3.1867309266413484,0.01,3.84995821513187,3.84995821513187,0.8262268304824829,0.8231942653656006,0.8473129272460938,0.9004455804824829
sub-cp022_ses-20210621_level-04B_run-006,sub-cp022,5,2000,46,51,50,3,3,4.0,0.05,3.1418785766036024,0.01,3.8433940127978854,3.8433940127978854,0.821424663066864,0.8147199749946594,0.8341686129570007,0.8891264796257019
sub-cp022_ses-20210621_level-04B_run-009,sub-cp022,5,2000,46,51,50,3,3,4.0,0.05,3.1417944973450447,0.01,3.9635840506465048,3.9635840506465048,0.8350943922996521,0.8455907106399536,0.8713796138763428,0.9100561738014221
sub-cp028_ses-20211214_level-01B_run-001,sub-cp028,5,2000,46,51,50,0,1,1.0,0.05,2.140239855122836,0.01,2.0220449025373726,2.0220449025373726,0.8666902780532837,0.8737507462501526,0.8619831204414368,0.802898108959198
sub-cp028_ses-20211214_level-01B_run-007,sub-cp028,5,2000,46,51,50,0,0,1.0,0.05,1.9953150613912538,0.01,1.0353970854993961,1.0353970854993961,0.9105643630027771,0.8957524299621582,0.8815791606903076,0.8334918022155762
sub-cp028_ses-20211214_level-01B_run-012,sub-cp028,5,2000,46,51,50,0,0,1.0,0.05,2.0813258940698875,0.01,1.3055059374658424,1.3055059374658424,0.8101423978805542,0.7782566547393799,0.7634409666061401,0.7640553116798401
sub-cp028_ses-20211214_level-02B_run-003,sub-cp028,5,2000,46,51,50,1,1,2.0,0.05,2.2760770044693497,0.01,1.9540741628232585,1.9540741628232585,0.8887637257575989,0.9166750907897949,0.9074662327766418,0.8441435694694519
sub-cp028_ses-20211214_level-02B_run-008,sub-cp028,5,2000,46,51,50,1,1,2.0,0.05,2.0427375717719554,0.01,1.8421301951212234,1.8421301951212234,0.8955440521240234,0.8987921476364136,0.8748865127563477,0.8225998282432556
sub-cp028_ses-20211214_level-02B_run-010,sub-cp028,5,2000,46,51,50,1,1,2.0,0.05,2.127954192337622,0.01,1.38474137521065,1.38474137521065,0.9149572253227234,0.9276232719421387,0.9102771282196045,0.848815381526947
sub-cp028_ses-20211214_level-03B_run-002,sub-cp028,5,2000,46,51,50,2,2,3.0,0.05,2.4530205185236986,0.01,2.869639707868301,2.869639707868301,0.8535253405570984,0.8832909464836121,0.8978288173675537,0.8290335536003113
sub-cp028_ses-20211214_level-03B_run-005,sub-cp028,5,2000,46,51,50,2,2,3.0,0.05,2.350946167890065,0.01,2.460208714053962,2.460208714053962,0.8821607828140259,0.9090955853462219,0.9164878726005554,0.8365885615348816
sub-cp028_ses-20211214_level-03B_run-011,sub-cp028,5,2000,46,51,50,2,2,3.0,0.05,2.389212030621667,0.01,2.593588756128062,2.593588756128062,0.8936067819595337,0.9139775037765503,0.9182814955711365,0.8684369921684265
sub-cp028_ses-20211214_level-04B_run-004,sub-cp028,5,2000,46,51,50,3,3,4.0,0.05,3.1063830628324243,0.01,3.9515470936046757,3.9515470936046757,0.8477136492729187,0.8511306047439575,0.8707370758056641,0.9153954386711121
sub-cp028_ses-20211214_level-04B_run-006,sub-cp028,5,2000,46,51,50,3,3,4.0,0.05,3.070868772173458,0.01,3.596328271936591,3.596328271936591,0.8454899191856384,0.8472224473953247,0.8688364028930664,0.9087480902671814
sub-cp028_ses-20211214_level-04B_run-009,sub-cp028,5,2000,46,51,50,3,3,4.0,0.05,2.8686575951769306,0.01,3.489956841389072,3.489956841389072,0.8626794219017029,0.850380539894104,0.8685687184333801,0.9002854228019714
sub-cp030_ses-20211025_level-01B_run-001,sub-cp030,5,2000,46,51,50,0,0,1.0,0.05,2.1556341256634832,0.01,1.3113246929847575,1.3113246929847575,0.8714241981506348,0.8513938188552856,0.8469648957252502,0.8259101510047913
sub-cp030_ses-20211025_level-01B_run-007,sub-cp030,5,2000,46,51,50,0,0,1.0,0.05,1.9630749665953484,0.01,1.36884192538367,1.36884192538367,0.8750121593475342,0.8535386919975281,0.8333922624588013,0.803565502166748
sub-cp030_ses-20211025_level-01B_run-012,sub-cp030,5,2000,46,51,50,0,0,1.0,0.05,1.9078124492288797,0.01,1.0856420331778815,1.0856420331778815,0.8756260871887207,0.845603883266449,0.8246918320655823,0.8002018332481384
sub-cp030_ses-20211025_level-02B_run-003,sub-cp030,5,2000,46,51,50,1,0,2.0,0.05,2.3270504297172585,0.01,2.076039315700441,2.076039315700441,0.8387233018875122,0.8359847068786621,0.8364173173904419,0.8126955628395081
sub-cp030_ses-20211025_level-02B_run-008,sub-cp030,5,2000,46,51,50,1,1,2.0,0.05,2.222061636704172,0.01,1.8706551664184894,1.8706551664184894,0.8848756551742554,0.9014239311218262,0.8963832259178162,0.8263906836509705
sub-cp030_ses-20211025_level-02B_run-010,sub-cp030,5,2000,46,51,50,1,1,2.0,0.05,2.1263575680863784,0.01,1.460211379278813,1.460211379278813,0.8818197250366211,0.887396514415741,0.8747527003288269,0.8166732788085938
sub-cp030_ses-20211025_level-03B_run-002,sub-cp030,5,2000,46,51,50,2,3,3.0,0.05,2.6118584159171347,0.01,2.5674498537730903,2.5674498537730903,0.794344425201416,0.7898890972137451,0.8006787300109863,0.8053808212280273
sub-cp030_ses-20211025_level-03B_run-011,sub-cp030,5,2000,46,51,50,2,2,3.0,0.05,2.5783604704149425,0.01,3.052942238361826,3.052942238361826,0.8704555630683899,0.8845147490501404,0.9032365083694458,0.8742033243179321
sub-cp030_ses-20211025_level-04B_run-004,sub-cp030,5,2000,46,51,50,3,3,4.0,0.05,2.651228051786565,0.01,2.9489162902972126,2.9489162902972126,0.8046581149101257,0.7805463075637817,0.7927278876304626,0.818488597869873
sub-cp030_ses-20211025_level-04B_run-006,sub-cp030,5,2000,46,51,50,3,3,4.0,0.05,3.050468056450635,0.01,3.403463575066895,3.403463575066895,0.7442630529403687,0.7242130637168884,0.7413017749786377,0.798359751701355
sub-cp030_ses-20211025_level-04B_run-009,sub-cp030,5,2000,46,51,50,3,3,4.0,0.05,3.2371301590879105,0.01,3.661265934044186,3.661265934044186,0.8116839528083801,0.8061666488647461,0.821988046169281,0.8897671699523926
sub-cp032_ses-20211105_level-01B_run-001,sub-cp032,5,2000,46,51,50,0,1,1.0,0.05,2.2044333444768247,0.01,1.9389692027020182,1.9389692027020182,0.8938660025596619,0.9059374332427979,0.8960620164871216,0.8417676091194153
sub-cp032_ses-20211105_level-01B_run-007,sub-cp032,5,2000,46,51,50,0,1,1.0,0.05,2.1490731959397724,0.01,1.7580474268589925,1.7580474268589925,0.8904008269309998,0.8967788219451904,0.8847380876541138,0.8305018544197083
sub-cp032_ses-20211105_level-01B_run-012,sub-cp032,5,2000,46,51,50,0,0,1.0,0.05,2.073610081529405,0.01,1.4122773720754855,1.4122773720754855,0.9026926755905151,0.8963708877563477,0.8771084547042847,0.8429422378540039
sub-cp032_ses-20211105_level-02B_run-003,sub-cp032,5,2000,46,51,50,1,1,2.0,0.05,2.2277332616759438,0.01,2.5490883185441198,2.5490883185441198,0.8966354131698608,0.914030134677887,0.9017373323440552,0.8498298525810242
sub-cp032_ses-20211105_level-02B_run-008,sub-cp032,5,2000,46,51,50,1,1,2.0,0.05,2.2436868237599232,0.01,2.439722638760749,2.439722638760749,0.8905509114265442,0.9095298051834106,0.8991673588752747,0.8446508049964905
sub-cp032_ses-20211105_level-02B_run-010,sub-cp032,5,2000,46,51,50,1,1,2.0,0.05,2.149233717973071,0.01,2.192622266517329,2.192622266517329,0.8883681297302246,0.9057926535606384,0.8888607025146484,0.8230803608894348
sub-cp032_ses-20211105_level-03B_run-002,sub-cp032,5,2000,46,51,50,2,2,3.0,0.05,2.3755837033702547,0.01,3.0113069847755067,3.0113069847755067,0.8736615777015686,0.9050294756889343,0.9084299802780151,0.8399255871772766
sub-cp032_ses-20211105_level-03B_run-005,sub-cp032,5,2000,46,51,50,2,1,3.0,0.05,2.3028345498694183,0.01,2.475310911581881,2.475310911581881,0.8962398171424866,0.9147539138793945,0.9118565917015076,0.8579187393188477
sub-cp032_ses-20211105_level-03B_run-011,sub-cp032,5,2000,46,51,50,2,2,3.0,0.05,2.421306105365398,0.01,2.603621271876957,2.603621271876957,0.8836614489555359,0.9094640016555786,0.9136769771575928,0.8643258213996887
sub-cp032_ses-20211105_level-04B_run-004,sub-cp032,5,2000,46,51,50,3,3,4.0,0.05,2.8450514213536082,0.01,3.976592036223357,3.976592036223357,0.8676998019218445,0.8722506761550903,0.8911094665527344,0.9067725539207458
sub-cp032_ses-20211105_level-04B_run-006,sub-cp032,5,2000,46,51,50,3,3,4.0,0.05,3.035261405968301,0.01,3.7793030250929767,3.7793030250929767,0.8490233421325684,0.8476040363311768,0.8665608763694763,0.907253086566925
sub-cp032_ses-20211105_level-04B_run-009,sub-cp032,5,2000,46,51,50,3,3,4.0,0.05,2.951731012115154,0.01,3.779319114576422,3.779319114576422,0.8590232133865356,0.8643816113471985,0.8863978385925293,0.9103765487670898
sub-cp035_ses-20220125_level-01B_run-001,sub-cp035,5,2000,46,51,50,0,1,1.0,0.05,2.1643698754518894,0.01,1.890459369737228,1.890459369737228,0.8990092277526855,0.9017923474311829,0.8897441625595093,0.8466262817382812
sub-cp035_ses-20220125_level-01B_run-007,sub-cp035,5,2000,46,51,50,0,0,1.0,0.05,2.0783003863267155,0.01,1.1964593824584342,1.1964593824584342,0.914370596408844,0.9128458499908447,0.8972131013870239,0.8470801115036011
sub-cp035_ses-20220125_level-01B_run-012,sub-cp035,5,2000,46,51,50,0,0,1.0,0.05,2.143449691815935,0.01,1.93406835455187,1.93406835455187,0.9066353440284729,0.9051215648651123,0.8906810879707336,0.8549287915229797
sub-cp035_ses-20220125_level-02B_run-003,sub-cp035,5,2000,46,51,50,1,1,2.0,0.05,2.308851763114154,0.01,2.6921784916133866,2.6921784916133866,0.8957213759422302,0.9113062620162964,0.9064489603042603,0.8627240657806396
sub-cp035_ses-20220125_level-02B_run-008,sub-cp035,5,2000,46,51,50,1,1,2.0,0.05,2.1934537148704134,0.01,2.1171081739213036,2.1171081739213036,0.891956090927124,0.9204911589622498,0.9050836563110352,0.8264173865318298
sub-cp035_ses-20220125_level-02B_run-010,sub-cp035,5,2000,46,51,50,1,1,2.0,0.05,2.1895646706578513,0.01,1.967126097098465,1.967126097098465,0.9058576822280884,0.9222149848937988,0.9084299802780151,0.8505772948265076
sub-cp035_ses-20220125_level-03B_run-002,sub-cp035,5,2000,46,51,50,2,2,3.0,0.05,2.4650586137453625,0.01,2.8290065648162406,2.8290065648162406,0.8466086387634277,0.8631973266601562,0.8737353682518005,0.8339990377426147
sub-cp035_ses-20220125_level-03B_run-005,sub-cp035,5,2000,46,51,50,2,2,3.0,0.05,2.4896600525875936,0.01,3.187719708770639,3.187719708770639,0.886458158493042,0.9069506525993347,0.920851469039917,0.8754580616950989
sub-cp035_ses-20220125_level-03B_run-011,sub-cp035,5,2000,46,51,50,2,2,3.0,0.05,2.4118961135055716,0.01,3.2624536760945286,3.2624536760945286,0.8814241290092468,0.9104641079902649,0.9203160405158997,0.851218044757843
sub-cp035_ses-20220125_level-04B_run-004,sub-cp035,5,2000,46,51,50,3,3,4.0,0.05,3.1788672743234834,0.01,4.697508322241232,4.0,0.838627815246582,0.8522096276283264,0.8749132752418518,0.9189726710319519
sub-cp035_ses-20220125_level-04B_run-006,sub-cp035,5,2000,46,51,50,3,3,4.0,0.05,3.02863197874007,0.01,4.584669276990048,4.0,0.8583274483680725,0.8647632598876953,0.8871741890907288,0.9187057018280029
sub-cp035_ses-20220125_level-04B_run-009,sub-cp035,5,2000,46,51,50,3,3,4.0,0.05,3.0091630021168205,0.01,4.524997464829654,4.0,0.8580136895179749,0.8660659790039062,0.8883253335952759,0.9168103337287903
sub-cp005_ses-20210226_level-01B_run-001,sub-cp005,5,5000,46,51,50,0,0,1.0,0.05,2.0023679513518573,0.01,1.582861295751468,1.582861295751468,0.900456428527832,0.8855517506599426,0.8677947521209717,0.8296777009963989
sub-cp005_ses-20210226_level-01B_run-007,sub-cp005,5,5000,46,51,50,0,1,1.0,0.05,2.057045887082863,0.01,1.6305388087153454,1.6305388087153454,0.9178537726402283,0.9303404688835144,0.9068587422370911,0.8353962302207947
sub-cp005_ses-20210226_level-01B_run-012,sub-cp005,5,5000,46,51,50,0,1,1.0,0.05,1.9826546926704918,0.01,1.0733367553976498,1.0733367553976498,0.9212495684623718,0.9242176413536072,0.898802638053894,0.8283809423446655
sub-cp005_ses-20210226_level-02B_run-003,sub-cp005,5,5000,46,51,50,1,2,2.0,0.05,2.5212147329695678,0.01,1.986591455449282,1.986591455449282,0.8475797772407532,0.8580436706542969,0.8688937425613403,0.8459191918373108
sub-cp005_ses-20210226_level-02B_run-008,sub-cp005,5,5000,46,51,50,1,1,2.0,0.05,2.1856718646284206,0.01,2.2297391123928447,2.2297391123928447,0.8912524580955505,0.922541081905365,0.9064639210700989,0.819144070148468
sub-cp005_ses-20210226_level-02B_run-010,sub-cp005,5,5000,46,51,50,1,1,2.0,0.05,2.147920672374109,0.01,1.8922213348791597,1.8922213348791597,0.9119369387626648,0.9313442707061768,0.912834107875824,0.8463124632835388
sub-cp005_ses-20210226_level-03B_run-002,sub-cp005,5,5000,46,51,50,2,3,3.0,0.05,3.0908733276815465,0.01,2.9653356589367927,2.9653356589367927,0.7610549330711365,0.7518215775489807,0.7717726230621338,0.8225560784339905
sub-cp005_ses-20210226_level-03B_run-005,sub-cp005,5,5000,46,51,50,2,2,3.0,0.05,2.4502479970867173,0.01,3.2500106488763123,3.2500106488763123,0.8677263855934143,0.9005934596061707,0.9132182002067566,0.8434426188468933
sub-cp005_ses-20210226_level-03B_run-011,sub-cp005,5,5000,46,51,50,2,2,3.0,0.05,2.532912896578314,0.01,2.950051883785477,2.950051883785477,0.8907471299171448,0.8960893750190735,0.9123646020889282,0.8886275887489319
sub-cp005_ses-20210226_level-04B_run-004,sub-cp005,5,5000,46,51,50,3,3,4.0,0.05,2.9799599552398224,0.01,3.491774814181075,3.491774814181075,0.7722039818763733,0.7671891450881958,0.7855159640312195,0.823406457901001
sub-cp005_ses-20210226_level-04B_run-006,sub-cp005,5,5000,46,51,50,3,3,4.0,0.05,3.181585494405816,0.01,4.498150055502517,4.0,0.8417009711265564,0.8483312129974365,0.8717960715293884,0.9192823767662048
sub-cp005_ses-20210226_level-04B_run-009,sub-cp005,5,5000,46,51,50,3,3,4.0,0.05,2.9397975859691963,0.01,3.7480262112594644,3.7480262112594644,0.8327632546424866,0.8205340504646301,0.8388141989707947,0.8777644634246826
sub-cp017_ses-20210521_level-01B_run-001,sub-cp017,5,5000,46,51,50,0,1,1.0,0.05,2.033791490715359,0.01,1.2800785777398158,1.2800785777398158,0.9193913340568542,0.9249744415283203,0.9047139883041382,0.8332597613334656
sub-cp017_ses-20210521_level-01B_run-007,sub-cp017,5,5000,46,51,50,0,1,1.0,0.05,2.0351627500413487,0.01,0.9821717190498223,1.0,0.8921272158622742,0.9000521302223206,0.8802149891853333,0.800766110420227
sub-cp017_ses-20210521_level-01B_run-012,sub-cp017,5,5000,46,51,50,0,1,1.0,0.05,2.055332933714283,0.01,1.356903588537866,1.356903588537866,0.8578486442565918,0.8647919297218323,0.8454297780990601,0.7764782309532166
sub-cp017_ses-20210521_level-02B_run-003,sub-cp017,5,5000,46,51,50,1,1,2.0,0.05,2.2013039397810523,0.01,2.3224988285998074,2.3224988285998074,0.8797991275787354,0.916045069694519,0.9011287689208984,0.8037847876548767
sub-cp017_ses-20210521_level-02B_run-008,sub-cp017,5,5000,46,51,50,1,1,2.0,0.05,2.235002274204274,0.01,2.173291198443701,2.173291198443701,0.8409402966499329,0.8701527118682861,0.8573591709136963,0.7865016460418701
sub-cp017_ses-20210521_level-02B_run-010,sub-cp017,5,5000,46,51,50,1,1,2.0,0.05,2.1112755080125774,0.01,1.5633829872333256,1.5633829872333256,0.9051127433776855,0.9279491305351257,0.9047353267669678,0.8281152248382568
sub-cp017_ses-20210521_level-03B_run-002,sub-cp017,5,5000,46,51,50,2,2,3.0,0.05,2.385184104933948,0.01,3.2190522586102173,3.2190522586102173,0.8578161001205444,0.8904290199279785,0.8997736573219299,0.8161466717720032
sub-cp017_ses-20210521_level-03B_run-005,sub-cp017,5,5000,46,51,50,2,1,3.0,0.05,2.2483527616958137,0.01,2.537357916767962,2.537357916767962,0.9022656679153442,0.9243963360786438,0.9218931794166565,0.8417313098907471
sub-cp017_ses-20210521_level-03B_run-011,sub-cp017,5,5000,46,51,50,2,2,3.0,0.05,2.3826727808843993,0.01,3.0655229349896667,3.0655229349896667,0.8808966279029846,0.9073627591133118,0.9163873195648193,0.8442397713661194
sub-cp017_ses-20210521_level-04B_run-004,sub-cp017,5,5000,46,51,50,3,3,4.0,0.05,2.996469856688583,0.01,3.649920530850368,3.649920530850368,0.8666777610778809,0.8673198819160461,0.8873960971832275,0.9214401245117188
sub-cp017_ses-20210521_level-04B_run-006,sub-cp017,5,5000,46,51,50,3,3,4.0,0.05,3.166307416776055,0.01,4.366230373092813,4.0,0.8497422337532043,0.852115273475647,0.8735886812210083,0.9236722588539124
sub-cp017_ses-20210521_level-04B_run-009,sub-cp017,5,5000,46,51,50,3,3,4.0,0.05,3.0319545877878182,0.01,4.024008357305022,4.0,0.8564305901527405,0.8567455410957336,0.8741755485534668,0.9148818850517273
sub-cp022_ses-20210621_level-01B_run-001,sub-cp022,5,5000,46,51,50,0,0,1.0,0.05,2.183393673632438,0.01,1.9217448576292449,1.9217448576292449,0.8955012559890747,0.8831446766853333,0.8738234639167786,0.8543269634246826
sub-cp022_ses-20210621_level-01B_run-007,sub-cp022,5,5000,46,51,50,0,0,1.0,0.05,2.3234446111846854,0.01,1.8200175576246627,1.8200175576246627,0.8637818098068237,0.8463130593299866,0.8421646356582642,0.8432725071907043
sub-cp022_ses-20210621_level-01B_run-012,sub-cp022,5,5000,46,51,50,0,1,1.0,0.05,2.1392511745076837,0.01,1.795842201394482,1.795842201394482,0.920526921749115,0.9268296957015991,0.9137090444564819,0.8592376708984375
sub-cp022_ses-20210621_level-02B_run-003,sub-cp022,5,5000,46,51,50,1,0,2.0,0.05,2.3287610522328035,0.01,2.513671243410547,2.513671243410547,0.8952133059501648,0.8927152156829834,0.8919843435287476,0.8701432943344116
sub-cp022_ses-20210621_level-02B_run-008,sub-cp022,5,5000,46,51,50,1,0,2.0,0.05,2.3801022273314487,0.01,2.659330623645399,2.659330623645399,0.8817442059516907,0.8776788115501404,0.8773019909858704,0.8651900887489319
sub-cp022_ses-20210621_level-02B_run-010,sub-cp022,5,5000,46,51,50,1,2,2.0,0.05,2.495775955260167,0.01,2.380569640491306,2.380569640491306,0.8879707455635071,0.8952747583389282,0.9015982747077942,0.8846415877342224
sub-cp022_ses-20210621_level-03B_run-002,sub-cp022,5,5000,46,51,50,2,3,3.0,0.05,3.0130605392422303,0.01,3.6728456136166088,3.6728456136166088,0.8294978737831116,0.8325431942939758,0.8601441383361816,0.8869481682777405
sub-cp022_ses-20210621_level-03B_run-005,sub-cp022,5,5000,46,51,50,2,2,3.0,0.05,2.618071889284922,0.01,2.8399435267845115,2.8399435267845115,0.8754035830497742,0.8799965381622314,0.8976609110832214,0.8857470750808716
sub-cp022_ses-20210621_level-03B_run-011,sub-cp022,5,5000,46,51,50,2,2,3.0,0.05,2.6257260633968906,0.01,3.0029114819905116,3.0029114819905116,0.8900625705718994,0.88763827085495,0.9052901864051819,0.9011169672012329
sub-cp022_ses-20210621_level-04B_run-004,sub-cp022,5,5000,46,51,50,3,3,4.0,0.05,3.2252936460101465,0.01,3.745626937176355,3.745626937176355,0.8270583152770996,0.8203868865966797,0.8457071781158447,0.904210090637207
sub-cp022_ses-20210621_level-04B_run-006,sub-cp022,5,5000,46,51,50,3,3,4.0,0.05,3.2135931581994237,0.01,3.848445570948984,3.848445570948984,0.8147791028022766,0.8059127926826477,0.8294990062713623,0.8896692395210266
sub-cp022_ses-20210621_level-04B_run-009,sub-cp022,5,5000,46,51,50,3,3,4.0,0.05,3.1907031091850984,0.01,4.08987144230267,4.0,0.8328936696052551,0.838560938835144,0.8661408424377441,0.9114592671394348
sub-cp028_ses-20211214_level-01B_run-001,sub-cp028,5,5000,46,51,50,0,1,1.0,0.05,2.076042475388571,0.01,1.4189185567818454,1.4189185567818454,0.8706820607185364,0.8764384388923645,0.8593865036964417,0.7950900793075562
sub-cp028_ses-20211214_level-01B_run-007,sub-cp028,5,5000,46,51,50,0,0,1.0,0.05,1.9814176520707631,0.01,0.983859701366212,1.0,0.9167290329933167,0.901355504989624,0.886147677898407,0.8376602530479431
sub-cp028_ses-20211214_level-01B_run-012,sub-cp028,5,5000,46,51,50,0,0,1.0,0.05,2.0891984523840685,0.01,1.3261108659621592,1.3261108659621592,0.8176859021186829,0.7844434380531311,0.7718046307563782,0.7723221778869629
sub-cp028_ses-20211214_level-02B_run-003,sub-cp028,5,5000,46,51,50,1,1,2.0,0.05,2.2460739419329236,0.01,2.0019046585347167,2.0019046585347167,0.8917034268379211,0.9183207750320435,0.9086086750030518,0.8387231826782227
sub-cp028_ses-20211214_level-02B_run-008,sub-cp028,5,5000,46,51,50,1,1,2.0,0.05,2.04854815115959,0.01,2.156994845601345,2.156994845601345,0.8997880816459656,0.9043407440185547,0.8802576661109924,0.8273073434829712
sub-cp028_ses-20211214_level-02B_run-010,sub-cp028,5,5000,46,51,50,1,1,2.0,0.05,2.1107394992659225,0.01,1.2115431060575337,1.2115431060575337,0.9162020087242126,0.9279649257659912,0.9114575982093811,0.8435807824134827
sub-cp028_ses-20211214_level-03B_run-002,sub-cp028,5,5000,46,51,50,2,2,3.0,0.05,2.412868166519705,0.01,2.459612209690106,2.459612209690106,0.8550559878349304,0.883975088596344,0.8950893878936768,0.8233320116996765
sub-cp028_ses-20211214_level-03B_run-005,sub-cp028,5,5000,46,51,50,2,2,3.0,0.05,2.357143559271568,0.01,2.85843818605452,2.85843818605452,0.8887422680854797,0.9162658452987671,0.9237284660339355,0.8448031544685364
sub-cp028_ses-20211214_level-03B_run-011,sub-cp028,5,5000,46,51,50,2,2,3.0,0.05,2.3665700066318514,0.01,2.7208062644036044,2.7208062644036044,0.8958163857460022,0.9141004681587219,0.9173689484596252,0.867124617099762
sub-cp028_ses-20211214_level-04B_run-004,sub-cp028,5,5000,46,51,50,3,3,4.0,0.05,3.1743627154555747,0.01,4.0444989110108756,4.0,0.8443470001220703,0.8466756939888,0.8697794079780579,0.9192717671394348
sub-cp028_ses-20211214_level-04B_run-006,sub-cp028,5,5000,46,51,50,3,3,4.0,0.05,3.0658330547339943,0.01,3.8410499258577335,3.8410499258577335,0.8526001572608948,0.8532400131225586,0.8776113986968994,0.9149987697601318
sub-cp028_ses-20211214_level-04B_run-009,sub-cp028,5,5000,46,51,50,3,3,4.0,0.05,2.938426704835738,0.01,3.6127707982913018,3.6127707982913018,0.8604131937026978,0.8494033813476562,0.8720201849937439,0.9054643511772156
sub-cp030_ses-20211025_level-01B_run-001,sub-cp030,5,5000,46,51,50,0,0,1.0,0.05,2.1577253495210584,0.01,1.4254558713111136,1.4254558713111136,0.8776692748069763,0.8595993518829346,0.856868326663971,0.8301347494125366
sub-cp030_ses-20211025_level-01B_run-007,sub-cp030,5,5000,46,51,50,0,0,1.0,0.05,1.9224547845901532,0.01,0.9670044071995867,1.0,0.8767129778862,0.8576337099075317,0.8361359238624573,0.7931874394416809
sub-cp030_ses-20211025_level-01B_run-012,sub-cp030,5,5000,46,51,50,0,0,1.0,0.05,1.9130997530902216,0.01,0.8864107653838369,1.0,0.8807499408721924,0.8532872796058655,0.8345460295677185,0.8019459247589111
sub-cp030_ses-20211025_level-02B_run-003,sub-cp030,5,5000,46,51,50,1,2,2.0,0.05,2.3415871717535244,0.01,1.9034082822172536,1.9034082822172536,0.8469060659408569,0.846807062625885,0.8501353859901428,0.8206109404563904
sub-cp030_ses-20211025_level-02B_run-008,sub-cp030,5,5000,46,51,50,1,1,2.0,0.05,2.196784581744402,0.01,1.876659522239705,1.876659522239705,0.8886118531227112,0.9024224281311035,0.8959856629371643,0.826945960521698
sub-cp030_ses-20211025_level-02B_run-010,sub-cp030,5,5000,46,51,50,1,1,2.0,0.05,2.0776621452875768,0.01,1.2777140866945995,1.2777140866945995,0.8833524584770203,0.8884108662605286,0.8724896907806396,0.8074625134468079
sub-cp030_ses-20211025_level-03B_run-002,sub-cp030,5,5000,46,51,50,2,3,3.0,0.05,2.670414228547177,0.01,2.4621588630919695,2.4621588630919695,0.7992399334907532,0.7937512397766113,0.8093001246452332,0.8162423372268677
sub-cp030_ses-20211025_level-03B_run-011,sub-cp030,5,5000,46,51,50,2,2,3.0,0.05,2.5341224818440327,0.01,3.102052324571485,3.102052324571485,0.8775334358215332,0.8873439431190491,0.9035402536392212,0.8752453327178955
sub-cp030_ses-20211025_level-04B_run-004,sub-cp030,5,5000,46,51,50,3,3,4.0,0.05,2.6925427156957205,0.01,3.0509415559155277,3.0509415559155277,0.8144911527633667,0.7922428250312805,0.807731568813324,0.8323243856430054
sub-cp030_ses-20211025_level-04B_run-006,sub-cp030,5,5000,46,51,50,3,3,4.0,0.05,3.0619061151267455,0.01,3.643741181387555,3.643741181387555,0.7585447430610657,0.7392080426216125,0.7575704455375671,0.8139995336532593
sub-cp030_ses-20211025_level-04B_run-009,sub-cp030,5,5000,46,51,50,3,3,4.0,0.05,3.241112689462538,0.01,3.840198568656724,3.840198568656724,0.8129426836967468,0.8051034212112427,0.8235236406326294,0.8907853364944458
sub-cp032_ses-20211105_level-01B_run-001,sub-cp032,5,5000,46,51,50,0,1,1.0,0.05,2.1985360033547523,0.01,2.10522021429656,2.10522021429656,0.9011790156364441,0.9095543622970581,0.9018650054931641,0.8479068875312805
sub-cp032_ses-20211105_level-01B_run-007,sub-cp032,5,5000,46,51,50,0,1,1.0,0.05,2.1421308895636306,0.01,1.885236728140115,1.885236728140115,0.8949416279792786,0.8994845151901245,0.8862650394439697,0.8364378809928894
sub-cp032_ses-20211105_level-01B_run-012,sub-cp032,5,5000,46,51,50,0,0,1.0,0.05,2.0863205857693967,0.01,1.3836727515123841,1.3836727515123841,0.9079815149307251,0.9015762805938721,0.8857315182685852,0.848013162612915
sub-cp032_ses-20211105_level-02B_run-003,sub-cp032,5,5000,46,51,50,1,1,2.0,0.05,2.22327285856512,0.01,2.2615424723929136,2.2615424723929136,0.897799551486969,0.9145997762680054,0.9033482074737549,0.8488741517066956
sub-cp032_ses-20211105_level-02B_run-008,sub-cp032,5,5000,46,51,50,1,1,2.0,0.05,2.226281129267356,0.01,2.3467980151989187,2.3467980151989187,0.894088625907898,0.9091496467590332,0.8985359072685242,0.8466207385063171
sub-cp032_ses-20211105_level-02B_run-010,sub-cp032,5,5000,46,51,50,1,1,2.0,0.05,2.17167172044955,0.01,2.1978741495362297,2.1978741495362297,0.8903450965881348,0.9090918302536011,0.8940650224685669,0.8283490538597107
sub-cp032_ses-20211105_level-03B_run-002,sub-cp032,5,5000,46,51,50,2,2,3.0,0.05,2.370080044340462,0.01,3.0397521254299242,3.0397521254299242,0.8775660395622253,0.9076202511787415,0.9110094904899597,0.842943012714386
sub-cp032_ses-20211105_level-03B_run-005,sub-cp032,5,5000,46,51,50,2,1,3.0,0.05,2.315772772124745,0.01,2.706621676498812,2.706621676498812,0.8933985829353333,0.9121086001396179,0.9105506539344788,0.8568354845046997
sub-cp032_ses-20211105_level-03B_run-011,sub-cp032,5,5000,46,51,50,2,2,3.0,0.05,2.3701858175823007,0.01,2.984759906843906,2.984759906843906,0.890366792678833,0.9108787775039673,0.9133249521255493,0.8623839616775513
sub-cp032_ses-20211105_level-04B_run-004,sub-cp032,5,5000,46,51,50,3,3,4.0,0.05,2.846401705362144,0.01,3.6934392062848804,3.6934392062848804,0.8723989725112915,0.8719921708106995,0.8915148377418518,0.910279393196106
sub-cp032_ses-20211105_level-04B_run-006,sub-cp032,5,5000,46,51,50,3,3,4.0,0.05,2.979461036887005,0.01,3.9279534969814613,3.9279534969814613,0.8508071303367615,0.8495610356330872,0.8680934906005859,0.9031258821487427
sub-cp032_ses-20211105_level-04B_run-009,sub-cp032,5,5000,46,51,50,3,3,4.0,0.05,2.968032633224823,0.01,3.7172773666819436,3.7172773666819436,0.8582779169082642,0.8611918091773987,0.8831813335418701,0.910651445388794
sub-cp035_ses-20220125_level-01B_run-001,sub-cp035,5,5000,46,51,50,0,1,1.0,0.05,2.1537905865899805,0.01,1.8944215055278342,1.8944215055278342,0.8986797332763672,0.8987171649932861,0.8879402875900269,0.8445267677307129
sub-cp035_ses-20220125_level-01B_run-007,sub-cp035,5,5000,46,51,50,0,0,1.0,0.05,2.0788107255531885,0.01,1.324564441028519,1.324564441028519,0.9151642918586731,0.9138534665107727,0.9002004265785217,0.8450475931167603
sub-cp035_ses-20220125_level-01B_run-012,sub-cp035,5,5000,46,51,50,0,0,1.0,0.05,2.1676202745546584,0.01,1.8544825229442696,1.8544825229442696,0.9049877524375916,0.9035786390304565,0.8920163512229919,0.8560382723808289
sub-cp035_ses-20220125_level-02B_run-003,sub-cp035,5,5000,46,51,50,1,1,2.0,0.05,2.278557292210763,0.01,2.3114977371608605,2.3114977371608605,0.8955338597297668,0.9108629822731018,0.9033908843994141,0.8580152988433838
sub-cp035_ses-20220125_level-02B_run-008,sub-cp035,5,5000,46,51,50,1,1,2.0,0.05,2.205743821443944,0.01,1.9547746132596933,1.9547746132596933,0.8964574933052063,0.925021767616272,0.9128234386444092,0.8292844295501709
sub-cp035_ses-20220125_level-02B_run-010,sub-cp035,5,5000,46,51,50,1,1,2.0,0.05,2.1837013021079588,0.01,2.2090866427649183,2.2090866427649183,0.9048519134521484,0.9195085763931274,0.9079577922821045,0.8461424112319946
sub-cp035_ses-20220125_level-03B_run-002,sub-cp035,5,5000,46,51,50,2,2,3.0,0.05,2.4700239954623053,0.01,2.5418246935422473,2.5418246935422473,0.8494759798049927,0.8602247834205627,0.8707290887832642,0.839052677154541
sub-cp035_ses-20220125_level-03B_run-005,sub-cp035,5,5000,46,51,50,2,2,3.0,0.05,2.4620393740601942,0.01,3.1610111527141584,3.1610111527141584,0.8878729343414307,0.9034000039100647,0.9166007041931152,0.8727580904960632
sub-cp035_ses-20220125_level-03B_run-011,sub-cp035,5,5000,46,51,50,2,2,3.0,0.05,2.3547290084675017,0.01,3.043035623555303,3.043035623555303,0.8898234963417053,0.9183207750320435,0.9238458275794983,0.8476411700248718
sub-cp035_ses-20220125_level-04B_run-004,sub-cp035,5,5000,46,51,50,3,3,4.0,0.05,3.185311648827658,0.01,4.263141773899715,4.0,0.8433418273925781,0.8495610356330872,0.8742396235466003,0.9212700724601746
sub-cp035_ses-20220125_level-04B_run-006,sub-cp035,5,5000,46,51,50,3,3,4.0,0.05,3.057916800134387,0.01,4.217307867054577,4.0,0.8582724928855896,0.8604087233543396,0.885027289390564,0.9203559160232544
sub-cp035_ses-20220125_level-04B_run-009,sub-cp035,5,5000,46,51,50,3,3,4.0,0.05,3.035484296480581,0.01,4.438451241342781,4.0,0.8609184622764587,0.8634622693061829,0.8880469799041748,0.9206641912460327
sub-cp005_ses-20210226_level-01B_run-001,sub-cp005,5,10000,46,51,50,0,0,1.0,0.05,2.008858553100485,0.01,1.5136908706455776,1.5136908706455776,0.8992284536361694,0.8865045309066772,0.8703241944313049,0.8259366750717163
sub-cp005_ses-20210226_level-01B_run-007,sub-cp005,5,10000,46,51,50,0,1,1.0,0.05,2.060505784360825,0.01,1.615603869410183,1.615603869410183,0.9181566834449768,0.9309001564979553,0.9082632660865784,0.8350166082382202
sub-cp005_ses-20210226_level-01B_run-012,sub-cp005,5,10000,46,51,50,0,1,1.0,0.05,1.9896625764444114,0.01,1.1048656647501076,1.1048656647501076,0.9199446439743042,0.9239677786827087,0.8992804884910583,0.8264939188957214
sub-cp005_ses-20210226_level-02B_run-003,sub-cp005,5,10000,46,51,50,1,2,2.0,0.05,2.4878386482832213,0.01,2.1406153840950863,2.1406153840950863,0.8476552963256836,0.858259916305542,0.8665590882301331,0.8417403101921082
sub-cp005_ses-20210226_level-02B_run-008,sub-cp005,5,10000,46,51,50,1,1,2.0,0.05,2.1828897868863404,0.01,2.3046379486915076,2.3046379486915076,0.8937695026397705,0.9246379137039185,0.9087653160095215,0.8204229474067688
sub-cp005_ses-20210226_level-02B_run-010,sub-cp005,5,10000,46,51,50,1,1,2.0,0.05,2.156102361575064,0.01,1.8707637294247763,1.8707637294247763,0.9109206795692444,0.9315229654312134,0.9143194556236267,0.8445104360580444
sub-cp005_ses-20210226_level-03B_run-002,sub-cp005,5,10000,46,51,50,2,3,3.0,0.05,2.9770742615944754,0.01,2.7485458365342956,2.7485458365342956,0.7677033543586731,0.756980836391449,0.7742320895195007,0.8169575929641724
sub-cp005_ses-20210226_level-03B_run-005,sub-cp005,5,10000,46,51,50,2,2,3.0,0.05,2.4358968675092036,0.01,3.326933978266964,3.326933978266964,0.8703985810279846,0.9035332798957825,0.9145917892456055,0.8436613082885742
sub-cp005_ses-20210226_level-03B_run-011,sub-cp005,5,10000,46,51,50,2,2,3.0,0.05,2.537286567536663,0.01,3.1712757108354017,3.1712757108354017,0.886125922203064,0.8918759226799011,0.9080870151519775,0.8847199082374573
sub-cp005_ses-20210226_level-04B_run-004,sub-cp005,5,10000,46,51,50,3,3,4.0,0.05,2.948056475996694,0.01,3.4417459042372225,3.4417459042372225,0.7759936451911926,0.7708745002746582,0.7891001105308533,0.8237927556037903
sub-cp005_ses-20210226_level-04B_run-006,sub-cp005,5,10000,46,51,50,3,3,4.0,0.05,3.186120367876571,0.01,4.466154210259884,4.0,0.846981406211853,0.850560188293457,0.873752772808075,0.9237406253814697
sub-cp005_ses-20210226_level-04B_run-009,sub-cp005,5,10000,46,51,50,3,3,4.0,0.05,2.9649285284371607,0.01,3.866380383416466,3.866380383416466,0.837788999080658,0.8232011795043945,0.8423932194709778,0.8847411274909973
sub-cp017_ses-20210521_level-01B_run-001,sub-cp017,5,10000,46,51,50,0,1,1.0,0.05,2.04142908674815,0.01,1.3261885418016448,1.3261885418016448,0.9213168621063232,0.9265562295913696,0.9077292084693909,0.8361999988555908
sub-cp017_ses-20210521_level-01B_run-007,sub-cp017,5,10000,46,51,50,0,1,1.0,0.05,2.0350608667952947,0.01,1.1519916871643372,1.1519916871643372,0.889951765537262,0.8982880115509033,0.8787888884544373,0.7967441082000732
sub-cp017_ses-20210521_level-01B_run-012,sub-cp017,5,10000,46,51,50,0,1,1.0,0.05,2.0592566498289124,0.01,1.3621903412982526,1.3621903412982526,0.8614588379859924,0.8703745007514954,0.8511784076690674,0.7777988910675049
sub-cp017_ses-20210521_level-02B_run-003,sub-cp017,5,10000,46,51,50,1,1,2.0,0.05,2.183260550628501,0.01,2.153149606872674,2.153149606872674,0.8794795274734497,0.9133353233337402,0.8984100222587585,0.7973225116729736
sub-cp017_ses-20210521_level-02B_run-008,sub-cp017,5,10000,46,51,50,1,1,2.0,0.05,2.2394080145119792,0.01,2.231378192655903,2.231378192655903,0.8473699688911438,0.8768942952156067,0.865314781665802,0.7920688390731812
sub-cp017_ses-20210521_level-02B_run-010,sub-cp017,5,10000,46,51,50,1,1,2.0,0.05,2.1345275396020567,0.01,1.8191368627032696,1.8191368627032696,0.9003723859786987,0.9256101846694946,0.90412437915802,0.8263506293296814
sub-cp017_ses-20210521_level-03B_run-002,sub-cp017,5,10000,46,51,50,2,2,3.0,0.05,2.351008085929885,0.01,3.321113473402578,3.321113473402578,0.8603529334068298,0.8911059498786926,0.8986663818359375,0.8101224899291992
sub-cp017_ses-20210521_level-03B_run-005,sub-cp017,5,10000,46,51,50,2,1,3.0,0.05,2.2524391292637147,0.01,2.544572423646908,2.544572423646908,0.900334358215332,0.9244749546051025,0.9216679930686951,0.8393575549125671
sub-cp017_ses-20210521_level-03B_run-011,sub-cp017,5,10000,46,51,50,2,2,3.0,0.05,2.3577171865950657,0.01,2.951640658161706,2.951640658161706,0.8788029551506042,0.907383143901825,0.9143461585044861,0.8349900841712952
sub-cp017_ses-20210521_level-04B_run-004,sub-cp017,5,10000,46,51,50,3,3,4.0,0.05,2.994224642404361,0.01,3.795647147847353,3.795647147847353,0.8658689260482788,0.8656731843948364,0.8852829933166504,0.920110821723938
sub-cp017_ses-20210521_level-04B_run-006,sub-cp017,5,10000,46,51,50,3,3,4.0,0.05,3.1242035411505467,0.01,4.332581006329139,4.0,0.8539294004440308,0.8532695174217224,0.8727273941040039,0.9219628572463989
sub-cp017_ses-20210521_level-04B_run-009,sub-cp017,5,10000,46,51,50,3,3,4.0,0.05,3.0149239150959626,0.01,4.00110381150065,4.0,0.8603937029838562,0.8590009808540344,0.8754671216011047,0.9164438247680664
sub-cp022_ses-20210621_level-01B_run-001,sub-cp022,5,10000,46,51,50,0,0,1.0,0.05,2.2366866695488876,0.01,2.010440000184424,2.010440000184424,0.8908402919769287,0.8769047856330872,0.8696245551109314,0.8581169843673706
sub-cp022_ses-20210621_level-01B_run-007,sub-cp022,5,10000,46,51,50,0,0,1.0,0.05,2.353034774600331,0.01,1.6285775277454808,1.6285775277454808,0.8646488785743713,0.8439746499061584,0.8403905034065247,0.8483259677886963
sub-cp022_ses-20210621_level-01B_run-012,sub-cp022,5,10000,46,51,50,0,1,1.0,0.05,2.1547270998770873,0.01,1.651357385342231,1.651357385342231,0.9186213612556458,0.9221413731575012,0.9115370512008667,0.8613647818565369
sub-cp022_ses-20210621_level-02B_run-003,sub-cp022,5,10000,46,51,50,1,0,2.0,0.05,2.350141964602455,0.01,2.2525043759207817,2.2525043759207817,0.8910087943077087,0.8848726153373718,0.8864525556564331,0.8691975474357605
sub-cp022_ses-20210621_level-02B_run-008,sub-cp022,5,10000,46,51,50,1,0,2.0,0.05,2.466665897430068,0.01,2.6848881189237743,2.6848881189237743,0.8744744062423706,0.869743824005127,0.8741533160209656,0.8685235977172852
sub-cp022_ses-20210621_level-02B_run-010,sub-cp022,5,10000,46,51,50,1,2,2.0,0.05,2.499994968831029,0.01,2.3345275761859137,2.3345275761859137,0.8887969851493835,0.8967769742012024,0.9032912254333496,0.8859988451004028
sub-cp022_ses-20210621_level-03B_run-002,sub-cp022,5,10000,46,51,50,2,3,3.0,0.05,2.9769045951375315,0.01,3.627881198249079,3.627881198249079,0.834123432636261,0.8347927927970886,0.8601718544960022,0.8866993188858032
sub-cp022_ses-20210621_level-03B_run-005,sub-cp022,5,10000,46,51,50,2,2,3.0,0.05,2.6002502849870526,0.01,2.8958382431677694,2.8958382431677694,0.8744907379150391,0.8775328993797302,0.8941268920898438,0.8825972080230713
sub-cp022_ses-20210621_level-03B_run-011,sub-cp022,5,10000,46,51,50,2,2,3.0,0.05,2.6144313626448543,0.01,2.9632423200990035,2.9632423200990035,0.8907614946365356,0.8857108950614929,0.9030349254608154,0.9003059267997742
sub-cp022_ses-20210621_level-04B_run-004,sub-cp022,5,10000,46,51,50,3,3,4.0,0.05,3.237349054198131,0.01,3.886367403170653,3.886367403170653,0.8323953151702881,0.8227360248565674,0.8484920859336853,0.9097785353660583
sub-cp022_ses-20210621_level-04B_run-006,sub-cp022,5,10000,46,51,50,3,3,4.0,0.05,3.261329675374342,0.01,3.9891328290070946,3.9891328290070946,0.8117904663085938,0.8005066514015198,0.8238348960876465,0.8909872174263
sub-cp022_ses-20210621_level-04B_run-009,sub-cp022,5,10000,46,51,50,3,3,4.0,0.05,3.1723963687854626,0.01,3.9854703592248963,3.9854703592248963,0.8371314406394958,0.839772641658783,0.8658274412155151,0.9122037291526794
sub-cp028_ses-20211214_level-01B_run-001,sub-cp028,5,10000,46,51,50,0,1,1.0,0.05,2.0934653262853713,0.01,1.347072595878993,1.347072595878993,0.8662737607955933,0.8739484548568726,0.8580570220947266,0.7921908497810364
sub-cp028_ses-20211214_level-01B_run-007,sub-cp028,5,10000,46,51,50,0,0,1.0,0.05,2.0237466868354272,0.01,1.1389174652023557,1.1389174652023557,0.9112576246261597,0.8958781957626343,0.8833069801330566,0.8408116102218628
sub-cp028_ses-20211214_level-01B_run-012,sub-cp028,5,10000,46,51,50,0,0,1.0,0.05,2.1977011209774346,0.01,1.1398323638418724,1.1398323638418724,0.8129534721374512,0.7790420055389404,0.7709636688232422,0.7810201048851013
sub-cp028_ses-20211214_level-02B_run-003,sub-cp028,5,10000,46,51,50,1,1,2.0,0.05,2.235382860503491,0.01,1.8657718475099956,1.8657718475099956,0.8923836946487427,0.918945848941803,0.9086264371871948,0.836550235748291
sub-cp028_ses-20211214_level-02B_run-008,sub-cp028,5,10000,46,51,50,1,1,2.0,0.05,2.0382105686919734,0.01,1.9310179325948054,1.9310179325948054,0.9024592041969299,0.907598614692688,0.8843377232551575,0.8243287205696106
sub-cp028_ses-20211214_level-02B_run-010,sub-cp028,5,10000,46,51,50,1,1,2.0,0.05,2.1189271608398044,0.01,1.3668750057653727,1.3668750057653727,0.914523720741272,0.9256733059883118,0.9109388589859009,0.8427220582962036
sub-cp028_ses-20211214_level-03B_run-002,sub-cp028,5,10000,46,51,50,2,2,3.0,0.05,2.393746570728456,0.01,2.673744197304812,2.673744197304812,0.8556684255599976,0.8874426484107971,0.8959640264511108,0.8195419907569885
sub-cp028_ses-20211214_level-03B_run-005,sub-cp028,5,10000,46,51,50,2,2,3.0,0.05,2.3185496033296635,0.01,2.7892841116294473,2.7892841116294473,0.8879709243774414,0.9144942164421082,0.9201726317405701,0.8332122564315796
sub-cp028_ses-20211214_level-03B_run-011,sub-cp028,5,10000,46,51,50,2,2,3.0,0.05,2.330567789901225,0.01,2.6542373491882723,2.6542373491882723,0.8949705362319946,0.9134746193885803,0.9154035449028015,0.8583027720451355
sub-cp028_ses-20211214_level-04B_run-004,sub-cp028,5,10000,46,51,50,3,3,4.0,0.05,3.1800018668491723,0.01,4.159067789358481,4.0,0.8449244499206543,0.8460112810134888,0.8694162964820862,0.919988751411438
sub-cp028_ses-20211214_level-04B_run-006,sub-cp028,5,10000,46,51,50,3,3,4.0,0.05,3.0728569629159064,0.01,4.0050481335257215,4.0,0.8492095470428467,0.8467970490455627,0.8698755502700806,0.911232590675354
sub-cp028_ses-20211214_level-04B_run-009,sub-cp028,5,10000,46,51,50,3,3,4.0,0.05,2.9682242483273362,0.01,3.750893006058515,3.750893006058515,0.8594290614128113,0.846368670463562,0.869213342666626,0.9070667624473572
sub-cp030_ses-20211025_level-01B_run-001,sub-cp030,5,10000,46,51,50,0,0,1.0,0.05,2.1488872181114003,0.01,1.5393635831684658,1.5393635831684658,0.8777676820755005,0.8627063035964966,0.8596110939979553,0.8267379999160767
sub-cp030_ses-20211025_level-01B_run-007,sub-cp030,5,10000,46,51,50,0,0,1.0,0.05,1.9302751982544,0.01,0.8995635501351287,1.0,0.8794605135917664,0.8611059188842773,0.8422703742980957,0.793851912021637
sub-cp030_ses-20211025_level-01B_run-012,sub-cp030,5,10000,46,51,50,0,0,1.0,0.05,1.9331428102232844,0.01,0.7280465486764225,1.0,0.8789958953857422,0.8537977337837219,0.836993932723999,0.800750732421875
sub-cp030_ses-20211025_level-02B_run-003,sub-cp030,5,10000,46,51,50,1,2,2.0,0.05,2.3371163258006424,0.01,1.9587846117719794,1.9587846117719794,0.8468374013900757,0.8460375666618347,0.849613606929779,0.8197914361953735
sub-cp030_ses-20211025_level-02B_run-008,sub-cp030,5,10000,46,51,50,1,1,2.0,0.05,2.1741775119339763,0.01,1.9770120246388347,1.9770120246388347,0.8902751207351685,0.9043505191802979,0.8964767456054688,0.8224341869354248
sub-cp030_ses-20211025_level-02B_run-010,sub-cp030,5,10000,46,51,50,1,1,2.0,0.05,2.069787335982187,0.01,1.4047132179835746,1.4047132179835746,0.8826831579208374,0.8870327472686768,0.8721559643745422,0.803016722202301
sub-cp030_ses-20211025_level-03B_run-002,sub-cp030,5,10000,46,51,50,2,3,3.0,0.05,2.6727816366714623,0.01,2.36364738666992,2.36364738666992,0.7994759678840637,0.7899845838546753,0.8055329322814941,0.8163473606109619
sub-cp030_ses-20211025_level-03B_run-011,sub-cp030,5,10000,46,51,50,2,2,3.0,0.05,2.499057356838752,0.01,3.2278313593439223,3.2278313593439223,0.8820609450340271,0.8904621005058289,0.9047118425369263,0.874928891658783
sub-cp030_ses-20211025_level-04B_run-004,sub-cp030,5,10000,46,51,50,3,3,4.0,0.05,2.6859206659207344,0.01,3.1924683624346364,3.1924683624346364,0.8193715810775757,0.7969589829444885,0.8123260736465454,0.8365077972412109
sub-cp030_ses-20211025_level-04B_run-006,sub-cp030,5,10000,46,51,50,3,3,4.0,0.05,3.0771064589416297,0.01,3.5767019885205142,3.5767019885205142,0.7602635622024536,0.7394895553588867,0.7585950493812561,0.8168621063232422
sub-cp030_ses-20211025_level-04B_run-009,sub-cp030,5,10000,46,51,50,3,3,4.0,0.05,3.2090313934718404,0.01,3.740970068755342,3.740970068755342,0.819809079170227,0.8083193898200989,0.8263930082321167,0.892844557762146
sub-cp032_ses-20211105_level-01B_run-001,sub-cp032,5,10000,46,51,50,0,1,1.0,0.05,2.205966736427968,0.01,2.0207051296102767,2.0207051296102767,0.9001821875572205,0.9092016220092773,0.9037879109382629,0.8453541994094849
sub-cp032_ses-20211105_level-01B_run-007,sub-cp032,5,10000,46,51,50,0,1,1.0,0.05,2.168188685627289,0.01,1.9192560588835395,1.9192560588835395,0.8929054141044617,0.8990421891212463,0.8892242908477783,0.8358815908432007
sub-cp032_ses-20211105_level-01B_run-012,sub-cp032,5,10000,46,51,50,0,0,1.0,0.05,2.125540383538857,0.01,1.432891987214255,1.432891987214255,0.9079887866973877,0.9053623080253601,0.8922897577285767,0.8515153527259827
sub-cp032_ses-20211105_level-02B_run-003,sub-cp032,5,10000,46,51,50,1,1,2.0,0.05,2.2205599800653495,0.01,2.191641522184545,2.191641522184545,0.898543655872345,0.9164467453956604,0.9057959318161011,0.8470205068588257
sub-cp032_ses-20211105_level-02B_run-008,sub-cp032,5,10000,46,51,50,1,1,2.0,0.05,2.2231357565465224,0.01,2.189955065096756,2.189955065096756,0.8951770067214966,0.911734938621521,0.9011817574501038,0.8454974889755249
sub-cp032_ses-20211105_level-02B_run-010,sub-cp032,5,10000,46,51,50,1,1,2.0,0.05,2.1635399064839422,0.01,2.1281618422484625,2.1281618422484625,0.8898376822471619,0.9105076789855957,0.894239068031311,0.8245250582695007
sub-cp032_ses-20211105_level-03B_run-002,sub-cp032,5,10000,46,51,50,2,2,3.0,0.05,2.3470878156040453,0.01,3.0244324719464384,3.0244324719464384,0.8805148005485535,0.910573422908783,0.9136571884155273,0.8385031223297119
sub-cp032_ses-20211105_level-03B_run-005,sub-cp032,5,10000,46,51,50,2,1,3.0,0.05,2.310883433223069,0.01,2.6866790993825203,2.6866790993825203,0.8902941346168518,0.9110332727432251,0.9101698398590088,0.8501037955284119
sub-cp032_ses-20211105_level-03B_run-011,sub-cp032,5,10000,46,51,50,2,2,3.0,0.05,2.3812404606786846,0.01,3.0173876184985735,3.0173876184985735,0.8884600400924683,0.9092962145805359,0.9144636392593384,0.8601388931274414
sub-cp032_ses-20211105_level-04B_run-004,sub-cp032,5,10000,46,51,50,3,3,4.0,0.05,2.8305086615032704,0.01,3.7718700242517347,3.7718700242517347,0.873390257358551,0.8734675049781799,0.8924446702003479,0.9096299409866333
sub-cp032_ses-20211105_level-04B_run-006,sub-cp032,5,10000,46,51,50,3,3,4.0,0.05,2.9870392099470804,0.01,4.018552848295044,4.0,0.8514349460601807,0.8511356711387634,0.8702226877212524,0.9048697352409363
sub-cp032_ses-20211105_level-04B_run-009,sub-cp032,5,10000,46,51,50,3,3,4.0,0.05,2.9704729236457745,0.01,3.716665667570146,3.716665667570146,0.8606056571006775,0.8616604208946228,0.8841187357902527,0.9126335382461548
sub-cp035_ses-20220125_level-01B_run-001,sub-cp035,5,10000,46,51,50,0,1,1.0,0.05,2.1681847717270246,0.01,1.855246321784987,1.855246321784987,0.8937423229217529,0.8940439224243164,0.8857903480529785,0.8402066230773926
sub-cp035_ses-20220125_level-01B_run-007,sub-cp035,5,10000,46,51,50,0,0,1.0,0.05,2.0816554730977934,0.01,1.1447410657401191,1.1447410657401191,0.9136433601379395,0.9111199975013733,0.8984954357147217,0.8444733023643494
sub-cp035_ses-20220125_level-01B_run-012,sub-cp035,5,10000,46,51,50,0,0,1.0,0.05,2.184035481916921,0.01,1.683115398770409,1.683115398770409,0.9026467204093933,0.9006688594818115,0.8918411731719971,0.8552353978157043
sub-cp035_ses-20220125_level-02B_run-003,sub-cp035,5,10000,46,51,50,1,1,2.0,0.05,2.281841866226032,0.01,2.3313617690806994,2.3313617690806994,0.8941254615783691,0.9090098142623901,0.9026877880096436,0.8564718961715698
sub-cp035_ses-20220125_level-02B_run-008,sub-cp035,5,10000,46,51,50,1,1,2.0,0.05,2.2191366242112944,0.01,2.113739081512746,2.113739081512746,0.8952558040618896,0.9233055710792542,0.9137372970581055,0.8289774656295776
sub-cp035_ses-20220125_level-02B_run-010,sub-cp035,5,10000,46,51,50,1,1,2.0,0.05,2.212859064104566,0.01,2.181899766682662,2.181899766682662,0.9033450484275818,0.9176319241523743,0.9086477756500244,0.8504858613014221
sub-cp035_ses-20220125_level-03B_run-002,sub-cp035,5,10000,46,51,50,2,2,3.0,0.05,2.495879120532269,0.01,2.7487956962839712,2.7487956962839712,0.8431229591369629,0.8537294268608093,0.8658808469772339,0.8363751173019409
sub-cp035_ses-20220125_level-03B_run-005,sub-cp035,5,10000,46,51,50,2,2,3.0,0.05,2.454280092590732,0.01,3.156475516774643,3.156475516774643,0.8866883516311646,0.9022692441940308,0.9147413372993469,0.8705030083656311
sub-cp035_ses-20220125_level-03B_run-011,sub-cp035,5,10000,46,51,50,2,2,3.0,0.05,2.3446687063545646,0.01,2.9373289489611873,2.9373289489611873,0.8908348679542542,0.9190720319747925,0.9245038032531738,0.8453064560890198
sub-cp035_ses-20220125_level-04B_run-004,sub-cp035,5,10000,46,51,50,3,3,4.0,0.05,3.1636021513369097,0.01,4.154124486756909,4.0,0.8458238840103149,0.8482633829116821,0.8706980347633362,0.9195535778999329
sub-cp035_ses-20220125_level-04B_run-006,sub-cp035,5,10000,46,51,50,3,3,4.0,0.05,3.069919537734086,0.01,4.193750176678805,4.0,0.8575514554977417,0.8575188517570496,0.882046639919281,0.9201585650444031
sub-cp035_ses-20220125_level-04B_run-009,sub-cp035,5,10000,46,51,50,3,3,4.0,0.05,3.069675121383736,0.01,4.395593788123825,4.0,0.8570460677146912,0.8574295043945312,0.8800653219223022,0.9197127819061279
