run_key,subject_id,outer_fold,dimension,seed,levels,feature_k,true_class,predicted_class,target_score,similarity_temperature,similarity_prediction,ridge_alpha,ridge_prediction_raw,ridge_prediction_bounded,similarity_class_0,similarity_class_1,similarity_class_2,similarity_class_3
sub-cp008_ses-20210503_level-01B_run-001,sub-cp008,3,1000,42,51,50,0,0,1.0,0.05,2.26876886099709,0.1,1.8340836413336206,1.8340836413336206,0.8842558860778809,0.8749270439147949,0.8642058372497559,0.8569203019142151
sub-cp008_ses-20210503_level-01B_run-007,sub-cp008,3,1000,42,51,50,0,1,1.0,0.05,2.0255009568348594,0.1,1.39437150719898,1.39437150719898,0.8673096299171448,0.8722476959228516,0.8521984219551086,0.7783622145652771
sub-cp008_ses-20210503_level-01B_run-012,sub-cp008,3,1000,42,51,50,0,1,1.0,0.05,1.996602073291031,0.1,1.4014191041623285,1.4014191041623285,0.8937544226646423,0.8997763395309448,0.8740942478179932,0.8013457655906677
sub-cp008_ses-20210503_level-02B_run-003,sub-cp008,3,1000,42,51,50,1,1,2.0,0.05,2.1234888657708963,0.1,1.786106049118347,1.786106049118347,0.8956973552703857,0.919844925403595,0.8964247107505798,0.8225246071815491
sub-cp008_ses-20210503_level-02B_run-008,sub-cp008,3,1000,42,51,50,1,1,2.0,0.05,2.1179289195109785,0.1,1.9906717167442265,1.9906717167442265,0.8642603754997253,0.8863534927368164,0.8691772222518921,0.7769290208816528
sub-cp008_ses-20210503_level-02B_run-010,sub-cp008,3,1000,42,51,50,1,1,2.0,0.05,1.9983710541998023,0.1,1.3441522251517581,1.3441522251517581,0.905087947845459,0.9104936122894287,0.8838739991188049,0.8166327476501465
sub-cp008_ses-20210503_level-03B_run-002,sub-cp008,3,1000,42,51,50,2,2,3.0,0.05,2.3985079397198903,0.1,3.0254724868492495,3.0254724868492495,0.8822590112686157,0.9021929502487183,0.9146259427070618,0.850179135799408
sub-cp008_ses-20210503_level-03B_run-005,sub-cp008,3,1000,42,51,50,2,2,3.0,0.05,2.4027558836400793,0.1,3.441826006757913,3.441826006757913,0.8666889667510986,0.9015887975692749,0.9136208295822144,0.8243823647499084
sub-cp008_ses-20210503_level-03B_run-011,sub-cp008,3,1000,42,51,50,2,2,3.0,0.05,2.3298001814486975,0.1,2.960362412402785,2.960362412402785,0.8626142740249634,0.894575297832489,0.9014776349067688,0.8019827008247375
sub-cp008_ses-20210503_level-04B_run-004,sub-cp008,3,1000,42,51,50,3,3,4.0,0.05,3.0855741934334135,0.1,3.9942317840549997,3.9942317840549997,0.8347932696342468,0.8399120569229126,0.865591287612915,0.9011357426643372
sub-cp008_ses-20210503_level-04B_run-006,sub-cp008,3,1000,42,51,50,3,3,4.0,0.05,3.17772711369685,0.1,3.846755619501442,3.846755619501442,0.8380314111709595,0.8363922238349915,0.8631463646888733,0.9120171070098877
sub-cp008_ses-20210503_level-04B_run-009,sub-cp008,3,1000,42,51,50,3,3,4.0,0.05,3.1819991522733857,0.1,4.179088365527655,4.0,0.8563808798789978,0.84605872631073,0.8722198009490967,0.9275164008140564
sub-cp014_ses-20211112_level-01B_run-001,sub-cp014,3,1000,42,51,50,0,0,1.0,0.05,1.9491935250327463,0.1,1.0149417138548038,1.0149417138548038,0.9203881621360779,0.9162987470626831,0.8906383514404297,0.8279387354850769
sub-cp014_ses-20211112_level-01B_run-007,sub-cp014,3,1000,42,51,50,0,0,1.0,0.05,1.9105530804965678,0.1,1.210903890789573,1.210903890789573,0.9204691052436829,0.9044520258903503,0.8808314204216003,0.8314950466156006
sub-cp014_ses-20211112_level-01B_run-012,sub-cp014,3,1000,42,51,50,0,0,1.0,0.05,1.8981877185633882,0.1,0.9005209841770421,1.0,0.9165024161338806,0.8933932781219482,0.8709158301353455,0.8324505090713501
sub-cp014_ses-20211112_level-02B_run-003,sub-cp014,3,1000,42,51,50,1,1,2.0,0.05,1.977851019530632,0.1,1.3379766563549869,1.3379766563549869,0.9103229641914368,0.9176909327507019,0.8895788788795471,0.8109531998634338
sub-cp014_ses-20211112_level-02B_run-008,sub-cp014,3,1000,42,51,50,1,1,2.0,0.05,2.105218844005404,0.1,1.9612752084645328,1.9612752084645328,0.9018768072128296,0.9120959043502808,0.8982448577880859,0.8243823647499084
sub-cp014_ses-20211112_level-02B_run-010,sub-cp014,3,1000,42,51,50,1,1,2.0,0.05,2.0599087487260306,0.1,1.7571324289465389,1.7571324289465389,0.8967767357826233,0.9015625715255737,0.883711040019989,0.818065881729126
sub-cp014_ses-20211112_level-03B_run-002,sub-cp014,3,1000,42,51,50,2,1,3.0,0.05,2.273855874777845,0.1,2.9737086635541665,2.9737086635541665,0.883662223815918,0.9159572720527649,0.9146259427070618,0.8161550164222717
sub-cp014_ses-20211112_level-03B_run-005,sub-cp014,3,1000,42,51,50,2,2,3.0,0.05,2.4264902341679253,0.1,3.4320866046338088,3.4320866046338088,0.888654351234436,0.9150904417037964,0.9310070872306824,0.8555933237075806
sub-cp014_ses-20211112_level-03B_run-011,sub-cp014,3,1000,42,51,50,2,2,3.0,0.05,2.31117289565386,0.1,2.9065024034219253,2.9065024034219253,0.8908401131629944,0.9065008759498596,0.9141913056373596,0.8421640992164612
sub-cp014_ses-20211112_level-04B_run-004,sub-cp014,3,1000,42,51,50,3,3,4.0,0.05,2.7249015752518537,0.1,3.3848221331381247,3.3848221331381247,0.8929988741874695,0.8902673721313477,0.9075084924697876,0.9165819883346558
sub-cp014_ses-20211112_level-04B_run-006,sub-cp014,3,1000,42,51,50,3,3,4.0,0.05,2.8627765182721685,0.1,3.6043087839212617,3.6043087839212617,0.8861987590789795,0.8834377527236938,0.902129590511322,0.9253932237625122
sub-cp014_ses-20211112_level-04B_run-009,sub-cp014,3,1000,42,51,50,3,3,4.0,0.05,2.7778010479838615,0.1,3.565501634320178,3.565501634320178,0.8818002939224243,0.8863009810447693,0.9029717445373535,0.9131848812103271
sub-cp019_ses-20210625_level-01B_run-001,sub-cp019,3,1000,42,51,50,0,0,1.0,0.05,2.1438482360604803,0.1,1.3132930477466376,1.3132930477466376,0.899502158164978,0.8863534927368164,0.8662432432174683,0.8583003878593445
sub-cp019_ses-20210625_level-01B_run-007,sub-cp019,3,1000,42,51,50,0,1,1.0,0.05,2.006767065601265,0.1,1.327657492974908,1.327657492974908,0.8976132273674011,0.9035851359367371,0.8748277425765991,0.8153588175773621
sub-cp019_ses-20210625_level-01B_run-012,sub-cp019,3,1000,42,51,50,0,1,1.0,0.05,2.007591609555897,0.1,1.580279397520377,1.580279397520377,0.8965608477592468,0.8975698351860046,0.8735509514808655,0.8148810863494873
sub-cp019_ses-20210625_level-02B_run-003,sub-cp019,3,1000,42,51,50,1,1,2.0,0.05,2.2966920249820326,0.1,1.0858278783297062,1.0858278783297062,0.8439140319824219,0.8501039743423462,0.8464664220809937,0.8115901350975037
sub-cp019_ses-20210625_level-02B_run-008,sub-cp019,3,1000,42,51,50,1,1,2.0,0.05,2.089860999620108,0.1,1.7921456152530213,1.7921456152530213,0.9055466651916504,0.9303257465362549,0.906611979007721,0.8142441511154175
sub-cp019_ses-20210625_level-02B_run-010,sub-cp019,3,1000,42,51,50,1,1,2.0,0.05,2.0750906767429513,0.1,1.7614904920108385,1.7614904920108385,0.8914607763290405,0.9096792936325073,0.8869981169700623,0.8043712973594666
sub-cp019_ses-20210625_level-03B_run-002,sub-cp019,3,1000,42,51,50,2,2,3.0,0.05,2.765111362014137,0.1,2.7801019220151133,2.7801019220151133,0.8125040531158447,0.8198434710502625,0.8457057476043701,0.8412617444992065
sub-cp019_ses-20210625_level-03B_run-005,sub-cp019,3,1000,42,51,50,2,2,3.0,0.05,2.3579040195866035,0.1,2.824657882383781,2.824657882383781,0.8704667687416077,0.9004855751991272,0.9055253267288208,0.8289472460746765
sub-cp019_ses-20210625_level-03B_run-011,sub-cp019,3,1000,42,51,50,2,1,3.0,0.05,2.2772815857330126,0.1,2.965345422991713,2.965345422991713,0.8815844058990479,0.9102571606636047,0.9101435542106628,0.8187028169631958
sub-cp019_ses-20210625_level-04B_run-004,sub-cp019,3,1000,42,51,50,3,3,4.0,0.05,3.2543131980909887,0.1,4.281994240354246,4.0,0.8122072219848633,0.8161397576332092,0.8469825387001038,0.8976855874061584
sub-cp019_ses-20210625_level-04B_run-006,sub-cp019,3,1000,42,51,50,3,3,4.0,0.05,3.240052428533228,0.1,4.5153315439236135,4.0,0.8034372329711914,0.8100193738937378,0.8385339379310608,0.8881843090057373
sub-cp019_ses-20210625_level-04B_run-009,sub-cp019,3,1000,42,51,50,3,3,4.0,0.05,3.139802609169384,0.1,4.1704105468842165,4.0,0.819223165512085,0.8234947323799133,0.8502424955368042,0.891369104385376
sub-cp023_ses-20210628_level-01B_run-001,sub-cp023,3,1000,42,51,50,0,0,1.0,0.05,2.061203615634938,0.1,1.0466680474641186,1.0466680474641186,0.8674715161323547,0.8664162755012512,0.8464392423629761,0.8001779913902283
sub-cp023_ses-20210628_level-01B_run-007,sub-cp023,3,1000,42,51,50,0,0,1.0,0.05,2.0958048004133163,0.1,1.283273392783078,1.283273392783078,0.8984497785568237,0.8827022910118103,0.8702366948127747,0.844818115234375
sub-cp023_ses-20210628_level-01B_run-012,sub-cp023,3,1000,42,51,50,0,0,1.0,0.05,2.366996373038762,0.1,2.067450172583604,2.067450172583604,0.8611571192741394,0.8444563746452332,0.8477432131767273,0.8434380292892456
sub-cp023_ses-20210628_level-02B_run-003,sub-cp023,3,1000,42,51,50,1,1,2.0,0.05,2.3149435642697114,0.1,2.142361367628143,2.142361367628143,0.9007434248924255,0.9105198383331299,0.8992228507995605,0.8762944340705872
sub-cp023_ses-20210628_level-02B_run-008,sub-cp023,3,1000,42,51,50,1,1,2.0,0.05,2.2626205859742186,0.1,2.0477515165930744,2.0477515165930744,0.8718160390853882,0.8871415257453918,0.8777616620063782,0.8323443531990051
sub-cp023_ses-20210628_level-02B_run-010,sub-cp023,3,1000,42,51,50,1,2,2.0,0.05,2.3621368524318083,0.1,2.802511156858451,2.802511156858451,0.8561649918556213,0.878788411617279,0.8824342489242554,0.8235331177711487
sub-cp023_ses-20210628_level-03B_run-002,sub-cp023,3,1000,42,51,50,2,2,3.0,0.05,2.3703637066290404,0.1,2.393235816546257,2.393235816546257,0.88074791431427,0.9041367769241333,0.9108770489692688,0.8458796739578247
sub-cp023_ses-20210628_level-03B_run-005,sub-cp023,3,1000,42,51,50,2,2,3.0,0.05,2.536552871461604,0.1,3.0414279092591894,3.0414279092591894,0.8745684623718262,0.8744279146194458,0.8916163444519043,0.8730565309524536
sub-cp023_ses-20210628_level-03B_run-011,sub-cp023,3,1000,42,51,50,2,0,3.0,0.05,2.1219342442151143,0.1,1.4428979737492957,1.4428979737492957,0.8887622952461243,0.8703301548957825,0.8600494265556335,0.8402532339096069
sub-cp023_ses-20210628_level-04B_run-004,sub-cp023,3,1000,42,51,50,3,3,4.0,0.05,3.3076257773324134,0.1,4.564566420445952,4.0,0.8118833899497986,0.8164549469947815,0.8418753147125244,0.9032058715820312
sub-cp023_ses-20210628_level-04B_run-006,sub-cp023,3,1000,42,51,50,3,3,4.0,0.05,3.240521906430769,0.1,3.7407201979966818,3.7407201979966818,0.807107150554657,0.797936201095581,0.8251138925552368,0.8851587176322937
sub-cp023_ses-20210628_level-04B_run-009,sub-cp023,3,1000,42,51,50,3,3,4.0,0.05,3.183887599752217,0.1,3.9811086918762886,3.9811086918762886,0.7985800504684448,0.8007730841636658,0.8348393440246582,0.8754982352256775
sub-cp024_ses-20210629_level-01B_run-001,sub-cp024,3,1000,42,51,50,0,1,1.0,0.05,2.323836204767318,0.1,1.3307906141513222,1.3307906141513222,0.8387060165405273,0.8403061032295227,0.8348665237426758,0.8144564628601074
sub-cp024_ses-20210629_level-01B_run-007,sub-cp024,3,1000,42,51,50,0,0,1.0,0.05,2.288252360364381,0.1,1.216081667694973,1.216081667694973,0.8608333468437195,0.855068564414978,0.8411146998405457,0.8371215462684631
sub-cp024_ses-20210629_level-01B_run-012,sub-cp024,3,1000,42,51,50,0,0,1.0,0.05,2.290571370448751,0.1,1.3276002243420304,1.3276002243420304,0.8891131281852722,0.8768708109855652,0.8759958744049072,0.8609012961387634
sub-cp024_ses-20210629_level-02B_run-003,sub-cp024,3,1000,42,51,50,1,2,2.0,0.05,2.3597115658911183,0.1,2.205317353793564,2.205317353793564,0.8714112639427185,0.8783418536186218,0.8839283585548401,0.8441280722618103
sub-cp024_ses-20210629_level-02B_run-008,sub-cp024,3,1000,42,51,50,1,3,2.0,0.05,2.5514163827377123,0.1,1.5938636971903422,1.5938636971903422,0.8339837193489075,0.8198960423469543,0.8227232694625854,0.8392447233200073
sub-cp024_ses-20210629_level-02B_run-010,sub-cp024,3,1000,42,51,50,1,2,2.0,0.05,2.3170229102410334,0.1,1.773434780426884,1.773434780426884,0.8734890818595886,0.8885074853897095,0.8906383514404297,0.8352106213569641
sub-cp024_ses-20210629_level-03B_run-002,sub-cp024,3,1000,42,51,50,2,3,3.0,0.05,2.79633597223268,0.1,3.1432677227855637,3.1432677227855637,0.8071340918540955,0.8044242858886719,0.8263363838195801,0.8384485244750977
sub-cp024_ses-20210629_level-03B_run-005,sub-cp024,3,1000,42,51,50,2,2,3.0,0.05,2.53347455711397,0.1,2.811024439790643,2.811024439790643,0.8344964385032654,0.8573276400566101,0.8795818090438843,0.8255501389503479
sub-cp024_ses-20210629_level-03B_run-011,sub-cp024,3,1000,42,51,50,2,3,3.0,0.05,2.7386894934378927,0.1,2.131222829123001,2.131222829123001,0.8218676447868347,0.8114115595817566,0.8256300687789917,0.8463043570518494
sub-cp024_ses-20210629_level-04B_run-004,sub-cp024,3,1000,42,51,50,3,3,4.0,0.05,2.897158178949904,0.1,2.6929168502374004,2.6929168502374004,0.8153913617134094,0.8034261465072632,0.8199794888496399,0.8561241030693054
sub-cp024_ses-20210629_level-04B_run-006,sub-cp024,3,1000,42,51,50,3,3,4.0,0.05,3.2120125201779666,0.1,3.6005049830476885,3.6005049830476885,0.8151485323905945,0.8113327622413635,0.8348936438560486,0.8917937278747559
sub-cp024_ses-20210629_level-04B_run-009,sub-cp024,3,1000,42,51,50,3,3,4.0,0.05,2.974464183451695,0.1,2.8321317503744554,2.8321317503744554,0.7722700834274292,0.7502601742744446,0.759888231754303,0.8184374570846558
sub-cp025_ses-20210820_level-01B_run-001,sub-cp025,3,1000,42,51,50,0,1,1.0,0.05,2.247836043523712,0.1,1.3129449367778452,1.3129449367778452,0.8782923221588135,0.878473162651062,0.8705354928970337,0.8422702550888062
sub-cp025_ses-20210820_level-01B_run-007,sub-cp025,3,1000,42,51,50,0,0,1.0,0.05,1.9600652881408605,0.1,0.5583603067690803,1.0,0.9072197079658508,0.8821506500244141,0.8642329573631287,0.8364845514297485
sub-cp025_ses-20210820_level-01B_run-012,sub-cp025,3,1000,42,51,50,0,0,1.0,0.05,2.2191266401490424,0.1,1.184851714267373,1.184851714267373,0.8833114504814148,0.8702776432037354,0.864721953868866,0.8463043570518494
sub-cp025_ses-20210820_level-02B_run-003,sub-cp025,3,1000,42,51,50,1,1,2.0,0.05,2.251049594587424,0.1,1.8641595325249856,1.8641595325249856,0.8798034191131592,0.9037953019142151,0.894061267375946,0.8311235308647156
sub-cp025_ses-20210820_level-02B_run-008,sub-cp025,3,1000,42,51,50,1,1,2.0,0.05,2.0981093280055023,0.1,2.0860281644578964,2.0860281644578964,0.9048990607261658,0.9283819198608398,0.9065576791763306,0.8162080645561218
sub-cp025_ses-20210820_level-02B_run-010,sub-cp025,3,1000,42,51,50,1,1,2.0,0.05,2.0201642390559496,0.1,1.6406488549214542,1.6406488549214542,0.9204421639442444,0.9275938868522644,0.901830792427063,0.8363253474235535
sub-cp025_ses-20210820_level-03B_run-002,sub-cp025,3,1000,42,51,50,2,2,3.0,0.05,2.4184277519518056,0.1,2.7913579342576247,2.7913579342576247,0.890030562877655,0.9179010987281799,0.930382251739502,0.8587250113487244
sub-cp025_ses-20210820_level-03B_run-005,sub-cp025,3,1000,42,51,50,2,2,3.0,0.05,2.5895237395403967,0.1,2.517472786586536,2.517472786586536,0.8566777110099792,0.8621083498001099,0.8743659257888794,0.864882230758667
sub-cp025_ses-20210820_level-03B_run-011,sub-cp025,3,1000,42,51,50,2,2,3.0,0.05,2.3971898588379164,0.1,3.1071845606687387,3.1071845606687387,0.8625063896179199,0.885644257068634,0.8961530923843384,0.830592691898346
sub-cp025_ses-20210820_level-04B_run-004,sub-cp025,3,1000,42,51,50,3,3,4.0,0.05,3.1332900576349467,0.1,3.8352165238204208,3.8352165238204208,0.8039769530296326,0.7966228127479553,0.8099552392959595,0.8702433109283447
sub-cp025_ses-20210820_level-04B_run-006,sub-cp025,3,1000,42,51,50,3,3,4.0,0.05,3.0893830130059263,0.1,4.288362214380212,4.0,0.8729763627052307,0.8706716299057007,0.8920238018035889,0.9367523193359375
sub-cp025_ses-20210820_level-04B_run-009,sub-cp025,3,1000,42,51,50,3,3,4.0,0.05,3.139198367854944,0.1,4.256960397123849,4.0,0.8415933847427368,0.8490532636642456,0.8762403726577759,0.9150426983833313
sub-cp037_ses-20210113_level-01B_run-001,sub-cp037,3,1000,42,51,50,0,0,1.0,0.05,2.131388057062827,0.1,1.1065750727126928,1.1065750727126928,0.8887892961502075,0.8703564405441284,0.860239565372467,0.8418986797332764
sub-cp037_ses-20210113_level-01B_run-007,sub-cp037,3,1000,42,51,50,0,0,1.0,0.05,2.007641993410701,0.1,0.8263466121997196,1.0,0.8974513411521912,0.8890853524208069,0.8736324310302734,0.8168981075286865
sub-cp037_ses-20210113_level-01B_run-012,sub-cp037,3,1000,42,51,50,0,0,1.0,0.05,1.9342450088232817,0.1,1.000035729830662,1.000035729830662,0.9170690774917603,0.9092852473258972,0.8846346735954285,0.8239577412605286
sub-cp037_ses-20210113_level-02B_run-003,sub-cp037,3,1000,42,51,50,1,1,2.0,0.05,2.1331631306705976,0.1,1.5559400485136525,1.5559400485136525,0.872652530670166,0.8792349100112915,0.8689870238304138,0.8046897649765015
sub-cp037_ses-20210113_level-02B_run-008,sub-cp037,3,1000,42,51,50,1,0,2.0,0.05,2.2065339827712727,0.1,2.169237597391257,2.169237597391257,0.891757607460022,0.8864848613739014,0.8786038160324097,0.8502852916717529
sub-cp037_ses-20210113_level-02B_run-010,sub-cp037,3,1000,42,51,50,1,0,2.0,0.05,2.012877634916993,0.1,1.2606552199162098,1.2606552199162098,0.9336645603179932,0.9329525232315063,0.9124798774719238,0.8508691787719727
sub-cp037_ses-20210113_level-03B_run-002,sub-cp037,3,1000,42,51,50,2,2,3.0,0.05,2.394055528789354,0.1,2.778231799701474,2.778231799701474,0.8705747127532959,0.8886125087738037,0.9017221331596375,0.837546169757843
sub-cp037_ses-20210113_level-03B_run-005,sub-cp037,3,1000,42,51,50,2,2,3.0,0.05,2.3189260561007874,0.1,3.0868080280972237,3.0868080280972237,0.8677144050598145,0.8998026251792908,0.9017764329910278,0.8144033551216125
sub-cp037_ses-20210113_level-03B_run-011,sub-cp037,3,1000,42,51,50,2,2,3.0,0.05,2.326469603228474,0.1,2.6523457010821465,2.6523457010821465,0.895454466342926,0.9185577630996704,0.9282361268997192,0.8395631909370422
sub-cp037_ses-20210113_level-04B_run-004,sub-cp037,3,1000,42,51,50,3,3,4.0,0.05,3.052331358286062,0.1,4.14039444942567,4.0,0.823108971118927,0.8197121620178223,0.84198397397995,0.8825578093528748
sub-cp037_ses-20210113_level-04B_run-006,sub-cp037,3,1000,42,51,50,3,3,4.0,0.05,3.018205418776681,0.1,4.65072120314807,4.0,0.827318549156189,0.8358930945396423,0.858337938785553,0.8873350024223328
sub-cp037_ses-20210113_level-04B_run-009,sub-cp037,3,1000,42,51,50,3,3,4.0,0.05,3.1397287582768896,0.1,4.1100540347029835,4.0,0.8499855399131775,0.8524417877197266,0.8723556399345398,0.9209344983100891
sub-cp008_ses-20210503_level-01B_run-001,sub-cp008,3,2000,42,51,50,0,0,1.0,0.05,2.307708800564664,0.01,1.5255061224174375,1.5255061224174375,0.8928244113922119,0.8798301219940186,0.8721930980682373,0.8706803321838379
sub-cp008_ses-20210503_level-01B_run-007,sub-cp008,3,2000,42,51,50,0,1,1.0,0.05,1.9866849914240634,0.01,1.433877848113058,1.433877848113058,0.8798503875732422,0.8852452635765076,0.8614581823348999,0.7794706225395203
sub-cp008_ses-20210503_level-01B_run-012,sub-cp008,3,2000,42,51,50,0,1,1.0,0.05,2.0012967015813916,0.01,1.1924405954930983,1.1924405954930983,0.9015320539474487,0.9106075167655945,0.8843746781349182,0.8057388067245483
sub-cp008_ses-20210503_level-02B_run-003,sub-cp008,3,2000,42,51,50,1,1,2.0,0.05,2.105403830791362,0.01,1.8154346549930245,1.8154346549930245,0.8998766541481018,0.9218956232070923,0.8991791605949402,0.8204500079154968
sub-cp008_ses-20210503_level-02B_run-008,sub-cp008,3,2000,42,51,50,1,1,2.0,0.05,2.093614646252317,0.01,1.435403743081592,1.435403743081592,0.8785179853439331,0.8977628946304321,0.8799400925636292,0.7858322262763977
sub-cp008_ses-20210503_level-02B_run-010,sub-cp008,3,2000,42,51,50,1,1,2.0,0.05,1.9920923577736618,0.01,1.3121065670513743,1.3121065670513743,0.9060137271881104,0.9159311056137085,0.8885794281959534,0.8059243559837341
sub-cp008_ses-20210503_level-03B_run-002,sub-cp008,3,2000,42,51,50,2,2,3.0,0.05,2.3327719165621583,0.01,2.890956818571749,2.890956818571749,0.8900519013404846,0.9097834825515747,0.9169175028800964,0.8455519080162048
sub-cp008_ses-20210503_level-03B_run-005,sub-cp008,3,2000,42,51,50,2,2,3.0,0.05,2.321093429770727,0.01,3.3377680229677034,3.3377680229677034,0.8829054832458496,0.9131711721420288,0.9201217293739319,0.8203175067901611
sub-cp008_ses-20210503_level-03B_run-011,sub-cp008,3,2000,42,51,50,2,2,3.0,0.05,2.272790577429955,0.01,2.921248542511722,2.921248542511722,0.8773874640464783,0.9067619442939758,0.9068179726600647,0.8105365037918091
sub-cp008_ses-20210503_level-04B_run-004,sub-cp008,3,2000,42,51,50,3,3,4.0,0.05,3.079137984400603,0.01,3.9769322858901743,3.9769322858901743,0.8397843837738037,0.8460705280303955,0.8696107864379883,0.905775249004364
sub-cp008_ses-20210503_level-04B_run-006,sub-cp008,3,2000,42,51,50,3,3,4.0,0.05,3.150305802290001,0.01,3.902196191708355,3.902196191708355,0.8448851704597473,0.8422380685806274,0.865892767906189,0.9152381420135498
sub-cp008_ses-20210503_level-04B_run-009,sub-cp008,3,2000,42,51,50,3,3,4.0,0.05,3.069150642928293,0.01,4.06150026996632,4.0,0.8613179922103882,0.8491835594177246,0.8708546161651611,0.919691264629364
sub-cp014_ses-20211112_level-01B_run-001,sub-cp014,3,2000,42,51,50,0,0,1.0,0.05,1.95141674467592,0.01,1.2541391689285772,1.2541391689285772,0.9175342321395874,0.9158526062965393,0.8903640508651733,0.8207151293754578
sub-cp014_ses-20211112_level-01B_run-007,sub-cp014,3,2000,42,51,50,0,0,1.0,0.05,1.9235401055669097,0.01,1.2211934767880064,1.2211934767880064,0.9215044975280762,0.9060033559799194,0.8834282755851746,0.8345516324043274
sub-cp014_ses-20211112_level-01B_run-012,sub-cp014,3,2000,42,51,50,0,0,1.0,0.05,1.905354735470439,0.01,0.8963818164449968,1.0,0.923819363117218,0.901111364364624,0.8798589706420898,0.8398794531822205
sub-cp014_ses-20211112_level-02B_run-003,sub-cp014,3,2000,42,51,50,1,1,2.0,0.05,1.9735763654781675,0.01,1.8868591589498132,1.8868591589498132,0.916228711605072,0.9216470718383789,0.8941091299057007,0.8180909156799316
sub-cp014_ses-20211112_level-02B_run-008,sub-cp014,3,2000,42,51,50,1,1,2.0,0.05,2.0812423415645265,0.01,2.2879336256580753,2.2879336256580753,0.910266637802124,0.9201690554618835,0.9034515023231506,0.8291177153587341
sub-cp014_ses-20211112_level-02B_run-010,sub-cp014,3,2000,42,51,50,1,1,2.0,0.05,2.0684744211062114,0.01,2.4210924610962468,2.4210924610962468,0.908086359500885,0.9155648350715637,0.8973404169082642,0.8289321660995483
sub-cp014_ses-20211112_level-03B_run-002,sub-cp014,3,2000,42,51,50,2,1,3.0,0.05,2.2333212920401007,0.01,2.9764629739039328,2.9764629739039328,0.8972791433334351,0.92470782995224,0.9208788871765137,0.8240019679069519
sub-cp014_ses-20211112_level-03B_run-005,sub-cp014,3,2000,42,51,50,2,2,3.0,0.05,2.3653208340160914,0.01,3.1569654532633025,3.1569654532633025,0.8969964981079102,0.9210846424102783,0.930059015750885,0.856499195098877
sub-cp014_ses-20211112_level-03B_run-011,sub-cp014,3,2000,42,51,50,2,2,3.0,0.05,2.3247629388302666,0.01,3.391006205637869,3.391006205637869,0.8930128216743469,0.9102281928062439,0.9174312353134155,0.8481230735778809
sub-cp014_ses-20211112_level-04B_run-004,sub-cp014,3,2000,42,51,50,3,3,4.0,0.05,2.7469880523035055,0.01,3.2354551880555515,3.2354551880555515,0.8898634910583496,0.8878874182701111,0.9039922952651978,0.9163779616355896
sub-cp014_ses-20211112_level-04B_run-006,sub-cp014,3,2000,42,51,50,3,3,4.0,0.05,2.8623502767433235,0.01,3.5797662577526466,3.5797662577526466,0.8836053013801575,0.8842381238937378,0.9021130204200745,0.923693835735321
sub-cp014_ses-20211112_level-04B_run-009,sub-cp014,3,2000,42,51,50,3,3,4.0,0.05,2.83255969999999,0.01,3.6910338715238753,3.6910338715238753,0.8783430457115173,0.8816875219345093,0.8975297212600708,0.9159538149833679
sub-cp019_ses-20210625_level-01B_run-001,sub-cp019,3,2000,42,51,50,0,0,1.0,0.05,2.1487881993408524,0.01,1.0235343770091045,1.0235343770091045,0.9000920057296753,0.88427734375,0.8687860369682312,0.8582751750946045
sub-cp019_ses-20210625_level-01B_run-007,sub-cp019,3,2000,42,51,50,0,1,1.0,0.05,1.9572615326413276,0.01,0.8694619619297597,1.0,0.906511664390564,0.9091948866844177,0.8792641162872314,0.8118353486061096
sub-cp019_ses-20210625_level-01B_run-012,sub-cp019,3,2000,42,51,50,0,0,1.0,0.05,1.996100141531708,0.01,1.2282661460451139,1.2282661460451139,0.8972656726837158,0.8945844173431396,0.8737884759902954,0.8120738863945007
sub-cp019_ses-20210625_level-02B_run-003,sub-cp019,3,2000,42,51,50,1,2,2.0,0.05,2.3352378344270317,0.01,1.4176622192593744,1.4176622192593744,0.8467020392417908,0.8520873188972473,0.8547657132148743,0.8174547553062439
sub-cp019_ses-20210625_level-02B_run-008,sub-cp019,3,2000,42,51,50,1,1,2.0,0.05,2.096164463700538,0.01,2.015097281763782,2.015097281763782,0.9058118462562561,0.9282132387161255,0.9076021909713745,0.8150426745414734
sub-cp019_ses-20210625_level-02B_run-010,sub-cp019,3,2000,42,51,50,1,1,2.0,0.05,2.061508298868387,0.01,1.4158132992202241,1.4158132992202241,0.8958390951156616,0.9125041365623474,0.8902288675308228,0.8039363622665405
sub-cp019_ses-20210625_level-03B_run-002,sub-cp019,3,2000,42,51,50,2,3,3.0,0.05,2.8443466867001703,0.01,2.7614640392120977,2.7614640392120977,0.8168510794639587,0.8225525617599487,0.8504663705825806,0.8551473617553711
sub-cp019_ses-20210625_level-03B_run-005,sub-cp019,3,2000,42,51,50,2,2,3.0,0.05,2.357542535872949,0.01,2.9442936284210264,2.9442936284210264,0.8724212646484375,0.9008890390396118,0.906182587146759,0.8316888809204102
sub-cp019_ses-20210625_level-03B_run-011,sub-cp019,3,2000,42,51,50,2,2,3.0,0.05,2.2889786692146084,0.01,3.2618259543060724,3.2618259543060724,0.8777239322662354,0.902144730091095,0.9051820635795593,0.8189921379089355
sub-cp019_ses-20210625_level-04B_run-004,sub-cp019,3,2000,42,51,50,3,3,4.0,0.05,3.155516596554186,0.01,4.232010726396544,4.0,0.815437912940979,0.8171504735946655,0.8450718522071838,0.8883868455886841
sub-cp019_ses-20210625_level-04B_run-006,sub-cp019,3,2000,42,51,50,3,3,4.0,0.05,3.2253216220527974,0.01,3.8420539994791754,3.8420539994791754,0.8067033290863037,0.8095771074295044,0.83735191822052,0.8880157470703125
sub-cp019_ses-20210625_level-04B_run-009,sub-cp019,3,2000,42,51,50,3,3,4.0,0.05,3.1653388362366277,0.01,4.139071762669772,4.0,0.8232707977294922,0.8231411576271057,0.8487222790718079,0.8963918685913086
sub-cp023_ses-20210628_level-01B_run-001,sub-cp023,3,2000,42,51,50,0,0,1.0,0.05,2.0636852495552427,0.01,1.2222423547474182,1.2222423547474182,0.8551943898200989,0.8545856475830078,0.8361215591430664,0.7862033247947693
sub-cp023_ses-20210628_level-01B_run-007,sub-cp023,3,2000,42,51,50,0,0,1.0,0.05,2.0985007809788105,0.01,1.5616929685813812,1.5616929685813812,0.8996209502220154,0.8816744089126587,0.8704490065574646,0.8470363020896912
sub-cp023_ses-20210628_level-01B_run-012,sub-cp023,3,2000,42,51,50,0,0,1.0,0.05,2.3359490502399884,0.01,2.136446062034423,2.136446062034423,0.8685721158981323,0.8534083962440491,0.8552930355072021,0.8467181921005249
sub-cp023_ses-20210628_level-02B_run-003,sub-cp023,3,2000,42,51,50,1,1,2.0,0.05,2.374376329610146,0.01,2.511847418504215,2.511847418504215,0.9001054167747498,0.9092209935188293,0.9047899842262268,0.8822107315063477
sub-cp023_ses-20210628_level-02B_run-008,sub-cp023,3,2000,42,51,50,1,1,2.0,0.05,2.1879626507246805,0.01,2.014792257037561,2.014792257037561,0.8861355185508728,0.8979721665382385,0.8862945437431335,0.8318214416503906
sub-cp023_ses-20210628_level-02B_run-010,sub-cp023,3,2000,42,51,50,1,1,2.0,0.05,2.303740971364443,0.01,2.4968697273501474,2.4968697273501474,0.871263861656189,0.8924393057823181,0.8913915753364563,0.828852653503418
sub-cp023_ses-20210628_level-03B_run-002,sub-cp023,3,2000,42,51,50,2,2,3.0,0.05,2.362367640542349,0.01,2.506607717320437,2.506607717320437,0.8900250196456909,0.9090248346328735,0.9157277345657349,0.8558100461959839
sub-cp023_ses-20210628_level-03B_run-005,sub-cp023,3,2000,42,51,50,2,2,3.0,0.05,2.512784201060038,0.01,2.6626788286457455,2.6626788286457455,0.8819229602813721,0.8839111328125,0.8980705142021179,0.8779431581497192
sub-cp023_ses-20210628_level-03B_run-011,sub-cp023,3,2000,42,51,50,2,0,3.0,0.05,2.0908796308943733,0.01,1.8306214470924327,1.8306214470924327,0.8896212577819824,0.8707264065742493,0.8603224754333496,0.8355323672294617
sub-cp023_ses-20210628_level-04B_run-004,sub-cp023,3,2000,42,51,50,3,3,4.0,0.05,3.313136820005562,0.01,4.760613994877571,4.0,0.8157205581665039,0.8183931112289429,0.8424895405769348,0.9066499471664429
sub-cp023_ses-20210628_level-04B_run-006,sub-cp023,3,2000,42,51,50,3,3,4.0,0.05,3.2079605160713065,0.01,3.566900439862634,3.566900439862634,0.8061649799346924,0.7991654276847839,0.825102686882019,0.8813360333442688
sub-cp023_ses-20210628_level-04B_run-009,sub-cp023,3,2000,42,51,50,3,3,4.0,0.05,3.2399515715436307,0.01,4.146216700583356,4.0,0.7888708114624023,0.7899178266525269,0.8220607042312622,0.8715550303459167
sub-cp024_ses-20210629_level-01B_run-001,sub-cp024,3,2000,42,51,50,0,0,1.0,0.05,2.2731141120631504,0.01,0.4515123824003755,1.0,0.8457868695259094,0.8457304239273071,0.8404885530471802,0.8127630949020386
sub-cp024_ses-20210629_level-01B_run-007,sub-cp024,3,2000,42,51,50,0,0,1.0,0.05,2.397990148678369,0.01,0.9956204651559575,1.0,0.8528257012367249,0.8439646363258362,0.8391770720481873,0.8413373231887817
sub-cp024_ses-20210629_level-01B_run-012,sub-cp024,3,2000,42,51,50,0,0,1.0,0.05,2.242582222966506,0.01,0.47891532534057113,1.0,0.8873198628425598,0.8733293414115906,0.8735315799713135,0.8510653376579285
sub-cp024_ses-20210629_level-02B_run-003,sub-cp024,3,2000,42,51,50,1,2,2.0,0.05,2.3623971680450793,0.01,2.1243019087551036,2.1243019087551036,0.8724885582923889,0.8795554637908936,0.8839420676231384,0.8467181921005249
sub-cp024_ses-20210629_level-02B_run-008,sub-cp024,3,2000,42,51,50,1,3,2.0,0.05,2.591064469846152,0.01,1.241314467988569,1.241314467988569,0.821036696434021,0.8071835041046143,0.812380313873291,0.830284059047699
sub-cp024_ses-20210629_level-02B_run-010,sub-cp024,3,2000,42,51,50,1,2,2.0,0.05,2.3255073579646495,0.01,1.5548500154845155,1.5548500154845155,0.8775758743286133,0.8936034440994263,0.8957045078277588,0.8409397602081299
sub-cp024_ses-20210629_level-03B_run-002,sub-cp024,3,2000,42,51,50,2,3,3.0,0.05,2.778237748340986,0.01,3.0216589800272273,3.0216589800272273,0.8042942881584167,0.7995709180831909,0.8192484974861145,0.8334118127822876
sub-cp024_ses-20210629_level-03B_run-005,sub-cp024,3,2000,42,51,50,2,2,3.0,0.05,2.4907263781078126,0.01,2.728484410557395,2.728484410557395,0.8411436676979065,0.8586665987968445,0.8763302564620972,0.8278984427452087
sub-cp024_ses-20210629_level-03B_run-011,sub-cp024,3,2000,42,51,50,2,3,3.0,0.05,2.8152394476752285,0.01,2.156751952221973,2.156751952221973,0.8203099370002747,0.8102965354919434,0.8256570100784302,0.8529738187789917
sub-cp024_ses-20210629_level-04B_run-004,sub-cp024,3,2000,42,51,50,3,3,4.0,0.05,2.8903542401399447,0.01,2.7577758661851814,2.7577758661851814,0.8175105452537537,0.8021607398986816,0.820979118347168,0.8566582798957825
sub-cp024_ses-20210629_level-04B_run-006,sub-cp024,3,2000,42,51,50,3,3,4.0,0.05,3.1578798414645135,0.01,3.4106089836817857,3.4106089836817857,0.8232707977294922,0.8210222125053406,0.8429356813430786,0.8944833874702454
sub-cp024_ses-20210629_level-04B_run-009,sub-cp024,3,2000,42,51,50,3,3,4.0,0.05,2.995720825283819,0.01,2.8849314993950648,2.8849314993950648,0.7672967910766602,0.7484932541847229,0.7629644870758057,0.8162884712219238
sub-cp025_ses-20210820_level-01B_run-001,sub-cp025,3,2000,42,51,50,0,1,1.0,0.05,2.2039659541008323,0.01,1.169703099159484,1.169703099159484,0.8826093673706055,0.8871680498123169,0.8772090673446655,0.8364071249961853
sub-cp025_ses-20210820_level-01B_run-007,sub-cp025,3,2000,42,51,50,0,0,1.0,0.05,1.9410328515293995,0.01,0.25338275336233895,1.0,0.9135774374008179,0.8930671215057373,0.8748430609703064,0.8333588242530823
sub-cp025_ses-20210820_level-01B_run-012,sub-cp025,3,2000,42,51,50,0,0,1.0,0.05,2.1337791513012427,0.01,0.5501049733481365,1.0,0.8823401927947998,0.8643825650215149,0.8579024076461792,0.8330142498016357
sub-cp025_ses-20210820_level-02B_run-003,sub-cp025,3,2000,42,51,50,1,1,2.0,0.05,2.2160274201231998,0.01,1.6665465649998183,1.6665465649998183,0.8922591209411621,0.9162973165512085,0.9047494530677795,0.8342335224151611
sub-cp025_ses-20210820_level-02B_run-008,sub-cp025,3,2000,42,51,50,1,1,2.0,0.05,2.066044262144005,0.01,1.9904296740837617,1.9904296740837617,0.9093514680862427,0.929534375667572,0.9070478677749634,0.811464250087738
sub-cp025_ses-20210820_level-02B_run-010,sub-cp025,3,2000,42,51,50,1,1,2.0,0.05,2.006944296908747,0.01,1.5414374075983535,1.5414374075983535,0.9239943027496338,0.9319410920143127,0.9072641730308533,0.8300454616546631
sub-cp025_ses-20210820_level-03B_run-002,sub-cp025,3,2000,42,51,50,2,2,3.0,0.05,2.3975188758207873,0.01,3.2356930485534234,3.2356930485534234,0.8934031128883362,0.9197112321853638,0.9312893152236938,0.8577185273170471
sub-cp025_ses-20210820_level-03B_run-005,sub-cp025,3,2000,42,51,50,2,2,3.0,0.05,2.5668400926274937,0.01,2.895411397845826,2.895411397845826,0.8681549429893494,0.8725706934928894,0.8872680068016052,0.8721116781234741
sub-cp025_ses-20210820_level-03B_run-011,sub-cp025,3,2000,42,51,50,2,2,3.0,0.05,2.3694999141658295,0.01,3.2047662743757557,3.2047662743757557,0.8636597990989685,0.8845258951187134,0.8937305808067322,0.826785147190094
sub-cp025_ses-20210820_level-04B_run-004,sub-cp025,3,2000,42,51,50,3,3,4.0,0.05,3.179566897984802,0.01,4.403891240584526,4.0,0.8101891279220581,0.8076543807983398,0.825386643409729,0.8833505511283875
sub-cp025_ses-20210820_level-04B_run-006,sub-cp025,3,2000,42,51,50,3,3,4.0,0.05,3.0545663681096062,0.01,4.463329908423823,4.0,0.874009370803833,0.8681104183197021,0.8884983062744141,0.9328121542930603
sub-cp025_ses-20210820_level-04B_run-009,sub-cp025,3,2000,42,51,50,3,3,4.0,0.05,3.1079880021023776,0.01,4.336368644986271,4.0,0.851076066493988,0.8547425866127014,0.8769251108169556,0.9191611409187317
sub-cp037_ses-20210113_level-01B_run-001,sub-cp037,3,2000,42,51,50,0,0,1.0,0.05,2.1376797292175023,0.01,0.818395088967506,1.0,0.8934972882270813,0.8765078186988831,0.8676503896713257,0.8460820317268372
sub-cp037_ses-20210113_level-01B_run-007,sub-cp037,3,2000,42,51,50,0,0,1.0,0.05,1.987936861461137,0.01,0.7336349059486253,1.0,0.9054350256919861,0.8975536227226257,0.8802916407585144,0.8201584815979004
sub-cp037_ses-20210113_level-01B_run-012,sub-cp037,3,2000,42,51,50,0,0,1.0,0.05,1.9155457819752493,0.01,0.9359999660725813,1.0,0.9240615963935852,0.9127787947654724,0.8883766531944275,0.8298864364624023
sub-cp037_ses-20210113_level-02B_run-003,sub-cp037,3,2000,42,51,50,1,1,2.0,0.05,2.1101091762372617,0.01,1.0538696616567274,1.0538696616567274,0.8796350359916687,0.8872334361076355,0.8738425374031067,0.8074086904525757
sub-cp037_ses-20210113_level-02B_run-008,sub-cp037,3,2000,42,51,50,1,0,2.0,0.05,2.2538944614420307,0.01,1.9843360314137166,1.9843360314137166,0.9014512896537781,0.8967164754867554,0.8944876790046692,0.8646102547645569
sub-cp037_ses-20210113_level-02B_run-010,sub-cp037,3,2000,42,51,50,1,0,2.0,0.05,2.0201729498656813,0.01,1.5086399372135384,1.5086399372135384,0.932957649230957,0.9317840933799744,0.9132670760154724,0.8502966165542603
sub-cp037_ses-20210113_level-03B_run-002,sub-cp037,3,2000,42,51,50,2,2,3.0,0.05,2.375271486358558,0.01,2.9902167484712283,2.9902167484712283,0.8703082799911499,0.8885021805763245,0.899652361869812,0.8343660831451416
sub-cp037_ses-20210113_level-03B_run-005,sub-cp037,3,2000,42,51,50,2,2,3.0,0.05,2.305602848612545,0.01,3.38589739334856,3.38589739334856,0.8710485100746155,0.8968865275382996,0.9011260271072388,0.8148571252822876
sub-cp037_ses-20210113_level-03B_run-011,sub-cp037,3,2000,42,51,50,2,2,3.0,0.05,2.319977020782226,0.01,3.0090294724115125,3.0090294724115125,0.8998766541481018,0.9206922054290771,0.9291396141052246,0.8470628261566162
sub-cp037_ses-20210113_level-04B_run-004,sub-cp037,3,2000,42,51,50,3,3,4.0,0.05,3.0700395079210683,0.01,4.468746638532588,4.0,0.8192062973976135,0.8172813057899475,0.8411510586738586,0.881123960018158
sub-cp037_ses-20210113_level-04B_run-006,sub-cp037,3,2000,42,51,50,3,3,4.0,0.05,3.0017884780267057,0.01,4.879904567972903,4.0,0.8295020461082458,0.8338798880577087,0.855766236782074,0.8861337304115295
sub-cp037_ses-20210113_level-04B_run-009,sub-cp037,3,2000,42,51,50,3,3,4.0,0.05,3.111897062567728,0.01,4.208591536173511,4.0,0.8546156883239746,0.8557497262954712,0.8766412138938904,0.9220768809318542
sub-cp008_ses-20210503_level-01B_run-001,sub-cp008,3,5000,42,51,50,0,0,1.0,0.05,2.1963828976808983,0.01,1.3582306445887857,1.3582306445887857,0.8952605128288269,0.8831503391265869,0.872200608253479,0.8572800159454346
sub-cp008_ses-20210503_level-01B_run-007,sub-cp008,3,5000,42,51,50,0,1,1.0,0.05,1.9630598709492044,0.01,1.3302388282775166,1.3302388282775166,0.8711577653884888,0.87244713306427,0.8492265939712524,0.7675359845161438
sub-cp008_ses-20210503_level-01B_run-012,sub-cp008,3,5000,42,51,50,0,1,1.0,0.05,1.9559574058674258,0.01,0.922500465616511,1.0,0.903336226940155,0.9063100814819336,0.8812363743782043,0.7958482503890991
sub-cp008_ses-20210503_level-02B_run-003,sub-cp008,3,5000,42,51,50,1,1,2.0,0.05,2.0976990385681225,0.01,1.7543637970503323,1.7543637970503323,0.8952713012695312,0.9175854921340942,0.894865870475769,0.8113839626312256
sub-cp008_ses-20210503_level-02B_run-008,sub-cp008,3,5000,42,51,50,1,1,2.0,0.05,2.0829458505218486,0.01,1.7007434169270472,1.7007434169270472,0.864509105682373,0.8854652643203735,0.8643836975097656,0.7708150148391724
sub-cp008_ses-20210503_level-02B_run-010,sub-cp008,3,5000,42,51,50,1,1,2.0,0.05,2.0098925149086533,0.01,1.3273469038420025,1.3273469038420025,0.8949740529060364,0.9087404608726501,0.8810792565345764,0.7956572771072388
sub-cp008_ses-20210503_level-03B_run-002,sub-cp008,3,5000,42,51,50,2,2,3.0,0.05,2.318507005442139,0.01,2.917914781032991,2.917914781032991,0.896195650100708,0.913244366645813,0.9204942584037781,0.8493211269378662
sub-cp008_ses-20210503_level-03B_run-005,sub-cp008,3,5000,42,51,50,2,2,3.0,0.05,2.282990661466402,0.01,3.053147607260631,3.053147607260631,0.8887307643890381,0.9154857397079468,0.9197954535484314,0.8196929693222046
sub-cp008_ses-20210503_level-03B_run-011,sub-cp008,3,5000,42,51,50,2,1,3.0,0.05,2.2546456070805396,0.01,2.763524036380012,2.763524036380012,0.8768983483314514,0.9055279493331909,0.9046762585639954,0.8041042685508728
sub-cp008_ses-20210503_level-04B_run-004,sub-cp008,3,5000,42,51,50,3,3,4.0,0.05,3.1435288683844718,0.01,3.8546121228854537,3.8546121228854537,0.8308010101318359,0.8347994685173035,0.8615126013755798,0.9032503366470337
sub-cp008_ses-20210503_level-04B_run-006,sub-cp008,3,5000,42,51,50,3,3,4.0,0.05,3.170404755717114,0.01,3.894609047825573,3.894609047825573,0.8410442471504211,0.8385316729545593,0.8661984205245972,0.9139470458030701
sub-cp008_ses-20210503_level-04B_run-009,sub-cp008,3,5000,42,51,50,3,3,4.0,0.05,3.1069479256548482,0.01,3.9700857068123856,3.9700857068123856,0.8549253344535828,0.8433610200881958,0.8671301603317261,0.9175019860267639
sub-cp014_ses-20211112_level-01B_run-001,sub-cp014,3,5000,42,51,50,0,0,1.0,0.05,1.9364046503681003,0.01,1.295442539034698,1.295442539034698,0.9140064716339111,0.909911036491394,0.8845624923706055,0.81546950340271
sub-cp014_ses-20211112_level-01B_run-007,sub-cp014,3,5000,42,51,50,0,0,1.0,0.05,1.8834187010686363,0.01,1.2940062833924295,1.2940062833924295,0.9183254241943359,0.9033547639846802,0.8776990175247192,0.8208920955657959
sub-cp014_ses-20211112_level-01B_run-012,sub-cp014,3,5000,42,51,50,0,0,1.0,0.05,1.9110699290943887,0.01,1.2671100031083404,1.2671100031083404,0.9157199859619141,0.896352231502533,0.8748387694358826,0.8291693329811096
sub-cp014_ses-20211112_level-02B_run-003,sub-cp014,3,5000,42,51,50,1,1,2.0,0.05,1.999633957290666,0.01,1.7603124059771824,1.7603124059771824,0.906309187412262,0.9165041446685791,0.8906838297843933,0.8056747913360596
sub-cp014_ses-20211112_level-02B_run-008,sub-cp014,3,5000,42,51,50,1,1,2.0,0.05,2.0893509057148067,0.01,2.1902100776240463,2.1902100776240463,0.8999686241149902,0.9132863283157349,0.8968972563743591,0.8150449991226196
sub-cp014_ses-20211112_level-02B_run-010,sub-cp014,3,5000,42,51,50,1,1,2.0,0.05,2.0543846837771427,0.01,2.120537520589368,2.120537520589368,0.902563214302063,0.9121419787406921,0.8920435309410095,0.8173689842224121
sub-cp014_ses-20211112_level-03B_run-002,sub-cp014,3,5000,42,51,50,2,1,3.0,0.05,2.2399109786218796,0.01,2.9552055968530304,2.9552055968530304,0.8904821276664734,0.9195907115936279,0.9169135689735413,0.8138034343719482
sub-cp014_ses-20211112_level-03B_run-005,sub-cp014,3,5000,42,51,50,2,2,3.0,0.05,2.3820304859412564,0.01,3.1800451783857726,3.1800451783857726,0.8840929269790649,0.909386157989502,0.9214097857475281,0.8430601954460144
sub-cp014_ses-20211112_level-03B_run-011,sub-cp014,3,5000,42,51,50,2,2,3.0,0.05,2.342563366239589,0.01,3.2383954063781024,3.2383954063781024,0.8883956670761108,0.9090712070465088,0.9179644584655762,0.8433254957199097
sub-cp014_ses-20211112_level-04B_run-004,sub-cp014,3,5000,42,51,50,3,3,4.0,0.05,2.755963155995911,0.01,3.875570420918935,3.875570420918935,0.887076735496521,0.8867513537406921,0.9045192003250122,0.9146898984909058
sub-cp014_ses-20211112_level-04B_run-006,sub-cp014,3,5000,42,51,50,3,3,4.0,0.05,2.865248426186283,0.01,3.8619883919338047,3.8619883919338047,0.8816658854484558,0.8821687698364258,0.9027477502822876,0.9218316078186035
sub-cp014_ses-20211112_level-04B_run-009,sub-cp014,3,5000,42,51,50,3,3,4.0,0.05,2.877761214436659,0.01,3.823017678178922,3.823017678178922,0.8747037649154663,0.8772029280662537,0.8980023860931396,0.9168228507041931
sub-cp019_ses-20210625_level-01B_run-001,sub-cp019,3,5000,42,51,50,0,0,1.0,0.05,2.1997033285627534,0.01,1.460853502453709,1.460853502453709,0.8846226930618286,0.8716964721679688,0.8600770831108093,0.8479204177856445
sub-cp019_ses-20210625_level-01B_run-007,sub-cp019,3,5000,42,51,50,0,0,1.0,0.05,1.9761231211330739,0.01,0.66239808348233,1.0,0.898330807685852,0.8947407007217407,0.8726339936256409,0.8093571066856384
sub-cp019_ses-20210625_level-01B_run-012,sub-cp019,3,5000,42,51,50,0,0,1.0,0.05,2.0116225952163544,0.01,1.4221819999995602,1.4221819999995602,0.8950334787368774,0.8914126753807068,0.8736199140548706,0.8120737075805664
sub-cp019_ses-20210625_level-02B_run-003,sub-cp019,3,5000,42,51,50,1,1,2.0,0.05,2.271613810512508,0.01,1.3546104719209884,1.3546104719209884,0.8630983233451843,0.8654918670654297,0.8633707165718079,0.8260706663131714
sub-cp019_ses-20210625_level-02B_run-008,sub-cp019,3,5000,42,51,50,1,1,2.0,0.05,2.1170347378423355,0.01,2.095909060869316,2.095909060869316,0.8969308137893677,0.9199423789978027,0.9027044177055359,0.806958794593811
sub-cp019_ses-20210625_level-02B_run-010,sub-cp019,3,5000,42,51,50,1,1,2.0,0.05,2.079295525044202,0.01,1.8630653826428827,1.8630653826428827,0.8933902382850647,0.9091131687164307,0.8899904489517212,0.8049744367599487
sub-cp019_ses-20210625_level-03B_run-002,sub-cp019,3,5000,42,51,50,2,3,3.0,0.05,2.836702451410246,0.01,2.8778431432973104,2.8778431432973104,0.8207793235778809,0.8246474266052246,0.8503966927528381,0.8579273223876953
sub-cp019_ses-20210625_level-03B_run-005,sub-cp019,3,5000,42,51,50,2,2,3.0,0.05,2.385238853499134,0.01,3.200602351470433,3.200602351470433,0.859546959400177,0.8897066712379456,0.8990316390991211,0.8202129602432251
sub-cp019_ses-20210625_level-03B_run-011,sub-cp019,3,5000,42,51,50,2,2,3.0,0.05,2.288084375241039,0.01,3.0507134232677298,3.0507134232677298,0.8788496851921082,0.9029295444488525,0.90769362449646,0.8159788846969604
sub-cp019_ses-20210625_level-04B_run-004,sub-cp019,3,5000,42,51,50,3,3,4.0,0.05,3.1900637983133215,0.01,4.172034031537558,4.0,0.8135577440261841,0.8146633505821228,0.842433512210846,0.8901235461235046
sub-cp019_ses-20210625_level-04B_run-006,sub-cp019,3,5000,42,51,50,3,3,4.0,0.05,3.2768809055234223,0.01,4.203459717138884,4.0,0.8052171468734741,0.8066791892051697,0.8369892835617065,0.8921504020690918
sub-cp019_ses-20210625_level-04B_run-009,sub-cp019,3,5000,42,51,50,3,3,4.0,0.05,3.214425105648722,0.01,3.849031394232844,3.849031394232844,0.826806366443634,0.8260279893875122,0.8538798689842224,0.905340850353241
sub-cp023_ses-20210628_level-01B_run-001,sub-cp023,3,5000,42,51,50,0,0,1.0,0.05,2.0445635612776556,0.01,1.201298527914405,1.201298527914405,0.8540658950805664,0.8539802432060242,0.8354129195213318,0.7784661054611206
sub-cp023_ses-20210628_level-01B_run-007,sub-cp023,3,5000,42,51,50,0,0,1.0,0.05,2.0978275306682757,0.01,1.6187276805498207,1.6187276805498207,0.8966388702392578,0.8778748512268066,0.8680239915847778,0.8434103727340698
sub-cp023_ses-20210628_level-01B_run-012,sub-cp023,3,5000,42,51,50,0,0,1.0,0.05,2.330775464448637,0.01,1.7456484288458605,1.7456484288458605,0.8704172372817993,0.8511614203453064,0.8543024063110352,0.8482281565666199
sub-cp023_ses-20210628_level-02B_run-003,sub-cp023,3,5000,42,51,50,1,1,2.0,0.05,2.338505159402312,0.01,2.1775088062180203,2.1775088062180203,0.8996983766555786,0.9045620560646057,0.899399995803833,0.8769437074661255
sub-cp023_ses-20210628_level-02B_run-008,sub-cp023,3,5000,42,51,50,1,1,2.0,0.05,2.1721765091071124,0.01,1.6680107579910894,1.6680107579910894,0.8818875551223755,0.8932709097862244,0.8825364708900452,0.8218153715133667
sub-cp023_ses-20210628_level-02B_run-010,sub-cp023,3,5000,42,51,50,1,2,2.0,0.05,2.3151761327762976,0.01,2.507461701692054,2.507461701692054,0.8582388758659363,0.8802685141563416,0.8819568753242493,0.8146311640739441
sub-cp023_ses-20210628_level-03B_run-002,sub-cp023,3,5000,42,51,50,2,2,3.0,0.05,2.374805003730136,0.01,2.832455436271597,2.832455436271597,0.8865794539451599,0.9080318212509155,0.9162309765815735,0.8523243069648743
sub-cp023_ses-20210628_level-03B_run-005,sub-cp023,3,5000,42,51,50,2,2,3.0,0.05,2.598349969228373,0.01,2.7928069774759066,2.7928069774759066,0.8729686141014099,0.8706781268119812,0.890044629573822,0.8797345757484436
sub-cp023_ses-20210628_level-03B_run-011,sub-cp023,3,5000,42,51,50,2,0,3.0,0.05,2.106124829786918,0.01,1.5651698645737142,1.5651698645737142,0.8830767273902893,0.8640115857124329,0.8535656929016113,0.8320981860160828
sub-cp023_ses-20210628_level-04B_run-004,sub-cp023,3,5000,42,51,50,3,3,4.0,0.05,3.402576923144435,0.01,4.651733921396964,4.0,0.8077360987663269,0.8089783787727356,0.8396220207214355,0.9098190665245056
sub-cp023_ses-20210628_level-04B_run-006,sub-cp023,3,5000,42,51,50,3,3,4.0,0.05,3.2615497134705214,0.01,3.7934086382455,3.7934086382455,0.7982171773910522,0.7897818684577942,0.8178614377975464,0.8789917826652527
sub-cp023_ses-20210628_level-04B_run-009,sub-cp023,3,5000,42,51,50,3,3,4.0,0.05,3.2437941083779607,0.01,3.820479975082101,3.820479975082101,0.7888550162315369,0.7896348834037781,0.820266604423523,0.8716908097267151
sub-cp024_ses-20210629_level-01B_run-001,sub-cp024,3,5000,42,51,50,0,0,1.0,0.05,2.27292390859372,0.01,0.9740062159590086,1.0,0.8472874760627747,0.8435342311859131,0.8402557969093323,0.8143870830535889
sub-cp024_ses-20210629_level-01B_run-007,sub-cp024,3,5000,42,51,50,0,0,1.0,0.05,2.3598302839851804,0.01,1.0664722852635868,1.0664722852635868,0.8454928994178772,0.8337391018867493,0.8296924233436584,0.8289252519607544
sub-cp024_ses-20210629_level-01B_run-012,sub-cp024,3,5000,42,51,50,0,0,1.0,0.05,2.2483347463819534,0.01,0.757962813083477,1.0,0.8885091543197632,0.8745783567428589,0.8755863308906555,0.8526957035064697
sub-cp024_ses-20210629_level-02B_run-003,sub-cp024,3,5000,42,51,50,1,2,2.0,0.05,2.327716105838156,0.01,2.0904798439879944,2.0904798439879944,0.8714929223060608,0.8748092651367188,0.8782082200050354,0.8410121202468872
sub-cp024_ses-20210629_level-02B_run-008,sub-cp024,3,5000,42,51,50,1,3,2.0,0.05,2.5412288073278955,0.01,1.7119209940547357,1.7119209940547357,0.8120279908180237,0.7980179190635681,0.8031105995178223,0.8155862092971802
sub-cp024_ses-20210629_level-02B_run-010,sub-cp024,3,5000,42,51,50,1,2,2.0,0.05,2.3619602137601063,0.01,1.9281177992718412,1.9281177992718412,0.8796172738075256,0.891801118850708,0.8986361622810364,0.8491407632827759
sub-cp024_ses-20210629_level-03B_run-002,sub-cp024,3,5000,42,51,50,2,3,3.0,0.05,2.8346162216087274,0.01,2.8219161751463053,2.8219161751463053,0.8019360899925232,0.7931308746337891,0.8160412311553955,0.8362579941749573
sub-cp024_ses-20210629_level-03B_run-005,sub-cp024,3,5000,42,51,50,2,2,3.0,0.05,2.4646757471038643,0.01,2.651858973238978,2.651858973238978,0.8436334133148193,0.8594184517860413,0.8760088682174683,0.8259963989257812
sub-cp024_ses-20210629_level-03B_run-011,sub-cp024,3,5000,42,51,50,2,3,3.0,0.05,2.7866207439920405,0.01,2.356122457124537,2.356122457124537,0.8232117891311646,0.8102959394454956,0.8264529705047607,0.8521969318389893
sub-cp024_ses-20210629_level-04B_run-004,sub-cp024,3,5000,42,51,50,3,3,4.0,0.05,2.920991758028558,0.01,3.4448025813458374,3.4448025813458374,0.8240712285041809,0.8099022507667542,0.8284410834312439,0.8666502237319946
sub-cp024_ses-20210629_level-04B_run-006,sub-cp024,3,5000,42,51,50,3,3,4.0,0.05,3.2232393983941448,0.01,3.588330722803072,3.588330722803072,0.8172280192375183,0.8148785829544067,0.8373251557350159,0.8955992460250854
sub-cp024_ses-20210629_level-04B_run-009,sub-cp024,3,5000,42,51,50,3,3,4.0,0.05,2.9083208845149997,0.01,2.499469348470569,2.499469348470569,0.7621360421180725,0.7441501021385193,0.7573683857917786,0.8027353286743164
sub-cp025_ses-20210820_level-01B_run-001,sub-cp025,3,5000,42,51,50,0,1,1.0,0.05,2.1490558516340093,0.01,1.2744260119835307,1.2744260119835307,0.8887199759483337,0.8936173915863037,0.8805754780769348,0.8315888047218323
sub-cp025_ses-20210820_level-01B_run-007,sub-cp025,3,5000,42,51,50,0,0,1.0,0.05,1.9311832416515178,0.01,0.23615954396800865,1.0,0.9131037592887878,0.8918168544769287,0.8746111989021301,0.8298378586769104
sub-cp025_ses-20210820_level-01B_run-012,sub-cp025,3,5000,42,51,50,0,0,1.0,0.05,2.209800298598576,0.01,1.0207095391795913,1.0207095391795913,0.8784875273704529,0.862169086933136,0.8602233529090881,0.8390064835548401
sub-cp025_ses-20210820_level-02B_run-003,sub-cp025,3,5000,42,51,50,1,1,2.0,0.05,2.154002397673082,0.01,1.5302318705436893,1.5302318705436893,0.8957632184028625,0.9143781661987305,0.8995516896247864,0.8268135190010071
sub-cp025_ses-20210820_level-02B_run-008,sub-cp025,3,5000,42,51,50,1,1,2.0,0.05,2.0170717165896526,0.01,1.8270663415415263,1.8270663415415263,0.9105956554412842,0.9292755722999573,0.9017401933670044,0.8003158569335938
sub-cp025_ses-20210820_level-02B_run-010,sub-cp025,3,5000,42,51,50,1,1,2.0,0.05,1.9989403269442514,0.01,1.624064882046488,1.624064882046488,0.9216497540473938,0.9293543100357056,0.9048225283622742,0.8237997889518738
sub-cp025_ses-20210820_level-03B_run-002,sub-cp025,3,5000,42,51,50,2,2,3.0,0.05,2.3749998369805017,0.01,3.0826198187036775,3.0826198187036775,0.892346978187561,0.9177377223968506,0.9271790385246277,0.8532687425613403
sub-cp025_ses-20210820_level-03B_run-005,sub-cp025,3,5000,42,51,50,2,2,3.0,0.05,2.5328630887726673,0.01,3.0125838274461985,3.0125838274461985,0.8673145174980164,0.8733867406845093,0.885721743106842,0.8670534491539001
sub-cp025_ses-20210820_level-03B_run-011,sub-cp025,3,5000,42,51,50,2,2,3.0,0.05,2.310593830246709,0.01,2.8894988842417493,2.8894988842417493,0.8717253804206848,0.8917276263237,0.8963285088539124,0.8236830234527588
sub-cp025_ses-20210820_level-04B_run-004,sub-cp025,3,5000,42,51,50,3,3,4.0,0.05,3.2411390647754734,0.01,4.078028267967521,4.0,0.7985090613365173,0.7960389852523804,0.8150661587715149,0.8785036206245422
sub-cp025_ses-20210820_level-04B_run-006,sub-cp025,3,5000,42,51,50,3,3,4.0,0.05,3.0762052745022084,0.01,4.149653819855308,4.0,0.8717469573020935,0.8668251633644104,0.8903371691703796,0.9332711696624756
sub-cp025_ses-20210820_level-04B_run-009,sub-cp025,3,5000,42,51,50,3,3,4.0,0.05,3.181601464245762,0.01,4.427135918113606,4.0,0.8487198948860168,0.8503740429878235,0.8763934373855591,0.9244102835655212
sub-cp037_ses-20210113_level-01B_run-001,sub-cp037,3,5000,42,51,50,0,0,1.0,0.05,2.0882079010959647,0.01,0.8948412373558479,1.0,0.8911578059196472,0.87687748670578,0.8637011051177979,0.8354939818382263
sub-cp037_ses-20210113_level-01B_run-007,sub-cp037,3,5000,42,51,50,0,0,1.0,0.05,1.9721286681843966,0.01,1.0588945370871043,1.0588945370871043,0.8959848284721375,0.8852185606956482,0.8678560853004456,0.8101105093955994
sub-cp037_ses-20210113_level-01B_run-012,sub-cp037,3,5000,42,51,50,0,0,1.0,0.05,1.9039580778502605,0.01,1.092025892197989,1.092025892197989,0.9202064871788025,0.9092968702316284,0.8835819959640503,0.822982668876648
sub-cp037_ses-20210113_level-02B_run-003,sub-cp037,3,5000,42,51,50,1,1,2.0,0.05,2.131348583330765,0.01,1.6714816666153238,1.6714816666153238,0.8757956027984619,0.8887932896614075,0.8747737407684326,0.8046773076057434
sub-cp037_ses-20210113_level-02B_run-008,sub-cp037,3,5000,42,51,50,1,0,2.0,0.05,2.2351993587437624,0.01,2.0808642433576967,2.0808642433576967,0.8981631994247437,0.8973181247711182,0.8909709453582764,0.8588611483573914
sub-cp037_ses-20210113_level-02B_run-010,sub-cp037,3,5000,42,51,50,1,1,2.0,0.05,2.0438568298864075,0.01,1.8395555928117293,1.8395555928117293,0.927136242389679,0.9320261478424072,0.9129970073699951,0.8440895080566406
sub-cp037_ses-20210113_level-03B_run-002,sub-cp037,3,5000,42,51,50,2,2,3.0,0.05,2.3748901440239494,0.01,2.7581686494132365,2.7581686494132365,0.8664172291755676,0.8844941854476929,0.8952775597572327,0.8309627175331116
sub-cp037_ses-20210113_level-03B_run-005,sub-cp037,3,5000,42,51,50,2,2,3.0,0.05,2.3086993251440284,0.01,3.154558429644739,3.154558429644739,0.8709632158279419,0.8960162997245789,0.9012309908866882,0.8149601221084595
sub-cp037_ses-20210113_level-03B_run-011,sub-cp037,3,5000,42,51,50,2,2,3.0,0.05,2.3322032906442614,0.01,2.8886152782731624,2.8886152782731624,0.8993686437606812,0.9192442297935486,0.9290695786476135,0.8496501445770264
sub-cp037_ses-20210113_level-04B_run-004,sub-cp037,3,5000,42,51,50,3,3,4.0,0.05,3.1453770577031346,0.01,4.276927655300341,4.0,0.8168225884437561,0.8146003484725952,0.8413175940513611,0.8870036602020264
sub-cp037_ses-20210113_level-04B_run-006,sub-cp037,3,5000,42,51,50,3,3,4.0,0.05,3.150380536861587,0.01,4.4998026444707975,4.0,0.8213415145874023,0.8246369361877441,0.8508192300796509,0.894230306148529
sub-cp037_ses-20210113_level-04B_run-009,sub-cp037,3,5000,42,51,50,3,3,4.0,0.05,3.1641900501965456,0.01,4.285862666570154,4.0,0.8524604439735413,0.8522007465362549,0.876577615737915,0.9253122806549072
sub-cp008_ses-20210503_level-01B_run-001,sub-cp008,3,10000,42,51,50,0,0,1.0,0.05,2.2319113501386605,0.01,1.6522583926378993,1.6522583926378993,0.8915182948112488,0.8815499544143677,0.8733311295509338,0.8570858240127563
sub-cp008_ses-20210503_level-01B_run-007,sub-cp008,3,10000,42,51,50,0,1,1.0,0.05,1.9809850526020312,0.01,1.3573991264878116,1.3573991264878116,0.87210613489151,0.8744086623191833,0.8517900109291077,0.77373868227005
sub-cp008_ses-20210503_level-01B_run-012,sub-cp008,3,10000,42,51,50,0,1,1.0,0.05,1.9636161612932106,0.01,1.0293986634131804,1.0293986634131804,0.9041090607643127,0.906808614730835,0.8824941515922546,0.7997497916221619
sub-cp008_ses-20210503_level-02B_run-003,sub-cp008,3,10000,42,51,50,1,1,2.0,0.05,2.116820645796795,0.01,1.8311046933305961,1.8311046933305961,0.8973416686058044,0.9185383915901184,0.8982903957366943,0.8192780613899231
sub-cp008_ses-20210503_level-02B_run-008,sub-cp008,3,10000,42,51,50,1,1,2.0,0.05,2.0791311292349164,0.01,1.7780080919536583,1.7780080919536583,0.8637213110923767,0.8827345371246338,0.862071692943573,0.7715281248092651
sub-cp008_ses-20210503_level-02B_run-010,sub-cp008,3,10000,42,51,50,1,1,2.0,0.05,2.0089126783409963,0.01,1.484383030825375,1.484383030825375,0.8958405256271362,0.9088651537895203,0.8814947009086609,0.7971460223197937
sub-cp008_ses-20210503_level-03B_run-002,sub-cp008,3,10000,42,51,50,2,2,3.0,0.05,2.341033262676493,0.01,2.8026388547080066,2.8026388547080066,0.8964139223098755,0.9112447500228882,0.9194631576538086,0.8570486307144165
sub-cp008_ses-20210503_level-03B_run-005,sub-cp008,3,10000,42,51,50,2,2,3.0,0.05,2.2673309441521035,0.01,2.9785663647299456,2.9785663647299456,0.8928815126419067,0.9176270365715027,0.9200156927108765,0.8249372243881226
sub-cp008_ses-20210503_level-03B_run-011,sub-cp008,3,10000,42,51,50,2,1,3.0,0.05,2.2378385783908037,0.01,2.8090058532807842,2.8090058532807842,0.8787301182746887,0.9061914086341858,0.9027026295661926,0.8068755865097046
sub-cp008_ses-20210503_level-04B_run-004,sub-cp008,3,10000,42,51,50,3,3,4.0,0.05,3.1134887502950725,0.01,3.7630984764895565,3.7630984764895565,0.835832417011261,0.8391904234886169,0.8640462160110474,0.9045487642288208
sub-cp008_ses-20210503_level-04B_run-006,sub-cp008,3,10000,42,51,50,3,3,4.0,0.05,3.1317077653099106,0.01,3.8987271841346973,3.8987271841346973,0.840752363204956,0.8387885689735413,0.8643956184387207,0.9094586968421936
sub-cp008_ses-20210503_level-04B_run-009,sub-cp008,3,10000,42,51,50,3,3,4.0,0.05,3.0426459471979803,0.01,3.9818011273477687,3.9818011273477687,0.8603593111038208,0.8486981987953186,0.8692466616630554,0.9161062836647034
sub-cp014_ses-20211112_level-01B_run-001,sub-cp014,3,10000,42,51,50,0,0,1.0,0.05,1.9551075983128163,0.01,1.292014315383196,1.292014315383196,0.9132241010665894,0.9088888168334961,0.884758472442627,0.8208934664726257
sub-cp014_ses-20211112_level-01B_run-007,sub-cp014,3,10000,42,51,50,0,0,1.0,0.05,1.907888408502402,0.01,1.2830498456548018,1.2830498456548018,0.9179845452308655,0.9038932919502258,0.8799048066139221,0.8254101872444153
sub-cp014_ses-20211112_level-01B_run-012,sub-cp014,3,10000,42,51,50,0,0,1.0,0.05,1.9271769613401806,0.01,1.1841732478729108,1.1841732478729108,0.9155637621879578,0.897271990776062,0.8760667443275452,0.8320046067237854
sub-cp014_ses-20211112_level-02B_run-003,sub-cp014,3,10000,42,51,50,1,1,2.0,0.05,2.0193402944056427,0.01,1.7575332907680212,1.7575332907680212,0.9054668545722961,0.9167156219482422,0.8919090628623962,0.8103933334350586
sub-cp014_ses-20211112_level-02B_run-008,sub-cp014,3,10000,42,51,50,1,1,2.0,0.05,2.110546657615055,0.01,2.271543571986227,2.271543571986227,0.8941608667373657,0.9079800248146057,0.8926728963851929,0.8156380653381348
sub-cp014_ses-20211112_level-02B_run-010,sub-cp014,3,10000,42,51,50,1,1,2.0,0.05,2.0539893210326206,0.01,1.8757450597911498,1.8757450597911498,0.9045039415359497,0.912670910358429,0.8925482630729675,0.8218711614608765
sub-cp014_ses-20211112_level-03B_run-002,sub-cp014,3,10000,42,51,50,2,1,3.0,0.05,2.2336832267984525,0.01,2.947114500224152,2.947114500224152,0.8918401598930359,0.9196835160255432,0.9156305193901062,0.8186031579971313
sub-cp014_ses-20211112_level-03B_run-005,sub-cp014,3,10000,42,51,50,2,2,3.0,0.05,2.367821780238876,0.01,3.2373824688697193,3.2373824688697193,0.887128472328186,0.912670910358429,0.9220227003097534,0.8455442190170288
sub-cp014_ses-20211112_level-03B_run-011,sub-cp014,3,10000,42,51,50,2,2,3.0,0.05,2.3511996472767516,0.01,3.203912409308206,3.203912409308206,0.888759434223175,0.909085750579834,0.9180330038070679,0.8468726873397827
sub-cp014_ses-20211112_level-04B_run-004,sub-cp014,3,10000,42,51,50,3,3,4.0,0.05,2.7207318008766324,0.01,3.8005050081548024,3.8005050081548024,0.8888189196586609,0.8888673186302185,0.9050049185752869,0.9125460386276245
sub-cp014_ses-20211112_level-04B_run-006,sub-cp014,3,10000,42,51,50,3,3,4.0,0.05,2.84567150259028,0.01,3.9297321450066005,3.9297321450066005,0.8814186453819275,0.8828632235527039,0.901321291923523,0.9197834730148315
sub-cp014_ses-20211112_level-04B_run-009,sub-cp014,3,10000,42,51,50,3,3,4.0,0.05,2.841888428210794,0.01,3.9061046218456545,3.9061046218456545,0.8778402805328369,0.8804810047149658,0.8987888097763062,0.9160956740379333
sub-cp019_ses-20210625_level-01B_run-001,sub-cp019,3,10000,42,51,50,0,0,1.0,0.05,2.2126203006820955,0.01,1.5720891003002324,1.5720891003002324,0.8819325566291809,0.8712279796600342,0.8617547750473022,0.8452572822570801
sub-cp019_ses-20210625_level-01B_run-007,sub-cp019,3,10000,42,51,50,0,0,1.0,0.05,1.9917025313839771,0.01,0.770480512982838,1.0,0.8985777497291565,0.8952338099479675,0.8739974498748779,0.8136241436004639
sub-cp019_ses-20210625_level-01B_run-012,sub-cp019,3,10000,42,51,50,0,0,1.0,0.05,2.026185808098309,0.01,1.4309470102254302,1.4309470102254302,0.8950777649879456,0.8911733031272888,0.8746258020401001,0.8157018423080444
sub-cp019_ses-20210625_level-02B_run-003,sub-cp019,3,10000,42,51,50,1,2,2.0,0.05,2.327222431186466,0.01,1.3360901269918464,1.3360901269918464,0.8617658019065857,0.8654497861862183,0.8677298426628113,0.8319514989852905
sub-cp019_ses-20210625_level-02B_run-008,sub-cp019,3,10000,42,51,50,1,1,2.0,0.05,2.1274439749708103,0.01,2.046314418393161,2.046314418393161,0.8998436331748962,0.9209783673286438,0.9054166078567505,0.8154839873313904
sub-cp019_ses-20210625_level-02B_run-010,sub-cp019,3,10000,42,51,50,1,1,2.0,0.05,2.0757468331128157,0.01,1.766562231971909,1.766562231971909,0.8962895274162292,0.9100680947303772,0.890915036201477,0.8104199171066284
sub-cp019_ses-20210625_level-03B_run-002,sub-cp019,3,10000,42,51,50,2,3,3.0,0.05,2.8448416521894933,0.01,2.8409179712564225,2.8409179712564225,0.820793867111206,0.8242721557617188,0.8484124541282654,0.8590146899223328
sub-cp019_ses-20210625_level-03B_run-005,sub-cp019,3,10000,42,51,50,2,2,3.0,0.05,2.3647558980135788,0.01,3.053580373266984,3.053580373266984,0.86262047290802,0.8915883302688599,0.8988510966300964,0.8205320835113525
sub-cp019_ses-20210625_level-03B_run-011,sub-cp019,3,10000,42,51,50,2,2,3.0,0.05,2.2843065760803003,0.01,2.949112102876716,2.949112102876716,0.8823139667510986,0.9054218530654907,0.9096555113792419,0.8205745816230774
sub-cp019_ses-20210625_level-04B_run-004,sub-cp019,3,10000,42,51,50,3,3,4.0,0.05,3.1474194207799404,0.01,4.010776537588788,4.0,0.8211995363235474,0.8227225542068481,0.8475620150566101,0.8929433822631836
sub-cp019_ses-20210625_level-04B_run-006,sub-cp019,3,10000,42,51,50,3,3,4.0,0.05,3.235536560001335,0.01,4.0097019560090255,4.0,0.8038836121559143,0.8063071966171265,0.8346313834190369,0.8862267732620239
sub-cp019_ses-20210625_level-04B_run-009,sub-cp019,3,10000,42,51,50,3,3,4.0,0.05,3.204242345357013,0.01,3.860775627257087,3.860775627257087,0.8259735107421875,0.8272426724433899,0.852781355381012,0.9039961099624634
sub-cp023_ses-20210628_level-01B_run-001,sub-cp023,3,10000,42,51,50,0,1,1.0,0.05,2.0565729017171432,0.01,1.0734211820657862,1.0734211820657862,0.8510467410087585,0.8519156575202942,0.833149790763855,0.7784042358398438
sub-cp023_ses-20210628_level-01B_run-007,sub-cp023,3,10000,42,51,50,0,0,1.0,0.05,2.1463241791368874,0.01,1.6122995290864153,1.6122995290864153,0.8926002383232117,0.8734027147293091,0.8667656183242798,0.8464688062667847
sub-cp023_ses-20210628_level-01B_run-012,sub-cp023,3,10000,42,51,50,0,0,1.0,0.05,2.357618078420882,0.01,1.9007221330038901,1.9007221330038901,0.8690335154533386,0.8505971431732178,0.8530251383781433,0.8507145643234253
sub-cp023_ses-20210628_level-02B_run-003,sub-cp023,3,10000,42,51,50,1,1,2.0,0.05,2.3567575637675864,0.01,2.071255757281903,2.071255757281903,0.9019804000854492,0.9075992107391357,0.9046581983566284,0.8808704018592834
sub-cp023_ses-20210628_level-02B_run-008,sub-cp023,3,10000,42,51,50,1,1,2.0,0.05,2.1846437912698695,0.01,1.6721168760070269,1.6721168760070269,0.8772803544998169,0.8891142010688782,0.8789269924163818,0.8198785185813904
sub-cp023_ses-20210628_level-02B_run-010,sub-cp023,3,10000,42,51,50,1,2,2.0,0.05,2.331910178044529,0.01,2.456341598759009,2.456341598759009,0.8566699624061584,0.8762813210487366,0.8790407776832581,0.8185447454452515
sub-cp023_ses-20210628_level-03B_run-002,sub-cp023,3,10000,42,51,50,2,2,3.0,0.05,2.376426835659553,0.01,2.732866019258034,2.732866019258034,0.8897791504859924,0.9096136689186096,0.9169144034385681,0.8581910729408264
sub-cp023_ses-20210628_level-03B_run-005,sub-cp023,3,10000,42,51,50,2,2,3.0,0.05,2.5668856586840283,0.01,2.7415983120234806,2.7415983120234806,0.876828670501709,0.8724808096885681,0.8905872702598572,0.8796482682228088
sub-cp023_ses-20210628_level-03B_run-011,sub-cp023,3,10000,42,51,50,2,0,3.0,0.05,2.1419184099936897,0.01,1.360194089673337,1.360194089673337,0.8795334696769714,0.8595849275588989,0.8514541983604431,0.8340238928794861
sub-cp023_ses-20210628_level-04B_run-004,sub-cp023,3,10000,42,51,50,3,3,4.0,0.05,3.36058665521921,0.01,4.518232092147706,4.0,0.8131150007247925,0.8146409392356873,0.8427326679229736,0.9097297191619873
sub-cp023_ses-20210628_level-04B_run-006,sub-cp023,3,10000,42,51,50,3,3,4.0,0.05,3.2357052226976917,0.01,3.868996417505869,3.868996417505869,0.802287757396698,0.793836772441864,0.8216736912727356,0.8801424503326416
sub-cp023_ses-20210628_level-04B_run-009,sub-cp023,3,10000,42,51,50,3,3,4.0,0.05,3.232653295718991,0.01,3.720976887895678,3.720976887895678,0.7944547533988953,0.7948715686798096,0.8249293565750122,0.8757904171943665
sub-cp024_ses-20210629_level-01B_run-001,sub-cp024,3,10000,42,51,50,0,0,1.0,0.05,2.3106628176131627,0.01,1.135063657758728,1.135063657758728,0.8476793169975281,0.8439233303070068,0.8420149087905884,0.820622444152832
sub-cp024_ses-20210629_level-01B_run-007,sub-cp024,3,10000,42,51,50,0,0,1.0,0.05,2.3948179744930043,0.01,1.0780295216431603,1.0780295216431603,0.8444389700889587,0.8338114619255066,0.8328220844268799,0.8313031792640686
sub-cp024_ses-20210629_level-01B_run-012,sub-cp024,3,10000,42,51,50,0,0,1.0,0.05,2.2226917155509063,0.01,0.6306175917744323,1.0,0.8902118802070618,0.87508624792099,0.8763078451156616,0.8502150177955627
sub-cp024_ses-20210629_level-02B_run-003,sub-cp024,3,10000,42,51,50,1,2,2.0,0.05,2.3263590758558017,0.01,1.8888541934553202,1.8888541934553202,0.873047411441803,0.8763101696968079,0.8785505294799805,0.8432751893997192
sub-cp024_ses-20210629_level-02B_run-008,sub-cp024,3,10000,42,51,50,1,3,2.0,0.05,2.535381231270957,0.01,1.5247500150821658,1.5247500150821658,0.814821720123291,0.8009334206581116,0.806782066822052,0.8175032138824463
sub-cp024_ses-20210629_level-02B_run-010,sub-cp024,3,10000,42,51,50,1,2,2.0,0.05,2.3660320442714253,0.01,1.834843524449534,1.834843524449534,0.8811590075492859,0.8936789631843567,0.9002432823181152,0.8517613410949707
sub-cp024_ses-20210629_level-03B_run-002,sub-cp024,3,10000,42,51,50,2,3,3.0,0.05,2.8189089499986,0.01,2.8792338797491945,2.8792338797491945,0.800740659236908,0.7912523150444031,0.8137592673301697,0.8332161903381348
sub-cp024_ses-20210629_level-03B_run-005,sub-cp024,3,10000,42,51,50,2,2,3.0,0.05,2.4666113650412473,0.01,2.688102015893749,2.688102015893749,0.8498972058296204,0.8641313314437866,0.8803570866584778,0.8335615396499634
sub-cp024_ses-20210629_level-03B_run-011,sub-cp024,3,10000,42,51,50,2,3,3.0,0.05,2.7570023511932247,0.01,2.4708396720985126,2.4708396720985126,0.8225924968719482,0.8103545308113098,0.8264704942703247,0.8485040068626404
sub-cp024_ses-20210629_level-04B_run-004,sub-cp024,3,10000,42,51,50,3,3,4.0,0.05,2.8644908601475985,0.01,3.4331508512865203,3.4331508512865203,0.8320267796516418,0.818470299243927,0.8351595401763916,0.8690153360366821
sub-cp024_ses-20210629_level-04B_run-006,sub-cp024,3,10000,42,51,50,3,3,4.0,0.05,3.1841225024336284,0.01,3.618815903925876,3.618815903925876,0.8214132189750671,0.8198202848434448,0.8425484895706177,0.8958022594451904
sub-cp024_ses-20210629_level-04B_run-009,sub-cp024,3,10000,42,51,50,3,3,4.0,0.05,2.8873104303511674,0.01,2.7725994880706697,2.7725994880706697,0.7673096060752869,0.7502059936523438,0.7644041180610657,0.8059775829315186
sub-cp025_ses-20210820_level-01B_run-001,sub-cp025,3,10000,42,51,50,0,1,1.0,0.05,2.173406404727876,0.01,1.1650595928768768,1.1650595928768768,0.8873556852340698,0.891380786895752,0.8801918625831604,0.8353151082992554
sub-cp025_ses-20210820_level-01B_run-007,sub-cp025,3,10000,42,51,50,0,0,1.0,0.05,1.9732918044228527,0.01,0.4444776113512019,1.0,0.9098728895187378,0.8903328776359558,0.8769876956939697,0.8315742015838623
sub-cp025_ses-20210820_level-01B_run-012,sub-cp025,3,10000,42,51,50,0,0,1.0,0.05,2.2277315253620174,0.01,0.9330920501183688,1.0,0.8779051899909973,0.862195611000061,0.8613728880882263,0.8405279517173767
sub-cp025_ses-20210820_level-02B_run-003,sub-cp025,3,10000,42,51,50,1,1,2.0,0.05,2.1943227470675004,0.01,1.753498131831552,1.753498131831552,0.889616847038269,0.907985270023346,0.896800696849823,0.8296984434127808
sub-cp025_ses-20210820_level-02B_run-008,sub-cp025,3,10000,42,51,50,1,1,2.0,0.05,2.0341300403650844,0.01,1.916030757302755,1.916030757302755,0.9112902283668518,0.9306542277336121,0.904479444026947,0.8064557909965515
sub-cp025_ses-20210820_level-02B_run-010,sub-cp025,3,10000,42,51,50,1,1,2.0,0.05,2.0150413278759385,0.01,1.580347219180498,1.580347219180498,0.9195505976676941,0.927686333656311,0.9050645232200623,0.8243208527565002
sub-cp025_ses-20210820_level-03B_run-002,sub-cp025,3,10000,42,51,50,2,2,3.0,0.05,2.3527971639827396,0.01,2.8468067704012303,2.8468067704012303,0.8974552750587463,0.9196625351905823,0.9281331896781921,0.85519939661026
sub-cp025_ses-20210820_level-03B_run-005,sub-cp025,3,10000,42,51,50,2,2,3.0,0.05,2.526706231543484,0.01,3.05434233895644,3.05434233895644,0.8711161613464355,0.8761893510818481,0.8888809084892273,0.8697804808616638
sub-cp025_ses-20210820_level-03B_run-011,sub-cp025,3,10000,42,51,50,2,2,3.0,0.05,2.30242096233018,0.01,2.908544545032279,2.908544545032279,0.8727039098739624,0.8905271887779236,0.8939973711967468,0.8259521722793579
sub-cp025_ses-20210820_level-04B_run-004,sub-cp025,3,10000,42,51,50,3,3,4.0,0.05,3.2316043194860864,0.01,4.216943931064075,4.0,0.8000860810279846,0.8007023334503174,0.8219336867332458,0.8804931640625
sub-cp025_ses-20210820_level-04B_run-006,sub-cp025,3,10000,42,51,50,3,3,4.0,0.05,3.004581610206212,0.01,4.174267110351446,4.0,0.87554931640625,0.8724729418754578,0.8924589157104492,0.9299647212028503
sub-cp025_ses-20210820_level-04B_run-009,sub-cp025,3,10000,42,51,50,3,3,4.0,0.05,3.112928648824352,0.01,4.217732126383361,4.0,0.8553230166435242,0.8558527231216431,0.8790624141693115,0.922785758972168
sub-cp037_ses-20210113_level-01B_run-001,sub-cp037,3,10000,42,51,50,0,0,1.0,0.05,2.141321643248272,0.01,0.9101612930680543,1.0,0.8903768658638,0.8764809370040894,0.8663647174835205,0.8427597880363464
sub-cp037_ses-20210113_level-01B_run-007,sub-cp037,3,10000,42,51,50,0,0,1.0,0.05,1.989591287494295,0.01,1.0047753806743027,1.0047753806743027,0.891472339630127,0.8822197318077087,0.8643956184387207,0.809861958026886
sub-cp037_ses-20210113_level-01B_run-012,sub-cp037,3,10000,42,51,50,0,0,1.0,0.05,1.931056049624933,0.01,1.135189990573498,1.135189990573498,0.9173164367675781,0.9090700149536133,0.8846474289894104,0.8234334588050842
sub-cp037_ses-20210113_level-02B_run-003,sub-cp037,3,10000,42,51,50,1,1,2.0,0.05,2.152922614871055,0.01,1.7248561520331807,1.7248561520331807,0.8723738789558411,0.8857365250587463,0.8733961582183838,0.8058341145515442
sub-cp037_ses-20210113_level-02B_run-008,sub-cp037,3,10000,42,51,50,1,0,2.0,0.05,2.234728863114608,0.01,1.97288530194458,1.97288530194458,0.8972308039665222,0.8962371349334717,0.8887644410133362,0.8588181138038635
sub-cp037_ses-20210113_level-02B_run-010,sub-cp037,3,10000,42,51,50,1,1,2.0,0.05,2.0389235976922695,0.01,1.7665670073702118,1.7665670073702118,0.9273754954338074,0.931145429611206,0.9117573499679565,0.8450128436088562
sub-cp037_ses-20210113_level-03B_run-002,sub-cp037,3,10000,42,51,50,2,2,3.0,0.05,2.3692272134140464,0.01,2.815035071871181,2.815035071871181,0.8662692308425903,0.8847095966339111,0.894400954246521,0.8304051756858826
sub-cp037_ses-20210113_level-03B_run-005,sub-cp037,3,10000,42,51,50,2,2,3.0,0.05,2.298015740003056,0.01,2.9718096263728535,2.9718096263728535,0.8706644773483276,0.8955122232437134,0.8988077640533447,0.814670979976654
sub-cp037_ses-20210113_level-03B_run-011,sub-cp037,3,10000,42,51,50,2,2,3.0,0.05,2.340392483031994,0.01,2.9826402292923646,2.9826402292923646,0.8986940979957581,0.9179605841636658,0.9276835918426514,0.8528134822845459
sub-cp037_ses-20210113_level-04B_run-004,sub-cp037,3,10000,42,51,50,3,3,4.0,0.05,3.099502606792118,0.01,4.130534231362672,4.0,0.822059690952301,0.8215354084968567,0.8460993766784668,0.8877252340316772
sub-cp037_ses-20210113_level-04B_run-006,sub-cp037,3,10000,42,51,50,3,3,4.0,0.05,3.1233894388022447,0.01,4.27290417941486,4.0,0.8256732821464539,0.8276917934417725,0.8517548441886902,0.8949095010757446
sub-cp037_ses-20210113_level-04B_run-009,sub-cp037,3,10000,42,51,50,3,3,4.0,0.05,3.1087914298123676,0.01,4.343375488944199,4.0,0.8554609417915344,0.8565067052841187,0.8776241540908813,0.9225625991821289
sub-cp008_ses-20210503_level-01B_run-001,sub-cp008,3,1000,43,51,50,0,0,1.0,0.05,2.2353924687535813,0.1,1.7277467507590767,1.7277467507590767,0.900009036064148,0.8874001502990723,0.8836248517036438,0.8644968867301941
sub-cp008_ses-20210503_level-01B_run-007,sub-cp008,3,1000,43,51,50,0,1,1.0,0.05,2.016147403362509,0.1,1.5995104447396444,1.5995104447396444,0.8826498985290527,0.8893848061561584,0.8681132197380066,0.7880292534828186
sub-cp008_ses-20210503_level-01B_run-012,sub-cp008,3,1000,43,51,50,0,0,1.0,0.05,1.9628800091905463,0.1,1.528854393739447,1.528854393739447,0.9047801494598389,0.9043480157852173,0.8807433247566223,0.8064047694206238
sub-cp008_ses-20210503_level-02B_run-003,sub-cp008,3,1000,43,51,50,1,1,2.0,0.05,2.081347481035872,0.1,1.7728586550593541,1.7728586550593541,0.9079069495201111,0.9267536401748657,0.9055727124214172,0.8188493251800537
sub-cp008_ses-20210503_level-02B_run-008,sub-cp008,3,1000,43,51,50,1,1,2.0,0.05,2.098688694090511,0.1,2.017958738747291,2.017958738747291,0.868040144443512,0.8848931789398193,0.868436336517334,0.7802448272705078
sub-cp008_ses-20210503_level-02B_run-010,sub-cp008,3,1000,43,51,50,1,1,2.0,0.05,2.041560691705795,0.1,1.511790217885482,1.511790217885482,0.8951301574707031,0.9035645723342896,0.8806356191635132,0.8122828602790833
sub-cp008_ses-20210503_level-03B_run-002,sub-cp008,3,1000,43,51,50,2,2,3.0,0.05,2.2828529220158083,0.1,2.4824226603372868,2.4824226603372868,0.9138370752334595,0.9256046414375305,0.9294865131378174,0.8660325407981873
sub-cp008_ses-20210503_level-03B_run-005,sub-cp008,3,1000,43,51,50,2,1,3.0,0.05,2.212960675352222,0.1,2.785241532262291,2.785241532262291,0.9021654725074768,0.9255263209342957,0.9209496974945068,0.8281694650650024
sub-cp008_ses-20210503_level-03B_run-011,sub-cp008,3,1000,43,51,50,2,1,3.0,0.05,2.191192501449241,0.1,2.4142047529104387,2.4142047529104387,0.8893077969551086,0.9127044081687927,0.9068114757537842,0.8069872856140137
sub-cp008_ses-20210503_level-04B_run-004,sub-cp008,3,1000,43,51,50,3,3,4.0,0.05,3.0540991195925358,0.1,4.097492570632465,4.0,0.8423787355422974,0.8377838730812073,0.864396870136261,0.9017245173454285
sub-cp008_ses-20210503_level-04B_run-006,sub-cp008,3,1000,43,51,50,3,3,4.0,0.05,3.2428487399269357,0.1,4.552122893553848,4.0,0.8323783278465271,0.826842188835144,0.8595225214958191,0.912686288356781
sub-cp008_ses-20210503_level-04B_run-009,sub-cp008,3,1000,43,51,50,3,3,4.0,0.05,2.896416693167814,0.1,3.7113935893123102,3.7113935893123102,0.8640507459640503,0.850631833076477,0.8715602159500122,0.9041604399681091
sub-cp014_ses-20211112_level-01B_run-001,sub-cp014,3,1000,43,51,50,0,0,1.0,0.05,1.9946083624172166,0.1,1.4083798331253226,1.4083798331253226,0.920306384563446,0.9110853672027588,0.8914614319801331,0.842785120010376
sub-cp014_ses-20211112_level-01B_run-007,sub-cp014,3,1000,43,51,50,0,0,1.0,0.05,1.9163196090224361,0.1,0.9433321619355615,1.0,0.922274112701416,0.9025983810424805,0.8818474411964417,0.8368011713027954
sub-cp014_ses-20211112_level-01B_run-012,sub-cp014,3,1000,43,51,50,0,0,1.0,0.05,1.9488055876116368,0.1,1.1859178464410176,1.1859178464410176,0.9171525835990906,0.8970100283622742,0.8756535649299622,0.8419908285140991
sub-cp014_ses-20211112_level-02B_run-003,sub-cp014,3,1000,43,51,50,1,1,2.0,0.05,1.9690897319728808,0.1,1.3749484234541935,1.3749484234541935,0.9095781445503235,0.911450982093811,0.8824668526649475,0.8198554515838623
sub-cp014_ses-20211112_level-02B_run-008,sub-cp014,3,1000,43,51,50,1,1,2.0,0.05,2.019079607507723,0.1,1.9385766472681112,1.9385766472681112,0.90459144115448,0.9110592603683472,0.8871257305145264,0.8177902102470398
sub-cp014_ses-20211112_level-02B_run-010,sub-cp014,3,1000,43,51,50,1,1,2.0,0.05,1.9879387029305071,0.1,1.6137372629428595,1.6137372629428595,0.9117615222930908,0.9129917025566101,0.8877720236778259,0.8241978287696838
sub-cp014_ses-20211112_level-03B_run-002,sub-cp014,3,1000,43,51,50,2,1,3.0,0.05,2.172034864283997,0.1,2.816777319913964,2.816777319913964,0.9011951088905334,0.9228104948997498,0.9117935299873352,0.8268985152244568
sub-cp014_ses-20211112_level-03B_run-005,sub-cp014,3,1000,43,51,50,2,2,3.0,0.05,2.2961618826331645,0.1,3.3730006738228933,3.3730006738228933,0.9088234305381775,0.9288427829742432,0.9320718050003052,0.85808926820755
sub-cp014_ses-20211112_level-03B_run-011,sub-cp014,3,1000,43,51,50,2,2,3.0,0.05,2.2840108832861277,0.1,3.154494208905256,3.154494208905256,0.8981491327285767,0.9094663262367249,0.9129515290260315,0.851681649684906
sub-cp014_ses-20211112_level-04B_run-004,sub-cp014,3,1000,43,51,50,3,3,4.0,0.05,2.719372486391538,0.1,3.6895988626127414,3.6895988626127414,0.8939171433448792,0.8876612782478333,0.9047917723655701,0.916340172290802
sub-cp014_ses-20211112_level-04B_run-006,sub-cp014,3,1000,43,51,50,3,3,4.0,0.05,2.906104119267345,0.1,3.8988494430886553,3.8988494430886553,0.8820568323135376,0.8785214424133301,0.8987594842910767,0.925713300704956
sub-cp014_ses-20211112_level-04B_run-009,sub-cp014,3,1000,43,51,50,3,3,4.0,0.05,2.8431025301072235,0.1,3.8076589509303274,3.8076589509303274,0.8772318363189697,0.8799576759338379,0.8987863659858704,0.9155988097190857
sub-cp019_ses-20210625_level-01B_run-001,sub-cp019,3,1000,43,51,50,0,0,1.0,0.05,2.1566500790077363,0.1,1.3166820338724396,1.3166820338724396,0.891059935092926,0.8844231367111206,0.8703753352165222,0.8451681137084961
sub-cp019_ses-20210625_level-01B_run-007,sub-cp019,3,1000,43,51,50,0,0,1.0,0.05,1.982888033656632,0.1,0.9368195439095557,1.0,0.8966935873031616,0.8966705203056335,0.8727182149887085,0.8070932030677795
sub-cp019_ses-20210625_level-01B_run-012,sub-cp019,3,1000,43,51,50,0,1,1.0,0.05,2.042642572269314,0.1,1.6372033852668841,1.6372033852668841,0.9016802906990051,0.9050008654594421,0.8864794373512268,0.8199613690376282
sub-cp019_ses-20210625_level-02B_run-003,sub-cp019,3,1000,43,51,50,1,2,2.0,0.05,2.3463040108423416,0.1,1.2609261177790143,1.2609261177790143,0.8678244948387146,0.8763278722763062,0.8785620331764221,0.8399255275726318
sub-cp019_ses-20210625_level-02B_run-008,sub-cp019,3,1000,43,51,50,1,1,2.0,0.05,2.1985915130148226,0.1,2.40271068142917,2.40271068142917,0.894105851650238,0.9240378141403198,0.9119820594787598,0.8205968141555786
sub-cp019_ses-20210625_level-02B_run-010,sub-cp019,3,1000,43,51,50,1,1,2.0,0.05,2.0893116897389805,0.1,1.849334349209924,1.849334349209924,0.8912216424942017,0.9100146889686584,0.8887953758239746,0.8066166043281555
sub-cp019_ses-20210625_level-03B_run-002,sub-cp019,3,1000,43,51,50,2,3,3.0,0.05,3.0476416331004526,0.1,3.322399602217565,3.322399602217565,0.8223509788513184,0.8261631727218628,0.85532146692276,0.8840373754501343
sub-cp019_ses-20210625_level-03B_run-005,sub-cp019,3,1000,43,51,50,2,2,3.0,0.05,2.3703666723234282,0.1,3.0170862352275236,3.0170862352275236,0.8647246360778809,0.8919700384140015,0.8972244262695312,0.8293344974517822
sub-cp019_ses-20210625_level-03B_run-011,sub-cp019,3,1000,43,51,50,2,1,3.0,0.05,2.247483252882096,0.1,2.6900875865477363,2.6900875865477363,0.88680100440979,0.9104847311973572,0.9086158275604248,0.8221325278282166
sub-cp019_ses-20210625_level-04B_run-004,sub-cp019,3,1000,43,51,50,3,3,4.0,0.05,3.2448712382060445,0.1,3.8443352140486686,3.8443352140486686,0.8246960639953613,0.8197130560874939,0.8461383581161499,0.9047959446907043
sub-cp019_ses-20210625_level-04B_run-006,sub-cp019,3,1000,43,51,50,3,3,4.0,0.05,3.2434451001049904,0.1,4.032291574151788,4.0,0.8052613139152527,0.8096592426300049,0.8419642448425293,0.8898624777793884
sub-cp019_ses-20210625_level-04B_run-009,sub-cp019,3,1000,43,51,50,3,3,4.0,0.05,3.147236489211371,0.1,3.625256219989656,3.625256219989656,0.8271220326423645,0.8229511976242065,0.8501240015029907,0.896799623966217
sub-cp023_ses-20210628_level-01B_run-001,sub-cp023,3,1000,43,51,50,0,1,1.0,0.05,2.058293419039476,0.1,1.1620130078227575,1.1620130078227575,0.866827130317688,0.8670574426651001,0.8528977632522583,0.7883470058441162
sub-cp023_ses-20210628_level-01B_run-007,sub-cp023,3,1000,43,51,50,0,0,1.0,0.05,2.196093380030454,0.1,1.7527655058848643,1.7527655058848643,0.8929737210273743,0.8736381530761719,0.8682478666305542,0.8547000885009766
sub-cp023_ses-20210628_level-01B_run-012,sub-cp023,3,1000,43,51,50,0,0,1.0,0.05,2.2894275451000943,0.1,2.1856580552309164,2.1856580552309164,0.8815447092056274,0.8587010502815247,0.8568834066390991,0.8566064834594727
sub-cp023_ses-20210628_level-02B_run-003,sub-cp023,3,1000,43,51,50,1,1,2.0,0.05,2.345753603329137,0.1,2.308503791390676,2.308503791390676,0.9112763404846191,0.9161253571510315,0.9157252907752991,0.8866851925849915
sub-cp023_ses-20210628_level-02B_run-008,sub-cp023,3,1000,43,51,50,1,1,2.0,0.05,2.18523239867646,0.1,1.4284702885339522,1.4284702885339522,0.8872053027153015,0.8946858644485474,0.8814435005187988,0.8377014398574829
sub-cp023_ses-20210628_level-02B_run-010,sub-cp023,3,1000,43,51,50,1,1,2.0,0.05,2.233269479098974,0.1,2.5139138332244726,2.5139138332244726,0.8734850883483887,0.8880791068077087,0.8842711448669434,0.8190081715583801
sub-cp023_ses-20210628_level-03B_run-002,sub-cp023,3,1000,43,51,50,2,2,3.0,0.05,2.4205544577324742,0.1,3.0609867705490923,3.0609867705490923,0.8815985918045044,0.8994908332824707,0.9123590588569641,0.856182873249054
sub-cp023_ses-20210628_level-03B_run-005,sub-cp023,3,1000,43,51,50,2,2,3.0,0.05,2.5903893620077265,0.1,3.297730081734318,3.297730081734318,0.8792804479598999,0.8745782375335693,0.8931849598884583,0.8852024078369141
sub-cp023_ses-20210628_level-03B_run-011,sub-cp023,3,1000,43,51,50,2,0,3.0,0.05,2.10922458628028,0.1,1.3234155135452683,1.3234155135452683,0.8905746936798096,0.8643155097961426,0.8587954640388489,0.8410376310348511
sub-cp023_ses-20210628_level-04B_run-004,sub-cp023,3,1000,43,51,50,3,3,4.0,0.05,3.241584767113346,0.1,3.950242359274821,3.950242359274821,0.817930281162262,0.8177545666694641,0.8468116521835327,0.8999240398406982
sub-cp023_ses-20210628_level-04B_run-006,sub-cp023,3,1000,43,51,50,3,3,4.0,0.05,3.1844123674032345,0.1,3.2146830940502253,3.2146830940502253,0.8077951073646545,0.7935731410980225,0.8198816776275635,0.877841591835022
sub-cp023_ses-20210628_level-04B_run-009,sub-cp023,3,1000,43,51,50,3,3,4.0,0.05,3.1410577600142395,0.1,3.606923778600756,3.606923778600756,0.7975791096687317,0.8005977869033813,0.8283107876777649,0.8694217205047607
sub-cp024_ses-20210629_level-01B_run-001,sub-cp024,3,1000,43,51,50,0,1,1.0,0.05,2.413972744916121,0.1,1.3910626917806015,1.3910626917806015,0.843618631362915,0.8476026654243469,0.8475925922393799,0.8308172225952148
sub-cp024_ses-20210629_level-01B_run-007,sub-cp024,3,1000,43,51,50,0,0,1.0,0.05,2.400943537934401,0.1,1.2750720435401983,1.2750720435401983,0.8466106653213501,0.8440772891044617,0.8412640690803528,0.8340474963188171
sub-cp024_ses-20210629_level-01B_run-012,sub-cp024,3,1000,43,51,50,0,0,1.0,0.05,2.269859018029619,0.1,1.2042154311782076,1.2042154311782076,0.8920572400093079,0.8799054622650146,0.8821436762809753,0.8584069609642029
sub-cp024_ses-20210629_level-02B_run-003,sub-cp024,3,1000,43,51,50,1,1,2.0,0.05,2.2893091793693015,0.1,1.8315178132550598,1.8315178132550598,0.8885261416435242,0.8965921998023987,0.8952585458755493,0.8515228033065796
sub-cp024_ses-20210629_level-02B_run-008,sub-cp024,3,1000,43,51,50,1,0,2.0,0.05,2.49665613059745,0.1,1.3519795072506589,1.3519795072506589,0.8459637761116028,0.8278344869613647,0.8316770195960999,0.8446385860443115
sub-cp024_ses-20210629_level-02B_run-010,sub-cp024,3,1000,43,51,50,1,2,2.0,0.05,2.390546669854842,0.1,2.2874549578734826,2.2874549578734826,0.880628228187561,0.9010576605796814,0.9033644795417786,0.8577185869216919
sub-cp024_ses-20210629_level-03B_run-002,sub-cp024,3,1000,43,51,50,2,3,3.0,0.05,2.820484318903442,0.1,2.9094382827622765,2.9094382827622765,0.8198710680007935,0.8169711232185364,0.8393251299858093,0.8539057970046997
sub-cp024_ses-20210629_level-03B_run-005,sub-cp024,3,1000,43,51,50,2,2,3.0,0.05,2.468887237183333,0.1,3.1237257605713413,3.1237257605713413,0.860223114490509,0.8850498795509338,0.8984363079071045,0.8436324596405029
sub-cp024_ses-20210629_level-03B_run-011,sub-cp024,3,1000,43,51,50,2,3,3.0,0.05,2.7628156945285465,0.1,2.6260096154178365,2.6260096154178365,0.8422439694404602,0.8331094980239868,0.8491275906562805,0.8693158030509949
sub-cp024_ses-20210629_level-04B_run-004,sub-cp024,3,1000,43,51,50,3,3,4.0,0.05,2.9802278373368196,0.1,3.19055076969397,3.19055076969397,0.8262864351272583,0.8152475953102112,0.8385710716247559,0.8757234215736389
sub-cp024_ses-20210629_level-04B_run-006,sub-cp024,3,1000,43,51,50,3,3,4.0,0.05,3.137224995744104,0.1,3.3726445128261178,3.3726445128261178,0.8416509032249451,0.8320127129554749,0.8568295836448669,0.9081321358680725
sub-cp024_ses-20210629_level-04B_run-009,sub-cp024,3,1000,43,51,50,3,3,4.0,0.05,2.93434527984122,0.1,2.4873242327938234,2.4873242327938234,0.7861769795417786,0.7689738869667053,0.791551411151886,0.8292815089225769
sub-cp025_ses-20210820_level-01B_run-001,sub-cp025,3,1000,43,51,50,0,1,1.0,0.05,2.150221689266406,0.1,1.2255756106166555,1.2255756106166555,0.8868818283081055,0.8969839215278625,0.8799354434013367,0.8301287889480591
sub-cp025_ses-20210820_level-01B_run-007,sub-cp025,3,1000,43,51,50,0,0,1.0,0.05,1.9819919344527694,0.1,0.9722557421948614,1.0,0.9102250933647156,0.8921789526939392,0.8767038583755493,0.8350536823272705
sub-cp025_ses-20210820_level-01B_run-012,sub-cp025,3,1000,43,51,50,0,0,1.0,0.05,2.3303850800090795,0.1,1.927077419408721,1.927077419408721,0.8925424218177795,0.8864338994026184,0.8893070220947266,0.8666680455207825
sub-cp025_ses-20210820_level-02B_run-003,sub-cp025,3,1000,43,51,50,1,1,2.0,0.05,2.178754280582686,0.1,1.6730731649380803,1.6730731649380803,0.90262371301651,0.9191806316375732,0.907942533493042,0.8393959999084473
sub-cp025_ses-20210820_level-02B_run-008,sub-cp025,3,1000,43,51,50,1,1,2.0,0.05,2.0533760458066235,0.1,1.8262698519773983,1.8262698519773983,0.911087691783905,0.9283727407455444,0.9036337733268738,0.8197495341300964
sub-cp025_ses-20210820_level-02B_run-010,sub-cp025,3,1000,43,51,50,1,1,2.0,0.05,1.9849792718572599,0.1,1.3759044287466113,1.3759044287466113,0.9232714176177979,0.9286338686943054,0.9042800664901733,0.8235093951225281
sub-cp025_ses-20210820_level-03B_run-002,sub-cp025,3,1000,43,51,50,2,2,3.0,0.05,2.401742641094256,0.1,3.275832895214895,3.275832895214895,0.9006020426750183,0.921191394329071,0.9334990382194519,0.869209885597229
sub-cp025_ses-20210820_level-03B_run-005,sub-cp025,3,1000,43,51,50,2,2,3.0,0.05,2.5298782875632613,0.1,3.238352536183684,3.238352536183684,0.8774474859237671,0.8903509974479675,0.9033644795417786,0.8759351968765259
sub-cp025_ses-20210820_level-03B_run-011,sub-cp025,3,1000,43,51,50,2,1,3.0,0.05,2.2754401073621473,0.1,2.632794932368727,2.632794932368727,0.8743476271629333,0.8963832855224609,0.8930503129959106,0.8255746364593506
sub-cp025_ses-20210820_level-04B_run-004,sub-cp025,3,1000,43,51,50,3,3,4.0,0.05,3.1011837479799462,0.1,3.998075581590583,3.998075581590583,0.8152347803115845,0.8205226063728333,0.8422335386276245,0.8831900954246521
sub-cp025_ses-20210820_level-04B_run-006,sub-cp025,3,1000,43,51,50,3,3,4.0,0.05,3.03773831385388,0.1,3.953363897458301,3.953363897458301,0.8739972114562988,0.8694599270820618,0.8965781331062317,0.9315913319587708
sub-cp025_ses-20210820_level-04B_run-009,sub-cp025,3,1000,43,51,50,3,3,4.0,0.05,3.1951378771512227,0.1,3.9315665681437375,3.9315665681437375,0.8476080298423767,0.8527731895446777,0.8774847984313965,0.9261898994445801
sub-cp037_ses-20210113_level-01B_run-001,sub-cp037,3,1000,43,51,50,0,0,1.0,0.05,2.2207844174285927,0.1,1.66063196268806,1.66063196268806,0.8833237290382385,0.876980721950531,0.8733645081520081,0.8418849110603333
sub-cp037_ses-20210113_level-01B_run-007,sub-cp037,3,1000,43,51,50,0,1,1.0,0.05,2.0941934591419735,0.1,1.1806176800716635,1.1806176800716635,0.8801430463790894,0.8836658596992493,0.8719103336334229,0.8053456544876099
sub-cp037_ses-20210113_level-01B_run-012,sub-cp037,3,1000,43,51,50,0,0,1.0,0.05,1.9423921846713308,0.1,1.2328503322486513,1.2328503322486513,0.9263712763786316,0.9181100130081177,0.8978438377380371,0.8293874263763428
sub-cp037_ses-20210113_level-02B_run-003,sub-cp037,3,1000,43,51,50,1,1,2.0,0.05,2.191657862294173,0.1,2.3057021507291786,2.3057021507291786,0.885776698589325,0.9009793400764465,0.8931580185890198,0.8229268789291382
sub-cp037_ses-20210113_level-02B_run-008,sub-cp037,3,1000,43,51,50,1,0,2.0,0.05,2.249007562519207,0.1,1.7725286316330442,1.7725286316330442,0.8895503878593445,0.8873478770256042,0.8833016753196716,0.8518934845924377
sub-cp037_ses-20210113_level-02B_run-010,sub-cp037,3,1000,43,51,50,1,0,2.0,0.05,2.0171403654113633,0.1,1.4061859008116993,1.4061859008116993,0.9305223822593689,0.9296000599861145,0.9109317660331726,0.8465449810028076
sub-cp037_ses-20210113_level-03B_run-002,sub-cp037,3,1000,43,51,50,2,2,3.0,0.05,2.3603070056847177,0.1,2.8638166863953884,2.8638166863953884,0.8840245604515076,0.8982373476028442,0.9072423577308655,0.8494575023651123
sub-cp037_ses-20210113_level-03B_run-005,sub-cp037,3,1000,43,51,50,2,1,3.0,0.05,2.2205475963228,0.1,2.8487403474427717,2.8487403474427717,0.8862618803977966,0.9050008654594421,0.9030682444572449,0.8175783753395081
sub-cp037_ses-20210113_level-03B_run-011,sub-cp037,3,1000,43,51,50,2,2,3.0,0.05,2.2384092767272312,0.1,2.2771517585593317,2.2771517585593317,0.9004672765731812,0.9131222367286682,0.9153752326965332,0.8393959999084473
sub-cp037_ses-20210113_level-04B_run-004,sub-cp037,3,1000,43,51,50,3,3,4.0,0.05,2.8979980046446565,0.1,3.8180877895093115,3.8180877895093115,0.8605465888977051,0.85313880443573,0.8723680973052979,0.9023599624633789
sub-cp037_ses-20210113_level-04B_run-006,sub-cp037,3,1000,43,51,50,3,3,4.0,0.05,3.085212954428734,0.1,4.082290847453373,4.0,0.8360981345176697,0.8368176221847534,0.8562371134757996,0.9004535675048828
sub-cp037_ses-20210113_level-04B_run-009,sub-cp037,3,1000,43,51,50,3,3,4.0,0.05,3.1084786544101024,0.1,3.926789380515811,3.926789380515811,0.8603309392929077,0.8561679720878601,0.8800700902938843,0.9256073832511902
sub-cp008_ses-20210503_level-01B_run-001,sub-cp008,3,2000,43,51,50,0,0,1.0,0.05,2.2146332652281706,0.01,1.6881410375670909,1.6881410375670909,0.898217499256134,0.8838245272636414,0.8787885308265686,0.8607019782066345
sub-cp008_ses-20210503_level-01B_run-007,sub-cp008,3,2000,43,51,50,0,1,1.0,0.05,1.9931841203190057,0.01,1.172074994907404,1.172074994907404,0.8804669380187988,0.8832623362541199,0.8616845011711121,0.7845073938369751
sub-cp008_ses-20210503_level-01B_run-012,sub-cp008,3,2000,43,51,50,0,0,1.0,0.05,1.968721211870537,0.01,1.2276745191256164,1.2276745191256164,0.9038733243942261,0.9036051034927368,0.8804463744163513,0.8069097995758057
sub-cp008_ses-20210503_level-02B_run-003,sub-cp008,3,2000,43,51,50,1,1,2.0,0.05,2.1280851455902297,0.01,1.7890187038332832,1.7890187038332832,0.9092997312545776,0.9280007481575012,0.9116892218589783,0.8320958614349365
sub-cp008_ses-20210503_level-02B_run-008,sub-cp008,3,2000,43,51,50,1,1,2.0,0.05,2.041804070603305,0.01,1.6994081336129219,1.6994081336129219,0.8734747171401978,0.887524425983429,0.8651888966560364,0.7771636843681335
sub-cp008_ses-20210503_level-02B_run-010,sub-cp008,3,2000,43,51,50,1,1,2.0,0.05,2.024457651605333,0.01,1.8179206903533012,1.8179206903533012,0.8964626789093018,0.9056315422058105,0.8802441954612732,0.8097200393676758
sub-cp008_ses-20210503_level-03B_run-002,sub-cp008,3,2000,43,51,50,2,2,3.0,0.05,2.324423691671387,0.01,2.687511663597733,2.687511663597733,0.9037788510322571,0.915881335735321,0.9235366582870483,0.8625578284263611
sub-cp008_ses-20210503_level-03B_run-005,sub-cp008,3,2000,43,51,50,2,1,3.0,0.05,2.199792781319141,0.01,3.0353364756859866,3.0353364756859866,0.9081118702888489,0.9290204644203186,0.9246014952659607,0.8316981792449951
sub-cp008_ses-20210503_level-03B_run-011,sub-cp008,3,2000,43,51,50,2,1,3.0,0.05,2.2221985522218297,0.01,2.848256744517624,2.848256744517624,0.8864063024520874,0.9101420044898987,0.9060282707214355,0.8151814341545105
sub-cp008_ses-20210503_level-04B_run-004,sub-cp008,3,2000,43,51,50,3,3,4.0,0.05,3.1631068420845256,0.01,4.363231259745676,4.0,0.8378926515579224,0.8385763168334961,0.8635714650154114,0.9110476970672607
sub-cp008_ses-20210503_level-04B_run-006,sub-cp008,3,2000,43,51,50,3,3,4.0,0.05,3.2220526305636357,0.01,4.270357865280836,4.0,0.8294290900230408,0.8265876770019531,0.8533144593238831,0.9078662991523743
sub-cp008_ses-20210503_level-04B_run-009,sub-cp008,3,2000,43,51,50,3,3,4.0,0.05,3.048968298382575,0.01,3.9113992058476454,3.9113992058476454,0.852754533290863,0.8425899147987366,0.864582359790802,0.9096425771713257
sub-cp014_ses-20211112_level-01B_run-001,sub-cp014,3,2000,43,51,50,0,0,1.0,0.05,1.9884081749363443,0.01,1.2385878881371335,1.2385878881371335,0.913497805595398,0.9076710343360901,0.8858512043952942,0.832254946231842
sub-cp014_ses-20211112_level-01B_run-007,sub-cp014,3,2000,43,51,50,0,0,1.0,0.05,1.9260108144115347,0.01,0.6911285385416601,1.0,0.923027753829956,0.9064421057701111,0.8866868615150452,0.8345879912376404
sub-cp014_ses-20211112_level-01B_run-012,sub-cp014,3,2000,43,51,50,0,0,1.0,0.05,1.95102358410241,0.01,1.0516193715787727,1.0516193715787727,0.9139702320098877,0.8974081873893738,0.8752437233924866,0.8361786603927612
sub-cp014_ses-20211112_level-02B_run-003,sub-cp014,3,2000,43,51,50,1,1,2.0,0.05,1.980740708740687,0.01,1.4670634154699624,1.4670634154699624,0.9114730358123779,0.9168226718902588,0.8894364237785339,0.816692590713501
sub-cp014_ses-20211112_level-02B_run-008,sub-cp014,3,2000,43,51,50,1,1,2.0,0.05,2.0284870195127276,0.01,1.9858128930167067,1.9858128930167067,0.9078959226608276,0.9163650870323181,0.8941943049430847,0.8175409436225891
sub-cp014_ses-20211112_level-02B_run-010,sub-cp014,3,2000,43,51,50,1,1,2.0,0.05,2.0209343052447153,0.01,1.7922627935425601,1.7922627935425601,0.9133898019790649,0.9201172590255737,0.8964990973472595,0.8262633085250854
sub-cp014_ses-20211112_level-03B_run-002,sub-cp014,3,2000,43,51,50,2,1,3.0,0.05,2.171951864643927,0.01,2.776146069373093,2.776146069373093,0.9032928943634033,0.9250068664550781,0.9154227375984192,0.8250172734260559
sub-cp014_ses-20211112_level-03B_run-005,sub-cp014,3,2000,43,51,50,2,2,3.0,0.05,2.3279177347610243,0.01,3.513583926926722,3.513583926926722,0.9033738970756531,0.9266802668571472,0.93202805519104,0.8567782640457153
sub-cp014_ses-20211112_level-03B_run-011,sub-cp014,3,2000,43,51,50,2,2,3.0,0.05,2.31787023122574,0.01,3.3818644143638004,3.3818644143638004,0.8997023105621338,0.9152799844741821,0.9213531613349915,0.8558768630027771
sub-cp014_ses-20211112_level-04B_run-004,sub-cp014,3,2000,43,51,50,3,3,4.0,0.05,2.6676058718900286,0.01,3.6995330885229594,3.6995330885229594,0.8915356993675232,0.8895116448402405,0.9052196145057678,0.9085291028022766
sub-cp014_ses-20211112_level-04B_run-006,sub-cp014,3,2000,43,51,50,3,3,4.0,0.05,2.8906636018930305,0.01,3.970288669692486,3.970288669692486,0.8810743689537048,0.8805561065673828,0.9012165069580078,0.9238263368606567
sub-cp014_ses-20211112_level-04B_run-009,sub-cp014,3,2000,43,51,50,3,3,4.0,0.05,2.8315122679747184,0.01,3.7527754461487985,3.7527754461487985,0.8771733045578003,0.8814581632614136,0.9005021452903748,0.9145737290382385
sub-cp019_ses-20210625_level-01B_run-001,sub-cp019,3,2000,43,51,50,0,0,1.0,0.05,2.213604919648187,0.01,1.513570518119159,1.513570518119159,0.8825592398643494,0.8741238117218018,0.8663614988327026,0.8439465761184692
sub-cp019_ses-20210625_level-01B_run-007,sub-cp019,3,2000,43,51,50,0,0,1.0,0.05,1.9748523220894398,0.01,0.6756048995648398,1.0,0.8918597102165222,0.887524425983429,0.8655393123626709,0.8035427927970886
sub-cp019_ses-20210625_level-01B_run-012,sub-cp019,3,2000,43,51,50,0,0,1.0,0.05,2.0453920404032258,0.01,1.7252612780536347,1.7252612780536347,0.8931285738945007,0.892780065536499,0.8760524392127991,0.8152874708175659
sub-cp019_ses-20210625_level-02B_run-003,sub-cp019,3,2000,43,51,50,1,2,2.0,0.05,2.344168568697858,0.01,1.4625486743708265,1.4625486743708265,0.8634048104286194,0.8700840473175049,0.8738689422607422,0.8345084190368652
sub-cp019_ses-20210625_level-02B_run-008,sub-cp019,3,2000,43,51,50,1,1,2.0,0.05,2.2116213401326004,0.01,2.4787266843921922,2.4787266843921922,0.895072340965271,0.920548677444458,0.9119857549667358,0.8269791007041931
sub-cp019_ses-20210625_level-02B_run-010,sub-cp019,3,2000,43,51,50,1,1,2.0,0.05,2.1034085217899525,0.01,1.9391078364290033,1.9391078364290033,0.8887954950332642,0.9028599262237549,0.8849616050720215,0.8122121095657349
sub-cp019_ses-20210625_level-03B_run-002,sub-cp019,3,2000,43,51,50,2,3,3.0,0.05,3.0376621910157358,0.01,3.600206789946504,3.600206789946504,0.8188192844390869,0.8237898945808411,0.8525596857070923,0.8797904253005981
sub-cp019_ses-20210625_level-03B_run-005,sub-cp019,3,2000,43,51,50,2,2,3.0,0.05,2.3752849749652687,0.01,2.909823571015979,2.909823571015979,0.8631213903427124,0.8881388902664185,0.8938573598861694,0.8300809860229492
sub-cp019_ses-20210625_level-03B_run-011,sub-cp019,3,2000,43,51,50,2,2,3.0,0.05,2.2975352271915614,0.01,2.8419082952969856,2.8419082952969856,0.8875266909599304,0.9097105860710144,0.9129696488380432,0.8347735404968262
sub-cp019_ses-20210625_level-04B_run-004,sub-cp019,3,2000,43,51,50,3,3,4.0,0.05,3.2192177634855654,0.01,3.936931126372572,3.936931126372572,0.8230172991752625,0.822024941444397,0.848287045955658,0.9018481373786926
sub-cp019_ses-20210625_level-04B_run-006,sub-cp019,3,2000,43,51,50,3,3,4.0,0.05,3.34617135303467,0.01,4.3139460083923655,4.0,0.7946839332580566,0.7996034622192383,0.8298890590667725,0.8914820551872253
sub-cp019_ses-20210625_level-04B_run-009,sub-cp019,3,2000,43,51,50,3,3,4.0,0.05,3.2020420969190884,0.01,3.577043035360771,3.577043035360771,0.8263649344444275,0.8258686065673828,0.8520070910453796,0.9034653306007385
sub-cp023_ses-20210628_level-01B_run-001,sub-cp023,3,2000,43,51,50,0,0,1.0,0.05,2.06944313658636,0.01,1.2357320467591641,1.2357320467591641,0.8578164577484131,0.8576116561889648,0.8431652784347534,0.7843748331069946
sub-cp023_ses-20210628_level-01B_run-007,sub-cp023,3,2000,43,51,50,0,0,1.0,0.05,2.1554703468357945,0.01,1.6851150653487115,1.6851150653487115,0.8930880427360535,0.8762417435646057,0.8717528581619263,0.8457229137420654
sub-cp023_ses-20210628_level-01B_run-012,sub-cp023,3,2000,43,51,50,0,0,1.0,0.05,2.323588186009786,0.01,1.999690837430962,1.999690837430962,0.8668874502182007,0.8505256772041321,0.8494731187820435,0.8448745012283325
sub-cp023_ses-20210628_level-02B_run-003,sub-cp023,3,2000,43,51,50,1,2,2.0,0.05,2.3648878025589375,0.01,2.2705340870887216,2.2705340870887216,0.9052367210388184,0.9112793803215027,0.9136974811553955,0.8818583488464355
sub-cp023_ses-20210628_level-02B_run-008,sub-cp023,3,2000,43,51,50,1,1,2.0,0.05,2.1973332272799193,0.01,1.3800826753200326,1.3800826753200326,0.8815063238143921,0.894152820110321,0.8818346858024597,0.8300014734268188
sub-cp023_ses-20210628_level-02B_run-010,sub-cp023,3,2000,43,51,50,1,1,2.0,0.05,2.290689993618534,0.01,2.510628729830313,2.510628729830313,0.8694116473197937,0.8873544335365295,0.8873068690299988,0.8242219090461731
sub-cp023_ses-20210628_level-03B_run-002,sub-cp023,3,2000,43,51,50,2,2,3.0,0.05,2.4266550819110226,0.01,2.6958816608442673,2.6958816608442673,0.8917111754417419,0.9082724452018738,0.9196010231971741,0.8700075745582581
sub-cp023_ses-20210628_level-03B_run-005,sub-cp023,3,2000,43,51,50,2,2,3.0,0.05,2.5834839090292956,0.01,2.814881224864549,2.814881224864549,0.87663334608078,0.8767516613006592,0.8968360424041748,0.8809569478034973
sub-cp023_ses-20210628_level-03B_run-011,sub-cp023,3,2000,43,51,50,2,0,3.0,0.05,2.0748850215115064,0.01,1.420858816148902,1.420858816148902,0.8849484324455261,0.8603048920631409,0.8544331789016724,0.8281456232070923
sub-cp023_ses-20210628_level-04B_run-004,sub-cp023,3,2000,43,51,50,3,3,4.0,0.05,3.253093107184851,0.01,3.862589538976947,3.862589538976947,0.8274987936019897,0.828509509563446,0.8567783832550049,0.9112332463264465
sub-cp023_ses-20210628_level-04B_run-006,sub-cp023,3,2000,43,51,50,3,3,4.0,0.05,3.2630785834825926,0.01,3.2538088494203725,3.2538088494203725,0.8054152727127075,0.7962434887886047,0.8235408067703247,0.8859941363334656
sub-cp023_ses-20210628_level-04B_run-009,sub-cp023,3,2000,43,51,50,3,3,4.0,0.05,3.183793292327799,0.01,4.270489820795703,4.0,0.7952104210853577,0.7993289232254028,0.8271260261535645,0.8723406195640564
sub-cp024_ses-20210629_level-01B_run-001,sub-cp024,3,2000,43,51,50,0,0,1.0,0.05,2.3570122621851435,0.01,1.1029661686996295,1.1029661686996295,0.8476520776748657,0.8473226428031921,0.8440952897071838,0.8281721472740173
sub-cp024_ses-20210629_level-01B_run-007,sub-cp024,3,2000,43,51,50,0,0,1.0,0.05,2.3699088788103504,0.01,1.2729320347500472,1.2729320347500472,0.8400928974151611,0.8339874148368835,0.833474338054657,0.8224456310272217
sub-cp024_ses-20210629_level-01B_run-012,sub-cp024,3,2000,43,51,50,0,0,1.0,0.05,2.269631401103804,0.01,0.8367303022916235,1.0,0.8878236413002014,0.8799024224281311,0.8798668384552002,0.8538354635238647
sub-cp024_ses-20210629_level-02B_run-003,sub-cp024,3,2000,43,51,50,1,1,2.0,0.05,2.335067740807791,0.01,1.978038971471347,1.978038971471347,0.878158688545227,0.8879296779632568,0.8878459930419922,0.8493284583091736
sub-cp024_ses-20210629_level-02B_run-008,sub-cp024,3,2000,43,51,50,1,3,2.0,0.05,2.541642450247192,0.01,1.5137082118042515,1.5137082118042515,0.8314133882522583,0.8164816498756409,0.819038987159729,0.835595428943634
sub-cp024_ses-20210629_level-02B_run-010,sub-cp024,3,2000,43,51,50,1,2,2.0,0.05,2.3683973778981473,0.01,1.6811615647022087,1.6811615647022087,0.8801969885826111,0.8954470753669739,0.898911714553833,0.8531461358070374
sub-cp024_ses-20210629_level-03B_run-002,sub-cp024,3,2000,43,51,50,2,3,3.0,0.05,2.815947571517182,0.01,2.8939214253424264,2.8939214253424264,0.8007717728614807,0.7959558963775635,0.8161816000938416,0.8341107964515686
sub-cp024_ses-20210629_level-03B_run-005,sub-cp024,3,2000,43,51,50,2,2,3.0,0.05,2.5235935159305516,0.01,2.8343936236762897,2.8343936236762897,0.8533889651298523,0.870476245880127,0.887320339679718,0.8478438258171082
sub-cp024_ses-20210629_level-03B_run-011,sub-cp024,3,2000,43,51,50,2,3,3.0,0.05,2.714934592363197,0.01,2.4314092037025667,2.4314092037025667,0.8342615962028503,0.8263000249862671,0.839081346988678,0.8566457033157349
sub-cp024_ses-20210629_level-04B_run-004,sub-cp024,3,2000,43,51,50,3,3,4.0,0.05,2.914755587507186,0.01,3.435763937379268,3.435763937379268,0.8251636028289795,0.8116835951805115,0.8327195644378662,0.8671708703041077
sub-cp024_ses-20210629_level-04B_run-006,sub-cp024,3,2000,43,51,50,3,3,4.0,0.05,3.1863662584814643,0.01,3.299299341588182,3.299299341588182,0.8361243605613708,0.8336213231086731,0.8588136434555054,0.9105969667434692
sub-cp024_ses-20210629_level-04B_run-009,sub-cp024,3,2000,43,51,50,3,3,4.0,0.05,2.9505850024005467,0.01,3.0435072611167557,3.0435072611167557,0.7807264924049377,0.7634937763214111,0.7846826910972595,0.8255209922790527
sub-cp025_ses-20210820_level-01B_run-001,sub-cp025,3,2000,43,51,50,0,1,1.0,0.05,2.228885337834987,0.01,1.1875652244510266,1.1875652244510266,0.8848134875297546,0.8937475085258484,0.884166419506073,0.8412688970565796
sub-cp025_ses-20210820_level-01B_run-007,sub-cp025,3,2000,43,51,50,0,0,1.0,0.05,1.9753484052648105,0.01,0.9281371120940991,1.0,0.9087058305740356,0.8904529213905334,0.8772924542427063,0.8290470242500305
sub-cp025_ses-20210820_level-01B_run-012,sub-cp025,3,2000,43,51,50,0,0,1.0,0.05,2.3095228403483006,0.01,1.2312735449378498,1.2312735449378498,0.8856773972511292,0.8792617917060852,0.8803924918174744,0.8574145436286926
sub-cp025_ses-20210820_level-02B_run-003,sub-cp025,3,2000,43,51,50,1,1,2.0,0.05,2.2360906217781427,0.01,1.8713932133246902,1.8713932133246902,0.8945998549461365,0.9135542511940002,0.9056913256645203,0.8429126739501953
sub-cp025_ses-20210820_level-02B_run-008,sub-cp025,3,2000,43,51,50,1,1,2.0,0.05,2.059183608827782,0.01,2.127215279931441,2.127215279931441,0.9146856665611267,0.9321973919868469,0.9098426699638367,0.8195028305053711
sub-cp025_ses-20210820_level-02B_run-010,sub-cp025,3,2000,43,51,50,1,1,2.0,0.05,2.004493898114558,0.01,1.4567158489255503,1.4567158489255503,0.9207465052604675,0.9259089231491089,0.9043839573860168,0.8246195912361145
sub-cp025_ses-20210820_level-03B_run-002,sub-cp025,3,2000,43,51,50,2,2,3.0,0.05,2.3978617959482245,0.01,2.8586633486178865,2.8586633486178865,0.9001477956771851,0.9199995994567871,0.9323110580444336,0.8680987358093262
sub-cp025_ses-20210820_level-03B_run-005,sub-cp025,3,2000,43,51,50,2,2,3.0,0.05,2.5251367399862104,0.01,3.2760578821969695,3.2760578821969695,0.8794410824775696,0.8869752883911133,0.9019578099250793,0.8765029311180115
sub-cp025_ses-20210820_level-03B_run-011,sub-cp025,3,2000,43,51,50,2,1,3.0,0.05,2.2967303094509255,0.01,3.11413303957706,3.11413303957706,0.8783881664276123,0.8967806100845337,0.8954882025718689,0.8363907933235168
sub-cp025_ses-20210820_level-04B_run-004,sub-cp025,3,2000,43,51,50,3,3,4.0,0.05,3.1602788108823967,0.01,4.424529041667928,4.0,0.8142163157463074,0.8153050541877747,0.8383939266204834,0.8870811462402344
sub-cp025_ses-20210820_level-04B_run-006,sub-cp025,3,2000,43,51,50,3,3,4.0,0.05,3.0146223888579753,0.01,3.9665308723375117,3.9665308723375117,0.872489333152771,0.8733394145965576,0.8964990973472595,0.9293142557144165
sub-cp025_ses-20210820_level-04B_run-009,sub-cp025,3,2000,43,51,50,3,3,4.0,0.05,3.2192871719034284,0.01,4.026905065495988,4.0,0.8434540629386902,0.8512839674949646,0.8753515481948853,0.9258942604064941
sub-cp037_ses-20210113_level-01B_run-001,sub-cp037,3,2000,43,51,50,0,0,1.0,0.05,2.182449068260549,0.01,1.5058307238918534,1.5058307238918534,0.8884175419807434,0.8805299401283264,0.8746641874313354,0.8419317007064819
sub-cp037_ses-20210113_level-01B_run-007,sub-cp037,3,2000,43,51,50,0,0,1.0,0.05,2.0328055655304635,0.01,0.5453033537911889,1.0,0.8944109082221985,0.8906490206718445,0.8769824504852295,0.8122916221618652
sub-cp037_ses-20210113_level-01B_run-012,sub-cp037,3,2000,43,51,50,0,0,1.0,0.05,1.929584076586104,0.01,0.9651756326722596,1.0,0.9241076111793518,0.9149400591850281,0.8934260606765747,0.8260776996612549
sub-cp037_ses-20210113_level-02B_run-003,sub-cp037,3,2000,43,51,50,1,1,2.0,0.05,2.182553761837048,0.01,2.086874617558719,2.086874617558719,0.8923726081848145,0.9026376605033875,0.8932777643203735,0.8347735404968262
sub-cp037_ses-20210113_level-02B_run-008,sub-cp037,3,2000,43,51,50,1,1,2.0,0.05,2.233948498360781,0.01,1.4204420653661396,1.4204420653661396,0.8945863842964172,0.8979049921035767,0.8898812532424927,0.8541536331176758
sub-cp037_ses-20210113_level-02B_run-010,sub-cp037,3,2000,43,51,50,1,1,2.0,0.05,2.0504780365254742,0.01,1.555224068925961,1.555224068925961,0.9295610189437866,0.932589590549469,0.9152340292930603,0.8492489457130432
sub-cp037_ses-20210113_level-03B_run-002,sub-cp037,3,2000,43,51,50,2,2,3.0,0.05,2.3571253414980022,0.01,2.7980368460929395,2.7980368460929395,0.8865547776222229,0.8988854885101318,0.9073356986045837,0.8530135750770569
sub-cp037_ses-20210113_level-03B_run-005,sub-cp037,3,2000,43,51,50,2,1,3.0,0.05,2.2227950951542277,0.01,2.9433683444528436,2.9433683444528436,0.8899158835411072,0.9066643714904785,0.9050039649009705,0.8248051404953003
sub-cp037_ses-20210113_level-03B_run-011,sub-cp037,3,2000,43,51,50,2,2,3.0,0.05,2.249944164217986,0.01,2.5002888462139596,2.5002888462139596,0.9050612449645996,0.9177770614624023,0.9212858080863953,0.8457759022712708
sub-cp037_ses-20210113_level-04B_run-004,sub-cp037,3,2000,43,51,50,3,3,4.0,0.05,3.0159541426835386,0.01,3.7210218410092697,3.7210218410092697,0.8453168272972107,0.844328761100769,0.864137589931488,0.9016360640525818
sub-cp037_ses-20210113_level-04B_run-006,sub-cp037,3,2000,43,51,50,3,3,4.0,0.05,3.1542897056444374,0.01,3.8149021012840834,3.8149021012840834,0.8264594078063965,0.8287840485572815,0.8497022390365601,0.8990113735198975
sub-cp037_ses-20210113_level-04B_run-009,sub-cp037,3,2000,43,51,50,3,3,4.0,0.05,3.1597029178631564,0.01,4.18343258136869,4.0,0.8545498251914978,0.8547093272209167,0.8774272203445435,0.9269546866416931
sub-cp008_ses-20210503_level-01B_run-001,sub-cp008,3,5000,43,51,50,0,0,1.0,0.05,2.252368013620039,0.01,1.485571413054739,1.485571413054739,0.8952754735946655,0.8800788521766663,0.8745386004447937,0.8645218014717102
sub-cp008_ses-20210503_level-01B_run-007,sub-cp008,3,5000,43,51,50,0,1,1.0,0.05,1.9987933600318182,0.01,0.9851459325826435,1.0,0.8764959573745728,0.8797339200973511,0.858084499835968,0.7823891043663025
sub-cp008_ses-20210503_level-01B_run-012,sub-cp008,3,5000,43,51,50,0,1,1.0,0.05,1.9758695359314289,0.01,1.3282584241241113,1.3282584241241113,0.9049454927444458,0.9074339866638184,0.883331298828125,0.8070690631866455
sub-cp008_ses-20210503_level-02B_run-003,sub-cp008,3,5000,43,51,50,1,1,2.0,0.05,2.152038289472183,0.01,1.9706720206767234,1.9706720206767234,0.9042932987213135,0.9262230396270752,0.9101244211196899,0.8319603204727173
sub-cp008_ses-20210503_level-02B_run-008,sub-cp008,3,5000,43,51,50,1,1,2.0,0.05,2.076759724556817,0.01,1.6448905850404458,1.6448905850404458,0.8649609684944153,0.8818244934082031,0.8614895343780518,0.7757542729377747
sub-cp008_ses-20210503_level-02B_run-010,sub-cp008,3,5000,43,51,50,1,1,2.0,0.05,2.0334297671459645,0.01,1.5256681178845801,1.5256681178845801,0.8995714783668518,0.9115994572639465,0.8866124153137207,0.8103336691856384
sub-cp008_ses-20210503_level-03B_run-002,sub-cp008,3,5000,43,51,50,2,2,3.0,0.05,2.3319577842988233,0.01,2.9495849832719636,2.9495849832719636,0.9053767323493958,0.9203224182128906,0.9279523491859436,0.8640780448913574
sub-cp008_ses-20210503_level-03B_run-005,sub-cp008,3,5000,43,51,50,2,1,3.0,0.05,2.244291902983476,0.01,3.0429217727236653,3.0429217727236653,0.8997223973274231,0.9233484864234924,0.9229579567909241,0.8297733664512634
sub-cp008_ses-20210503_level-03B_run-011,sub-cp008,3,5000,43,51,50,2,1,3.0,0.05,2.251863960565869,0.01,3.04227696325473,3.04227696325473,0.8823443651199341,0.9076274037361145,0.9050384163856506,0.8189125061035156
sub-cp008_ses-20210503_level-04B_run-004,sub-cp008,3,5000,43,51,50,3,3,4.0,0.05,3.1079956515082525,0.01,4.2015768144304575,4.0,0.846914529800415,0.8472777605056763,0.8707132935523987,0.9137865900993347
sub-cp008_ses-20210503_level-04B_run-006,sub-cp008,3,5000,43,51,50,3,3,4.0,0.05,3.167823113367839,0.01,4.2069115524898475,4.0,0.838500440120697,0.8336942791938782,0.8576480746269226,0.9099620580673218
sub-cp008_ses-20210503_level-04B_run-009,sub-cp008,3,5000,43,51,50,3,3,4.0,0.05,3.1015481682188906,0.01,4.0437388937941705,4.0,0.8577003479003906,0.8433423042297363,0.8639301657676697,0.918699324131012
sub-cp014_ses-20211112_level-01B_run-001,sub-cp014,3,5000,43,51,50,0,0,1.0,0.05,1.9959874298077929,0.01,1.2596127768652963,1.2596127768652963,0.914372980594635,0.9109095931053162,0.890168309211731,0.8303755521774292
sub-cp014_ses-20211112_level-01B_run-007,sub-cp014,3,5000,43,51,50,0,0,1.0,0.05,1.9627776605793694,0.01,1.051252243014226,1.051252243014226,0.9247922301292419,0.9120751023292542,0.8928459882736206,0.8416696190834045
sub-cp014_ses-20211112_level-01B_run-012,sub-cp014,3,5000,43,51,50,0,0,1.0,0.05,1.9684503572451657,0.01,1.1299891992963995,1.1299891992963995,0.9219462275505066,0.9036918878555298,0.8861328959465027,0.845747709274292
sub-cp014_ses-20211112_level-02B_run-003,sub-cp014,3,5000,43,51,50,1,1,2.0,0.05,2.045363391266296,0.01,1.9475515809490664,1.9475515809490664,0.9089935421943665,0.9199408888816833,0.8972585201263428,0.8225468397140503
sub-cp014_ses-20211112_level-02B_run-008,sub-cp014,3,5000,43,51,50,1,1,2.0,0.05,2.068027980296075,0.01,1.9834613445884361,1.9834613445884361,0.9076945185661316,0.9172910451889038,0.8987293839454651,0.8252515196800232
sub-cp014_ses-20211112_level-02B_run-010,sub-cp014,3,5000,43,51,50,1,1,2.0,0.05,2.050202378326908,0.01,1.6573095031544995,1.6573095031544995,0.914928138256073,0.922726571559906,0.9018434882164001,0.8328689336776733
sub-cp014_ses-20211112_level-03B_run-002,sub-cp014,3,5000,43,51,50,2,1,3.0,0.05,2.2065778736130137,0.01,2.9543978674455302,2.9543978674455302,0.9015442728996277,0.9254704117774963,0.9182167649269104,0.8304283618927002
sub-cp014_ses-20211112_level-03B_run-005,sub-cp014,3,5000,43,51,50,2,2,3.0,0.05,2.3599989245436097,0.01,3.3719880464046943,3.3719880464046943,0.8989515900611877,0.9226429462432861,0.9299888610839844,0.8596724271774292
sub-cp014_ses-20211112_level-03B_run-011,sub-cp014,3,5000,43,51,50,2,2,3.0,0.05,2.3118361772860094,0.01,3.309720173875608,3.309720173875608,0.9033392071723938,0.9193293452262878,0.9255278706550598,0.8570311665534973
sub-cp014_ses-20211112_level-04B_run-004,sub-cp014,3,5000,43,51,50,3,3,4.0,0.05,2.6881281089223146,0.01,3.443678316509181,3.443678316509181,0.8955880999565125,0.8929150104522705,0.9089983701705933,0.9149593114852905
sub-cp014_ses-20211112_level-04B_run-006,sub-cp014,3,5000,43,51,50,3,3,4.0,0.05,2.9035589302669713,0.01,3.868449982453105,3.868449982453105,0.8830935955047607,0.8813645839691162,0.9017249345779419,0.9269611835479736
sub-cp014_ses-20211112_level-04B_run-009,sub-cp014,3,5000,43,51,50,3,3,4.0,0.05,2.8036664115640018,0.01,3.9358307857625854,3.9358307857625854,0.8863654732704163,0.8871397972106934,0.9049306511878967,0.9198086857795715
sub-cp019_ses-20210625_level-01B_run-001,sub-cp019,3,5000,43,51,50,0,0,1.0,0.05,2.219415712098224,0.01,1.3730009908330723,1.3730009908330723,0.878803014755249,0.8683193922042847,0.8598516583442688,0.8425887823104858
sub-cp019_ses-20210625_level-01B_run-007,sub-cp019,3,5000,43,51,50,0,0,1.0,0.05,2.0072289977169544,0.01,0.6102909243818309,1.0,0.8923916816711426,0.8875683546066284,0.8675291538238525,0.8133341670036316
sub-cp019_ses-20210625_level-01B_run-012,sub-cp019,3,5000,43,51,50,0,0,1.0,0.05,2.06117232430243,0.01,1.434339012175752,1.434339012175752,0.893663763999939,0.8921257853507996,0.8771839141845703,0.8201063275337219
sub-cp019_ses-20210625_level-02B_run-003,sub-cp019,3,5000,43,51,50,1,1,2.0,0.05,2.2959406137322764,0.01,1.2250825500758387,1.2250825500758387,0.8699306845664978,0.8727514147758484,0.8722110986709595,0.8364399075508118
sub-cp019_ses-20210625_level-02B_run-008,sub-cp019,3,5000,43,51,50,1,1,2.0,0.05,2.170635709795639,0.01,2.251903497927584,2.251903497927584,0.8971889615058899,0.9201917052268982,0.9079585671424866,0.8226842284202576
sub-cp019_ses-20210625_level-02B_run-010,sub-cp019,3,5000,43,51,50,1,1,2.0,0.05,2.1053929392342363,0.01,1.7268472289392283,1.7268472289392283,0.8951029777526855,0.9077162146568298,0.8914991021156311,0.8184053897857666
sub-cp019_ses-20210625_level-03B_run-002,sub-cp019,3,5000,43,51,50,2,3,3.0,0.05,2.9118392997695413,0.01,3.2095730019490456,3.2095730019490456,0.8244427442550659,0.8291263580322266,0.8525082468986511,0.8709558844566345
sub-cp019_ses-20210625_level-03B_run-005,sub-cp019,3,5000,43,51,50,2,2,3.0,0.05,2.3624141213098957,0.01,2.8963225551413956,2.8963225551413956,0.8674458265304565,0.8921467065811157,0.8983468413352966,0.8299424052238464
sub-cp019_ses-20210625_level-03B_run-011,sub-cp019,3,5000,43,51,50,2,2,3.0,0.05,2.2947177291301752,0.01,3.1441217655685243,3.1441217655685243,0.8855029940605164,0.9073556065559387,0.9114390015602112,0.8303755521774292
sub-cp019_ses-20210625_level-04B_run-004,sub-cp019,3,5000,43,51,50,3,3,4.0,0.05,3.141433262358074,0.01,3.8492383356548565,3.8492383356548565,0.8336923718452454,0.8304538726806641,0.8566675186157227,0.9030207991600037
sub-cp019_ses-20210625_level-04B_run-006,sub-cp019,3,5000,43,51,50,3,3,4.0,0.05,3.2659999875229575,0.01,3.889901974264175,3.889901974264175,0.8052697777748108,0.8064175248146057,0.8348096013069153,0.8905646204948425
sub-cp019_ses-20210625_level-04B_run-009,sub-cp019,3,5000,43,51,50,3,3,4.0,0.05,3.196229338162314,0.01,3.7475183220964476,3.7475183220964476,0.8353094458580017,0.833453893661499,0.860169529914856,0.9112615585327148
sub-cp023_ses-20210628_level-01B_run-001,sub-cp023,3,5000,43,51,50,0,1,1.0,0.05,2.0798615415563635,0.01,1.202714220057142,1.202714220057142,0.8549836874008179,0.8554884791374207,0.8407630324363708,0.7844176292419434
sub-cp023_ses-20210628_level-01B_run-007,sub-cp023,3,5000,43,51,50,0,0,1.0,0.05,2.15237228392278,0.01,1.269271329119833,1.269271329119833,0.8980244398117065,0.8788558840751648,0.8714783787727356,0.8534601926803589
sub-cp023_ses-20210628_level-01B_run-012,sub-cp023,3,5000,43,51,50,0,0,1.0,0.05,2.3595373569701055,0.01,2.0273176967384385,2.0273176967384385,0.8743830323219299,0.8582010269165039,0.8569422960281372,0.8573904037475586
sub-cp023_ses-20210628_level-02B_run-003,sub-cp023,3,5000,43,51,50,1,1,2.0,0.05,2.3395890910087864,0.01,2.0798777799088555,2.0798777799088555,0.9108315706253052,0.91414475440979,0.9136533737182617,0.8856624364852905
sub-cp023_ses-20210628_level-02B_run-008,sub-cp023,3,5000,43,51,50,1,1,2.0,0.05,2.1836244976091255,0.01,1.4779499358233372,1.4779499358233372,0.8881873488426208,0.8973208665847778,0.8852116465568542,0.8356263637542725
sub-cp023_ses-20210628_level-02B_run-010,sub-cp023,3,5000,43,51,50,1,2,2.0,0.05,2.3116758385479916,0.01,2.5064480803870404,2.5064480803870404,0.8665133118629456,0.8830579519271851,0.883633017539978,0.827660322189331
sub-cp023_ses-20210628_level-03B_run-002,sub-cp023,3,5000,43,51,50,2,2,3.0,0.05,2.380635188437191,0.01,2.619241374517139,2.619241374517139,0.9029726982116699,0.9178659915924072,0.9266161918640137,0.8735760450363159
sub-cp023_ses-20210628_level-03B_run-005,sub-cp023,3,5000,43,51,50,2,2,3.0,0.05,2.5850798930464887,0.01,2.558935967812916,2.558935967812916,0.8811477422714233,0.8771259188652039,0.8965688943862915,0.886032223701477
sub-cp023_ses-20210628_level-03B_run-011,sub-cp023,3,5000,43,51,50,2,0,3.0,0.05,2.1652441833333818,0.01,1.3021888227235885,1.3021888227235885,0.8870176672935486,0.8644623160362244,0.8591297268867493,0.8450503945350647
sub-cp023_ses-20210628_level-04B_run-004,sub-cp023,3,5000,43,51,50,3,3,4.0,0.05,3.2441425109689055,0.01,4.038539676494016,4.0,0.834355354309082,0.831859827041626,0.8570069670677185,0.9152551293373108
sub-cp023_ses-20210628_level-04B_run-006,sub-cp023,3,5000,43,51,50,3,3,4.0,0.05,3.1787048273988816,0.01,3.5901929086169053,3.5901929086169053,0.8184057474136353,0.8081892728805542,0.8347826600074768,0.8892545700073242
sub-cp023_ses-20210628_level-04B_run-009,sub-cp023,3,5000,43,51,50,3,3,4.0,0.05,3.1544079495547095,0.01,3.866357976837917,3.866357976837917,0.8107408881187439,0.8105934262275696,0.8384032249450684,0.8828098773956299
sub-cp024_ses-20210629_level-01B_run-001,sub-cp024,3,5000,43,51,50,0,0,1.0,0.05,2.323755923410716,0.01,1.152718151528692,1.152718151528692,0.8457179069519043,0.8438283205032349,0.8418459296226501,0.8203704357147217
sub-cp024_ses-20210629_level-01B_run-007,sub-cp024,3,5000,43,51,50,0,0,1.0,0.05,2.3385204457845723,0.01,1.0397835012707553,1.0397835012707553,0.842785656452179,0.8361036777496338,0.833193302154541,0.8216488361358643
sub-cp024_ses-20210629_level-01B_run-012,sub-cp024,3,5000,43,51,50,0,0,1.0,0.05,2.2477472500387132,0.01,0.8361415238913978,1.0,0.8955773115158081,0.8833715319633484,0.8847860097885132,0.8585525155067444
sub-cp024_ses-20210629_level-02B_run-003,sub-cp024,3,5000,43,51,50,1,1,2.0,0.05,2.30148533386011,0.01,1.607587163765813,1.607587163765813,0.8843764662742615,0.8903540372848511,0.8895918130874634,0.8506921529769897
sub-cp024_ses-20210629_level-02B_run-008,sub-cp024,3,5000,43,51,50,1,0,2.0,0.05,2.501297482587793,0.01,1.1361690743543231,1.1361690743543231,0.8264586925506592,0.8116387128829956,0.8128008246421814,0.8263185620307922
sub-cp024_ses-20210629_level-02B_run-010,sub-cp024,3,5000,43,51,50,1,2,2.0,0.05,2.339293916071398,0.01,2.0584161289090415,2.0584161289090415,0.8881011009216309,0.8981989026069641,0.9023445248603821,0.8561225533485413
sub-cp024_ses-20210629_level-03B_run-002,sub-cp024,3,5000,43,51,50,2,3,3.0,0.05,2.8028006377459382,0.01,2.7901154781699424,2.7901154781699424,0.8028873205184937,0.7950971126556396,0.8164805769920349,0.8340099453926086
sub-cp024_ses-20210629_level-03B_run-005,sub-cp024,3,5000,43,51,50,2,2,3.0,0.05,2.512424750567865,0.01,2.693295419040333,2.693295419040333,0.8531294465065002,0.8689727187156677,0.8863106966018677,0.845187783241272
sub-cp024_ses-20210629_level-03B_run-011,sub-cp024,3,5000,43,51,50,2,3,3.0,0.05,2.675123595376326,0.01,2.5326324268366807,2.5326324268366807,0.8358646035194397,0.826978325843811,0.8406391143798828,0.8534390330314636
sub-cp024_ses-20210629_level-04B_run-004,sub-cp024,3,5000,43,51,50,3,3,4.0,0.05,2.898223919470351,0.01,3.4116372194347235,3.4116372194347235,0.8346356153488159,0.8204034566879272,0.8392705917358398,0.8748438358306885
sub-cp024_ses-20210629_level-04B_run-006,sub-cp024,3,5000,43,51,50,3,3,4.0,0.05,3.173198936451556,0.01,3.3982610917263902,3.3982610917263902,0.8368887305259705,0.8342117071151733,0.8565974831581116,0.909634530544281
sub-cp024_ses-20210629_level-04B_run-009,sub-cp024,3,5000,43,51,50,3,3,4.0,0.05,2.918322667874822,0.01,2.592948765949738,2.592948765949738,0.778868556022644,0.762557327747345,0.7799519300460815,0.8207085728645325
sub-cp025_ses-20210820_level-01B_run-001,sub-cp025,3,5000,43,51,50,0,1,1.0,0.05,2.187188839939782,0.01,1.1621999743300528,1.1621999743300528,0.8916316628456116,0.8988940119743347,0.8872427940368652,0.8410462737083435
sub-cp025_ses-20210820_level-01B_run-007,sub-cp025,3,5000,43,51,50,0,0,1.0,0.05,2.0021702121388825,0.01,0.9519095671407671,1.0,0.9130577445030212,0.8938714265823364,0.882011353969574,0.8404229283332825
sub-cp025_ses-20210820_level-01B_run-012,sub-cp025,3,5000,43,51,50,0,0,1.0,0.05,2.2367423836790756,0.01,1.072387968294661,1.072387968294661,0.8872278928756714,0.8763733506202698,0.8743177056312561,0.8500159978866577
sub-cp025_ses-20210820_level-02B_run-003,sub-cp025,3,5000,43,51,50,1,1,2.0,0.05,2.219900017444379,0.01,1.9943293429118873,1.9943293429118873,0.8952377438545227,0.9128642678260803,0.9040685892105103,0.8410251140594482
sub-cp025_ses-20210820_level-02B_run-008,sub-cp025,3,5000,43,51,50,1,1,2.0,0.05,2.0748995789117504,0.01,2.01480170667944,2.01480170667944,0.9150844812393188,0.9367072582244873,0.9134647846221924,0.8212473392486572
sub-cp025_ses-20210820_level-02B_run-010,sub-cp025,3,5000,43,51,50,1,1,2.0,0.05,2.0437253613254738,0.01,1.412279994634607,1.412279994634607,0.9206579327583313,0.927435576915741,0.9088097810745239,0.8330590724945068
sub-cp025_ses-20210820_level-03B_run-002,sub-cp025,3,5000,43,51,50,2,2,3.0,0.05,2.378490535883797,0.01,3.0223492338836833,3.0223492338836833,0.90211021900177,0.9210959076881409,0.9329736828804016,0.8654937744140625
sub-cp025_ses-20210820_level-03B_run-005,sub-cp025,3,5000,43,51,50,2,2,3.0,0.05,2.5105592384005226,0.01,2.9953187903657126,2.9953187903657126,0.8765984177589417,0.8812966346740723,0.8948879837989807,0.8722659349441528
sub-cp025_ses-20210820_level-03B_run-011,sub-cp025,3,5000,43,51,50,2,2,3.0,0.05,2.3029596885339894,0.01,2.8442491711034847,2.8442491711034847,0.8772883415222168,0.8941536545753479,0.8967629075050354,0.8329005837440491
sub-cp025_ses-20210820_level-04B_run-004,sub-cp025,3,5000,43,51,50,3,3,4.0,0.05,3.141062291388554,0.01,4.09238245967988,4.0,0.8187614679336548,0.8183076977729797,0.8399548530578613,0.8888213634490967
sub-cp025_ses-20210820_level-04B_run-006,sub-cp025,3,5000,43,51,50,3,3,4.0,0.05,3.0042667679874153,0.01,4.242032600976263,4.0,0.8781130313873291,0.8743820786476135,0.894742488861084,0.9322859644889832
sub-cp025_ses-20210820_level-04B_run-009,sub-cp025,3,5000,43,51,50,3,3,4.0,0.05,3.131178161831162,0.01,4.157114885402677,4.0,0.8634409308433533,0.8627166748046875,0.8864023089408875,0.9324444532394409
sub-cp037_ses-20210113_level-01B_run-001,sub-cp037,3,5000,43,51,50,0,0,1.0,0.05,2.1937973055154805,0.01,1.5289522430268756,1.5289522430268756,0.8955180048942566,0.8862721920013428,0.8796083927154541,0.8527840375900269
sub-cp037_ses-20210113_level-01B_run-007,sub-cp037,3,5000,43,51,50,0,0,1.0,0.05,2.0364262896129413,0.01,1.076963498772118,1.076963498772118,0.8965475559234619,0.8922982811927795,0.8778035044670105,0.8179299235343933
sub-cp037_ses-20210113_level-01B_run-012,sub-cp037,3,5000,43,51,50,0,0,1.0,0.05,1.9472630159011954,0.01,1.0026559734311316,1.0026559734311316,0.9219030737876892,0.9149600863456726,0.8933416604995728,0.8268573880195618
sub-cp037_ses-20210113_level-02B_run-003,sub-cp037,3,5000,43,51,50,1,1,2.0,0.05,2.172062382596626,0.01,1.7904164794694775,1.7904164794694775,0.887443482875824,0.8988574147224426,0.8895217776298523,0.8250824809074402
sub-cp037_ses-20210113_level-02B_run-008,sub-cp037,3,5000,43,51,50,1,1,2.0,0.05,2.2461042406884064,0.01,1.7672343398127057,1.7672343398127057,0.896703839302063,0.8987737894058228,0.8931100368499756,0.8575171828269958
sub-cp037_ses-20210113_level-02B_run-010,sub-cp037,3,5000,43,51,50,1,1,2.0,0.05,2.0616931844848,0.01,1.7936751078055653,1.7936751078055653,0.9304735064506531,0.9358866810798645,0.9183406829833984,0.8508506417274475
sub-cp037_ses-20210113_level-03B_run-002,sub-cp037,3,5000,43,51,50,2,2,3.0,0.05,2.3041244422297344,0.01,2.5648955488851914,2.5648955488851914,0.8870877623558044,0.8983034491539001,0.9047690033912659,0.8423880338668823
sub-cp037_ses-20210113_level-03B_run-005,sub-cp037,3,5000,43,51,50,2,1,3.0,0.05,2.242139302197676,0.01,2.7505404470530923,2.7505404470530923,0.8841878175735474,0.9026413559913635,0.9021721482276917,0.8219658136367798
sub-cp037_ses-20210113_level-03B_run-011,sub-cp037,3,5000,43,51,50,2,2,3.0,0.05,2.2964998719681566,0.01,2.905767924531339,2.905767924531339,0.9039159417152405,0.9174739718437195,0.9246927499771118,0.8533334136009216
sub-cp037_ses-20210113_level-04B_run-004,sub-cp037,3,5000,43,51,50,3,3,4.0,0.05,3.0077393940525745,0.01,3.9401948687472954,3.9401948687472954,0.8453783392906189,0.8415443897247314,0.8632297515869141,0.899893581867218
sub-cp037_ses-20210113_level-04B_run-006,sub-cp037,3,5000,43,51,50,3,3,4.0,0.05,3.0796411621226345,0.01,4.098901831402817,4.0,0.8417022228240967,0.840028703212738,0.8613871932029724,0.9046583771705627
sub-cp037_ses-20210113_level-04B_run-009,sub-cp037,3,5000,43,51,50,3,3,4.0,0.05,3.1055304553628833,0.01,4.231380010828264,4.0,0.8632899522781372,0.8608664870262146,0.882458508014679,0.9287678003311157
sub-cp008_ses-20210503_level-01B_run-001,sub-cp008,3,10000,43,51,50,0,0,1.0,0.05,2.3031485159259355,0.01,1.7123100581934803,1.7123100581934803,0.8930208086967468,0.8799999952316284,0.875813364982605,0.868679940700531
sub-cp008_ses-20210503_level-01B_run-007,sub-cp008,3,10000,43,51,50,0,1,1.0,0.05,1.9873074183100128,0.01,1.060068300921801,1.060068300921801,0.8703365921974182,0.8718442320823669,0.8505013585090637,0.7740106582641602
sub-cp008_ses-20210503_level-01B_run-012,sub-cp008,3,10000,43,51,50,0,1,1.0,0.05,1.9697207966809216,0.01,1.184490748744186,1.184490748744186,0.904333233833313,0.9068442583084106,0.8823140263557434,0.8043025135993958
sub-cp008_ses-20210503_level-02B_run-003,sub-cp008,3,10000,43,51,50,1,1,2.0,0.05,2.1387980707008287,0.01,2.0198471500839323,2.0198471500839323,0.9013126492500305,0.9236012697219849,0.9058881998062134,0.8258941173553467
sub-cp008_ses-20210503_level-02B_run-008,sub-cp008,3,10000,43,51,50,1,1,2.0,0.05,2.0824633597958675,0.01,1.6366249703550502,1.6366249703550502,0.8665621876716614,0.8847566246986389,0.8650975823402405,0.7754624485969543
sub-cp008_ses-20210503_level-02B_run-010,sub-cp008,3,10000,43,51,50,1,1,2.0,0.05,2.0266136499363463,0.01,1.567979982988568,1.567979982988568,0.9001049399375916,0.911936342716217,0.8867315053939819,0.8084194660186768
sub-cp008_ses-20210503_level-03B_run-002,sub-cp008,3,10000,43,51,50,2,2,3.0,0.05,2.3413758146441372,0.01,2.9341487403769664,2.9341487403769664,0.9010100364685059,0.9172171354293823,0.9257113933563232,0.860249936580658
sub-cp008_ses-20210503_level-03B_run-005,sub-cp008,3,10000,43,51,50,2,2,3.0,0.05,2.2538447300286055,0.01,2.8545265360205274,2.8545265360205274,0.8977354764938354,0.9218662977218628,0.9228240251541138,0.8279870748519897
sub-cp008_ses-20210503_level-03B_run-011,sub-cp008,3,10000,43,51,50,2,1,3.0,0.05,2.2566218985614634,0.01,3.042210350890463,3.042210350890463,0.8809195160865784,0.9064406156539917,0.9052783250808716,0.8158162832260132
sub-cp008_ses-20210503_level-04B_run-004,sub-cp008,3,10000,43,51,50,3,3,4.0,0.05,3.0770852858687783,0.01,4.037838773589778,4.0,0.8474064469337463,0.8481186628341675,0.8718384504318237,0.9110419154167175
sub-cp008_ses-20210503_level-04B_run-006,sub-cp008,3,10000,43,51,50,3,3,4.0,0.05,3.119415266997959,0.01,4.238437504484637,4.0,0.8400791883468628,0.8364720940589905,0.8607961535453796,0.9067606925964355
sub-cp008_ses-20210503_level-04B_run-009,sub-cp008,3,10000,43,51,50,3,3,4.0,0.05,3.0872523521413138,0.01,3.993624208097712,3.993624208097712,0.859337568283081,0.844758927822113,0.8663281202316284,0.9188308119773865
sub-cp014_ses-20211112_level-01B_run-001,sub-cp014,3,10000,43,51,50,0,0,1.0,0.05,1.981441247866354,0.01,1.355211503951411,1.355211503951411,0.9162076115608215,0.9124709367752075,0.8909034132957458,0.8286228775978088
sub-cp014_ses-20211112_level-01B_run-007,sub-cp014,3,10000,43,51,50,0,0,1.0,0.05,1.958162878257753,0.01,1.106416530504585,1.106416530504585,0.9209762811660767,0.9061681032180786,0.8868961334228516,0.8394796252250671
sub-cp014_ses-20211112_level-01B_run-012,sub-cp014,3,10000,43,51,50,0,0,1.0,0.05,1.9611022704784826,0.01,1.1692524482062436,1.1692524482062436,0.9197415709495544,0.9010602831840515,0.8838549256324768,0.8416308164596558
sub-cp014_ses-20211112_level-02B_run-003,sub-cp014,3,10000,43,51,50,1,1,2.0,0.05,2.0611153922526304,0.01,2.040640336718212,2.040640336718212,0.9074970483779907,0.9203646183013916,0.8985671401023865,0.822587788105011
sub-cp014_ses-20211112_level-02B_run-008,sub-cp014,3,10000,43,51,50,1,1,2.0,0.05,2.108593410943727,0.01,2.2149052641200164,2.2149052641200164,0.9022096395492554,0.9149685502052307,0.8995251059532166,0.8250198364257812
sub-cp014_ses-20211112_level-02B_run-010,sub-cp014,3,10000,43,51,50,1,1,2.0,0.05,2.056038270449515,0.01,1.7891556164961488,1.7891556164961488,0.9135301113128662,0.9225634336471558,0.9023639559745789,0.8303290009498596
sub-cp014_ses-20211112_level-03B_run-002,sub-cp014,3,10000,43,51,50,2,1,3.0,0.05,2.214511423971164,0.01,2.988062327357607,2.988062327357607,0.9013018012046814,0.9265102744102478,0.9202118515968323,0.8293116688728333
sub-cp014_ses-20211112_level-03B_run-005,sub-cp014,3,10000,43,51,50,2,2,3.0,0.05,2.3694594287127204,0.01,3.365882520860079,3.365882520860079,0.8937827348709106,0.9190909266471863,0.9270849823951721,0.8552852272987366
sub-cp014_ses-20211112_level-03B_run-011,sub-cp014,3,10000,43,51,50,2,2,3.0,0.05,2.3294480494429908,0.01,3.2975982688448844,3.2975982688448844,0.8979570269584656,0.916090190410614,0.9236065745353699,0.8532294034957886
sub-cp014_ses-20211112_level-04B_run-004,sub-cp014,3,10000,43,51,50,3,3,4.0,0.05,2.7131250129494147,0.01,3.5347298214195146,3.5347298214195146,0.8910485506057739,0.8902261257171631,0.9073534607887268,0.9135216474533081
sub-cp014_ses-20211112_level-04B_run-006,sub-cp014,3,10000,43,51,50,3,3,4.0,0.05,2.8964357817361943,0.01,3.96274284873117,3.96274284873117,0.8819975256919861,0.8807128071784973,0.9012548923492432,0.9251890778541565
sub-cp014_ses-20211112_level-04B_run-009,sub-cp014,3,10000,43,51,50,3,3,4.0,0.05,2.828609937933951,0.01,3.9290242855507476,3.9290242855507476,0.8821353316307068,0.8844316601753235,0.902682363986969,0.9187778234481812
sub-cp019_ses-20210625_level-01B_run-001,sub-cp019,3,10000,43,51,50,0,0,1.0,0.05,2.2150934497186423,0.01,1.283329326698438,1.283329326698438,0.8802899718284607,0.8668071627616882,0.8563193678855896,0.8456842303276062
sub-cp019_ses-20210625_level-01B_run-007,sub-cp019,3,10000,43,51,50,0,0,1.0,0.05,1.9938663568073103,0.01,0.5600146057416873,1.0,0.890302836894989,0.885666012763977,0.8639021515846252,0.8090341091156006
sub-cp019_ses-20210625_level-01B_run-012,sub-cp019,3,10000,43,51,50,0,0,1.0,0.05,2.0470690021590454,0.01,1.3905886909669714,1.3905886909669714,0.8906784057617188,0.8879906535148621,0.8722755908966064,0.8152652382850647
sub-cp019_ses-20210625_level-02B_run-003,sub-cp019,3,10000,43,51,50,1,1,2.0,0.05,2.29342066962668,0.01,1.5024149333657186,1.5024149333657186,0.8712281584739685,0.8745959997177124,0.8740161657333374,0.8369734287261963
sub-cp019_ses-20210625_level-02B_run-008,sub-cp019,3,10000,43,51,50,1,1,2.0,0.05,2.1547454450576273,0.01,2.2503753285997288,2.2503753285997288,0.8960224986076355,0.9189782738685608,0.9048141837120056,0.8185555934906006
sub-cp019_ses-20210625_level-02B_run-010,sub-cp019,3,10000,43,51,50,1,1,2.0,0.05,2.086732907925338,0.01,1.6336021080453205,1.6336021080453205,0.8959009647369385,0.9071823358535767,0.8896135091781616,0.8163884878158569
sub-cp019_ses-20210625_level-03B_run-002,sub-cp019,3,10000,43,51,50,2,3,3.0,0.05,2.8782608129123353,0.01,3.074284642810956,3.074284642810956,0.8228849768638611,0.8270584344863892,0.849057674407959,0.8654425740242004
sub-cp019_ses-20210625_level-03B_run-005,sub-cp019,3,10000,43,51,50,2,2,3.0,0.05,2.3596738113156253,0.01,2.9255207074374354,2.9255207074374354,0.8673970103263855,0.8943197131156921,0.9002780318260193,0.8275949358940125
sub-cp019_ses-20210625_level-03B_run-011,sub-cp019,3,10000,43,51,50,2,2,3.0,0.05,2.2945847083203867,0.01,2.9752795899235074,2.9752795899235074,0.8826675415039062,0.9056937098503113,0.9098469018936157,0.825777530670166
sub-cp019_ses-20210625_level-04B_run-004,sub-cp019,3,10000,43,51,50,3,3,4.0,0.05,3.1120746803399513,0.01,3.771875929136648,3.771875929136648,0.8295314311981201,0.827624499797821,0.8510168194770813,0.8959940075874329
sub-cp019_ses-20210625_level-04B_run-006,sub-cp019,3,10000,43,51,50,3,3,4.0,0.05,3.2154819298464417,0.01,3.7871485662705364,3.7871485662705364,0.8104270100593567,0.8112160563468933,0.8389139771461487,0.8897205591201782
sub-cp019_ses-20210625_level-04B_run-009,sub-cp019,3,10000,43,51,50,3,3,4.0,0.05,3.1777042389903425,0.01,3.882869631549368,3.882869631549368,0.8332139253616333,0.8330572843551636,0.8578952550888062,0.907634973526001
sub-cp023_ses-20210628_level-01B_run-001,sub-cp023,3,10000,43,51,50,0,1,1.0,0.05,2.068364435222164,0.01,1.348346964303214,1.348346964303214,0.8563088774681091,0.8578442335128784,0.8413426280021667,0.7832671999931335
sub-cp023_ses-20210628_level-01B_run-007,sub-cp023,3,10000,43,51,50,0,0,1.0,0.05,2.1431346548801438,0.01,1.254905935438821,1.254905935438821,0.8976138830184937,0.8801467418670654,0.872521162033081,0.8506118655204773
sub-cp023_ses-20210628_level-01B_run-012,sub-cp023,3,10000,43,51,50,0,0,1.0,0.05,2.323973205676502,0.01,2.021943857616398,2.021943857616398,0.8749215006828308,0.8586593270301819,0.8585456013679504,0.8525193929672241
sub-cp023_ses-20210628_level-02B_run-003,sub-cp023,3,10000,43,51,50,1,1,2.0,0.05,2.346550144037078,0.01,2.134137072506701,2.134137072506701,0.9065567851066589,0.9120464324951172,0.9111368060112,0.8822654485702515
sub-cp023_ses-20210628_level-02B_run-008,sub-cp023,3,10000,43,51,50,1,1,2.0,0.05,2.1806979819223695,0.01,1.4657539099106833,1.4657539099106833,0.8849208354949951,0.8947023749351501,0.8838332891464233,0.8293540477752686
sub-cp023_ses-20210628_level-02B_run-010,sub-cp023,3,10000,43,51,50,1,2,2.0,0.05,2.3203162258428396,0.01,2.528511629204732,2.528511629204732,0.8633875846862793,0.8817873597145081,0.8839412331581116,0.8235945701599121
sub-cp023_ses-20210628_level-03B_run-002,sub-cp023,3,10000,43,51,50,2,2,3.0,0.05,2.3757592097026623,0.01,2.7699181293300303,2.7699181293300303,0.9024068713188171,0.9190647602081299,0.9272792339324951,0.8713928461074829
sub-cp023_ses-20210628_level-03B_run-005,sub-cp023,3,10000,43,51,50,2,2,3.0,0.05,2.5709958357653075,0.01,2.618789564797381,2.618789564797381,0.8824730515480042,0.8793553113937378,0.8976766467094421,0.8857572078704834
sub-cp023_ses-20210628_level-03B_run-011,sub-cp023,3,10000,43,51,50,2,0,3.0,0.05,2.150910141325827,0.01,1.4257793620635741,1.4257793620635741,0.8867877721786499,0.8662489652633667,0.8599542379379272,0.8419699668884277
sub-cp023_ses-20210628_level-04B_run-004,sub-cp023,3,10000,43,51,50,3,3,4.0,0.05,3.2872620161637824,0.01,4.211785782080266,4.0,0.8280778527259827,0.827262818813324,0.8527708053588867,0.9146290421485901
sub-cp023_ses-20210628_level-04B_run-006,sub-cp023,3,10000,43,51,50,3,3,4.0,0.05,3.1749941074110968,0.01,3.614297991437866,3.614297991437866,0.8141744136810303,0.8025754690170288,0.8286569714546204,0.8840987682342529
sub-cp023_ses-20210628_level-04B_run-009,sub-cp023,3,10000,43,51,50,3,3,4.0,0.05,3.157092362688179,0.01,3.985493348990378,3.985493348990378,0.8063580989837646,0.8067240715026855,0.8339973092079163,0.8788902759552002
sub-cp024_ses-20210629_level-01B_run-001,sub-cp024,3,10000,43,51,50,0,0,1.0,0.05,2.2982763499610708,0.01,1.0483297864638237,1.0483297864638237,0.8448532819747925,0.8430370688438416,0.8406356573104858,0.8152281045913696
sub-cp024_ses-20210629_level-01B_run-007,sub-cp024,3,10000,43,51,50,0,0,1.0,0.05,2.351169797005298,0.01,1.1200377808278514,1.1200377808278514,0.8405439257621765,0.8329550623893738,0.8294233679771423,0.821803629398346
sub-cp024_ses-20210629_level-01B_run-012,sub-cp024,3,10000,43,51,50,0,0,1.0,0.05,2.2545353105421357,0.01,0.9077284200530338,1.0,0.8969762325286865,0.883008599281311,0.8849505186080933,0.8616381883621216
sub-cp024_ses-20210629_level-02B_run-003,sub-cp024,3,10000,43,51,50,1,1,2.0,0.05,2.2941164067742053,0.01,1.7159983310839806,1.7159983310839806,0.8815841674804688,0.8861456513404846,0.8860650062561035,0.8464154601097107
sub-cp024_ses-20210629_level-02B_run-008,sub-cp024,3,10000,43,51,50,1,3,2.0,0.05,2.5536240618717345,0.01,1.3860555751302837,1.3860555751302837,0.8196860551834106,0.8033512234687805,0.8078461289405823,0.8247549533843994
sub-cp024_ses-20210629_level-02B_run-010,sub-cp024,3,10000,43,51,50,1,2,2.0,0.05,2.3663507598418843,0.01,1.9866955572155636,1.9866955572155636,0.8852747678756714,0.8969378471374512,0.9027201533317566,0.8571450114250183
sub-cp024_ses-20210629_level-03B_run-002,sub-cp024,3,10000,43,51,50,2,3,3.0,0.05,2.784959427684016,0.01,2.656957081088337,2.656957081088337,0.8037832975387573,0.7933085560798645,0.8138421773910522,0.8325173258781433
sub-cp024_ses-20210629_level-03B_run-005,sub-cp024,3,10000,43,51,50,2,2,3.0,0.05,2.4798819630324127,0.01,2.8116344479989976,2.8116344479989976,0.8525128364562988,0.8673444390296936,0.8825839161872864,0.8396968841552734
sub-cp024_ses-20210629_level-03B_run-011,sub-cp024,3,10000,43,51,50,2,3,3.0,0.05,2.710619217197311,0.01,2.6916133021609245,2.6916133021609245,0.8335624933242798,0.822241485118866,0.8387817740440369,0.8544003367424011
sub-cp024_ses-20210629_level-04B_run-004,sub-cp024,3,10000,43,51,50,3,3,4.0,0.05,2.8964379728065373,0.01,3.3932490894058573,3.3932490894058573,0.8330842852592468,0.8181977272033691,0.8354976773262024,0.8730300664901733
sub-cp024_ses-20210629_level-04B_run-006,sub-cp024,3,10000,43,51,50,3,3,4.0,0.05,3.1630053897284633,0.01,3.6003098377985827,3.6003098377985827,0.8319441080093384,0.8291943073272705,0.8511435985565186,0.9035232663154602
sub-cp024_ses-20210629_level-04B_run-009,sub-cp024,3,10000,43,51,50,3,3,4.0,0.05,2.9140634759723483,0.01,2.9093849373601666,2.9093849373601666,0.7751253843307495,0.756646990776062,0.7726278901100159,0.816091775894165
sub-cp025_ses-20210820_level-01B_run-001,sub-cp025,3,10000,43,51,50,0,1,1.0,0.05,2.1524047384613407,0.01,1.040269635786212,1.040269635786212,0.8922184109687805,0.8960467576980591,0.882735013961792,0.8372806906700134
sub-cp025_ses-20210820_level-01B_run-007,sub-cp025,3,10000,43,51,50,0,0,1.0,0.05,1.9740906600691548,0.01,0.6928322195500449,1.0,0.9094747304916382,0.8900636434555054,0.8755866885185242,0.832623302936554
sub-cp025_ses-20210820_level-01B_run-012,sub-cp025,3,10000,43,51,50,0,0,1.0,0.05,2.2349963263565833,0.01,1.102320349672629,1.102320349672629,0.8878738880157471,0.8756049871444702,0.874008059501648,0.8506966829299927
sub-cp025_ses-20210820_level-02B_run-003,sub-cp025,3,10000,43,51,50,1,1,2.0,0.05,2.2152315494347388,0.01,1.9374663225451585,1.9374663225451585,0.8905919194221497,0.9095435738563538,0.9001296162605286,0.8343877196311951
sub-cp025_ses-20210820_level-02B_run-008,sub-cp025,3,10000,43,51,50,1,1,2.0,0.05,2.0596197390324953,0.01,1.9931636487275621,1.9931636487275621,0.9114065170288086,0.9336544275283813,0.9081981182098389,0.8129285573959351
sub-cp025_ses-20210820_level-02B_run-010,sub-cp025,3,10000,43,51,50,1,1,2.0,0.05,2.0338989098690474,0.01,1.5838386194142768,1.5838386194142768,0.9187527298927307,0.926706850528717,0.9057019948959351,0.8294388651847839
sub-cp025_ses-20210820_level-03B_run-002,sub-cp025,3,10000,43,51,50,2,2,3.0,0.05,2.3711978794857322,0.01,3.115904428152735,3.115904428152735,0.9011613130569458,0.9209071397781372,0.9322525858879089,0.8624594807624817
sub-cp025_ses-20210820_level-03B_run-005,sub-cp025,3,10000,43,51,50,2,2,3.0,0.05,2.5313440861403924,0.01,2.955815993011043,2.955815993011043,0.8748377561569214,0.8793028593063354,0.8935911059379578,0.8735175728797913
sub-cp025_ses-20210820_level-03B_run-011,sub-cp025,3,10000,43,51,50,2,2,3.0,0.05,2.307052164803779,0.01,2.808728168207853,2.808728168207853,0.8794686198234558,0.8938584923744202,0.8983674645423889,0.8356858491897583
sub-cp025_ses-20210820_level-04B_run-004,sub-cp025,3,10000,43,51,50,3,3,4.0,0.05,3.1782773995872984,0.01,4.012268061165511,4.0,0.8140960335731506,0.813213050365448,0.8356002569198608,0.888099193572998
sub-cp025_ses-20210820_level-04B_run-006,sub-cp025,3,10000,43,51,50,3,3,4.0,0.05,3.0145753435553084,0.01,4.296778684337783,4.0,0.8751322627067566,0.8723291158676147,0.8932969570159912,0.9307101964950562
sub-cp025_ses-20210820_level-04B_run-009,sub-cp025,3,10000,43,51,50,3,3,4.0,0.05,3.1221207039784993,0.01,4.0613784073320405,4.0,0.860366940498352,0.8596106171607971,0.8830831050872803,0.9283576011657715
sub-cp037_ses-20210113_level-01B_run-001,sub-cp037,3,10000,43,51,50,0,0,1.0,0.05,2.1717922961962666,0.01,1.2478567747442462,1.2478567747442462,0.894509494304657,0.8834672570228577,0.8736518621444702,0.8508715033531189
sub-cp037_ses-20210113_level-01B_run-007,sub-cp037,3,10000,43,51,50,0,0,1.0,0.05,2.0288684851053596,0.01,1.161082499110834,1.161082499110834,0.8927587270736694,0.8862190246582031,0.8712933659553528,0.8156943917274475
sub-cp037_ses-20210113_level-01B_run-012,sub-cp037,3,10000,43,51,50,0,0,1.0,0.05,1.9453167884797513,0.01,1.179761813899337,1.179761813899337,0.9190255999565125,0.913286030292511,0.8902908563613892,0.8233031034469604
sub-cp037_ses-20210113_level-02B_run-003,sub-cp037,3,10000,43,51,50,1,1,2.0,0.05,2.1728467618690557,0.01,1.7845024297467629,1.7845024297467629,0.8808573484420776,0.8940838575363159,0.8831371068954468,0.8191914558410645
sub-cp037_ses-20210113_level-02B_run-008,sub-cp037,3,10000,43,51,50,1,1,2.0,0.05,2.2669313755668368,0.01,1.8768393364097753,1.8768393364097753,0.8959792852401733,0.8966233730316162,0.8921582102775574,0.8608381152153015
sub-cp037_ses-20210113_level-02B_run-010,sub-cp037,3,10000,43,51,50,1,1,2.0,0.05,2.0495395478733784,0.01,1.81091540717211,1.81091540717211,0.9269904494285583,0.9324121475219727,0.9135843515396118,0.8449212312698364
sub-cp037_ses-20210113_level-03B_run-002,sub-cp037,3,10000,43,51,50,2,2,3.0,0.05,2.3279795161436168,0.01,2.7369497798336533,2.7369497798336533,0.8800008893013,0.8931639790534973,0.900971531867981,0.8387378454208374
sub-cp037_ses-20210113_level-03B_run-005,sub-cp037,3,10000,43,51,50,2,2,3.0,0.05,2.263826498642858,0.01,2.8928235467351024,2.8928235467351024,0.878898561000824,0.8991183042526245,0.9000971913337708,0.8199703097343445
sub-cp037_ses-20210113_level-03B_run-011,sub-cp037,3,10000,43,51,50,2,2,3.0,0.05,2.30660035506874,0.01,3.0003280606319755,3.0003280606319755,0.9010343551635742,0.9165488481521606,0.924321711063385,0.8507973551750183
sub-cp037_ses-20210113_level-04B_run-004,sub-cp037,3,10000,43,51,50,3,3,4.0,0.05,3.0433067796613056,0.01,4.160185825868668,4.0,0.8329789042472839,0.8291707634925842,0.8514161705970764,0.8913207054138184
sub-cp037_ses-20210113_level-04B_run-006,sub-cp037,3,10000,43,51,50,3,3,4.0,0.05,3.1096486543872093,0.01,4.050895838944818,4.0,0.8349674344062805,0.8349049091339111,0.8568995594978333,0.9017853736877441
sub-cp037_ses-20210113_level-04B_run-009,sub-cp037,3,10000,43,51,50,3,3,4.0,0.05,3.121173572885283,0.01,4.297220905035087,4.0,0.8589944243431091,0.8561040759086609,0.8782150149345398,0.9260103702545166
sub-cp008_ses-20210503_level-01B_run-001,sub-cp008,3,1000,44,51,50,0,0,1.0,0.05,2.289420964897637,0.1,2.067522007114542,2.067522007114542,0.8849860429763794,0.8783382773399353,0.8736200332641602,0.856966495513916
sub-cp008_ses-20210503_level-01B_run-007,sub-cp008,3,1000,44,51,50,0,1,1.0,0.05,2.0289917612849258,0.1,1.4175123574538342,1.4175123574538342,0.8865266442298889,0.8968144059181213,0.8730529546737671,0.7960894107818604
sub-cp008_ses-20210503_level-01B_run-012,sub-cp008,3,1000,44,51,50,0,1,1.0,0.05,1.9361434989443396,0.1,0.794146335795358,1.0,0.908149242401123,0.9096559882164001,0.8821806907653809,0.8000307083129883
sub-cp008_ses-20210503_level-02B_run-003,sub-cp008,3,1000,44,51,50,1,1,2.0,0.05,2.1045365799558233,0.1,1.5598939961795044,1.5598939961795044,0.9096898436546326,0.929652214050293,0.9079707264900208,0.8312948346138
sub-cp008_ses-20210503_level-02B_run-008,sub-cp008,3,1000,44,51,50,1,1,2.0,0.05,2.1767495145022053,0.1,2.3153481435091914,2.3153481435091914,0.8704718351364136,0.8974958062171936,0.8833149075508118,0.796568751335144
sub-cp008_ses-20210503_level-02B_run-010,sub-cp008,3,1000,44,51,50,1,1,2.0,0.05,1.9972289367415081,0.1,1.4467410696779373,1.4467410696779373,0.8911484479904175,0.9053317904472351,0.8731339573860168,0.7952372431755066
sub-cp008_ses-20210503_level-03B_run-002,sub-cp008,3,1000,44,51,50,2,2,3.0,0.05,2.342816008807471,0.1,2.6035468089899263,2.6035468089899263,0.9022570848464966,0.911385715007782,0.9157212376594543,0.8714001774787903
sub-cp008_ses-20210503_level-03B_run-005,sub-cp008,3,1000,44,51,50,2,1,3.0,0.05,2.2793088574768037,0.1,3.0865332565469545,3.0865332565469545,0.8888510465621948,0.9145829677581787,0.9143709540367126,0.8314545750617981
sub-cp008_ses-20210503_level-03B_run-011,sub-cp008,3,1000,44,51,50,2,1,3.0,0.05,2.223726626685163,0.1,2.3635801031641686,2.3635801031641686,0.8879050612449646,0.9135084748268127,0.9050001502037048,0.8249567747116089
sub-cp008_ses-20210503_level-04B_run-004,sub-cp008,3,1000,44,51,50,3,3,4.0,0.05,3.002945253031096,0.1,3.4458240470292516,3.4458240470292516,0.8482276201248169,0.8455790877342224,0.8689751625061035,0.9026110172271729
sub-cp008_ses-20210503_level-04B_run-006,sub-cp008,3,1000,44,51,50,3,3,4.0,0.05,3.0005665081110036,0.1,3.5438794352348992,3.5438794352348992,0.8512818217277527,0.8533626794815063,0.8763476014137268,0.9069784283638
sub-cp008_ses-20210503_level-04B_run-009,sub-cp008,3,1000,44,51,50,3,3,4.0,0.05,2.9880305712018655,0.1,3.911269049154816,3.911269049154816,0.8530386090278625,0.8379265666007996,0.8611976504325867,0.9021849632263184
sub-cp014_ses-20211112_level-01B_run-001,sub-cp014,3,1000,44,51,50,0,0,1.0,0.05,1.9280921506009783,0.1,1.3899718725836179,1.3899718725836179,0.9129872918128967,0.9069042205810547,0.8774548172950745,0.822293758392334
sub-cp014_ses-20211112_level-01B_run-007,sub-cp014,3,1000,44,51,50,0,0,1.0,0.05,2.0288148484560646,0.1,1.74919002124267,1.74919002124267,0.9153928160667419,0.9041000604629517,0.8857454061508179,0.8482850193977356
sub-cp014_ses-20211112_level-01B_run-012,sub-cp014,3,1000,44,51,50,0,0,1.0,0.05,1.9632130656491293,0.1,1.2507558171718856,1.2507558171718856,0.9042571783065796,0.8872225284576416,0.8656535148620605,0.829643726348877
sub-cp014_ses-20211112_level-02B_run-003,sub-cp014,3,1000,44,51,50,1,1,2.0,0.05,2.0713282034580027,0.1,2.0094515809811777,2.0094515809811777,0.9087709188461304,0.9222093224525452,0.8973846435546875,0.8331589102745056
sub-cp014_ses-20211112_level-02B_run-008,sub-cp014,3,1000,44,51,50,1,1,2.0,0.05,2.141124909372417,0.1,2.3268001658431308,2.3268001658431308,0.9018246531486511,0.9114381074905396,0.9002202153205872,0.8341708779335022
sub-cp014_ses-20211112_level-02B_run-010,sub-cp014,3,1000,44,51,50,1,1,2.0,0.05,2.0566690486755315,0.1,1.538473403653553,1.538473403653553,0.9113385677337646,0.9171512722969055,0.8972496390342712,0.8333719968795776
sub-cp014_ses-20211112_level-03B_run-002,sub-cp014,3,1000,44,51,50,2,1,3.0,0.05,2.2488062509191122,0.1,2.9108488574184133,2.9108488574184133,0.9007975459098816,0.92726731300354,0.9225265383720398,0.8392306566238403
sub-cp014_ses-20211112_level-03B_run-005,sub-cp014,3,1000,44,51,50,2,2,3.0,0.05,2.4131089278785964,0.1,3.119402741324307,3.119402741324307,0.889797031879425,0.9114118814468384,0.9226076006889343,0.8624523878097534
sub-cp014_ses-20211112_level-03B_run-011,sub-cp014,3,1000,44,51,50,2,2,3.0,0.05,2.4114298983809754,0.1,3.4997668473868466,3.4997668473868466,0.8971757888793945,0.9197196364402771,0.931168258190155,0.8685241341590881
sub-cp014_ses-20211112_level-04B_run-004,sub-cp014,3,1000,44,51,50,3,3,4.0,0.05,2.7919156750044483,0.1,3.4981429829423556,3.4981429829423556,0.8929052948951721,0.8871176838874817,0.9041630029678345,0.9237022995948792
sub-cp014_ses-20211112_level-04B_run-006,sub-cp014,3,1000,44,51,50,3,3,4.0,0.05,3.017941796538774,0.1,4.082061283067669,4.0,0.8697690963745117,0.8642649054527283,0.8896341323852539,0.9248740673065186
sub-cp014_ses-20211112_level-04B_run-009,sub-cp014,3,1000,44,51,50,3,3,4.0,0.05,2.7921715873536046,0.1,3.3959596261217633,3.3959596261217633,0.8893916606903076,0.8873797655105591,0.906161367893219,0.9207729697227478
sub-cp019_ses-20210625_level-01B_run-001,sub-cp019,3,1000,44,51,50,0,0,1.0,0.05,2.180243616838829,0.1,1.0087717165300203,1.0087717165300203,0.8884456157684326,0.878285825252533,0.8641682267189026,0.8487643599510193
sub-cp019_ses-20210625_level-01B_run-007,sub-cp019,3,1000,44,51,50,0,0,1.0,0.05,2.0022899969943087,0.1,0.8654380754266202,1.0,0.8841481804847717,0.8778927326202393,0.8546353578567505,0.8097774386405945
sub-cp019_ses-20210625_level-01B_run-012,sub-cp019,3,1000,44,51,50,0,0,1.0,0.05,2.0476165251925855,0.1,1.4074993741410204,1.4074993741410204,0.8958243727684021,0.8889521956443787,0.8714326024055481,0.8281524181365967
sub-cp019_ses-20210625_level-02B_run-003,sub-cp019,3,1000,44,51,50,1,0,2.0,0.05,2.2367024884939584,0.1,0.9065039536811987,1.0,0.8874456286430359,0.8843397498130798,0.8804523944854736,0.8476458787918091
sub-cp019_ses-20210625_level-02B_run-008,sub-cp019,3,1000,44,51,50,1,1,2.0,0.05,2.155985924702092,0.1,2.074967073403974,2.074967073403974,0.8907430171966553,0.9168892502784729,0.898707926273346,0.8178730607032776
sub-cp019_ses-20210625_level-02B_run-010,sub-cp019,3,1000,44,51,50,1,1,2.0,0.05,2.059308474331308,0.1,1.4638784447522737,1.4638784447522737,0.8928242325782776,0.9035496711730957,0.8802093267440796,0.8140915632247925
sub-cp019_ses-20210625_level-03B_run-002,sub-cp019,3,1000,44,51,50,2,3,3.0,0.05,2.8012226235518227,0.1,3.284292410242087,3.284292410242087,0.836605429649353,0.8435349464416504,0.8611976504325867,0.8712404370307922
sub-cp019_ses-20210625_level-03B_run-005,sub-cp019,3,1000,44,51,50,2,2,3.0,0.05,2.372077773545597,0.1,2.9536565265757395,2.9536565265757395,0.8730124831199646,0.8958185315132141,0.9050271511077881,0.8354491591453552
sub-cp019_ses-20210625_level-03B_run-011,sub-cp019,3,1000,44,51,50,2,2,3.0,0.05,2.3441154809333513,0.1,3.3052982630765877,3.3052982630765877,0.8770126700401306,0.9045717716217041,0.9089699387550354,0.8338513374328613
sub-cp019_ses-20210625_level-04B_run-004,sub-cp019,3,1000,44,51,50,3,3,4.0,0.05,3.012838739169081,0.1,3.551159382153015,3.551159382153015,0.8305240869522095,0.8305622935295105,0.8490182757377625,0.8868458271026611
sub-cp019_ses-20210625_level-04B_run-006,sub-cp019,3,1000,44,51,50,3,3,4.0,0.05,3.220974394439441,0.1,3.67371295359717,3.67371295359717,0.8039012551307678,0.8074212670326233,0.8345164060592651,0.8849284648895264
sub-cp019_ses-20210625_level-04B_run-009,sub-cp019,3,1000,44,51,50,3,3,4.0,0.05,3.102625330844999,0.1,3.780151167874349,3.780151167874349,0.8496060371398926,0.8471253514289856,0.8664096593856812,0.9146479964256287
sub-cp023_ses-20210628_level-01B_run-001,sub-cp023,3,1000,44,51,50,0,0,1.0,0.05,2.001272430415449,0.1,1.0319745939750364,1.0319745939750364,0.8748233914375305,0.8717864155769348,0.8495853543281555,0.7943317890167236
sub-cp023_ses-20210628_level-01B_run-007,sub-cp023,3,1000,44,51,50,0,0,1.0,0.05,2.166788411373378,0.1,1.4859179970301453,1.4859179970301453,0.8960135579109192,0.8781285881996155,0.86902916431427,0.8544099926948547
sub-cp023_ses-20210628_level-01B_run-012,sub-cp023,3,1000,44,51,50,0,0,1.0,0.05,2.242408884777857,0.1,2.0577642261259528,2.0577642261259528,0.8833373188972473,0.8619062900543213,0.8609005808830261,0.8507882356643677
sub-cp023_ses-20210628_level-02B_run-003,sub-cp023,3,1000,44,51,50,1,1,2.0,0.05,2.294150813919054,0.1,2.0412087698221404,2.0412087698221404,0.9075275659561157,0.9081097841262817,0.9015434980392456,0.8790697455406189
sub-cp023_ses-20210628_level-02B_run-008,sub-cp023,3,1000,44,51,50,1,1,2.0,0.05,2.2126014706244486,0.1,1.3647897770157253,1.3647897770157253,0.8771478533744812,0.8805396556854248,0.872215747833252,0.8321470022201538
sub-cp023_ses-20210628_level-02B_run-010,sub-cp023,3,1000,44,51,50,1,1,2.0,0.05,2.3043642482400393,0.1,2.3595919685518005,2.3595919685518005,0.8642283082008362,0.8865673542022705,0.8854483366012573,0.8211752772331238
sub-cp023_ses-20210628_level-03B_run-002,sub-cp023,3,1000,44,51,50,2,2,3.0,0.05,2.4409510236075875,0.1,3.0236917682712927,3.0236917682712927,0.9040679931640625,0.9202699661254883,0.929088830947876,0.8879110813140869
sub-cp023_ses-20210628_level-03B_run-005,sub-cp023,3,1000,44,51,50,2,2,3.0,0.05,2.5277011504885873,0.1,2.9302112613006748,2.9302112613006748,0.8829048275947571,0.8814045190811157,0.8981678485870361,0.8803480267524719
sub-cp023_ses-20210628_level-03B_run-011,sub-cp023,3,1000,44,51,50,2,0,3.0,0.05,2.180808039078856,0.1,1.901005439768363,1.901005439768363,0.8854455351829529,0.8700305223464966,0.8579840064048767,0.8468469381332397
sub-cp023_ses-20210628_level-04B_run-004,sub-cp023,3,1000,44,51,50,3,3,4.0,0.05,3.342567950799939,0.1,4.369025680792807,4.0,0.8372811675071716,0.8370617628097534,0.8683000206947327,0.9313718676567078
sub-cp023_ses-20210628_level-04B_run-006,sub-cp023,3,1000,44,51,50,3,3,4.0,0.05,3.143825576891781,0.1,3.851595077128985,3.851595077128985,0.8157126307487488,0.8052460551261902,0.8304926753044128,0.8826382160186768
sub-cp023_ses-20210628_level-04B_run-009,sub-cp023,3,1000,44,51,50,3,3,4.0,0.05,3.114657405942872,0.1,3.2915706634622133,3.2915706634622133,0.8170099854469299,0.8169345259666443,0.842428982257843,0.8845556378364563
sub-cp024_ses-20210629_level-01B_run-001,sub-cp024,3,1000,44,51,50,0,0,1.0,0.05,2.2949848291025234,0.1,1.1933378165888555,1.1933378165888555,0.8532548546791077,0.8503488302230835,0.8509896397590637,0.8212817907333374
sub-cp024_ses-20210629_level-01B_run-007,sub-cp024,3,1000,44,51,50,0,0,1.0,0.05,2.240974156623167,0.1,1.4403568122266752,1.4403568122266752,0.8585253953933716,0.8515805602073669,0.8388102650642395,0.8271404504776001
sub-cp024_ses-20210629_level-01B_run-012,sub-cp024,3,1000,44,51,50,0,0,1.0,0.05,2.281211016845605,0.1,1.315113281839175,1.315113281839175,0.8957703113555908,0.8774734139442444,0.8829368352890015,0.864529550075531
sub-cp024_ses-20210629_level-02B_run-003,sub-cp024,3,1000,44,51,50,1,2,2.0,0.05,2.3174106419135354,0.1,1.7648797395482,1.7648797395482,0.8826345801353455,0.8792555332183838,0.8852593302726746,0.8510545492172241
sub-cp024_ses-20210629_level-02B_run-008,sub-cp024,3,1000,44,51,50,1,3,2.0,0.05,2.6037787079495667,0.1,1.6428841529021365,1.6428841529021365,0.8202263116836548,0.8051149845123291,0.8175030946731567,0.8293241858482361
sub-cp024_ses-20210629_level-02B_run-010,sub-cp024,3,1000,44,51,50,1,2,2.0,0.05,2.4047882080181338,0.1,2.497422238136553,2.497422238136553,0.8878239989280701,0.8984392881393433,0.9090239405632019,0.8642632365226746
sub-cp024_ses-20210629_level-03B_run-002,sub-cp024,3,1000,44,51,50,2,3,3.0,0.05,2.793392636262833,0.1,2.9281791951117144,2.9281791951117144,0.8036850690841675,0.7911202907562256,0.8115619421005249,0.8329991698265076
sub-cp024_ses-20210629_level-03B_run-005,sub-cp024,3,1000,44,51,50,2,2,3.0,0.05,2.4542763430202608,0.1,3.0408746440626935,3.0408746440626935,0.8451463580131531,0.8576344847679138,0.8684350252151489,0.8311350345611572
sub-cp024_ses-20210629_level-03B_run-011,sub-cp024,3,1000,44,51,50,2,3,3.0,0.05,2.60598168857863,0.1,2.4686468741372702,2.4686468741372702,0.845524787902832,0.8352010250091553,0.8460206985473633,0.8554751873016357
sub-cp024_ses-20210629_level-04B_run-004,sub-cp024,3,1000,44,51,50,3,3,4.0,0.05,2.840832680867133,0.1,3.3019707015769084,3.3019707015769084,0.8375784754753113,0.8229359984397888,0.8405116200447083,0.8718262910842896
sub-cp024_ses-20210629_level-04B_run-006,sub-cp024,3,1000,44,51,50,3,3,4.0,0.05,3.17011935555455,0.1,4.172447016076445,4.0,0.8251184225082397,0.8221235871315002,0.8457776308059692,0.8974980115890503
sub-cp024_ses-20210629_level-04B_run-009,sub-cp024,3,1000,44,51,50,3,3,4.0,0.05,2.791169877030719,0.1,2.712677577749845,2.712677577749845,0.7846841812133789,0.7599073648452759,0.7715131640434265,0.8126002550125122
sub-cp025_ses-20210820_level-01B_run-001,sub-cp025,3,1000,44,51,50,0,0,1.0,0.05,2.1172001746176052,0.1,1.3300793594957465,1.3300793594957465,0.9068788886070251,0.9014531373977661,0.8872306942939758,0.8518534898757935
sub-cp025_ses-20210820_level-01B_run-007,sub-cp025,3,1000,44,51,50,0,0,1.0,0.05,1.9574708177824443,0.1,0.48279627172890116,1.0,0.9215822815895081,0.9059607982635498,0.8863124847412109,0.8414676189422607
sub-cp025_ses-20210820_level-01B_run-012,sub-cp025,3,1000,44,51,50,0,0,1.0,0.05,2.2296761558811413,0.1,1.2782099737171575,1.2782099737171575,0.8954189419746399,0.8800155520439148,0.8786970376968384,0.8585643172264099
sub-cp025_ses-20210820_level-02B_run-003,sub-cp025,3,1000,44,51,50,1,1,2.0,0.05,2.272844298811764,0.1,2.117502853509681,2.117502853509681,0.8957973122596741,0.9147664308547974,0.9086188673973083,0.85286545753479
sub-cp025_ses-20210820_level-02B_run-008,sub-cp025,3,1000,44,51,50,1,1,2.0,0.05,2.0241610691198217,0.1,1.8332027079373348,1.8332027079373348,0.9096898436546326,0.9308577179908752,0.8983568549156189,0.8125470280647278
sub-cp025_ses-20210820_level-02B_run-010,sub-cp025,3,1000,44,51,50,1,1,2.0,0.05,2.026604547616375,0.1,1.4201727660439738,1.4201727660439738,0.9251229763031006,0.9330329298973083,0.9092940092086792,0.8384317755699158
sub-cp025_ses-20210820_level-03B_run-002,sub-cp025,3,1000,44,51,50,2,2,3.0,0.05,2.3396789107957714,0.1,2.6460725179996225,2.6460725179996225,0.8998515605926514,0.9104160070419312,0.918556809425354,0.8633045554161072
sub-cp025_ses-20210820_level-03B_run-005,sub-cp025,3,1000,44,51,50,2,2,3.0,0.05,2.511663227063994,0.1,2.9405690463787133,2.9405690463787133,0.8635796308517456,0.8721008896827698,0.8827478289604187,0.8605882525444031
sub-cp025_ses-20210820_level-03B_run-011,sub-cp025,3,1000,44,51,50,2,2,3.0,0.05,2.343742946133029,0.1,2.860085334091961,2.860085334091961,0.8920944333076477,0.901322066783905,0.9066474437713623,0.8604284524917603
sub-cp025_ses-20210820_level-04B_run-004,sub-cp025,3,1000,44,51,50,3,3,4.0,0.05,3.193356726794598,0.1,4.283555758241853,4.0,0.7861707210540771,0.7923258543014526,0.8131282925605774,0.8646360635757446
sub-cp025_ses-20210820_level-04B_run-006,sub-cp025,3,1000,44,51,50,3,3,4.0,0.05,2.9258671247659054,0.1,4.285353017231223,4.0,0.8708502650260925,0.8722319602966309,0.8895261287689209,0.9182164669036865
sub-cp025_ses-20210820_level-04B_run-009,sub-cp025,3,1000,44,51,50,3,3,4.0,0.05,3.0687688990535493,0.1,4.1437050681033645,4.0,0.8592281341552734,0.8605434894561768,0.8805603981018066,0.9220512509346008
sub-cp037_ses-20210113_level-01B_run-001,sub-cp037,3,1000,44,51,50,0,0,1.0,0.05,2.1310344387038747,0.1,1.4407769233327898,1.4407769233327898,0.8909052014350891,0.8801989555358887,0.8632230162620544,0.8443969488143921
sub-cp037_ses-20210113_level-01B_run-007,sub-cp037,3,1000,44,51,50,0,0,1.0,0.05,1.9814335001161858,0.1,0.7823316134427096,1.0,0.8901214003562927,0.8837369680404663,0.8600093722343445,0.8100969791412354
sub-cp037_ses-20210113_level-01B_run-012,sub-cp037,3,1000,44,51,50,0,0,1.0,0.05,1.9992397935315303,0.1,1.1744635658450446,1.1744635658450446,0.9206092357635498,0.9147140383720398,0.8923617005348206,0.8437045812606812
sub-cp037_ses-20210113_level-02B_run-003,sub-cp037,3,1000,44,51,50,1,1,2.0,0.05,2.201778745507287,0.1,2.0149871837119946,2.0149871837119946,0.8833643198013306,0.8984654545783997,0.8848001956939697,0.8327328562736511
sub-cp037_ses-20210113_level-02B_run-008,sub-cp037,3,1000,44,51,50,1,1,2.0,0.05,2.252087446704615,0.1,1.9122860528792929,1.9122860528792929,0.8953918814659119,0.8976530432701111,0.8884459137916565,0.860215425491333
sub-cp037_ses-20210113_level-02B_run-010,sub-cp037,3,1000,44,51,50,1,1,2.0,0.05,2.072956143921455,0.1,1.6890552482893835,1.6890552482893835,0.9254473447799683,0.9327184557914734,0.9126966595649719,0.8514806628227234
sub-cp037_ses-20210113_level-03B_run-002,sub-cp037,3,1000,44,51,50,2,2,3.0,0.05,2.39092094763909,0.1,2.757066457987465,2.757066457987465,0.8771207928657532,0.8857549428939819,0.8988699316978455,0.8488708734512329
sub-cp037_ses-20210113_level-03B_run-005,sub-cp037,3,1000,44,51,50,2,2,3.0,0.05,2.3447369415875436,0.1,3.3657300199022098,3.3657300199022098,0.8679852485656738,0.8967095613479614,0.9010843634605408,0.8239980936050415
sub-cp037_ses-20210113_level-03B_run-011,sub-cp037,3,1000,44,51,50,2,2,3.0,0.05,2.3378282079751753,0.1,2.877240169019452,2.877240169019452,0.8896619081497192,0.9033662676811218,0.9121565222740173,0.8494567275047302
sub-cp037_ses-20210113_level-04B_run-004,sub-cp037,3,1000,44,51,50,3,3,4.0,0.05,3.039182132778409,0.1,3.8683857406801545,3.8683857406801545,0.8138747215270996,0.813213050365448,0.8377840518951416,0.8728914856910706
sub-cp037_ses-20210113_level-04B_run-006,sub-cp037,3,1000,44,51,50,3,3,4.0,0.05,3.0888000162525504,0.1,3.4372561411071008,3.4372561411071008,0.8209831118583679,0.8165938258171082,0.8382431268692017,0.8839697241783142
sub-cp037_ses-20210113_level-04B_run-009,sub-cp037,3,1000,44,51,50,3,3,4.0,0.05,3.146150557187233,0.1,4.12128813397146,4.0,0.8440923094749451,0.8410976529121399,0.8685700297355652,0.9141153693199158
sub-cp008_ses-20210503_level-01B_run-001,sub-cp008,3,2000,44,51,50,0,0,1.0,0.05,2.3072932993756265,0.01,1.903959127022789,1.903959127022789,0.8889922499656677,0.8797905445098877,0.8755312561988831,0.8643341064453125
sub-cp008_ses-20210503_level-01B_run-007,sub-cp008,3,2000,44,51,50,0,1,1.0,0.05,2.0100296533925945,0.01,1.2474087622698122,1.2474087622698122,0.8750121593475342,0.8848282694816589,0.8597058057785034,0.7792827486991882
sub-cp008_ses-20210503_level-01B_run-012,sub-cp008,3,2000,44,51,50,0,1,1.0,0.05,1.9557528507139732,0.01,0.8088229887520275,1.0,0.9075692892074585,0.9102267622947693,0.8842812180519104,0.8032300472259521
sub-cp008_ses-20210503_level-02B_run-003,sub-cp008,3,2000,44,51,50,1,1,2.0,0.05,2.146310964238026,0.01,1.923200095264549,1.923200095264549,0.8968611359596252,0.9251562356948853,0.9050217270851135,0.8200542330741882
sub-cp008_ses-20210503_level-02B_run-008,sub-cp008,3,2000,44,51,50,1,1,2.0,0.05,2.128700041932076,0.01,2.2345259733749714,2.2345259733749714,0.8649124503135681,0.8889345526695251,0.8713318705558777,0.7805319428443909
sub-cp008_ses-20210503_level-02B_run-010,sub-cp008,3,2000,44,51,50,1,1,2.0,0.05,2.0204797129687737,0.01,1.639878597458977,1.639878597458977,0.8900874257087708,0.9067764282226562,0.8775972127914429,0.7933694124221802
sub-cp008_ses-20210503_level-03B_run-002,sub-cp008,3,2000,44,51,50,2,2,3.0,0.05,2.3624282942387804,0.01,2.3923678949813225,2.3923678949813225,0.8974154591560364,0.9128112196922302,0.9178360104560852,0.8672842979431152
sub-cp008_ses-20210503_level-03B_run-005,sub-cp008,3,2000,44,51,50,2,2,3.0,0.05,2.2861931457130327,0.01,3.0137221365845672,3.0137221365845672,0.8886407613754272,0.9180457592010498,0.918281614780426,0.8280543684959412
sub-cp008_ses-20210503_level-03B_run-011,sub-cp008,3,2000,44,51,50,2,1,3.0,0.05,2.2424496888132,0.01,2.3516485339651934,2.3516485339651934,0.8786221146583557,0.907143771648407,0.9010653495788574,0.8142069578170776
sub-cp008_ses-20210503_level-04B_run-004,sub-cp008,3,2000,44,51,50,3,3,4.0,0.05,3.061500311694285,0.01,3.7246054914779556,3.7246054914779556,0.8444831371307373,0.841010570526123,0.8669974207878113,0.9049992561340332
sub-cp008_ses-20210503_level-04B_run-006,sub-cp008,3,2000,44,51,50,3,3,4.0,0.05,3.0723517945081227,0.01,3.6005401164590736,3.6005401164590736,0.8494856953620911,0.8466517925262451,0.8702921271324158,0.9113249778747559
sub-cp008_ses-20210503_level-04B_run-009,sub-cp008,3,2000,44,51,50,3,3,4.0,0.05,3.102250199932095,0.01,4.211662005414245,4.0,0.8549209237098694,0.8403283953666687,0.86372971534729,0.9160293340682983
sub-cp014_ses-20211112_level-01B_run-001,sub-cp014,3,2000,44,51,50,0,0,1.0,0.05,1.9408081998508246,0.01,1.3493659337236907,1.3493659337236907,0.9148973226547241,0.9113025069236755,0.8846052885055542,0.8198682069778442
sub-cp014_ses-20211112_level-01B_run-007,sub-cp014,3,2000,44,51,50,0,0,1.0,0.05,1.940494696619758,0.01,1.3548418481056643,1.3548418481056643,0.9220631122589111,0.9086262583732605,0.8861445784568787,0.8373568654060364
sub-cp014_ses-20211112_level-01B_run-012,sub-cp014,3,2000,44,51,50,0,0,1.0,0.05,1.954566033401291,0.01,1.244556801693257,1.244556801693257,0.9115848541259766,0.8935261964797974,0.8737083673477173,0.8339282274246216
sub-cp014_ses-20211112_level-02B_run-003,sub-cp014,3,2000,44,51,50,1,1,2.0,0.05,2.023325407255103,0.01,2.431239575941656,2.431239575941656,0.9113414287567139,0.9222044944763184,0.8954481482505798,0.8235626220703125
sub-cp014_ses-20211112_level-02B_run-008,sub-cp014,3,2000,44,51,50,1,1,2.0,0.05,2.093768208915778,0.01,2.2677824837482037,2.2677824837482037,0.903715968132019,0.913414716720581,0.8979597091674805,0.8256357312202454
sub-cp014_ses-20211112_level-02B_run-010,sub-cp014,3,2000,44,51,50,1,1,2.0,0.05,2.0193639712906575,0.01,1.8794378200124853,1.8794378200124853,0.9166820049285889,0.9192526936531067,0.8985673189163208,0.8310312032699585
sub-cp014_ses-20211112_level-03B_run-002,sub-cp014,3,2000,44,51,50,2,1,3.0,0.05,2.2187449921651075,0.01,2.818277606122555,2.818277606122555,0.8953468203544617,0.9244478344917297,0.916553258895874,0.8226589560508728
sub-cp014_ses-20211112_level-03B_run-005,sub-cp014,3,2000,44,51,50,2,2,3.0,0.05,2.398641277685985,0.01,3.238156908986828,3.238156908986828,0.8864234089851379,0.9119585156440735,0.923142671585083,0.8523206114768982
sub-cp014_ses-20211112_level-03B_run-011,sub-cp014,3,2000,44,51,50,2,2,3.0,0.05,2.378671539983072,0.01,3.371560317530569,3.371560317530569,0.8991731405258179,0.9195544123649597,0.9305018186569214,0.8629254102706909
sub-cp014_ses-20211112_level-04B_run-004,sub-cp014,3,2000,44,51,50,3,3,4.0,0.05,2.7410434947617146,0.01,3.598545846453411,3.598545846453411,0.890425443649292,0.8891575336456299,0.9072632193565369,0.9160293340682983
sub-cp014_ses-20211112_level-04B_run-006,sub-cp014,3,2000,44,51,50,3,3,4.0,0.05,2.8778623574653226,0.01,3.786878085781682,3.786878085781682,0.881096363067627,0.8795019388198853,0.9014299511909485,0.9220361113548279
sub-cp014_ses-20211112_level-04B_run-009,sub-cp014,3,2000,44,51,50,3,3,4.0,0.05,2.796586779626709,0.01,3.375491011754334,3.375491011754334,0.8855580687522888,0.8835688233375549,0.9011868834495544,0.9175974726676941
sub-cp019_ses-20210625_level-01B_run-001,sub-cp019,3,2000,44,51,50,0,0,1.0,0.05,2.2597970623341284,0.01,1.3452488910512668,1.3452488910512668,0.8826106190681458,0.8695839047431946,0.8583285212516785,0.8551379442214966
sub-cp019_ses-20210625_level-01B_run-007,sub-cp019,3,2000,44,51,50,0,0,1.0,0.05,2.0533642056684753,0.01,0.5740136725971521,1.0,0.8826917409896851,0.8774029016494751,0.8586795926094055,0.8162801265716553
sub-cp019_ses-20210625_level-01B_run-012,sub-cp019,3,2000,44,51,50,0,0,1.0,0.05,2.039739684906844,0.01,1.4499799079819509,1.4499799079819509,0.8928320407867432,0.8901021480560303,0.8711023330688477,0.8198682069778442
sub-cp019_ses-20210625_level-02B_run-003,sub-cp019,3,2000,44,51,50,1,0,2.0,0.05,2.2769648263750892,0.01,0.9503234852718923,1.0,0.8668864369392395,0.8630637526512146,0.8623659014701843,0.8328917026519775
sub-cp019_ses-20210625_level-02B_run-008,sub-cp019,3,2000,44,51,50,1,1,2.0,0.05,2.148521616996439,0.01,2.347855535997375,2.347855535997375,0.8837193250656128,0.908521294593811,0.8926260471343994,0.8038679361343384
sub-cp019_ses-20210625_level-02B_run-010,sub-cp019,3,2000,44,51,50,1,1,2.0,0.05,2.0866321801447323,0.01,1.7559176352752057,1.7559176352752057,0.8884785175323486,0.9022504091262817,0.8841731548309326,0.8053297400474548
sub-cp019_ses-20210625_level-03B_run-002,sub-cp019,3,2000,44,51,50,2,3,3.0,0.05,2.8397321532939435,0.01,2.785802242925369,2.785802242925369,0.8272852301597595,0.8284162878990173,0.8484984040260315,0.8647328019142151
sub-cp019_ses-20210625_level-03B_run-005,sub-cp019,3,2000,44,51,50,2,2,3.0,0.05,2.369401973931498,0.01,2.7930456726870605,2.7930456726870605,0.8713887333869934,0.8970289826393127,0.9060749411582947,0.8308185935020447
sub-cp019_ses-20210625_level-03B_run-011,sub-cp019,3,2000,44,51,50,2,2,3.0,0.05,2.3252827609408944,0.01,3.075787923557421,3.075787923557421,0.8759045600891113,0.90080726146698,0.9072092175483704,0.8244662880897522
sub-cp019_ses-20210625_level-04B_run-004,sub-cp019,3,2000,44,51,50,3,3,4.0,0.05,3.068086277309108,0.01,4.109567770191111,4.0,0.8292592167854309,0.8294133543968201,0.8508478999137878,0.8916302919387817
sub-cp019_ses-20210625_level-04B_run-006,sub-cp019,3,2000,44,51,50,3,3,4.0,0.05,3.238504591703118,0.01,3.916144959613365,3.916144959613365,0.7934572100639343,0.7948052883148193,0.8248952031135559,0.8758692145347595
sub-cp019_ses-20210625_level-04B_run-009,sub-cp019,3,2000,44,51,50,3,3,4.0,0.05,3.13801084680599,0.01,4.099506666778977,4.0,0.8362898230552673,0.8332440853118896,0.8551688194274902,0.9050524234771729
sub-cp023_ses-20210628_level-01B_run-001,sub-cp023,3,2000,44,51,50,0,0,1.0,0.05,2.028270597682432,0.01,1.304847611790641,1.304847611790641,0.863303542137146,0.8588000535964966,0.8403695821762085,0.7882928848266602
sub-cp023_ses-20210628_level-01B_run-007,sub-cp023,3,2000,44,51,50,0,0,1.0,0.05,2.155323335662188,0.01,1.6548154264829487,1.6548154264829487,0.8989567756652832,0.8804858326911926,0.8710348010063171,0.8558821082115173
sub-cp023_ses-20210628_level-01B_run-012,sub-cp023,3,2000,44,51,50,0,0,1.0,0.05,2.2542311134886925,0.01,1.8918822558673212,1.8918822558673212,0.8838815689086914,0.8625783324241638,0.8605970144271851,0.8535698056221008
sub-cp023_ses-20210628_level-02B_run-003,sub-cp023,3,2000,44,51,50,1,1,2.0,0.05,2.3310231591110786,0.01,2.2968154441078834,2.2968154441078834,0.9070149064064026,0.9099250435829163,0.904603123664856,0.8835769891738892
sub-cp023_ses-20210628_level-02B_run-008,sub-cp023,3,2000,44,51,50,1,1,2.0,0.05,2.1357673458276345,0.01,1.4280626129068894,1.4280626129068894,0.8849766850471497,0.8885934352874756,0.87519371509552,0.8258218169212341
sub-cp023_ses-20210628_level-02B_run-010,sub-cp023,3,2000,44,51,50,1,1,2.0,0.05,2.2737189295198155,0.01,2.6992268035947014,2.6992268035947014,0.8696175813674927,0.8919781446456909,0.888399600982666,0.8203465938568115
sub-cp023_ses-20210628_level-03B_run-002,sub-cp023,3,2000,44,51,50,2,2,3.0,0.05,2.4464877436912635,0.01,2.7444441052139465,2.7444441052139465,0.8976317644119263,0.9158810973167419,0.9263699054718018,0.8806533217430115
sub-cp023_ses-20210628_level-03B_run-005,sub-cp023,3,2000,44,51,50,2,2,3.0,0.05,2.5526633767162292,0.01,3.2927388884149513,3.2927388884149513,0.8871264457702637,0.8825980424880981,0.9002686738967896,0.8880953192710876
sub-cp023_ses-20210628_level-03B_run-011,sub-cp023,3,2000,44,51,50,2,0,3.0,0.05,2.113988372313674,0.01,1.3091113394790903,1.3091113394790903,0.8899927735328674,0.8700037002563477,0.8588146567344666,0.8415297269821167
sub-cp023_ses-20210628_level-04B_run-004,sub-cp023,3,2000,44,51,50,3,3,4.0,0.05,3.2842998706649436,0.01,4.217999751263491,4.0,0.8373579382896423,0.8312631249427795,0.8615286946296692,0.9219031929969788
sub-cp023_ses-20210628_level-04B_run-006,sub-cp023,3,2000,44,51,50,3,3,4.0,0.05,3.161834693673435,0.01,3.5170280796723006,3.5170280796723006,0.8166446685791016,0.8041591644287109,0.8310390710830688,0.8849058747291565
sub-cp023_ses-20210628_level-04B_run-009,sub-cp023,3,2000,44,51,50,3,3,4.0,0.05,3.195652216113165,0.01,3.6232364859452084,3.6232364859452084,0.8068018555641174,0.8033982515335083,0.8290406465530396,0.8819822669029236
sub-cp024_ses-20210629_level-01B_run-001,sub-cp024,3,2000,44,51,50,0,0,1.0,0.05,2.381739738563265,0.01,1.2568693851846944,1.2568693851846944,0.8423739671707153,0.8372848033905029,0.8398295044898987,0.8248118162155151
sub-cp024_ses-20210629_level-01B_run-007,sub-cp024,3,2000,44,51,50,0,0,1.0,0.05,2.392006992404503,0.01,0.9425518451476529,1.0,0.8426849246025085,0.8338869214057922,0.830363929271698,0.8299148678779602
sub-cp024_ses-20210629_level-01B_run-012,sub-cp024,3,2000,44,51,50,0,0,1.0,0.05,2.2620426071575936,0.01,1.1115472493156597,1.1115472493156597,0.8993488550186157,0.8785573244094849,0.8830119371414185,0.8665933012962341
sub-cp024_ses-20210629_level-02B_run-003,sub-cp024,3,2000,44,51,50,1,0,2.0,0.05,2.307388224678821,0.01,1.7575106244584178,1.7575106244584178,0.8720917701721191,0.8684031963348389,0.8718584775924683,0.8407057523727417
sub-cp024_ses-20210629_level-02B_run-008,sub-cp024,3,2000,44,51,50,1,3,2.0,0.05,2.5907982031937413,0.01,1.141839860953089,1.141839860953089,0.8213903307914734,0.8031752109527588,0.8147410154342651,0.8290643692016602
sub-cp024_ses-20210629_level-02B_run-010,sub-cp024,3,2000,44,51,50,1,2,2.0,0.05,2.4335575058275323,0.01,2.2176304089600722,2.2176304089600722,0.8793792724609375,0.8872815370559692,0.8987428545951843,0.8620217442512512
sub-cp024_ses-20210629_level-03B_run-002,sub-cp024,3,2000,44,51,50,2,3,3.0,0.05,2.776592925915206,0.01,3.0262152655064503,3.0262152655064503,0.8074508309364319,0.794792115688324,0.8158077597618103,0.834831953048706
sub-cp024_ses-20210629_level-03B_run-005,sub-cp024,3,2000,44,51,50,2,2,3.0,0.05,2.4513510270956966,0.01,3.5053216632689717,3.5053216632689717,0.8404946327209473,0.8510991334915161,0.8643913269042969,0.824492871761322
sub-cp024_ses-20210629_level-03B_run-011,sub-cp024,3,2000,44,51,50,2,3,3.0,0.05,2.5835247496723186,0.01,2.32975823959415,2.32975823959415,0.8375742435455322,0.8244411945343018,0.8371424078941345,0.8442673087120056
sub-cp024_ses-20210629_level-04B_run-004,sub-cp024,3,2000,44,51,50,3,3,4.0,0.05,2.845637968579747,0.01,3.835725782633931,3.835725782633931,0.8398591876029968,0.8239296078681946,0.840666651725769,0.8744073510169983
sub-cp024_ses-20210629_level-04B_run-006,sub-cp024,3,2000,44,51,50,3,3,4.0,0.05,3.1931092354310424,0.01,3.9565129911886014,3.9565129911886014,0.8301380276679993,0.8226832747459412,0.84554123878479,0.9032716751098633
sub-cp024_ses-20210629_level-04B_run-009,sub-cp024,3,2000,44,51,50,3,3,4.0,0.05,2.8318825053747663,0.01,2.320381813920043,2.320381813920043,0.7783820033073425,0.7555398941040039,0.771274983882904,0.8103265166282654
sub-cp025_ses-20210820_level-01B_run-001,sub-cp025,3,2000,44,51,50,0,0,1.0,0.05,2.11791827942708,0.01,1.3805878159260003,1.3805878159260003,0.8886542320251465,0.8860746026039124,0.8726011514663696,0.8306590914726257
sub-cp025_ses-20210820_level-01B_run-007,sub-cp025,3,2000,44,51,50,0,0,1.0,0.05,1.9890319491386657,0.01,0.726609672663123,1.0,0.9135317802429199,0.8983015418052673,0.8819451928138733,0.837941586971283
sub-cp025_ses-20210820_level-01B_run-012,sub-cp025,3,2000,44,51,50,0,0,1.0,0.05,2.227625537322871,0.01,1.416254825056814,1.416254825056814,0.890114426612854,0.8739263415336609,0.8712238669395447,0.8541279435157776
sub-cp025_ses-20210820_level-02B_run-003,sub-cp025,3,2000,44,51,50,1,1,2.0,0.05,2.2251499152792826,0.01,1.8486578478249323,1.8486578478249323,0.893305242061615,0.9117092490196228,0.9032798409461975,0.8394566178321838
sub-cp025_ses-20210820_level-02B_run-008,sub-cp025,3,2000,44,51,50,1,1,2.0,0.05,2.0105225706836722,0.01,2.1584531262542095,2.1584531262542095,0.9097460508346558,0.926481306552887,0.8971765041351318,0.807163655757904
sub-cp025_ses-20210820_level-02B_run-010,sub-cp025,3,2000,44,51,50,1,1,2.0,0.05,2.0561718880030946,0.01,2.0023411325878095,2.0023411325878095,0.9139373898506165,0.9268223643302917,0.9056023359298706,0.8252636790275574
sub-cp025_ses-20210820_level-03B_run-002,sub-cp025,3,2000,44,51,50,2,2,3.0,0.05,2.33084716779663,0.01,3.0044929499341477,3.0044929499341477,0.8961310386657715,0.9162090420722961,0.919550895690918,0.8565465807914734
sub-cp025_ses-20210820_level-03B_run-005,sub-cp025,3,2000,44,51,50,2,2,3.0,0.05,2.549076372636627,0.01,2.9781799294486757,2.9781799294486757,0.8656290173530579,0.8705809712409973,0.8848212957382202,0.8670716881752014
sub-cp025_ses-20210820_level-03B_run-011,sub-cp025,3,2000,44,51,50,2,2,3.0,0.05,2.2838521363417112,0.01,2.7992157591774998,2.7992157591774998,0.8775539994239807,0.8925947546958923,0.8960827589035034,0.8274430632591248
sub-cp025_ses-20210820_level-04B_run-004,sub-cp025,3,2000,44,51,50,3,3,4.0,0.05,3.155521165946175,0.01,4.064833539378872,4.0,0.7913886308670044,0.7942411303520203,0.8165639042854309,0.8643872737884521
sub-cp025_ses-20210820_level-04B_run-006,sub-cp025,3,2000,44,51,50,3,3,4.0,0.05,2.964438296906955,0.01,4.520032619794578,4.0,0.8695905208587646,0.8687312006950378,0.8888046741485596,0.9203882217407227
sub-cp025_ses-20210820_level-04B_run-009,sub-cp025,3,2000,44,51,50,3,3,4.0,0.05,3.068563971348606,0.01,4.5885161232244975,4.0,0.8600316047668457,0.858039140701294,0.8812565207481384,0.9217437505722046
sub-cp037_ses-20210113_level-01B_run-001,sub-cp037,3,2000,44,51,50,0,0,1.0,0.05,2.171117208689723,0.01,1.2570353665061145,1.2570353665061145,0.8903578519821167,0.8802497386932373,0.8656876087188721,0.8493172526359558
sub-cp037_ses-20210113_level-01B_run-007,sub-cp037,3,2000,44,51,50,0,0,1.0,0.05,1.9788070519665413,0.01,0.8417203050633937,1.0,0.8902631998062134,0.8806039094924927,0.856654167175293,0.8140209317207336
sub-cp037_ses-20210113_level-01B_run-012,sub-cp037,3,2000,44,51,50,0,0,1.0,0.05,1.9482702858994916,0.01,0.9066712329656834,1.0,0.9220225811004639,0.914228081703186,0.8869412541389465,0.8380479216575623
sub-cp037_ses-20210113_level-02B_run-003,sub-cp037,3,2000,44,51,50,1,1,2.0,0.05,2.1507766267014095,0.01,1.811151893666552,1.811151893666552,0.8905741572380066,0.906146764755249,0.8917213082313538,0.8239347338676453
sub-cp037_ses-20210113_level-02B_run-008,sub-cp037,3,2000,44,51,50,1,1,2.0,0.05,2.1483760630768036,0.01,1.6054288062599817,1.6054288062599817,0.9009442925453186,0.9022766351699829,0.886549711227417,0.8495298624038696
sub-cp037_ses-20210113_level-02B_run-010,sub-cp037,3,2000,44,51,50,1,1,2.0,0.05,2.0316800300135034,0.01,1.8648309553886806,1.8648309553886806,0.9237261414527893,0.9304957389831543,0.9068446159362793,0.8411044478416443
sub-cp037_ses-20210113_level-03B_run-002,sub-cp037,3,2000,44,51,50,2,2,3.0,0.05,2.3636724047046225,0.01,2.7893281061211934,2.7893281061211934,0.874457836151123,0.8867830038070679,0.8961772918701172,0.8415031433105469
sub-cp037_ses-20210113_level-03B_run-005,sub-cp037,3,2000,44,51,50,2,2,3.0,0.05,2.357918908090636,0.01,3.280848538035068,3.280848538035068,0.863330602645874,0.8931719660758972,0.8985673189163208,0.8213300108909607
sub-cp037_ses-20210113_level-03B_run-011,sub-cp037,3,2000,44,51,50,2,2,3.0,0.05,2.3253769227997125,0.01,2.9589453373449808,2.9589453373449808,0.8928185105323792,0.9115517735481262,0.9183491468429565,0.8473504185676575
sub-cp037_ses-20210113_level-04B_run-004,sub-cp037,3,2000,44,51,50,3,3,4.0,0.05,3.002056035058268,0.01,4.215657905336955,4.0,0.8220257759094238,0.8207941055297852,0.8431106805801392,0.8767728805541992
sub-cp037_ses-20210113_level-04B_run-006,sub-cp037,3,2000,44,51,50,3,3,4.0,0.05,3.083185669627124,0.01,3.5804899617421073,3.5804899617421073,0.8303273320198059,0.8250709176063538,0.8463243842124939,0.8924010396003723
sub-cp037_ses-20210113_level-04B_run-009,sub-cp037,3,2000,44,51,50,3,3,4.0,0.05,3.1038106105903003,0.01,4.205685896759422,4.0,0.8536499738693237,0.8508761525154114,0.874829113483429,0.9189264178276062
sub-cp008_ses-20210503_level-01B_run-001,sub-cp008,3,5000,44,51,50,0,0,1.0,0.05,2.2891645463539834,0.01,1.751126933837453,1.751126933837453,0.8890498876571655,0.8776511549949646,0.8695709705352783,0.8640608787536621
sub-cp008_ses-20210503_level-01B_run-007,sub-cp008,3,5000,44,51,50,0,1,1.0,0.05,1.9847089147339492,0.01,1.05706141629163,1.05706141629163,0.8728992342948914,0.8761547803878784,0.8526173233985901,0.7762502431869507
sub-cp008_ses-20210503_level-01B_run-012,sub-cp008,3,5000,44,51,50,0,0,1.0,0.05,1.9499743279951494,0.01,0.8250499491506582,1.0,0.9069709777832031,0.9067280292510986,0.8817571997642517,0.8048720955848694
sub-cp008_ses-20210503_level-02B_run-003,sub-cp008,3,5000,44,51,50,1,1,2.0,0.05,2.1669682630264684,0.01,2.039836093682688,2.039836093682688,0.8961100578308105,0.922458291053772,0.9044089913368225,0.8276697397232056
sub-cp008_ses-20210503_level-02B_run-008,sub-cp008,3,5000,44,51,50,1,1,2.0,0.05,2.1189133756140754,0.01,1.9997066229386866,1.9997066229386866,0.8696885704994202,0.8893595933914185,0.8725579977035522,0.787293016910553
sub-cp008_ses-20210503_level-02B_run-010,sub-cp008,3,5000,44,51,50,1,1,2.0,0.05,2.0246592268160843,0.01,1.462317468096106,1.462317468096106,0.8900298476219177,0.9034150242805481,0.8765894174575806,0.7976661920547485
sub-cp008_ses-20210503_level-03B_run-002,sub-cp008,3,5000,44,51,50,2,2,3.0,0.05,2.3514465566129625,0.01,2.5807927677626052,2.5807927677626052,0.8970575332641602,0.9138213396072388,0.9202803373336792,0.861584484577179
sub-cp008_ses-20210503_level-03B_run-005,sub-cp008,3,5000,44,51,50,2,2,3.0,0.05,2.2735858622504033,0.01,3.0252652346865156,3.0252652346865156,0.8911126852035522,0.9177171587944031,0.918278157711029,0.828009843826294
sub-cp008_ses-20210503_level-03B_run-011,sub-cp008,3,5000,44,51,50,2,1,3.0,0.05,2.254952661744493,0.01,2.862680273071001,2.862680273071001,0.8795749545097351,0.906665027141571,0.9026557207107544,0.8181787133216858
sub-cp008_ses-20210503_level-04B_run-004,sub-cp008,3,5000,44,51,50,3,3,4.0,0.05,3.038312167872794,0.01,3.79728929696321,3.79728929696321,0.8438301682472229,0.8431348204612732,0.8680990934371948,0.9027476906776428
sub-cp008_ses-20210503_level-04B_run-006,sub-cp008,3,5000,44,51,50,3,3,4.0,0.05,3.040280144335947,0.01,4.026288769637306,4.0,0.8489412069320679,0.8475766777992249,0.8707830905914307,0.9078067541122437
sub-cp008_ses-20210503_level-04B_run-009,sub-cp008,3,5000,44,51,50,3,3,4.0,0.05,3.014451105553106,0.01,3.7484147492409594,3.7484147492409594,0.8637220859527588,0.8469361662864685,0.8665622472763062,0.9151189923286438
sub-cp014_ses-20211112_level-01B_run-001,sub-cp014,3,5000,44,51,50,0,0,1.0,0.05,1.9705060264501855,0.01,1.2309946412926553,1.2309946412926553,0.9121361970901489,0.9074840545654297,0.8849174380302429,0.8237266540527344
sub-cp014_ses-20211112_level-01B_run-007,sub-cp014,3,5000,44,51,50,0,0,1.0,0.05,1.9509844686353195,0.01,0.9498200430893267,1.0,0.9157907962799072,0.8984586000442505,0.8783751726150513,0.8365443348884583
sub-cp014_ses-20211112_level-01B_run-012,sub-cp014,3,5000,44,51,50,0,0,1.0,0.05,1.9799169352962926,0.01,1.187338613416589,1.187338613416589,0.9086061120033264,0.8898321390151978,0.8732830882072449,0.8349288105964661
sub-cp014_ses-20211112_level-02B_run-003,sub-cp014,3,5000,44,51,50,1,1,2.0,0.05,2.062609164432606,0.01,2.1604936123708285,2.1604936123708285,0.9071280360221863,0.9189247488975525,0.8976394534111023,0.8238754272460938
sub-cp014_ses-20211112_level-02B_run-008,sub-cp014,3,5000,44,51,50,1,1,2.0,0.05,2.161882351183803,0.01,2.307306934103779,2.307306934103779,0.8974365592002869,0.9100305438041687,0.9000095725059509,0.8311026692390442
sub-cp014_ses-20211112_level-02B_run-010,sub-cp014,3,5000,44,51,50,1,1,2.0,0.05,2.075475733380062,0.01,1.7400783322215427,1.7400783322215427,0.9085952639579773,0.9143831729888916,0.8976773023605347,0.8321335911750793
sub-cp014_ses-20211112_level-03B_run-002,sub-cp014,3,5000,44,51,50,2,1,3.0,0.05,2.238974691562428,0.01,2.9876580789147233,2.9876580789147233,0.8951354622840881,0.9237919449806213,0.9182727932929993,0.827361524105072
sub-cp014_ses-20211112_level-03B_run-005,sub-cp014,3,5000,44,51,50,2,2,3.0,0.05,2.395978033727996,0.01,3.424131734368385,3.424131734368385,0.8844261169433594,0.9102877974510193,0.9206104278564453,0.8505523204803467
sub-cp014_ses-20211112_level-03B_run-011,sub-cp014,3,5000,44,51,50,2,2,3.0,0.05,2.3549020249369326,0.01,3.31605078276041,3.31605078276041,0.8961209058761597,0.914320170879364,0.92234206199646,0.8585341572761536
sub-cp014_ses-20211112_level-04B_run-004,sub-cp014,3,5000,44,51,50,3,3,4.0,0.05,2.6908516676660756,0.01,3.490214018569361,3.490214018569361,0.892379641532898,0.8923261165618896,0.9096092581748962,0.9121643304824829
sub-cp014_ses-20211112_level-04B_run-006,sub-cp014,3,5000,44,51,50,3,3,4.0,0.05,2.847023172771066,0.01,3.9271979123551457,3.9271979123551457,0.8822225332260132,0.8814367055892944,0.9011567831039429,0.9200611114501953
sub-cp014_ses-20211112_level-04B_run-009,sub-cp014,3,5000,44,51,50,3,3,4.0,0.05,2.7699306287067422,0.01,3.5458123371084906,3.5458123371084906,0.886689305305481,0.8867868781089783,0.9043981432914734,0.9160648584365845
sub-cp019_ses-20210625_level-01B_run-001,sub-cp019,3,5000,44,51,50,0,0,1.0,0.05,2.276044381213417,0.01,1.1880282667851945,1.1880282667851945,0.8777287006378174,0.8656328916549683,0.8548035025596619,0.8522209525108337
sub-cp019_ses-20210625_level-01B_run-007,sub-cp019,3,5000,44,51,50,0,0,1.0,0.05,2.081176059367716,0.01,0.7724607302230797,1.0,0.8840308785438538,0.8798090815544128,0.8634182810783386,0.8213140368461609
sub-cp019_ses-20210625_level-01B_run-012,sub-cp019,3,5000,44,51,50,0,0,1.0,0.05,2.081342619316897,0.01,1.433746092253456,1.433746092253456,0.8917299509048462,0.8912864923477173,0.8757344484329224,0.8239710927009583
sub-cp019_ses-20210625_level-02B_run-003,sub-cp019,3,5000,44,51,50,1,2,2.0,0.05,2.3167812821196843,0.01,1.3026536657139283,1.3026536657139283,0.8673117160797119,0.8677541017532349,0.8691434860229492,0.8375220894813538
sub-cp019_ses-20210625_level-02B_run-008,sub-cp019,3,5000,44,51,50,1,1,2.0,0.05,2.16097844926676,0.01,2.0520363907327637,2.0520363907327637,0.8891852498054504,0.9139998555183411,0.8990788459777832,0.8132578134536743
sub-cp019_ses-20210625_level-02B_run-010,sub-cp019,3,5000,44,51,50,1,1,2.0,0.05,2.1062307785767427,0.01,1.6550177515762123,1.6550177515762123,0.892244279384613,0.9080406427383423,0.8901339173316956,0.8138848543167114
sub-cp019_ses-20210625_level-03B_run-002,sub-cp019,3,5000,44,51,50,2,3,3.0,0.05,2.830642618160698,0.01,3.0121770323037196,3.0121770323037196,0.8237379789352417,0.8276093006134033,0.8454094529151917,0.8610636591911316
sub-cp019_ses-20210625_level-03B_run-005,sub-cp019,3,5000,44,51,50,2,2,3.0,0.05,2.370918998085248,0.01,2.7128199844858782,2.7128199844858782,0.867874801158905,0.8921790719032288,0.900409996509552,0.8302842974662781
sub-cp019_ses-20210625_level-03B_run-011,sub-cp019,3,5000,44,51,50,2,2,3.0,0.05,2.3107110413477354,0.01,2.8126092760866483,2.8126092760866483,0.8798673152923584,0.9044913649559021,0.9091385006904602,0.8265324831008911
sub-cp019_ses-20210625_level-04B_run-004,sub-cp019,3,5000,44,51,50,3,3,4.0,0.05,3.0414995633503574,0.01,4.118091611249968,4.0,0.8328609466552734,0.8315839171409607,0.8525036573410034,0.8918430805206299
sub-cp019_ses-20210625_level-04B_run-006,sub-cp019,3,5000,44,51,50,3,3,4.0,0.05,3.2175651983496856,0.01,3.9088969714657393,3.9088969714657393,0.7974572777748108,0.7988474369049072,0.8273681402206421,0.8773249387741089
sub-cp019_ses-20210625_level-04B_run-009,sub-cp019,3,5000,44,51,50,3,3,4.0,0.05,3.147574542108921,0.01,4.205394381823085,4.0,0.8286811709403992,0.827530562877655,0.8510967493057251,0.8993041515350342
sub-cp023_ses-20210628_level-01B_run-001,sub-cp023,3,5000,44,51,50,0,0,1.0,0.05,2.0865688062702645,0.01,1.4246734873857176,1.4246734873857176,0.8602569699287415,0.8590541481971741,0.8424277901649475,0.7962207198143005
sub-cp023_ses-20210628_level-01B_run-007,sub-cp023,3,5000,44,51,50,0,0,1.0,0.05,2.194886126058768,0.01,1.5500618935114598,1.5500618935114598,0.89625084400177,0.8764225244522095,0.8711727261543274,0.8579071164131165
sub-cp023_ses-20210628_level-01B_run-012,sub-cp023,3,5000,44,51,50,0,0,1.0,0.05,2.30935145864523,0.01,1.7018642700265434,1.7018642700265434,0.876104474067688,0.8535674214363098,0.8544896245002747,0.8526780009269714
sub-cp023_ses-20210628_level-02B_run-003,sub-cp023,3,5000,44,51,50,1,2,2.0,0.05,2.36467885839457,0.01,2.209840410155819,2.209840410155819,0.9023147821426392,0.9060139656066895,0.9072877764701843,0.8804283738136292
sub-cp023_ses-20210628_level-02B_run-008,sub-cp023,3,5000,44,51,50,1,1,2.0,0.05,2.1504160707289213,0.01,1.8224322080275934,1.8224322080275934,0.8829696774482727,0.8889658451080322,0.8766435384750366,0.8242368102073669
sub-cp023_ses-20210628_level-02B_run-010,sub-cp023,3,5000,44,51,50,1,2,2.0,0.05,2.305076032653892,0.01,2.4693193386247785,2.4693193386247785,0.8639386892318726,0.8833426237106323,0.883726954460144,0.8213034272193909
sub-cp023_ses-20210628_level-03B_run-002,sub-cp023,3,5000,44,51,50,2,2,3.0,0.05,2.4105001215463164,0.01,2.650088454887664,2.650088454887664,0.8972091674804688,0.9152284860610962,0.9238085150718689,0.8738175630569458
sub-cp023_ses-20210628_level-03B_run-005,sub-cp023,3,5000,44,51,50,2,2,3.0,0.05,2.5701733680405194,0.01,2.7567302704186982,2.7567302704186982,0.8837601542472839,0.8789899945259094,0.8962649703025818,0.8873579502105713
sub-cp023_ses-20210628_level-03B_run-011,sub-cp023,3,5000,44,51,50,2,0,3.0,0.05,2.1898519685123263,0.01,1.6228456982854664,1.6228456982854664,0.8866730332374573,0.8650343418121338,0.8586671352386475,0.8488943576812744
sub-cp023_ses-20210628_level-04B_run-004,sub-cp023,3,5000,44,51,50,3,3,4.0,0.05,3.2662244825914266,0.01,3.9843074717287514,3.9843074717287514,0.8338733911514282,0.8310011029243469,0.858548104763031,0.9173721671104431
sub-cp023_ses-20210628_level-04B_run-006,sub-cp023,3,5000,44,51,50,3,3,4.0,0.05,3.167060684422158,0.01,3.9230936843473247,3.9230936843473247,0.8099966645240784,0.7993829846382141,0.8257014155387878,0.879429280757904
sub-cp023_ses-20210628_level-04B_run-009,sub-cp023,3,5000,44,51,50,3,3,4.0,0.05,3.1574815094224506,0.01,3.50266173166435,3.50266173166435,0.7996662855148315,0.8024702668190002,0.82725989818573,0.8730417490005493
sub-cp024_ses-20210629_level-01B_run-001,sub-cp024,3,5000,44,51,50,0,0,1.0,0.05,2.344495836219517,0.01,1.3442856340669032,1.3442856340669032,0.8374630808830261,0.833495020866394,0.8331528306007385,0.8152346611022949
sub-cp024_ses-20210629_level-01B_run-007,sub-cp024,3,5000,44,51,50,0,0,1.0,0.05,2.403783730016354,0.01,1.1683935772607166,1.1683935772607166,0.8403434157371521,0.832738995552063,0.8306419849395752,0.8284987211227417
sub-cp024_ses-20210629_level-01B_run-012,sub-cp024,3,5000,44,51,50,0,0,1.0,0.05,2.2475088564127774,0.01,1.003583741626383,1.003583741626383,0.8945345282554626,0.8768163323402405,0.8787431120872498,0.8596607446670532
sub-cp024_ses-20210629_level-02B_run-003,sub-cp024,3,5000,44,51,50,1,2,2.0,0.05,2.2942641078727948,0.01,1.660722824999237,1.660722824999237,0.8716431260108948,0.8725844621658325,0.8726608157157898,0.8382022976875305
sub-cp024_ses-20210629_level-02B_run-008,sub-cp024,3,5000,44,51,50,1,3,2.0,0.05,2.583683282636823,0.01,1.3842638587201155,1.3842638587201155,0.8233643770217896,0.8081249594688416,0.8172435760498047,0.8308688402175903
sub-cp024_ses-20210629_level-02B_run-010,sub-cp024,3,5000,44,51,50,1,2,2.0,0.05,2.3960246653507413,0.01,1.9551044919152547,1.9551044919152547,0.8784542083740234,0.8906774520874023,0.8967952728271484,0.8563128709793091
sub-cp024_ses-20210629_level-03B_run-002,sub-cp024,3,5000,44,51,50,2,3,3.0,0.05,2.7119655735290755,0.01,2.852315228398264,2.852315228398264,0.8092603087425232,0.7981544137001038,0.8157446384429932,0.8301035761833191
sub-cp024_ses-20210629_level-03B_run-005,sub-cp024,3,5000,44,51,50,2,2,3.0,0.05,2.4769978625937044,0.01,3.0254892138762353,3.0254892138762353,0.8452216386795044,0.8596054315567017,0.8732885122299194,0.8331432938575745
sub-cp024_ses-20210629_level-03B_run-011,sub-cp024,3,5000,44,51,50,2,3,3.0,0.05,2.6670535342826005,0.01,2.7945473571936787,2.7945473571936787,0.8329584002494812,0.820999026298523,0.8366593718528748,0.8489049673080444
sub-cp024_ses-20210629_level-04B_run-004,sub-cp024,3,5000,44,51,50,3,3,4.0,0.05,2.863871414410693,0.01,3.3083222350352104,3.3083222350352104,0.8330179452896118,0.8163629174232483,0.8311668634414673,0.8693962097167969
sub-cp024_ses-20210629_level-04B_run-006,sub-cp024,3,5000,44,51,50,3,3,4.0,0.05,3.217067743430613,0.01,3.8912045071573873,3.8912045071573873,0.823721706867218,0.8192453980445862,0.8423196077346802,0.9006220102310181
sub-cp024_ses-20210629_level-04B_run-009,sub-cp024,3,5000,44,51,50,3,3,4.0,0.05,2.8759756534287138,0.01,2.9171209329317263,2.9171209329317263,0.7696226835250854,0.7490891814231873,0.7631195783615112,0.8064557313919067
sub-cp025_ses-20210820_level-01B_run-001,sub-cp025,3,5000,44,51,50,0,1,1.0,0.05,2.172718152187009,0.01,1.2724106932203347,1.2724106932203347,0.882991373538971,0.8853115439414978,0.8749227523803711,0.8312833309173584
sub-cp025_ses-20210820_level-01B_run-007,sub-cp025,3,5000,44,51,50,0,0,1.0,0.05,1.989787738771807,0.01,0.6737796184343727,1.0,0.9142585396766663,0.8969097137451172,0.8828395009040833,0.8387124538421631
sub-cp025_ses-20210820_level-01B_run-012,sub-cp025,3,5000,44,51,50,0,0,1.0,0.05,2.24505722876226,0.01,1.0907490501604848,1.0907490501604848,0.8848267793655396,0.869250476360321,0.8706532120704651,0.8489262461662292
sub-cp025_ses-20210820_level-02B_run-003,sub-cp025,3,5000,44,51,50,1,1,2.0,0.05,2.2341583085777725,0.01,1.738884711509249,1.738884711509249,0.8865647315979004,0.9058616757392883,0.898072361946106,0.8337916135787964
sub-cp025_ses-20210820_level-02B_run-008,sub-cp025,3,5000,44,51,50,1,1,2.0,0.05,2.029804594608382,0.01,1.9551461245898474,1.9551461245898474,0.909309983253479,0.9287693500518799,0.8995820879936218,0.8108770847320557
sub-cp025_ses-20210820_level-02B_run-010,sub-cp025,3,5000,44,51,50,1,1,2.0,0.05,2.0597333196282652,0.01,1.599174057725308,1.599174057725308,0.9149082899093628,0.9277297258377075,0.9069955945014954,0.826978862285614
sub-cp025_ses-20210820_level-03B_run-002,sub-cp025,3,5000,44,51,50,2,2,3.0,0.05,2.3392211642817893,0.01,2.998216956526295,2.998216956526295,0.8977397084236145,0.9183892011642456,0.9232133030891418,0.8581302762031555
sub-cp025_ses-20210820_level-03B_run-005,sub-cp025,3,5000,44,51,50,2,2,3.0,0.05,2.53784817489647,0.01,2.8481341513018634,2.8481341513018634,0.869098424911499,0.8752937316894531,0.8873471021652222,0.8697363138198853
sub-cp025_ses-20210820_level-03B_run-011,sub-cp025,3,5000,44,51,50,2,2,3.0,0.05,2.2998290889490915,0.01,2.5011456480029803,2.5011456480029803,0.8762831091880798,0.8922788500785828,0.8961621522903442,0.8297741413116455
sub-cp025_ses-20210820_level-04B_run-004,sub-cp025,3,5000,44,51,50,3,3,4.0,0.05,3.1621663653387118,0.01,3.9086337467389276,3.9086337467389276,0.8021514415740967,0.8029060363769531,0.8245488405227661,0.8749867081642151
sub-cp025_ses-20210820_level-04B_run-006,sub-cp025,3,5000,44,51,50,3,3,4.0,0.05,2.93946052826164,0.01,4.366993924348137,4.0,0.8781889081001282,0.8771681189537048,0.8959348797798157,0.9262573719024658
sub-cp025_ses-20210820_level-04B_run-009,sub-cp025,3,5000,44,51,50,3,3,4.0,0.05,3.0475834423408665,0.01,4.058719623464633,4.0,0.860543966293335,0.8575262427330017,0.8784833550453186,0.9195828437805176
sub-cp037_ses-20210113_level-01B_run-001,sub-cp037,3,5000,44,51,50,0,0,1.0,0.05,2.154404739034254,0.01,1.2926978926959274,1.2926978926959274,0.8953250050544739,0.8873487114906311,0.8743816018104553,0.8489368557929993
sub-cp037_ses-20210113_level-01B_run-007,sub-cp037,3,5000,44,51,50,0,0,1.0,0.05,2.0187349316511285,0.01,1.0121142909899432,1.0121142909899432,0.8841987252235413,0.8728627562522888,0.8562591075897217,0.8125244379043579
sub-cp037_ses-20210113_level-01B_run-012,sub-cp037,3,5000,44,51,50,0,0,1.0,0.05,1.952368644955412,0.01,1.0283034336428294,1.0283034336428294,0.9196619987487793,0.9094477295875549,0.8876014351844788,0.8329944610595703
sub-cp037_ses-20210113_level-02B_run-003,sub-cp037,3,5000,44,51,50,1,1,2.0,0.05,2.1744607927623743,0.01,1.740525781487401,1.740525781487401,0.879856526851654,0.893948495388031,0.8829477429389954,0.8177854418754578
sub-cp037_ses-20210113_level-02B_run-008,sub-cp037,3,5000,44,51,50,1,0,2.0,0.05,2.225780305861539,0.01,1.5908693721053182,1.5908693721053182,0.896467387676239,0.8961536884307861,0.8886728882789612,0.8558664917945862
sub-cp037_ses-20210113_level-02B_run-010,sub-cp037,3,5000,44,51,50,1,1,2.0,0.05,2.0356463640304416,0.01,1.6886340501947457,1.6886340501947457,0.9224448800086975,0.9268476366996765,0.9056968688964844,0.8409231305122375
sub-cp037_ses-20210113_level-03B_run-002,sub-cp037,3,5000,44,51,50,2,2,3.0,0.05,2.360859481221608,0.01,2.7840008782703745,2.7840008782703745,0.8706793785095215,0.8849545121192932,0.8936350345611572,0.8366187214851379
sub-cp037_ses-20210113_level-03B_run-005,sub-cp037,3,5000,44,51,50,2,2,3.0,0.05,2.3048695476330368,0.01,3.0296938948635077,3.0296938948635077,0.8697264790534973,0.8944262862205505,0.8968601822853088,0.8184975385665894
sub-cp037_ses-20210113_level-03B_run-011,sub-cp037,3,5000,44,51,50,2,2,3.0,0.05,2.3137720765049776,0.01,3.1639179381523035,3.1639179381523035,0.8971008658409119,0.9149239659309387,0.9211894869804382,0.8495107889175415
sub-cp037_ses-20210113_level-04B_run-004,sub-cp037,3,5000,44,51,50,3,3,4.0,0.05,2.978763822195364,0.01,4.0101826646263365,4.0,0.8305490612983704,0.8287643790245056,0.8487319946289062,0.8826071619987488
sub-cp037_ses-20210113_level-04B_run-006,sub-cp037,3,5000,44,51,50,3,3,4.0,0.05,3.0085985729626454,0.01,3.6590487004430274,3.6590487004430274,0.8338030576705933,0.8301557898521423,0.8474386930465698,0.8884527087211609
sub-cp037_ses-20210113_level-04B_run-009,sub-cp037,3,5000,44,51,50,3,3,4.0,0.05,3.083888978570662,0.01,4.452228574116895,4.0,0.8582591414451599,0.8556466102600098,0.877855658531189,0.9213683605194092
sub-cp008_ses-20210503_level-01B_run-001,sub-cp008,3,10000,44,51,50,0,0,1.0,0.05,2.2731586938361996,0.01,1.5713858820707105,1.5713858820707105,0.8911957144737244,0.8786601424217224,0.872052013874054,0.8633841276168823
sub-cp008_ses-20210503_level-01B_run-007,sub-cp008,3,10000,44,51,50,0,1,1.0,0.05,1.9833962532794225,0.01,1.2532493339835147,1.2532493339835147,0.8720536828041077,0.8739141225814819,0.8520076274871826,0.7742793560028076
sub-cp008_ses-20210503_level-01B_run-012,sub-cp008,3,10000,44,51,50,0,1,1.0,0.05,1.9694100774050791,0.01,0.949126820049969,1.0,0.9058918952941895,0.907957136631012,0.8846318125724792,0.8038658499717712
sub-cp008_ses-20210503_level-02B_run-003,sub-cp008,3,10000,44,51,50,1,1,2.0,0.05,2.1519541133545825,0.01,1.9941062159829586,1.9941062159829586,0.9002363681793213,0.9237895011901855,0.9067741632461548,0.8271951079368591
sub-cp008_ses-20210503_level-02B_run-008,sub-cp008,3,10000,44,51,50,1,1,2.0,0.05,2.1063755480165534,0.01,1.9598069204794162,1.9598069204794162,0.8696156144142151,0.887593686580658,0.8711192607879639,0.7834367752075195
sub-cp008_ses-20210503_level-02B_run-010,sub-cp008,3,10000,44,51,50,1,1,2.0,0.05,2.0429289237968993,0.01,1.4699470726144592,1.4699470726144592,0.8946160674095154,0.9081380367279053,0.8848886489868164,0.8026972413063049
sub-cp008_ses-20210503_level-03B_run-002,sub-cp008,3,10000,44,51,50,2,2,3.0,0.05,2.321767706132534,0.01,2.7070211791915613,2.7070211791915613,0.9021576046943665,0.9174544215202332,0.9231902956962585,0.860244870185852
sub-cp008_ses-20210503_level-03B_run-005,sub-cp008,3,10000,44,51,50,2,1,3.0,0.05,2.2487870139269868,0.01,2.789647004673025,2.789647004673025,0.898139238357544,0.922454833984375,0.9222034811973572,0.8288257718086243
sub-cp008_ses-20210503_level-03B_run-011,sub-cp008,3,10000,44,51,50,2,1,3.0,0.05,2.2502920455241764,0.01,2.8263131281623277,2.8263131281623277,0.8802960515022278,0.9063706994056702,0.9039921760559082,0.814324676990509
sub-cp008_ses-20210503_level-04B_run-004,sub-cp008,3,10000,44,51,50,3,3,4.0,0.05,3.047518055380671,0.01,3.837531676125454,3.837531676125454,0.8441388607025146,0.8430622220039368,0.8669800758361816,0.9039075374603271
sub-cp008_ses-20210503_level-04B_run-006,sub-cp008,3,10000,44,51,50,3,3,4.0,0.05,3.081027566024063,0.01,4.079941110635781,4.0,0.8428913950920105,0.8408255577087402,0.8644630312919617,0.905941903591156
sub-cp008_ses-20210503_level-04B_run-009,sub-cp008,3,10000,44,51,50,3,3,4.0,0.05,3.0124882420026866,0.01,3.984812685459654,3.984812685459654,0.8643308281898499,0.8483641147613525,0.8674126863479614,0.9157474637031555
sub-cp014_ses-20211112_level-01B_run-001,sub-cp014,3,10000,44,51,50,0,0,1.0,0.05,1.9729574715942886,0.01,1.2681444050614434,1.2681444050614434,0.9134199023246765,0.909079372882843,0.8879355788230896,0.8228447437286377
sub-cp014_ses-20211112_level-01B_run-007,sub-cp014,3,10000,44,51,50,0,0,1.0,0.05,1.9456473579400568,0.01,1.1365237634957288,1.1365237634957288,0.9163693785667419,0.9007830023765564,0.8807926774024963,0.8330698609352112
sub-cp014_ses-20211112_level-01B_run-012,sub-cp014,3,10000,44,51,50,0,0,1.0,0.05,1.97071922779244,0.01,1.1448091388565305,1.1448091388565305,0.9123185276985168,0.8949277997016907,0.878264844417572,0.8346368670463562
sub-cp014_ses-20211112_level-02B_run-003,sub-cp014,3,10000,44,51,50,1,1,2.0,0.05,2.0567847803503727,0.01,1.95375874186498,1.95375874186498,0.9092527031898499,0.9211568832397461,0.8999070525169373,0.8230306506156921
sub-cp014_ses-20211112_level-02B_run-008,sub-cp014,3,10000,44,51,50,1,1,2.0,0.05,2.1407511624785225,0.01,2.258078003837625,2.258078003837625,0.8980093598365784,0.9122390151023865,0.9003693461418152,0.8244595527648926
sub-cp014_ses-20211112_level-02B_run-010,sub-cp014,3,10000,44,51,50,1,1,2.0,0.05,2.055263031662571,0.01,1.6847064952833208,1.6847064952833208,0.9114797115325928,0.9190040826797485,0.9001098275184631,0.8280927538871765
sub-cp014_ses-20211112_level-03B_run-002,sub-cp014,3,10000,44,51,50,2,1,3.0,0.05,2.228415943951247,0.01,2.893186726578599,2.893186726578599,0.8978849053382874,0.9240595698356628,0.9199919700622559,0.8251181840896606
sub-cp014_ses-20211112_level-03B_run-005,sub-cp014,3,10000,44,51,50,2,2,3.0,0.05,2.3679074110308136,0.01,3.325304922082386,3.325304922082386,0.8888983726501465,0.9151050448417664,0.9232876300811768,0.8487980365753174
sub-cp014_ses-20211112_level-03B_run-011,sub-cp014,3,10000,44,51,50,2,2,3.0,0.05,2.3267829182231656,0.01,3.147008688530039,3.147008688530039,0.899194598197937,0.9165655374526978,0.9231227040290833,0.8558307886123657
sub-cp014_ses-20211112_level-04B_run-004,sub-cp014,3,10000,44,51,50,3,3,4.0,0.05,2.713545101163652,0.01,3.5091251256788234,3.5091251256788234,0.8893827199935913,0.8905855417251587,0.9086585640907288,0.9120239019393921
sub-cp014_ses-20211112_level-04B_run-006,sub-cp014,3,10000,44,51,50,3,3,4.0,0.05,2.848511527936379,0.01,3.882833594473817,3.882833594473817,0.8821172118186951,0.8819299340248108,0.9013128876686096,0.9203049540519714
sub-cp014_ses-20211112_level-04B_run-009,sub-cp014,3,10000,44,51,50,3,3,4.0,0.05,2.8035959669969523,0.01,3.7816861652883413,3.7816861652883413,0.8826367259025574,0.8850082755088806,0.9039462208747864,0.9162945747375488
sub-cp019_ses-20210625_level-01B_run-001,sub-cp019,3,10000,44,51,50,0,0,1.0,0.05,2.2553550732528835,0.01,1.2293494234624078,1.2293494234624078,0.8803799748420715,0.8690605163574219,0.859277606010437,0.8510661125183105
sub-cp019_ses-20210625_level-01B_run-007,sub-cp019,3,10000,44,51,50,0,0,1.0,0.05,2.049072992098053,0.01,0.7295794782700566,1.0,0.8869825601577759,0.8831046223640442,0.8650956749916077,0.8169381022453308
sub-cp019_ses-20210625_level-01B_run-012,sub-cp019,3,10000,44,51,50,0,0,1.0,0.05,2.068053884216769,0.01,1.534193656071711,1.534193656071711,0.8915529251098633,0.8895891308784485,0.8751881718635559,0.8199816942214966
sub-cp019_ses-20210625_level-02B_run-003,sub-cp019,3,10000,44,51,50,1,1,2.0,0.05,2.290442597061081,0.01,1.1725046137096178,1.1725046137096178,0.8690717220306396,0.8704056739807129,0.8691051006317139,0.8357948064804077
sub-cp019_ses-20210625_level-02B_run-008,sub-cp019,3,10000,44,51,50,1,1,2.0,0.05,2.14351547032123,0.01,2.1160942491082877,2.1160942491082877,0.8929139971733093,0.9164475202560425,0.9008803367614746,0.8121150135993958
sub-cp019_ses-20210625_level-02B_run-010,sub-cp019,3,10000,44,51,50,1,1,2.0,0.05,2.1043539354685823,0.01,1.5484910456710785,1.5484910456710785,0.8958473205566406,0.9110197424888611,0.8938942551612854,0.8160616159439087
sub-cp019_ses-20210625_level-03B_run-002,sub-cp019,3,10000,44,51,50,2,3,3.0,0.05,2.8438114720221215,0.01,2.9368366226038223,2.9368366226038223,0.8186702728271484,0.8227354884147644,0.8418313264846802,0.8574455380439758
sub-cp019_ses-20210625_level-03B_run-005,sub-cp019,3,10000,44,51,50,2,2,3.0,0.05,2.36076986856707,0.01,2.7076626718450307,2.7076626718450307,0.8676564693450928,0.892995297908783,0.8998475670814514,0.8280715346336365
sub-cp019_ses-20210625_level-03B_run-011,sub-cp019,3,10000,44,51,50,2,2,3.0,0.05,2.2853113284141,0.01,2.816127830402184,2.816127830402184,0.8833213448524475,0.9075402021408081,0.9104483127593994,0.8235565423965454
sub-cp019_ses-20210625_level-04B_run-004,sub-cp019,3,10000,44,51,50,3,3,4.0,0.05,3.0729744524124305,0.01,4.0026182223480395,4.0,0.8280572891235352,0.8283652067184448,0.8490904569625854,0.8909893035888672
sub-cp019_ses-20210625_level-04B_run-006,sub-cp019,3,10000,44,51,50,3,3,4.0,0.05,3.209200846745001,0.01,3.8652078537432866,3.8652078537432866,0.7972416877746582,0.7985202074050903,0.8263803720474243,0.8760473132133484
sub-cp019_ses-20210625_level-04B_run-009,sub-cp019,3,10000,44,51,50,3,3,4.0,0.05,3.17219271160144,0.01,3.997131876031678,3.997131876031678,0.8279950618743896,0.8272193074226379,0.8502448797225952,0.9014216065406799
sub-cp023_ses-20210628_level-01B_run-001,sub-cp023,3,10000,44,51,50,0,0,1.0,0.05,2.0823655012346767,0.01,1.316738292217344,1.316738292217344,0.8555743098258972,0.8540593981742859,0.8393494486808777,0.7882545590400696
sub-cp023_ses-20210628_level-01B_run-007,sub-cp023,3,10000,44,51,50,0,0,1.0,0.05,2.160292205302102,0.01,1.327803875040432,1.327803875040432,0.8961747288703918,0.8776479959487915,0.8709273338317871,0.8522453308105469
sub-cp023_ses-20210628_level-01B_run-012,sub-cp023,3,10000,44,51,50,0,0,1.0,0.05,2.2942222158033503,0.01,1.696637255585594,1.696637255585594,0.877655029296875,0.8566710352897644,0.856300950050354,0.8522931337356567
sub-cp023_ses-20210628_level-02B_run-003,sub-cp023,3,10000,44,51,50,1,1,2.0,0.05,2.3534775653811018,0.01,2.181927025165939,2.181927025165939,0.9041167497634888,0.9093573093414307,0.9082556962966919,0.881321907043457
sub-cp023_ses-20210628_level-02B_run-008,sub-cp023,3,10000,44,51,50,1,1,2.0,0.05,2.160956646957403,0.01,1.8456871950862852,1.8456871950862852,0.8843929171562195,0.8918441534042358,0.8812874555587769,0.8248738646507263
sub-cp023_ses-20210628_level-02B_run-010,sub-cp023,3,10000,44,51,50,1,2,2.0,0.05,2.2918503659146605,0.01,2.490954567736112,2.490954567736112,0.8675590753555298,0.8859679698944092,0.8865567445755005,0.8213680982589722
sub-cp023_ses-20210628_level-03B_run-002,sub-cp023,3,10000,44,51,50,2,2,3.0,0.05,2.401873360754563,0.01,2.8322907910818977,2.8322907910818977,0.8963749408721924,0.9151915311813354,0.9238094091415405,0.8704752922058105
sub-cp023_ses-20210628_level-03B_run-005,sub-cp023,3,10000,44,51,50,2,2,3.0,0.05,2.5409933477592332,0.01,2.8064184766032874,2.8064184766032874,0.8856295347213745,0.8811222910881042,0.896889865398407,0.8856775760650635
sub-cp023_ses-20210628_level-03B_run-011,sub-cp023,3,10000,44,51,50,2,0,3.0,0.05,2.167290315305412,0.01,1.4982747918968484,1.4982747918968484,0.8844849467277527,0.8635357618331909,0.8577500581741333,0.8423761129379272
sub-cp023_ses-20210628_level-04B_run-004,sub-cp023,3,10000,44,51,50,3,3,4.0,0.05,3.304489601933838,0.01,4.144887150949161,4.0,0.8282493948936462,0.825415313243866,0.8531485795974731,0.9161936044692993
sub-cp023_ses-20210628_level-04B_run-006,sub-cp023,3,10000,44,51,50,3,3,4.0,0.05,3.192837063927637,0.01,3.9615148149584134,3.9615148149584134,0.8083145022392273,0.7977964878082275,0.8233901858329773,0.8805091977119446
sub-cp023_ses-20210628_level-04B_run-009,sub-cp023,3,10000,44,51,50,3,3,4.0,0.05,3.1873809439812617,0.01,3.5974677202785084,3.5974677202785084,0.8013277053833008,0.8025215864181519,0.8289920091629028,0.8775134086608887
sub-cp024_ses-20210629_level-01B_run-001,sub-cp024,3,10000,44,51,50,0,0,1.0,0.05,2.327781410861685,0.01,1.2973215815452803,1.2973215815452803,0.8394467234611511,0.8379175662994385,0.8364620208740234,0.8143565654754639
sub-cp024_ses-20210629_level-01B_run-007,sub-cp024,3,10000,44,51,50,0,0,1.0,0.05,2.4075409738347844,0.01,1.2238139768096543,1.2238139768096543,0.8393899202346802,0.8322039842605591,0.8304141163825989,0.827896237373352
sub-cp024_ses-20210629_level-01B_run-012,sub-cp024,3,10000,44,51,50,0,0,1.0,0.05,2.2588676123072577,0.01,1.0338028544122881,1.0338028544122881,0.8969080448150635,0.8814421892166138,0.8831177949905396,0.8631503582000732
sub-cp024_ses-20210629_level-02B_run-003,sub-cp024,3,10000,44,51,50,1,1,2.0,0.05,2.2922186470270836,0.01,1.6377634537271737,1.6377634537271737,0.8722512125968933,0.8751543760299683,0.874855637550354,0.8377336263656616
sub-cp024_ses-20210629_level-02B_run-008,sub-cp024,3,10000,44,51,50,1,3,2.0,0.05,2.570388650058373,0.01,1.4679098903610535,1.4679098903610535,0.821010947227478,0.8072361350059509,0.8136194348335266,0.8276572227478027
sub-cp024_ses-20210629_level-02B_run-010,sub-cp024,3,10000,44,51,50,1,2,2.0,0.05,2.3736778952085125,0.01,2.022831221030092,2.022831221030092,0.8814569115638733,0.8929113745689392,0.8991554379463196,0.8546409606933594
sub-cp024_ses-20210629_level-03B_run-002,sub-cp024,3,10000,44,51,50,2,3,3.0,0.05,2.7289275619126006,0.01,2.7742492170593804,2.7742492170593804,0.8030432462692261,0.7932759523391724,0.8118999600410461,0.8258299827575684
sub-cp024_ses-20210629_level-03B_run-005,sub-cp024,3,10000,44,51,50,2,2,3.0,0.05,2.456295863416677,0.01,2.685872620058655,2.685872620058655,0.8455784320831299,0.8608611822128296,0.8741932511329651,0.8291816711425781
sub-cp024_ses-20210629_level-03B_run-011,sub-cp024,3,10000,44,51,50,2,3,3.0,0.05,2.7207397210809834,0.01,2.9123518279710865,2.9123518279710865,0.8260656595230103,0.8154276609420776,0.8315387964248657,0.8482031226158142
sub-cp024_ses-20210629_level-04B_run-004,sub-cp024,3,10000,44,51,50,3,3,4.0,0.05,2.8617587580149038,0.01,3.2808926848008357,3.2808926848008357,0.833158016204834,0.8176695704460144,0.8331852555274963,0.8695244789123535
sub-cp024_ses-20210629_level-04B_run-006,sub-cp024,3,10000,44,51,50,3,3,4.0,0.05,3.1845888829349613,0.01,3.7573532116643777,3.7573532116643777,0.825448751449585,0.8215267062187195,0.8431587815284729,0.8988985419273376
sub-cp024_ses-20210629_level-04B_run-009,sub-cp024,3,10000,44,51,50,3,3,4.0,0.05,2.888871328849455,0.01,2.760867075752344,2.760867075752344,0.7688533067703247,0.7499978542327881,0.7642763257026672,0.8072972297668457
sub-cp025_ses-20210820_level-01B_run-001,sub-cp025,3,10000,44,51,50,0,1,1.0,0.05,2.1806902488626005,0.01,1.3723637777041209,1.3723637777041209,0.8853237628936768,0.8889703154563904,0.8787515163421631,0.8343712687492371
sub-cp025_ses-20210820_level-01B_run-007,sub-cp025,3,10000,44,51,50,0,0,1.0,0.05,1.9846273294092986,0.01,0.5640196841323903,1.0,0.9108167290687561,0.8932102918624878,0.8798086047172546,0.8333089351654053
sub-cp025_ses-20210820_level-01B_run-012,sub-cp025,3,10000,44,51,50,0,0,1.0,0.05,2.2484319506647186,0.01,1.1708654362354325,1.1708654362354325,0.8851993083953857,0.8709878325462341,0.8710408806800842,0.8501631617546082
sub-cp025_ses-20210820_level-02B_run-003,sub-cp025,3,10000,44,51,50,1,1,2.0,0.05,2.212605504907777,0.01,1.7948522556620885,1.7948522556620885,0.8897615671157837,0.9087306261062622,0.8985795974731445,0.8338347673416138
sub-cp025_ses-20210820_level-02B_run-008,sub-cp025,3,10000,44,51,50,1,1,2.0,0.05,2.039118026799633,0.01,1.8537902520040956,1.8537902520040956,0.9133955240249634,0.933074414730072,0.9063280820846558,0.8129223585128784
sub-cp025_ses-20210820_level-02B_run-010,sub-cp025,3,10000,44,51,50,1,1,2.0,0.05,2.0499435153132195,0.01,1.6442490647554886,1.6442490647554886,0.9174788594245911,0.9292015433311462,0.9083368182182312,0.8273916244506836
sub-cp025_ses-20210820_level-03B_run-002,sub-cp025,3,10000,44,51,50,2,2,3.0,0.05,2.3491678791436232,0.01,2.986385191545833,2.986385191545833,0.8998710513114929,0.9204515218734741,0.9275133609771729,0.8600801825523376
sub-cp025_ses-20210820_level-03B_run-005,sub-cp025,3,10000,44,51,50,2,2,3.0,0.05,2.533954957808817,0.01,2.9154952408634722,2.9154952408634722,0.8734337091445923,0.8780046105384827,0.8905931711196899,0.8733011484146118
sub-cp025_ses-20210820_level-03B_run-011,sub-cp025,3,10000,44,51,50,2,2,3.0,0.05,2.3002463462406015,0.01,2.8572729139956623,2.8572729139956623,0.8768053650856018,0.8942617774009705,0.8975846767425537,0.8299306631088257
sub-cp025_ses-20210820_level-04B_run-004,sub-cp025,3,10000,44,51,50,3,3,4.0,0.05,3.1884417640580542,0.01,4.032668272189399,4.0,0.8014765381813049,0.802345871925354,0.8242472410202026,0.8772637248039246
sub-cp025_ses-20210820_level-04B_run-006,sub-cp025,3,10000,44,51,50,3,3,4.0,0.05,2.96848169725384,0.01,4.199657960061488,4.0,0.8779391646385193,0.875542402267456,0.8945268988609314,0.9287134408950806
sub-cp025_ses-20210820_level-04B_run-009,sub-cp025,3,10000,44,51,50,3,3,4.0,0.05,3.061087442697528,0.01,4.1878635961274,4.0,0.861457109451294,0.8593770265579224,0.8809143900871277,0.9222809076309204
sub-cp037_ses-20210113_level-01B_run-001,sub-cp037,3,10000,44,51,50,0,0,1.0,0.05,2.139815629787562,0.01,1.258020826619737,1.258020826619737,0.8954440951347351,0.8853307962417603,0.8737066388130188,0.84637051820755
sub-cp037_ses-20210113_level-01B_run-007,sub-cp037,3,10000,44,51,50,0,0,1.0,0.05,2.012575124658288,0.01,1.0741402092882,1.0741402092882,0.887161135673523,0.8787885904312134,0.862516462802887,0.8094484806060791
sub-cp037_ses-20210113_level-01B_run-012,sub-cp037,3,10000,44,51,50,0,0,1.0,0.05,1.9427322610984583,0.01,1.1723180827172035,1.1723180827172035,0.9199250340461731,0.9098345637321472,0.8888710141181946,0.8280874490737915
sub-cp037_ses-20210113_level-02B_run-003,sub-cp037,3,10000,44,51,50,1,1,2.0,0.05,2.1776825398796853,0.01,1.7799329406076008,1.7799329406076008,0.8758664131164551,0.8894187211990356,0.8793489933013916,0.8140272498130798
sub-cp037_ses-20210113_level-02B_run-008,sub-cp037,3,10000,44,51,50,1,0,2.0,0.05,2.2322183941447182,0.01,1.677406933485828,1.677406933485828,0.8957633972167969,0.8943247199058533,0.8880139589309692,0.8561388850212097
sub-cp037_ses-20210113_level-02B_run-010,sub-cp037,3,10000,44,51,50,1,1,2.0,0.05,2.048690648636533,0.01,1.6669147624450675,1.6669147624450675,0.9253478050231934,0.9295424222946167,0.9104023575782776,0.8456215858459473
sub-cp037_ses-20210113_level-03B_run-002,sub-cp037,3,10000,44,51,50,2,2,3.0,0.05,2.354220540712599,0.01,2.925237933949855,2.925237933949855,0.8681110739707947,0.8836395740509033,0.8921261429786682,0.8316357135772705
sub-cp037_ses-20210113_level-03B_run-005,sub-cp037,3,10000,44,51,50,2,2,3.0,0.05,2.292347962528113,0.01,3.024417038762925,3.024417038762925,0.8718453049659729,0.8947835564613342,0.897955060005188,0.816274106502533
sub-cp037_ses-20210113_level-03B_run-011,sub-cp037,3,10000,44,51,50,2,2,3.0,0.05,2.295886171459517,0.01,2.9861229565738476,2.9861229565738476,0.9017652869224548,0.9179867506027222,0.9237661957740784,0.8505508899688721
sub-cp037_ses-20210113_level-04B_run-004,sub-cp037,3,10000,44,51,50,3,3,4.0,0.05,3.024356452525979,0.01,4.1308752761722705,4.0,0.8277352452278137,0.8267683386802673,0.8476386666297913,0.8849763870239258
sub-cp037_ses-20210113_level-04B_run-006,sub-cp037,3,10000,44,51,50,3,3,4.0,0.05,3.066679661487947,0.01,3.9061108311150687,3.9061108311150687,0.8289421200752258,0.8278695940971375,0.8469789624214172,0.8906493782997131
sub-cp037_ses-20210113_level-04B_run-009,sub-cp037,3,10000,44,51,50,3,3,4.0,0.05,3.1228932970925785,0.01,4.555355783574253,4.0,0.8535394072532654,0.8525699973106384,0.8756369948387146,0.9215106964111328
sub-cp008_ses-20210503_level-01B_run-001,sub-cp008,3,1000,45,51,50,0,1,1.0,0.05,2.3325183841003536,0.1,2.2698107681303,2.2698107681303,0.8836808204650879,0.8845253586769104,0.8758357763290405,0.8628872036933899
sub-cp008_ses-20210503_level-01B_run-007,sub-cp008,3,1000,45,51,50,0,1,1.0,0.05,2.022610028257278,0.1,1.1246014500610069,1.1246014500610069,0.8894426226615906,0.8913164734840393,0.8741530776023865,0.7993409037590027
sub-cp008_ses-20210503_level-01B_run-012,sub-cp008,3,1000,45,51,50,0,1,1.0,0.05,1.9512374297364672,0.1,0.7979416669130015,1.0,0.9167569875717163,0.9171910285949707,0.8934496641159058,0.8103740215301514
sub-cp008_ses-20210503_level-02B_run-003,sub-cp008,3,1000,45,51,50,1,1,2.0,0.05,2.134176948443428,0.1,2.0679659968992765,2.0679659968992765,0.9085491299629211,0.9273512959480286,0.912176251411438,0.8313792943954468
sub-cp008_ses-20210503_level-02B_run-008,sub-cp008,3,1000,45,51,50,1,1,2.0,0.05,2.078876698948771,0.1,1.9428045667690703,1.9428045667690703,0.8819413781166077,0.9014767408370972,0.8813180327415466,0.7866635322570801
sub-cp008_ses-20210503_level-02B_run-010,sub-cp008,3,1000,45,51,50,1,1,2.0,0.05,1.9444289610169254,0.1,1.0354688006737338,1.0354688006737338,0.9017001390457153,0.9078730344772339,0.8776541352272034,0.7919678688049316
sub-cp008_ses-20210503_level-03B_run-002,sub-cp008,3,1000,45,51,50,2,2,3.0,0.05,2.275950365702503,0.1,2.2900940054501984,2.2900940054501984,0.8992540836334229,0.904819667339325,0.9115248918533325,0.8511645793914795
sub-cp008_ses-20210503_level-03B_run-005,sub-cp008,3,1000,45,51,50,2,2,3.0,0.05,2.2729348830576783,0.1,2.4726618068992785,2.4726618068992785,0.894035816192627,0.9162434339523315,0.9216209650039673,0.8252262473106384
sub-cp008_ses-20210503_level-03B_run-011,sub-cp008,3,1000,45,51,50,2,2,3.0,0.05,2.330576899953441,0.1,2.7253563201061506,2.7253563201061506,0.885827898979187,0.9130321145057678,0.9217838048934937,0.8280906081199646
sub-cp008_ses-20210503_level-04B_run-004,sub-cp008,3,1000,45,51,50,3,3,4.0,0.05,3.077778072644727,0.1,3.675631186403582,3.675631186403582,0.8419346809387207,0.8459373116493225,0.8675851821899414,0.9068073034286499
sub-cp008_ses-20210503_level-04B_run-006,sub-cp008,3,1000,45,51,50,3,3,4.0,0.05,3.141308291722562,0.1,3.886355223467252,3.886355223467252,0.8414726257324219,0.8426996469497681,0.8652240037918091,0.9122708439826965
sub-cp008_ses-20210503_level-04B_run-009,sub-cp008,3,1000,45,51,50,3,3,4.0,0.05,3.220297229592521,0.1,4.083570946257086,4.0,0.8472616672515869,0.8403570055961609,0.863948404788971,0.9236221313476562
sub-cp014_ses-20211112_level-01B_run-001,sub-cp014,3,1000,45,51,50,0,0,1.0,0.05,1.9550097899947945,0.1,1.2086605772249364,1.2086605772249364,0.8951501250267029,0.8925799131393433,0.8665539026260376,0.8027887940406799
sub-cp014_ses-20211112_level-01B_run-007,sub-cp014,3,1000,45,51,50,0,0,1.0,0.05,1.8915378631619242,0.1,0.9626785403256393,1.0,0.9176539182662964,0.8995815515518188,0.873501718044281,0.8289392590522766
sub-cp014_ses-20211112_level-01B_run-012,sub-cp014,3,1000,45,51,50,0,0,1.0,0.05,1.9339760148550396,0.1,1.032305711657663,1.032305711657663,0.9074076414108276,0.8879735469818115,0.86473548412323,0.8295227289199829
sub-cp014_ses-20211112_level-02B_run-003,sub-cp014,3,1000,45,51,50,1,1,2.0,0.05,2.022137398529974,0.1,1.693561410785676,1.693561410785676,0.9026785492897034,0.910768449306488,0.8850905299186707,0.8175349235534668
sub-cp014_ses-20211112_level-02B_run-008,sub-cp014,3,1000,45,51,50,1,1,2.0,0.05,2.144895807092431,0.1,2.1932987477264376,2.1932987477264376,0.8949326872825623,0.908004641532898,0.8973849415779114,0.8224149346351624
sub-cp014_ses-20211112_level-02B_run-010,sub-cp014,3,1000,45,51,50,1,1,2.0,0.05,2.02248472762272,0.1,1.505850610445019,1.505850610445019,0.9069184064865112,0.9112948775291443,0.8900299668312073,0.8202931880950928
sub-cp014_ses-20211112_level-03B_run-002,sub-cp014,3,1000,45,51,50,2,1,3.0,0.05,2.2258748545183384,0.1,2.7072118803434413,2.7072118803434413,0.8857735395431519,0.9095576405525208,0.9076710343360901,0.8100026845932007
sub-cp014_ses-20211112_level-03B_run-005,sub-cp014,3,1000,45,51,50,2,2,3.0,0.05,2.440962103501426,0.1,3.608890739782381,3.608890739782381,0.8838982582092285,0.9117950201034546,0.9269675612449646,0.8557793498039246
sub-cp014_ses-20211112_level-03B_run-011,sub-cp014,3,1000,45,51,50,2,2,3.0,0.05,2.370721962192221,0.1,3.3133162260969153,3.3133162260969153,0.8903123736381531,0.9138481020927429,0.9247421026229858,0.8488836884498596
sub-cp014_ses-20211112_level-04B_run-004,sub-cp014,3,1000,45,51,50,3,3,4.0,0.05,2.7300231358491924,0.1,3.532098012632641,3.532098012632641,0.8900949358940125,0.8850517868995667,0.8977106213569641,0.9146577715873718
sub-cp014_ses-20211112_level-04B_run-006,sub-cp014,3,1000,45,51,50,3,3,4.0,0.05,2.863971944629835,0.1,3.5318306863078273,3.5318306863078273,0.8886544704437256,0.8863415718078613,0.903111457824707,0.9282369613647461
sub-cp014_ses-20211112_level-04B_run-009,sub-cp014,3,1000,45,51,50,3,3,4.0,0.05,2.7870648912085656,0.1,3.6600499638135595,3.6600499638135595,0.8835721015930176,0.8871575593948364,0.9000446796417236,0.9163551926612854
sub-cp019_ses-20210625_level-01B_run-001,sub-cp019,3,1000,45,51,50,0,0,1.0,0.05,2.310694339045653,0.1,2.247963703102681,2.247963703102681,0.8765872120857239,0.8710221648216248,0.8627814054489136,0.8535515069961548
sub-cp019_ses-20210625_level-01B_run-007,sub-cp019,3,1000,45,51,50,0,0,1.0,0.05,2.064027058392884,0.1,1.4417986786554209,1.4417986786554209,0.8819685578346252,0.8774973750114441,0.8565934896469116,0.819868803024292
sub-cp019_ses-20210625_level-01B_run-012,sub-cp019,3,1000,45,51,50,0,0,1.0,0.05,2.048027275845236,0.1,1.7536085518829716,1.7536085518829716,0.8940629959106445,0.8911058902740479,0.8775727152824402,0.8158905506134033
sub-cp019_ses-20210625_level-02B_run-003,sub-cp019,3,1000,45,51,50,1,1,2.0,0.05,2.350278540088193,0.1,1.588075099813039,1.588075099813039,0.8630523681640625,0.8640731573104858,0.8615872263908386,0.8417227864265442
sub-cp019_ses-20210625_level-02B_run-008,sub-cp019,3,1000,45,51,50,1,1,2.0,0.05,2.1686001466397524,0.1,2.40547216997965,2.40547216997965,0.8847407698631287,0.9080835580825806,0.8967607021331787,0.8061305284500122
sub-cp019_ses-20210625_level-02B_run-010,sub-cp019,3,1000,45,51,50,1,1,2.0,0.05,2.0379574109091783,0.1,1.572014992320336,1.572014992320336,0.882756769657135,0.8935801386833191,0.8713304996490479,0.7920209169387817
sub-cp019_ses-20210625_level-03B_run-002,sub-cp019,3,1000,45,51,50,2,3,3.0,0.05,2.8821969966599723,0.1,3.0941258204664908,3.0941258204664908,0.8207626342773438,0.8184307813644409,0.8412864804267883,0.8619323968887329
sub-cp019_ses-20210625_level-03B_run-005,sub-cp019,3,1000,45,51,50,2,2,3.0,0.05,2.4068628678726918,0.1,3.0257608504050526,3.0257608504050526,0.8520994186401367,0.8783133625984192,0.8929882645606995,0.8144583702087402
sub-cp019_ses-20210625_level-03B_run-011,sub-cp019,3,1000,45,51,50,2,2,3.0,0.05,2.3832927092830465,0.1,3.2284957989566436,3.2284957989566436,0.8733258247375488,0.8953437209129333,0.9047399163246155,0.8395479917526245
sub-cp019_ses-20210625_level-04B_run-004,sub-cp019,3,1000,45,51,50,3,3,4.0,0.05,3.025399236969292,0.1,3.8182717477268575,3.8182717477268575,0.8328027129173279,0.8326183557510376,0.8529295921325684,0.8904168605804443
sub-cp019_ses-20210625_level-04B_run-006,sub-cp019,3,1000,45,51,50,3,3,4.0,0.05,3.094803634862777,0.1,3.3439375726853022,3.3439375726853022,0.8178002238273621,0.8154037594795227,0.8319231867790222,0.881929874420166
sub-cp019_ses-20210625_level-04B_run-009,sub-cp019,3,1000,45,51,50,3,3,4.0,0.05,3.12766628701882,0.1,3.736995647009581,3.736995647009581,0.8406572937965393,0.8376458287239075,0.8571363091468811,0.9081864356994629
sub-cp023_ses-20210628_level-01B_run-001,sub-cp023,3,1000,45,51,50,0,1,1.0,0.05,2.175107093212808,0.1,1.4946348594932828,1.4946348594932828,0.8621826171875,0.86323082447052,0.8552907705307007,0.8094192147254944
sub-cp023_ses-20210628_level-01B_run-007,sub-cp023,3,1000,45,51,50,0,0,1.0,0.05,2.1872216353654785,0.1,1.57529613514818,1.57529613514818,0.8813434839248657,0.8619937300682068,0.8541237115859985,0.8430488705635071
sub-cp023_ses-20210628_level-01B_run-012,sub-cp023,3,1000,45,51,50,0,0,1.0,0.05,2.257822369142331,0.1,1.5309944670860136,1.5309944670860136,0.8432392477989197,0.8202996253967285,0.8160191178321838,0.8149887919425964
sub-cp023_ses-20210628_level-02B_run-003,sub-cp023,3,1000,45,51,50,1,1,2.0,0.05,2.334440220262283,0.1,2.0098077523672395,2.0098077523672395,0.9024611115455627,0.9044511318206787,0.9010488390922546,0.8786941766738892
sub-cp023_ses-20210628_level-02B_run-008,sub-cp023,3,1000,45,51,50,1,1,2.0,0.05,2.1900462152288096,0.1,1.80363401814131,1.80363401814131,0.8721299767494202,0.8791293501853943,0.8693493008613586,0.8203462362289429
sub-cp023_ses-20210628_level-02B_run-010,sub-cp023,3,1000,45,51,50,1,2,2.0,0.05,2.4262995368210487,0.1,2.617442132240311,2.617442132240311,0.8490011096000671,0.8735227584838867,0.8797982335090637,0.8292575478553772
sub-cp023_ses-20210628_level-03B_run-002,sub-cp023,3,1000,45,51,50,2,2,3.0,0.05,2.3510121161452173,0.1,2.8501619767338555,2.8501619767338555,0.8878663182258606,0.9040036797523499,0.9127461910247803,0.8496793508529663
sub-cp023_ses-20210628_level-03B_run-005,sub-cp023,3,1000,45,51,50,2,2,3.0,0.05,2.560359756270449,0.1,3.0840084726193586,3.0840084726193586,0.8741139769554138,0.8769446015357971,0.8885915875434875,0.8783228993415833
sub-cp023_ses-20210628_level-03B_run-011,sub-cp023,3,1000,45,51,50,2,0,3.0,0.05,2.0718013630883645,0.1,1.1653405648617987,1.1653405648617987,0.8527517318725586,0.8256693482398987,0.8170504570007324,0.799075722694397
sub-cp023_ses-20210628_level-04B_run-004,sub-cp023,3,1000,45,51,50,3,3,4.0,0.05,3.323490177088698,0.1,4.109899731303327,4.0,0.8168489336967468,0.8112711906433105,0.8351528644561768,0.9053751230239868
sub-cp023_ses-20210628_level-04B_run-006,sub-cp023,3,1000,45,51,50,3,3,4.0,0.05,3.2833921031484423,0.1,3.3357525944186204,3.3357525944186204,0.7958400249481201,0.78444904088974,0.8096683621406555,0.8776333332061768
sub-cp023_ses-20210628_level-04B_run-009,sub-cp023,3,1000,45,51,50,3,3,4.0,0.05,3.1000519888450953,0.1,3.5394005006157045,3.5394005006157045,0.7971445322036743,0.7991893887519836,0.8287749290466309,0.8641071915626526
sub-cp024_ses-20210629_level-01B_run-001,sub-cp024,3,1000,45,51,50,0,1,1.0,0.05,2.3247331468936085,0.1,1.9233662590441925,1.9233662590441925,0.8419890403747559,0.8445159196853638,0.84299635887146,0.8150418400764465
sub-cp024_ses-20210629_level-01B_run-007,sub-cp024,3,1000,45,51,50,0,3,1.0,0.05,2.544098545827877,0.1,1.9987299098993165,1.9987299098993165,0.8234533071517944,0.8203522562980652,0.8196016550064087,0.8292044997215271
sub-cp024_ses-20210629_level-01B_run-012,sub-cp024,3,1000,45,51,50,0,0,1.0,0.05,2.2498878091829306,0.1,1.5944247683259347,1.5944247683259347,0.8951773047447205,0.8841305375099182,0.8843305706977844,0.8588559031486511
sub-cp024_ses-20210629_level-02B_run-003,sub-cp024,3,1000,45,51,50,1,1,2.0,0.05,2.2414021785765468,0.1,1.687067009971249,1.687067009971249,0.8849853873252869,0.8887895345687866,0.8860946893692017,0.8407679796218872
sub-cp024_ses-20210629_level-02B_run-008,sub-cp024,3,1000,45,51,50,1,3,2.0,0.05,2.5375820099507167,0.1,1.6958650181472694,1.6958650181472694,0.802036702632904,0.7917665243148804,0.7974010705947876,0.805069625377655
sub-cp024_ses-20210629_level-02B_run-010,sub-cp024,3,1000,45,51,50,1,2,2.0,0.05,2.436707021745987,0.1,2.484312835110588,2.484312835110588,0.8788430690765381,0.8950541615486145,0.9069382548332214,0.8590680360794067
sub-cp024_ses-20210629_level-03B_run-002,sub-cp024,3,1000,45,51,50,2,3,3.0,0.05,2.959752143450686,0.1,3.31973280476999,3.31973280476999,0.7801580429077148,0.7720513343811035,0.7999793887138367,0.8281435966491699
sub-cp024_ses-20210629_level-03B_run-005,sub-cp024,3,1000,45,51,50,2,2,3.0,0.05,2.4536635114233576,0.1,2.435254762646831,2.435254762646831,0.8594376444816589,0.8734174966812134,0.8845205903053284,0.8446932435035706
sub-cp024_ses-20210629_level-03B_run-011,sub-cp024,3,1000,45,51,50,2,3,3.0,0.05,2.863159457873304,0.1,3.1383002653223695,3.1383002653223695,0.828372597694397,0.8166408538818359,0.8321132063865662,0.865698516368866
sub-cp024_ses-20210629_level-04B_run-004,sub-cp024,3,1000,45,51,50,3,3,4.0,0.05,2.945344183351134,0.1,3.1892266334341497,3.1892266334341497,0.8309817314147949,0.8159564733505249,0.83493572473526,0.875829815864563
sub-cp024_ses-20210629_level-04B_run-006,sub-cp024,3,1000,45,51,50,3,3,4.0,0.05,3.176484381597028,0.1,3.794759144898592,3.794759144898592,0.8236979246139526,0.8242216110229492,0.8485057353973389,0.8982142806053162
sub-cp024_ses-20210629_level-04B_run-009,sub-cp024,3,1000,45,51,50,3,3,4.0,0.05,2.8780539679302377,0.1,2.910964611011227,2.910964611011227,0.768036425113678,0.7590482831001282,0.7713738083839417,0.8077218532562256
sub-cp025_ses-20210820_level-01B_run-001,sub-cp025,3,1000,45,51,50,0,0,1.0,0.05,2.1127092745912535,0.1,1.5288659793878419,1.5288659793878419,0.8903939127922058,0.8874471187591553,0.8746144771575928,0.8306897282600403
sub-cp025_ses-20210820_level-01B_run-007,sub-cp025,3,1000,45,51,50,0,0,1.0,0.05,1.9265034043572205,0.1,0.46768862340686246,1.0,0.9176267385482788,0.8993973135948181,0.8798253536224365,0.8316444754600525
sub-cp025_ses-20210820_level-01B_run-012,sub-cp025,3,1000,45,51,50,0,0,1.0,0.05,2.1226938608054438,0.1,1.1635436996802668,1.1635436996802668,0.8658245801925659,0.8519123792648315,0.8437291383743286,0.812920093536377
sub-cp025_ses-20210820_level-02B_run-003,sub-cp025,3,1000,45,51,50,1,1,2.0,0.05,2.129284576297109,0.1,1.6612529873470212,1.6612529873470212,0.8830013275146484,0.8947646617889404,0.8794996738433838,0.8150948882102966
sub-cp025_ses-20210820_level-02B_run-008,sub-cp025,3,1000,45,51,50,1,1,2.0,0.05,2.099584309889122,0.1,1.8791617048844258,1.8791617048844258,0.9008576273918152,0.9223764538764954,0.9053098559379578,0.8030009269714355
sub-cp025_ses-20210820_level-02B_run-010,sub-cp025,3,1000,45,51,50,1,1,2.0,0.05,1.9526255373572021,0.1,1.3399843358918755,1.3399843358918755,0.9186323285102844,0.9245348572731018,0.8961907625198364,0.8094722628593445
sub-cp025_ses-20210820_level-03B_run-002,sub-cp025,3,1000,45,51,50,2,2,3.0,0.05,2.356219717181678,0.1,2.7151597603577495,2.7151597603577495,0.8909646272659302,0.9071623086929321,0.9193140864372253,0.8492549657821655
sub-cp025_ses-20210820_level-03B_run-005,sub-cp025,3,1000,45,51,50,2,2,3.0,0.05,2.518078503714433,0.1,2.950699700902036,2.950699700902036,0.8772395253181458,0.8866047859191895,0.9013745188713074,0.8730185031890869
sub-cp025_ses-20210820_level-03B_run-011,sub-cp025,3,1000,45,51,50,2,2,3.0,0.05,2.3508769492553023,0.1,3.0205569095153253,3.0205569095153253,0.873380184173584,0.8888158798217773,0.9015916585922241,0.8296288251876831
sub-cp025_ses-20210820_level-04B_run-004,sub-cp025,3,1000,45,51,50,3,3,4.0,0.05,3.2239585256677357,0.1,3.638858603146398,3.638858603146398,0.7940734028816223,0.7931616306304932,0.8202258348464966,0.8735489845275879
sub-cp025_ses-20210820_level-04B_run-006,sub-cp025,3,1000,45,51,50,3,3,4.0,0.05,2.9870501625870123,0.1,3.656630030494928,3.656630030494928,0.8831100463867188,0.8762339353561401,0.8949152231216431,0.9344961047172546
sub-cp025_ses-20210820_level-04B_run-009,sub-cp025,3,1000,45,51,50,3,3,4.0,0.05,3.137962638379427,0.1,3.763701430656528,3.763701430656528,0.8597637414932251,0.8578875064849854,0.8818608522415161,0.9290856719017029
sub-cp037_ses-20210113_level-01B_run-001,sub-cp037,3,1000,45,51,50,0,0,1.0,0.05,2.0562526515871897,0.1,1.103090676963098,1.103090676963098,0.8947424292564392,0.8801822662353516,0.8640298247337341,0.8349332213401794
sub-cp037_ses-20210113_level-01B_run-007,sub-cp037,3,1000,45,51,50,0,0,1.0,0.05,1.9762491249443646,0.1,1.4452710715555899,1.4452710715555899,0.8808814287185669,0.8793399333953857,0.8526310324668884,0.7961052656173706
sub-cp037_ses-20210113_level-01B_run-012,sub-cp037,3,1000,45,51,50,0,0,1.0,0.05,1.876808808264482,0.1,0.9529469175084921,1.0,0.9121910333633423,0.9058725237846375,0.8753743767738342,0.8011444211006165
sub-cp037_ses-20210113_level-02B_run-003,sub-cp037,3,1000,45,51,50,1,1,2.0,0.05,2.1143402523410115,0.1,1.901363220331707,1.901363220331707,0.8792235255241394,0.892053484916687,0.8769756555557251,0.8035843968391418
sub-cp037_ses-20210113_level-02B_run-008,sub-cp037,3,1000,45,51,50,1,0,2.0,0.05,2.091578806220679,0.1,1.424491070546642,1.424491070546642,0.8984930515289307,0.8949752449989319,0.8771656155586243,0.8392828106880188
sub-cp037_ses-20210113_level-02B_run-010,sub-cp037,3,1000,45,51,50,1,0,2.0,0.05,1.9918212037008116,0.1,1.446317254982896,1.446317254982896,0.9247474670410156,0.9235082864761353,0.9017001986503601,0.8371080160140991
sub-cp037_ses-20210113_level-03B_run-002,sub-cp037,3,1000,45,51,50,2,2,3.0,0.05,2.3841246681812494,0.1,3.067673129766882,3.067673129766882,0.8700915575027466,0.8794715404510498,0.8927711248397827,0.8396010398864746
sub-cp037_ses-20210113_level-03B_run-005,sub-cp037,3,1000,45,51,50,2,2,3.0,0.05,2.2744682118802926,0.1,2.8418845109977893,2.8418845109977893,0.863405704498291,0.8816299438476562,0.8859861493110657,0.8043800592422485
sub-cp037_ses-20210113_level-03B_run-011,sub-cp037,3,1000,45,51,50,2,2,3.0,0.05,2.305547636421358,0.1,2.885114797107574,2.885114797107574,0.8965362310409546,0.9155590534210205,0.921241044998169,0.8458071351051331
sub-cp037_ses-20210113_level-04B_run-004,sub-cp037,3,1000,45,51,50,3,3,4.0,0.05,3.0192831904654494,0.1,3.5013285709751445,3.5013285709751445,0.8331016898155212,0.8285910487174988,0.8536080718040466,0.8886663913726807
sub-cp037_ses-20210113_level-04B_run-006,sub-cp037,3,1000,45,51,50,3,3,4.0,0.05,3.129744919322761,0.1,4.135133829892185,4.0,0.8287802934646606,0.8244584798812866,0.8476101160049438,0.8962516188621521
sub-cp037_ses-20210113_level-04B_run-009,sub-cp037,3,1000,45,51,50,3,3,4.0,0.05,3.1606573677517114,0.1,4.426844106821491,4.0,0.8569643497467041,0.8578611612319946,0.8856332898139954,0.9301465153694153
sub-cp008_ses-20210503_level-01B_run-001,sub-cp008,3,2000,45,51,50,0,0,1.0,0.05,2.2834147607183857,0.1,2.086369311635873,2.086369311635873,0.8950773477554321,0.8927552103996277,0.8841214179992676,0.866968035697937
sub-cp008_ses-20210503_level-01B_run-007,sub-cp008,3,2000,45,51,50,0,1,1.0,0.05,2.014931020542233,0.1,1.405037336009934,1.405037336009934,0.894281804561615,0.8948318958282471,0.8782923817634583,0.802171528339386
sub-cp008_ses-20210503_level-01B_run-012,sub-cp008,3,2000,45,51,50,0,1,1.0,0.05,1.9887771282125073,0.1,1.0059605406195424,1.0059605406195424,0.9199956655502319,0.922977864742279,0.9022414088249207,0.8191981315612793
sub-cp008_ses-20210503_level-02B_run-003,sub-cp008,3,2000,45,51,50,1,1,2.0,0.05,2.1276979283382955,0.1,1.9948858804124552,1.9948858804124552,0.9109209775924683,0.9318983554840088,0.9142360687255859,0.8324646353721619
sub-cp008_ses-20210503_level-02B_run-008,sub-cp008,3,2000,45,51,50,1,1,2.0,0.05,2.0822947280705426,0.1,1.9387056526122861,1.9387056526122861,0.8845329284667969,0.904405415058136,0.8844175934791565,0.7899377942085266
sub-cp008_ses-20210503_level-02B_run-010,sub-cp008,3,2000,45,51,50,1,1,2.0,0.05,1.9991978985951717,0.1,1.2930786569244748,1.2930786569244748,0.9065791368484497,0.9166955947875977,0.8916467428207397,0.8037338256835938
sub-cp008_ses-20210503_level-03B_run-002,sub-cp008,3,2000,45,51,50,2,2,3.0,0.05,2.330258182587203,0.1,2.894117799690033,2.894117799690033,0.897504448890686,0.9122418761253357,0.9208729267120361,0.8543900847434998
sub-cp008_ses-20210503_level-03B_run-005,sub-cp008,3,2000,45,51,50,2,2,3.0,0.05,2.273970689072778,0.1,2.9264273261069587,2.9264273261069587,0.9002417325973511,0.9244536757469177,0.9272943139076233,0.8353509306907654
sub-cp008_ses-20210503_level-03B_run-011,sub-cp008,3,2000,45,51,50,2,2,3.0,0.05,2.2878219444195667,0.1,2.877654589891783,2.877654589891783,0.8912209272384644,0.9180147647857666,0.9206844568252563,0.829260528087616
sub-cp008_ses-20210503_level-04B_run-004,sub-cp008,3,2000,45,51,50,3,3,4.0,0.05,3.007650141727376,0.1,3.7699172154011116,3.7699172154011116,0.8517534732818604,0.8550488352775574,0.8756268620491028,0.9086475372314453
sub-cp008_ses-20210503_level-04B_run-006,sub-cp008,3,2000,45,51,50,3,3,4.0,0.05,3.09890365808157,0.1,4.127068366445412,4.0,0.8495825529098511,0.8491322994232178,0.869770884513855,0.9150292277336121
sub-cp008_ses-20210503_level-04B_run-009,sub-cp008,3,2000,45,51,50,3,3,4.0,0.05,3.1514468217332228,0.1,4.122660590707365,4.0,0.8576864004135132,0.8451487421989441,0.8663111329078674,0.9244825839996338
sub-cp014_ses-20211112_level-01B_run-001,sub-cp014,3,2000,45,51,50,0,0,1.0,0.05,1.9683408584556745,0.1,1.1912328153261855,1.1912328153261855,0.9129705429077148,0.9095905423164368,0.8860465288162231,0.8230907320976257
sub-cp014_ses-20211112_level-01B_run-007,sub-cp014,3,2000,45,51,50,0,0,1.0,0.05,1.9141417560155638,0.1,1.1755685047986666,1.1755685047986666,0.9263736009597778,0.9106354117393494,0.8884158730506897,0.8361453413963318
sub-cp014_ses-20211112_level-01B_run-012,sub-cp014,3,2000,45,51,50,0,0,1.0,0.05,1.9375894673207852,0.1,1.1586359094090026,1.1586359094090026,0.9145481586456299,0.8994423747062683,0.8773365616798401,0.8308493494987488
sub-cp014_ses-20211112_level-02B_run-003,sub-cp014,3,2000,45,51,50,1,1,2.0,0.05,2.046370521350296,0.1,1.7762370399918408,1.7762370399918408,0.9135638475418091,0.922808051109314,0.900612473487854,0.8298431038856506
sub-cp014_ses-20211112_level-02B_run-008,sub-cp014,3,2000,45,51,50,1,1,2.0,0.05,2.1575446529190137,0.1,2.243662800517474,2.243662800517474,0.9095321297645569,0.925694465637207,0.9150303602218628,0.8373369574546814
sub-cp014_ses-20211112_level-02B_run-010,sub-cp014,3,2000,45,51,50,1,1,2.0,0.05,2.101045693849085,0.1,1.8254679901663429,1.8254679901663429,0.9098827242851257,0.9227166175842285,0.9048530459403992,0.8342917561531067
sub-cp014_ses-20211112_level-03B_run-002,sub-cp014,3,2000,45,51,50,2,1,3.0,0.05,2.2503863137531517,0.1,2.7328345040900217,2.7328345040900217,0.90159010887146,0.9252112507820129,0.9247903823852539,0.8347684144973755
sub-cp014_ses-20211112_level-03B_run-005,sub-cp014,3,2000,45,51,50,2,2,3.0,0.05,2.3613187310158508,0.1,3.277380349227095,3.277380349227095,0.897652804851532,0.9228864312171936,0.9317906498908997,0.8548137545585632
sub-cp014_ses-20211112_level-03B_run-011,sub-cp014,3,2000,45,51,50,2,2,3.0,0.05,2.331205230523536,0.1,3.16150768709544,3.16150768709544,0.9003495573997498,0.924976110458374,0.931709885597229,0.8509211540222168
sub-cp014_ses-20211112_level-04B_run-004,sub-cp014,3,2000,45,51,50,3,3,4.0,0.05,2.6955796216064485,0.1,3.685150879134231,3.685150879134231,0.8971134424209595,0.8983844518661499,0.9106282591819763,0.918736457824707
sub-cp014_ses-20211112_level-04B_run-006,sub-cp014,3,2000,45,51,50,3,3,4.0,0.05,2.7947607293950147,0.1,3.5586513359988095,3.5586513359988095,0.8910321593284607,0.8919976949691772,0.9057684540748596,0.9239794611930847
sub-cp014_ses-20211112_level-04B_run-009,sub-cp014,3,2000,45,51,50,3,3,4.0,0.05,2.7485623741071725,0.1,3.7485077712666173,3.7485077712666173,0.8867038488388062,0.8920369148254395,0.9047857522964478,0.9153735041618347
sub-cp019_ses-20210625_level-01B_run-001,sub-cp019,3,2000,45,51,50,0,0,1.0,0.05,2.229236870733329,0.1,1.6671350236080507,1.6671350236080507,0.8897242546081543,0.8796553015708923,0.8716690540313721,0.8547343015670776
sub-cp019_ses-20210625_level-01B_run-007,sub-cp019,3,2000,45,51,50,0,0,1.0,0.05,2.0327594701900193,0.1,1.109847054945852,1.109847054945852,0.895994246006012,0.8893072009086609,0.8686938881874084,0.8276187777519226
sub-cp019_ses-20210625_level-01B_run-012,sub-cp019,3,2000,45,51,50,0,0,1.0,0.05,2.0499888833669115,0.1,1.81865339113862,1.81865339113862,0.8902231454849243,0.8885496854782104,0.8741864562034607,0.8121280074119568
sub-cp019_ses-20210625_level-02B_run-003,sub-cp019,3,2000,45,51,50,1,2,2.0,0.05,2.335131242253672,0.1,1.520800576767682,1.520800576767682,0.8715883493423462,0.871492326259613,0.8721402287483215,0.8459694385528564
sub-cp019_ses-20210625_level-02B_run-008,sub-cp019,3,2000,45,51,50,1,1,2.0,0.05,2.168234516124862,0.1,2.2656744373916924,2.2656744373916924,0.8948885798454285,0.9154286980628967,0.9045299291610718,0.8204427361488342
sub-cp019_ses-20210625_level-02B_run-010,sub-cp019,3,2000,45,51,50,1,1,2.0,0.05,2.0751794876480343,0.1,1.4769945836312337,1.4769945836312337,0.8908568620681763,0.900918185710907,0.8828425407409668,0.8096388578414917
sub-cp019_ses-20210625_level-03B_run-002,sub-cp019,3,2000,45,51,50,2,3,3.0,0.05,2.9144858561858227,0.1,3.1370341832475273,3.1370341832475273,0.8247721195220947,0.8257535099983215,0.8499277830123901,0.8704369068145752
sub-cp019_ses-20210625_level-03B_run-005,sub-cp019,3,2000,45,51,50,2,2,3.0,0.05,2.3881632117207783,0.1,3.012451108642634,3.012451108642634,0.8673678636550903,0.8921414017677307,0.9041126370429993,0.8290752172470093
sub-cp019_ses-20210625_level-03B_run-011,sub-cp019,3,2000,45,51,50,2,2,3.0,0.05,2.35576805971286,0.1,3.0666925324420182,3.0666925324420182,0.8840609788894653,0.9070045351982117,0.9147745966911316,0.8433214426040649
sub-cp019_ses-20210625_level-04B_run-004,sub-cp019,3,2000,45,51,50,3,3,4.0,0.05,3.0486419193571273,0.1,3.7435037718605213,3.7435037718605213,0.8381211757659912,0.8365156054496765,0.857735812664032,0.897764265537262
sub-cp019_ses-20210625_level-04B_run-006,sub-cp019,3,2000,45,51,50,3,3,4.0,0.05,3.1257031862940168,0.1,3.5102356742971823,3.5102356742971823,0.8172885179519653,0.8140641450881958,0.8344598412513733,0.8845772743225098
sub-cp019_ses-20210625_level-04B_run-009,sub-cp019,3,2000,45,51,50,3,3,4.0,0.05,3.1357027923553487,0.1,4.015732783986237,4.0,0.8380268216133118,0.8374167680740356,0.8569954037666321,0.9073235392570496
sub-cp023_ses-20210628_level-01B_run-001,sub-cp023,3,2000,45,51,50,0,0,1.0,0.05,2.1172598992998437,0.1,1.2254203339757308,1.2254203339757308,0.8577808141708374,0.8566291928291321,0.8440313935279846,0.7972727417945862
sub-cp023_ses-20210628_level-01B_run-007,sub-cp023,3,2000,45,51,50,0,0,1.0,0.05,2.2152513750142218,0.1,1.3830532689455024,1.3830532689455024,0.8921782970428467,0.8758415579795837,0.8701612949371338,0.8559788465499878
sub-cp023_ses-20210628_level-01B_run-012,sub-cp023,3,2000,45,51,50,0,0,1.0,0.05,2.329312091016689,0.1,1.772118256208293,1.772118256208293,0.8502027988433838,0.8307427167892456,0.8302462697029114,0.8294194340705872
sub-cp023_ses-20210628_level-02B_run-003,sub-cp023,3,2000,45,51,50,1,1,2.0,0.05,2.352335828151749,0.1,2.4224762239227506,2.4224762239227506,0.9086691737174988,0.9146450757980347,0.9125533103942871,0.8861131072044373
sub-cp023_ses-20210628_level-02B_run-008,sub-cp023,3,2000,45,51,50,1,1,2.0,0.05,2.2171036673107722,0.1,1.7473406524883215,1.7473406524883215,0.8759976029396057,0.8870999217033386,0.8788846731185913,0.8262153267860413
sub-cp023_ses-20210628_level-02B_run-010,sub-cp023,3,2000,45,51,50,1,2,2.0,0.05,2.3492386572290713,0.1,2.834755752797899,2.834755752797899,0.8632147908210754,0.8850885629653931,0.8883889317512512,0.8278306126594543
sub-cp023_ses-20210628_level-03B_run-002,sub-cp023,3,2000,45,51,50,2,2,3.0,0.05,2.395882203655977,0.1,3.082446407715043,3.082446407715043,0.8934053778648376,0.911850094795227,0.9220036864280701,0.8643994927406311
sub-cp023_ses-20210628_level-03B_run-005,sub-cp023,3,2000,45,51,50,2,2,3.0,0.05,2.555373540458122,0.1,3.10792446657293,3.10792446657293,0.8879578709602356,0.8911617994308472,0.9038568139076233,0.8910383582115173
sub-cp023_ses-20210628_level-03B_run-011,sub-cp023,3,2000,45,51,50,2,0,3.0,0.05,2.148148066093391,0.1,1.0599068785831576,1.0599068785831576,0.8729637265205383,0.8508824110031128,0.845889151096344,0.8276187777519226
sub-cp023_ses-20210628_level-04B_run-004,sub-cp023,3,2000,45,51,50,3,3,4.0,0.05,3.316331454594406,0.1,4.294216701834044,4.0,0.8196212649345398,0.8173946738243103,0.8414466977119446,0.9087534546852112
sub-cp023_ses-20210628_level-04B_run-006,sub-cp023,3,2000,45,51,50,3,3,4.0,0.05,3.292914265754024,0.1,3.547038596639591,3.547038596639591,0.7922083735466003,0.7784605026245117,0.8045740723609924,0.8742765188217163
sub-cp023_ses-20210628_level-04B_run-009,sub-cp023,3,2000,45,51,50,3,3,4.0,0.05,3.1355064620123443,0.1,3.5613235730715322,3.5613235730715322,0.8037506341934204,0.8038506507873535,0.8282134532928467,0.8735880255699158
sub-cp024_ses-20210629_level-01B_run-001,sub-cp024,3,2000,45,51,50,0,0,1.0,0.05,2.331135918071344,0.1,1.7890230451744236,1.7890230451744236,0.8567560315132141,0.8508301973342896,0.8503316640853882,0.8329677581787109
sub-cp024_ses-20210629_level-01B_run-007,sub-cp024,3,2000,45,51,50,0,0,1.0,0.05,2.4182470501028988,0.1,1.7055129645848073,1.7055129645848073,0.8395639657974243,0.8291885256767273,0.8260595202445984,0.8302932977676392
sub-cp024_ses-20210629_level-01B_run-012,sub-cp024,3,2000,45,51,50,0,0,1.0,0.05,2.2324069459843296,0.1,1.5430048207911935,1.5430048207911935,0.9037610292434692,0.8893072009086609,0.8909332752227783,0.8649026155471802
sub-cp024_ses-20210629_level-02B_run-003,sub-cp024,3,2000,45,51,50,1,1,2.0,0.05,2.2450952555508614,0.1,1.7831386141548253,1.7831386141548253,0.8865690231323242,0.8885104656219482,0.887527346611023,0.8427388668060303
sub-cp024_ses-20210629_level-02B_run-008,sub-cp024,3,2000,45,51,50,1,3,2.0,0.05,2.602589008543017,0.1,1.7571397851886466,1.7571397851886466,0.82185959815979,0.8089835047721863,0.8166495561599731,0.8319615125656128
sub-cp024_ses-20210629_level-02B_run-010,sub-cp024,3,2000,45,51,50,1,2,2.0,0.05,2.3756791727310733,0.1,2.3096360558392925,2.3096360558392925,0.8886050581932068,0.9017933011054993,0.9103455543518066,0.8591035008430481
sub-cp024_ses-20210629_level-03B_run-002,sub-cp024,3,2000,45,51,50,2,3,3.0,0.05,2.901897352752779,0.1,3.2384753891251776,3.2384753891251776,0.7933005690574646,0.783906877040863,0.8098646402359009,0.8346889615058899
sub-cp024_ses-20210629_level-03B_run-005,sub-cp024,3,2000,45,51,50,2,2,3.0,0.05,2.42791832508627,0.1,2.6049236534870372,2.6049236534870372,0.863551914691925,0.8754627704620361,0.8875946402549744,0.8431625366210938
sub-cp024_ses-20210629_level-03B_run-011,sub-cp024,3,2000,45,51,50,2,3,3.0,0.05,2.865636316376049,0.1,2.8979417061743766,2.8979417061743766,0.838188648223877,0.8257143497467041,0.8442871570587158,0.8754151463508606
sub-cp024_ses-20210629_level-04B_run-004,sub-cp024,3,2000,45,51,50,3,3,4.0,0.05,2.8910546079773067,0.1,3.0449713828617395,3.0449713828617395,0.8449305891990662,0.8282742500305176,0.8459833860397339,0.8839152455329895
sub-cp024_ses-20210629_level-04B_run-006,sub-cp024,3,2000,45,51,50,3,3,4.0,0.05,3.1757058274424965,0.1,3.5952037983811085,3.5952037983811085,0.8328894376754761,0.8294627666473389,0.8512470722198486,0.9055758714675903
sub-cp024_ses-20210629_level-04B_run-009,sub-cp024,3,2000,45,51,50,3,3,4.0,0.05,2.8571266059595843,0.1,2.8092856971670774,2.8092856971670774,0.7707149982452393,0.756361722946167,0.7694919109344482,0.8069908618927002
sub-cp025_ses-20210820_level-01B_run-001,sub-cp025,3,2000,45,51,50,0,0,1.0,0.05,2.1292849141806287,0.1,1.5067778224678507,1.5067778224678507,0.8992438912391663,0.898567259311676,0.8888466358184814,0.8379989266395569
sub-cp025_ses-20210820_level-01B_run-007,sub-cp025,3,2000,45,51,50,0,0,1.0,0.05,1.9708717729126346,0.1,0.4936203496921332,1.0,0.9222070574760437,0.9039352536201477,0.8889408707618713,0.8436391949653625
sub-cp025_ses-20210820_level-01B_run-012,sub-cp025,3,2000,45,51,50,0,0,1.0,0.05,2.1814921917425463,0.1,1.3925398431454632,1.3925398431454632,0.8738806247711182,0.8583793044090271,0.8562011122703552,0.8289163112640381
sub-cp025_ses-20210820_level-02B_run-003,sub-cp025,3,2000,45,51,50,1,1,2.0,0.05,2.1456618782731365,0.1,1.7534171278041397,1.7534171278041397,0.8925288915634155,0.9064037203788757,0.8899505138397217,0.8295783400535583
sub-cp025_ses-20210820_level-02B_run-008,sub-cp025,3,2000,45,51,50,1,1,2.0,0.05,2.089636226083856,0.1,1.7896970294954095,1.7896970294954095,0.9111906886100769,0.9310624599456787,0.9130244851112366,0.8149348497390747
sub-cp025_ses-20210820_level-02B_run-010,sub-cp025,3,2000,45,51,50,1,1,2.0,0.05,2.018117950638531,0.1,1.3316256175337036,1.3316256175337036,0.9217620491981506,0.9306706190109253,0.9079896807670593,0.8264006972312927
sub-cp025_ses-20210820_level-03B_run-002,sub-cp025,3,2000,45,51,50,2,2,3.0,0.05,2.3664356793274925,0.1,2.958870437850634,2.958870437850634,0.896938145160675,0.9162907004356384,0.9274154901504517,0.8573822975158691
sub-cp025_ses-20210820_level-03B_run-005,sub-cp025,3,2000,45,51,50,2,2,3.0,0.05,2.4803017870760056,0.1,2.915751451218983,2.915751451218983,0.8859891891479492,0.8934866189956665,0.9050683975219727,0.8772952556610107
sub-cp025_ses-20210820_level-03B_run-011,sub-cp025,3,2000,45,51,50,2,2,3.0,0.05,2.321635073616315,0.1,2.5844063488836997,2.5844063488836997,0.8809866309165955,0.8918279409408569,0.9031433463096619,0.8346624970436096
sub-cp025_ses-20210820_level-04B_run-004,sub-cp025,3,2000,45,51,50,3,3,4.0,0.05,3.2153212588562115,0.1,4.040995122837324,4.0,0.8062721490859985,0.8072595000267029,0.8336656093597412,0.8855040669441223
sub-cp025_ses-20210820_level-04B_run-006,sub-cp025,3,2000,45,51,50,3,3,4.0,0.05,2.944427750135749,0.1,3.740158589978255,3.740158589978255,0.886542022228241,0.8816143870353699,0.900666356086731,0.9339889287948608
sub-cp025_ses-20210820_level-04B_run-009,sub-cp025,3,2000,45,51,50,3,3,4.0,0.05,3.064929039035798,0.1,3.9729132051495943,3.9729132051495943,0.864832878112793,0.8647398948669434,0.8882812261581421,0.926839292049408
sub-cp037_ses-20210113_level-01B_run-001,sub-cp037,3,2000,45,51,50,0,0,1.0,0.05,2.0979381422467966,0.1,0.9054589056205562,1.0,0.8949155807495117,0.8807393312454224,0.8679938912391663,0.8408588171005249
sub-cp037_ses-20210113_level-01B_run-007,sub-cp037,3,2000,45,51,50,0,0,1.0,0.05,1.989251077017054,0.1,1.3730550234158636,1.3730550234158636,0.9002417325973511,0.8961902260780334,0.8752768635749817,0.8150408267974854
sub-cp037_ses-20210113_level-01B_run-012,sub-cp037,3,2000,45,51,50,0,0,1.0,0.05,1.919429762056064,0.1,0.9822293771204638,1.0,0.9267916083335876,0.9177013039588928,0.8932217955589294,0.8299754858016968
sub-cp037_ses-20210113_level-02B_run-003,sub-cp037,3,2000,45,51,50,1,1,2.0,0.05,2.134290991140142,0.1,1.7950182284888823,1.7950182284888823,0.8847756385803223,0.895080029964447,0.8812136650085449,0.8182448744773865
sub-cp037_ses-20210113_level-02B_run-008,sub-cp037,3,2000,45,51,50,1,1,2.0,0.05,2.1510490625248972,0.1,1.5989738858353086,1.5989738858353086,0.9102872610092163,0.9103872776031494,0.898875892162323,0.8561906814575195
sub-cp037_ses-20210113_level-02B_run-010,sub-cp037,3,2000,45,51,50,1,1,2.0,0.05,2.069203526630837,0.1,1.5723798190777252,1.5723798190777252,0.9310255646705627,0.9344190359115601,0.9182074069976807,0.8551050424575806
sub-cp037_ses-20210113_level-03B_run-002,sub-cp037,3,2000,45,51,50,2,2,3.0,0.05,2.369136517880432,0.1,2.9814954050479185,2.9814954050479185,0.8747840523719788,0.8859505653381348,0.897085428237915,0.8419179916381836
sub-cp037_ses-20210113_level-03B_run-005,sub-cp037,3,2000,45,51,50,2,2,3.0,0.05,2.2760690814247115,0.1,3.0192118629132136,3.0192118629132136,0.8818091750144958,0.8998602628707886,0.9023221731185913,0.8274334073066711
sub-cp037_ses-20210113_level-03B_run-011,sub-cp037,3,2000,45,51,50,2,2,3.0,0.05,2.2893215533522002,0.1,2.85691280641922,2.85691280641922,0.9088444709777832,0.9258903861045837,0.9297444224357605,0.8578324317932129
sub-cp037_ses-20210113_level-04B_run-004,sub-cp037,3,2000,45,51,50,3,3,4.0,0.05,3.042768438989253,0.1,3.704571927403917,3.704571927403917,0.8299364447593689,0.8256882429122925,0.8491873741149902,0.8880990743637085
sub-cp037_ses-20210113_level-04B_run-006,sub-cp037,3,2000,45,51,50,3,3,4.0,0.05,3.0998377281812677,0.1,3.8790498450340607,3.8790498450340607,0.829653263092041,0.8270334601402283,0.850520133972168,0.8945337533950806
sub-cp037_ses-20210113_level-04B_run-009,sub-cp037,3,2000,45,51,50,3,3,4.0,0.05,3.1304398832825284,0.1,4.385514649882628,4.0,0.8602213859558105,0.8615530729293823,0.8868811726570129,0.9300433993339539
sub-cp008_ses-20210503_level-01B_run-001,sub-cp008,3,5000,45,51,50,0,0,1.0,0.05,2.264279912010762,0.01,1.8264430227216233,1.8264430227216233,0.8932579159736633,0.8848155736923218,0.8771400451660156,0.863359272480011
sub-cp008_ses-20210503_level-01B_run-007,sub-cp008,3,5000,45,51,50,0,0,1.0,0.05,1.9910305446442278,0.01,1.1326708044040568,1.1326708044040568,0.8912866115570068,0.8908805251121521,0.8716123104095459,0.7964365482330322
sub-cp008_ses-20210503_level-01B_run-012,sub-cp008,3,5000,45,51,50,0,1,1.0,0.05,1.9924782438609825,0.01,0.9156792656375838,1.0,0.9148557782173157,0.9189921021461487,0.8981649279594421,0.8131804466247559
sub-cp008_ses-20210503_level-02B_run-003,sub-cp008,3,5000,45,51,50,1,1,2.0,0.05,2.1301445950598534,0.01,2.1371054796050886,2.1371054796050886,0.9098683595657349,0.9304643273353577,0.9132426381111145,0.8322634696960449
sub-cp008_ses-20210503_level-02B_run-008,sub-cp008,3,5000,45,51,50,1,1,2.0,0.05,2.0799272371642936,0.01,1.9307900183818578,1.9307900183818578,0.8759634494781494,0.8947898149490356,0.8743492960929871,0.7840638756752014
sub-cp008_ses-20210503_level-02B_run-010,sub-cp008,3,5000,45,51,50,1,1,2.0,0.05,2.035173089133083,0.01,1.6218397216236426,1.6218397216236426,0.9050532579421997,0.9185954332351685,0.8946805000305176,0.8106191158294678
sub-cp008_ses-20210503_level-03B_run-002,sub-cp008,3,5000,45,51,50,2,2,3.0,0.05,2.337971672109911,0.01,2.8432793479370746,2.8432793479370746,0.9014500379562378,0.9162623882293701,0.9242497682571411,0.8615282773971558
sub-cp008_ses-20210503_level-03B_run-005,sub-cp008,3,5000,45,51,50,2,2,3.0,0.05,2.2448314331117003,0.01,2.6975166085583706,2.6975166085583706,0.9038737416267395,0.9265758395195007,0.9267125129699707,0.8344649076461792
sub-cp008_ses-20210503_level-03B_run-011,sub-cp008,3,5000,45,51,50,2,1,3.0,0.05,2.255976054482191,0.01,2.9538930135441177,2.9538930135441177,0.8877587914466858,0.9150305986404419,0.9137212038040161,0.8197002410888672
sub-cp008_ses-20210503_level-04B_run-004,sub-cp008,3,5000,45,51,50,3,3,4.0,0.05,3.024376038992859,0.01,3.8546154261076375,3.8546154261076375,0.8500783443450928,0.8517507910728455,0.8744676113128662,0.9082567095756531
sub-cp008_ses-20210503_level-04B_run-006,sub-cp008,3,5000,45,51,50,3,3,4.0,0.05,3.1191446432691037,0.01,4.107894538909905,4.0,0.8432649970054626,0.8405552506446838,0.8628904819488525,0.9101406335830688
sub-cp008_ses-20210503_level-04B_run-009,sub-cp008,3,5000,45,51,50,3,3,4.0,0.05,3.1261079676314494,0.01,4.168229245745268,4.0,0.8588736653327942,0.8449082374572754,0.8659769892692566,0.922555685043335
sub-cp014_ses-20211112_level-01B_run-001,sub-cp014,3,5000,45,51,50,0,0,1.0,0.05,1.986826274610785,0.01,1.236321249970336,1.236321249970336,0.917268693447113,0.9122799634933472,0.8916155099868774,0.832348108291626
sub-cp014_ses-20211112_level-01B_run-007,sub-cp014,3,5000,45,51,50,0,0,1.0,0.05,1.9400875608530221,0.01,1.2427769798017556,1.2427769798017556,0.9251376390457153,0.9103018641471863,0.889072060585022,0.840667188167572
sub-cp014_ses-20211112_level-01B_run-012,sub-cp014,3,5000,45,51,50,0,0,1.0,0.05,1.9520015211494883,0.01,1.0834325588473197,1.0834325588473197,0.9148342609405518,0.9000979661941528,0.8803341388702393,0.8319882750511169
sub-cp014_ses-20211112_level-02B_run-003,sub-cp014,3,5000,45,51,50,1,1,2.0,0.05,2.0448737384642457,0.01,1.9362238943179708,1.9362238943179708,0.9141663908958435,0.9252866506576538,0.9026710391044617,0.8269926309585571
sub-cp014_ses-20211112_level-02B_run-008,sub-cp014,3,5000,45,51,50,1,1,2.0,0.05,2.149592425609456,0.01,2.4778685119432886,2.4778685119432886,0.905791163444519,0.9208763241767883,0.9092258214950562,0.8340839147567749
sub-cp014_ses-20211112_level-02B_run-010,sub-cp014,3,5000,45,51,50,1,1,2.0,0.05,2.0814545717239117,0.01,1.854484145431564,1.854484145431564,0.9151897430419922,0.9250048398971558,0.9073492288589478,0.8362112641334534
sub-cp014_ses-20211112_level-03B_run-002,sub-cp014,3,5000,45,51,50,2,1,3.0,0.05,2.2375769807025794,0.01,2.7657322343986768,2.7657322343986768,0.9021447896957397,0.9274370670318604,0.9251047372817993,0.8310039639472961
sub-cp014_ses-20211112_level-03B_run-005,sub-cp014,3,5000,45,51,50,2,2,3.0,0.05,2.348156231051882,0.01,3.2500930680762714,3.2500930680762714,0.8980083465576172,0.9211529493331909,0.9291914105415344,0.8540030121803284
sub-cp014_ses-20211112_level-03B_run-011,sub-cp014,3,5000,45,51,50,2,2,3.0,0.05,2.3235465966085886,0.01,3.143030823216141,3.143030823216141,0.9037444591522217,0.9224003553390503,0.9295194149017334,0.8571888208389282
sub-cp014_ses-20211112_level-04B_run-004,sub-cp014,3,5000,45,51,50,3,3,4.0,0.05,2.6972482954892723,0.01,3.7619368098076724,3.7619368098076724,0.896284818649292,0.8971229195594788,0.9114035964012146,0.917634129524231
sub-cp014_ses-20211112_level-04B_run-006,sub-cp014,3,5000,45,51,50,3,3,4.0,0.05,2.867764567017338,0.01,3.8754847652065054,3.8754847652065054,0.8871501684188843,0.8865066766738892,0.9034560918807983,0.92757248878479
sub-cp014_ses-20211112_level-04B_run-009,sub-cp014,3,5000,45,51,50,3,3,4.0,0.05,2.812412985315929,0.01,3.957492100143805,3.957492100143805,0.8854590058326721,0.8883021473884583,0.9048111438751221,0.9205552935600281
sub-cp019_ses-20210625_level-01B_run-001,sub-cp019,3,5000,45,51,50,0,0,1.0,0.05,2.1922432675039727,0.01,1.5426941068737134,1.5426941068737134,0.8904895186424255,0.8801912069320679,0.8693754076957703,0.8509125113487244
sub-cp019_ses-20210625_level-01B_run-007,sub-cp019,3,5000,45,51,50,0,0,1.0,0.05,2.0340933726990222,0.01,0.9958449033022507,1.0,0.8962686657905579,0.894278347492218,0.8745966553688049,0.8214995265007019
sub-cp019_ses-20210625_level-01B_run-012,sub-cp019,3,5000,45,51,50,0,0,1.0,0.05,2.0988594004057934,0.01,1.7256804898385565,1.7256804898385565,0.8929994106292725,0.8929160833358765,0.8822914361953735,0.823140025138855
sub-cp019_ses-20210625_level-02B_run-003,sub-cp019,3,5000,45,51,50,1,2,2.0,0.05,2.3614461131754476,0.01,1.3329485133420833,1.3329485133420833,0.8658700585365295,0.869037389755249,0.8696496486663818,0.8439905643463135
sub-cp019_ses-20210625_level-02B_run-008,sub-cp019,3,5000,45,51,50,1,1,2.0,0.05,2.1720233034906915,0.01,2.3251202639833775,2.3251202639833775,0.8972004652023315,0.9190025329589844,0.9090591669082642,0.819763720035553
sub-cp019_ses-20210625_level-02B_run-010,sub-cp019,3,5000,45,51,50,1,1,2.0,0.05,2.1119191044072436,0.01,1.5670797480037426,1.5670797480037426,0.8998072743415833,0.9130420088768005,0.8984338045120239,0.8214254379272461
sub-cp019_ses-20210625_level-03B_run-002,sub-cp019,3,5000,45,51,50,2,3,3.0,0.05,2.8677212956411577,0.01,3.025544319189211,3.025544319189211,0.8282865285873413,0.8305079340934753,0.851657509803772,0.8691487312316895
sub-cp019_ses-20210625_level-03B_run-005,sub-cp019,3,5000,45,51,50,2,2,3.0,0.05,2.371350706085503,0.01,2.9545167370218253,2.9545167370218253,0.8710083365440369,0.8982555270195007,0.9070857167243958,0.8300725817680359
sub-cp019_ses-20210625_level-03B_run-011,sub-cp019,3,5000,45,51,50,2,2,3.0,0.05,2.3211137568325357,0.01,3.0725653489644573,3.0725653489644573,0.8870209455490112,0.9109229445457458,0.9169313907623291,0.8359255194664001
sub-cp019_ses-20210625_level-04B_run-004,sub-cp019,3,5000,45,51,50,3,3,4.0,0.05,3.066371090585001,0.01,3.8344328139219526,3.8344328139219526,0.8319221138954163,0.8305026888847351,0.8512864708900452,0.8935237526893616
sub-cp019_ses-20210625_level-04B_run-006,sub-cp019,3,5000,45,51,50,3,3,4.0,0.05,3.118165546483961,0.01,3.559262990555061,3.559262990555061,0.8188772201538086,0.8175273537635803,0.8397577404975891,0.8861466646194458
sub-cp019_ses-20210625_level-04B_run-009,sub-cp019,3,5000,45,51,50,3,3,4.0,0.05,3.1790102961751967,0.01,4.24717228056798,4.0,0.832072913646698,0.8317866921424866,0.8548569679260254,0.9064468145370483
sub-cp023_ses-20210628_level-01B_run-001,sub-cp023,3,5000,45,51,50,0,1,1.0,0.05,2.1111391954710443,0.01,1.16637857565151,1.16637857565151,0.8595415353775024,0.8606707453727722,0.8473288416862488,0.795864999294281
sub-cp023_ses-20210628_level-01B_run-007,sub-cp023,3,5000,45,51,50,0,0,1.0,0.05,2.2134801981220735,0.01,1.0098198760358457,1.0098198760358457,0.8881089091300964,0.871840238571167,0.8683106899261475,0.8502774238586426
sub-cp023_ses-20210628_level-01B_run-012,sub-cp023,3,5000,45,51,50,0,0,1.0,0.05,2.3086357529517825,0.01,1.7796286639329069,1.7796286639329069,0.8660963177680969,0.8488070964813232,0.8499583005905151,0.8411222696304321
sub-cp023_ses-20210628_level-02B_run-003,sub-cp023,3,5000,45,51,50,1,2,2.0,0.05,2.370719785672147,0.01,2.304794417429412,2.304794417429412,0.9071268439292908,0.9134960770606995,0.9136996865272522,0.8862948417663574
sub-cp023_ses-20210628_level-02B_run-008,sub-cp023,3,5000,45,51,50,1,1,2.0,0.05,2.178542377249292,0.01,1.5800505274797323,1.5800505274797323,0.8811609745025635,0.8900454044342041,0.8797749280929565,0.8250345587730408
sub-cp023_ses-20210628_level-02B_run-010,sub-cp023,3,5000,45,51,50,1,2,2.0,0.05,2.3326261273915767,0.01,2.809825767202334,2.809825767202334,0.8714553713798523,0.8910893201828003,0.8927769660949707,0.8349200487136841
sub-cp023_ses-20210628_level-03B_run-002,sub-cp023,3,5000,45,51,50,2,2,3.0,0.05,2.3753086747437613,0.01,2.6982454944156204,2.6982454944156204,0.8996726274490356,0.9154376983642578,0.9245185852050781,0.8680374026298523
sub-cp023_ses-20210628_level-03B_run-005,sub-cp023,3,5000,45,51,50,2,2,3.0,0.05,2.60077617069623,0.01,2.8927607609465578,2.8927607609465578,0.8846672177314758,0.8837560415267944,0.8990522027015686,0.8931638598442078
sub-cp023_ses-20210628_level-03B_run-011,sub-cp023,3,5000,45,51,50,2,0,3.0,0.05,2.1624933262526587,0.01,0.8260191672068409,1.0,0.8789796233177185,0.8587865233421326,0.8543891310691833,0.8347612619400024
sub-cp023_ses-20210628_level-04B_run-004,sub-cp023,3,5000,45,51,50,3,3,4.0,0.05,3.307676824800485,0.01,4.082557002114976,4.0,0.8239831328392029,0.821942925453186,0.8458340167999268,0.912172794342041
sub-cp023_ses-20210628_level-04B_run-006,sub-cp023,3,5000,45,51,50,3,3,4.0,0.05,3.2292356118340773,0.01,3.7115303956193797,3.7115303956193797,0.8031823635101318,0.791858434677124,0.8179585933685303,0.8790871500968933
sub-cp023_ses-20210628_level-04B_run-009,sub-cp023,3,5000,45,51,50,3,3,4.0,0.05,3.1812060218288747,0.01,3.7353066423251677,3.7353066423251677,0.7985773682594299,0.7987114787101746,0.8262771368026733,0.8737316131591797
sub-cp024_ses-20210629_level-01B_run-001,sub-cp024,3,5000,45,51,50,0,0,1.0,0.05,2.2846758768624453,0.01,1.3484592748868423,1.3484592748868423,0.8590406179428101,0.8549033403396606,0.8517220616340637,0.8283685445785522
sub-cp024_ses-20210629_level-01B_run-007,sub-cp024,3,5000,45,51,50,0,0,1.0,0.05,2.396465790542962,0.01,1.2904832895056377,1.2904832895056377,0.840184211730957,0.8301165103912354,0.8278526067733765,0.8276911377906799
sub-cp024_ses-20210629_level-01B_run-012,sub-cp024,3,5000,45,51,50,0,0,1.0,0.05,2.2399956380567305,0.01,1.0986851679153795,1.0986851679153795,0.9009706377983093,0.8886675238609314,0.8896474242210388,0.8628830313682556
sub-cp024_ses-20210629_level-02B_run-003,sub-cp024,3,5000,45,51,50,1,1,2.0,0.05,2.2468988057272044,0.01,1.4190683172608178,1.4190683172608178,0.88104248046875,0.8829261660575867,0.8803233504295349,0.8393124341964722
sub-cp024_ses-20210629_level-02B_run-008,sub-cp024,3,5000,45,51,50,1,3,2.0,0.05,2.573350541284597,0.01,1.5745921746637643,1.5745921746637643,0.8268054127693176,0.8135083913803101,0.8216903805732727,0.8333959579467773
sub-cp024_ses-20210629_level-02B_run-010,sub-cp024,3,5000,45,51,50,1,2,2.0,0.05,2.3667001316500738,0.01,2.0700000773327623,2.0700000773327623,0.8867946863174438,0.9012775421142578,0.9091344475746155,0.8551037311553955
sub-cp024_ses-20210629_level-03B_run-002,sub-cp024,3,5000,45,51,50,2,3,3.0,0.05,2.8337082835120357,0.01,2.9212926991811985,2.9212926991811985,0.800866425037384,0.793194591999054,0.814345121383667,0.8354915976524353
sub-cp024_ses-20210629_level-03B_run-005,sub-cp024,3,5000,45,51,50,2,2,3.0,0.05,2.455143362930245,0.01,2.7471983809755347,2.7471983809755347,0.8618413805961609,0.8763758540153503,0.8891903758049011,0.845863938331604
sub-cp024_ses-20210629_level-03B_run-011,sub-cp024,3,5000,45,51,50,2,3,3.0,0.05,2.8141470204342633,0.01,3.0413525640945336,3.0413525640945336,0.842548668384552,0.830330491065979,0.8464738726615906,0.8745889067649841
sub-cp024_ses-20210629_level-04B_run-004,sub-cp024,3,5000,45,51,50,3,3,4.0,0.05,2.8808197927324564,0.01,3.518668479769619,3.518668479769619,0.8372865915298462,0.8226110339164734,0.8382629156112671,0.8757637739181519
sub-cp024_ses-20210629_level-04B_run-006,sub-cp024,3,5000,45,51,50,3,3,4.0,0.05,3.2249741726639876,0.01,3.76501066392707,3.76501066392707,0.8262452483177185,0.8232060074806213,0.8471675515174866,0.9046686887741089
sub-cp024_ses-20210629_level-04B_run-009,sub-cp024,3,5000,45,51,50,3,3,4.0,0.05,2.8916264473407445,0.01,2.832038271641218,2.832038271641218,0.7656527161598206,0.7505939602851868,0.7659180164337158,0.8051577806472778
sub-cp025_ses-20210820_level-01B_run-001,sub-cp025,3,5000,45,51,50,0,1,1.0,0.05,2.1611350933451905,0.01,1.2066677041092897,1.2066677041092897,0.8949329853057861,0.8957502245903015,0.8865877985954285,0.8401697278022766
sub-cp025_ses-20210820_level-01B_run-007,sub-cp025,3,5000,45,51,50,0,0,1.0,0.05,2.013676074695383,0.01,0.3250105657756104,1.0,0.9154967069625854,0.8986939191818237,0.8876525163650513,0.8421701192855835
sub-cp025_ses-20210820_level-01B_run-012,sub-cp025,3,5000,45,51,50,0,0,1.0,0.05,2.234699573501047,0.01,1.4067145321405237,1.4067145321405237,0.8830999135971069,0.8696689605712891,0.8706121444702148,0.8446361422538757
sub-cp025_ses-20210820_level-02B_run-003,sub-cp025,3,5000,45,51,50,1,1,2.0,0.05,2.1900276146595044,0.01,1.8157162194187353,1.8157162194187353,0.8931394219398499,0.907321572303772,0.8958312273025513,0.8368886709213257
sub-cp025_ses-20210820_level-02B_run-008,sub-cp025,3,5000,45,51,50,1,1,2.0,0.05,2.059296673692756,0.01,1.8788431290951473,1.8788431290951473,0.9162184596061707,0.9344049096107483,0.912807047367096,0.8168425559997559
sub-cp025_ses-20210820_level-02B_run-010,sub-cp025,3,5000,45,51,50,1,1,2.0,0.05,2.046012545307143,0.01,1.4775491575717195,1.4775491575717195,0.9233225584030151,0.9329696297645569,0.9135437607765198,0.8324328064918518
sub-cp025_ses-20210820_level-03B_run-002,sub-cp025,3,5000,45,51,50,2,2,3.0,0.05,2.3639203370628854,0.01,3.134081393809022,3.134081393809022,0.9031035304069519,0.9226665496826172,0.932675838470459,0.8643012642860413
sub-cp025_ses-20210820_level-03B_run-005,sub-cp025,3,5000,45,51,50,2,2,3.0,0.05,2.4862532543362272,0.01,2.7798986485620323,2.7798986485620323,0.8848826885223389,0.8909379243850708,0.9030850529670715,0.8771079182624817
sub-cp025_ses-20210820_level-03B_run-011,sub-cp025,3,5000,45,51,50,2,2,3.0,0.05,2.3293537421603587,0.01,2.985374384735742,2.985374384735742,0.8827229142189026,0.8964548110961914,0.9056607484817505,0.8393547534942627
sub-cp025_ses-20210820_level-04B_run-004,sub-cp025,3,5000,45,51,50,3,3,4.0,0.05,3.249659670607516,0.01,3.9773244455482124,3.9773244455482124,0.8063331842422485,0.8060708045959473,0.8301486968994141,0.8886762261390686
sub-cp025_ses-20210820_level-04B_run-006,sub-cp025,3,5000,45,51,50,3,3,4.0,0.05,2.970514127403366,0.01,4.043293612277052,4.0,0.8830729722976685,0.880415678024292,0.9000093340873718,0.9339758157730103
sub-cp025_ses-20210820_level-04B_run-009,sub-cp025,3,5000,45,51,50,3,3,4.0,0.05,3.0468935683717033,0.01,4.033955950349448,4.0,0.866133987903595,0.8651593923568726,0.8885505199432373,0.9258579015731812
sub-cp037_ses-20210113_level-01B_run-001,sub-cp037,3,5000,45,51,50,0,0,1.0,0.05,2.1141459500883033,0.01,0.7433606169906333,1.0,0.8922345638275146,0.8777903318405151,0.8666437864303589,0.840391993522644
sub-cp037_ses-20210113_level-01B_run-007,sub-cp037,3,5000,45,51,50,0,0,1.0,0.05,1.9980280514701505,0.01,1.1339623617051593,1.1339623617051593,0.8928701281547546,0.8843458294868469,0.8646972179412842,0.8154983520507812
sub-cp037_ses-20210113_level-01B_run-012,sub-cp037,3,5000,45,51,50,0,0,1.0,0.05,1.910666613811222,0.01,1.0930209321478999,1.0930209321478999,0.921577513217926,0.912812352180481,0.8869910836219788,0.8228859901428223
sub-cp037_ses-20210113_level-02B_run-003,sub-cp037,3,5000,45,51,50,1,1,2.0,0.05,2.1416963952430157,0.01,1.2683221038499746,1.2683221038499746,0.8829706311225891,0.8926655650138855,0.8804847002029419,0.817033052444458
sub-cp037_ses-20210113_level-02B_run-008,sub-cp037,3,5000,45,51,50,1,1,2.0,0.05,2.1957293243727527,0.01,1.6610405190595412,1.6610405190595412,0.9062705039978027,0.9070814847946167,0.8986703753471375,0.8591997623443604
sub-cp037_ses-20210113_level-02B_run-010,sub-cp037,3,5000,45,51,50,1,1,2.0,0.05,2.047178120374699,0.01,1.7597165889848096,1.7597165889848096,0.9284554719924927,0.932609498500824,0.9149149060249329,0.8455040454864502
sub-cp037_ses-20210113_level-03B_run-002,sub-cp037,3,5000,45,51,50,2,2,3.0,0.05,2.3372916792540184,0.01,2.5963585313915916,2.5963585313915916,0.8763889670372009,0.8879472017288208,0.8977670073509216,0.8363171219825745
sub-cp037_ses-20210113_level-03B_run-005,sub-cp037,3,5000,45,51,50,2,2,3.0,0.05,2.2925076459507814,0.01,3.1272499504441886,3.1272499504441886,0.8811609745025635,0.9030730128288269,0.9065425992012024,0.8263469934463501
sub-cp037_ses-20210113_level-03B_run-011,sub-cp037,3,5000,45,51,50,2,2,3.0,0.05,2.31317932312657,0.01,2.8007124799533645,2.8007124799533645,0.9038360118865967,0.921184241771698,0.9282342791557312,0.8551778197288513
sub-cp037_ses-20210113_level-04B_run-004,sub-cp037,3,5000,45,51,50,3,3,4.0,0.05,3.0309441268268604,0.01,3.7752959761056557,3.7752959761056557,0.8331124186515808,0.830173909664154,0.8534427285194397,0.8904331922531128
sub-cp037_ses-20210113_level-04B_run-006,sub-cp037,3,5000,45,51,50,3,3,4.0,0.05,3.117436476298542,0.01,3.526340811051371,3.526340811051371,0.8300100564956665,0.8303513526916504,0.8524210453033447,0.8978314399719238
sub-cp037_ses-20210113_level-04B_run-009,sub-cp037,3,5000,45,51,50,3,3,4.0,0.05,3.137836390472847,0.01,4.046990010328704,4.0,0.8578718900680542,0.8564639091491699,0.8809794187545776,0.9273926019668579
sub-cp008_ses-20210503_level-01B_run-001,sub-cp008,3,10000,45,51,50,0,0,1.0,0.05,2.269279746755684,0.01,1.8907533772611236,1.8907533772611236,0.8913505673408508,0.8817763328552246,0.8755655288696289,0.8618166446685791
sub-cp008_ses-20210503_level-01B_run-007,sub-cp008,3,10000,45,51,50,0,1,1.0,0.05,1.9936841814847848,0.01,1.1200939354329968,1.1200939354329968,0.8844555616378784,0.8854880928993225,0.8658426403999329,0.7883820533752441
sub-cp008_ses-20210503_level-01B_run-012,sub-cp008,3,10000,45,51,50,0,1,1.0,0.05,1.9916624467287845,0.01,0.9837911776191706,1.0,0.9090142846107483,0.9134989976882935,0.8925066590309143,0.8063578009605408
sub-cp008_ses-20210503_level-02B_run-003,sub-cp008,3,10000,45,51,50,1,1,2.0,0.05,2.1394661286634524,0.01,2.0386651616427436,2.0386651616427436,0.9076439142227173,0.9279488325119019,0.9119094014167786,0.8322191834449768
sub-cp008_ses-20210503_level-02B_run-008,sub-cp008,3,10000,45,51,50,1,1,2.0,0.05,2.0685189388827707,0.01,1.8252148053891109,1.8252148053891109,0.8756588101387024,0.8934527635574341,0.8725732564926147,0.7809522151947021
sub-cp008_ses-20210503_level-02B_run-010,sub-cp008,3,10000,45,51,50,1,1,2.0,0.05,2.034368963931356,0.01,1.3683067211728552,1.3683067211728552,0.903338611125946,0.9169807434082031,0.8934977650642395,0.8070308566093445
sub-cp008_ses-20210503_level-03B_run-002,sub-cp008,3,10000,45,51,50,2,2,3.0,0.05,2.3356644528789747,0.01,2.8434128992397345,2.8434128992397345,0.9033979177474976,0.9186484217643738,0.9261517524719238,0.8631309270858765
sub-cp008_ses-20210503_level-03B_run-005,sub-cp008,3,10000,45,51,50,2,2,3.0,0.05,2.246144943307671,0.01,2.756948650652727,2.756948650652727,0.9024348855018616,0.9248722195625305,0.9258043169975281,0.8319913148880005
sub-cp008_ses-20210503_level-03B_run-011,sub-cp008,3,10000,45,51,50,2,1,3.0,0.05,2.2523614586149354,0.01,2.9550031968023243,2.9550031968023243,0.8868186473846436,0.9128977656364441,0.9119471311569214,0.8180484175682068
sub-cp008_ses-20210503_level-04B_run-004,sub-cp008,3,10000,45,51,50,3,3,4.0,0.05,3.0303300369320723,0.01,3.9692595223879037,3.9692595223879037,0.846409022808075,0.8482552170753479,0.8710353970527649,0.9053040146827698
sub-cp008_ses-20210503_level-04B_run-006,sub-cp008,3,10000,45,51,50,3,3,4.0,0.05,3.080493058063799,0.01,3.9558405272117367,3.9558405272117367,0.8456294536590576,0.8435893654823303,0.866690993309021,0.9086108803749084
sub-cp008_ses-20210503_level-04B_run-009,sub-cp008,3,10000,45,51,50,3,3,4.0,0.05,3.10148421430243,0.01,4.28737806003615,4.0,0.8606387376785278,0.8494236469268799,0.8710219264030457,0.9226650595664978
sub-cp014_ses-20211112_level-01B_run-001,sub-cp014,3,10000,45,51,50,0,0,1.0,0.05,1.9656648828111676,0.01,1.0796753656568088,1.0796753656568088,0.9164676666259766,0.9106053709983826,0.8883077502250671,0.8279213309288025
sub-cp014_ses-20211112_level-01B_run-007,sub-cp014,3,10000,45,51,50,0,0,1.0,0.05,1.9426140606584257,0.01,1.192552340414066,1.192552340414066,0.9231765270233154,0.908537745475769,0.8882350325584412,0.8379426002502441
sub-cp014_ses-20211112_level-01B_run-012,sub-cp014,3,10000,45,51,50,0,0,1.0,0.05,1.9386212865078176,0.01,1.1730877741112464,1.1730877741112464,0.9168642163276672,0.8997967839241028,0.880612850189209,0.8324417471885681
sub-cp014_ses-20211112_level-02B_run-003,sub-cp014,3,10000,45,51,50,1,1,2.0,0.05,2.034372480615968,0.01,1.8611034724409818,1.8611034724409818,0.9127153158187866,0.9235626459121704,0.900521993637085,0.8220177292823792
sub-cp014_ses-20211112_level-02B_run-008,sub-cp014,3,10000,45,51,50,1,1,2.0,0.05,2.1350612841213703,0.01,2.3685288333690773,2.3685288333690773,0.9029582142829895,0.9176786541938782,0.9049579501152039,0.8279584050178528
sub-cp014_ses-20211112_level-02B_run-010,sub-cp014,3,10000,45,51,50,1,1,2.0,0.05,2.055463569229087,0.01,1.7223514630403516,1.7223514630403516,0.9130633473396301,0.920956552028656,0.9020006656646729,0.8291931748390198
sub-cp014_ses-20211112_level-03B_run-002,sub-cp014,3,10000,45,51,50,2,1,3.0,0.05,2.221199581414674,0.01,2.8442192434803104,2.8442192434803104,0.9009727835655212,0.9263359904289246,0.9225454330444336,0.8250437378883362
sub-cp014_ses-20211112_level-03B_run-005,sub-cp014,3,10000,45,51,50,2,2,3.0,0.05,2.3455280834501746,0.01,3.261536237943027,3.261536237943027,0.8966593742370605,0.92076575756073,0.9279832243919373,0.8522458672523499
sub-cp014_ses-20211112_level-03B_run-011,sub-cp014,3,10000,45,51,50,2,2,3.0,0.05,2.3128806101938437,0.01,3.2071723574186053,3.2071723574186053,0.900991678237915,0.9196521639823914,0.9262056350708008,0.8517053127288818
sub-cp014_ses-20211112_level-04B_run-004,sub-cp014,3,10000,45,51,50,3,2,4.0,0.05,2.665871914756254,0.01,3.6980413631441866,3.6980413631441866,0.8943206071853638,0.8965947031974792,0.91206294298172,0.9116368889808655
sub-cp014_ses-20211112_level-04B_run-006,sub-cp014,3,10000,45,51,50,3,3,4.0,0.05,2.8445592647751248,0.01,3.84056724230225,3.84056724230225,0.8846228122711182,0.8848241567611694,0.9031776189804077,0.9225537776947021
sub-cp014_ses-20211112_level-04B_run-009,sub-cp014,3,10000,45,51,50,3,3,4.0,0.05,2.7943405026460937,0.01,3.871234050663554,3.871234050663554,0.8844663500785828,0.8878458738327026,0.9060164093971252,0.9173603057861328
sub-cp019_ses-20210625_level-01B_run-001,sub-cp019,3,10000,45,51,50,0,0,1.0,0.05,2.203417857009183,0.01,1.4446578862470545,1.4446578862470545,0.8863007426261902,0.876794159412384,0.86607426404953,0.8482924699783325
sub-cp019_ses-20210625_level-01B_run-007,sub-cp019,3,10000,45,51,50,0,0,1.0,0.05,2.0351708917096643,0.01,1.010030210916587,1.010030210916587,0.8954319953918457,0.8946080803871155,0.8745555281639099,0.8199562430381775
sub-cp019_ses-20210625_level-01B_run-012,sub-cp019,3,10000,45,51,50,0,0,1.0,0.05,2.0772137823408836,0.01,1.5356761005746598,1.5356761005746598,0.8956612944602966,0.8943127393722534,0.8811407685279846,0.8243812918663025
sub-cp019_ses-20210625_level-02B_run-003,sub-cp019,3,10000,45,51,50,1,1,2.0,0.05,2.3397818229166973,0.01,1.3256776382475401,1.3256776382475401,0.8652974367141724,0.8698828816413879,0.8691446185112,0.8399087190628052
sub-cp019_ses-20210625_level-02B_run-008,sub-cp019,3,10000,45,51,50,1,1,2.0,0.05,2.1652453972136336,0.01,2.21700749157445,2.21700749157445,0.8978706002235413,0.9202403426170349,0.9084861874580383,0.8206398487091064
sub-cp019_ses-20210625_level-02B_run-010,sub-cp019,3,10000,45,51,50,1,1,2.0,0.05,2.1158626651843107,0.01,1.6772133250742927,1.6772133250742927,0.8998398184776306,0.9142962694168091,0.8989248275756836,0.8226589560508728
sub-cp019_ses-20210625_level-03B_run-002,sub-cp019,3,10000,45,51,50,2,3,3.0,0.05,2.844856477984086,0.01,3.0295235681842274,3.0295235681842274,0.8249552249908447,0.8282716870307922,0.8487480282783508,0.8635178208351135
sub-cp019_ses-20210625_level-03B_run-005,sub-cp019,3,10000,45,51,50,2,2,3.0,0.05,2.3666503323807264,0.01,2.823607157671489,2.823607157671489,0.8641617298126221,0.8918634653091431,0.8993342518806458,0.8235439658164978
sub-cp019_ses-20210625_level-03B_run-011,sub-cp019,3,10000,45,51,50,2,2,3.0,0.05,2.3044926357307696,0.01,3.0603739406248454,3.0603739406248454,0.8866621851921082,0.91143399477005,0.9158632159233093,0.8310056328773499
sub-cp019_ses-20210625_level-04B_run-004,sub-cp019,3,10000,45,51,50,3,3,4.0,0.05,3.078082203664862,0.01,3.9280087329779554,3.9280087329779554,0.8323169350624084,0.8304281830787659,0.8517833948135376,0.8950284123420715
sub-cp019_ses-20210625_level-04B_run-006,sub-cp019,3,10000,45,51,50,3,3,4.0,0.05,3.1687218764916407,0.01,3.7777960058687436,3.7777960058687436,0.8145776987075806,0.8131867051124573,0.8374279141426086,0.8874713778495789
sub-cp019_ses-20210625_level-04B_run-009,sub-cp019,3,10000,45,51,50,3,3,4.0,0.05,3.1690477720320858,0.01,4.0915954637756435,4.0,0.8308359384536743,0.8301275968551636,0.8534829020500183,0.9039685726165771
sub-cp023_ses-20210628_level-01B_run-001,sub-cp023,3,10000,45,51,50,0,1,1.0,0.05,2.0977338163851513,0.01,1.2022486773771894,1.2022486773771894,0.8602178692817688,0.8604753613471985,0.8469327092170715,0.7938299179077148
sub-cp023_ses-20210628_level-01B_run-007,sub-cp023,3,10000,45,51,50,0,0,1.0,0.05,2.173381159663304,0.01,1.076580241988394,1.076580241988394,0.890630304813385,0.8750088214874268,0.8679946064949036,0.8477360010147095
sub-cp023_ses-20210628_level-01B_run-012,sub-cp023,3,10000,45,51,50,0,0,1.0,0.05,2.3073151214418774,0.01,1.7809159744854701,1.7809159744854701,0.866576075553894,0.848919153213501,0.8503720760345459,0.8413607478141785
sub-cp023_ses-20210628_level-02B_run-003,sub-cp023,3,10000,45,51,50,1,1,2.0,0.05,2.371640676709536,0.01,2.144324772074289,2.144324772074289,0.9044796824455261,0.9117189049720764,0.9108994007110596,0.8842598795890808
sub-cp023_ses-20210628_level-02B_run-008,sub-cp023,3,10000,45,51,50,1,1,2.0,0.05,2.1719984076799332,0.01,1.5471985470877838,1.5471985470877838,0.8813021183013916,0.8896782398223877,0.8787356019020081,0.8246568441390991
sub-cp023_ses-20210628_level-02B_run-010,sub-cp023,3,10000,45,51,50,1,2,2.0,0.05,2.334561845752426,0.01,2.716609742844541,2.716609742844541,0.8658989667892456,0.885166585445404,0.8877421021461487,0.8290129899978638
sub-cp023_ses-20210628_level-03B_run-002,sub-cp023,3,10000,45,51,50,2,2,3.0,0.05,2.3877260659534856,0.01,2.782957159921756,2.782957159921756,0.8974308967590332,0.9145445823669434,0.9246973991394043,0.8670101165771484
sub-cp023_ses-20210628_level-03B_run-005,sub-cp023,3,10000,45,51,50,2,2,3.0,0.05,2.5633643752865565,0.01,2.707964961315078,2.707964961315078,0.8830744028091431,0.8808196187019348,0.8974677324295044,0.8858815431594849
sub-cp023_ses-20210628_level-03B_run-011,sub-cp023,3,10000,45,51,50,2,0,3.0,0.05,2.1748093021042854,0.01,1.093891926637499,1.093891926637499,0.8805090188980103,0.8613641262054443,0.8565425276756287,0.8381969928741455
sub-cp023_ses-20210628_level-04B_run-004,sub-cp023,3,10000,45,51,50,3,3,4.0,0.05,3.321803085846048,0.01,4.1542046949669835,4.0,0.8200780153274536,0.818171501159668,0.843786895275116,0.9101795554161072
sub-cp023_ses-20210628_level-04B_run-006,sub-cp023,3,10000,45,51,50,3,3,4.0,0.05,3.217028839854562,0.01,3.837281779346528,3.837281779346528,0.8054302334785461,0.794693112373352,0.8199886083602905,0.8801475167274475
sub-cp023_ses-20210628_level-04B_run-009,sub-cp023,3,10000,45,51,50,3,3,4.0,0.05,3.182126013129378,0.01,3.7557950502578845,3.7557950502578845,0.7980361580848694,0.7991812229156494,0.8258950710296631,0.8736344575881958
sub-cp024_ses-20210629_level-01B_run-001,sub-cp024,3,10000,45,51,50,0,0,1.0,0.05,2.3144012468314763,0.01,1.3226378466976714,1.3226378466976714,0.8543668389320374,0.8514755964279175,0.8489122986793518,0.8280802965164185
sub-cp024_ses-20210629_level-01B_run-007,sub-cp024,3,10000,45,51,50,0,0,1.0,0.05,2.4149529245612693,0.01,1.3344592136383788,1.3344592136383788,0.839489758014679,0.8297407627105713,0.8277831077575684,0.8293256759643555
sub-cp024_ses-20210629_level-01B_run-012,sub-cp024,3,10000,45,51,50,0,0,1.0,0.05,2.237218208972272,0.01,1.035789313902113,1.035789313902113,0.9000825881958008,0.8863584995269775,0.8876505494117737,0.8619756698608398
sub-cp024_ses-20210629_level-02B_run-003,sub-cp024,3,10000,45,51,50,1,1,2.0,0.05,2.2692161962219988,0.01,1.6501365923808589,1.6501365923808589,0.8800423741340637,0.8835538029670715,0.8826705813407898,0.8406877517700195
sub-cp024_ses-20210629_level-02B_run-008,sub-cp024,3,10000,45,51,50,1,3,2.0,0.05,2.574694954264448,0.01,1.6532090454414137,1.6532090454414137,0.8225085139274597,0.8091925978660583,0.8170986175537109,0.8293203711509705
sub-cp024_ses-20210629_level-02B_run-010,sub-cp024,3,10000,45,51,50,1,2,2.0,0.05,2.3759020280349787,0.01,2.2035825975642185,2.2035825975642185,0.8860498666763306,0.8998830318450928,0.9078721404075623,0.8568669557571411
sub-cp024_ses-20210629_level-03B_run-002,sub-cp024,3,10000,45,51,50,2,3,3.0,0.05,2.796235996612831,0.01,2.7840915562742383,2.7840915562742383,0.8013784885406494,0.7927326560020447,0.8137238621711731,0.8316468596458435
sub-cp024_ses-20210629_level-03B_run-005,sub-cp024,3,10000,45,51,50,2,2,3.0,0.05,2.4779044901871226,0.01,2.7856790030774823,2.7856790030774823,0.859691858291626,0.8738247156143188,0.8874701261520386,0.8478844165802002
sub-cp024_ses-20210629_level-03B_run-011,sub-cp024,3,10000,45,51,50,2,3,3.0,0.05,2.7633970757847104,0.01,3.034986785109617,3.034986785109617,0.8393359780311584,0.826820969581604,0.8423190116882324,0.8659714460372925
sub-cp024_ses-20210629_level-04B_run-004,sub-cp024,3,10000,45,51,50,3,3,4.0,0.05,2.90895299445521,0.01,3.4609365415344313,3.4609365415344313,0.8345559239387512,0.8195751309394836,0.8370885848999023,0.8757489323616028
sub-cp024_ses-20210629_level-04B_run-006,sub-cp024,3,10000,45,51,50,3,3,4.0,0.05,3.2218218533487644,0.01,3.7211445538581294,3.7211445538581294,0.8268111944198608,0.8233784437179565,0.8465017676353455,0.9046521782875061
sub-cp024_ses-20210629_level-04B_run-009,sub-cp024,3,10000,45,51,50,3,3,4.0,0.05,2.8901048621043026,0.01,2.8960881012516038,2.8960881012516038,0.7688862085342407,0.7519056797027588,0.7679829597473145,0.8077780604362488
sub-cp025_ses-20210820_level-01B_run-001,sub-cp025,3,10000,45,51,50,0,1,1.0,0.05,2.159691582090939,0.01,1.1394971681665496,1.1394971681665496,0.8937649130821228,0.8948329091072083,0.884849488735199,0.8393469452857971
sub-cp025_ses-20210820_level-01B_run-007,sub-cp025,3,10000,45,51,50,0,0,1.0,0.05,1.9850182687945601,0.01,0.2772240064102298,1.0,0.9130471348762512,0.8970494866371155,0.8836374878883362,0.8334963321685791
sub-cp025_ses-20210820_level-01B_run-012,sub-cp025,3,10000,45,51,50,0,0,1.0,0.05,2.252403773048004,0.01,1.1817835919979283,1.1817835919979283,0.8851731419563293,0.872308611869812,0.8734163045883179,0.8495219349861145
sub-cp025_ses-20210820_level-02B_run-003,sub-cp025,3,10000,45,51,50,1,1,2.0,0.05,2.2030332107673765,0.01,1.6998966443030863,1.6998966443030863,0.8924592733383179,0.9078241586685181,0.898375391960144,0.8360930681228638
sub-cp025_ses-20210820_level-02B_run-008,sub-cp025,3,10000,45,51,50,1,1,2.0,0.05,2.043529030731177,0.01,1.90835424074435,1.90835424074435,0.9154129028320312,0.9338824152946472,0.910385012626648,0.8108199834823608
sub-cp025_ses-20210820_level-02B_run-010,sub-cp025,3,10000,45,51,50,1,1,2.0,0.05,2.030471898391439,0.01,1.5061916184302835,1.5061916184302835,0.922512948513031,0.9310228228569031,0.9109128713607788,0.8280591368675232
sub-cp025_ses-20210820_level-03B_run-002,sub-cp025,3,10000,45,51,50,2,2,3.0,0.05,2.355802308816335,0.01,2.962525420079311,2.962525420079311,0.9036434292793274,0.9229902029037476,0.9326023459434509,0.8630514740943909
sub-cp025_ses-20210820_level-03B_run-005,sub-cp025,3,10000,45,51,50,2,2,3.0,0.05,2.4654855093976265,0.01,2.7359828260512002,2.7359828260512002,0.8810890316963196,0.887469470500946,0.8987282514572144,0.8701792359352112
sub-cp025_ses-20210820_level-03B_run-011,sub-cp025,3,10000,45,51,50,2,2,3.0,0.05,2.336159418591399,0.01,3.039344524674733,3.039344524674733,0.8786746859550476,0.892856776714325,0.9023130536079407,0.8366177678108215
sub-cp025_ses-20210820_level-04B_run-004,sub-cp025,3,10000,45,51,50,3,3,4.0,0.05,3.2477803536889467,0.01,3.971051230960719,3.971051230960719,0.8012786507606506,0.8016069531440735,0.8250278234481812,0.8835921287536621
sub-cp025_ses-20210820_level-04B_run-006,sub-cp025,3,10000,45,51,50,3,3,4.0,0.05,2.9898065673223946,0.01,4.333839083117888,4.0,0.8791494369506836,0.8787258267402649,0.8992264866828918,0.9328347444534302
sub-cp025_ses-20210820_level-04B_run-009,sub-cp025,3,10000,45,51,50,3,3,4.0,0.05,3.0851996236769437,0.01,4.096405268311871,4.0,0.859168529510498,0.8587057590484619,0.8824551105499268,0.9232586026191711
sub-cp037_ses-20210113_level-01B_run-001,sub-cp037,3,10000,45,51,50,0,0,1.0,0.05,2.1383488497837484,0.01,0.8265355588214449,1.0,0.890792191028595,0.8776437044143677,0.8670465350151062,0.8425107598304749
sub-cp037_ses-20210113_level-01B_run-007,sub-cp037,3,10000,45,51,50,0,0,1.0,0.05,1.9955692865195038,0.01,1.1694871981630377,1.1694871981630377,0.892702043056488,0.8853965997695923,0.8661792874336243,0.8122190237045288
sub-cp037_ses-20210113_level-01B_run-012,sub-cp037,3,10000,45,51,50,0,0,1.0,0.05,1.906937194094715,0.01,0.9891637251402587,1.0,0.9191652536392212,0.910281240940094,0.8848441243171692,0.8183717131614685
sub-cp037_ses-20210113_level-02B_run-003,sub-cp037,3,10000,45,51,50,1,1,2.0,0.05,2.1545708593337283,0.01,1.5697116085094136,1.5697116085094136,0.88222736120224,0.8926973342895508,0.8817979097366333,0.8176244497299194
sub-cp037_ses-20210113_level-02B_run-008,sub-cp037,3,10000,45,51,50,1,1,2.0,0.05,2.2107871596139006,0.01,1.7047532073068425,1.7047532073068425,0.9014772772789001,0.9023740887641907,0.8947205543518066,0.8570577502250671
sub-cp037_ses-20210113_level-02B_run-010,sub-cp037,3,10000,45,51,50,1,1,2.0,0.05,2.044206209879612,0.01,1.7497870425582494,1.7497870425582494,0.9292460680007935,0.9352469444274902,0.9159871339797974,0.8447471261024475
sub-cp037_ses-20210113_level-03B_run-002,sub-cp037,3,10000,45,51,50,2,2,3.0,0.05,2.333251414465356,0.01,2.7628897368635577,2.7628897368635577,0.8768133521080017,0.8898769021034241,0.8983215689659119,0.8362732529640198
sub-cp037_ses-20210113_level-03B_run-005,sub-cp037,3,10000,45,51,50,2,2,3.0,0.05,2.279497223590606,0.01,3.076067638440101,3.076067638440101,0.8801394701004028,0.9029596447944641,0.9052191972732544,0.8213446736335754
sub-cp037_ses-20210113_level-03B_run-011,sub-cp037,3,10000,45,51,50,2,2,3.0,0.05,2.3205796481956362,0.01,3.066367643016973,3.066367643016973,0.9006599187850952,0.9182955622673035,0.9264399409294128,0.8523412346839905
sub-cp037_ses-20210113_level-04B_run-004,sub-cp037,3,10000,45,51,50,3,3,4.0,0.05,3.035787018496971,0.01,3.807598015697933,3.807598015697933,0.8310679197311401,0.8278273344039917,0.850875735282898,0.8888068199157715
sub-cp037_ses-20210113_level-04B_run-006,sub-cp037,3,10000,45,51,50,3,3,4.0,0.05,3.1106790855103448,0.01,3.698058779033107,3.698058779033107,0.8297407031059265,0.8293852210044861,0.8515868186950684,0.8965705037117004
sub-cp037_ses-20210113_level-04B_run-009,sub-cp037,3,10000,45,51,50,3,3,4.0,0.05,3.142123657692453,0.01,4.165963653336271,4.0,0.854892909526825,0.8536373376846313,0.8777821660041809,0.9249173402786255
sub-cp008_ses-20210503_level-01B_run-001,sub-cp008,3,1000,46,51,50,0,0,1.0,0.05,2.2344819531402114,0.1,1.8963946255851911,1.8963946255851911,0.8920803070068359,0.8803657293319702,0.8724493980407715,0.8585588932037354
sub-cp008_ses-20210503_level-01B_run-007,sub-cp008,3,1000,46,51,50,0,1,1.0,0.05,2.0621912904111857,0.1,1.4073941746170886,1.4073941746170886,0.8655909299850464,0.8680717945098877,0.8533081412315369,0.7859428524971008
sub-cp008_ses-20210503_level-01B_run-012,sub-cp008,3,1000,46,51,50,0,1,1.0,0.05,2.0617291018748047,0.1,1.5690465085249516,1.5690465085249516,0.9097939729690552,0.9151766896247864,0.896571159362793,0.8321530222892761
sub-cp008_ses-20210503_level-02B_run-003,sub-cp008,3,1000,46,51,50,1,1,2.0,0.05,2.1836458184349525,0.1,2.11933026341521,2.11933026341521,0.9069046974182129,0.9237483739852905,0.9132895469665527,0.8437188267707825
sub-cp008_ses-20210503_level-02B_run-008,sub-cp008,3,1000,46,51,50,1,1,2.0,0.05,2.1130211950309756,0.1,2.102058624525163,2.102058624525163,0.8724225163459778,0.8859753012657166,0.8721263408660889,0.7922274470329285
sub-cp008_ses-20210503_level-02B_run-010,sub-cp008,3,1000,46,51,50,1,1,2.0,0.05,2.0706563668807174,0.1,1.7678071492410283,1.7678071492410283,0.8959146738052368,0.9092525243759155,0.8866101503372192,0.8161511421203613
sub-cp008_ses-20210503_level-03B_run-002,sub-cp008,3,1000,46,51,50,2,2,3.0,0.05,2.360207749077543,0.1,2.6237934621373187,2.6237934621373187,0.9103879928588867,0.9216250777244568,0.9285540580749512,0.8798947930335999
sub-cp008_ses-20210503_level-03B_run-005,sub-cp008,3,1000,46,51,50,2,2,3.0,0.05,2.301594204796376,0.1,2.954180518319383,2.954180518319383,0.9018822312355042,0.9178242087364197,0.9231428503990173,0.8537002205848694
sub-cp008_ses-20210503_level-03B_run-011,sub-cp008,3,1000,46,51,50,2,1,3.0,0.05,2.2425633722536116,0.1,2.7456988319093787,2.7456988319093787,0.882332444190979,0.9024633169174194,0.9000440835952759,0.8220131993293762
sub-cp008_ses-20210503_level-04B_run-004,sub-cp008,3,1000,46,51,50,3,3,4.0,0.05,3.0346827119390305,0.1,4.014459545725029,4.0,0.8539528846740723,0.8563021421432495,0.880687415599823,0.9135357737541199
sub-cp008_ses-20210503_level-04B_run-006,sub-cp008,3,1000,46,51,50,3,3,4.0,0.05,2.995405254852219,0.1,4.0048855036753235,4.0,0.8615675568580627,0.8653718829154968,0.8886023759841919,0.9172854423522949
sub-cp008_ses-20210503_level-04B_run-009,sub-cp008,3,1000,46,51,50,3,3,4.0,0.05,3.0798614964096727,0.1,3.9953685090740643,3.9953685090740643,0.8586782813072205,0.8487789630889893,0.87349933385849,0.9189754128456116
sub-cp014_ses-20211112_level-01B_run-001,sub-cp014,3,1000,46,51,50,0,0,1.0,0.05,1.990845013259388,0.1,1.5650086582262146,1.5650086582262146,0.9150864481925964,0.9129747748374939,0.8873639702796936,0.8346880078315735
sub-cp014_ses-20211112_level-01B_run-007,sub-cp014,3,1000,46,51,50,0,0,1.0,0.05,1.9266129493573092,0.1,0.9071457144969117,1.0,0.913493275642395,0.8979547023773193,0.8733916282653809,0.8301461935043335
sub-cp014_ses-20211112_level-01B_run-012,sub-cp014,3,1000,46,51,50,0,0,1.0,0.05,1.8887723550692408,0.1,0.7352523731885434,1.0,0.9110090732574463,0.8904577493667603,0.8667150735855103,0.8221188187599182
sub-cp014_ses-20211112_level-02B_run-003,sub-cp014,3,1000,46,51,50,1,1,2.0,0.05,2.047190898388241,0.1,1.4471477357638736,1.4471477357638736,0.908119797706604,0.9202095866203308,0.8945251107215881,0.8264493942260742
sub-cp014_ses-20211112_level-02B_run-008,sub-cp014,3,1000,46,51,50,1,1,2.0,0.05,2.1901178840222144,0.1,2.46074435044709,2.46074435044709,0.8819544315338135,0.894232451915741,0.8858294486999512,0.8231222629547119
sub-cp014_ses-20211112_level-02B_run-010,sub-cp014,3,1000,46,51,50,1,1,2.0,0.05,2.0442840289732596,0.1,1.5008303917488193,1.5008303917488193,0.9025033116340637,0.9097768068313599,0.8856948614120483,0.8247066140174866
sub-cp014_ses-20211112_level-03B_run-002,sub-cp014,3,1000,46,51,50,2,1,3.0,0.05,2.2361224002411464,0.1,2.5984141705890034,2.5984141705890034,0.894618570804596,0.9193707704544067,0.9142856001853943,0.8307271599769592
sub-cp014_ses-20211112_level-03B_run-005,sub-cp014,3,1000,46,51,50,2,2,3.0,0.05,2.383945273453304,0.1,3.3607208289632355,3.3607208289632355,0.8917022943496704,0.9123456478118896,0.9183238744735718,0.8632590770721436
sub-cp014_ses-20211112_level-03B_run-011,sub-cp014,3,1000,46,51,50,2,2,3.0,0.05,2.2966284165095363,0.1,2.928755719442252,2.928755719442252,0.8970217704772949,0.9052419066429138,0.9097358584403992,0.855284571647644
sub-cp014_ses-20211112_level-04B_run-004,sub-cp014,3,1000,46,51,50,3,3,4.0,0.05,2.8342194575076656,0.1,3.7446972436661117,3.7446972436661117,0.8736376762390137,0.8787143230438232,0.899505615234375,0.9113705158233643
sub-cp014_ses-20211112_level-04B_run-006,sub-cp014,3,1000,46,51,50,3,3,4.0,0.05,2.9626538160189635,0.1,4.305697095983109,4.0,0.8644028306007385,0.8680194020271301,0.8884677886962891,0.9164404273033142
sub-cp014_ses-20211112_level-04B_run-009,sub-cp014,3,1000,46,51,50,3,3,4.0,0.05,2.852071994015815,0.1,3.5379388310145323,3.5379388310145323,0.8788491487503052,0.8819385170936584,0.9019554853439331,0.9182360172271729
sub-cp019_ses-20210625_level-01B_run-001,sub-cp019,3,1000,46,51,50,0,0,1.0,0.05,2.2118754294280993,0.1,1.7115340272527966,1.7115340272527966,0.8774179816246033,0.8654505014419556,0.8497006297111511,0.8445109724998474
sub-cp019_ses-20210625_level-01B_run-007,sub-cp019,3,1000,46,51,50,0,0,1.0,0.05,2.0221394531643995,0.1,0.8448552210288394,1.0,0.8971837759017944,0.886630654335022,0.8696226477622986,0.8260269165039062
sub-cp019_ses-20210625_level-01B_run-012,sub-cp019,3,1000,46,51,50,0,0,1.0,0.05,2.0345409444779543,0.1,0.9786567746258541,1.0,0.8959956765174866,0.8899859189987183,0.871399462223053,0.8249706625938416
sub-cp019_ses-20210625_level-02B_run-003,sub-cp019,3,1000,46,51,50,1,2,2.0,0.05,2.3294996368432046,0.1,1.3995648932655649,1.3995648932655649,0.8730705976486206,0.8733406066894531,0.8753030896186829,0.8453559875488281
sub-cp019_ses-20210625_level-02B_run-008,sub-cp019,3,1000,46,51,50,1,1,2.0,0.05,2.181268332084638,0.1,2.1846293500108316,2.1846293500108316,0.9033673405647278,0.924141526222229,0.9110550284385681,0.8389129638671875
sub-cp019_ses-20210625_level-02B_run-010,sub-cp019,3,1000,46,51,50,1,1,2.0,0.05,2.115373861538413,0.1,1.5627859354321867,1.5627859354321867,0.9069316983222961,0.9194232225418091,0.9000710248947144,0.8398107290267944
sub-cp019_ses-20210625_level-03B_run-002,sub-cp019,3,1000,46,51,50,2,3,3.0,0.05,2.8738156218762905,0.1,2.9632360216173863,2.9632360216173863,0.8273284435272217,0.825842559337616,0.8446662425994873,0.8680649399757385
sub-cp019_ses-20210625_level-03B_run-005,sub-cp019,3,1000,46,51,50,2,2,3.0,0.05,2.3658954798719956,0.1,2.625335197219548,2.625335197219548,0.8637007474899292,0.886630654335022,0.8933136463165283,0.8278753161430359
sub-cp019_ses-20210625_level-03B_run-011,sub-cp019,3,1000,46,51,50,2,2,3.0,0.05,2.369422952351469,0.1,2.776773981711192,2.776773981711192,0.8951855897903442,0.9113757610321045,0.9190507531166077,0.8634175658226013
sub-cp019_ses-20210625_level-04B_run-004,sub-cp019,3,1000,46,51,50,3,3,4.0,0.05,3.1389807693274214,0.1,3.77744630668968,3.77744630668968,0.8250332474708557,0.8250299692153931,0.8459854125976562,0.8949989080429077
sub-cp019_ses-20210625_level-04B_run-006,sub-cp019,3,1000,46,51,50,3,3,4.0,0.05,3.1863548623220326,0.1,3.9304538591225495,3.9304538591225495,0.8116130232810974,0.8153573274612427,0.8425663709640503,0.8888199329376221
sub-cp019_ses-20210625_level-04B_run-009,sub-cp019,3,1000,46,51,50,3,3,4.0,0.05,3.1441698863682968,0.1,3.832577659262808,3.832577659262808,0.8325129151344299,0.8341258764266968,0.8556503057479858,0.903712809085846
sub-cp023_ses-20210628_level-01B_run-001,sub-cp023,3,1000,46,51,50,0,0,1.0,0.05,2.055300323290317,0.1,1.4532577413607108,1.4532577413607108,0.8793081641197205,0.8766172528266907,0.8603615760803223,0.8073315620422363
sub-cp023_ses-20210628_level-01B_run-007,sub-cp023,3,1000,46,51,50,0,0,1.0,0.05,2.080526988974594,0.1,0.7779419400356442,1.0,0.9072017073631287,0.8841404318809509,0.8714264035224915,0.855443000793457
sub-cp023_ses-20210628_level-01B_run-012,sub-cp023,3,1000,46,51,50,0,0,1.0,0.05,2.3294602581982358,0.1,1.7727854907997378,1.7727854907997378,0.8597853779792786,0.8446111083030701,0.8452047109603882,0.8375926613807678
sub-cp023_ses-20210628_level-02B_run-003,sub-cp023,3,1000,46,51,50,1,1,2.0,0.05,2.401047438188442,0.1,2.5536266636890517,2.5536266636890517,0.8990739583969116,0.9061331748962402,0.9037054181098938,0.8849647045135498
sub-cp023_ses-20210628_level-02B_run-008,sub-cp023,3,1000,46,51,50,1,1,2.0,0.05,2.215675420420376,0.1,1.6273525429105873,1.6273525429105873,0.8945375680923462,0.9041934013366699,0.8950366377830505,0.846676230430603
sub-cp023_ses-20210628_level-02B_run-010,sub-cp023,3,1000,46,51,50,1,2,2.0,0.05,2.373810671617649,0.1,2.544858658800651,2.544858658800651,0.8854917287826538,0.9050584435462952,0.907770574092865,0.8585588932037354
sub-cp023_ses-20210628_level-03B_run-002,sub-cp023,3,1000,46,51,50,2,2,3.0,0.05,2.479843036215605,0.1,2.950724300601963,2.950724300601963,0.879578173160553,0.8991080522537231,0.9108665585517883,0.8684346675872803
sub-cp023_ses-20210628_level-03B_run-005,sub-cp023,3,1000,46,51,50,2,2,3.0,0.05,2.565386324983286,0.1,2.887926671833467,2.887926671833467,0.8837905526161194,0.8853724002838135,0.9018208980560303,0.8868659138679504
sub-cp023_ses-20210628_level-03B_run-011,sub-cp023,3,1000,46,51,50,2,0,3.0,0.05,2.13662060099409,0.1,1.4319029600195399,1.4319029600195399,0.8908922076225281,0.8668397665023804,0.8577501773834229,0.8470987677574158
sub-cp023_ses-20210628_level-04B_run-004,sub-cp023,3,1000,46,51,50,3,3,4.0,0.05,3.211094916142877,0.1,4.155836121311703,4.0,0.8296506404876709,0.8318715691566467,0.8550580143928528,0.9086242914199829
sub-cp023_ses-20210628_level-04B_run-006,sub-cp023,3,1000,46,51,50,3,3,4.0,0.05,3.147995616126028,0.1,3.5472509995934796,3.5472509995934796,0.8229540586471558,0.8209145069122314,0.847250759601593,0.893467366695404
sub-cp023_ses-20210628_level-04B_run-009,sub-cp023,3,1000,46,51,50,3,3,4.0,0.05,3.1141437848722453,0.1,3.710261966412282,3.710261966412282,0.8158254027366638,0.8217008709907532,0.8469277024269104,0.8856512308120728
sub-cp024_ses-20210629_level-01B_run-001,sub-cp024,3,1000,46,51,50,0,0,1.0,0.05,2.255878368479282,0.1,1.5514036277122139,1.5514036277122139,0.8598933815956116,0.8553060293197632,0.8517197370529175,0.8243897557258606
sub-cp024_ses-20210629_level-01B_run-007,sub-cp024,3,1000,46,51,50,0,0,1.0,0.05,2.361513306419285,0.1,1.4564524965382422,1.4564524965382422,0.8532238006591797,0.8436936736106873,0.8457162380218506,0.8337901830673218
sub-cp024_ses-20210629_level-01B_run-012,sub-cp024,3,1000,46,51,50,0,0,1.0,0.05,2.226925505158304,0.1,1.2019180917775745,1.2019180917775745,0.8914592862129211,0.8790813088417053,0.8801220655441284,0.850901186466217
sub-cp024_ses-20210629_level-02B_run-003,sub-cp024,3,1000,46,51,50,1,1,2.0,0.05,2.270998070935989,0.1,1.9285432501243118,1.9285432501243118,0.8841956257820129,0.8892781734466553,0.887633204460144,0.8450390696525574
sub-cp024_ses-20210629_level-02B_run-008,sub-cp024,3,1000,46,51,50,1,0,2.0,0.05,2.3716653528036136,0.1,1.3959017911939569,1.3959017911939569,0.8285435438156128,0.8109273314476013,0.8088335990905762,0.813668966293335
sub-cp024_ses-20210629_level-02B_run-010,sub-cp024,3,1000,46,51,50,1,2,2.0,0.05,2.4427397311742176,0.1,2.057152560473628,2.057152560473628,0.8892720937728882,0.893524706363678,0.904593825340271,0.8748776912689209
sub-cp024_ses-20210629_level-03B_run-002,sub-cp024,3,1000,46,51,50,2,3,3.0,0.05,2.6772849261515175,0.1,3.0839859275944868,3.0839859275944868,0.8078596591949463,0.8026964068412781,0.821002185344696,0.8251290917396545
sub-cp024_ses-20210629_level-03B_run-005,sub-cp024,3,1000,46,51,50,2,2,3.0,0.05,2.479985890273384,0.1,2.5816954979275426,2.5816954979275426,0.8622696399688721,0.8689368367195129,0.8850487470626831,0.850795567035675
sub-cp024_ses-20210629_level-03B_run-011,sub-cp024,3,1000,46,51,50,2,3,3.0,0.05,2.785868551414951,0.1,3.184132115809592,3.184132115809592,0.8193086981773376,0.8094069957733154,0.8284863829612732,0.8484190106391907
sub-cp024_ses-20210629_level-04B_run-004,sub-cp024,3,1000,46,51,50,3,3,4.0,0.05,2.6254848373589477,0.1,3.087354559113293,3.087354559113293,0.856437087059021,0.8482809662818909,0.8613576889038086,0.8683290481567383
sub-cp024_ses-20210629_level-04B_run-006,sub-cp024,3,1000,46,51,50,3,3,4.0,0.05,3.1879076264758437,0.1,3.6191934243088784,3.6191934243088784,0.8283275365829468,0.8277561068534851,0.8526081442832947,0.903712809085846
sub-cp024_ses-20210629_level-04B_run-009,sub-cp024,3,1000,46,51,50,3,3,4.0,0.05,2.6994775065156222,0.1,3.0085414068743677,3.0085414068743677,0.8120720386505127,0.8064711093902588,0.8220790028572083,0.8325227499008179
sub-cp025_ses-20210820_level-01B_run-001,sub-cp025,3,1000,46,51,50,0,1,1.0,0.05,2.2685808460915795,0.1,1.3101297793943232,1.3101297793943232,0.8913512825965881,0.8935508728027344,0.8881447315216064,0.856552004814148
sub-cp025_ses-20210820_level-01B_run-007,sub-cp025,3,1000,46,51,50,0,0,1.0,0.05,1.9444054285880776,0.1,0.3020281994225842,1.0,0.9126021862030029,0.8911131024360657,0.8739031553268433,0.8333677053451538
sub-cp025_ses-20210820_level-01B_run-012,sub-cp025,3,1000,46,51,50,0,0,1.0,0.05,2.29981409959364,0.1,0.931190807626594,1.0,0.8715584874153137,0.8581894636154175,0.8594731688499451,0.8439828753471375
sub-cp025_ses-20210820_level-02B_run-003,sub-cp025,3,1000,46,51,50,1,1,2.0,0.05,2.193140671533943,0.1,1.623323870355721,1.623323870355721,0.9029353260993958,0.9185319542884827,0.9050245881080627,0.8491055965423584
sub-cp025_ses-20210820_level-02B_run-008,sub-cp025,3,1000,46,51,50,1,1,2.0,0.05,2.117056275904539,0.1,1.9534162701638527,1.9534162701638527,0.9041234254837036,0.9266579747200012,0.9061014652252197,0.8243897557258606
sub-cp025_ses-20210820_level-02B_run-010,sub-cp025,3,1000,46,51,50,1,1,2.0,0.05,2.0393591691095327,0.1,1.5015926674664946,1.5015926674664946,0.9124401807785034,0.920471727848053,0.8977557420730591,0.8289843201637268
sub-cp025_ses-20210820_level-03B_run-002,sub-cp025,3,1000,46,51,50,2,2,3.0,0.05,2.3632992103001196,0.1,2.8238709660776284,2.8238709660776284,0.9050955176353455,0.922254204750061,0.9325385093688965,0.8675896525382996
sub-cp025_ses-20210820_level-03B_run-005,sub-cp025,3,1000,46,51,50,2,2,3.0,0.05,2.4338662495056127,0.1,2.6044241645693473,2.6044241645693473,0.8837635517120361,0.887338399887085,0.8935559391975403,0.8709167838096619
sub-cp025_ses-20210820_level-03B_run-011,sub-cp025,3,1000,46,51,50,2,2,3.0,0.05,2.3665849500438756,0.1,2.6063757478251817,2.6063757478251817,0.8776880502700806,0.8896189332008362,0.8956289291381836,0.8492640256881714
sub-cp025_ses-20210820_level-04B_run-004,sub-cp025,3,1000,46,51,50,3,3,4.0,0.05,3.170025962148922,0.1,4.094956862757492,4.0,0.810127854347229,0.8143874406814575,0.8369936347007751,0.8853343725204468
sub-cp025_ses-20210820_level-04B_run-006,sub-cp025,3,1000,46,51,50,3,3,4.0,0.05,2.976554432634851,0.1,4.0355663893852025,4.0,0.8786330819129944,0.8758570551872253,0.8932867646217346,0.9301714301109314
sub-cp025_ses-20210820_level-04B_run-009,sub-cp025,3,1000,46,51,50,3,3,4.0,0.05,3.0764205761633225,0.1,4.29321328257219,4.0,0.8599203824996948,0.8608894348144531,0.881521999835968,0.9234643578529358
sub-cp037_ses-20210113_level-01B_run-001,sub-cp037,3,1000,46,51,50,0,0,1.0,0.05,2.1274868078105627,0.1,1.0279521683008377,1.0279521683008377,0.8817383646965027,0.8686484694480896,0.8533081412315369,0.8347408175468445
sub-cp037_ses-20210113_level-01B_run-007,sub-cp037,3,1000,46,51,50,0,0,1.0,0.05,1.9562792035409529,0.1,0.6611938916918736,1.0,0.9006941318511963,0.8904053568840027,0.8652074933052063,0.8200591802597046
sub-cp037_ses-20210113_level-01B_run-012,sub-cp037,3,1000,46,51,50,0,0,1.0,0.05,2.0083332001954877,0.1,0.9239407944549107,1.0,0.9069046974182129,0.8991080522537231,0.8789913654327393,0.8323115110397339
sub-cp037_ses-20210113_level-02B_run-003,sub-cp037,3,1000,46,51,50,1,1,2.0,0.05,2.251957222949078,0.1,1.7474972292530242,1.7474972292530242,0.8654829263687134,0.8827511072158813,0.872422456741333,0.8230694532394409
sub-cp037_ses-20210113_level-02B_run-008,sub-cp037,3,1000,46,51,50,1,1,2.0,0.05,2.192766186304186,0.1,1.6409716251924131,1.6409716251924131,0.8945375680923462,0.8974828720092773,0.8834065198898315,0.8506371378898621
sub-cp037_ses-20210113_level-02B_run-010,sub-cp037,3,1000,46,51,50,1,1,2.0,0.05,2.0906234319431154,0.1,1.653009246134013,1.653009246134013,0.9224041104316711,0.9330801963806152,0.9129126071929932,0.8502146005630493
sub-cp037_ses-20210113_level-03B_run-002,sub-cp037,3,1000,46,51,50,2,2,3.0,0.05,2.3585148399435134,0.1,2.6658847166123847,2.6658847166123847,0.8688042163848877,0.8835113048553467,0.8909714818000793,0.8353217244148254
sub-cp037_ses-20210113_level-03B_run-005,sub-cp037,3,1000,46,51,50,2,1,3.0,0.05,2.2730881503433302,0.1,2.694626785452396,2.694626785452396,0.8784170746803284,0.9007595181465149,0.8975403904914856,0.8283506035804749
sub-cp037_ses-20210113_level-03B_run-011,sub-cp037,3,1000,46,51,50,2,2,3.0,0.05,2.2864394913857833,0.1,2.8187144257784196,2.8187144257784196,0.9062296152114868,0.9249803423881531,0.9266157150268555,0.856235146522522
sub-cp037_ses-20210113_level-04B_run-004,sub-cp037,3,1000,46,51,50,3,3,4.0,0.05,3.0535201543176536,0.1,3.607487453917585,3.607487453917585,0.830109715461731,0.8286473751068115,0.8465238809585571,0.8902458548545837
sub-cp037_ses-20210113_level-04B_run-006,sub-cp037,3,1000,46,51,50,3,3,4.0,0.05,3.1521225029507227,0.1,3.9681835280013793,3.9681835280013793,0.830757737159729,0.8266027569770813,0.8480314612388611,0.9005969166755676
sub-cp037_ses-20210113_level-04B_run-009,sub-cp037,3,1000,46,51,50,3,3,4.0,0.05,3.086241169849762,0.1,4.313275696086125,4.0,0.8584892749786377,0.8580322265625,0.8799335956573486,0.9226194024085999
sub-cp008_ses-20210503_level-01B_run-001,sub-cp008,3,2000,46,51,50,0,0,1.0,0.05,2.296637336395928,0.01,2.0924085036718534,2.0924085036718534,0.8839014768600464,0.8787941336631775,0.8745833039283752,0.8562967777252197
sub-cp008_ses-20210503_level-01B_run-007,sub-cp008,3,2000,46,51,50,0,0,1.0,0.05,2.044712212782256,0.01,1.4752821801220963,1.4752821801220963,0.8636831641197205,0.8614823818206787,0.8487029671669006,0.7817144393920898
sub-cp008_ses-20210503_level-01B_run-012,sub-cp008,3,2000,46,51,50,0,1,1.0,0.05,1.9989472418483774,0.01,1.0785635102323485,1.0785635102323485,0.9127925634384155,0.9130241274833679,0.8927103877067566,0.8223665952682495
sub-cp008_ses-20210503_level-02B_run-003,sub-cp008,3,2000,46,51,50,1,1,2.0,0.05,2.1219212494852107,0.01,1.8941605637310037,1.8941605637310037,0.9089033603668213,0.924630880355835,0.9075281023979187,0.8357306122779846
sub-cp008_ses-20210503_level-02B_run-008,sub-cp008,3,2000,46,51,50,1,1,2.0,0.05,2.094719744538634,0.01,2.2600840767129995,2.2600840767129995,0.872288167476654,0.8854958415031433,0.8712199330329895,0.7849153876304626
sub-cp008_ses-20210503_level-02B_run-010,sub-cp008,3,2000,46,51,50,1,1,2.0,0.05,2.0396616461620796,0.01,1.60239978775002,1.60239978775002,0.9032118916511536,0.9126437902450562,0.890589714050293,0.8158313035964966
sub-cp008_ses-20210503_level-03B_run-002,sub-cp008,3,2000,46,51,50,2,2,3.0,0.05,2.3158314196598915,0.01,2.6513773654634436,2.6513773654634436,0.9143915772438049,0.9281588196754456,0.9330437779426575,0.8731551766395569
sub-cp008_ses-20210503_level-03B_run-005,sub-cp008,3,2000,46,51,50,2,2,3.0,0.05,2.2534242591584444,0.01,2.546697518349026,2.546697518349026,0.9047160744667053,0.920394778251648,0.9232643246650696,0.8439731001853943
sub-cp008_ses-20210503_level-03B_run-011,sub-cp008,3,2000,46,51,50,2,1,3.0,0.05,2.2293908610641213,0.01,2.7902758718698637,2.7902758718698637,0.885446310043335,0.9028469324111938,0.901598334312439,0.8211929202079773
sub-cp008_ses-20210503_level-04B_run-004,sub-cp008,3,2000,46,51,50,3,3,4.0,0.05,3.0399511283152636,0.01,4.023854553646011,4.0,0.8423942923545837,0.8467018008232117,0.8731110095977783,0.9033242464065552
sub-cp008_ses-20210503_level-04B_run-006,sub-cp008,3,2000,46,51,50,3,3,4.0,0.05,3.059525315007625,0.01,3.875468488875844,3.875468488875844,0.8483297228813171,0.8537313938140869,0.8794865608215332,0.9118601083755493
sub-cp008_ses-20210503_level-04B_run-009,sub-cp008,3,2000,46,51,50,3,3,4.0,0.05,3.1014833770056214,0.01,4.28723960837225,4.0,0.8498474359512329,0.840931236743927,0.8663572669029236,0.912793755531311
sub-cp014_ses-20211112_level-01B_run-001,sub-cp014,3,2000,46,51,50,0,0,1.0,0.05,1.9422304790234488,0.01,1.1006138310766396,1.1006138310766396,0.9161803722381592,0.9110831618309021,0.8854433298110962,0.8228200674057007
sub-cp014_ses-20211112_level-01B_run-007,sub-cp014,3,2000,46,51,50,0,0,1.0,0.05,1.9093421719464325,0.01,0.5025993271939402,1.0,0.9156383275985718,0.8980206251144409,0.8765824437141418,0.825727641582489
sub-cp014_ses-20211112_level-01B_run-012,sub-cp014,3,2000,46,51,50,0,0,1.0,0.05,1.9379950097316825,0.01,0.7389103803933408,1.0,0.9101501107215881,0.8939681053161621,0.873597264289856,0.825834333896637
sub-cp014_ses-20211112_level-02B_run-003,sub-cp014,3,2000,46,51,50,1,1,2.0,0.05,2.0314583137267554,0.01,1.2898668068820625,1.2898668068820625,0.9129416346549988,0.9211685657501221,0.8982349634170532,0.8261277675628662
sub-cp014_ses-20211112_level-02B_run-008,sub-cp014,3,2000,46,51,50,1,1,2.0,0.05,2.143616525989681,0.01,2.4289110762941237,2.4289110762941237,0.8861645460128784,0.8981911540031433,0.886375367641449,0.8170850276947021
sub-cp014_ses-20211112_level-02B_run-010,sub-cp014,3,2000,46,51,50,1,1,2.0,0.05,2.067334182513704,0.01,1.7561765320606417,1.7561765320606417,0.9068436026573181,0.9146634936332703,0.8958576321601868,0.8277549147605896
sub-cp014_ses-20211112_level-03B_run-002,sub-cp014,3,2000,46,51,50,2,1,3.0,0.05,2.2060527632170834,0.01,3.1276755016195437,3.1276755016195437,0.9041469097137451,0.9239357709884644,0.9183745980262756,0.835757315158844
sub-cp014_ses-20211112_level-03B_run-005,sub-cp014,3,2000,46,51,50,2,2,3.0,0.05,2.3371725277827378,0.01,3.4885386593694254,3.4885386593694254,0.9004610180854797,0.9170110821723938,0.9235345125198364,0.8609915375709534
sub-cp014_ses-20211112_level-03B_run-011,sub-cp014,3,2000,46,51,50,2,2,3.0,0.05,2.3151150272829026,0.01,3.1339822753527002,3.1339822753527002,0.9038488268852234,0.9158831834793091,0.9221837520599365,0.8618717789649963
sub-cp014_ses-20211112_level-04B_run-004,sub-cp014,3,2000,46,51,50,3,2,4.0,0.05,2.7169192255296384,0.01,3.8662708646888047,3.8662708646888047,0.881272554397583,0.8860073089599609,0.9072985053062439,0.9041778445243835
sub-cp014_ses-20211112_level-04B_run-006,sub-cp014,3,2000,46,51,50,3,3,4.0,0.05,2.8778762729220815,0.01,4.5211497572746815,4.0,0.8713666796684265,0.8738759756088257,0.8966140747070312,0.9133539199829102
sub-cp014_ses-20211112_level-04B_run-009,sub-cp014,3,2000,46,51,50,3,3,4.0,0.05,2.856814256649881,0.01,3.7195872694157126,3.7195872694157126,0.8740091323852539,0.8782170414924622,0.9009499549865723,0.9139940738677979
sub-cp019_ses-20210625_level-01B_run-001,sub-cp019,3,2000,46,51,50,0,0,1.0,0.05,2.2458632277415504,0.01,1.8362269486937812,1.8362269486937812,0.8769633173942566,0.8679611682891846,0.8557808995246887,0.8466939330101013
sub-cp019_ses-20210625_level-01B_run-007,sub-cp019,3,2000,46,51,50,0,0,1.0,0.05,2.0067427955407733,0.01,0.802321969509822,1.0,0.8919779658317566,0.8846433758735657,0.8645337224006653,0.8163114786148071
sub-cp019_ses-20210625_level-01B_run-012,sub-cp019,3,2000,46,51,50,0,0,1.0,0.05,2.0305080683448358,0.01,0.6613379187231416,1.0,0.8851211071014404,0.8786367177963257,0.8623455166816711,0.8104697465896606
sub-cp019_ses-20210625_level-02B_run-003,sub-cp019,3,2000,46,51,50,1,1,2.0,0.05,2.3357118659071063,0.01,1.2032367018516754,1.2032367018516754,0.8588725328445435,0.8629381060600281,0.8626291751861572,0.8325830101966858
sub-cp019_ses-20210625_level-02B_run-008,sub-cp019,3,2000,46,51,50,1,1,2.0,0.05,2.179568441832537,0.01,2.4207589950148884,2.4207589950148884,0.8996614813804626,0.9174963235855103,0.9073930382728577,0.8328497409820557
sub-cp019_ses-20210625_level-02B_run-010,sub-cp019,3,2000,46,51,50,1,1,2.0,0.05,2.0773518486220635,0.01,1.5703324629233493,1.5703324629233493,0.9061524868011475,0.9159356951713562,0.895763099193573,0.8303156495094299
sub-cp019_ses-20210625_level-03B_run-002,sub-cp019,3,2000,46,51,50,2,3,3.0,0.05,2.9341992697228156,0.01,2.8425248786152464,2.8425248786152464,0.8122836351394653,0.8136258721351624,0.8334800004959106,0.8604580760002136
sub-cp019_ses-20210625_level-03B_run-005,sub-cp019,3,2000,46,51,50,2,2,3.0,0.05,2.360332566698132,0.01,2.758967477362856,2.758967477362856,0.8687648773193359,0.8904795050621033,0.8971543312072754,0.8321295380592346
sub-cp019_ses-20210625_level-03B_run-011,sub-cp019,3,2000,46,51,50,2,2,3.0,0.05,2.3296124560436664,0.01,2.5674770717508903,2.5674770717508903,0.8950134515762329,0.9084601402282715,0.9157001376152039,0.8547763228416443
sub-cp019_ses-20210625_level-04B_run-004,sub-cp019,3,2000,46,51,50,3,3,4.0,0.05,3.1922077319867923,0.01,3.108458895657594,3.108458895657594,0.8003721237182617,0.8000256419181824,0.8230116963386536,0.8761694431304932
sub-cp019_ses-20210625_level-04B_run-006,sub-cp019,3,2000,46,51,50,3,3,4.0,0.05,3.240831170724799,0.01,3.5545177637483776,3.5545177637483776,0.7966049313545227,0.7983731627464294,0.829468309879303,0.8795837759971619
sub-cp019_ses-20210625_level-04B_run-009,sub-cp019,3,2000,46,51,50,3,3,4.0,0.05,3.1728995951131855,0.01,3.49419410975728,3.49419410975728,0.8204278945922852,0.8206161260604858,0.8452720642089844,0.894441545009613
sub-cp023_ses-20210628_level-01B_run-001,sub-cp023,3,2000,46,51,50,0,0,1.0,0.05,2.076138717834199,0.01,1.5006741225794833,1.5006741225794833,0.8708788156509399,0.8704661130905151,0.856766939163208,0.7987862229347229
sub-cp023_ses-20210628_level-01B_run-007,sub-cp023,3,2000,46,51,50,0,0,1.0,0.05,2.1263118584330742,0.01,1.0965520696338675,1.0965520696338675,0.8932653665542603,0.8735874891281128,0.865168571472168,0.8449867367744446
sub-cp023_ses-20210628_level-01B_run-012,sub-cp023,3,2000,46,51,50,0,0,1.0,0.05,2.2444588566379426,0.01,1.734990132972836,1.734990132972836,0.8623958230018616,0.846937894821167,0.843313455581665,0.829435408115387
sub-cp023_ses-20210628_level-02B_run-003,sub-cp023,3,2000,46,51,50,1,1,2.0,0.05,2.3176769959674792,0.01,1.9018378169074712,1.9018378169074712,0.9023852944374084,0.9072011113166809,0.9024898409843445,0.8755559325218201
sub-cp023_ses-20210628_level-02B_run-008,sub-cp023,3,2000,46,51,50,1,1,2.0,0.05,2.185710999905842,0.01,1.4981053221485834,1.4981053221485834,0.8898640275001526,0.8999878764152527,0.8900899291038513,0.8341301679611206
sub-cp023_ses-20210628_level-02B_run-010,sub-cp023,3,2000,46,51,50,1,2,2.0,0.05,2.3132156279287797,0.01,2.5738950563559637,2.5738950563559637,0.8788333535194397,0.8957123756408691,0.8970327973365784,0.8392249941825867
sub-cp023_ses-20210628_level-03B_run-002,sub-cp023,3,2000,46,51,50,2,2,3.0,0.05,2.439647477858683,0.01,2.976286265531259,2.976286265531259,0.8899182081222534,0.9098765850067139,0.9208599925041199,0.8703276515007019
sub-cp023_ses-20210628_level-03B_run-005,sub-cp023,3,2000,46,51,50,2,2,3.0,0.05,2.5376020165363684,0.01,2.833707203399797,2.833707203399797,0.8813809752464294,0.8811547756195068,0.8981674313545227,0.8801172971725464
sub-cp023_ses-20210628_level-03B_run-011,sub-cp023,3,2000,46,51,50,2,0,3.0,0.05,2.116529968467137,0.01,1.7872334114044621,1.7872334114044621,0.8805001378059387,0.8611544966697693,0.8522014021873474,0.8305824398994446
sub-cp023_ses-20210628_level-04B_run-004,sub-cp023,3,2000,46,51,50,3,3,4.0,0.05,3.3280240413882862,0.01,4.501255189389449,4.0,0.8072290420532227,0.8107274770736694,0.8381130695343018,0.9007368087768555
sub-cp023_ses-20210628_level-04B_run-006,sub-cp023,3,2000,46,51,50,3,3,4.0,0.05,3.208606966407607,0.01,3.897422607435716,3.897422607435716,0.8019305467605591,0.7955272197723389,0.822646975517273,0.8775031566619873
sub-cp023_ses-20210628_level-04B_run-009,sub-cp023,3,2000,46,51,50,3,3,4.0,0.05,3.2358865349230426,0.01,3.9161368225239466,3.9161368225239466,0.7914283871650696,0.7919730544090271,0.8177167773246765,0.8727284073829651
sub-cp024_ses-20210629_level-01B_run-001,sub-cp024,3,2000,46,51,50,0,0,1.0,0.05,2.2992047945896648,0.01,1.2111291670401374,1.2111291670401374,0.8412560224533081,0.8382033109664917,0.833669126033783,0.8136173486709595
sub-cp024_ses-20210629_level-01B_run-007,sub-cp024,3,2000,46,51,50,0,2,1.0,0.05,2.4262380922667046,0.01,1.069986534931544,1.069986534931544,0.8389794230461121,0.8365508317947388,0.8418276309967041,0.8264478445053101
sub-cp024_ses-20210629_level-01B_run-012,sub-cp024,3,2000,46,51,50,0,0,1.0,0.05,2.2105551984622034,0.01,0.8902617431575333,1.0,0.8863949179649353,0.8737055063247681,0.8729894161224365,0.8442398309707642
sub-cp024_ses-20210629_level-02B_run-003,sub-cp024,3,2000,46,51,50,1,1,2.0,0.05,2.2788734481221713,0.01,2.114075902441655,2.114075902441655,0.8770310878753662,0.8819547891616821,0.8809183239936829,0.8391716480255127
sub-cp024_ses-20210629_level-02B_run-008,sub-cp024,3,2000,46,51,50,1,3,2.0,0.05,2.521270318761129,0.01,1.2995750515064741,1.2995750515064741,0.8068360686302185,0.7912780046463013,0.7931196093559265,0.8088425397872925
sub-cp024_ses-20210629_level-02B_run-010,sub-cp024,3,2000,46,51,50,1,2,2.0,0.05,2.3847082133693105,0.01,1.7322090422159002,1.7322090422159002,0.8833187818527222,0.8927090764045715,0.8982619643211365,0.8602979779243469
sub-cp024_ses-20210629_level-03B_run-002,sub-cp024,3,2000,46,51,50,2,3,3.0,0.05,2.8039582411051853,0.01,3.093724603005527,3.093724603005527,0.7864550948143005,0.7826483249664307,0.8008999228477478,0.8188722133636475
sub-cp024_ses-20210629_level-03B_run-005,sub-cp024,3,2000,46,51,50,2,2,3.0,0.05,2.482721182028855,0.01,2.7424073144553915,2.7424073144553915,0.8473133444786072,0.8571544289588928,0.8721519708633423,0.8364241719245911
sub-cp024_ses-20210629_level-03B_run-011,sub-cp024,3,2000,46,51,50,2,3,3.0,0.05,2.734283140635494,0.01,2.941955265307402,2.941955265307402,0.8089906573295593,0.7982158064842224,0.8156906366348267,0.8324229717254639
sub-cp024_ses-20210629_level-04B_run-004,sub-cp024,3,2000,46,51,50,3,3,4.0,0.05,2.7431922089165806,0.01,3.4219357235173904,3.4219357235173904,0.8383289575576782,0.8279736638069153,0.8413143754005432,0.8633922338485718
sub-cp024_ses-20210629_level-04B_run-006,sub-cp024,3,2000,46,51,50,3,3,4.0,0.05,3.2227823620369973,0.01,3.7053045221757794,3.7053045221757794,0.8206311464309692,0.8179013729095459,0.8434485197067261,0.8990829586982727
sub-cp024_ses-20210629_level-04B_run-009,sub-cp024,3,2000,46,51,50,3,3,4.0,0.05,2.7855401439797474,0.01,3.2252606081831057,3.2252606081831057,0.7814140915870667,0.7704514265060425,0.7825297713279724,0.8110565543174744
sub-cp025_ses-20210820_level-01B_run-001,sub-cp025,3,2000,46,51,50,0,1,1.0,0.05,2.2248001748714596,0.01,1.1108532438392866,1.1108532438392866,0.8853243589401245,0.8862040638923645,0.8781358003616333,0.8443465232849121
sub-cp025_ses-20210820_level-01B_run-007,sub-cp025,3,2000,46,51,50,0,0,1.0,0.05,1.9625000474310799,0.01,0.28824104267747996,1.0,0.9113832712173462,0.893692672252655,0.8762582540512085,0.8326897025108337
sub-cp025_ses-20210820_level-01B_run-012,sub-cp025,3,2000,46,51,50,0,0,1.0,0.05,2.2480625487804202,0.01,0.6503083725129464,1.0,0.8669083714485168,0.8556593060493469,0.8539438843727112,0.8316760659217834
sub-cp025_ses-20210820_level-02B_run-003,sub-cp025,3,2000,46,51,50,1,1,2.0,0.05,2.1813814911158738,0.01,1.7224449940290174,1.7224449940290174,0.8992549777030945,0.913456916809082,0.9011255502700806,0.8414657115936279
sub-cp025_ses-20210820_level-02B_run-008,sub-cp025,3,2000,46,51,50,1,1,2.0,0.05,2.0561004417207145,0.01,2.0320234283280523,2.0320234283280523,0.9138495326042175,0.9318572282791138,0.907838761806488,0.8203393220901489
sub-cp025_ses-20210820_level-02B_run-010,sub-cp025,3,2000,46,51,50,1,1,2.0,0.05,2.042741602410877,0.01,1.8866210024997034,1.8866210024997034,0.9205438494682312,0.9293653964996338,0.9077847599983215,0.8347703218460083
sub-cp025_ses-20210820_level-03B_run-002,sub-cp025,3,2000,46,51,50,2,2,3.0,0.05,2.3740882618262655,0.01,3.0005495631924055,3.0005495631924055,0.9044179320335388,0.9245915412902832,0.9355831742286682,0.8668332695960999
sub-cp025_ses-20210820_level-03B_run-005,sub-cp025,3,2000,46,51,50,2,2,3.0,0.05,2.4720000098066253,0.01,3.0963856244585504,3.0963856244585504,0.87647545337677,0.8840663433074951,0.8933317065238953,0.8676868677139282
sub-cp025_ses-20210820_level-03B_run-011,sub-cp025,3,2000,46,51,50,2,2,3.0,0.05,2.3490089760754636,0.01,2.9972242661145976,2.9972242661145976,0.8749306201934814,0.8889188766479492,0.8935748934745789,0.8426393866539001
sub-cp025_ses-20210820_level-04B_run-004,sub-cp025,3,2000,46,51,50,3,3,4.0,0.05,3.2388100526039705,0.01,4.203108282426395,4.0,0.7910082936286926,0.7955272197723389,0.819405198097229,0.8741688132286072
sub-cp025_ses-20210820_level-04B_run-006,sub-cp025,3,2000,46,51,50,3,3,4.0,0.05,3.00276996533081,0.01,4.477245414701906,4.0,0.8727489113807678,0.8708595633506775,0.8931291103363037,0.927358090877533
sub-cp025_ses-20210820_level-04B_run-009,sub-cp025,3,2000,46,51,50,3,3,4.0,0.05,3.045928628964022,0.01,3.917018402719872,3.917018402719872,0.8584794998168945,0.8590954542160034,0.8814451098442078,0.9186354875564575
sub-cp037_ses-20210113_level-01B_run-001,sub-cp037,3,2000,46,51,50,0,0,1.0,0.05,2.140302713537242,0.01,0.9574640461342863,1.0,0.8897149562835693,0.879095733165741,0.865195631980896,0.8427727222442627
sub-cp037_ses-20210113_level-01B_run-007,sub-cp037,3,2000,46,51,50,0,0,1.0,0.05,1.9877599808054793,0.01,0.9712090598610901,1.0,0.8922219276428223,0.8841187953948975,0.8632910847663879,0.8126570582389832
sub-cp037_ses-20210113_level-01B_run-012,sub-cp037,3,2000,46,51,50,0,0,1.0,0.05,1.94897794507481,0.01,0.9206408665790388,1.0,0.912900984287262,0.9041321873664856,0.8814721703529358,0.8238604068756104
sub-cp037_ses-20210113_level-02B_run-003,sub-cp037,3,2000,46,51,50,1,1,2.0,0.05,2.190328792327907,0.01,1.891665820668126,1.891665820668126,0.8712311387062073,0.882269561290741,0.8709228038787842,0.8179119825363159
sub-cp037_ses-20210113_level-02B_run-008,sub-cp037,3,2000,46,51,50,1,1,2.0,0.05,2.2498717758278186,0.01,1.3731187255704578,1.3731187255704578,0.8951218724250793,0.8957648873329163,0.8894686102867126,0.8580039739608765
sub-cp037_ses-20210113_level-02B_run-010,sub-cp037,3,2000,46,51,50,1,1,2.0,0.05,2.067025564578648,0.01,1.5239443246188409,1.5239443246188409,0.9261268973350525,0.9336146116256714,0.9142413139343262,0.848507821559906
sub-cp037_ses-20210113_level-03B_run-002,sub-cp037,3,2000,46,51,50,2,2,3.0,0.05,2.3258591318137025,0.01,2.937075339057449,2.937075339057449,0.8673826456069946,0.8795678615570068,0.884079098701477,0.8304757475852966
sub-cp037_ses-20210113_level-03B_run-005,sub-cp037,3,2000,46,51,50,2,1,3.0,0.05,2.264189979940779,0.01,2.3920282613543575,2.3920282613543575,0.8815706968307495,0.9010633230209351,0.900112509727478,0.8274614810943604
sub-cp037_ses-20210113_level-03B_run-011,sub-cp037,3,2000,46,51,50,2,2,3.0,0.05,2.27564659861209,0.01,2.962552697466235,2.962552697466235,0.9097435474395752,0.9244997501373291,0.9281405210494995,0.8569102883338928
sub-cp037_ses-20210113_level-04B_run-004,sub-cp037,3,2000,46,51,50,3,3,4.0,0.05,3.0574982526996832,0.01,3.6316478329040356,3.6316478329040356,0.826525866985321,0.8248654007911682,0.8472171425819397,0.8871327042579651
sub-cp037_ses-20210113_level-04B_run-006,sub-cp037,3,2000,46,51,50,3,3,4.0,0.05,3.17772910976346,0.01,3.5448817315786183,3.5448817315786183,0.8271492123603821,0.8254162073135376,0.8485949039459229,0.900816798210144
sub-cp037_ses-20210113_level-04B_run-009,sub-cp037,3,2000,46,51,50,3,3,4.0,0.05,3.130836618297106,0.01,4.488169699562365,4.0,0.8498067855834961,0.8501247763633728,0.8737188577651978,0.919169008731842
sub-cp008_ses-20210503_level-01B_run-001,sub-cp008,3,5000,46,51,50,0,0,1.0,0.05,2.292716863712058,0.01,2.0586038353920477,2.0586038353920477,0.8878291845321655,0.8794845342636108,0.875458836555481,0.8604893684387207
sub-cp008_ses-20210503_level-01B_run-007,sub-cp008,3,5000,46,51,50,0,1,1.0,0.05,1.9909997094173768,0.01,1.3544212713746966,1.3544212713746966,0.8688274025917053,0.8693456053733826,0.8482465147972107,0.7759261727333069
sub-cp008_ses-20210503_level-01B_run-012,sub-cp008,3,5000,46,51,50,0,1,1.0,0.05,1.9693415100014697,0.01,1.049509203646749,1.049509203646749,0.9062574505805969,0.9073927998542786,0.8835545778274536,0.8078057765960693
sub-cp008_ses-20210503_level-02B_run-003,sub-cp008,3,5000,46,51,50,1,1,2.0,0.05,2.1215374705903858,0.01,2.038069854375454,2.038069854375454,0.9050887227058411,0.9263902306556702,0.9054669737815857,0.8304875493049622
sub-cp008_ses-20210503_level-02B_run-008,sub-cp008,3,5000,46,51,50,1,1,2.0,0.05,2.070850302605182,0.01,1.9217933241696752,1.9217933241696752,0.8692710995674133,0.884679913520813,0.8643947243690491,0.7801378965377808
sub-cp008_ses-20210503_level-02B_run-010,sub-cp008,3,5000,46,51,50,1,1,2.0,0.05,2.0278560049498706,0.01,1.2954986137112905,1.2954986137112905,0.8983526229858398,0.909959077835083,0.8858159780502319,0.805259644985199
sub-cp008_ses-20210503_level-03B_run-002,sub-cp008,3,5000,46,51,50,2,2,3.0,0.05,2.367237187725505,0.01,2.865132645996959,2.865132645996959,0.9029678106307983,0.9207329750061035,0.9295058250427246,0.8682444095611572
sub-cp008_ses-20210503_level-03B_run-005,sub-cp008,3,5000,46,51,50,2,2,3.0,0.05,2.297008542882837,0.01,2.7491547974311334,2.7491547974311334,0.8944895267486572,0.9158786535263062,0.9210053086280823,0.8386881947517395
sub-cp008_ses-20210503_level-03B_run-011,sub-cp008,3,5000,46,51,50,2,1,3.0,0.05,2.238550552878349,0.01,2.766871208624509,2.766871208624509,0.8829705119132996,0.9078546166419983,0.9033836722373962,0.818541944026947
sub-cp008_ses-20210503_level-04B_run-004,sub-cp008,3,5000,46,51,50,3,3,4.0,0.05,3.0583190134864644,0.01,3.7519882563789926,3.7519882563789926,0.8449183106422424,0.8465434908866882,0.8739638328552246,0.906945526599884
sub-cp008_ses-20210503_level-04B_run-006,sub-cp008,3,5000,46,51,50,3,3,4.0,0.05,3.12152181794974,0.01,3.7686592080162713,3.7686592080162713,0.8422509431838989,0.8433579802513123,0.8712815046310425,0.9111572504043579
sub-cp008_ses-20210503_level-04B_run-009,sub-cp008,3,5000,46,51,50,3,3,4.0,0.05,3.1156389314057966,0.01,4.216347645614569,4.0,0.8546788692474365,0.8457772731781006,0.8704448938369751,0.9191032648086548
sub-cp014_ses-20211112_level-01B_run-001,sub-cp014,3,5000,46,51,50,0,0,1.0,0.05,1.947813234240342,0.01,1.3493209596624403,1.3493209596624403,0.9151415228843689,0.9120739698410034,0.88576740026474,0.8212790489196777
sub-cp014_ses-20211112_level-01B_run-007,sub-cp014,3,5000,46,51,50,0,0,1.0,0.05,1.906511102853068,0.01,1.1308287169908695,1.1308287169908695,0.9198107719421387,0.9032732248306274,0.8806994557380676,0.8288113474845886
sub-cp014_ses-20211112_level-01B_run-012,sub-cp014,3,5000,46,51,50,0,0,1.0,0.05,1.9195854390706364,0.01,1.1677697611513396,1.1677697611513396,0.9102179408073425,0.8918590545654297,0.8699429631233215,0.8253528475761414
sub-cp014_ses-20211112_level-02B_run-003,sub-cp014,3,5000,46,51,50,1,1,2.0,0.05,2.0129193366349027,0.01,1.6147586794147037,1.6147586794147037,0.9102720618247986,0.9193370342254639,0.8943056464195251,0.81756591796875
sub-cp014_ses-20211112_level-02B_run-008,sub-cp014,3,5000,46,51,50,1,1,2.0,0.05,2.1274854378399572,0.01,2.2731881226349087,2.2731881226349087,0.8897120356559753,0.9009169340133667,0.8880773782730103,0.81758713722229
sub-cp014_ses-20211112_level-02B_run-010,sub-cp014,3,5000,46,51,50,1,1,2.0,0.05,2.0304827081134107,0.01,1.8650762971608137,1.8650762971608137,0.9071934223175049,0.914755642414093,0.8926595449447632,0.819507360458374
sub-cp014_ses-20211112_level-03B_run-002,sub-cp014,3,5000,46,51,50,2,1,3.0,0.05,2.224506545627951,0.01,2.9275362889148164,2.9275362889148164,0.8966970443725586,0.920559823513031,0.9162666201591492,0.8268699049949646
sub-cp014_ses-20211112_level-03B_run-005,sub-cp014,3,5000,46,51,50,2,2,3.0,0.05,2.3682671447808157,0.01,3.5176411254134443,3.5176411254134443,0.8915191292762756,0.9144669771194458,0.9234178066253662,0.8530101180076599
sub-cp014_ses-20211112_level-03B_run-011,sub-cp014,3,5000,46,51,50,2,2,3.0,0.05,2.325965807781592,0.01,2.9511655791912137,2.9511655791912137,0.8972272872924805,0.9121946692466736,0.9197207689285278,0.8542513251304626
sub-cp014_ses-20211112_level-04B_run-004,sub-cp014,3,5000,46,51,50,3,2,4.0,0.05,2.6976148394313952,0.01,3.837725442114662,3.837725442114662,0.884593665599823,0.8902952075004578,0.9102056622505188,0.9054072499275208
sub-cp014_ses-20211112_level-04B_run-006,sub-cp014,3,5000,46,51,50,3,3,4.0,0.05,2.8555433362491813,0.01,4.167330796659815,4.0,0.8782579302787781,0.8816204071044922,0.9038423895835876,0.9179151058197021
sub-cp014_ses-20211112_level-04B_run-009,sub-cp014,3,5000,46,51,50,3,3,4.0,0.05,2.8598496329885927,0.01,3.947324446074371,3.947324446074371,0.8759585022926331,0.8825283050537109,0.905002772808075,0.9169815182685852
sub-cp019_ses-20210625_level-01B_run-001,sub-cp019,3,5000,46,51,50,0,0,1.0,0.05,2.219777029905996,0.01,1.4099455320012853,1.4099455320012853,0.8755689263343811,0.8630796074867249,0.8518733978271484,0.841754138469696
sub-cp019_ses-20210625_level-01B_run-007,sub-cp019,3,5000,46,51,50,0,0,1.0,0.05,1.979733085856675,0.01,0.7664898736086119,1.0,0.8904749155044556,0.8871726989746094,0.8623276352882385,0.8068934082984924
sub-cp019_ses-20210625_level-01B_run-012,sub-cp019,3,5000,46,51,50,0,0,1.0,0.05,2.026881429611849,0.01,0.9097782956604707,1.0,0.8843069076538086,0.8798466324806213,0.8622520565986633,0.8075936436653137
sub-cp019_ses-20210625_level-02B_run-003,sub-cp019,3,5000,46,51,50,1,1,2.0,0.05,2.2834438624465783,0.01,1.3951481071966327,1.3951481071966327,0.8668796420097351,0.8694400191307068,0.86733078956604,0.8322485685348511
sub-cp019_ses-20210625_level-02B_run-008,sub-cp019,3,5000,46,51,50,1,1,2.0,0.05,2.1541300877422707,0.01,2.0611500286425075,2.0611500286425075,0.8985636830329895,0.9193580150604248,0.905909538269043,0.8230931758880615
sub-cp019_ses-20210625_level-02B_run-010,sub-cp019,3,5000,46,51,50,1,1,2.0,0.05,2.095159369164063,0.01,1.5064898037091954,1.5064898037091954,0.8997594118118286,0.913957953453064,0.895055890083313,0.8214700222015381
sub-cp019_ses-20210625_level-03B_run-002,sub-cp019,3,5000,46,51,50,2,3,3.0,0.05,2.9372906304598208,0.01,3.2018475060266525,3.2018475060266525,0.8184500336647034,0.821427047252655,0.8444198966026306,0.8673638701438904
sub-cp019_ses-20210625_level-03B_run-005,sub-cp019,3,5000,46,51,50,2,2,3.0,0.05,2.3810388685187154,0.01,2.8625579659315648,2.8625579659315648,0.8659543991088867,0.8908042311668396,0.8987690806388855,0.8315908312797546
sub-cp019_ses-20210625_level-03B_run-011,sub-cp019,3,5000,46,51,50,2,2,3.0,0.05,2.2983145886502307,0.01,2.5688737801324053,2.5688737801324053,0.890372097492218,0.9085263609886169,0.9121593832969666,0.8416586518287659
sub-cp019_ses-20210625_level-04B_run-004,sub-cp019,3,5000,46,51,50,3,3,4.0,0.05,3.1156396383172753,0.01,3.5630941164443826,3.5630941164443826,0.8203707337379456,0.8227022886276245,0.8441230654716492,0.8887301087379456
sub-cp019_ses-20210625_level-04B_run-006,sub-cp019,3,5000,46,51,50,3,3,4.0,0.05,3.202758660575248,0.01,4.1281603902213195,4.0,0.8116436004638672,0.8139330148696899,0.8443983197212219,0.8904063105583191
sub-cp019_ses-20210625_level-04B_run-009,sub-cp019,3,5000,46,51,50,3,3,4.0,0.05,3.1693362777258742,0.01,3.7887938757400383,3.7887938757400383,0.8295145630836487,0.8340691924095154,0.8569790720939636,0.9047919511795044
sub-cp023_ses-20210628_level-01B_run-001,sub-cp023,3,5000,46,51,50,0,0,1.0,0.05,2.029084413837277,0.01,1.0927073885143137,1.0927073885143137,0.8663169145584106,0.8658294677734375,0.8463466763496399,0.7874049544334412
sub-cp023_ses-20210628_level-01B_run-007,sub-cp023,3,5000,46,51,50,0,0,1.0,0.05,2.135290495848151,0.01,1.1286643589025027,1.1286643589025027,0.8965617418289185,0.8782669901847839,0.8689175248146057,0.8497850298881531
sub-cp023_ses-20210628_level-01B_run-012,sub-cp023,3,5000,46,51,50,0,0,1.0,0.05,2.288300483152184,0.01,1.5434444414042596,1.5434444414042596,0.8700718283653259,0.8545255064964294,0.8519273400306702,0.8434197306632996
sub-cp023_ses-20210628_level-02B_run-003,sub-cp023,3,5000,46,51,50,1,1,2.0,0.05,2.274951698856207,0.01,1.8553287082107228,1.8553287082107228,0.9024916887283325,0.9086732864379883,0.9006311297416687,0.8692628741264343
sub-cp023_ses-20210628_level-02B_run-008,sub-cp023,3,5000,46,51,50,1,1,2.0,0.05,2.187325994421664,0.01,1.5367797142049084,1.5367797142049084,0.8837767243385315,0.8931238055229187,0.8813579082489014,0.8316332697868347
sub-cp023_ses-20210628_level-02B_run-010,sub-cp023,3,5000,46,51,50,1,2,2.0,0.05,2.3537152895004967,0.01,2.387510490770081,2.387510490770081,0.8651645183563232,0.8817673325538635,0.8859995007514954,0.8330654501914978
sub-cp023_ses-20210628_level-03B_run-002,sub-cp023,3,5000,46,51,50,2,2,3.0,0.05,2.4228225501584353,0.01,3.0975308335812564,3.0975308335812564,0.8929042220115662,0.9123783111572266,0.9224571585655212,0.8703556060791016
sub-cp023_ses-20210628_level-03B_run-005,sub-cp023,3,5000,46,51,50,2,2,3.0,0.05,2.5624379463692986,0.01,2.529470932624751,2.529470932624751,0.8817152976989746,0.8790961503982544,0.8982887268066406,0.8833938837051392
sub-cp023_ses-20210628_level-03B_run-011,sub-cp023,3,5000,46,51,50,2,0,3.0,0.05,2.139257625601061,0.01,1.395061746588972,1.395061746588972,0.883381724357605,0.8623973727226257,0.8533953428268433,0.8384972214698792
sub-cp023_ses-20210628_level-04B_run-004,sub-cp023,3,5000,46,51,50,3,3,4.0,0.05,3.352558112388081,0.01,4.512302568934347,4.0,0.8123307228088379,0.8148828744888306,0.8436373472213745,0.9085474610328674
sub-cp023_ses-20210628_level-04B_run-006,sub-cp023,3,5000,46,51,50,3,3,4.0,0.05,3.269724777325746,0.01,3.929384477969375,3.929384477969375,0.8000542521476746,0.7915455102920532,0.8202839493751526,0.8817919492721558
sub-cp023_ses-20210628_level-04B_run-009,sub-cp023,3,5000,46,51,50,3,3,4.0,0.05,3.272265000515549,0.01,4.321068939949936,4.0,0.7887624502182007,0.793177604675293,0.822944700717926,0.8764238357543945
sub-cp024_ses-20210629_level-01B_run-001,sub-cp024,3,5000,46,51,50,0,0,1.0,0.05,2.296593500152643,0.01,1.1899634272374742,1.1899634272374742,0.8436035513877869,0.8394115567207336,0.8370312452316284,0.8145424127578735
sub-cp024_ses-20210629_level-01B_run-007,sub-cp024,3,5000,46,51,50,0,0,1.0,0.05,2.349640512490323,0.01,1.3918646704661286,1.3918646704661286,0.8445557951927185,0.8399678468704224,0.8380674719810486,0.8241540193557739
sub-cp024_ses-20210629_level-01B_run-012,sub-cp024,3,5000,46,51,50,0,0,1.0,0.05,2.247743062486505,0.01,0.9956961551392229,1.0,0.8888733983039856,0.8774325847625732,0.8804512023925781,0.8502411842346191
sub-cp024_ses-20210629_level-02B_run-003,sub-cp024,3,5000,46,51,50,1,1,2.0,0.05,2.271015824782821,0.01,1.8631069918982628,1.8631069918982628,0.8828893899917603,0.8855563402175903,0.8847581148147583,0.8443639278411865
sub-cp024_ses-20210629_level-02B_run-008,sub-cp024,3,5000,46,51,50,1,3,2.0,0.05,2.5333838669995203,0.01,1.6516708640293856,1.6516708640293856,0.8136671185493469,0.7979269623756409,0.8039953708648682,0.8160488605499268
sub-cp024_ses-20210629_level-02B_run-010,sub-cp024,3,5000,46,51,50,1,2,2.0,0.05,2.4130690026565875,0.01,2.0015344055517543,2.0015344055517543,0.8759152293205261,0.8889097571372986,0.898472249507904,0.8541665077209473
sub-cp024_ses-20210629_level-03B_run-002,sub-cp024,3,5000,46,51,50,2,3,3.0,0.05,2.7900682373142196,0.01,3.228208036443861,3.228208036443861,0.7964345812797546,0.7870270609855652,0.8065913915634155,0.8260424137115479
sub-cp024_ses-20210629_level-03B_run-005,sub-cp024,3,5000,46,51,50,2,2,3.0,0.05,2.527146486839979,0.01,2.828267836321014,2.828267836321014,0.847472071647644,0.8604503870010376,0.8793826103210449,0.8418177962303162
sub-cp024_ses-20210629_level-03B_run-011,sub-cp024,3,5000,46,51,50,2,3,3.0,0.05,2.7531809524841098,0.01,2.7755054409151647,2.7755054409151647,0.8198838233947754,0.8085119724273682,0.8258699774742126,0.8453505039215088
sub-cp024_ses-20210629_level-04B_run-004,sub-cp024,3,5000,46,51,50,3,3,4.0,0.05,2.847761774827961,0.01,3.401489680581376,3.401489680581376,0.8346328735351562,0.820886492729187,0.8374306559562683,0.8698569536209106
sub-cp024_ses-20210629_level-04B_run-006,sub-cp024,3,5000,46,51,50,3,3,4.0,0.05,3.268236653183028,0.01,3.7333389442185805,3.7333389442185805,0.8170270323753357,0.8161739110946655,0.8429573178291321,0.9015244245529175
sub-cp024_ses-20210629_level-04B_run-009,sub-cp024,3,5000,46,51,50,3,3,4.0,0.05,2.8783965790753534,0.01,3.1933721016285808,3.1933721016285808,0.7708969116210938,0.7575339078903198,0.7732046842575073,0.8094183206558228
sub-cp025_ses-20210820_level-01B_run-001,sub-cp025,3,5000,46,51,50,0,1,1.0,0.05,2.2078373951901864,0.01,1.0635328292777078,1.0635328292777078,0.8830571174621582,0.887398362159729,0.8782005906105042,0.8371604681015015
sub-cp025_ses-20210820_level-01B_run-007,sub-cp025,3,5000,46,51,50,0,0,1.0,0.05,1.9553552214906924,0.01,0.48685871640382716,1.0,0.9123334288597107,0.8939005136489868,0.8767055869102478,0.8322591781616211
sub-cp025_ses-20210820_level-01B_run-012,sub-cp025,3,5000,46,51,50,0,0,1.0,0.05,2.246401412474416,0.01,1.0271586662543057,1.0271586662543057,0.8750441074371338,0.862308144569397,0.8631156086921692,0.8384653925895691
sub-cp025_ses-20210820_level-02B_run-003,sub-cp025,3,5000,46,51,50,1,1,2.0,0.05,2.2171675097382835,0.01,1.7757164288696294,1.7757164288696294,0.8890032768249512,0.9084371328353882,0.8990497589111328,0.8328957557678223
sub-cp025_ses-20210820_level-02B_run-008,sub-cp025,3,5000,46,51,50,1,1,2.0,0.05,2.0228377664026214,0.01,1.784498368605436,1.784498368605436,0.9121224284172058,0.9298118352890015,0.9024337530136108,0.8087924122810364
sub-cp025_ses-20210820_level-02B_run-010,sub-cp025,3,5000,46,51,50,1,1,2.0,0.05,2.0344192528897773,0.01,1.7785258756810731,1.7785258756810731,0.9199406504631042,0.9290509223937988,0.9080413579940796,0.8283339142799377
sub-cp025_ses-20210820_level-03B_run-002,sub-cp025,3,5000,46,51,50,2,2,3.0,0.05,2.365749634941259,0.01,2.9583929515156777,2.9583929515156777,0.9023293852806091,0.9248998165130615,0.9348597526550293,0.8616563081741333
sub-cp025_ses-20210820_level-03B_run-005,sub-cp025,3,5000,46,51,50,2,2,3.0,0.05,2.5211014491717467,0.01,2.9818936507586287,2.9818936507586287,0.871240496635437,0.8777737021446228,0.8919956684112549,0.868127703666687
sub-cp025_ses-20210820_level-03B_run-011,sub-cp025,3,5000,46,51,50,2,2,3.0,0.05,2.392126340951754,0.01,3.273210981472168,3.273210981472168,0.8706128597259521,0.887135922908783,0.8959787487983704,0.843143880367279
sub-cp025_ses-20210820_level-04B_run-004,sub-cp025,3,5000,46,51,50,3,3,4.0,0.05,3.260224996282484,0.01,4.1860368254146705,4.0,0.7992480993270874,0.8041982054710388,0.8281799554824829,0.8850594758987427
sub-cp025_ses-20210820_level-04B_run-006,sub-cp025,3,5000,46,51,50,3,3,4.0,0.05,3.0469726134231667,0.01,4.2218386766728,4.0,0.8721494674682617,0.8720430135726929,0.8948453664779663,0.9321733713150024
sub-cp025_ses-20210820_level-04B_run-009,sub-cp025,3,5000,46,51,50,3,3,4.0,0.05,3.1394856798030095,0.01,4.203381106788761,4.0,0.8549656271934509,0.8565406799316406,0.8821405172348022,0.9259035587310791
sub-cp037_ses-20210113_level-01B_run-001,sub-cp037,3,5000,46,51,50,0,0,1.0,0.05,2.1125394738021894,0.01,1.0855132768670632,1.0855132768670632,0.894965648651123,0.8841394186019897,0.8701534867286682,0.8426452875137329
sub-cp037_ses-20210113_level-01B_run-007,sub-cp037,3,5000,46,51,50,0,0,1.0,0.05,1.9951823517597613,0.01,1.4271722331570802,1.4271722331570802,0.8866063952445984,0.881615161895752,0.8613075613975525,0.8041033148765564
sub-cp037_ses-20210113_level-01B_run-012,sub-cp037,3,5000,46,51,50,0,0,1.0,0.05,1.9112801084690563,0.01,1.1285144101537297,1.1285144101537297,0.9174409508705139,0.9094132781028748,0.8836570978164673,0.8172795176506042
sub-cp037_ses-20210113_level-02B_run-003,sub-cp037,3,5000,46,51,50,1,1,2.0,0.05,2.1404620069518407,0.01,1.9761684349727051,1.9761684349727051,0.8714028000831604,0.8837983012199402,0.8686584830284119,0.8064054250717163
sub-cp037_ses-20210113_level-02B_run-008,sub-cp037,3,5000,46,51,50,1,1,2.0,0.05,2.1890175938800134,0.01,1.7375084250834492,1.7375084250834492,0.9018694758415222,0.9025700092315674,0.8914290070533752,0.8559275269508362
sub-cp037_ses-20210113_level-02B_run-010,sub-cp037,3,5000,46,51,50,1,1,2.0,0.05,2.0370180986360014,0.01,1.8724398927238428,1.8724398927238428,0.9264224767684937,0.9329133629798889,0.9112256765365601,0.8427937626838684
sub-cp037_ses-20210113_level-03B_run-002,sub-cp037,3,5000,46,51,50,2,2,3.0,0.05,2.310203686024793,0.01,2.866076457349862,2.866076457349862,0.8701692223548889,0.8827906847000122,0.8888221979141235,0.8266577124595642
sub-cp037_ses-20210113_level-03B_run-005,sub-cp037,3,5000,46,51,50,2,2,3.0,0.05,2.278091101889845,0.01,2.9037602194512946,2.9037602194512946,0.872966468334198,0.8958002328872681,0.8971823453903198,0.8154866099357605
sub-cp037_ses-20210113_level-03B_run-011,sub-cp037,3,5000,46,51,50,2,2,3.0,0.05,2.294411394535104,0.01,3.0934330760597724,3.0934330760597724,0.9026269912719727,0.9191743731498718,0.9242651462554932,0.8517583012580872
sub-cp037_ses-20210113_level-04B_run-004,sub-cp037,3,5000,46,51,50,3,3,4.0,0.05,3.0876133636821916,0.01,4.230790451202263,4.0,0.827225923538208,0.8284592032432556,0.8541239500045776,0.892294704914093
sub-cp037_ses-20210113_level-04B_run-006,sub-cp037,3,5000,46,51,50,3,3,4.0,0.05,3.157053971017387,0.01,4.001084268694925,4.0,0.8277344703674316,0.8307263255119324,0.8545557260513306,0.9010682106018066
sub-cp037_ses-20210113_level-04B_run-009,sub-cp037,3,5000,46,51,50,3,3,4.0,0.05,3.1555106031950793,0.01,4.626882964101729,4.0,0.8516868948936462,0.8556905388832092,0.8810935020446777,0.9253836870193481
sub-cp008_ses-20210503_level-01B_run-001,sub-cp008,3,10000,46,51,50,0,0,1.0,0.05,2.3142319977157086,0.01,1.8948207036094578,1.8948207036094578,0.889589250087738,0.8796249628067017,0.8756605386734009,0.8660439848899841
sub-cp008_ses-20210503_level-01B_run-007,sub-cp008,3,10000,46,51,50,0,1,1.0,0.05,1.9878941032313087,0.01,1.3310804510165906,1.3310804510165906,0.8692845702171326,0.8715170621871948,0.8492492437362671,0.7736713886260986
sub-cp008_ses-20210503_level-01B_run-012,sub-cp008,3,10000,46,51,50,0,1,1.0,0.05,1.9841942474337662,0.01,0.9093273655301006,1.0,0.9038704633712769,0.9063891768455505,0.8837049603462219,0.8067370057106018
sub-cp008_ses-20210503_level-02B_run-003,sub-cp008,3,10000,46,51,50,1,1,2.0,0.05,2.142877699873188,0.01,2.0221385811285475,2.0221385811285475,0.9025234580039978,0.9249799251556396,0.9061291217803955,0.8311491012573242
sub-cp008_ses-20210503_level-02B_run-008,sub-cp008,3,10000,46,51,50,1,1,2.0,0.05,2.092269098080419,0.01,2.070968810276061,2.070968810276061,0.8702636957168579,0.8886765837669373,0.8697485327720642,0.7821074724197388
sub-cp008_ses-20210503_level-02B_run-010,sub-cp008,3,10000,46,51,50,1,1,2.0,0.05,2.0334059497480044,0.01,1.3904023285050175,1.3904023285050175,0.8970138430595398,0.9097890853881836,0.885400652885437,0.8046849966049194
sub-cp008_ses-20210503_level-03B_run-002,sub-cp008,3,10000,46,51,50,2,2,3.0,0.05,2.338037761518532,0.01,2.8388699817035237,2.8388699817035237,0.9047224521636963,0.9210242629051208,0.9278172850608826,0.8653228878974915
sub-cp008_ses-20210503_level-03B_run-005,sub-cp008,3,10000,46,51,50,2,2,3.0,0.05,2.277289067741498,0.01,2.7396536428604996,2.7396536428604996,0.8977360129356384,0.920062243938446,0.9233394861221313,0.8363454341888428
sub-cp008_ses-20210503_level-03B_run-011,sub-cp008,3,10000,46,51,50,2,1,3.0,0.05,2.233087020201719,0.01,2.678644336314184,2.678644336314184,0.8843068480491638,0.9090918302536011,0.9045143127441406,0.8177606463432312
sub-cp008_ses-20210503_level-04B_run-004,sub-cp008,3,10000,46,51,50,3,3,4.0,0.05,3.019586855875673,0.01,3.8847257168197187,3.8847257168197187,0.8479304909706116,0.8502393960952759,0.874522864818573,0.9058223962783813
sub-cp008_ses-20210503_level-04B_run-006,sub-cp008,3,10000,46,51,50,3,3,4.0,0.05,3.064706589720284,0.01,3.8147800958123153,3.8147800958123153,0.8440977931022644,0.8442233204841614,0.8691554069519043,0.9062041640281677
sub-cp008_ses-20210503_level-04B_run-009,sub-cp008,3,10000,46,51,50,3,3,4.0,0.05,3.072537205235342,0.01,4.232700234698209,4.0,0.8624009490013123,0.8522840738296509,0.8752507567405701,0.9217984080314636
sub-cp014_ses-20211112_level-01B_run-001,sub-cp014,3,10000,46,51,50,0,0,1.0,0.05,1.9732709197117213,0.01,1.4192460361850314,1.4192460361850314,0.9152899384498596,0.9118311405181885,0.8889888525009155,0.8262603282928467
sub-cp014_ses-20211112_level-01B_run-007,sub-cp014,3,10000,46,51,50,0,0,1.0,0.05,1.9223383726841656,0.01,1.1987996388051232,1.1987996388051232,0.9182841181755066,0.9020193219184875,0.8814647197723389,0.8292614817619324
sub-cp014_ses-20211112_level-01B_run-012,sub-cp014,3,10000,46,51,50,0,0,1.0,0.05,1.9286566851285991,0.01,1.1521102229410929,1.1521102229410929,0.9097262620925903,0.8921839594841003,0.871366024017334,0.8250672817230225
sub-cp014_ses-20211112_level-02B_run-003,sub-cp014,3,10000,46,51,50,1,1,2.0,0.05,2.043003397346893,0.01,1.7063576156586597,1.7063576156586597,0.9067050218582153,0.9187777638435364,0.8958848714828491,0.8172410130500793
sub-cp014_ses-20211112_level-02B_run-008,sub-cp014,3,10000,46,51,50,1,1,2.0,0.05,2.1422316093177782,0.01,2.3163580583622383,2.3163580583622383,0.8940305113792419,0.9070078134536743,0.8948172926902771,0.8237151503562927
sub-cp014_ses-20211112_level-02B_run-010,sub-cp014,3,10000,46,51,50,1,1,2.0,0.05,2.054950600308196,0.01,1.7797755335517587,1.7797755335517587,0.9083576202392578,0.9171499013900757,0.8975967168807983,0.8237894177436829
sub-cp014_ses-20211112_level-03B_run-002,sub-cp014,3,10000,46,51,50,2,1,3.0,0.05,2.2322297936165003,0.01,2.849918438668313,2.849918438668313,0.8974628448486328,0.923420250415802,0.9188724756240845,0.8284236788749695
sub-cp014_ses-20211112_level-03B_run-005,sub-cp014,3,10000,46,51,50,2,2,3.0,0.05,2.3636222152314286,0.01,3.525922593990474,3.525922593990474,0.8942117094993591,0.9175431132316589,0.9260434508323669,0.854574978351593
sub-cp014_ses-20211112_level-03B_run-011,sub-cp014,3,10000,46,51,50,2,2,3.0,0.05,2.314923151156854,0.01,3.0051948705621196,3.0051948705621196,0.9007031321525574,0.9163163304328918,0.9224525690078735,0.8558316230773926
sub-cp014_ses-20211112_level-04B_run-004,sub-cp014,3,10000,46,51,50,3,2,4.0,0.05,2.669384443943869,0.01,3.6074193500792404,3.6074193500792404,0.8883613348007202,0.8923752903938293,0.9105557203292847,0.9056261777877808
sub-cp014_ses-20211112_level-04B_run-006,sub-cp014,3,10000,46,51,50,3,3,4.0,0.05,2.8099224204251074,0.01,4.053339659210517,4.0,0.8834115862846375,0.8855859637260437,0.9054659605026245,0.9176519513130188
sub-cp014_ses-20211112_level-04B_run-009,sub-cp014,3,10000,46,51,50,3,3,4.0,0.05,2.788930801192,0.01,3.8068436989019476,3.8068436989019476,0.8810368180274963,0.8849620819091797,0.9046679735183716,0.9131873846054077
sub-cp019_ses-20210625_level-01B_run-001,sub-cp019,3,10000,46,51,50,0,0,1.0,0.05,2.2461849554973647,0.01,1.3429576085404085,1.3429576085404085,0.8793814778327942,0.8677868247032166,0.8584986925125122,0.8484613299369812
sub-cp019_ses-20210625_level-01B_run-007,sub-cp019,3,10000,46,51,50,0,0,1.0,0.05,2.0099637629491784,0.01,0.7286217019957066,1.0,0.8888779282569885,0.8864850997924805,0.8650631308555603,0.8092238306999207
sub-cp019_ses-20210625_level-01B_run-012,sub-cp019,3,10000,46,51,50,0,0,1.0,0.05,2.0385403586656494,0.01,1.0567452877241914,1.0567452877241914,0.8865491151809692,0.8841075301170349,0.8667804002761841,0.8104062080383301
sub-cp019_ses-20210625_level-02B_run-003,sub-cp019,3,10000,46,51,50,1,1,2.0,0.05,2.297783484691709,0.01,1.3410687787329827,1.3410687787329827,0.8679673671722412,0.8713414072990417,0.8699021935462952,0.8353433012962341
sub-cp019_ses-20210625_level-02B_run-008,sub-cp019,3,10000,46,51,50,1,1,2.0,0.05,2.1617056180024865,0.01,2.296599511083606,2.296599511083606,0.8954451084136963,0.918166995048523,0.9048000574111938,0.819892168045044
sub-cp019_ses-20210625_level-02B_run-010,sub-cp019,3,10000,46,51,50,1,1,2.0,0.05,2.0983317390275626,0.01,1.7193330123616426,1.7193330123616426,0.8990559577941895,0.9136136770248413,0.8949844241142273,0.8209473490715027
sub-cp019_ses-20210625_level-03B_run-002,sub-cp019,3,10000,46,51,50,2,3,3.0,0.05,2.905506135676191,0.01,2.983995368742378,2.983995368742378,0.8244395852088928,0.8271477222442627,0.8487801551818848,0.8697291612625122
sub-cp019_ses-20210625_level-03B_run-005,sub-cp019,3,10000,46,51,50,2,2,3.0,0.05,2.372135494757166,0.01,2.8340565411241325,2.8340565411241325,0.8649867177009583,0.8911589980125427,0.8975131511688232,0.8292720913887024
sub-cp019_ses-20210625_level-03B_run-011,sub-cp019,3,10000,46,51,50,2,2,3.0,0.05,2.288390486998355,0.01,2.6143424903247583,2.6143424903247583,0.8876418471336365,0.9076946377754211,0.909870982170105,0.8359795808792114
sub-cp019_ses-20210625_level-04B_run-004,sub-cp019,3,10000,46,51,50,3,3,4.0,0.05,3.0825166062436287,0.01,3.5082402575111247,3.5082402575111247,0.8253754377365112,0.827451765537262,0.8493354916572571,0.8900425434112549
sub-cp019_ses-20210625_level-04B_run-006,sub-cp019,3,10000,46,51,50,3,3,4.0,0.05,3.1924872162804054,0.01,3.8853705537370655,3.8853705537370655,0.8147267699241638,0.816633403301239,0.8440381288528442,0.8918665647506714
sub-cp019_ses-20210625_level-04B_run-009,sub-cp019,3,10000,46,51,50,3,3,4.0,0.05,3.1341970928133307,0.01,3.76878040228382,3.76878040228382,0.8345040082931519,0.8376935124397278,0.8596255779266357,0.9052656292915344
sub-cp023_ses-20210628_level-01B_run-001,sub-cp023,3,10000,46,51,50,0,1,1.0,0.05,2.0415672349391807,0.01,1.0708630994240773,1.0708630994240773,0.8619357347488403,0.8632203936576843,0.843633770942688,0.7849018573760986
sub-cp023_ses-20210628_level-01B_run-007,sub-cp023,3,10000,46,51,50,0,0,1.0,0.05,2.1335309552029824,0.01,1.1708471802920264,1.1708471802920264,0.8976738452911377,0.881116509437561,0.871942937374115,0.8494528532028198
sub-cp023_ses-20210628_level-01B_run-012,sub-cp023,3,10000,46,51,50,0,0,1.0,0.05,2.3015454287432253,0.01,1.8242559035496333,1.8242559035496333,0.872565507888794,0.856803297996521,0.855819046497345,0.8471622467041016
sub-cp023_ses-20210628_level-02B_run-003,sub-cp023,3,10000,46,51,50,1,1,2.0,0.05,2.305119101761769,0.01,1.9467136743372697,1.9467136743372697,0.9054365158081055,0.9120277166366577,0.9069244265556335,0.875821590423584
sub-cp023_ses-20210628_level-02B_run-008,sub-cp023,3,10000,46,51,50,1,1,2.0,0.05,2.1717887796064144,0.01,1.4537633045969076,1.4537633045969076,0.8804066181182861,0.8906111121177673,0.8782836198806763,0.8237469792366028
sub-cp023_ses-20210628_level-02B_run-010,sub-cp023,3,10000,46,51,50,1,2,2.0,0.05,2.3358608751110905,0.01,2.6148747721132546,2.6148747721132546,0.8636370301246643,0.8821913003921509,0.885228157043457,0.8270026445388794
sub-cp023_ses-20210628_level-03B_run-002,sub-cp023,3,10000,46,51,50,2,2,3.0,0.05,2.4155558799987,0.01,3.0178397733367195,3.0178397733367195,0.8961347937583923,0.9147356152534485,0.9248707294464111,0.8721151947975159
sub-cp023_ses-20210628_level-03B_run-005,sub-cp023,3,10000,46,51,50,2,2,3.0,0.05,2.5590143745798413,0.01,2.6427316679287913,2.6427316679287913,0.8838741183280945,0.8810746073722839,0.8991225957870483,0.8855249285697937
sub-cp023_ses-20210628_level-03B_run-011,sub-cp023,3,10000,46,51,50,2,0,3.0,0.05,2.1445394952955814,0.01,1.4531139039749617,1.4531139039749617,0.8827894926071167,0.8624340295791626,0.8544926643371582,0.8378300666809082
sub-cp023_ses-20210628_level-04B_run-004,sub-cp023,3,10000,46,51,50,3,3,4.0,0.05,3.3219050539280266,0.01,4.245215011902367,4.0,0.8171854019165039,0.817836582660675,0.8448495864868164,0.9086114168167114
sub-cp023_ses-20210628_level-04B_run-006,sub-cp023,3,10000,46,51,50,3,3,4.0,0.05,3.206886247298033,0.01,3.8635958509880517,3.8635958509880517,0.8116135597229004,0.8022551536560059,0.829159677028656,0.8858642578125
sub-cp023_ses-20210628_level-04B_run-009,sub-cp023,3,10000,46,51,50,3,3,4.0,0.05,3.221190504172995,0.01,3.940600929200298,3.940600929200298,0.798517107963562,0.8003415465354919,0.8273534774780273,0.8788279891014099
sub-cp024_ses-20210629_level-01B_run-001,sub-cp024,3,10000,46,51,50,0,0,1.0,0.05,2.311203850216301,0.01,1.2821108567499013,1.2821108567499013,0.8450093269348145,0.842883825302124,0.8395414352416992,0.8184075355529785
sub-cp024_ses-20210629_level-01B_run-007,sub-cp024,3,10000,46,51,50,0,0,1.0,0.05,2.367621894940647,0.01,1.0729125832598232,1.0729125832598232,0.8446874618530273,0.8388652205467224,0.8351876139640808,0.8281161189079285
sub-cp024_ses-20210629_level-01B_run-012,sub-cp024,3,10000,46,51,50,0,0,1.0,0.05,2.2643928563738775,0.01,0.9612594246181263,1.0,0.8923832774162292,0.8794702887535095,0.8817774653434753,0.8580586314201355
sub-cp024_ses-20210629_level-02B_run-003,sub-cp024,3,10000,46,51,50,1,1,2.0,0.05,2.27390167240567,0.01,1.9237449924112806,1.9237449924112806,0.884626030921936,0.8885402679443359,0.8875789046287537,0.8461654186248779
sub-cp024_ses-20210629_level-02B_run-008,sub-cp024,3,10000,46,51,50,1,3,2.0,0.05,2.5836981261482705,0.01,1.7705841499249464,1.7705841499249464,0.8204933404922485,0.8058385848999023,0.8127230405807495,0.8285138010978699
sub-cp024_ses-20210629_level-02B_run-010,sub-cp024,3,10000,46,51,50,1,2,2.0,0.05,2.401655696172573,0.01,1.978936570938522,1.978936570938522,0.8821322321891785,0.8946218490600586,0.9030100107192993,0.8591244220733643
sub-cp024_ses-20210629_level-03B_run-002,sub-cp024,3,10000,46,51,50,2,3,3.0,0.05,2.7795844164227193,0.01,2.9133089127984872,2.9133089127984872,0.7995827794075012,0.7915022969245911,0.8106660842895508,0.828307032585144
sub-cp024_ses-20210629_level-03B_run-005,sub-cp024,3,10000,46,51,50,2,2,3.0,0.05,2.48434737541025,0.01,2.9869577748641634,2.9869577748641634,0.8548060059547424,0.8702824115753174,0.8858886361122131,0.8424696326255798
sub-cp024_ses-20210629_level-03B_run-011,sub-cp024,3,10000,46,51,50,2,3,3.0,0.05,2.7246071785475543,0.01,2.689665863506238,2.689665863506238,0.8294894099235535,0.8194801807403564,0.8366892337799072,0.8519768118858337
sub-cp024_ses-20210629_level-04B_run-004,sub-cp024,3,10000,46,51,50,3,3,4.0,0.05,2.8725395710031822,0.01,3.315058274669304,3.315058274669304,0.8372358083724976,0.8240047097206116,0.8399565815925598,0.8751693964004517
sub-cp024_ses-20210629_level-04B_run-006,sub-cp024,3,10000,46,51,50,3,3,4.0,0.05,3.2531138616487745,0.01,3.6734760602600494,3.6734760602600494,0.8185242414474487,0.8161824941635132,0.8417466282844543,0.9005411863327026
sub-cp024_ses-20210629_level-04B_run-009,sub-cp024,3,10000,46,51,50,3,3,4.0,0.05,2.886865072956765,0.01,3.2034782138421285,3.2034782138421285,0.7757970690727234,0.7619122266769409,0.7784667611122131,0.8150246143341064
sub-cp025_ses-20210820_level-01B_run-001,sub-cp025,3,10000,46,51,50,0,1,1.0,0.05,2.1982498791609526,0.01,1.320630217352758,1.320630217352758,0.8879069089889526,0.892564058303833,0.8823031187057495,0.840571403503418
sub-cp025_ses-20210820_level-01B_run-007,sub-cp025,3,10000,46,51,50,0,0,1.0,0.05,1.986346451652584,0.01,0.5121230291834387,1.0,0.9100643396377563,0.8926112651824951,0.877574622631073,0.8348554372787476
sub-cp025_ses-20210820_level-01B_run-012,sub-cp025,3,10000,46,51,50,0,0,1.0,0.05,2.230959476112933,0.01,1.010962040146727,1.010962040146727,0.8788838386535645,0.8663922548294067,0.8652167916297913,0.8407887816429138
sub-cp025_ses-20210820_level-02B_run-003,sub-cp025,3,10000,46,51,50,1,1,2.0,0.05,2.2114764664044775,0.01,1.813786878852108,1.813786878852108,0.8927700519561768,0.9115113019943237,0.9010932445526123,0.8371301889419556
sub-cp025_ses-20210820_level-02B_run-008,sub-cp025,3,10000,46,51,50,1,1,2.0,0.05,2.0584875020658764,0.01,1.974094407002367,1.974094407002367,0.9095315337181091,0.9306761622428894,0.9057328104972839,0.8118325471878052
sub-cp025_ses-20210820_level-02B_run-010,sub-cp025,3,10000,46,51,50,1,1,2.0,0.05,2.0503054336590774,0.01,1.6418552000294955,1.6418552000294955,0.9209185838699341,0.9313524961471558,0.9112485647201538,0.8320398926734924
sub-cp025_ses-20210820_level-03B_run-002,sub-cp025,3,10000,46,51,50,2,2,3.0,0.05,2.359891685808332,0.01,2.941311369589159,2.941311369589159,0.903616189956665,0.9242302179336548,0.9333518743515015,0.8640397191047668
sub-cp025_ses-20210820_level-03B_run-005,sub-cp025,3,10000,46,51,50,2,2,3.0,0.05,2.5266933367857414,0.01,2.9397709050760095,2.9397709050760095,0.8754352331161499,0.8807652592658997,0.8940975069999695,0.8737748265266418
sub-cp025_ses-20210820_level-03B_run-011,sub-cp025,3,10000,46,51,50,2,2,3.0,0.05,2.3556677801766943,0.01,3.1014285788907276,3.1014285788907276,0.875419020652771,0.8904224038124084,0.8974888920783997,0.8414728045463562
sub-cp025_ses-20210820_level-04B_run-004,sub-cp025,3,10000,46,51,50,3,3,4.0,0.05,3.2438273903424437,0.01,4.181873331544852,4.0,0.8032801747322083,0.8062213063240051,0.8295667767524719,0.8862619400024414
sub-cp025_ses-20210820_level-04B_run-006,sub-cp025,3,10000,46,51,50,3,3,4.0,0.05,3.007495515921005,0.01,4.300993381214607,4.0,0.8737555742263794,0.8736010193824768,0.8949413299560547,0.929449737071991
sub-cp025_ses-20210820_level-04B_run-009,sub-cp025,3,10000,46,51,50,3,3,4.0,0.05,3.1137390370676292,0.01,4.206102832378515,4.0,0.855095386505127,0.8549342751502991,0.8785046935081482,0.9224028587341309
sub-cp037_ses-20210113_level-01B_run-001,sub-cp037,3,10000,46,51,50,0,0,1.0,0.05,2.1372116706369404,0.01,1.2438941025793517,1.2438941025793517,0.8924644589424133,0.8806604146957397,0.8684545159339905,0.8443626165390015
sub-cp037_ses-20210113_level-01B_run-007,sub-cp037,3,10000,46,51,50,0,0,1.0,0.05,1.997618206869725,0.01,1.3231868859698197,1.3231868859698197,0.8875904679298401,0.8805503249168396,0.8611541390419006,0.8076543211936951
sub-cp037_ses-20210113_level-01B_run-012,sub-cp037,3,10000,46,51,50,0,0,1.0,0.05,1.9298015401854625,0.01,1.090960563562763,1.090960563562763,0.9168776273727417,0.907235860824585,0.884942352771759,0.8214298486709595
sub-cp037_ses-20210113_level-02B_run-003,sub-cp037,3,10000,46,51,50,1,1,2.0,0.05,2.160313660681916,0.01,1.9218330767338943,1.9218330767338943,0.8766929507255554,0.8884904384613037,0.8756982684135437,0.8154169917106628
sub-cp037_ses-20210113_level-02B_run-008,sub-cp037,3,10000,46,51,50,1,0,2.0,0.05,2.223336584080061,0.01,1.826139804488006,1.826139804488006,0.8983256816864014,0.8982419371604919,0.8903853297233582,0.8574011325836182
sub-cp037_ses-20210113_level-02B_run-010,sub-cp037,3,10000,46,51,50,1,1,2.0,0.05,2.065674775114095,0.01,1.9445217928780822,1.9445217928780822,0.9249486923217773,0.9323381185531616,0.9131626486778259,0.8466055393218994
sub-cp037_ses-20210113_level-03B_run-002,sub-cp037,3,10000,46,51,50,2,2,3.0,0.05,2.3432091352097677,0.01,2.9128814011108375,2.9128814011108375,0.8714889883995056,0.885895311832428,0.892849326133728,0.8347228765487671
sub-cp037_ses-20210113_level-03B_run-005,sub-cp037,3,10000,46,51,50,2,2,3.0,0.05,2.2729588349411842,0.01,2.9916486811013066,2.9916486811013066,0.8746968507766724,0.8944304585456848,0.896278440952301,0.818253755569458
sub-cp037_ses-20210113_level-03B_run-011,sub-cp037,3,10000,46,51,50,2,2,3.0,0.05,2.3282682920503253,0.01,3.1137226302054657,3.1137226302054657,0.9034512042999268,0.919414758682251,0.9273104667663574,0.8597447872161865
sub-cp037_ses-20210113_level-04B_run-004,sub-cp037,3,10000,46,51,50,3,3,4.0,0.05,3.082365030386663,0.01,4.155282389250337,4.0,0.8286671042442322,0.8280625939369202,0.8508856296539307,0.8923596739768982
sub-cp037_ses-20210113_level-04B_run-006,sub-cp037,3,10000,46,51,50,3,3,4.0,0.05,3.1183097969642857,0.01,3.9110551550986,3.9110551550986,0.8308498859405518,0.8331611156463623,0.855514407157898,0.899544358253479
sub-cp037_ses-20210113_level-04B_run-009,sub-cp037,3,10000,46,51,50,3,3,4.0,0.05,3.125834224342367,0.01,4.617335735251047,4.0,0.8533995151519775,0.8564363121986389,0.8804160356521606,0.9233042597770691
