feature_name,feature_group,reason_flagged,evidence,decision,included_in_primary
ecg_lslshimmerecg_duration,physiological_features,NONE,verified_provenance_predictor,KEEP_VERIFIED_PREDICTOR,True
ecg_lslshimmerecg_ecg_projection_la_ra_mv_iqr,physiological_features,NONE,verified_provenance_predictor,KEEP_VERIFIED_PREDICTOR,True
ecg_lslshimmerecg_ecg_projection_la_ra_mv_kurtosis,physiological_features,NONE,verified_provenance_predictor,KEEP_VERIFIED_PREDICTOR,True
ecg_lslshimmerecg_ecg_projection_la_ra_mv_max,physiological_features,NONE,verified_provenance_predictor,KEEP_VERIFIED_PREDICTOR,True
ecg_lslshimmerecg_ecg_projection_la_ra_mv_mean,physiological_features,NONE,verified_provenance_predictor,KEEP_VERIFIED_PREDICTOR,True
ecg_lslshimmerecg_ecg_projection_la_ra_mv_median,physiological_features,NONE,verified_provenance_predictor,KEEP_VERIFIED_PREDICTOR,True
ecg_lslshimmerecg_ecg_projection_la_ra_mv_min,physiological_features,NONE,verified_provenance_predictor,KEEP_VERIFIED_PREDICTOR,True
ecg_lslshimmerecg_ecg_projection_la_ra_mv_missing_ratio,physiological_features,NONE,verified_provenance_predictor,KEEP_VERIFIED_PREDICTOR,True
ecg_lslshimmerecg_ecg_projection_la_ra_mv_num_missing,physiological_features,NONE,verified_provenance_predictor,KEEP_VERIFIED_PREDICTOR,True
ecg_lslshimmerecg_ecg_projection_la_ra_mv_range,physiological_features,NONE,verified_provenance_predictor,KEEP_VERIFIED_PREDICTOR,True
ecg_lslshimmerecg_ecg_projection_la_ra_mv_rms,physiological_features,NONE,verified_provenance_predictor,KEEP_VERIFIED_PREDICTOR,True
ecg_lslshimmerecg_ecg_projection_la_ra_mv_skew,physiological_features,NONE,verified_provenance_predictor,KEEP_VERIFIED_PREDICTOR,True
ecg_lslshimmerecg_ecg_projection_la_ra_mv_slope,physiological_features,NONE,verified_provenance_predictor,KEEP_VERIFIED_PREDICTOR,True
ecg_lslshimmerecg_ecg_projection_la_ra_mv_std,physiological_features,NONE,verified_provenance_predictor,KEEP_VERIFIED_PREDICTOR,True
ecg_lslshimmerecg_ecg_projection_ll_ra_mv_iqr,physiological_features,NONE,verified_provenance_predictor,KEEP_VERIFIED_PREDICTOR,True
ecg_lslshimmerecg_ecg_projection_ll_ra_mv_kurtosis,physiological_features,NONE,verified_provenance_predictor,KEEP_VERIFIED_PREDICTOR,True
ecg_lslshimmerecg_ecg_projection_ll_ra_mv_max,physiological_features,NONE,verified_provenance_predictor,KEEP_VERIFIED_PREDICTOR,True
ecg_lslshimmerecg_ecg_projection_ll_ra_mv_mean,physiological_features,NONE,verified_provenance_predictor,KEEP_VERIFIED_PREDICTOR,True
ecg_lslshimmerecg_ecg_projection_ll_ra_mv_median,physiological_features,NONE,verified_provenance_predictor,KEEP_VERIFIED_PREDICTOR,True
ecg_lslshimmerecg_ecg_projection_ll_ra_mv_min,physiological_features,NONE,verified_provenance_predictor,KEEP_VERIFIED_PREDICTOR,True
ecg_lslshimmerecg_ecg_projection_ll_ra_mv_missing_ratio,physiological_features,NONE,verified_provenance_predictor,KEEP_VERIFIED_PREDICTOR,True
ecg_lslshimmerecg_ecg_projection_ll_ra_mv_num_missing,physiological_features,NONE,verified_provenance_predictor,KEEP_VERIFIED_PREDICTOR,True
ecg_lslshimmerecg_ecg_projection_ll_ra_mv_range,physiological_features,NONE,verified_provenance_predictor,KEEP_VERIFIED_PREDICTOR,True
ecg_lslshimmerecg_ecg_projection_ll_ra_mv_rms,physiological_features,NONE,verified_provenance_predictor,KEEP_VERIFIED_PREDICTOR,True
ecg_lslshimmerecg_ecg_projection_ll_ra_mv_skew,physiological_features,NONE,verified_provenance_predictor,KEEP_VERIFIED_PREDICTOR,True
ecg_lslshimmerecg_ecg_projection_ll_ra_mv_slope,physiological_features,NONE,verified_provenance_predictor,KEEP_VERIFIED_PREDICTOR,True
ecg_lslshimmerecg_ecg_projection_ll_ra_mv_std,physiological_features,NONE,verified_provenance_predictor,KEEP_VERIFIED_PREDICTOR,True
ecg_lslshimmerecg_ecg_projection_vx_rl_mv_iqr,physiological_features,NONE,verified_provenance_predictor,KEEP_VERIFIED_PREDICTOR,True
ecg_lslshimmerecg_ecg_projection_vx_rl_mv_kurtosis,physiological_features,NONE,verified_provenance_predictor,KEEP_VERIFIED_PREDICTOR,True
ecg_lslshimmerecg_ecg_projection_vx_rl_mv_max,physiological_features,NONE,verified_provenance_predictor,KEEP_VERIFIED_PREDICTOR,True
ecg_lslshimmerecg_ecg_projection_vx_rl_mv_mean,physiological_features,NONE,verified_provenance_predictor,KEEP_VERIFIED_PREDICTOR,True
ecg_lslshimmerecg_ecg_projection_vx_rl_mv_median,physiological_features,NONE,verified_provenance_predictor,KEEP_VERIFIED_PREDICTOR,True
ecg_lslshimmerecg_ecg_projection_vx_rl_mv_min,physiological_features,NONE,verified_provenance_predictor,KEEP_VERIFIED_PREDICTOR,True
ecg_lslshimmerecg_ecg_projection_vx_rl_mv_missing_ratio,physiological_features,NONE,verified_provenance_predictor,KEEP_VERIFIED_PREDICTOR,True
ecg_lslshimmerecg_ecg_projection_vx_rl_mv_num_missing,physiological_features,NONE,verified_provenance_predictor,KEEP_VERIFIED_PREDICTOR,True
ecg_lslshimmerecg_ecg_projection_vx_rl_mv_range,physiological_features,NONE,verified_provenance_predictor,KEEP_VERIFIED_PREDICTOR,True
ecg_lslshimmerecg_ecg_projection_vx_rl_mv_rms,physiological_features,NONE,verified_provenance_predictor,KEEP_VERIFIED_PREDICTOR,True
ecg_lslshimmerecg_ecg_projection_vx_rl_mv_skew,physiological_features,NONE,verified_provenance_predictor,KEEP_VERIFIED_PREDICTOR,True
ecg_lslshimmerecg_ecg_projection_vx_rl_mv_slope,physiological_features,NONE,verified_provenance_predictor,KEEP_VERIFIED_PREDICTOR,True
ecg_lslshimmerecg_ecg_projection_vx_rl_mv_std,physiological_features,NONE,verified_provenance_predictor,KEEP_VERIFIED_PREDICTOR,True
ecg_lslshimmerecg_sample_count,physiological_features,NONE,verified_provenance_predictor,KEEP_VERIFIED_PREDICTOR,True
ecg_lslshimmerecg_sampling_rate_estimate,physiological_features,NONE,verified_provenance_predictor,KEEP_VERIFIED_PREDICTOR,True
ecg_signal_iqr,physiological_features,NONE,verified_provenance_predictor,KEEP_VERIFIED_PREDICTOR,True
ecg_signal_kurtosis,physiological_features,NONE,verified_provenance_predictor,KEEP_VERIFIED_PREDICTOR,True
ecg_signal_max,physiological_features,NONE,verified_provenance_predictor,KEEP_VERIFIED_PREDICTOR,True
ecg_signal_mean,physiological_features,NONE,verified_provenance_predictor,KEEP_VERIFIED_PREDICTOR,True
ecg_signal_median,physiological_features,NONE,verified_provenance_predictor,KEEP_VERIFIED_PREDICTOR,True
ecg_signal_min,physiological_features,NONE,verified_provenance_predictor,KEEP_VERIFIED_PREDICTOR,True
ecg_signal_missing_ratio,physiological_features,NONE,verified_provenance_predictor,KEEP_VERIFIED_PREDICTOR,True
ecg_signal_num_missing,physiological_features,NONE,verified_provenance_predictor,KEEP_VERIFIED_PREDICTOR,True
ecg_signal_peak_count,physiological_features,NONE,verified_provenance_predictor,KEEP_VERIFIED_PREDICTOR,True
ecg_signal_peak_rate,physiological_features,NONE,verified_provenance_predictor,KEEP_VERIFIED_PREDICTOR,True
ecg_signal_range,physiological_features,NONE,verified_provenance_predictor,KEEP_VERIFIED_PREDICTOR,True
ecg_signal_rms,physiological_features,NONE,verified_provenance_predictor,KEEP_VERIFIED_PREDICTOR,True
ecg_signal_skew,physiological_features,NONE,verified_provenance_predictor,KEEP_VERIFIED_PREDICTOR,True
ecg_signal_slope,physiological_features,NONE,verified_provenance_predictor,KEEP_VERIFIED_PREDICTOR,True
ecg_signal_std,physiological_features,NONE,verified_provenance_predictor,KEEP_VERIFIED_PREDICTOR,True
eda_lslshimmereda_duration,physiological_features,NONE,verified_provenance_predictor,KEEP_VERIFIED_PREDICTOR,True
eda_lslshimmereda_eda_hand_l_kohms_iqr,physiological_features,NONE,verified_provenance_predictor,KEEP_VERIFIED_PREDICTOR,True
eda_lslshimmereda_eda_hand_l_kohms_kurtosis,physiological_features,NONE,verified_provenance_predictor,KEEP_VERIFIED_PREDICTOR,True
eda_lslshimmereda_eda_hand_l_kohms_max,physiological_features,NONE,verified_provenance_predictor,KEEP_VERIFIED_PREDICTOR,True
eda_lslshimmereda_eda_hand_l_kohms_mean,physiological_features,NONE,verified_provenance_predictor,KEEP_VERIFIED_PREDICTOR,True
eda_lslshimmereda_eda_hand_l_kohms_median,physiological_features,NONE,verified_provenance_predictor,KEEP_VERIFIED_PREDICTOR,True
eda_lslshimmereda_eda_hand_l_kohms_min,physiological_features,NONE,verified_provenance_predictor,KEEP_VERIFIED_PREDICTOR,True
eda_lslshimmereda_eda_hand_l_kohms_missing_ratio,physiological_features,NONE,verified_provenance_predictor,KEEP_VERIFIED_PREDICTOR,True
eda_lslshimmereda_eda_hand_l_kohms_num_missing,physiological_features,NONE,verified_provenance_predictor,KEEP_VERIFIED_PREDICTOR,True
eda_lslshimmereda_eda_hand_l_kohms_range,physiological_features,NONE,verified_provenance_predictor,KEEP_VERIFIED_PREDICTOR,True
eda_lslshimmereda_eda_hand_l_kohms_rms,physiological_features,NONE,verified_provenance_predictor,KEEP_VERIFIED_PREDICTOR,True
eda_lslshimmereda_eda_hand_l_kohms_skew,physiological_features,NONE,verified_provenance_predictor,KEEP_VERIFIED_PREDICTOR,True
eda_lslshimmereda_eda_hand_l_kohms_slope,physiological_features,NONE,verified_provenance_predictor,KEEP_VERIFIED_PREDICTOR,True
eda_lslshimmereda_eda_hand_l_kohms_std,physiological_features,NONE,verified_provenance_predictor,KEEP_VERIFIED_PREDICTOR,True
eda_lslshimmereda_ppg_finger_mv_iqr,physiological_features,NONE,verified_provenance_predictor,KEEP_VERIFIED_PREDICTOR,True
eda_lslshimmereda_ppg_finger_mv_kurtosis,physiological_features,NONE,verified_provenance_predictor,KEEP_VERIFIED_PREDICTOR,True
eda_lslshimmereda_ppg_finger_mv_max,physiological_features,NONE,verified_provenance_predictor,KEEP_VERIFIED_PREDICTOR,True
eda_lslshimmereda_ppg_finger_mv_mean,physiological_features,NONE,verified_provenance_predictor,KEEP_VERIFIED_PREDICTOR,True
eda_lslshimmereda_ppg_finger_mv_median,physiological_features,NONE,verified_provenance_predictor,KEEP_VERIFIED_PREDICTOR,True
eda_lslshimmereda_ppg_finger_mv_min,physiological_features,NONE,verified_provenance_predictor,KEEP_VERIFIED_PREDICTOR,True
eda_lslshimmereda_ppg_finger_mv_missing_ratio,physiological_features,NONE,verified_provenance_predictor,KEEP_VERIFIED_PREDICTOR,True
eda_lslshimmereda_ppg_finger_mv_num_missing,physiological_features,NONE,verified_provenance_predictor,KEEP_VERIFIED_PREDICTOR,True
eda_lslshimmereda_ppg_finger_mv_range,physiological_features,NONE,verified_provenance_predictor,KEEP_VERIFIED_PREDICTOR,True
eda_lslshimmereda_ppg_finger_mv_rms,physiological_features,NONE,verified_provenance_predictor,KEEP_VERIFIED_PREDICTOR,True
eda_lslshimmereda_ppg_finger_mv_skew,physiological_features,NONE,verified_provenance_predictor,KEEP_VERIFIED_PREDICTOR,True
eda_lslshimmereda_ppg_finger_mv_slope,physiological_features,NONE,verified_provenance_predictor,KEEP_VERIFIED_PREDICTOR,True
eda_lslshimmereda_ppg_finger_mv_std,physiological_features,NONE,verified_provenance_predictor,KEEP_VERIFIED_PREDICTOR,True
eda_lslshimmereda_sample_count,physiological_features,NONE,verified_provenance_predictor,KEEP_VERIFIED_PREDICTOR,True
eda_lslshimmereda_sampling_rate_estimate,physiological_features,NONE,verified_provenance_predictor,KEEP_VERIFIED_PREDICTOR,True
eda_signal_iqr,physiological_features,NONE,verified_provenance_predictor,KEEP_VERIFIED_PREDICTOR,True
eda_signal_kurtosis,physiological_features,NONE,verified_provenance_predictor,KEEP_VERIFIED_PREDICTOR,True
eda_signal_max,physiological_features,NONE,verified_provenance_predictor,KEEP_VERIFIED_PREDICTOR,True
eda_signal_mean,physiological_features,NONE,verified_provenance_predictor,KEEP_VERIFIED_PREDICTOR,True
eda_signal_median,physiological_features,NONE,verified_provenance_predictor,KEEP_VERIFIED_PREDICTOR,True
eda_signal_min,physiological_features,NONE,verified_provenance_predictor,KEEP_VERIFIED_PREDICTOR,True
eda_signal_missing_ratio,physiological_features,NONE,verified_provenance_predictor,KEEP_VERIFIED_PREDICTOR,True
eda_signal_num_missing,physiological_features,NONE,verified_provenance_predictor,KEEP_VERIFIED_PREDICTOR,True
eda_signal_peak_count,physiological_features,NONE,verified_provenance_predictor,KEEP_VERIFIED_PREDICTOR,True
eda_signal_peak_rate,physiological_features,NONE,verified_provenance_predictor,KEEP_VERIFIED_PREDICTOR,True
eda_signal_range,physiological_features,NONE,verified_provenance_predictor,KEEP_VERIFIED_PREDICTOR,True
eda_signal_rms,physiological_features,NONE,verified_provenance_predictor,KEEP_VERIFIED_PREDICTOR,True
eda_signal_skew,physiological_features,NONE,verified_provenance_predictor,KEEP_VERIFIED_PREDICTOR,True
eda_signal_slope,physiological_features,NONE,verified_provenance_predictor,KEEP_VERIFIED_PREDICTOR,True
eda_signal_std,physiological_features,NONE,verified_provenance_predictor,KEEP_VERIFIED_PREDICTOR,True
emg_lslshimmeremg_accelerometry_forearm_r_x_mps2_iqr,physiological_features,NONE,verified_provenance_predictor,KEEP_VERIFIED_PREDICTOR,True
emg_lslshimmeremg_accelerometry_forearm_r_x_mps2_kurtosis,physiological_features,NONE,verified_provenance_predictor,KEEP_VERIFIED_PREDICTOR,True
emg_lslshimmeremg_accelerometry_forearm_r_x_mps2_max,physiological_features,NONE,verified_provenance_predictor,KEEP_VERIFIED_PREDICTOR,True
emg_lslshimmeremg_accelerometry_forearm_r_x_mps2_mean,physiological_features,NONE,verified_provenance_predictor,KEEP_VERIFIED_PREDICTOR,True
emg_lslshimmeremg_accelerometry_forearm_r_x_mps2_median,physiological_features,NONE,verified_provenance_predictor,KEEP_VERIFIED_PREDICTOR,True
emg_lslshimmeremg_accelerometry_forearm_r_x_mps2_min,physiological_features,NONE,verified_provenance_predictor,KEEP_VERIFIED_PREDICTOR,True
emg_lslshimmeremg_accelerometry_forearm_r_x_mps2_missing_ratio,physiological_features,NONE,verified_provenance_predictor,KEEP_VERIFIED_PREDICTOR,True
emg_lslshimmeremg_accelerometry_forearm_r_x_mps2_num_missing,physiological_features,NONE,verified_provenance_predictor,KEEP_VERIFIED_PREDICTOR,True
emg_lslshimmeremg_accelerometry_forearm_r_x_mps2_range,physiological_features,NONE,verified_provenance_predictor,KEEP_VERIFIED_PREDICTOR,True
emg_lslshimmeremg_accelerometry_forearm_r_x_mps2_rms,physiological_features,NONE,verified_provenance_predictor,KEEP_VERIFIED_PREDICTOR,True
emg_lslshimmeremg_accelerometry_forearm_r_x_mps2_skew,physiological_features,NONE,verified_provenance_predictor,KEEP_VERIFIED_PREDICTOR,True
emg_lslshimmeremg_accelerometry_forearm_r_x_mps2_slope,physiological_features,NONE,verified_provenance_predictor,KEEP_VERIFIED_PREDICTOR,True
emg_lslshimmeremg_accelerometry_forearm_r_x_mps2_std,physiological_features,NONE,verified_provenance_predictor,KEEP_VERIFIED_PREDICTOR,True
emg_lslshimmeremg_accelerometry_forearm_r_y_mps2_iqr,physiological_features,NONE,verified_provenance_predictor,KEEP_VERIFIED_PREDICTOR,True
emg_lslshimmeremg_accelerometry_forearm_r_y_mps2_kurtosis,physiological_features,NONE,verified_provenance_predictor,KEEP_VERIFIED_PREDICTOR,True
emg_lslshimmeremg_accelerometry_forearm_r_y_mps2_max,physiological_features,NONE,verified_provenance_predictor,KEEP_VERIFIED_PREDICTOR,True
emg_lslshimmeremg_accelerometry_forearm_r_y_mps2_mean,physiological_features,NONE,verified_provenance_predictor,KEEP_VERIFIED_PREDICTOR,True
emg_lslshimmeremg_accelerometry_forearm_r_y_mps2_median,physiological_features,NONE,verified_provenance_predictor,KEEP_VERIFIED_PREDICTOR,True
emg_lslshimmeremg_accelerometry_forearm_r_y_mps2_min,physiological_features,NONE,verified_provenance_predictor,KEEP_VERIFIED_PREDICTOR,True
emg_lslshimmeremg_accelerometry_forearm_r_y_mps2_missing_ratio,physiological_features,NONE,verified_provenance_predictor,KEEP_VERIFIED_PREDICTOR,True
emg_lslshimmeremg_accelerometry_forearm_r_y_mps2_num_missing,physiological_features,NONE,verified_provenance_predictor,KEEP_VERIFIED_PREDICTOR,True
emg_lslshimmeremg_accelerometry_forearm_r_y_mps2_range,physiological_features,NONE,verified_provenance_predictor,KEEP_VERIFIED_PREDICTOR,True
emg_lslshimmeremg_accelerometry_forearm_r_y_mps2_rms,physiological_features,NONE,verified_provenance_predictor,KEEP_VERIFIED_PREDICTOR,True
emg_lslshimmeremg_accelerometry_forearm_r_y_mps2_skew,physiological_features,NONE,verified_provenance_predictor,KEEP_VERIFIED_PREDICTOR,True
emg_lslshimmeremg_accelerometry_forearm_r_y_mps2_slope,physiological_features,NONE,verified_provenance_predictor,KEEP_VERIFIED_PREDICTOR,True
emg_lslshimmeremg_accelerometry_forearm_r_y_mps2_std,physiological_features,NONE,verified_provenance_predictor,KEEP_VERIFIED_PREDICTOR,True
emg_lslshimmeremg_accelerometry_forearm_r_z_mps2_iqr,physiological_features,NONE,verified_provenance_predictor,KEEP_VERIFIED_PREDICTOR,True
emg_lslshimmeremg_accelerometry_forearm_r_z_mps2_kurtosis,physiological_features,NONE,verified_provenance_predictor,KEEP_VERIFIED_PREDICTOR,True
emg_lslshimmeremg_accelerometry_forearm_r_z_mps2_max,physiological_features,NONE,verified_provenance_predictor,KEEP_VERIFIED_PREDICTOR,True
emg_lslshimmeremg_accelerometry_forearm_r_z_mps2_mean,physiological_features,NONE,verified_provenance_predictor,KEEP_VERIFIED_PREDICTOR,True
emg_lslshimmeremg_accelerometry_forearm_r_z_mps2_median,physiological_features,NONE,verified_provenance_predictor,KEEP_VERIFIED_PREDICTOR,True
emg_lslshimmeremg_accelerometry_forearm_r_z_mps2_min,physiological_features,NONE,verified_provenance_predictor,KEEP_VERIFIED_PREDICTOR,True
emg_lslshimmeremg_accelerometry_forearm_r_z_mps2_missing_ratio,physiological_features,NONE,verified_provenance_predictor,KEEP_VERIFIED_PREDICTOR,True
emg_lslshimmeremg_accelerometry_forearm_r_z_mps2_num_missing,physiological_features,NONE,verified_provenance_predictor,KEEP_VERIFIED_PREDICTOR,True
emg_lslshimmeremg_accelerometry_forearm_r_z_mps2_range,physiological_features,NONE,verified_provenance_predictor,KEEP_VERIFIED_PREDICTOR,True
emg_lslshimmeremg_accelerometry_forearm_r_z_mps2_rms,physiological_features,NONE,verified_provenance_predictor,KEEP_VERIFIED_PREDICTOR,True
emg_lslshimmeremg_accelerometry_forearm_r_z_mps2_skew,physiological_features,NONE,verified_provenance_predictor,KEEP_VERIFIED_PREDICTOR,True
emg_lslshimmeremg_accelerometry_forearm_r_z_mps2_slope,physiological_features,NONE,verified_provenance_predictor,KEEP_VERIFIED_PREDICTOR,True
emg_lslshimmeremg_accelerometry_forearm_r_z_mps2_std,physiological_features,NONE,verified_provenance_predictor,KEEP_VERIFIED_PREDICTOR,True
emg_lslshimmeremg_duration,physiological_features,NONE,verified_provenance_predictor,KEEP_VERIFIED_PREDICTOR,True
emg_lslshimmeremg_emg_wrist_extensor_mv_iqr,physiological_features,NONE,verified_provenance_predictor,KEEP_VERIFIED_PREDICTOR,True
emg_lslshimmeremg_emg_wrist_extensor_mv_kurtosis,physiological_features,NONE,verified_provenance_predictor,KEEP_VERIFIED_PREDICTOR,True
emg_lslshimmeremg_emg_wrist_extensor_mv_max,physiological_features,NONE,verified_provenance_predictor,KEEP_VERIFIED_PREDICTOR,True
emg_lslshimmeremg_emg_wrist_extensor_mv_mean,physiological_features,NONE,verified_provenance_predictor,KEEP_VERIFIED_PREDICTOR,True
emg_lslshimmeremg_emg_wrist_extensor_mv_median,physiological_features,NONE,verified_provenance_predictor,KEEP_VERIFIED_PREDICTOR,True
emg_lslshimmeremg_emg_wrist_extensor_mv_min,physiological_features,NONE,verified_provenance_predictor,KEEP_VERIFIED_PREDICTOR,True
emg_lslshimmeremg_emg_wrist_extensor_mv_missing_ratio,physiological_features,NONE,verified_provenance_predictor,KEEP_VERIFIED_PREDICTOR,True
emg_lslshimmeremg_emg_wrist_extensor_mv_num_missing,physiological_features,NONE,verified_provenance_predictor,KEEP_VERIFIED_PREDICTOR,True
emg_lslshimmeremg_emg_wrist_extensor_mv_range,physiological_features,NONE,verified_provenance_predictor,KEEP_VERIFIED_PREDICTOR,True
emg_lslshimmeremg_emg_wrist_extensor_mv_rms,physiological_features,NONE,verified_provenance_predictor,KEEP_VERIFIED_PREDICTOR,True
emg_lslshimmeremg_emg_wrist_extensor_mv_skew,physiological_features,NONE,verified_provenance_predictor,KEEP_VERIFIED_PREDICTOR,True
emg_lslshimmeremg_emg_wrist_extensor_mv_slope,physiological_features,NONE,verified_provenance_predictor,KEEP_VERIFIED_PREDICTOR,True
emg_lslshimmeremg_emg_wrist_extensor_mv_std,physiological_features,NONE,verified_provenance_predictor,KEEP_VERIFIED_PREDICTOR,True
emg_lslshimmeremg_emg_wrist_flexor_mv_iqr,physiological_features,NONE,verified_provenance_predictor,KEEP_VERIFIED_PREDICTOR,True
emg_lslshimmeremg_emg_wrist_flexor_mv_kurtosis,physiological_features,NONE,verified_provenance_predictor,KEEP_VERIFIED_PREDICTOR,True
emg_lslshimmeremg_emg_wrist_flexor_mv_max,physiological_features,NONE,verified_provenance_predictor,KEEP_VERIFIED_PREDICTOR,True
emg_lslshimmeremg_emg_wrist_flexor_mv_mean,physiological_features,NONE,verified_provenance_predictor,KEEP_VERIFIED_PREDICTOR,True
emg_lslshimmeremg_emg_wrist_flexor_mv_median,physiological_features,NONE,verified_provenance_predictor,KEEP_VERIFIED_PREDICTOR,True
emg_lslshimmeremg_emg_wrist_flexor_mv_min,physiological_features,NONE,verified_provenance_predictor,KEEP_VERIFIED_PREDICTOR,True
emg_lslshimmeremg_emg_wrist_flexor_mv_missing_ratio,physiological_features,NONE,verified_provenance_predictor,KEEP_VERIFIED_PREDICTOR,True
emg_lslshimmeremg_emg_wrist_flexor_mv_num_missing,physiological_features,NONE,verified_provenance_predictor,KEEP_VERIFIED_PREDICTOR,True
emg_lslshimmeremg_emg_wrist_flexor_mv_range,physiological_features,NONE,verified_provenance_predictor,KEEP_VERIFIED_PREDICTOR,True
emg_lslshimmeremg_emg_wrist_flexor_mv_rms,physiological_features,NONE,verified_provenance_predictor,KEEP_VERIFIED_PREDICTOR,True
emg_lslshimmeremg_emg_wrist_flexor_mv_skew,physiological_features,NONE,verified_provenance_predictor,KEEP_VERIFIED_PREDICTOR,True
emg_lslshimmeremg_emg_wrist_flexor_mv_slope,physiological_features,NONE,verified_provenance_predictor,KEEP_VERIFIED_PREDICTOR,True
emg_lslshimmeremg_emg_wrist_flexor_mv_std,physiological_features,NONE,verified_provenance_predictor,KEEP_VERIFIED_PREDICTOR,True
emg_lslshimmeremg_sample_count,physiological_features,NONE,verified_provenance_predictor,KEEP_VERIFIED_PREDICTOR,True
emg_lslshimmeremg_sampling_rate_estimate,physiological_features,NONE,verified_provenance_predictor,KEEP_VERIFIED_PREDICTOR,True
emg_signal_iqr,physiological_features,NONE,verified_provenance_predictor,KEEP_VERIFIED_PREDICTOR,True
emg_signal_kurtosis,physiological_features,NONE,verified_provenance_predictor,KEEP_VERIFIED_PREDICTOR,True
emg_signal_mav,physiological_features,NONE,verified_provenance_predictor,KEEP_VERIFIED_PREDICTOR,True
emg_signal_max,physiological_features,NONE,verified_provenance_predictor,KEEP_VERIFIED_PREDICTOR,True
emg_signal_mean,physiological_features,NONE,verified_provenance_predictor,KEEP_VERIFIED_PREDICTOR,True
emg_signal_median,physiological_features,NONE,verified_provenance_predictor,KEEP_VERIFIED_PREDICTOR,True
emg_signal_min,physiological_features,NONE,verified_provenance_predictor,KEEP_VERIFIED_PREDICTOR,True
emg_signal_missing_ratio,physiological_features,NONE,verified_provenance_predictor,KEEP_VERIFIED_PREDICTOR,True
emg_signal_num_missing,physiological_features,NONE,verified_provenance_predictor,KEEP_VERIFIED_PREDICTOR,True
emg_signal_range,physiological_features,NONE,verified_provenance_predictor,KEEP_VERIFIED_PREDICTOR,True
emg_signal_rms,physiological_features,NONE,verified_provenance_predictor,KEEP_VERIFIED_PREDICTOR,True
emg_signal_skew,physiological_features,NONE,verified_provenance_predictor,KEEP_VERIFIED_PREDICTOR,True
emg_signal_slope,physiological_features,NONE,verified_provenance_predictor,KEEP_VERIFIED_PREDICTOR,True
emg_signal_std,physiological_features,NONE,verified_provenance_predictor,KEEP_VERIFIED_PREDICTOR,True
emg_signal_variance,physiological_features,NONE,verified_provenance_predictor,KEEP_VERIFIED_PREDICTOR,True
emg_signal_zero_crossing_rate,physiological_features,NONE,verified_provenance_predictor,KEEP_VERIFIED_PREDICTOR,True
eye_gaze_iqr,eye_tracking_features,NONE,verified_provenance_predictor,KEEP_VERIFIED_PREDICTOR,True
eye_gaze_kurtosis,eye_tracking_features,NONE,verified_provenance_predictor,KEEP_VERIFIED_PREDICTOR,True
eye_gaze_max,eye_tracking_features,NONE,verified_provenance_predictor,KEEP_VERIFIED_PREDICTOR,True
eye_gaze_mean,eye_tracking_features,NONE,verified_provenance_predictor,KEEP_VERIFIED_PREDICTOR,True
eye_gaze_median,eye_tracking_features,NONE,verified_provenance_predictor,KEEP_VERIFIED_PREDICTOR,True
eye_gaze_min,eye_tracking_features,NONE,verified_provenance_predictor,KEEP_VERIFIED_PREDICTOR,True
eye_gaze_missing_ratio,eye_tracking_features,NONE,verified_provenance_predictor,KEEP_VERIFIED_PREDICTOR,True
eye_gaze_num_missing,eye_tracking_features,NONE,verified_provenance_predictor,KEEP_VERIFIED_PREDICTOR,True
eye_gaze_range,eye_tracking_features,NONE,verified_provenance_predictor,KEEP_VERIFIED_PREDICTOR,True
eye_gaze_rms,eye_tracking_features,NONE,verified_provenance_predictor,KEEP_VERIFIED_PREDICTOR,True
eye_gaze_skew,eye_tracking_features,NONE,verified_provenance_predictor,KEEP_VERIFIED_PREDICTOR,True
eye_gaze_slope,eye_tracking_features,NONE,verified_provenance_predictor,KEEP_VERIFIED_PREDICTOR,True
eye_gaze_std,eye_tracking_features,NONE,verified_provenance_predictor,KEEP_VERIFIED_PREDICTOR,True
eye_lslhtcviveeye_convergence_distance_mm_iqr,eye_tracking_features,NONE,verified_provenance_predictor,KEEP_VERIFIED_PREDICTOR,True
eye_lslhtcviveeye_convergence_distance_mm_kurtosis,eye_tracking_features,EXCLUDE_ALL_DATASETS_STRUCTURALLY_UNUSABLE_ALL_NAN,verified_structurally_unusable_all_nan,EXCLUDE_DIRECT_TARGET_LEAKAGE,False
eye_lslhtcviveeye_convergence_distance_mm_max,eye_tracking_features,NONE,verified_provenance_predictor,KEEP_VERIFIED_PREDICTOR,True
eye_lslhtcviveeye_convergence_distance_mm_mean,eye_tracking_features,NONE,verified_provenance_predictor,KEEP_VERIFIED_PREDICTOR,True
eye_lslhtcviveeye_convergence_distance_mm_median,eye_tracking_features,NONE,verified_provenance_predictor,KEEP_VERIFIED_PREDICTOR,True
eye_lslhtcviveeye_convergence_distance_mm_min,eye_tracking_features,NONE,verified_provenance_predictor,KEEP_VERIFIED_PREDICTOR,True
eye_lslhtcviveeye_convergence_distance_mm_missing_ratio,eye_tracking_features,NONE,verified_provenance_predictor,KEEP_VERIFIED_PREDICTOR,True
eye_lslhtcviveeye_convergence_distance_mm_num_missing,eye_tracking_features,NONE,verified_provenance_predictor,KEEP_VERIFIED_PREDICTOR,True
eye_lslhtcviveeye_convergence_distance_mm_range,eye_tracking_features,NONE,verified_provenance_predictor,KEEP_VERIFIED_PREDICTOR,True
eye_lslhtcviveeye_convergence_distance_mm_rms,eye_tracking_features,NONE,verified_provenance_predictor,KEEP_VERIFIED_PREDICTOR,True
eye_lslhtcviveeye_convergence_distance_mm_skew,eye_tracking_features,EXCLUDE_ALL_DATASETS_STRUCTURALLY_UNUSABLE_ALL_NAN,verified_structurally_unusable_all_nan,EXCLUDE_DIRECT_TARGET_LEAKAGE,False
eye_lslhtcviveeye_convergence_distance_mm_slope,eye_tracking_features,NONE,verified_provenance_predictor,KEEP_VERIFIED_PREDICTOR,True
eye_lslhtcviveeye_convergence_distance_mm_std,eye_tracking_features,NONE,verified_provenance_predictor,KEEP_VERIFIED_PREDICTOR,True
eye_lslhtcviveeye_convergence_distance_validity_iqr,eye_tracking_features,NONE,verified_provenance_predictor,KEEP_VERIFIED_PREDICTOR,True
eye_lslhtcviveeye_convergence_distance_validity_kurtosis,eye_tracking_features,EXCLUDE_ALL_DATASETS_STRUCTURALLY_UNUSABLE_ALL_NAN,verified_structurally_unusable_all_nan,EXCLUDE_DIRECT_TARGET_LEAKAGE,False
eye_lslhtcviveeye_convergence_distance_validity_max,eye_tracking_features,NONE,verified_provenance_predictor,KEEP_VERIFIED_PREDICTOR,True
eye_lslhtcviveeye_convergence_distance_validity_mean,eye_tracking_features,NONE,verified_provenance_predictor,KEEP_VERIFIED_PREDICTOR,True
eye_lslhtcviveeye_convergence_distance_validity_median,eye_tracking_features,NONE,verified_provenance_predictor,KEEP_VERIFIED_PREDICTOR,True
eye_lslhtcviveeye_convergence_distance_validity_min,eye_tracking_features,NONE,verified_provenance_predictor,KEEP_VERIFIED_PREDICTOR,True
eye_lslhtcviveeye_convergence_distance_validity_missing_ratio,eye_tracking_features,NONE,verified_provenance_predictor,KEEP_VERIFIED_PREDICTOR,True
eye_lslhtcviveeye_convergence_distance_validity_num_missing,eye_tracking_features,NONE,verified_provenance_predictor,KEEP_VERIFIED_PREDICTOR,True
eye_lslhtcviveeye_convergence_distance_validity_range,eye_tracking_features,NONE,verified_provenance_predictor,KEEP_VERIFIED_PREDICTOR,True
eye_lslhtcviveeye_convergence_distance_validity_rms,eye_tracking_features,NONE,verified_provenance_predictor,KEEP_VERIFIED_PREDICTOR,True
eye_lslhtcviveeye_convergence_distance_validity_skew,eye_tracking_features,EXCLUDE_ALL_DATASETS_STRUCTURALLY_UNUSABLE_ALL_NAN,verified_structurally_unusable_all_nan,EXCLUDE_DIRECT_TARGET_LEAKAGE,False
eye_lslhtcviveeye_convergence_distance_validity_slope,eye_tracking_features,NONE,verified_provenance_predictor,KEEP_VERIFIED_PREDICTOR,True
eye_lslhtcviveeye_convergence_distance_validity_std,eye_tracking_features,NONE,verified_provenance_predictor,KEEP_VERIFIED_PREDICTOR,True
eye_lslhtcviveeye_duration,eye_tracking_features,NONE,verified_provenance_predictor,KEEP_VERIFIED_PREDICTOR,True
eye_lslhtcviveeye_eye_openness_l_iqr,eye_tracking_features,NONE,verified_provenance_predictor,KEEP_VERIFIED_PREDICTOR,True
eye_lslhtcviveeye_eye_openness_l_kurtosis,eye_tracking_features,NONE,verified_provenance_predictor,KEEP_VERIFIED_PREDICTOR,True
eye_lslhtcviveeye_eye_openness_l_max,eye_tracking_features,NONE,verified_provenance_predictor,KEEP_VERIFIED_PREDICTOR,True
eye_lslhtcviveeye_eye_openness_l_mean,eye_tracking_features,NONE,verified_provenance_predictor,KEEP_VERIFIED_PREDICTOR,True
eye_lslhtcviveeye_eye_openness_l_median,eye_tracking_features,NONE,verified_provenance_predictor,KEEP_VERIFIED_PREDICTOR,True
eye_lslhtcviveeye_eye_openness_l_min,eye_tracking_features,NONE,verified_provenance_predictor,KEEP_VERIFIED_PREDICTOR,True
eye_lslhtcviveeye_eye_openness_l_missing_ratio,eye_tracking_features,NONE,verified_provenance_predictor,KEEP_VERIFIED_PREDICTOR,True
eye_lslhtcviveeye_eye_openness_l_num_missing,eye_tracking_features,NONE,verified_provenance_predictor,KEEP_VERIFIED_PREDICTOR,True
eye_lslhtcviveeye_eye_openness_l_range,eye_tracking_features,NONE,verified_provenance_predictor,KEEP_VERIFIED_PREDICTOR,True
eye_lslhtcviveeye_eye_openness_l_rms,eye_tracking_features,NONE,verified_provenance_predictor,KEEP_VERIFIED_PREDICTOR,True
eye_lslhtcviveeye_eye_openness_l_skew,eye_tracking_features,NONE,verified_provenance_predictor,KEEP_VERIFIED_PREDICTOR,True
eye_lslhtcviveeye_eye_openness_l_slope,eye_tracking_features,NONE,verified_provenance_predictor,KEEP_VERIFIED_PREDICTOR,True
eye_lslhtcviveeye_eye_openness_l_std,eye_tracking_features,NONE,verified_provenance_predictor,KEEP_VERIFIED_PREDICTOR,True
eye_lslhtcviveeye_eye_openness_r_iqr,eye_tracking_features,NONE,verified_provenance_predictor,KEEP_VERIFIED_PREDICTOR,True
eye_lslhtcviveeye_eye_openness_r_kurtosis,eye_tracking_features,NONE,verified_provenance_predictor,KEEP_VERIFIED_PREDICTOR,True
eye_lslhtcviveeye_eye_openness_r_max,eye_tracking_features,NONE,verified_provenance_predictor,KEEP_VERIFIED_PREDICTOR,True
eye_lslhtcviveeye_eye_openness_r_mean,eye_tracking_features,NONE,verified_provenance_predictor,KEEP_VERIFIED_PREDICTOR,True
eye_lslhtcviveeye_eye_openness_r_median,eye_tracking_features,NONE,verified_provenance_predictor,KEEP_VERIFIED_PREDICTOR,True
eye_lslhtcviveeye_eye_openness_r_min,eye_tracking_features,NONE,verified_provenance_predictor,KEEP_VERIFIED_PREDICTOR,True
eye_lslhtcviveeye_eye_openness_r_missing_ratio,eye_tracking_features,NONE,verified_provenance_predictor,KEEP_VERIFIED_PREDICTOR,True
eye_lslhtcviveeye_eye_openness_r_num_missing,eye_tracking_features,NONE,verified_provenance_predictor,KEEP_VERIFIED_PREDICTOR,True
eye_lslhtcviveeye_eye_openness_r_range,eye_tracking_features,NONE,verified_provenance_predictor,KEEP_VERIFIED_PREDICTOR,True
eye_lslhtcviveeye_eye_openness_r_rms,eye_tracking_features,NONE,verified_provenance_predictor,KEEP_VERIFIED_PREDICTOR,True
eye_lslhtcviveeye_eye_openness_r_skew,eye_tracking_features,NONE,verified_provenance_predictor,KEEP_VERIFIED_PREDICTOR,True
eye_lslhtcviveeye_eye_openness_r_slope,eye_tracking_features,NONE,verified_provenance_predictor,KEEP_VERIFIED_PREDICTOR,True
eye_lslhtcviveeye_eye_openness_r_std,eye_tracking_features,NONE,verified_provenance_predictor,KEEP_VERIFIED_PREDICTOR,True
eye_lslhtcviveeye_gaze_direction_l_x_iqr,eye_tracking_features,NONE,verified_provenance_predictor,KEEP_VERIFIED_PREDICTOR,True
eye_lslhtcviveeye_gaze_direction_l_x_kurtosis,eye_tracking_features,NONE,verified_provenance_predictor,KEEP_VERIFIED_PREDICTOR,True
eye_lslhtcviveeye_gaze_direction_l_x_max,eye_tracking_features,NONE,verified_provenance_predictor,KEEP_VERIFIED_PREDICTOR,True
eye_lslhtcviveeye_gaze_direction_l_x_mean,eye_tracking_features,NONE,verified_provenance_predictor,KEEP_VERIFIED_PREDICTOR,True
eye_lslhtcviveeye_gaze_direction_l_x_median,eye_tracking_features,NONE,verified_provenance_predictor,KEEP_VERIFIED_PREDICTOR,True
eye_lslhtcviveeye_gaze_direction_l_x_min,eye_tracking_features,NONE,verified_provenance_predictor,KEEP_VERIFIED_PREDICTOR,True
eye_lslhtcviveeye_gaze_direction_l_x_missing_ratio,eye_tracking_features,NONE,verified_provenance_predictor,KEEP_VERIFIED_PREDICTOR,True
eye_lslhtcviveeye_gaze_direction_l_x_num_missing,eye_tracking_features,NONE,verified_provenance_predictor,KEEP_VERIFIED_PREDICTOR,True
eye_lslhtcviveeye_gaze_direction_l_x_range,eye_tracking_features,NONE,verified_provenance_predictor,KEEP_VERIFIED_PREDICTOR,True
eye_lslhtcviveeye_gaze_direction_l_x_rms,eye_tracking_features,NONE,verified_provenance_predictor,KEEP_VERIFIED_PREDICTOR,True
eye_lslhtcviveeye_gaze_direction_l_x_skew,eye_tracking_features,NONE,verified_provenance_predictor,KEEP_VERIFIED_PREDICTOR,True
eye_lslhtcviveeye_gaze_direction_l_x_slope,eye_tracking_features,NONE,verified_provenance_predictor,KEEP_VERIFIED_PREDICTOR,True
eye_lslhtcviveeye_gaze_direction_l_x_std,eye_tracking_features,NONE,verified_provenance_predictor,KEEP_VERIFIED_PREDICTOR,True
eye_lslhtcviveeye_gaze_direction_l_y_iqr,eye_tracking_features,NONE,verified_provenance_predictor,KEEP_VERIFIED_PREDICTOR,True
eye_lslhtcviveeye_gaze_direction_l_y_kurtosis,eye_tracking_features,NONE,verified_provenance_predictor,KEEP_VERIFIED_PREDICTOR,True
eye_lslhtcviveeye_gaze_direction_l_y_max,eye_tracking_features,NONE,verified_provenance_predictor,KEEP_VERIFIED_PREDICTOR,True
eye_lslhtcviveeye_gaze_direction_l_y_mean,eye_tracking_features,NONE,verified_provenance_predictor,KEEP_VERIFIED_PREDICTOR,True
eye_lslhtcviveeye_gaze_direction_l_y_median,eye_tracking_features,NONE,verified_provenance_predictor,KEEP_VERIFIED_PREDICTOR,True
eye_lslhtcviveeye_gaze_direction_l_y_min,eye_tracking_features,NONE,verified_provenance_predictor,KEEP_VERIFIED_PREDICTOR,True
eye_lslhtcviveeye_gaze_direction_l_y_missing_ratio,eye_tracking_features,NONE,verified_provenance_predictor,KEEP_VERIFIED_PREDICTOR,True
eye_lslhtcviveeye_gaze_direction_l_y_num_missing,eye_tracking_features,NONE,verified_provenance_predictor,KEEP_VERIFIED_PREDICTOR,True
eye_lslhtcviveeye_gaze_direction_l_y_range,eye_tracking_features,NONE,verified_provenance_predictor,KEEP_VERIFIED_PREDICTOR,True
eye_lslhtcviveeye_gaze_direction_l_y_rms,eye_tracking_features,NONE,verified_provenance_predictor,KEEP_VERIFIED_PREDICTOR,True
eye_lslhtcviveeye_gaze_direction_l_y_skew,eye_tracking_features,NONE,verified_provenance_predictor,KEEP_VERIFIED_PREDICTOR,True
eye_lslhtcviveeye_gaze_direction_l_y_slope,eye_tracking_features,NONE,verified_provenance_predictor,KEEP_VERIFIED_PREDICTOR,True
eye_lslhtcviveeye_gaze_direction_l_y_std,eye_tracking_features,NONE,verified_provenance_predictor,KEEP_VERIFIED_PREDICTOR,True
eye_lslhtcviveeye_gaze_direction_l_z_iqr,eye_tracking_features,NONE,verified_provenance_predictor,KEEP_VERIFIED_PREDICTOR,True
eye_lslhtcviveeye_gaze_direction_l_z_kurtosis,eye_tracking_features,NONE,verified_provenance_predictor,KEEP_VERIFIED_PREDICTOR,True
eye_lslhtcviveeye_gaze_direction_l_z_max,eye_tracking_features,NONE,verified_provenance_predictor,KEEP_VERIFIED_PREDICTOR,True
eye_lslhtcviveeye_gaze_direction_l_z_mean,eye_tracking_features,NONE,verified_provenance_predictor,KEEP_VERIFIED_PREDICTOR,True
eye_lslhtcviveeye_gaze_direction_l_z_median,eye_tracking_features,NONE,verified_provenance_predictor,KEEP_VERIFIED_PREDICTOR,True
eye_lslhtcviveeye_gaze_direction_l_z_min,eye_tracking_features,NONE,verified_provenance_predictor,KEEP_VERIFIED_PREDICTOR,True
eye_lslhtcviveeye_gaze_direction_l_z_missing_ratio,eye_tracking_features,NONE,verified_provenance_predictor,KEEP_VERIFIED_PREDICTOR,True
eye_lslhtcviveeye_gaze_direction_l_z_num_missing,eye_tracking_features,NONE,verified_provenance_predictor,KEEP_VERIFIED_PREDICTOR,True
eye_lslhtcviveeye_gaze_direction_l_z_range,eye_tracking_features,NONE,verified_provenance_predictor,KEEP_VERIFIED_PREDICTOR,True
eye_lslhtcviveeye_gaze_direction_l_z_rms,eye_tracking_features,NONE,verified_provenance_predictor,KEEP_VERIFIED_PREDICTOR,True
eye_lslhtcviveeye_gaze_direction_l_z_skew,eye_tracking_features,NONE,verified_provenance_predictor,KEEP_VERIFIED_PREDICTOR,True
eye_lslhtcviveeye_gaze_direction_l_z_slope,eye_tracking_features,NONE,verified_provenance_predictor,KEEP_VERIFIED_PREDICTOR,True
eye_lslhtcviveeye_gaze_direction_l_z_std,eye_tracking_features,NONE,verified_provenance_predictor,KEEP_VERIFIED_PREDICTOR,True
eye_lslhtcviveeye_gaze_direction_r_x_iqr,eye_tracking_features,NONE,verified_provenance_predictor,KEEP_VERIFIED_PREDICTOR,True
eye_lslhtcviveeye_gaze_direction_r_x_kurtosis,eye_tracking_features,NONE,verified_provenance_predictor,KEEP_VERIFIED_PREDICTOR,True
eye_lslhtcviveeye_gaze_direction_r_x_max,eye_tracking_features,NONE,verified_provenance_predictor,KEEP_VERIFIED_PREDICTOR,True
eye_lslhtcviveeye_gaze_direction_r_x_mean,eye_tracking_features,NONE,verified_provenance_predictor,KEEP_VERIFIED_PREDICTOR,True
eye_lslhtcviveeye_gaze_direction_r_x_median,eye_tracking_features,NONE,verified_provenance_predictor,KEEP_VERIFIED_PREDICTOR,True
eye_lslhtcviveeye_gaze_direction_r_x_min,eye_tracking_features,NONE,verified_provenance_predictor,KEEP_VERIFIED_PREDICTOR,True
eye_lslhtcviveeye_gaze_direction_r_x_missing_ratio,eye_tracking_features,NONE,verified_provenance_predictor,KEEP_VERIFIED_PREDICTOR,True
eye_lslhtcviveeye_gaze_direction_r_x_num_missing,eye_tracking_features,NONE,verified_provenance_predictor,KEEP_VERIFIED_PREDICTOR,True
eye_lslhtcviveeye_gaze_direction_r_x_range,eye_tracking_features,NONE,verified_provenance_predictor,KEEP_VERIFIED_PREDICTOR,True
eye_lslhtcviveeye_gaze_direction_r_x_rms,eye_tracking_features,NONE,verified_provenance_predictor,KEEP_VERIFIED_PREDICTOR,True
eye_lslhtcviveeye_gaze_direction_r_x_skew,eye_tracking_features,NONE,verified_provenance_predictor,KEEP_VERIFIED_PREDICTOR,True
eye_lslhtcviveeye_gaze_direction_r_x_slope,eye_tracking_features,NONE,verified_provenance_predictor,KEEP_VERIFIED_PREDICTOR,True
eye_lslhtcviveeye_gaze_direction_r_x_std,eye_tracking_features,NONE,verified_provenance_predictor,KEEP_VERIFIED_PREDICTOR,True
eye_lslhtcviveeye_gaze_direction_r_y_iqr,eye_tracking_features,NONE,verified_provenance_predictor,KEEP_VERIFIED_PREDICTOR,True
eye_lslhtcviveeye_gaze_direction_r_y_kurtosis,eye_tracking_features,NONE,verified_provenance_predictor,KEEP_VERIFIED_PREDICTOR,True
eye_lslhtcviveeye_gaze_direction_r_y_max,eye_tracking_features,NONE,verified_provenance_predictor,KEEP_VERIFIED_PREDICTOR,True
eye_lslhtcviveeye_gaze_direction_r_y_mean,eye_tracking_features,NONE,verified_provenance_predictor,KEEP_VERIFIED_PREDICTOR,True
eye_lslhtcviveeye_gaze_direction_r_y_median,eye_tracking_features,NONE,verified_provenance_predictor,KEEP_VERIFIED_PREDICTOR,True
eye_lslhtcviveeye_gaze_direction_r_y_min,eye_tracking_features,NONE,verified_provenance_predictor,KEEP_VERIFIED_PREDICTOR,True
eye_lslhtcviveeye_gaze_direction_r_y_missing_ratio,eye_tracking_features,NONE,verified_provenance_predictor,KEEP_VERIFIED_PREDICTOR,True
eye_lslhtcviveeye_gaze_direction_r_y_num_missing,eye_tracking_features,NONE,verified_provenance_predictor,KEEP_VERIFIED_PREDICTOR,True
eye_lslhtcviveeye_gaze_direction_r_y_range,eye_tracking_features,NONE,verified_provenance_predictor,KEEP_VERIFIED_PREDICTOR,True
eye_lslhtcviveeye_gaze_direction_r_y_rms,eye_tracking_features,NONE,verified_provenance_predictor,KEEP_VERIFIED_PREDICTOR,True
eye_lslhtcviveeye_gaze_direction_r_y_skew,eye_tracking_features,NONE,verified_provenance_predictor,KEEP_VERIFIED_PREDICTOR,True
eye_lslhtcviveeye_gaze_direction_r_y_slope,eye_tracking_features,NONE,verified_provenance_predictor,KEEP_VERIFIED_PREDICTOR,True
eye_lslhtcviveeye_gaze_direction_r_y_std,eye_tracking_features,NONE,verified_provenance_predictor,KEEP_VERIFIED_PREDICTOR,True
eye_lslhtcviveeye_gaze_direction_r_z_iqr,eye_tracking_features,NONE,verified_provenance_predictor,KEEP_VERIFIED_PREDICTOR,True
eye_lslhtcviveeye_gaze_direction_r_z_kurtosis,eye_tracking_features,NONE,verified_provenance_predictor,KEEP_VERIFIED_PREDICTOR,True
eye_lslhtcviveeye_gaze_direction_r_z_max,eye_tracking_features,NONE,verified_provenance_predictor,KEEP_VERIFIED_PREDICTOR,True
eye_lslhtcviveeye_gaze_direction_r_z_mean,eye_tracking_features,NONE,verified_provenance_predictor,KEEP_VERIFIED_PREDICTOR,True
eye_lslhtcviveeye_gaze_direction_r_z_median,eye_tracking_features,NONE,verified_provenance_predictor,KEEP_VERIFIED_PREDICTOR,True
eye_lslhtcviveeye_gaze_direction_r_z_min,eye_tracking_features,NONE,verified_provenance_predictor,KEEP_VERIFIED_PREDICTOR,True
eye_lslhtcviveeye_gaze_direction_r_z_missing_ratio,eye_tracking_features,NONE,verified_provenance_predictor,KEEP_VERIFIED_PREDICTOR,True
eye_lslhtcviveeye_gaze_direction_r_z_num_missing,eye_tracking_features,NONE,verified_provenance_predictor,KEEP_VERIFIED_PREDICTOR,True
eye_lslhtcviveeye_gaze_direction_r_z_range,eye_tracking_features,NONE,verified_provenance_predictor,KEEP_VERIFIED_PREDICTOR,True
eye_lslhtcviveeye_gaze_direction_r_z_rms,eye_tracking_features,NONE,verified_provenance_predictor,KEEP_VERIFIED_PREDICTOR,True
eye_lslhtcviveeye_gaze_direction_r_z_skew,eye_tracking_features,NONE,verified_provenance_predictor,KEEP_VERIFIED_PREDICTOR,True
eye_lslhtcviveeye_gaze_direction_r_z_slope,eye_tracking_features,NONE,verified_provenance_predictor,KEEP_VERIFIED_PREDICTOR,True
eye_lslhtcviveeye_gaze_direction_r_z_std,eye_tracking_features,NONE,verified_provenance_predictor,KEEP_VERIFIED_PREDICTOR,True
eye_lslhtcviveeye_gaze_origin_l_x_mm_iqr,eye_tracking_features,NONE,verified_provenance_predictor,KEEP_VERIFIED_PREDICTOR,True
eye_lslhtcviveeye_gaze_origin_l_x_mm_kurtosis,eye_tracking_features,NONE,verified_provenance_predictor,KEEP_VERIFIED_PREDICTOR,True
eye_lslhtcviveeye_gaze_origin_l_x_mm_max,eye_tracking_features,NONE,verified_provenance_predictor,KEEP_VERIFIED_PREDICTOR,True
eye_lslhtcviveeye_gaze_origin_l_x_mm_mean,eye_tracking_features,NONE,verified_provenance_predictor,KEEP_VERIFIED_PREDICTOR,True
eye_lslhtcviveeye_gaze_origin_l_x_mm_median,eye_tracking_features,NONE,verified_provenance_predictor,KEEP_VERIFIED_PREDICTOR,True
eye_lslhtcviveeye_gaze_origin_l_x_mm_min,eye_tracking_features,NONE,verified_provenance_predictor,KEEP_VERIFIED_PREDICTOR,True
eye_lslhtcviveeye_gaze_origin_l_x_mm_missing_ratio,eye_tracking_features,NONE,verified_provenance_predictor,KEEP_VERIFIED_PREDICTOR,True
eye_lslhtcviveeye_gaze_origin_l_x_mm_num_missing,eye_tracking_features,NONE,verified_provenance_predictor,KEEP_VERIFIED_PREDICTOR,True
eye_lslhtcviveeye_gaze_origin_l_x_mm_range,eye_tracking_features,NONE,verified_provenance_predictor,KEEP_VERIFIED_PREDICTOR,True
eye_lslhtcviveeye_gaze_origin_l_x_mm_rms,eye_tracking_features,NONE,verified_provenance_predictor,KEEP_VERIFIED_PREDICTOR,True
eye_lslhtcviveeye_gaze_origin_l_x_mm_skew,eye_tracking_features,NONE,verified_provenance_predictor,KEEP_VERIFIED_PREDICTOR,True
eye_lslhtcviveeye_gaze_origin_l_x_mm_slope,eye_tracking_features,NONE,verified_provenance_predictor,KEEP_VERIFIED_PREDICTOR,True
eye_lslhtcviveeye_gaze_origin_l_x_mm_std,eye_tracking_features,NONE,verified_provenance_predictor,KEEP_VERIFIED_PREDICTOR,True
eye_lslhtcviveeye_gaze_origin_l_y_mm_iqr,eye_tracking_features,NONE,verified_provenance_predictor,KEEP_VERIFIED_PREDICTOR,True
eye_lslhtcviveeye_gaze_origin_l_y_mm_kurtosis,eye_tracking_features,NONE,verified_provenance_predictor,KEEP_VERIFIED_PREDICTOR,True
eye_lslhtcviveeye_gaze_origin_l_y_mm_max,eye_tracking_features,NONE,verified_provenance_predictor,KEEP_VERIFIED_PREDICTOR,True
eye_lslhtcviveeye_gaze_origin_l_y_mm_mean,eye_tracking_features,NONE,verified_provenance_predictor,KEEP_VERIFIED_PREDICTOR,True
eye_lslhtcviveeye_gaze_origin_l_y_mm_median,eye_tracking_features,NONE,verified_provenance_predictor,KEEP_VERIFIED_PREDICTOR,True
eye_lslhtcviveeye_gaze_origin_l_y_mm_min,eye_tracking_features,NONE,verified_provenance_predictor,KEEP_VERIFIED_PREDICTOR,True
eye_lslhtcviveeye_gaze_origin_l_y_mm_missing_ratio,eye_tracking_features,NONE,verified_provenance_predictor,KEEP_VERIFIED_PREDICTOR,True
eye_lslhtcviveeye_gaze_origin_l_y_mm_num_missing,eye_tracking_features,NONE,verified_provenance_predictor,KEEP_VERIFIED_PREDICTOR,True
eye_lslhtcviveeye_gaze_origin_l_y_mm_range,eye_tracking_features,NONE,verified_provenance_predictor,KEEP_VERIFIED_PREDICTOR,True
eye_lslhtcviveeye_gaze_origin_l_y_mm_rms,eye_tracking_features,NONE,verified_provenance_predictor,KEEP_VERIFIED_PREDICTOR,True
eye_lslhtcviveeye_gaze_origin_l_y_mm_skew,eye_tracking_features,NONE,verified_provenance_predictor,KEEP_VERIFIED_PREDICTOR,True
eye_lslhtcviveeye_gaze_origin_l_y_mm_slope,eye_tracking_features,NONE,verified_provenance_predictor,KEEP_VERIFIED_PREDICTOR,True
eye_lslhtcviveeye_gaze_origin_l_y_mm_std,eye_tracking_features,NONE,verified_provenance_predictor,KEEP_VERIFIED_PREDICTOR,True
eye_lslhtcviveeye_gaze_origin_l_z_mm_iqr,eye_tracking_features,NONE,verified_provenance_predictor,KEEP_VERIFIED_PREDICTOR,True
eye_lslhtcviveeye_gaze_origin_l_z_mm_kurtosis,eye_tracking_features,NONE,verified_provenance_predictor,KEEP_VERIFIED_PREDICTOR,True
eye_lslhtcviveeye_gaze_origin_l_z_mm_max,eye_tracking_features,NONE,verified_provenance_predictor,KEEP_VERIFIED_PREDICTOR,True
eye_lslhtcviveeye_gaze_origin_l_z_mm_mean,eye_tracking_features,NONE,verified_provenance_predictor,KEEP_VERIFIED_PREDICTOR,True
eye_lslhtcviveeye_gaze_origin_l_z_mm_median,eye_tracking_features,NONE,verified_provenance_predictor,KEEP_VERIFIED_PREDICTOR,True
eye_lslhtcviveeye_gaze_origin_l_z_mm_min,eye_tracking_features,NONE,verified_provenance_predictor,KEEP_VERIFIED_PREDICTOR,True
eye_lslhtcviveeye_gaze_origin_l_z_mm_missing_ratio,eye_tracking_features,NONE,verified_provenance_predictor,KEEP_VERIFIED_PREDICTOR,True
eye_lslhtcviveeye_gaze_origin_l_z_mm_num_missing,eye_tracking_features,NONE,verified_provenance_predictor,KEEP_VERIFIED_PREDICTOR,True
eye_lslhtcviveeye_gaze_origin_l_z_mm_range,eye_tracking_features,NONE,verified_provenance_predictor,KEEP_VERIFIED_PREDICTOR,True
eye_lslhtcviveeye_gaze_origin_l_z_mm_rms,eye_tracking_features,NONE,verified_provenance_predictor,KEEP_VERIFIED_PREDICTOR,True
eye_lslhtcviveeye_gaze_origin_l_z_mm_skew,eye_tracking_features,NONE,verified_provenance_predictor,KEEP_VERIFIED_PREDICTOR,True
eye_lslhtcviveeye_gaze_origin_l_z_mm_slope,eye_tracking_features,NONE,verified_provenance_predictor,KEEP_VERIFIED_PREDICTOR,True
eye_lslhtcviveeye_gaze_origin_l_z_mm_std,eye_tracking_features,NONE,verified_provenance_predictor,KEEP_VERIFIED_PREDICTOR,True
eye_lslhtcviveeye_gaze_origin_r_x_mm_iqr,eye_tracking_features,NONE,verified_provenance_predictor,KEEP_VERIFIED_PREDICTOR,True
eye_lslhtcviveeye_gaze_origin_r_x_mm_kurtosis,eye_tracking_features,NONE,verified_provenance_predictor,KEEP_VERIFIED_PREDICTOR,True
eye_lslhtcviveeye_gaze_origin_r_x_mm_max,eye_tracking_features,NONE,verified_provenance_predictor,KEEP_VERIFIED_PREDICTOR,True
eye_lslhtcviveeye_gaze_origin_r_x_mm_mean,eye_tracking_features,NONE,verified_provenance_predictor,KEEP_VERIFIED_PREDICTOR,True
eye_lslhtcviveeye_gaze_origin_r_x_mm_median,eye_tracking_features,NONE,verified_provenance_predictor,KEEP_VERIFIED_PREDICTOR,True
eye_lslhtcviveeye_gaze_origin_r_x_mm_min,eye_tracking_features,NONE,verified_provenance_predictor,KEEP_VERIFIED_PREDICTOR,True
eye_lslhtcviveeye_gaze_origin_r_x_mm_missing_ratio,eye_tracking_features,NONE,verified_provenance_predictor,KEEP_VERIFIED_PREDICTOR,True
eye_lslhtcviveeye_gaze_origin_r_x_mm_num_missing,eye_tracking_features,NONE,verified_provenance_predictor,KEEP_VERIFIED_PREDICTOR,True
eye_lslhtcviveeye_gaze_origin_r_x_mm_range,eye_tracking_features,NONE,verified_provenance_predictor,KEEP_VERIFIED_PREDICTOR,True
eye_lslhtcviveeye_gaze_origin_r_x_mm_rms,eye_tracking_features,NONE,verified_provenance_predictor,KEEP_VERIFIED_PREDICTOR,True
eye_lslhtcviveeye_gaze_origin_r_x_mm_skew,eye_tracking_features,NONE,verified_provenance_predictor,KEEP_VERIFIED_PREDICTOR,True
eye_lslhtcviveeye_gaze_origin_r_x_mm_slope,eye_tracking_features,NONE,verified_provenance_predictor,KEEP_VERIFIED_PREDICTOR,True
eye_lslhtcviveeye_gaze_origin_r_x_mm_std,eye_tracking_features,NONE,verified_provenance_predictor,KEEP_VERIFIED_PREDICTOR,True
eye_lslhtcviveeye_gaze_origin_r_y_mm_iqr,eye_tracking_features,NONE,verified_provenance_predictor,KEEP_VERIFIED_PREDICTOR,True
eye_lslhtcviveeye_gaze_origin_r_y_mm_kurtosis,eye_tracking_features,NONE,verified_provenance_predictor,KEEP_VERIFIED_PREDICTOR,True
eye_lslhtcviveeye_gaze_origin_r_y_mm_max,eye_tracking_features,NONE,verified_provenance_predictor,KEEP_VERIFIED_PREDICTOR,True
eye_lslhtcviveeye_gaze_origin_r_y_mm_mean,eye_tracking_features,NONE,verified_provenance_predictor,KEEP_VERIFIED_PREDICTOR,True
eye_lslhtcviveeye_gaze_origin_r_y_mm_median,eye_tracking_features,NONE,verified_provenance_predictor,KEEP_VERIFIED_PREDICTOR,True
eye_lslhtcviveeye_gaze_origin_r_y_mm_min,eye_tracking_features,NONE,verified_provenance_predictor,KEEP_VERIFIED_PREDICTOR,True
eye_lslhtcviveeye_gaze_origin_r_y_mm_missing_ratio,eye_tracking_features,NONE,verified_provenance_predictor,KEEP_VERIFIED_PREDICTOR,True
eye_lslhtcviveeye_gaze_origin_r_y_mm_num_missing,eye_tracking_features,NONE,verified_provenance_predictor,KEEP_VERIFIED_PREDICTOR,True
eye_lslhtcviveeye_gaze_origin_r_y_mm_range,eye_tracking_features,NONE,verified_provenance_predictor,KEEP_VERIFIED_PREDICTOR,True
eye_lslhtcviveeye_gaze_origin_r_y_mm_rms,eye_tracking_features,NONE,verified_provenance_predictor,KEEP_VERIFIED_PREDICTOR,True
eye_lslhtcviveeye_gaze_origin_r_y_mm_skew,eye_tracking_features,NONE,verified_provenance_predictor,KEEP_VERIFIED_PREDICTOR,True
eye_lslhtcviveeye_gaze_origin_r_y_mm_slope,eye_tracking_features,NONE,verified_provenance_predictor,KEEP_VERIFIED_PREDICTOR,True
eye_lslhtcviveeye_gaze_origin_r_y_mm_std,eye_tracking_features,NONE,verified_provenance_predictor,KEEP_VERIFIED_PREDICTOR,True
eye_lslhtcviveeye_gaze_origin_r_z_mm_iqr,eye_tracking_features,NONE,verified_provenance_predictor,KEEP_VERIFIED_PREDICTOR,True
eye_lslhtcviveeye_gaze_origin_r_z_mm_kurtosis,eye_tracking_features,NONE,verified_provenance_predictor,KEEP_VERIFIED_PREDICTOR,True
eye_lslhtcviveeye_gaze_origin_r_z_mm_max,eye_tracking_features,NONE,verified_provenance_predictor,KEEP_VERIFIED_PREDICTOR,True
eye_lslhtcviveeye_gaze_origin_r_z_mm_mean,eye_tracking_features,NONE,verified_provenance_predictor,KEEP_VERIFIED_PREDICTOR,True
eye_lslhtcviveeye_gaze_origin_r_z_mm_median,eye_tracking_features,NONE,verified_provenance_predictor,KEEP_VERIFIED_PREDICTOR,True
eye_lslhtcviveeye_gaze_origin_r_z_mm_min,eye_tracking_features,NONE,verified_provenance_predictor,KEEP_VERIFIED_PREDICTOR,True
eye_lslhtcviveeye_gaze_origin_r_z_mm_missing_ratio,eye_tracking_features,NONE,verified_provenance_predictor,KEEP_VERIFIED_PREDICTOR,True
eye_lslhtcviveeye_gaze_origin_r_z_mm_num_missing,eye_tracking_features,NONE,verified_provenance_predictor,KEEP_VERIFIED_PREDICTOR,True
eye_lslhtcviveeye_gaze_origin_r_z_mm_range,eye_tracking_features,NONE,verified_provenance_predictor,KEEP_VERIFIED_PREDICTOR,True
eye_lslhtcviveeye_gaze_origin_r_z_mm_rms,eye_tracking_features,NONE,verified_provenance_predictor,KEEP_VERIFIED_PREDICTOR,True
eye_lslhtcviveeye_gaze_origin_r_z_mm_skew,eye_tracking_features,NONE,verified_provenance_predictor,KEEP_VERIFIED_PREDICTOR,True
eye_lslhtcviveeye_gaze_origin_r_z_mm_slope,eye_tracking_features,NONE,verified_provenance_predictor,KEEP_VERIFIED_PREDICTOR,True
eye_lslhtcviveeye_gaze_origin_r_z_mm_std,eye_tracking_features,NONE,verified_provenance_predictor,KEEP_VERIFIED_PREDICTOR,True
eye_lslhtcviveeye_pupil_diameter_l_mm_iqr,eye_tracking_features,NONE,verified_provenance_predictor,KEEP_VERIFIED_PREDICTOR,True
eye_lslhtcviveeye_pupil_diameter_l_mm_kurtosis,eye_tracking_features,NONE,verified_provenance_predictor,KEEP_VERIFIED_PREDICTOR,True
eye_lslhtcviveeye_pupil_diameter_l_mm_max,eye_tracking_features,NONE,verified_provenance_predictor,KEEP_VERIFIED_PREDICTOR,True
eye_lslhtcviveeye_pupil_diameter_l_mm_mean,eye_tracking_features,NONE,verified_provenance_predictor,KEEP_VERIFIED_PREDICTOR,True
eye_lslhtcviveeye_pupil_diameter_l_mm_median,eye_tracking_features,NONE,verified_provenance_predictor,KEEP_VERIFIED_PREDICTOR,True
eye_lslhtcviveeye_pupil_diameter_l_mm_min,eye_tracking_features,NONE,verified_provenance_predictor,KEEP_VERIFIED_PREDICTOR,True
eye_lslhtcviveeye_pupil_diameter_l_mm_missing_ratio,eye_tracking_features,NONE,verified_provenance_predictor,KEEP_VERIFIED_PREDICTOR,True
eye_lslhtcviveeye_pupil_diameter_l_mm_num_missing,eye_tracking_features,NONE,verified_provenance_predictor,KEEP_VERIFIED_PREDICTOR,True
eye_lslhtcviveeye_pupil_diameter_l_mm_range,eye_tracking_features,NONE,verified_provenance_predictor,KEEP_VERIFIED_PREDICTOR,True
eye_lslhtcviveeye_pupil_diameter_l_mm_rms,eye_tracking_features,NONE,verified_provenance_predictor,KEEP_VERIFIED_PREDICTOR,True
eye_lslhtcviveeye_pupil_diameter_l_mm_skew,eye_tracking_features,NONE,verified_provenance_predictor,KEEP_VERIFIED_PREDICTOR,True
eye_lslhtcviveeye_pupil_diameter_l_mm_slope,eye_tracking_features,NONE,verified_provenance_predictor,KEEP_VERIFIED_PREDICTOR,True
eye_lslhtcviveeye_pupil_diameter_l_mm_std,eye_tracking_features,NONE,verified_provenance_predictor,KEEP_VERIFIED_PREDICTOR,True
eye_lslhtcviveeye_pupil_diameter_r_mm_iqr,eye_tracking_features,NONE,verified_provenance_predictor,KEEP_VERIFIED_PREDICTOR,True
eye_lslhtcviveeye_pupil_diameter_r_mm_kurtosis,eye_tracking_features,NONE,verified_provenance_predictor,KEEP_VERIFIED_PREDICTOR,True
eye_lslhtcviveeye_pupil_diameter_r_mm_max,eye_tracking_features,NONE,verified_provenance_predictor,KEEP_VERIFIED_PREDICTOR,True
eye_lslhtcviveeye_pupil_diameter_r_mm_mean,eye_tracking_features,NONE,verified_provenance_predictor,KEEP_VERIFIED_PREDICTOR,True
eye_lslhtcviveeye_pupil_diameter_r_mm_median,eye_tracking_features,NONE,verified_provenance_predictor,KEEP_VERIFIED_PREDICTOR,True
eye_lslhtcviveeye_pupil_diameter_r_mm_min,eye_tracking_features,NONE,verified_provenance_predictor,KEEP_VERIFIED_PREDICTOR,True
eye_lslhtcviveeye_pupil_diameter_r_mm_missing_ratio,eye_tracking_features,NONE,verified_provenance_predictor,KEEP_VERIFIED_PREDICTOR,True
eye_lslhtcviveeye_pupil_diameter_r_mm_num_missing,eye_tracking_features,NONE,verified_provenance_predictor,KEEP_VERIFIED_PREDICTOR,True
eye_lslhtcviveeye_pupil_diameter_r_mm_range,eye_tracking_features,NONE,verified_provenance_predictor,KEEP_VERIFIED_PREDICTOR,True
eye_lslhtcviveeye_pupil_diameter_r_mm_rms,eye_tracking_features,NONE,verified_provenance_predictor,KEEP_VERIFIED_PREDICTOR,True
eye_lslhtcviveeye_pupil_diameter_r_mm_skew,eye_tracking_features,NONE,verified_provenance_predictor,KEEP_VERIFIED_PREDICTOR,True
eye_lslhtcviveeye_pupil_diameter_r_mm_slope,eye_tracking_features,NONE,verified_provenance_predictor,KEEP_VERIFIED_PREDICTOR,True
eye_lslhtcviveeye_pupil_diameter_r_mm_std,eye_tracking_features,NONE,verified_provenance_predictor,KEEP_VERIFIED_PREDICTOR,True
eye_lslhtcviveeye_pupil_position_l_x_iqr,eye_tracking_features,NONE,verified_provenance_predictor,KEEP_VERIFIED_PREDICTOR,True
eye_lslhtcviveeye_pupil_position_l_x_kurtosis,eye_tracking_features,EXCLUDE_ALL_DATASETS_STRUCTURALLY_UNUSABLE_ALL_NAN,verified_structurally_unusable_all_nan,EXCLUDE_DIRECT_TARGET_LEAKAGE,False
eye_lslhtcviveeye_pupil_position_l_x_max,eye_tracking_features,NONE,verified_provenance_predictor,KEEP_VERIFIED_PREDICTOR,True
eye_lslhtcviveeye_pupil_position_l_x_mean,eye_tracking_features,NONE,verified_provenance_predictor,KEEP_VERIFIED_PREDICTOR,True
eye_lslhtcviveeye_pupil_position_l_x_median,eye_tracking_features,NONE,verified_provenance_predictor,KEEP_VERIFIED_PREDICTOR,True
eye_lslhtcviveeye_pupil_position_l_x_min,eye_tracking_features,NONE,verified_provenance_predictor,KEEP_VERIFIED_PREDICTOR,True
eye_lslhtcviveeye_pupil_position_l_x_missing_ratio,eye_tracking_features,NONE,verified_provenance_predictor,KEEP_VERIFIED_PREDICTOR,True
eye_lslhtcviveeye_pupil_position_l_x_num_missing,eye_tracking_features,NONE,verified_provenance_predictor,KEEP_VERIFIED_PREDICTOR,True
eye_lslhtcviveeye_pupil_position_l_x_range,eye_tracking_features,NONE,verified_provenance_predictor,KEEP_VERIFIED_PREDICTOR,True
eye_lslhtcviveeye_pupil_position_l_x_rms,eye_tracking_features,NONE,verified_provenance_predictor,KEEP_VERIFIED_PREDICTOR,True
eye_lslhtcviveeye_pupil_position_l_x_skew,eye_tracking_features,EXCLUDE_ALL_DATASETS_STRUCTURALLY_UNUSABLE_ALL_NAN,verified_structurally_unusable_all_nan,EXCLUDE_DIRECT_TARGET_LEAKAGE,False
eye_lslhtcviveeye_pupil_position_l_x_slope,eye_tracking_features,NONE,verified_provenance_predictor,KEEP_VERIFIED_PREDICTOR,True
eye_lslhtcviveeye_pupil_position_l_x_std,eye_tracking_features,NONE,verified_provenance_predictor,KEEP_VERIFIED_PREDICTOR,True
eye_lslhtcviveeye_pupil_position_l_y_iqr,eye_tracking_features,NONE,verified_provenance_predictor,KEEP_VERIFIED_PREDICTOR,True
eye_lslhtcviveeye_pupil_position_l_y_kurtosis,eye_tracking_features,NONE,verified_provenance_predictor,KEEP_VERIFIED_PREDICTOR,True
eye_lslhtcviveeye_pupil_position_l_y_max,eye_tracking_features,NONE,verified_provenance_predictor,KEEP_VERIFIED_PREDICTOR,True
eye_lslhtcviveeye_pupil_position_l_y_mean,eye_tracking_features,NONE,verified_provenance_predictor,KEEP_VERIFIED_PREDICTOR,True
eye_lslhtcviveeye_pupil_position_l_y_median,eye_tracking_features,NONE,verified_provenance_predictor,KEEP_VERIFIED_PREDICTOR,True
eye_lslhtcviveeye_pupil_position_l_y_min,eye_tracking_features,NONE,verified_provenance_predictor,KEEP_VERIFIED_PREDICTOR,True
eye_lslhtcviveeye_pupil_position_l_y_missing_ratio,eye_tracking_features,NONE,verified_provenance_predictor,KEEP_VERIFIED_PREDICTOR,True
eye_lslhtcviveeye_pupil_position_l_y_num_missing,eye_tracking_features,NONE,verified_provenance_predictor,KEEP_VERIFIED_PREDICTOR,True
eye_lslhtcviveeye_pupil_position_l_y_range,eye_tracking_features,NONE,verified_provenance_predictor,KEEP_VERIFIED_PREDICTOR,True
eye_lslhtcviveeye_pupil_position_l_y_rms,eye_tracking_features,NONE,verified_provenance_predictor,KEEP_VERIFIED_PREDICTOR,True
eye_lslhtcviveeye_pupil_position_l_y_skew,eye_tracking_features,NONE,verified_provenance_predictor,KEEP_VERIFIED_PREDICTOR,True
eye_lslhtcviveeye_pupil_position_l_y_slope,eye_tracking_features,NONE,verified_provenance_predictor,KEEP_VERIFIED_PREDICTOR,True
eye_lslhtcviveeye_pupil_position_l_y_std,eye_tracking_features,NONE,verified_provenance_predictor,KEEP_VERIFIED_PREDICTOR,True
eye_lslhtcviveeye_pupil_position_l_z_iqr,eye_tracking_features,NONE,verified_provenance_predictor,KEEP_VERIFIED_PREDICTOR,True
eye_lslhtcviveeye_pupil_position_l_z_kurtosis,eye_tracking_features,NONE,verified_provenance_predictor,KEEP_VERIFIED_PREDICTOR,True
eye_lslhtcviveeye_pupil_position_l_z_max,eye_tracking_features,NONE,verified_provenance_predictor,KEEP_VERIFIED_PREDICTOR,True
eye_lslhtcviveeye_pupil_position_l_z_mean,eye_tracking_features,NONE,verified_provenance_predictor,KEEP_VERIFIED_PREDICTOR,True
eye_lslhtcviveeye_pupil_position_l_z_median,eye_tracking_features,NONE,verified_provenance_predictor,KEEP_VERIFIED_PREDICTOR,True
eye_lslhtcviveeye_pupil_position_l_z_min,eye_tracking_features,NONE,verified_provenance_predictor,KEEP_VERIFIED_PREDICTOR,True
eye_lslhtcviveeye_pupil_position_l_z_missing_ratio,eye_tracking_features,NONE,verified_provenance_predictor,KEEP_VERIFIED_PREDICTOR,True
eye_lslhtcviveeye_pupil_position_l_z_num_missing,eye_tracking_features,NONE,verified_provenance_predictor,KEEP_VERIFIED_PREDICTOR,True
eye_lslhtcviveeye_pupil_position_l_z_range,eye_tracking_features,NONE,verified_provenance_predictor,KEEP_VERIFIED_PREDICTOR,True
eye_lslhtcviveeye_pupil_position_l_z_rms,eye_tracking_features,NONE,verified_provenance_predictor,KEEP_VERIFIED_PREDICTOR,True
eye_lslhtcviveeye_pupil_position_l_z_skew,eye_tracking_features,NONE,verified_provenance_predictor,KEEP_VERIFIED_PREDICTOR,True
eye_lslhtcviveeye_pupil_position_l_z_slope,eye_tracking_features,NONE,verified_provenance_predictor,KEEP_VERIFIED_PREDICTOR,True
eye_lslhtcviveeye_pupil_position_l_z_std,eye_tracking_features,NONE,verified_provenance_predictor,KEEP_VERIFIED_PREDICTOR,True
eye_lslhtcviveeye_pupil_position_r_x_iqr,eye_tracking_features,NONE,verified_provenance_predictor,KEEP_VERIFIED_PREDICTOR,True
eye_lslhtcviveeye_pupil_position_r_x_kurtosis,eye_tracking_features,NONE,verified_provenance_predictor,KEEP_VERIFIED_PREDICTOR,True
eye_lslhtcviveeye_pupil_position_r_x_max,eye_tracking_features,NONE,verified_provenance_predictor,KEEP_VERIFIED_PREDICTOR,True
eye_lslhtcviveeye_pupil_position_r_x_mean,eye_tracking_features,NONE,verified_provenance_predictor,KEEP_VERIFIED_PREDICTOR,True
eye_lslhtcviveeye_pupil_position_r_x_median,eye_tracking_features,NONE,verified_provenance_predictor,KEEP_VERIFIED_PREDICTOR,True
eye_lslhtcviveeye_pupil_position_r_x_min,eye_tracking_features,NONE,verified_provenance_predictor,KEEP_VERIFIED_PREDICTOR,True
eye_lslhtcviveeye_pupil_position_r_x_missing_ratio,eye_tracking_features,NONE,verified_provenance_predictor,KEEP_VERIFIED_PREDICTOR,True
eye_lslhtcviveeye_pupil_position_r_x_num_missing,eye_tracking_features,NONE,verified_provenance_predictor,KEEP_VERIFIED_PREDICTOR,True
eye_lslhtcviveeye_pupil_position_r_x_range,eye_tracking_features,NONE,verified_provenance_predictor,KEEP_VERIFIED_PREDICTOR,True
eye_lslhtcviveeye_pupil_position_r_x_rms,eye_tracking_features,NONE,verified_provenance_predictor,KEEP_VERIFIED_PREDICTOR,True
eye_lslhtcviveeye_pupil_position_r_x_skew,eye_tracking_features,NONE,verified_provenance_predictor,KEEP_VERIFIED_PREDICTOR,True
eye_lslhtcviveeye_pupil_position_r_x_slope,eye_tracking_features,NONE,verified_provenance_predictor,KEEP_VERIFIED_PREDICTOR,True
eye_lslhtcviveeye_pupil_position_r_x_std,eye_tracking_features,NONE,verified_provenance_predictor,KEEP_VERIFIED_PREDICTOR,True
eye_lslhtcviveeye_pupil_position_r_y_iqr,eye_tracking_features,NONE,verified_provenance_predictor,KEEP_VERIFIED_PREDICTOR,True
eye_lslhtcviveeye_pupil_position_r_y_kurtosis,eye_tracking_features,NONE,verified_provenance_predictor,KEEP_VERIFIED_PREDICTOR,True
eye_lslhtcviveeye_pupil_position_r_y_max,eye_tracking_features,NONE,verified_provenance_predictor,KEEP_VERIFIED_PREDICTOR,True
eye_lslhtcviveeye_pupil_position_r_y_mean,eye_tracking_features,NONE,verified_provenance_predictor,KEEP_VERIFIED_PREDICTOR,True
eye_lslhtcviveeye_pupil_position_r_y_median,eye_tracking_features,NONE,verified_provenance_predictor,KEEP_VERIFIED_PREDICTOR,True
eye_lslhtcviveeye_pupil_position_r_y_min,eye_tracking_features,NONE,verified_provenance_predictor,KEEP_VERIFIED_PREDICTOR,True
eye_lslhtcviveeye_pupil_position_r_y_missing_ratio,eye_tracking_features,NONE,verified_provenance_predictor,KEEP_VERIFIED_PREDICTOR,True
eye_lslhtcviveeye_pupil_position_r_y_num_missing,eye_tracking_features,NONE,verified_provenance_predictor,KEEP_VERIFIED_PREDICTOR,True
eye_lslhtcviveeye_pupil_position_r_y_range,eye_tracking_features,NONE,verified_provenance_predictor,KEEP_VERIFIED_PREDICTOR,True
eye_lslhtcviveeye_pupil_position_r_y_rms,eye_tracking_features,NONE,verified_provenance_predictor,KEEP_VERIFIED_PREDICTOR,True
eye_lslhtcviveeye_pupil_position_r_y_skew,eye_tracking_features,NONE,verified_provenance_predictor,KEEP_VERIFIED_PREDICTOR,True
eye_lslhtcviveeye_pupil_position_r_y_slope,eye_tracking_features,NONE,verified_provenance_predictor,KEEP_VERIFIED_PREDICTOR,True
eye_lslhtcviveeye_pupil_position_r_y_std,eye_tracking_features,NONE,verified_provenance_predictor,KEEP_VERIFIED_PREDICTOR,True
eye_lslhtcviveeye_pupil_position_r_z_iqr,eye_tracking_features,NONE,verified_provenance_predictor,KEEP_VERIFIED_PREDICTOR,True
eye_lslhtcviveeye_pupil_position_r_z_kurtosis,eye_tracking_features,NONE,verified_provenance_predictor,KEEP_VERIFIED_PREDICTOR,True
eye_lslhtcviveeye_pupil_position_r_z_max,eye_tracking_features,NONE,verified_provenance_predictor,KEEP_VERIFIED_PREDICTOR,True
eye_lslhtcviveeye_pupil_position_r_z_mean,eye_tracking_features,NONE,verified_provenance_predictor,KEEP_VERIFIED_PREDICTOR,True
eye_lslhtcviveeye_pupil_position_r_z_median,eye_tracking_features,NONE,verified_provenance_predictor,KEEP_VERIFIED_PREDICTOR,True
eye_lslhtcviveeye_pupil_position_r_z_min,eye_tracking_features,NONE,verified_provenance_predictor,KEEP_VERIFIED_PREDICTOR,True
eye_lslhtcviveeye_pupil_position_r_z_missing_ratio,eye_tracking_features,NONE,verified_provenance_predictor,KEEP_VERIFIED_PREDICTOR,True
eye_lslhtcviveeye_pupil_position_r_z_num_missing,eye_tracking_features,NONE,verified_provenance_predictor,KEEP_VERIFIED_PREDICTOR,True
eye_lslhtcviveeye_pupil_position_r_z_range,eye_tracking_features,NONE,verified_provenance_predictor,KEEP_VERIFIED_PREDICTOR,True
eye_lslhtcviveeye_pupil_position_r_z_rms,eye_tracking_features,NONE,verified_provenance_predictor,KEEP_VERIFIED_PREDICTOR,True
eye_lslhtcviveeye_pupil_position_r_z_skew,eye_tracking_features,NONE,verified_provenance_predictor,KEEP_VERIFIED_PREDICTOR,True
eye_lslhtcviveeye_pupil_position_r_z_slope,eye_tracking_features,NONE,verified_provenance_predictor,KEEP_VERIFIED_PREDICTOR,True
eye_lslhtcviveeye_pupil_position_r_z_std,eye_tracking_features,NONE,verified_provenance_predictor,KEEP_VERIFIED_PREDICTOR,True
eye_lslhtcviveeye_sample_count,eye_tracking_features,NONE,verified_provenance_predictor,KEEP_VERIFIED_PREDICTOR,True
eye_lslhtcviveeye_sampling_rate_estimate,eye_tracking_features,NONE,verified_provenance_predictor,KEEP_VERIFIED_PREDICTOR,True
eye_lslhtcviveeye_validity_l_iqr,eye_tracking_features,NONE,verified_provenance_predictor,KEEP_VERIFIED_PREDICTOR,True
eye_lslhtcviveeye_validity_l_kurtosis,eye_tracking_features,EXCLUDE_ALL_DATASETS_STRUCTURALLY_UNUSABLE_ALL_NAN,verified_structurally_unusable_all_nan,EXCLUDE_DIRECT_TARGET_LEAKAGE,False
eye_lslhtcviveeye_validity_l_max,eye_tracking_features,NONE,verified_provenance_predictor,KEEP_VERIFIED_PREDICTOR,True
eye_lslhtcviveeye_validity_l_mean,eye_tracking_features,NONE,verified_provenance_predictor,KEEP_VERIFIED_PREDICTOR,True
eye_lslhtcviveeye_validity_l_median,eye_tracking_features,NONE,verified_provenance_predictor,KEEP_VERIFIED_PREDICTOR,True
eye_lslhtcviveeye_validity_l_min,eye_tracking_features,NONE,verified_provenance_predictor,KEEP_VERIFIED_PREDICTOR,True
eye_lslhtcviveeye_validity_l_missing_ratio,eye_tracking_features,NONE,verified_provenance_predictor,KEEP_VERIFIED_PREDICTOR,True
eye_lslhtcviveeye_validity_l_num_missing,eye_tracking_features,NONE,verified_provenance_predictor,KEEP_VERIFIED_PREDICTOR,True
eye_lslhtcviveeye_validity_l_range,eye_tracking_features,NONE,verified_provenance_predictor,KEEP_VERIFIED_PREDICTOR,True
eye_lslhtcviveeye_validity_l_rms,eye_tracking_features,NONE,verified_provenance_predictor,KEEP_VERIFIED_PREDICTOR,True
eye_lslhtcviveeye_validity_l_skew,eye_tracking_features,EXCLUDE_ALL_DATASETS_STRUCTURALLY_UNUSABLE_ALL_NAN,verified_structurally_unusable_all_nan,EXCLUDE_DIRECT_TARGET_LEAKAGE,False
eye_lslhtcviveeye_validity_l_slope,eye_tracking_features,NONE,verified_provenance_predictor,KEEP_VERIFIED_PREDICTOR,True
eye_lslhtcviveeye_validity_l_std,eye_tracking_features,NONE,verified_provenance_predictor,KEEP_VERIFIED_PREDICTOR,True
eye_lslhtcviveeye_validity_r_iqr,eye_tracking_features,NONE,verified_provenance_predictor,KEEP_VERIFIED_PREDICTOR,True
eye_lslhtcviveeye_validity_r_kurtosis,eye_tracking_features,EXCLUDE_ALL_DATASETS_STRUCTURALLY_UNUSABLE_ALL_NAN,verified_structurally_unusable_all_nan,EXCLUDE_DIRECT_TARGET_LEAKAGE,False
eye_lslhtcviveeye_validity_r_max,eye_tracking_features,NONE,verified_provenance_predictor,KEEP_VERIFIED_PREDICTOR,True
eye_lslhtcviveeye_validity_r_mean,eye_tracking_features,NONE,verified_provenance_predictor,KEEP_VERIFIED_PREDICTOR,True
eye_lslhtcviveeye_validity_r_median,eye_tracking_features,NONE,verified_provenance_predictor,KEEP_VERIFIED_PREDICTOR,True
eye_lslhtcviveeye_validity_r_min,eye_tracking_features,NONE,verified_provenance_predictor,KEEP_VERIFIED_PREDICTOR,True
eye_lslhtcviveeye_validity_r_missing_ratio,eye_tracking_features,NONE,verified_provenance_predictor,KEEP_VERIFIED_PREDICTOR,True
eye_lslhtcviveeye_validity_r_num_missing,eye_tracking_features,NONE,verified_provenance_predictor,KEEP_VERIFIED_PREDICTOR,True
eye_lslhtcviveeye_validity_r_range,eye_tracking_features,NONE,verified_provenance_predictor,KEEP_VERIFIED_PREDICTOR,True
eye_lslhtcviveeye_validity_r_rms,eye_tracking_features,NONE,verified_provenance_predictor,KEEP_VERIFIED_PREDICTOR,True
eye_lslhtcviveeye_validity_r_skew,eye_tracking_features,EXCLUDE_ALL_DATASETS_STRUCTURALLY_UNUSABLE_ALL_NAN,verified_structurally_unusable_all_nan,EXCLUDE_DIRECT_TARGET_LEAKAGE,False
eye_lslhtcviveeye_validity_r_slope,eye_tracking_features,NONE,verified_provenance_predictor,KEEP_VERIFIED_PREDICTOR,True
eye_lslhtcviveeye_validity_r_std,eye_tracking_features,NONE,verified_provenance_predictor,KEEP_VERIFIED_PREDICTOR,True
eye_ocuevts_duration,eye_tracking_features,NONE,verified_provenance_predictor,KEEP_VERIFIED_PREDICTOR,True
eye_ocuevts_fixation_event_count,eye_tracking_features,NONE,verified_provenance_predictor,KEEP_VERIFIED_PREDICTOR,True
eye_ocuevts_fixation_event_rate,eye_tracking_features,NONE,verified_provenance_predictor,KEEP_VERIFIED_PREDICTOR,True
eye_ocuevts_fixationseq_iqr,eye_tracking_features,NONE,verified_provenance_predictor,KEEP_VERIFIED_PREDICTOR,True
eye_ocuevts_fixationseq_kurtosis,eye_tracking_features,NONE,verified_provenance_predictor,KEEP_VERIFIED_PREDICTOR,True
eye_ocuevts_fixationseq_max,eye_tracking_features,NONE,verified_provenance_predictor,KEEP_VERIFIED_PREDICTOR,True
eye_ocuevts_fixationseq_mean,eye_tracking_features,NONE,verified_provenance_predictor,KEEP_VERIFIED_PREDICTOR,True
eye_ocuevts_fixationseq_median,eye_tracking_features,NONE,verified_provenance_predictor,KEEP_VERIFIED_PREDICTOR,True
eye_ocuevts_fixationseq_min,eye_tracking_features,NONE,verified_provenance_predictor,KEEP_VERIFIED_PREDICTOR,True
eye_ocuevts_fixationseq_missing_ratio,eye_tracking_features,NONE,verified_provenance_predictor,KEEP_VERIFIED_PREDICTOR,True
eye_ocuevts_fixationseq_num_missing,eye_tracking_features,NONE,verified_provenance_predictor,KEEP_VERIFIED_PREDICTOR,True
eye_ocuevts_fixationseq_range,eye_tracking_features,NONE,verified_provenance_predictor,KEEP_VERIFIED_PREDICTOR,True
eye_ocuevts_fixationseq_rms,eye_tracking_features,NONE,verified_provenance_predictor,KEEP_VERIFIED_PREDICTOR,True
eye_ocuevts_fixationseq_skew,eye_tracking_features,NONE,verified_provenance_predictor,KEEP_VERIFIED_PREDICTOR,True
eye_ocuevts_fixationseq_slope,eye_tracking_features,NONE,verified_provenance_predictor,KEEP_VERIFIED_PREDICTOR,True
eye_ocuevts_fixationseq_std,eye_tracking_features,NONE,verified_provenance_predictor,KEEP_VERIFIED_PREDICTOR,True
eye_ocuevts_saccade_event_count,eye_tracking_features,NONE,verified_provenance_predictor,KEEP_VERIFIED_PREDICTOR,True
eye_ocuevts_saccade_event_rate,eye_tracking_features,NONE,verified_provenance_predictor,KEEP_VERIFIED_PREDICTOR,True
eye_ocuevts_saccadeseq_iqr,eye_tracking_features,NONE,verified_provenance_predictor,KEEP_VERIFIED_PREDICTOR,True
eye_ocuevts_saccadeseq_kurtosis,eye_tracking_features,NONE,verified_provenance_predictor,KEEP_VERIFIED_PREDICTOR,True
eye_ocuevts_saccadeseq_max,eye_tracking_features,NONE,verified_provenance_predictor,KEEP_VERIFIED_PREDICTOR,True
eye_ocuevts_saccadeseq_mean,eye_tracking_features,NONE,verified_provenance_predictor,KEEP_VERIFIED_PREDICTOR,True
eye_ocuevts_saccadeseq_median,eye_tracking_features,NONE,verified_provenance_predictor,KEEP_VERIFIED_PREDICTOR,True
eye_ocuevts_saccadeseq_min,eye_tracking_features,NONE,verified_provenance_predictor,KEEP_VERIFIED_PREDICTOR,True
eye_ocuevts_saccadeseq_missing_ratio,eye_tracking_features,NONE,verified_provenance_predictor,KEEP_VERIFIED_PREDICTOR,True
eye_ocuevts_saccadeseq_num_missing,eye_tracking_features,NONE,verified_provenance_predictor,KEEP_VERIFIED_PREDICTOR,True
eye_ocuevts_saccadeseq_range,eye_tracking_features,NONE,verified_provenance_predictor,KEEP_VERIFIED_PREDICTOR,True
eye_ocuevts_saccadeseq_rms,eye_tracking_features,NONE,verified_provenance_predictor,KEEP_VERIFIED_PREDICTOR,True
eye_ocuevts_saccadeseq_skew,eye_tracking_features,NONE,verified_provenance_predictor,KEEP_VERIFIED_PREDICTOR,True
eye_ocuevts_saccadeseq_slope,eye_tracking_features,NONE,verified_provenance_predictor,KEEP_VERIFIED_PREDICTOR,True
eye_ocuevts_saccadeseq_std,eye_tracking_features,NONE,verified_provenance_predictor,KEEP_VERIFIED_PREDICTOR,True
eye_ocuevts_sample_count,eye_tracking_features,NONE,verified_provenance_predictor,KEEP_VERIFIED_PREDICTOR,True
eye_ocuevts_sampling_rate_estimate,eye_tracking_features,NONE,verified_provenance_predictor,KEEP_VERIFIED_PREDICTOR,True
eye_openness_iqr,eye_tracking_features,NONE,verified_provenance_predictor,KEEP_VERIFIED_PREDICTOR,True
eye_openness_kurtosis,eye_tracking_features,NONE,verified_provenance_predictor,KEEP_VERIFIED_PREDICTOR,True
eye_openness_max,eye_tracking_features,NONE,verified_provenance_predictor,KEEP_VERIFIED_PREDICTOR,True
eye_openness_mean,eye_tracking_features,NONE,verified_provenance_predictor,KEEP_VERIFIED_PREDICTOR,True
eye_openness_median,eye_tracking_features,NONE,verified_provenance_predictor,KEEP_VERIFIED_PREDICTOR,True
eye_openness_min,eye_tracking_features,NONE,verified_provenance_predictor,KEEP_VERIFIED_PREDICTOR,True
eye_openness_missing_ratio,eye_tracking_features,NONE,verified_provenance_predictor,KEEP_VERIFIED_PREDICTOR,True
eye_openness_num_missing,eye_tracking_features,NONE,verified_provenance_predictor,KEEP_VERIFIED_PREDICTOR,True
eye_openness_range,eye_tracking_features,NONE,verified_provenance_predictor,KEEP_VERIFIED_PREDICTOR,True
eye_openness_rms,eye_tracking_features,NONE,verified_provenance_predictor,KEEP_VERIFIED_PREDICTOR,True
eye_openness_skew,eye_tracking_features,NONE,verified_provenance_predictor,KEEP_VERIFIED_PREDICTOR,True
eye_openness_slope,eye_tracking_features,NONE,verified_provenance_predictor,KEEP_VERIFIED_PREDICTOR,True
eye_openness_std,eye_tracking_features,NONE,verified_provenance_predictor,KEEP_VERIFIED_PREDICTOR,True
eye_position_iqr,eye_tracking_features,NONE,verified_provenance_predictor,KEEP_VERIFIED_PREDICTOR,True
eye_position_kurtosis,eye_tracking_features,NONE,verified_provenance_predictor,KEEP_VERIFIED_PREDICTOR,True
eye_position_max,eye_tracking_features,NONE,verified_provenance_predictor,KEEP_VERIFIED_PREDICTOR,True
eye_position_mean,eye_tracking_features,NONE,verified_provenance_predictor,KEEP_VERIFIED_PREDICTOR,True
eye_position_median,eye_tracking_features,NONE,verified_provenance_predictor,KEEP_VERIFIED_PREDICTOR,True
eye_position_min,eye_tracking_features,NONE,verified_provenance_predictor,KEEP_VERIFIED_PREDICTOR,True
eye_position_missing_ratio,eye_tracking_features,NONE,verified_provenance_predictor,KEEP_VERIFIED_PREDICTOR,True
eye_position_num_missing,eye_tracking_features,NONE,verified_provenance_predictor,KEEP_VERIFIED_PREDICTOR,True
eye_position_range,eye_tracking_features,NONE,verified_provenance_predictor,KEEP_VERIFIED_PREDICTOR,True
eye_position_rms,eye_tracking_features,NONE,verified_provenance_predictor,KEEP_VERIFIED_PREDICTOR,True
eye_position_skew,eye_tracking_features,NONE,verified_provenance_predictor,KEEP_VERIFIED_PREDICTOR,True
eye_position_slope,eye_tracking_features,NONE,verified_provenance_predictor,KEEP_VERIFIED_PREDICTOR,True
eye_position_std,eye_tracking_features,NONE,verified_provenance_predictor,KEEP_VERIFIED_PREDICTOR,True
eye_pupil_iqr,eye_tracking_features,NONE,verified_provenance_predictor,KEEP_VERIFIED_PREDICTOR,True
eye_pupil_kurtosis,eye_tracking_features,NONE,verified_provenance_predictor,KEEP_VERIFIED_PREDICTOR,True
eye_pupil_max,eye_tracking_features,NONE,verified_provenance_predictor,KEEP_VERIFIED_PREDICTOR,True
eye_pupil_mean,eye_tracking_features,NONE,verified_provenance_predictor,KEEP_VERIFIED_PREDICTOR,True
eye_pupil_median,eye_tracking_features,NONE,verified_provenance_predictor,KEEP_VERIFIED_PREDICTOR,True
eye_pupil_min,eye_tracking_features,NONE,verified_provenance_predictor,KEEP_VERIFIED_PREDICTOR,True
eye_pupil_missing_ratio,eye_tracking_features,NONE,verified_provenance_predictor,KEEP_VERIFIED_PREDICTOR,True
eye_pupil_num_missing,eye_tracking_features,NONE,verified_provenance_predictor,KEEP_VERIFIED_PREDICTOR,True
eye_pupil_range,eye_tracking_features,NONE,verified_provenance_predictor,KEEP_VERIFIED_PREDICTOR,True
eye_pupil_rms,eye_tracking_features,NONE,verified_provenance_predictor,KEEP_VERIFIED_PREDICTOR,True
eye_pupil_skew,eye_tracking_features,NONE,verified_provenance_predictor,KEEP_VERIFIED_PREDICTOR,True
eye_pupil_slope,eye_tracking_features,NONE,verified_provenance_predictor,KEEP_VERIFIED_PREDICTOR,True
eye_pupil_std,eye_tracking_features,NONE,verified_provenance_predictor,KEEP_VERIFIED_PREDICTOR,True
head_lslxp11xpcplt_duration,head_movement_features,NONE,verified_provenance_predictor,KEEP_VERIFIED_PREDICTOR,True
head_lslxp11xpcplt_pilot_head_pitch_deg_first_difference_iqr,head_movement_features,NONE,verified_provenance_predictor,KEEP_VERIFIED_PREDICTOR,True
head_lslxp11xpcplt_pilot_head_pitch_deg_first_difference_kurtosis,head_movement_features,NONE,verified_provenance_predictor,KEEP_VERIFIED_PREDICTOR,True
head_lslxp11xpcplt_pilot_head_pitch_deg_first_difference_max,head_movement_features,NONE,verified_provenance_predictor,KEEP_VERIFIED_PREDICTOR,True
head_lslxp11xpcplt_pilot_head_pitch_deg_first_difference_mean,head_movement_features,NONE,verified_provenance_predictor,KEEP_VERIFIED_PREDICTOR,True
head_lslxp11xpcplt_pilot_head_pitch_deg_first_difference_median,head_movement_features,NONE,verified_provenance_predictor,KEEP_VERIFIED_PREDICTOR,True
head_lslxp11xpcplt_pilot_head_pitch_deg_first_difference_min,head_movement_features,NONE,verified_provenance_predictor,KEEP_VERIFIED_PREDICTOR,True
head_lslxp11xpcplt_pilot_head_pitch_deg_first_difference_missing_ratio,head_movement_features,NONE,verified_provenance_predictor,KEEP_VERIFIED_PREDICTOR,True
head_lslxp11xpcplt_pilot_head_pitch_deg_first_difference_num_missing,head_movement_features,NONE,verified_provenance_predictor,KEEP_VERIFIED_PREDICTOR,True
head_lslxp11xpcplt_pilot_head_pitch_deg_first_difference_range,head_movement_features,NONE,verified_provenance_predictor,KEEP_VERIFIED_PREDICTOR,True
head_lslxp11xpcplt_pilot_head_pitch_deg_first_difference_rms,head_movement_features,NONE,verified_provenance_predictor,KEEP_VERIFIED_PREDICTOR,True
head_lslxp11xpcplt_pilot_head_pitch_deg_first_difference_skew,head_movement_features,NONE,verified_provenance_predictor,KEEP_VERIFIED_PREDICTOR,True
head_lslxp11xpcplt_pilot_head_pitch_deg_first_difference_slope,head_movement_features,NONE,verified_provenance_predictor,KEEP_VERIFIED_PREDICTOR,True
head_lslxp11xpcplt_pilot_head_pitch_deg_first_difference_std,head_movement_features,NONE,verified_provenance_predictor,KEEP_VERIFIED_PREDICTOR,True
head_lslxp11xpcplt_pilot_head_pitch_deg_iqr,head_movement_features,NONE,verified_provenance_predictor,KEEP_VERIFIED_PREDICTOR,True
head_lslxp11xpcplt_pilot_head_pitch_deg_kurtosis,head_movement_features,NONE,verified_provenance_predictor,KEEP_VERIFIED_PREDICTOR,True
head_lslxp11xpcplt_pilot_head_pitch_deg_max,head_movement_features,NONE,verified_provenance_predictor,KEEP_VERIFIED_PREDICTOR,True
head_lslxp11xpcplt_pilot_head_pitch_deg_mean,head_movement_features,NONE,verified_provenance_predictor,KEEP_VERIFIED_PREDICTOR,True
head_lslxp11xpcplt_pilot_head_pitch_deg_median,head_movement_features,NONE,verified_provenance_predictor,KEEP_VERIFIED_PREDICTOR,True
head_lslxp11xpcplt_pilot_head_pitch_deg_min,head_movement_features,NONE,verified_provenance_predictor,KEEP_VERIFIED_PREDICTOR,True
head_lslxp11xpcplt_pilot_head_pitch_deg_missing_ratio,head_movement_features,NONE,verified_provenance_predictor,KEEP_VERIFIED_PREDICTOR,True
head_lslxp11xpcplt_pilot_head_pitch_deg_num_missing,head_movement_features,NONE,verified_provenance_predictor,KEEP_VERIFIED_PREDICTOR,True
head_lslxp11xpcplt_pilot_head_pitch_deg_range,head_movement_features,NONE,verified_provenance_predictor,KEEP_VERIFIED_PREDICTOR,True
head_lslxp11xpcplt_pilot_head_pitch_deg_rms,head_movement_features,NONE,verified_provenance_predictor,KEEP_VERIFIED_PREDICTOR,True
head_lslxp11xpcplt_pilot_head_pitch_deg_skew,head_movement_features,NONE,verified_provenance_predictor,KEEP_VERIFIED_PREDICTOR,True
head_lslxp11xpcplt_pilot_head_pitch_deg_slope,head_movement_features,NONE,verified_provenance_predictor,KEEP_VERIFIED_PREDICTOR,True
head_lslxp11xpcplt_pilot_head_pitch_deg_std,head_movement_features,NONE,verified_provenance_predictor,KEEP_VERIFIED_PREDICTOR,True
head_lslxp11xpcplt_pilot_head_position_f_m_first_difference_iqr,head_movement_features,NONE,verified_provenance_predictor,KEEP_VERIFIED_PREDICTOR,True
head_lslxp11xpcplt_pilot_head_position_f_m_first_difference_kurtosis,head_movement_features,NONE,verified_provenance_predictor,KEEP_VERIFIED_PREDICTOR,True
head_lslxp11xpcplt_pilot_head_position_f_m_first_difference_max,head_movement_features,NONE,verified_provenance_predictor,KEEP_VERIFIED_PREDICTOR,True
head_lslxp11xpcplt_pilot_head_position_f_m_first_difference_mean,head_movement_features,NONE,verified_provenance_predictor,KEEP_VERIFIED_PREDICTOR,True
head_lslxp11xpcplt_pilot_head_position_f_m_first_difference_median,head_movement_features,NONE,verified_provenance_predictor,KEEP_VERIFIED_PREDICTOR,True
head_lslxp11xpcplt_pilot_head_position_f_m_first_difference_min,head_movement_features,NONE,verified_provenance_predictor,KEEP_VERIFIED_PREDICTOR,True
head_lslxp11xpcplt_pilot_head_position_f_m_first_difference_missing_ratio,head_movement_features,NONE,verified_provenance_predictor,KEEP_VERIFIED_PREDICTOR,True
head_lslxp11xpcplt_pilot_head_position_f_m_first_difference_num_missing,head_movement_features,NONE,verified_provenance_predictor,KEEP_VERIFIED_PREDICTOR,True
head_lslxp11xpcplt_pilot_head_position_f_m_first_difference_range,head_movement_features,NONE,verified_provenance_predictor,KEEP_VERIFIED_PREDICTOR,True
head_lslxp11xpcplt_pilot_head_position_f_m_first_difference_rms,head_movement_features,NONE,verified_provenance_predictor,KEEP_VERIFIED_PREDICTOR,True
head_lslxp11xpcplt_pilot_head_position_f_m_first_difference_skew,head_movement_features,NONE,verified_provenance_predictor,KEEP_VERIFIED_PREDICTOR,True
head_lslxp11xpcplt_pilot_head_position_f_m_first_difference_slope,head_movement_features,NONE,verified_provenance_predictor,KEEP_VERIFIED_PREDICTOR,True
head_lslxp11xpcplt_pilot_head_position_f_m_first_difference_std,head_movement_features,NONE,verified_provenance_predictor,KEEP_VERIFIED_PREDICTOR,True
head_lslxp11xpcplt_pilot_head_position_f_m_iqr,head_movement_features,NONE,verified_provenance_predictor,KEEP_VERIFIED_PREDICTOR,True
head_lslxp11xpcplt_pilot_head_position_f_m_kurtosis,head_movement_features,NONE,verified_provenance_predictor,KEEP_VERIFIED_PREDICTOR,True
head_lslxp11xpcplt_pilot_head_position_f_m_max,head_movement_features,NONE,verified_provenance_predictor,KEEP_VERIFIED_PREDICTOR,True
head_lslxp11xpcplt_pilot_head_position_f_m_mean,head_movement_features,NONE,verified_provenance_predictor,KEEP_VERIFIED_PREDICTOR,True
head_lslxp11xpcplt_pilot_head_position_f_m_median,head_movement_features,NONE,verified_provenance_predictor,KEEP_VERIFIED_PREDICTOR,True
head_lslxp11xpcplt_pilot_head_position_f_m_min,head_movement_features,NONE,verified_provenance_predictor,KEEP_VERIFIED_PREDICTOR,True
head_lslxp11xpcplt_pilot_head_position_f_m_missing_ratio,head_movement_features,NONE,verified_provenance_predictor,KEEP_VERIFIED_PREDICTOR,True
head_lslxp11xpcplt_pilot_head_position_f_m_num_missing,head_movement_features,NONE,verified_provenance_predictor,KEEP_VERIFIED_PREDICTOR,True
head_lslxp11xpcplt_pilot_head_position_f_m_range,head_movement_features,NONE,verified_provenance_predictor,KEEP_VERIFIED_PREDICTOR,True
head_lslxp11xpcplt_pilot_head_position_f_m_rms,head_movement_features,NONE,verified_provenance_predictor,KEEP_VERIFIED_PREDICTOR,True
head_lslxp11xpcplt_pilot_head_position_f_m_skew,head_movement_features,NONE,verified_provenance_predictor,KEEP_VERIFIED_PREDICTOR,True
head_lslxp11xpcplt_pilot_head_position_f_m_slope,head_movement_features,NONE,verified_provenance_predictor,KEEP_VERIFIED_PREDICTOR,True
head_lslxp11xpcplt_pilot_head_position_f_m_std,head_movement_features,NONE,verified_provenance_predictor,KEEP_VERIFIED_PREDICTOR,True
head_lslxp11xpcplt_pilot_head_position_h_m_first_difference_iqr,head_movement_features,NONE,verified_provenance_predictor,KEEP_VERIFIED_PREDICTOR,True
head_lslxp11xpcplt_pilot_head_position_h_m_first_difference_kurtosis,head_movement_features,NONE,verified_provenance_predictor,KEEP_VERIFIED_PREDICTOR,True
head_lslxp11xpcplt_pilot_head_position_h_m_first_difference_max,head_movement_features,NONE,verified_provenance_predictor,KEEP_VERIFIED_PREDICTOR,True
head_lslxp11xpcplt_pilot_head_position_h_m_first_difference_mean,head_movement_features,NONE,verified_provenance_predictor,KEEP_VERIFIED_PREDICTOR,True
head_lslxp11xpcplt_pilot_head_position_h_m_first_difference_median,head_movement_features,NONE,verified_provenance_predictor,KEEP_VERIFIED_PREDICTOR,True
head_lslxp11xpcplt_pilot_head_position_h_m_first_difference_min,head_movement_features,NONE,verified_provenance_predictor,KEEP_VERIFIED_PREDICTOR,True
head_lslxp11xpcplt_pilot_head_position_h_m_first_difference_missing_ratio,head_movement_features,NONE,verified_provenance_predictor,KEEP_VERIFIED_PREDICTOR,True
head_lslxp11xpcplt_pilot_head_position_h_m_first_difference_num_missing,head_movement_features,NONE,verified_provenance_predictor,KEEP_VERIFIED_PREDICTOR,True
head_lslxp11xpcplt_pilot_head_position_h_m_first_difference_range,head_movement_features,NONE,verified_provenance_predictor,KEEP_VERIFIED_PREDICTOR,True
head_lslxp11xpcplt_pilot_head_position_h_m_first_difference_rms,head_movement_features,NONE,verified_provenance_predictor,KEEP_VERIFIED_PREDICTOR,True
head_lslxp11xpcplt_pilot_head_position_h_m_first_difference_skew,head_movement_features,NONE,verified_provenance_predictor,KEEP_VERIFIED_PREDICTOR,True
head_lslxp11xpcplt_pilot_head_position_h_m_first_difference_slope,head_movement_features,NONE,verified_provenance_predictor,KEEP_VERIFIED_PREDICTOR,True
head_lslxp11xpcplt_pilot_head_position_h_m_first_difference_std,head_movement_features,NONE,verified_provenance_predictor,KEEP_VERIFIED_PREDICTOR,True
head_lslxp11xpcplt_pilot_head_position_h_m_iqr,head_movement_features,NONE,verified_provenance_predictor,KEEP_VERIFIED_PREDICTOR,True
head_lslxp11xpcplt_pilot_head_position_h_m_kurtosis,head_movement_features,NONE,verified_provenance_predictor,KEEP_VERIFIED_PREDICTOR,True
head_lslxp11xpcplt_pilot_head_position_h_m_max,head_movement_features,NONE,verified_provenance_predictor,KEEP_VERIFIED_PREDICTOR,True
head_lslxp11xpcplt_pilot_head_position_h_m_mean,head_movement_features,NONE,verified_provenance_predictor,KEEP_VERIFIED_PREDICTOR,True
head_lslxp11xpcplt_pilot_head_position_h_m_median,head_movement_features,NONE,verified_provenance_predictor,KEEP_VERIFIED_PREDICTOR,True
head_lslxp11xpcplt_pilot_head_position_h_m_min,head_movement_features,NONE,verified_provenance_predictor,KEEP_VERIFIED_PREDICTOR,True
head_lslxp11xpcplt_pilot_head_position_h_m_missing_ratio,head_movement_features,NONE,verified_provenance_predictor,KEEP_VERIFIED_PREDICTOR,True
head_lslxp11xpcplt_pilot_head_position_h_m_num_missing,head_movement_features,NONE,verified_provenance_predictor,KEEP_VERIFIED_PREDICTOR,True
head_lslxp11xpcplt_pilot_head_position_h_m_range,head_movement_features,NONE,verified_provenance_predictor,KEEP_VERIFIED_PREDICTOR,True
head_lslxp11xpcplt_pilot_head_position_h_m_rms,head_movement_features,NONE,verified_provenance_predictor,KEEP_VERIFIED_PREDICTOR,True
head_lslxp11xpcplt_pilot_head_position_h_m_skew,head_movement_features,NONE,verified_provenance_predictor,KEEP_VERIFIED_PREDICTOR,True
head_lslxp11xpcplt_pilot_head_position_h_m_slope,head_movement_features,NONE,verified_provenance_predictor,KEEP_VERIFIED_PREDICTOR,True
head_lslxp11xpcplt_pilot_head_position_h_m_std,head_movement_features,NONE,verified_provenance_predictor,KEEP_VERIFIED_PREDICTOR,True
head_lslxp11xpcplt_pilot_head_position_v_m_first_difference_iqr,head_movement_features,NONE,verified_provenance_predictor,KEEP_VERIFIED_PREDICTOR,True
head_lslxp11xpcplt_pilot_head_position_v_m_first_difference_kurtosis,head_movement_features,NONE,verified_provenance_predictor,KEEP_VERIFIED_PREDICTOR,True
head_lslxp11xpcplt_pilot_head_position_v_m_first_difference_max,head_movement_features,NONE,verified_provenance_predictor,KEEP_VERIFIED_PREDICTOR,True
head_lslxp11xpcplt_pilot_head_position_v_m_first_difference_mean,head_movement_features,NONE,verified_provenance_predictor,KEEP_VERIFIED_PREDICTOR,True
head_lslxp11xpcplt_pilot_head_position_v_m_first_difference_median,head_movement_features,NONE,verified_provenance_predictor,KEEP_VERIFIED_PREDICTOR,True
head_lslxp11xpcplt_pilot_head_position_v_m_first_difference_min,head_movement_features,NONE,verified_provenance_predictor,KEEP_VERIFIED_PREDICTOR,True
head_lslxp11xpcplt_pilot_head_position_v_m_first_difference_missing_ratio,head_movement_features,NONE,verified_provenance_predictor,KEEP_VERIFIED_PREDICTOR,True
head_lslxp11xpcplt_pilot_head_position_v_m_first_difference_num_missing,head_movement_features,NONE,verified_provenance_predictor,KEEP_VERIFIED_PREDICTOR,True
head_lslxp11xpcplt_pilot_head_position_v_m_first_difference_range,head_movement_features,NONE,verified_provenance_predictor,KEEP_VERIFIED_PREDICTOR,True
head_lslxp11xpcplt_pilot_head_position_v_m_first_difference_rms,head_movement_features,NONE,verified_provenance_predictor,KEEP_VERIFIED_PREDICTOR,True
head_lslxp11xpcplt_pilot_head_position_v_m_first_difference_skew,head_movement_features,NONE,verified_provenance_predictor,KEEP_VERIFIED_PREDICTOR,True
head_lslxp11xpcplt_pilot_head_position_v_m_first_difference_slope,head_movement_features,NONE,verified_provenance_predictor,KEEP_VERIFIED_PREDICTOR,True
head_lslxp11xpcplt_pilot_head_position_v_m_first_difference_std,head_movement_features,NONE,verified_provenance_predictor,KEEP_VERIFIED_PREDICTOR,True
head_lslxp11xpcplt_pilot_head_position_v_m_iqr,head_movement_features,NONE,verified_provenance_predictor,KEEP_VERIFIED_PREDICTOR,True
head_lslxp11xpcplt_pilot_head_position_v_m_kurtosis,head_movement_features,NONE,verified_provenance_predictor,KEEP_VERIFIED_PREDICTOR,True
head_lslxp11xpcplt_pilot_head_position_v_m_max,head_movement_features,NONE,verified_provenance_predictor,KEEP_VERIFIED_PREDICTOR,True
head_lslxp11xpcplt_pilot_head_position_v_m_mean,head_movement_features,NONE,verified_provenance_predictor,KEEP_VERIFIED_PREDICTOR,True
head_lslxp11xpcplt_pilot_head_position_v_m_median,head_movement_features,NONE,verified_provenance_predictor,KEEP_VERIFIED_PREDICTOR,True
head_lslxp11xpcplt_pilot_head_position_v_m_min,head_movement_features,NONE,verified_provenance_predictor,KEEP_VERIFIED_PREDICTOR,True
head_lslxp11xpcplt_pilot_head_position_v_m_missing_ratio,head_movement_features,NONE,verified_provenance_predictor,KEEP_VERIFIED_PREDICTOR,True
head_lslxp11xpcplt_pilot_head_position_v_m_num_missing,head_movement_features,NONE,verified_provenance_predictor,KEEP_VERIFIED_PREDICTOR,True
head_lslxp11xpcplt_pilot_head_position_v_m_range,head_movement_features,NONE,verified_provenance_predictor,KEEP_VERIFIED_PREDICTOR,True
head_lslxp11xpcplt_pilot_head_position_v_m_rms,head_movement_features,NONE,verified_provenance_predictor,KEEP_VERIFIED_PREDICTOR,True
head_lslxp11xpcplt_pilot_head_position_v_m_skew,head_movement_features,NONE,verified_provenance_predictor,KEEP_VERIFIED_PREDICTOR,True
head_lslxp11xpcplt_pilot_head_position_v_m_slope,head_movement_features,NONE,verified_provenance_predictor,KEEP_VERIFIED_PREDICTOR,True
head_lslxp11xpcplt_pilot_head_position_v_m_std,head_movement_features,NONE,verified_provenance_predictor,KEEP_VERIFIED_PREDICTOR,True
head_lslxp11xpcplt_pilot_head_roll_deg_first_difference_iqr,head_movement_features,NONE,verified_provenance_predictor,KEEP_VERIFIED_PREDICTOR,True
head_lslxp11xpcplt_pilot_head_roll_deg_first_difference_kurtosis,head_movement_features,NONE,verified_provenance_predictor,KEEP_VERIFIED_PREDICTOR,True
head_lslxp11xpcplt_pilot_head_roll_deg_first_difference_max,head_movement_features,NONE,verified_provenance_predictor,KEEP_VERIFIED_PREDICTOR,True
head_lslxp11xpcplt_pilot_head_roll_deg_first_difference_mean,head_movement_features,NONE,verified_provenance_predictor,KEEP_VERIFIED_PREDICTOR,True
head_lslxp11xpcplt_pilot_head_roll_deg_first_difference_median,head_movement_features,NONE,verified_provenance_predictor,KEEP_VERIFIED_PREDICTOR,True
head_lslxp11xpcplt_pilot_head_roll_deg_first_difference_min,head_movement_features,NONE,verified_provenance_predictor,KEEP_VERIFIED_PREDICTOR,True
head_lslxp11xpcplt_pilot_head_roll_deg_first_difference_missing_ratio,head_movement_features,NONE,verified_provenance_predictor,KEEP_VERIFIED_PREDICTOR,True
head_lslxp11xpcplt_pilot_head_roll_deg_first_difference_num_missing,head_movement_features,NONE,verified_provenance_predictor,KEEP_VERIFIED_PREDICTOR,True
head_lslxp11xpcplt_pilot_head_roll_deg_first_difference_range,head_movement_features,NONE,verified_provenance_predictor,KEEP_VERIFIED_PREDICTOR,True
head_lslxp11xpcplt_pilot_head_roll_deg_first_difference_rms,head_movement_features,NONE,verified_provenance_predictor,KEEP_VERIFIED_PREDICTOR,True
head_lslxp11xpcplt_pilot_head_roll_deg_first_difference_skew,head_movement_features,NONE,verified_provenance_predictor,KEEP_VERIFIED_PREDICTOR,True
head_lslxp11xpcplt_pilot_head_roll_deg_first_difference_slope,head_movement_features,NONE,verified_provenance_predictor,KEEP_VERIFIED_PREDICTOR,True
head_lslxp11xpcplt_pilot_head_roll_deg_first_difference_std,head_movement_features,NONE,verified_provenance_predictor,KEEP_VERIFIED_PREDICTOR,True
head_lslxp11xpcplt_pilot_head_roll_deg_iqr,head_movement_features,NONE,verified_provenance_predictor,KEEP_VERIFIED_PREDICTOR,True
head_lslxp11xpcplt_pilot_head_roll_deg_kurtosis,head_movement_features,NONE,verified_provenance_predictor,KEEP_VERIFIED_PREDICTOR,True
head_lslxp11xpcplt_pilot_head_roll_deg_max,head_movement_features,NONE,verified_provenance_predictor,KEEP_VERIFIED_PREDICTOR,True
head_lslxp11xpcplt_pilot_head_roll_deg_mean,head_movement_features,NONE,verified_provenance_predictor,KEEP_VERIFIED_PREDICTOR,True
head_lslxp11xpcplt_pilot_head_roll_deg_median,head_movement_features,NONE,verified_provenance_predictor,KEEP_VERIFIED_PREDICTOR,True
head_lslxp11xpcplt_pilot_head_roll_deg_min,head_movement_features,NONE,verified_provenance_predictor,KEEP_VERIFIED_PREDICTOR,True
head_lslxp11xpcplt_pilot_head_roll_deg_missing_ratio,head_movement_features,NONE,verified_provenance_predictor,KEEP_VERIFIED_PREDICTOR,True
head_lslxp11xpcplt_pilot_head_roll_deg_num_missing,head_movement_features,NONE,verified_provenance_predictor,KEEP_VERIFIED_PREDICTOR,True
head_lslxp11xpcplt_pilot_head_roll_deg_range,head_movement_features,NONE,verified_provenance_predictor,KEEP_VERIFIED_PREDICTOR,True
head_lslxp11xpcplt_pilot_head_roll_deg_rms,head_movement_features,NONE,verified_provenance_predictor,KEEP_VERIFIED_PREDICTOR,True
head_lslxp11xpcplt_pilot_head_roll_deg_skew,head_movement_features,NONE,verified_provenance_predictor,KEEP_VERIFIED_PREDICTOR,True
head_lslxp11xpcplt_pilot_head_roll_deg_slope,head_movement_features,NONE,verified_provenance_predictor,KEEP_VERIFIED_PREDICTOR,True
head_lslxp11xpcplt_pilot_head_roll_deg_std,head_movement_features,NONE,verified_provenance_predictor,KEEP_VERIFIED_PREDICTOR,True
head_lslxp11xpcplt_pilot_head_yaw_deg_first_difference_iqr,head_movement_features,NONE,verified_provenance_predictor,KEEP_VERIFIED_PREDICTOR,True
head_lslxp11xpcplt_pilot_head_yaw_deg_first_difference_kurtosis,head_movement_features,NONE,verified_provenance_predictor,KEEP_VERIFIED_PREDICTOR,True
head_lslxp11xpcplt_pilot_head_yaw_deg_first_difference_max,head_movement_features,NONE,verified_provenance_predictor,KEEP_VERIFIED_PREDICTOR,True
head_lslxp11xpcplt_pilot_head_yaw_deg_first_difference_mean,head_movement_features,NONE,verified_provenance_predictor,KEEP_VERIFIED_PREDICTOR,True
head_lslxp11xpcplt_pilot_head_yaw_deg_first_difference_median,head_movement_features,NONE,verified_provenance_predictor,KEEP_VERIFIED_PREDICTOR,True
head_lslxp11xpcplt_pilot_head_yaw_deg_first_difference_min,head_movement_features,NONE,verified_provenance_predictor,KEEP_VERIFIED_PREDICTOR,True
head_lslxp11xpcplt_pilot_head_yaw_deg_first_difference_missing_ratio,head_movement_features,NONE,verified_provenance_predictor,KEEP_VERIFIED_PREDICTOR,True
head_lslxp11xpcplt_pilot_head_yaw_deg_first_difference_num_missing,head_movement_features,NONE,verified_provenance_predictor,KEEP_VERIFIED_PREDICTOR,True
head_lslxp11xpcplt_pilot_head_yaw_deg_first_difference_range,head_movement_features,NONE,verified_provenance_predictor,KEEP_VERIFIED_PREDICTOR,True
head_lslxp11xpcplt_pilot_head_yaw_deg_first_difference_rms,head_movement_features,NONE,verified_provenance_predictor,KEEP_VERIFIED_PREDICTOR,True
head_lslxp11xpcplt_pilot_head_yaw_deg_first_difference_skew,head_movement_features,NONE,verified_provenance_predictor,KEEP_VERIFIED_PREDICTOR,True
head_lslxp11xpcplt_pilot_head_yaw_deg_first_difference_slope,head_movement_features,NONE,verified_provenance_predictor,KEEP_VERIFIED_PREDICTOR,True
head_lslxp11xpcplt_pilot_head_yaw_deg_first_difference_std,head_movement_features,NONE,verified_provenance_predictor,KEEP_VERIFIED_PREDICTOR,True
head_lslxp11xpcplt_pilot_head_yaw_deg_iqr,head_movement_features,NONE,verified_provenance_predictor,KEEP_VERIFIED_PREDICTOR,True
head_lslxp11xpcplt_pilot_head_yaw_deg_kurtosis,head_movement_features,NONE,verified_provenance_predictor,KEEP_VERIFIED_PREDICTOR,True
head_lslxp11xpcplt_pilot_head_yaw_deg_max,head_movement_features,NONE,verified_provenance_predictor,KEEP_VERIFIED_PREDICTOR,True
head_lslxp11xpcplt_pilot_head_yaw_deg_mean,head_movement_features,NONE,verified_provenance_predictor,KEEP_VERIFIED_PREDICTOR,True
head_lslxp11xpcplt_pilot_head_yaw_deg_median,head_movement_features,NONE,verified_provenance_predictor,KEEP_VERIFIED_PREDICTOR,True
head_lslxp11xpcplt_pilot_head_yaw_deg_min,head_movement_features,NONE,verified_provenance_predictor,KEEP_VERIFIED_PREDICTOR,True
head_lslxp11xpcplt_pilot_head_yaw_deg_missing_ratio,head_movement_features,NONE,verified_provenance_predictor,KEEP_VERIFIED_PREDICTOR,True
head_lslxp11xpcplt_pilot_head_yaw_deg_num_missing,head_movement_features,NONE,verified_provenance_predictor,KEEP_VERIFIED_PREDICTOR,True
head_lslxp11xpcplt_pilot_head_yaw_deg_range,head_movement_features,NONE,verified_provenance_predictor,KEEP_VERIFIED_PREDICTOR,True
head_lslxp11xpcplt_pilot_head_yaw_deg_rms,head_movement_features,NONE,verified_provenance_predictor,KEEP_VERIFIED_PREDICTOR,True
head_lslxp11xpcplt_pilot_head_yaw_deg_skew,head_movement_features,NONE,verified_provenance_predictor,KEEP_VERIFIED_PREDICTOR,True
head_lslxp11xpcplt_pilot_head_yaw_deg_slope,head_movement_features,NONE,verified_provenance_predictor,KEEP_VERIFIED_PREDICTOR,True
head_lslxp11xpcplt_pilot_head_yaw_deg_std,head_movement_features,NONE,verified_provenance_predictor,KEEP_VERIFIED_PREDICTOR,True
head_lslxp11xpcplt_sample_count,head_movement_features,NONE,verified_provenance_predictor,KEEP_VERIFIED_PREDICTOR,True
head_lslxp11xpcplt_sampling_rate_estimate,head_movement_features,NONE,verified_provenance_predictor,KEEP_VERIFIED_PREDICTOR,True
performance_cumulative_cumulative_airspeed_error_kts,performance_features,EXCLUDE_PRIMARY_INCLUDE_AUXILIARY_AND_PERFORMANCE_ONLY,verified_performance_feature_auxiliary_only,AUXILIARY_SHORTCUT_ANALYSIS_ONLY,False
performance_cumulative_cumulative_glideslope_error_deg,performance_features,EXCLUDE_PRIMARY_INCLUDE_AUXILIARY_AND_PERFORMANCE_ONLY,verified_performance_feature_auxiliary_only,AUXILIARY_SHORTCUT_ANALYSIS_ONLY,False
performance_cumulative_cumulative_localizer_error_deg,performance_features,EXCLUDE_PRIMARY_INCLUDE_AUXILIARY_AND_PERFORMANCE_ONLY,verified_performance_feature_auxiliary_only,AUXILIARY_SHORTCUT_ANALYSIS_ONLY,False
performance_cumulative_cumulative_total_error,performance_features,EXCLUDE_PRIMARY_INCLUDE_AUXILIARY_AND_PERFORMANCE_ONLY,verified_performance_feature_auxiliary_only,AUXILIARY_SHORTCUT_ANALYSIS_ONLY,False
performance_perfmetric_airspeed_error_kts_iqr,performance_features,EXCLUDE_PRIMARY_INCLUDE_AUXILIARY_AND_PERFORMANCE_ONLY,verified_performance_feature_auxiliary_only,AUXILIARY_SHORTCUT_ANALYSIS_ONLY,False
performance_perfmetric_airspeed_error_kts_kurtosis,performance_features,EXCLUDE_PRIMARY_INCLUDE_AUXILIARY_AND_PERFORMANCE_ONLY,verified_performance_feature_auxiliary_only,AUXILIARY_SHORTCUT_ANALYSIS_ONLY,False
performance_perfmetric_airspeed_error_kts_max,performance_features,EXCLUDE_PRIMARY_INCLUDE_AUXILIARY_AND_PERFORMANCE_ONLY,verified_performance_feature_auxiliary_only,AUXILIARY_SHORTCUT_ANALYSIS_ONLY,False
performance_perfmetric_airspeed_error_kts_mean,performance_features,EXCLUDE_PRIMARY_INCLUDE_AUXILIARY_AND_PERFORMANCE_ONLY,verified_performance_feature_auxiliary_only,AUXILIARY_SHORTCUT_ANALYSIS_ONLY,False
performance_perfmetric_airspeed_error_kts_median,performance_features,EXCLUDE_PRIMARY_INCLUDE_AUXILIARY_AND_PERFORMANCE_ONLY,verified_performance_feature_auxiliary_only,AUXILIARY_SHORTCUT_ANALYSIS_ONLY,False
performance_perfmetric_airspeed_error_kts_min,performance_features,EXCLUDE_PRIMARY_INCLUDE_AUXILIARY_AND_PERFORMANCE_ONLY,verified_performance_feature_auxiliary_only,AUXILIARY_SHORTCUT_ANALYSIS_ONLY,False
performance_perfmetric_airspeed_error_kts_missing_ratio,performance_features,EXCLUDE_PRIMARY_INCLUDE_AUXILIARY_AND_PERFORMANCE_ONLY,verified_performance_feature_auxiliary_only,AUXILIARY_SHORTCUT_ANALYSIS_ONLY,False
performance_perfmetric_airspeed_error_kts_num_missing,performance_features,EXCLUDE_PRIMARY_INCLUDE_AUXILIARY_AND_PERFORMANCE_ONLY,verified_performance_feature_auxiliary_only,AUXILIARY_SHORTCUT_ANALYSIS_ONLY,False
performance_perfmetric_airspeed_error_kts_range,performance_features,EXCLUDE_PRIMARY_INCLUDE_AUXILIARY_AND_PERFORMANCE_ONLY,verified_performance_feature_auxiliary_only,AUXILIARY_SHORTCUT_ANALYSIS_ONLY,False
performance_perfmetric_airspeed_error_kts_rms,performance_features,EXCLUDE_PRIMARY_INCLUDE_AUXILIARY_AND_PERFORMANCE_ONLY,verified_performance_feature_auxiliary_only,AUXILIARY_SHORTCUT_ANALYSIS_ONLY,False
performance_perfmetric_airspeed_error_kts_skew,performance_features,EXCLUDE_PRIMARY_INCLUDE_AUXILIARY_AND_PERFORMANCE_ONLY,verified_performance_feature_auxiliary_only,AUXILIARY_SHORTCUT_ANALYSIS_ONLY,False
performance_perfmetric_airspeed_error_kts_slope,performance_features,EXCLUDE_PRIMARY_INCLUDE_AUXILIARY_AND_PERFORMANCE_ONLY,verified_performance_feature_auxiliary_only,AUXILIARY_SHORTCUT_ANALYSIS_ONLY,False
performance_perfmetric_airspeed_error_kts_std,performance_features,EXCLUDE_PRIMARY_INCLUDE_AUXILIARY_AND_PERFORMANCE_ONLY,verified_performance_feature_auxiliary_only,AUXILIARY_SHORTCUT_ANALYSIS_ONLY,False
performance_perfmetric_duration,performance_features,EXCLUDE_PRIMARY_INCLUDE_AUXILIARY_AND_PERFORMANCE_ONLY,verified_performance_feature_auxiliary_only,AUXILIARY_SHORTCUT_ANALYSIS_ONLY,False
performance_perfmetric_glideslope_error_deg_iqr,performance_features,EXCLUDE_PRIMARY_INCLUDE_AUXILIARY_AND_PERFORMANCE_ONLY,verified_performance_feature_auxiliary_only,AUXILIARY_SHORTCUT_ANALYSIS_ONLY,False
performance_perfmetric_glideslope_error_deg_kurtosis,performance_features,EXCLUDE_PRIMARY_INCLUDE_AUXILIARY_AND_PERFORMANCE_ONLY,verified_performance_feature_auxiliary_only,AUXILIARY_SHORTCUT_ANALYSIS_ONLY,False
performance_perfmetric_glideslope_error_deg_max,performance_features,EXCLUDE_PRIMARY_INCLUDE_AUXILIARY_AND_PERFORMANCE_ONLY,verified_performance_feature_auxiliary_only,AUXILIARY_SHORTCUT_ANALYSIS_ONLY,False
performance_perfmetric_glideslope_error_deg_mean,performance_features,EXCLUDE_PRIMARY_INCLUDE_AUXILIARY_AND_PERFORMANCE_ONLY,verified_performance_feature_auxiliary_only,AUXILIARY_SHORTCUT_ANALYSIS_ONLY,False
performance_perfmetric_glideslope_error_deg_median,performance_features,EXCLUDE_PRIMARY_INCLUDE_AUXILIARY_AND_PERFORMANCE_ONLY,verified_performance_feature_auxiliary_only,AUXILIARY_SHORTCUT_ANALYSIS_ONLY,False
performance_perfmetric_glideslope_error_deg_min,performance_features,EXCLUDE_PRIMARY_INCLUDE_AUXILIARY_AND_PERFORMANCE_ONLY,verified_performance_feature_auxiliary_only,AUXILIARY_SHORTCUT_ANALYSIS_ONLY,False
performance_perfmetric_glideslope_error_deg_missing_ratio,performance_features,EXCLUDE_PRIMARY_INCLUDE_AUXILIARY_AND_PERFORMANCE_ONLY,verified_performance_feature_auxiliary_only,AUXILIARY_SHORTCUT_ANALYSIS_ONLY,False
performance_perfmetric_glideslope_error_deg_num_missing,performance_features,EXCLUDE_PRIMARY_INCLUDE_AUXILIARY_AND_PERFORMANCE_ONLY,verified_performance_feature_auxiliary_only,AUXILIARY_SHORTCUT_ANALYSIS_ONLY,False
performance_perfmetric_glideslope_error_deg_range,performance_features,EXCLUDE_PRIMARY_INCLUDE_AUXILIARY_AND_PERFORMANCE_ONLY,verified_performance_feature_auxiliary_only,AUXILIARY_SHORTCUT_ANALYSIS_ONLY,False
performance_perfmetric_glideslope_error_deg_rms,performance_features,EXCLUDE_PRIMARY_INCLUDE_AUXILIARY_AND_PERFORMANCE_ONLY,verified_performance_feature_auxiliary_only,AUXILIARY_SHORTCUT_ANALYSIS_ONLY,False
performance_perfmetric_glideslope_error_deg_skew,performance_features,EXCLUDE_PRIMARY_INCLUDE_AUXILIARY_AND_PERFORMANCE_ONLY,verified_performance_feature_auxiliary_only,AUXILIARY_SHORTCUT_ANALYSIS_ONLY,False
performance_perfmetric_glideslope_error_deg_slope,performance_features,EXCLUDE_PRIMARY_INCLUDE_AUXILIARY_AND_PERFORMANCE_ONLY,verified_performance_feature_auxiliary_only,AUXILIARY_SHORTCUT_ANALYSIS_ONLY,False
performance_perfmetric_glideslope_error_deg_std,performance_features,EXCLUDE_PRIMARY_INCLUDE_AUXILIARY_AND_PERFORMANCE_ONLY,verified_performance_feature_auxiliary_only,AUXILIARY_SHORTCUT_ANALYSIS_ONLY,False
performance_perfmetric_localizer_error_deg_iqr,performance_features,EXCLUDE_PRIMARY_INCLUDE_AUXILIARY_AND_PERFORMANCE_ONLY,verified_performance_feature_auxiliary_only,AUXILIARY_SHORTCUT_ANALYSIS_ONLY,False
performance_perfmetric_localizer_error_deg_kurtosis,performance_features,EXCLUDE_PRIMARY_INCLUDE_AUXILIARY_AND_PERFORMANCE_ONLY,verified_performance_feature_auxiliary_only,AUXILIARY_SHORTCUT_ANALYSIS_ONLY,False
performance_perfmetric_localizer_error_deg_max,performance_features,EXCLUDE_PRIMARY_INCLUDE_AUXILIARY_AND_PERFORMANCE_ONLY,verified_performance_feature_auxiliary_only,AUXILIARY_SHORTCUT_ANALYSIS_ONLY,False
performance_perfmetric_localizer_error_deg_mean,performance_features,EXCLUDE_PRIMARY_INCLUDE_AUXILIARY_AND_PERFORMANCE_ONLY,verified_performance_feature_auxiliary_only,AUXILIARY_SHORTCUT_ANALYSIS_ONLY,False
performance_perfmetric_localizer_error_deg_median,performance_features,EXCLUDE_PRIMARY_INCLUDE_AUXILIARY_AND_PERFORMANCE_ONLY,verified_performance_feature_auxiliary_only,AUXILIARY_SHORTCUT_ANALYSIS_ONLY,False
performance_perfmetric_localizer_error_deg_min,performance_features,EXCLUDE_PRIMARY_INCLUDE_AUXILIARY_AND_PERFORMANCE_ONLY,verified_performance_feature_auxiliary_only,AUXILIARY_SHORTCUT_ANALYSIS_ONLY,False
performance_perfmetric_localizer_error_deg_missing_ratio,performance_features,EXCLUDE_PRIMARY_INCLUDE_AUXILIARY_AND_PERFORMANCE_ONLY,verified_performance_feature_auxiliary_only,AUXILIARY_SHORTCUT_ANALYSIS_ONLY,False
performance_perfmetric_localizer_error_deg_num_missing,performance_features,EXCLUDE_PRIMARY_INCLUDE_AUXILIARY_AND_PERFORMANCE_ONLY,verified_performance_feature_auxiliary_only,AUXILIARY_SHORTCUT_ANALYSIS_ONLY,False
performance_perfmetric_localizer_error_deg_range,performance_features,EXCLUDE_PRIMARY_INCLUDE_AUXILIARY_AND_PERFORMANCE_ONLY,verified_performance_feature_auxiliary_only,AUXILIARY_SHORTCUT_ANALYSIS_ONLY,False
performance_perfmetric_localizer_error_deg_rms,performance_features,EXCLUDE_PRIMARY_INCLUDE_AUXILIARY_AND_PERFORMANCE_ONLY,verified_performance_feature_auxiliary_only,AUXILIARY_SHORTCUT_ANALYSIS_ONLY,False
performance_perfmetric_localizer_error_deg_skew,performance_features,EXCLUDE_PRIMARY_INCLUDE_AUXILIARY_AND_PERFORMANCE_ONLY,verified_performance_feature_auxiliary_only,AUXILIARY_SHORTCUT_ANALYSIS_ONLY,False
performance_perfmetric_localizer_error_deg_slope,performance_features,EXCLUDE_PRIMARY_INCLUDE_AUXILIARY_AND_PERFORMANCE_ONLY,verified_performance_feature_auxiliary_only,AUXILIARY_SHORTCUT_ANALYSIS_ONLY,False
performance_perfmetric_localizer_error_deg_std,performance_features,EXCLUDE_PRIMARY_INCLUDE_AUXILIARY_AND_PERFORMANCE_ONLY,verified_performance_feature_auxiliary_only,AUXILIARY_SHORTCUT_ANALYSIS_ONLY,False
performance_perfmetric_sample_count,performance_features,EXCLUDE_PRIMARY_INCLUDE_AUXILIARY_AND_PERFORMANCE_ONLY,verified_performance_feature_auxiliary_only,AUXILIARY_SHORTCUT_ANALYSIS_ONLY,False
performance_perfmetric_sampling_rate_estimate,performance_features,EXCLUDE_PRIMARY_INCLUDE_AUXILIARY_AND_PERFORMANCE_ONLY,verified_performance_feature_auxiliary_only,AUXILIARY_SHORTCUT_ANALYSIS_ONLY,False
performance_perfmetric_total_error_iqr,performance_features,EXCLUDE_PRIMARY_INCLUDE_AUXILIARY_AND_PERFORMANCE_ONLY,verified_performance_feature_auxiliary_only,AUXILIARY_SHORTCUT_ANALYSIS_ONLY,False
performance_perfmetric_total_error_kurtosis,performance_features,EXCLUDE_PRIMARY_INCLUDE_AUXILIARY_AND_PERFORMANCE_ONLY,verified_performance_feature_auxiliary_only,AUXILIARY_SHORTCUT_ANALYSIS_ONLY,False
performance_perfmetric_total_error_max,performance_features,EXCLUDE_PRIMARY_INCLUDE_AUXILIARY_AND_PERFORMANCE_ONLY,verified_performance_feature_auxiliary_only,AUXILIARY_SHORTCUT_ANALYSIS_ONLY,False
performance_perfmetric_total_error_mean,performance_features,EXCLUDE_PRIMARY_INCLUDE_AUXILIARY_AND_PERFORMANCE_ONLY,verified_performance_feature_auxiliary_only,AUXILIARY_SHORTCUT_ANALYSIS_ONLY,False
performance_perfmetric_total_error_median,performance_features,EXCLUDE_PRIMARY_INCLUDE_AUXILIARY_AND_PERFORMANCE_ONLY,verified_performance_feature_auxiliary_only,AUXILIARY_SHORTCUT_ANALYSIS_ONLY,False
performance_perfmetric_total_error_min,performance_features,EXCLUDE_PRIMARY_INCLUDE_AUXILIARY_AND_PERFORMANCE_ONLY,verified_performance_feature_auxiliary_only,AUXILIARY_SHORTCUT_ANALYSIS_ONLY,False
performance_perfmetric_total_error_missing_ratio,performance_features,EXCLUDE_PRIMARY_INCLUDE_AUXILIARY_AND_PERFORMANCE_ONLY,verified_performance_feature_auxiliary_only,AUXILIARY_SHORTCUT_ANALYSIS_ONLY,False
performance_perfmetric_total_error_num_missing,performance_features,EXCLUDE_PRIMARY_INCLUDE_AUXILIARY_AND_PERFORMANCE_ONLY,verified_performance_feature_auxiliary_only,AUXILIARY_SHORTCUT_ANALYSIS_ONLY,False
performance_perfmetric_total_error_range,performance_features,EXCLUDE_PRIMARY_INCLUDE_AUXILIARY_AND_PERFORMANCE_ONLY,verified_performance_feature_auxiliary_only,AUXILIARY_SHORTCUT_ANALYSIS_ONLY,False
performance_perfmetric_total_error_rms,performance_features,EXCLUDE_PRIMARY_INCLUDE_AUXILIARY_AND_PERFORMANCE_ONLY,verified_performance_feature_auxiliary_only,AUXILIARY_SHORTCUT_ANALYSIS_ONLY,False
performance_perfmetric_total_error_skew,performance_features,EXCLUDE_PRIMARY_INCLUDE_AUXILIARY_AND_PERFORMANCE_ONLY,verified_performance_feature_auxiliary_only,AUXILIARY_SHORTCUT_ANALYSIS_ONLY,False
performance_perfmetric_total_error_slope,performance_features,EXCLUDE_PRIMARY_INCLUDE_AUXILIARY_AND_PERFORMANCE_ONLY,verified_performance_feature_auxiliary_only,AUXILIARY_SHORTCUT_ANALYSIS_ONLY,False
performance_perfmetric_total_error_std,performance_features,EXCLUDE_PRIMARY_INCLUDE_AUXILIARY_AND_PERFORMANCE_ONLY,verified_performance_feature_auxiliary_only,AUXILIARY_SHORTCUT_ANALYSIS_ONLY,False
resp_approximate_respiration_rate,physiological_features,NONE,verified_provenance_predictor,KEEP_VERIFIED_PREDICTOR,True
resp_lslrespitrace_duration,physiological_features,NONE,verified_provenance_predictor,KEEP_VERIFIED_PREDICTOR,True
resp_lslrespitrace_respiration_trace_v_iqr,physiological_features,NONE,verified_provenance_predictor,KEEP_VERIFIED_PREDICTOR,True
resp_lslrespitrace_respiration_trace_v_kurtosis,physiological_features,NONE,verified_provenance_predictor,KEEP_VERIFIED_PREDICTOR,True
resp_lslrespitrace_respiration_trace_v_max,physiological_features,NONE,verified_provenance_predictor,KEEP_VERIFIED_PREDICTOR,True
resp_lslrespitrace_respiration_trace_v_mean,physiological_features,NONE,verified_provenance_predictor,KEEP_VERIFIED_PREDICTOR,True
resp_lslrespitrace_respiration_trace_v_median,physiological_features,NONE,verified_provenance_predictor,KEEP_VERIFIED_PREDICTOR,True
resp_lslrespitrace_respiration_trace_v_min,physiological_features,NONE,verified_provenance_predictor,KEEP_VERIFIED_PREDICTOR,True
resp_lslrespitrace_respiration_trace_v_missing_ratio,physiological_features,NONE,verified_provenance_predictor,KEEP_VERIFIED_PREDICTOR,True
resp_lslrespitrace_respiration_trace_v_num_missing,physiological_features,NONE,verified_provenance_predictor,KEEP_VERIFIED_PREDICTOR,True
resp_lslrespitrace_respiration_trace_v_range,physiological_features,NONE,verified_provenance_predictor,KEEP_VERIFIED_PREDICTOR,True
resp_lslrespitrace_respiration_trace_v_rms,physiological_features,NONE,verified_provenance_predictor,KEEP_VERIFIED_PREDICTOR,True
resp_lslrespitrace_respiration_trace_v_skew,physiological_features,NONE,verified_provenance_predictor,KEEP_VERIFIED_PREDICTOR,True
resp_lslrespitrace_respiration_trace_v_slope,physiological_features,NONE,verified_provenance_predictor,KEEP_VERIFIED_PREDICTOR,True
resp_lslrespitrace_respiration_trace_v_std,physiological_features,NONE,verified_provenance_predictor,KEEP_VERIFIED_PREDICTOR,True
resp_lslrespitrace_sample_count,physiological_features,NONE,verified_provenance_predictor,KEEP_VERIFIED_PREDICTOR,True
resp_lslrespitrace_sampling_rate_estimate,physiological_features,NONE,verified_provenance_predictor,KEEP_VERIFIED_PREDICTOR,True
resp_lslshimmerresp_duration,physiological_features,NONE,verified_provenance_predictor,KEEP_VERIFIED_PREDICTOR,True
resp_lslshimmerresp_respiration_trace_mv_iqr,physiological_features,NONE,verified_provenance_predictor,KEEP_VERIFIED_PREDICTOR,True
resp_lslshimmerresp_respiration_trace_mv_kurtosis,physiological_features,NONE,verified_provenance_predictor,KEEP_VERIFIED_PREDICTOR,True
resp_lslshimmerresp_respiration_trace_mv_max,physiological_features,NONE,verified_provenance_predictor,KEEP_VERIFIED_PREDICTOR,True
resp_lslshimmerresp_respiration_trace_mv_mean,physiological_features,NONE,verified_provenance_predictor,KEEP_VERIFIED_PREDICTOR,True
resp_lslshimmerresp_respiration_trace_mv_median,physiological_features,NONE,verified_provenance_predictor,KEEP_VERIFIED_PREDICTOR,True
resp_lslshimmerresp_respiration_trace_mv_min,physiological_features,NONE,verified_provenance_predictor,KEEP_VERIFIED_PREDICTOR,True
resp_lslshimmerresp_respiration_trace_mv_missing_ratio,physiological_features,NONE,verified_provenance_predictor,KEEP_VERIFIED_PREDICTOR,True
resp_lslshimmerresp_respiration_trace_mv_num_missing,physiological_features,NONE,verified_provenance_predictor,KEEP_VERIFIED_PREDICTOR,True
resp_lslshimmerresp_respiration_trace_mv_range,physiological_features,NONE,verified_provenance_predictor,KEEP_VERIFIED_PREDICTOR,True
resp_lslshimmerresp_respiration_trace_mv_rms,physiological_features,NONE,verified_provenance_predictor,KEEP_VERIFIED_PREDICTOR,True
resp_lslshimmerresp_respiration_trace_mv_skew,physiological_features,NONE,verified_provenance_predictor,KEEP_VERIFIED_PREDICTOR,True
resp_lslshimmerresp_respiration_trace_mv_slope,physiological_features,NONE,verified_provenance_predictor,KEEP_VERIFIED_PREDICTOR,True
resp_lslshimmerresp_respiration_trace_mv_std,physiological_features,NONE,verified_provenance_predictor,KEEP_VERIFIED_PREDICTOR,True
resp_lslshimmerresp_sample_count,physiological_features,NONE,verified_provenance_predictor,KEEP_VERIFIED_PREDICTOR,True
resp_lslshimmerresp_sampling_rate_estimate,physiological_features,NONE,verified_provenance_predictor,KEEP_VERIFIED_PREDICTOR,True
resp_signal_iqr,physiological_features,NONE,verified_provenance_predictor,KEEP_VERIFIED_PREDICTOR,True
resp_signal_kurtosis,physiological_features,NONE,verified_provenance_predictor,KEEP_VERIFIED_PREDICTOR,True
resp_signal_max,physiological_features,NONE,verified_provenance_predictor,KEEP_VERIFIED_PREDICTOR,True
resp_signal_mean,physiological_features,NONE,verified_provenance_predictor,KEEP_VERIFIED_PREDICTOR,True
resp_signal_median,physiological_features,NONE,verified_provenance_predictor,KEEP_VERIFIED_PREDICTOR,True
resp_signal_min,physiological_features,NONE,verified_provenance_predictor,KEEP_VERIFIED_PREDICTOR,True
resp_signal_missing_ratio,physiological_features,NONE,verified_provenance_predictor,KEEP_VERIFIED_PREDICTOR,True
resp_signal_num_missing,physiological_features,NONE,verified_provenance_predictor,KEEP_VERIFIED_PREDICTOR,True
resp_signal_peak_count,physiological_features,NONE,verified_provenance_predictor,KEEP_VERIFIED_PREDICTOR,True
resp_signal_peak_rate,physiological_features,NONE,verified_provenance_predictor,KEEP_VERIFIED_PREDICTOR,True
resp_signal_range,physiological_features,NONE,verified_provenance_predictor,KEEP_VERIFIED_PREDICTOR,True
resp_signal_rms,physiological_features,NONE,verified_provenance_predictor,KEEP_VERIFIED_PREDICTOR,True
resp_signal_skew,physiological_features,NONE,verified_provenance_predictor,KEEP_VERIFIED_PREDICTOR,True
resp_signal_slope,physiological_features,NONE,verified_provenance_predictor,KEEP_VERIFIED_PREDICTOR,True
resp_signal_std,physiological_features,NONE,verified_provenance_predictor,KEEP_VERIFIED_PREDICTOR,True
unknown_lslshimmertorsoacc_accelerometry_torso_x_mps2_iqr,body_movement,NONE,verified_provenance_predictor,KEEP_VERIFIED_PREDICTOR,True
unknown_lslshimmertorsoacc_accelerometry_torso_x_mps2_kurtosis,body_movement,NONE,verified_provenance_predictor,KEEP_VERIFIED_PREDICTOR,True
unknown_lslshimmertorsoacc_accelerometry_torso_x_mps2_max,body_movement,NONE,verified_provenance_predictor,KEEP_VERIFIED_PREDICTOR,True
unknown_lslshimmertorsoacc_accelerometry_torso_x_mps2_mean,body_movement,NONE,verified_provenance_predictor,KEEP_VERIFIED_PREDICTOR,True
unknown_lslshimmertorsoacc_accelerometry_torso_x_mps2_median,body_movement,NONE,verified_provenance_predictor,KEEP_VERIFIED_PREDICTOR,True
unknown_lslshimmertorsoacc_accelerometry_torso_x_mps2_min,body_movement,NONE,verified_provenance_predictor,KEEP_VERIFIED_PREDICTOR,True
unknown_lslshimmertorsoacc_accelerometry_torso_x_mps2_missing_ratio,body_movement,NONE,verified_provenance_predictor,KEEP_VERIFIED_PREDICTOR,True
unknown_lslshimmertorsoacc_accelerometry_torso_x_mps2_num_missing,body_movement,NONE,verified_provenance_predictor,KEEP_VERIFIED_PREDICTOR,True
unknown_lslshimmertorsoacc_accelerometry_torso_x_mps2_range,body_movement,NONE,verified_provenance_predictor,KEEP_VERIFIED_PREDICTOR,True
unknown_lslshimmertorsoacc_accelerometry_torso_x_mps2_rms,body_movement,NONE,verified_provenance_predictor,KEEP_VERIFIED_PREDICTOR,True
unknown_lslshimmertorsoacc_accelerometry_torso_x_mps2_skew,body_movement,NONE,verified_provenance_predictor,KEEP_VERIFIED_PREDICTOR,True
unknown_lslshimmertorsoacc_accelerometry_torso_x_mps2_slope,body_movement,NONE,verified_provenance_predictor,KEEP_VERIFIED_PREDICTOR,True
unknown_lslshimmertorsoacc_accelerometry_torso_x_mps2_std,body_movement,NONE,verified_provenance_predictor,KEEP_VERIFIED_PREDICTOR,True
unknown_lslshimmertorsoacc_accelerometry_torso_y_mps2_iqr,body_movement,NONE,verified_provenance_predictor,KEEP_VERIFIED_PREDICTOR,True
unknown_lslshimmertorsoacc_accelerometry_torso_y_mps2_kurtosis,body_movement,NONE,verified_provenance_predictor,KEEP_VERIFIED_PREDICTOR,True
unknown_lslshimmertorsoacc_accelerometry_torso_y_mps2_max,body_movement,NONE,verified_provenance_predictor,KEEP_VERIFIED_PREDICTOR,True
unknown_lslshimmertorsoacc_accelerometry_torso_y_mps2_mean,body_movement,NONE,verified_provenance_predictor,KEEP_VERIFIED_PREDICTOR,True
unknown_lslshimmertorsoacc_accelerometry_torso_y_mps2_median,body_movement,NONE,verified_provenance_predictor,KEEP_VERIFIED_PREDICTOR,True
unknown_lslshimmertorsoacc_accelerometry_torso_y_mps2_min,body_movement,NONE,verified_provenance_predictor,KEEP_VERIFIED_PREDICTOR,True
unknown_lslshimmertorsoacc_accelerometry_torso_y_mps2_missing_ratio,body_movement,NONE,verified_provenance_predictor,KEEP_VERIFIED_PREDICTOR,True
unknown_lslshimmertorsoacc_accelerometry_torso_y_mps2_num_missing,body_movement,NONE,verified_provenance_predictor,KEEP_VERIFIED_PREDICTOR,True
unknown_lslshimmertorsoacc_accelerometry_torso_y_mps2_range,body_movement,NONE,verified_provenance_predictor,KEEP_VERIFIED_PREDICTOR,True
unknown_lslshimmertorsoacc_accelerometry_torso_y_mps2_rms,body_movement,NONE,verified_provenance_predictor,KEEP_VERIFIED_PREDICTOR,True
unknown_lslshimmertorsoacc_accelerometry_torso_y_mps2_skew,body_movement,NONE,verified_provenance_predictor,KEEP_VERIFIED_PREDICTOR,True
unknown_lslshimmertorsoacc_accelerometry_torso_y_mps2_slope,body_movement,NONE,verified_provenance_predictor,KEEP_VERIFIED_PREDICTOR,True
unknown_lslshimmertorsoacc_accelerometry_torso_y_mps2_std,body_movement,NONE,verified_provenance_predictor,KEEP_VERIFIED_PREDICTOR,True
unknown_lslshimmertorsoacc_accelerometry_torso_z_mps2_iqr,body_movement,NONE,verified_provenance_predictor,KEEP_VERIFIED_PREDICTOR,True
unknown_lslshimmertorsoacc_accelerometry_torso_z_mps2_kurtosis,body_movement,NONE,verified_provenance_predictor,KEEP_VERIFIED_PREDICTOR,True
unknown_lslshimmertorsoacc_accelerometry_torso_z_mps2_max,body_movement,NONE,verified_provenance_predictor,KEEP_VERIFIED_PREDICTOR,True
unknown_lslshimmertorsoacc_accelerometry_torso_z_mps2_mean,body_movement,NONE,verified_provenance_predictor,KEEP_VERIFIED_PREDICTOR,True
unknown_lslshimmertorsoacc_accelerometry_torso_z_mps2_median,body_movement,NONE,verified_provenance_predictor,KEEP_VERIFIED_PREDICTOR,True
unknown_lslshimmertorsoacc_accelerometry_torso_z_mps2_min,body_movement,NONE,verified_provenance_predictor,KEEP_VERIFIED_PREDICTOR,True
unknown_lslshimmertorsoacc_accelerometry_torso_z_mps2_missing_ratio,body_movement,NONE,verified_provenance_predictor,KEEP_VERIFIED_PREDICTOR,True
unknown_lslshimmertorsoacc_accelerometry_torso_z_mps2_num_missing,body_movement,NONE,verified_provenance_predictor,KEEP_VERIFIED_PREDICTOR,True
unknown_lslshimmertorsoacc_accelerometry_torso_z_mps2_range,body_movement,NONE,verified_provenance_predictor,KEEP_VERIFIED_PREDICTOR,True
unknown_lslshimmertorsoacc_accelerometry_torso_z_mps2_rms,body_movement,NONE,verified_provenance_predictor,KEEP_VERIFIED_PREDICTOR,True
unknown_lslshimmertorsoacc_accelerometry_torso_z_mps2_skew,body_movement,NONE,verified_provenance_predictor,KEEP_VERIFIED_PREDICTOR,True
unknown_lslshimmertorsoacc_accelerometry_torso_z_mps2_slope,body_movement,NONE,verified_provenance_predictor,KEEP_VERIFIED_PREDICTOR,True
unknown_lslshimmertorsoacc_accelerometry_torso_z_mps2_std,body_movement,NONE,verified_provenance_predictor,KEEP_VERIFIED_PREDICTOR,True
unknown_lslshimmertorsoacc_duration,body_movement,NONE,verified_provenance_predictor,KEEP_VERIFIED_PREDICTOR,True
unknown_lslshimmertorsoacc_sample_count,body_movement,NONE,verified_provenance_predictor,KEEP_VERIFIED_PREDICTOR,True
unknown_lslshimmertorsoacc_sampling_rate_estimate,body_movement,NONE,verified_provenance_predictor,KEEP_VERIFIED_PREDICTOR,True
xplane_airspeed_iqr,flight_parameter_features,NONE,verified_provenance_predictor,KEEP_VERIFIED_PREDICTOR,True
xplane_airspeed_kurtosis,flight_parameter_features,NONE,verified_provenance_predictor,KEEP_VERIFIED_PREDICTOR,True
xplane_airspeed_max,flight_parameter_features,NONE,verified_provenance_predictor,KEEP_VERIFIED_PREDICTOR,True
xplane_airspeed_mean,flight_parameter_features,NONE,verified_provenance_predictor,KEEP_VERIFIED_PREDICTOR,True
xplane_airspeed_median,flight_parameter_features,NONE,verified_provenance_predictor,KEEP_VERIFIED_PREDICTOR,True
xplane_airspeed_min,flight_parameter_features,NONE,verified_provenance_predictor,KEEP_VERIFIED_PREDICTOR,True
xplane_airspeed_missing_ratio,flight_parameter_features,NONE,verified_provenance_predictor,KEEP_VERIFIED_PREDICTOR,True
xplane_airspeed_num_missing,flight_parameter_features,NONE,verified_provenance_predictor,KEEP_VERIFIED_PREDICTOR,True
xplane_airspeed_range,flight_parameter_features,NONE,verified_provenance_predictor,KEEP_VERIFIED_PREDICTOR,True
xplane_airspeed_rms,flight_parameter_features,NONE,verified_provenance_predictor,KEEP_VERIFIED_PREDICTOR,True
xplane_airspeed_skew,flight_parameter_features,NONE,verified_provenance_predictor,KEEP_VERIFIED_PREDICTOR,True
xplane_airspeed_slope,flight_parameter_features,NONE,verified_provenance_predictor,KEEP_VERIFIED_PREDICTOR,True
xplane_airspeed_std,flight_parameter_features,NONE,verified_provenance_predictor,KEEP_VERIFIED_PREDICTOR,True
xplane_altitude_iqr,flight_parameter_features,NONE,verified_provenance_predictor,KEEP_VERIFIED_PREDICTOR,True
xplane_altitude_kurtosis,flight_parameter_features,NONE,verified_provenance_predictor,KEEP_VERIFIED_PREDICTOR,True
xplane_altitude_max,flight_parameter_features,NONE,verified_provenance_predictor,KEEP_VERIFIED_PREDICTOR,True
xplane_altitude_mean,flight_parameter_features,NONE,verified_provenance_predictor,KEEP_VERIFIED_PREDICTOR,True
xplane_altitude_median,flight_parameter_features,NONE,verified_provenance_predictor,KEEP_VERIFIED_PREDICTOR,True
xplane_altitude_min,flight_parameter_features,NONE,verified_provenance_predictor,KEEP_VERIFIED_PREDICTOR,True
xplane_altitude_missing_ratio,flight_parameter_features,NONE,verified_provenance_predictor,KEEP_VERIFIED_PREDICTOR,True
xplane_altitude_num_missing,flight_parameter_features,NONE,verified_provenance_predictor,KEEP_VERIFIED_PREDICTOR,True
xplane_altitude_range,flight_parameter_features,NONE,verified_provenance_predictor,KEEP_VERIFIED_PREDICTOR,True
xplane_altitude_rms,flight_parameter_features,NONE,verified_provenance_predictor,KEEP_VERIFIED_PREDICTOR,True
xplane_altitude_skew,flight_parameter_features,NONE,verified_provenance_predictor,KEEP_VERIFIED_PREDICTOR,True
xplane_altitude_slope,flight_parameter_features,NONE,verified_provenance_predictor,KEEP_VERIFIED_PREDICTOR,True
xplane_altitude_std,flight_parameter_features,NONE,verified_provenance_predictor,KEEP_VERIFIED_PREDICTOR,True
xplane_attitude_iqr,flight_parameter_features,NONE,verified_provenance_predictor,KEEP_VERIFIED_PREDICTOR,True
xplane_attitude_kurtosis,flight_parameter_features,NONE,verified_provenance_predictor,KEEP_VERIFIED_PREDICTOR,True
xplane_attitude_max,flight_parameter_features,NONE,verified_provenance_predictor,KEEP_VERIFIED_PREDICTOR,True
xplane_attitude_mean,flight_parameter_features,NONE,verified_provenance_predictor,KEEP_VERIFIED_PREDICTOR,True
xplane_attitude_median,flight_parameter_features,NONE,verified_provenance_predictor,KEEP_VERIFIED_PREDICTOR,True
xplane_attitude_min,flight_parameter_features,NONE,verified_provenance_predictor,KEEP_VERIFIED_PREDICTOR,True
xplane_attitude_missing_ratio,flight_parameter_features,NONE,verified_provenance_predictor,KEEP_VERIFIED_PREDICTOR,True
xplane_attitude_num_missing,flight_parameter_features,NONE,verified_provenance_predictor,KEEP_VERIFIED_PREDICTOR,True
xplane_attitude_range,flight_parameter_features,NONE,verified_provenance_predictor,KEEP_VERIFIED_PREDICTOR,True
xplane_attitude_rms,flight_parameter_features,NONE,verified_provenance_predictor,KEEP_VERIFIED_PREDICTOR,True
xplane_attitude_skew,flight_parameter_features,NONE,verified_provenance_predictor,KEEP_VERIFIED_PREDICTOR,True
xplane_attitude_slope,flight_parameter_features,NONE,verified_provenance_predictor,KEEP_VERIFIED_PREDICTOR,True
xplane_attitude_std,flight_parameter_features,NONE,verified_provenance_predictor,KEEP_VERIFIED_PREDICTOR,True
xplane_heading_iqr,flight_parameter_features,NONE,verified_provenance_predictor,KEEP_VERIFIED_PREDICTOR,True
xplane_heading_kurtosis,flight_parameter_features,NONE,verified_provenance_predictor,KEEP_VERIFIED_PREDICTOR,True
xplane_heading_max,flight_parameter_features,NONE,verified_provenance_predictor,KEEP_VERIFIED_PREDICTOR,True
xplane_heading_mean,flight_parameter_features,NONE,verified_provenance_predictor,KEEP_VERIFIED_PREDICTOR,True
xplane_heading_median,flight_parameter_features,NONE,verified_provenance_predictor,KEEP_VERIFIED_PREDICTOR,True
xplane_heading_min,flight_parameter_features,NONE,verified_provenance_predictor,KEEP_VERIFIED_PREDICTOR,True
xplane_heading_missing_ratio,flight_parameter_features,NONE,verified_provenance_predictor,KEEP_VERIFIED_PREDICTOR,True
xplane_heading_num_missing,flight_parameter_features,NONE,verified_provenance_predictor,KEEP_VERIFIED_PREDICTOR,True
xplane_heading_range,flight_parameter_features,NONE,verified_provenance_predictor,KEEP_VERIFIED_PREDICTOR,True
xplane_heading_rms,flight_parameter_features,NONE,verified_provenance_predictor,KEEP_VERIFIED_PREDICTOR,True
xplane_heading_skew,flight_parameter_features,NONE,verified_provenance_predictor,KEEP_VERIFIED_PREDICTOR,True
xplane_heading_slope,flight_parameter_features,NONE,verified_provenance_predictor,KEEP_VERIFIED_PREDICTOR,True
xplane_heading_std,flight_parameter_features,NONE,verified_provenance_predictor,KEEP_VERIFIED_PREDICTOR,True
xplane_ils_iqr,flight_parameter_features,NONE,verified_provenance_predictor,KEEP_VERIFIED_PREDICTOR,True
xplane_ils_kurtosis,flight_parameter_features,NONE,verified_provenance_predictor,KEEP_VERIFIED_PREDICTOR,True
xplane_ils_max,flight_parameter_features,NONE,verified_provenance_predictor,KEEP_VERIFIED_PREDICTOR,True
xplane_ils_mean,flight_parameter_features,NONE,verified_provenance_predictor,KEEP_VERIFIED_PREDICTOR,True
xplane_ils_median,flight_parameter_features,NONE,verified_provenance_predictor,KEEP_VERIFIED_PREDICTOR,True
xplane_ils_min,flight_parameter_features,NONE,verified_provenance_predictor,KEEP_VERIFIED_PREDICTOR,True
xplane_ils_missing_ratio,flight_parameter_features,NONE,verified_provenance_predictor,KEEP_VERIFIED_PREDICTOR,True
xplane_ils_num_missing,flight_parameter_features,NONE,verified_provenance_predictor,KEEP_VERIFIED_PREDICTOR,True
xplane_ils_range,flight_parameter_features,NONE,verified_provenance_predictor,KEEP_VERIFIED_PREDICTOR,True
xplane_ils_rms,flight_parameter_features,NONE,verified_provenance_predictor,KEEP_VERIFIED_PREDICTOR,True
xplane_ils_skew,flight_parameter_features,NONE,verified_provenance_predictor,KEEP_VERIFIED_PREDICTOR,True
xplane_ils_slope,flight_parameter_features,NONE,verified_provenance_predictor,KEEP_VERIFIED_PREDICTOR,True
xplane_ils_std,flight_parameter_features,NONE,verified_provenance_predictor,KEEP_VERIFIED_PREDICTOR,True
xplane_latitude_iqr,flight_parameter_features,NONE,verified_provenance_predictor,KEEP_VERIFIED_PREDICTOR,True
xplane_latitude_kurtosis,flight_parameter_features,NONE,verified_provenance_predictor,KEEP_VERIFIED_PREDICTOR,True
xplane_latitude_max,flight_parameter_features,NONE,verified_provenance_predictor,KEEP_VERIFIED_PREDICTOR,True
xplane_latitude_mean,flight_parameter_features,NONE,verified_provenance_predictor,KEEP_VERIFIED_PREDICTOR,True
xplane_latitude_median,flight_parameter_features,NONE,verified_provenance_predictor,KEEP_VERIFIED_PREDICTOR,True
xplane_latitude_min,flight_parameter_features,NONE,verified_provenance_predictor,KEEP_VERIFIED_PREDICTOR,True
xplane_latitude_missing_ratio,flight_parameter_features,NONE,verified_provenance_predictor,KEEP_VERIFIED_PREDICTOR,True
xplane_latitude_num_missing,flight_parameter_features,NONE,verified_provenance_predictor,KEEP_VERIFIED_PREDICTOR,True
xplane_latitude_range,flight_parameter_features,NONE,verified_provenance_predictor,KEEP_VERIFIED_PREDICTOR,True
xplane_latitude_rms,flight_parameter_features,NONE,verified_provenance_predictor,KEEP_VERIFIED_PREDICTOR,True
xplane_latitude_skew,flight_parameter_features,NONE,verified_provenance_predictor,KEEP_VERIFIED_PREDICTOR,True
xplane_latitude_slope,flight_parameter_features,NONE,verified_provenance_predictor,KEEP_VERIFIED_PREDICTOR,True
xplane_latitude_std,flight_parameter_features,NONE,verified_provenance_predictor,KEEP_VERIFIED_PREDICTOR,True
xplane_longitude_iqr,flight_parameter_features,NONE,verified_provenance_predictor,KEEP_VERIFIED_PREDICTOR,True
xplane_longitude_kurtosis,flight_parameter_features,NONE,verified_provenance_predictor,KEEP_VERIFIED_PREDICTOR,True
xplane_longitude_max,flight_parameter_features,NONE,verified_provenance_predictor,KEEP_VERIFIED_PREDICTOR,True
xplane_longitude_mean,flight_parameter_features,NONE,verified_provenance_predictor,KEEP_VERIFIED_PREDICTOR,True
xplane_longitude_median,flight_parameter_features,NONE,verified_provenance_predictor,KEEP_VERIFIED_PREDICTOR,True
xplane_longitude_min,flight_parameter_features,NONE,verified_provenance_predictor,KEEP_VERIFIED_PREDICTOR,True
xplane_longitude_missing_ratio,flight_parameter_features,NONE,verified_provenance_predictor,KEEP_VERIFIED_PREDICTOR,True
xplane_longitude_num_missing,flight_parameter_features,NONE,verified_provenance_predictor,KEEP_VERIFIED_PREDICTOR,True
xplane_longitude_range,flight_parameter_features,NONE,verified_provenance_predictor,KEEP_VERIFIED_PREDICTOR,True
xplane_longitude_rms,flight_parameter_features,NONE,verified_provenance_predictor,KEEP_VERIFIED_PREDICTOR,True
xplane_longitude_skew,flight_parameter_features,NONE,verified_provenance_predictor,KEEP_VERIFIED_PREDICTOR,True
xplane_longitude_slope,flight_parameter_features,NONE,verified_provenance_predictor,KEEP_VERIFIED_PREDICTOR,True
xplane_longitude_std,flight_parameter_features,NONE,verified_provenance_predictor,KEEP_VERIFIED_PREDICTOR,True
xplane_lslxp11xpcac_aircraft_agl_altitude_m_iqr,flight_parameter_features,NONE,verified_provenance_predictor,KEEP_VERIFIED_PREDICTOR,True
xplane_lslxp11xpcac_aircraft_agl_altitude_m_kurtosis,flight_parameter_features,NONE,verified_provenance_predictor,KEEP_VERIFIED_PREDICTOR,True
xplane_lslxp11xpcac_aircraft_agl_altitude_m_max,flight_parameter_features,NONE,verified_provenance_predictor,KEEP_VERIFIED_PREDICTOR,True
xplane_lslxp11xpcac_aircraft_agl_altitude_m_mean,flight_parameter_features,NONE,verified_provenance_predictor,KEEP_VERIFIED_PREDICTOR,True
xplane_lslxp11xpcac_aircraft_agl_altitude_m_median,flight_parameter_features,NONE,verified_provenance_predictor,KEEP_VERIFIED_PREDICTOR,True
xplane_lslxp11xpcac_aircraft_agl_altitude_m_min,flight_parameter_features,NONE,verified_provenance_predictor,KEEP_VERIFIED_PREDICTOR,True
xplane_lslxp11xpcac_aircraft_agl_altitude_m_missing_ratio,flight_parameter_features,NONE,verified_provenance_predictor,KEEP_VERIFIED_PREDICTOR,True
xplane_lslxp11xpcac_aircraft_agl_altitude_m_num_missing,flight_parameter_features,NONE,verified_provenance_predictor,KEEP_VERIFIED_PREDICTOR,True
xplane_lslxp11xpcac_aircraft_agl_altitude_m_range,flight_parameter_features,NONE,verified_provenance_predictor,KEEP_VERIFIED_PREDICTOR,True
xplane_lslxp11xpcac_aircraft_agl_altitude_m_rms,flight_parameter_features,NONE,verified_provenance_predictor,KEEP_VERIFIED_PREDICTOR,True
xplane_lslxp11xpcac_aircraft_agl_altitude_m_skew,flight_parameter_features,NONE,verified_provenance_predictor,KEEP_VERIFIED_PREDICTOR,True
xplane_lslxp11xpcac_aircraft_agl_altitude_m_slope,flight_parameter_features,NONE,verified_provenance_predictor,KEEP_VERIFIED_PREDICTOR,True
xplane_lslxp11xpcac_aircraft_agl_altitude_m_std,flight_parameter_features,NONE,verified_provenance_predictor,KEEP_VERIFIED_PREDICTOR,True
xplane_lslxp11xpcac_aircraft_aileron_trim_iqr,flight_parameter_features,NONE,verified_provenance_predictor,KEEP_VERIFIED_PREDICTOR,True
xplane_lslxp11xpcac_aircraft_aileron_trim_kurtosis,flight_parameter_features,NONE,verified_provenance_predictor,KEEP_VERIFIED_PREDICTOR,True
xplane_lslxp11xpcac_aircraft_aileron_trim_max,flight_parameter_features,NONE,verified_provenance_predictor,KEEP_VERIFIED_PREDICTOR,True
xplane_lslxp11xpcac_aircraft_aileron_trim_mean,flight_parameter_features,NONE,verified_provenance_predictor,KEEP_VERIFIED_PREDICTOR,True
xplane_lslxp11xpcac_aircraft_aileron_trim_median,flight_parameter_features,NONE,verified_provenance_predictor,KEEP_VERIFIED_PREDICTOR,True
xplane_lslxp11xpcac_aircraft_aileron_trim_min,flight_parameter_features,NONE,verified_provenance_predictor,KEEP_VERIFIED_PREDICTOR,True
xplane_lslxp11xpcac_aircraft_aileron_trim_missing_ratio,flight_parameter_features,NONE,verified_provenance_predictor,KEEP_VERIFIED_PREDICTOR,True
xplane_lslxp11xpcac_aircraft_aileron_trim_num_missing,flight_parameter_features,NONE,verified_provenance_predictor,KEEP_VERIFIED_PREDICTOR,True
xplane_lslxp11xpcac_aircraft_aileron_trim_range,flight_parameter_features,NONE,verified_provenance_predictor,KEEP_VERIFIED_PREDICTOR,True
xplane_lslxp11xpcac_aircraft_aileron_trim_rms,flight_parameter_features,NONE,verified_provenance_predictor,KEEP_VERIFIED_PREDICTOR,True
xplane_lslxp11xpcac_aircraft_aileron_trim_skew,flight_parameter_features,NONE,verified_provenance_predictor,KEEP_VERIFIED_PREDICTOR,True
xplane_lslxp11xpcac_aircraft_aileron_trim_slope,flight_parameter_features,NONE,verified_provenance_predictor,KEEP_VERIFIED_PREDICTOR,True
xplane_lslxp11xpcac_aircraft_aileron_trim_std,flight_parameter_features,NONE,verified_provenance_predictor,KEEP_VERIFIED_PREDICTOR,True
xplane_lslxp11xpcac_aircraft_climb_rate_mps_iqr,flight_parameter_features,NONE,verified_provenance_predictor,KEEP_VERIFIED_PREDICTOR,True
xplane_lslxp11xpcac_aircraft_climb_rate_mps_kurtosis,flight_parameter_features,NONE,verified_provenance_predictor,KEEP_VERIFIED_PREDICTOR,True
xplane_lslxp11xpcac_aircraft_climb_rate_mps_max,flight_parameter_features,NONE,verified_provenance_predictor,KEEP_VERIFIED_PREDICTOR,True
xplane_lslxp11xpcac_aircraft_climb_rate_mps_mean,flight_parameter_features,NONE,verified_provenance_predictor,KEEP_VERIFIED_PREDICTOR,True
xplane_lslxp11xpcac_aircraft_climb_rate_mps_median,flight_parameter_features,NONE,verified_provenance_predictor,KEEP_VERIFIED_PREDICTOR,True
xplane_lslxp11xpcac_aircraft_climb_rate_mps_min,flight_parameter_features,NONE,verified_provenance_predictor,KEEP_VERIFIED_PREDICTOR,True
xplane_lslxp11xpcac_aircraft_climb_rate_mps_missing_ratio,flight_parameter_features,NONE,verified_provenance_predictor,KEEP_VERIFIED_PREDICTOR,True
xplane_lslxp11xpcac_aircraft_climb_rate_mps_num_missing,flight_parameter_features,NONE,verified_provenance_predictor,KEEP_VERIFIED_PREDICTOR,True
xplane_lslxp11xpcac_aircraft_climb_rate_mps_range,flight_parameter_features,NONE,verified_provenance_predictor,KEEP_VERIFIED_PREDICTOR,True
xplane_lslxp11xpcac_aircraft_climb_rate_mps_rms,flight_parameter_features,NONE,verified_provenance_predictor,KEEP_VERIFIED_PREDICTOR,True
xplane_lslxp11xpcac_aircraft_climb_rate_mps_skew,flight_parameter_features,NONE,verified_provenance_predictor,KEEP_VERIFIED_PREDICTOR,True
xplane_lslxp11xpcac_aircraft_climb_rate_mps_slope,flight_parameter_features,NONE,verified_provenance_predictor,KEEP_VERIFIED_PREDICTOR,True
xplane_lslxp11xpcac_aircraft_climb_rate_mps_std,flight_parameter_features,NONE,verified_provenance_predictor,KEEP_VERIFIED_PREDICTOR,True
xplane_lslxp11xpcac_aircraft_elevation_m_iqr,flight_parameter_features,NONE,verified_provenance_predictor,KEEP_VERIFIED_PREDICTOR,True
xplane_lslxp11xpcac_aircraft_elevation_m_kurtosis,flight_parameter_features,NONE,verified_provenance_predictor,KEEP_VERIFIED_PREDICTOR,True
xplane_lslxp11xpcac_aircraft_elevation_m_max,flight_parameter_features,NONE,verified_provenance_predictor,KEEP_VERIFIED_PREDICTOR,True
xplane_lslxp11xpcac_aircraft_elevation_m_mean,flight_parameter_features,NONE,verified_provenance_predictor,KEEP_VERIFIED_PREDICTOR,True
xplane_lslxp11xpcac_aircraft_elevation_m_median,flight_parameter_features,NONE,verified_provenance_predictor,KEEP_VERIFIED_PREDICTOR,True
xplane_lslxp11xpcac_aircraft_elevation_m_min,flight_parameter_features,NONE,verified_provenance_predictor,KEEP_VERIFIED_PREDICTOR,True
xplane_lslxp11xpcac_aircraft_elevation_m_missing_ratio,flight_parameter_features,NONE,verified_provenance_predictor,KEEP_VERIFIED_PREDICTOR,True
xplane_lslxp11xpcac_aircraft_elevation_m_num_missing,flight_parameter_features,NONE,verified_provenance_predictor,KEEP_VERIFIED_PREDICTOR,True
xplane_lslxp11xpcac_aircraft_elevation_m_range,flight_parameter_features,NONE,verified_provenance_predictor,KEEP_VERIFIED_PREDICTOR,True
xplane_lslxp11xpcac_aircraft_elevation_m_rms,flight_parameter_features,NONE,verified_provenance_predictor,KEEP_VERIFIED_PREDICTOR,True
xplane_lslxp11xpcac_aircraft_elevation_m_skew,flight_parameter_features,NONE,verified_provenance_predictor,KEEP_VERIFIED_PREDICTOR,True
xplane_lslxp11xpcac_aircraft_elevation_m_slope,flight_parameter_features,NONE,verified_provenance_predictor,KEEP_VERIFIED_PREDICTOR,True
xplane_lslxp11xpcac_aircraft_elevation_m_std,flight_parameter_features,NONE,verified_provenance_predictor,KEEP_VERIFIED_PREDICTOR,True
xplane_lslxp11xpcac_aircraft_elevation_trim_iqr,flight_parameter_features,NONE,verified_provenance_predictor,KEEP_VERIFIED_PREDICTOR,True
xplane_lslxp11xpcac_aircraft_elevation_trim_kurtosis,flight_parameter_features,NONE,verified_provenance_predictor,KEEP_VERIFIED_PREDICTOR,True
xplane_lslxp11xpcac_aircraft_elevation_trim_max,flight_parameter_features,NONE,verified_provenance_predictor,KEEP_VERIFIED_PREDICTOR,True
xplane_lslxp11xpcac_aircraft_elevation_trim_mean,flight_parameter_features,NONE,verified_provenance_predictor,KEEP_VERIFIED_PREDICTOR,True
xplane_lslxp11xpcac_aircraft_elevation_trim_median,flight_parameter_features,NONE,verified_provenance_predictor,KEEP_VERIFIED_PREDICTOR,True
xplane_lslxp11xpcac_aircraft_elevation_trim_min,flight_parameter_features,NONE,verified_provenance_predictor,KEEP_VERIFIED_PREDICTOR,True
xplane_lslxp11xpcac_aircraft_elevation_trim_missing_ratio,flight_parameter_features,NONE,verified_provenance_predictor,KEEP_VERIFIED_PREDICTOR,True
xplane_lslxp11xpcac_aircraft_elevation_trim_num_missing,flight_parameter_features,NONE,verified_provenance_predictor,KEEP_VERIFIED_PREDICTOR,True
xplane_lslxp11xpcac_aircraft_elevation_trim_range,flight_parameter_features,NONE,verified_provenance_predictor,KEEP_VERIFIED_PREDICTOR,True
xplane_lslxp11xpcac_aircraft_elevation_trim_rms,flight_parameter_features,NONE,verified_provenance_predictor,KEEP_VERIFIED_PREDICTOR,True
xplane_lslxp11xpcac_aircraft_elevation_trim_skew,flight_parameter_features,NONE,verified_provenance_predictor,KEEP_VERIFIED_PREDICTOR,True
xplane_lslxp11xpcac_aircraft_elevation_trim_slope,flight_parameter_features,NONE,verified_provenance_predictor,KEEP_VERIFIED_PREDICTOR,True
xplane_lslxp11xpcac_aircraft_elevation_trim_std,flight_parameter_features,NONE,verified_provenance_predictor,KEEP_VERIFIED_PREDICTOR,True
xplane_lslxp11xpcac_aircraft_groundspeed_mps_iqr,flight_parameter_features,NONE,verified_provenance_predictor,KEEP_VERIFIED_PREDICTOR,True
xplane_lslxp11xpcac_aircraft_groundspeed_mps_kurtosis,flight_parameter_features,NONE,verified_provenance_predictor,KEEP_VERIFIED_PREDICTOR,True
xplane_lslxp11xpcac_aircraft_groundspeed_mps_max,flight_parameter_features,NONE,verified_provenance_predictor,KEEP_VERIFIED_PREDICTOR,True
xplane_lslxp11xpcac_aircraft_groundspeed_mps_mean,flight_parameter_features,NONE,verified_provenance_predictor,KEEP_VERIFIED_PREDICTOR,True
xplane_lslxp11xpcac_aircraft_groundspeed_mps_median,flight_parameter_features,NONE,verified_provenance_predictor,KEEP_VERIFIED_PREDICTOR,True
xplane_lslxp11xpcac_aircraft_groundspeed_mps_min,flight_parameter_features,NONE,verified_provenance_predictor,KEEP_VERIFIED_PREDICTOR,True
xplane_lslxp11xpcac_aircraft_groundspeed_mps_missing_ratio,flight_parameter_features,NONE,verified_provenance_predictor,KEEP_VERIFIED_PREDICTOR,True
xplane_lslxp11xpcac_aircraft_groundspeed_mps_num_missing,flight_parameter_features,NONE,verified_provenance_predictor,KEEP_VERIFIED_PREDICTOR,True
xplane_lslxp11xpcac_aircraft_groundspeed_mps_range,flight_parameter_features,NONE,verified_provenance_predictor,KEEP_VERIFIED_PREDICTOR,True
xplane_lslxp11xpcac_aircraft_groundspeed_mps_rms,flight_parameter_features,NONE,verified_provenance_predictor,KEEP_VERIFIED_PREDICTOR,True
xplane_lslxp11xpcac_aircraft_groundspeed_mps_skew,flight_parameter_features,NONE,verified_provenance_predictor,KEEP_VERIFIED_PREDICTOR,True
xplane_lslxp11xpcac_aircraft_groundspeed_mps_slope,flight_parameter_features,NONE,verified_provenance_predictor,KEEP_VERIFIED_PREDICTOR,True
xplane_lslxp11xpcac_aircraft_groundspeed_mps_std,flight_parameter_features,NONE,verified_provenance_predictor,KEEP_VERIFIED_PREDICTOR,True
xplane_lslxp11xpcac_aircraft_ils_deflection_gs_iqr,flight_parameter_features,NONE,verified_provenance_predictor,KEEP_VERIFIED_PREDICTOR,True
xplane_lslxp11xpcac_aircraft_ils_deflection_gs_kurtosis,flight_parameter_features,NONE,verified_provenance_predictor,KEEP_VERIFIED_PREDICTOR,True
xplane_lslxp11xpcac_aircraft_ils_deflection_gs_max,flight_parameter_features,NONE,verified_provenance_predictor,KEEP_VERIFIED_PREDICTOR,True
xplane_lslxp11xpcac_aircraft_ils_deflection_gs_mean,flight_parameter_features,NONE,verified_provenance_predictor,KEEP_VERIFIED_PREDICTOR,True
xplane_lslxp11xpcac_aircraft_ils_deflection_gs_median,flight_parameter_features,NONE,verified_provenance_predictor,KEEP_VERIFIED_PREDICTOR,True
xplane_lslxp11xpcac_aircraft_ils_deflection_gs_min,flight_parameter_features,NONE,verified_provenance_predictor,KEEP_VERIFIED_PREDICTOR,True
xplane_lslxp11xpcac_aircraft_ils_deflection_gs_missing_ratio,flight_parameter_features,NONE,verified_provenance_predictor,KEEP_VERIFIED_PREDICTOR,True
xplane_lslxp11xpcac_aircraft_ils_deflection_gs_num_missing,flight_parameter_features,NONE,verified_provenance_predictor,KEEP_VERIFIED_PREDICTOR,True
xplane_lslxp11xpcac_aircraft_ils_deflection_gs_range,flight_parameter_features,NONE,verified_provenance_predictor,KEEP_VERIFIED_PREDICTOR,True
xplane_lslxp11xpcac_aircraft_ils_deflection_gs_rms,flight_parameter_features,NONE,verified_provenance_predictor,KEEP_VERIFIED_PREDICTOR,True
xplane_lslxp11xpcac_aircraft_ils_deflection_gs_skew,flight_parameter_features,NONE,verified_provenance_predictor,KEEP_VERIFIED_PREDICTOR,True
xplane_lslxp11xpcac_aircraft_ils_deflection_gs_slope,flight_parameter_features,NONE,verified_provenance_predictor,KEEP_VERIFIED_PREDICTOR,True
xplane_lslxp11xpcac_aircraft_ils_deflection_gs_std,flight_parameter_features,NONE,verified_provenance_predictor,KEEP_VERIFIED_PREDICTOR,True
xplane_lslxp11xpcac_aircraft_ils_deflection_h_iqr,flight_parameter_features,NONE,verified_provenance_predictor,KEEP_VERIFIED_PREDICTOR,True
xplane_lslxp11xpcac_aircraft_ils_deflection_h_kurtosis,flight_parameter_features,NONE,verified_provenance_predictor,KEEP_VERIFIED_PREDICTOR,True
xplane_lslxp11xpcac_aircraft_ils_deflection_h_max,flight_parameter_features,NONE,verified_provenance_predictor,KEEP_VERIFIED_PREDICTOR,True
xplane_lslxp11xpcac_aircraft_ils_deflection_h_mean,flight_parameter_features,NONE,verified_provenance_predictor,KEEP_VERIFIED_PREDICTOR,True
xplane_lslxp11xpcac_aircraft_ils_deflection_h_median,flight_parameter_features,NONE,verified_provenance_predictor,KEEP_VERIFIED_PREDICTOR,True
xplane_lslxp11xpcac_aircraft_ils_deflection_h_min,flight_parameter_features,NONE,verified_provenance_predictor,KEEP_VERIFIED_PREDICTOR,True
xplane_lslxp11xpcac_aircraft_ils_deflection_h_missing_ratio,flight_parameter_features,NONE,verified_provenance_predictor,KEEP_VERIFIED_PREDICTOR,True
xplane_lslxp11xpcac_aircraft_ils_deflection_h_num_missing,flight_parameter_features,NONE,verified_provenance_predictor,KEEP_VERIFIED_PREDICTOR,True
xplane_lslxp11xpcac_aircraft_ils_deflection_h_range,flight_parameter_features,NONE,verified_provenance_predictor,KEEP_VERIFIED_PREDICTOR,True
xplane_lslxp11xpcac_aircraft_ils_deflection_h_rms,flight_parameter_features,NONE,verified_provenance_predictor,KEEP_VERIFIED_PREDICTOR,True
xplane_lslxp11xpcac_aircraft_ils_deflection_h_skew,flight_parameter_features,NONE,verified_provenance_predictor,KEEP_VERIFIED_PREDICTOR,True
xplane_lslxp11xpcac_aircraft_ils_deflection_h_slope,flight_parameter_features,NONE,verified_provenance_predictor,KEEP_VERIFIED_PREDICTOR,True
xplane_lslxp11xpcac_aircraft_ils_deflection_h_std,flight_parameter_features,NONE,verified_provenance_predictor,KEEP_VERIFIED_PREDICTOR,True
xplane_lslxp11xpcac_aircraft_indicated_airspeed_kias_iqr,flight_parameter_features,NONE,verified_provenance_predictor,KEEP_VERIFIED_PREDICTOR,True
xplane_lslxp11xpcac_aircraft_indicated_airspeed_kias_kurtosis,flight_parameter_features,NONE,verified_provenance_predictor,KEEP_VERIFIED_PREDICTOR,True
xplane_lslxp11xpcac_aircraft_indicated_airspeed_kias_max,flight_parameter_features,NONE,verified_provenance_predictor,KEEP_VERIFIED_PREDICTOR,True
xplane_lslxp11xpcac_aircraft_indicated_airspeed_kias_mean,flight_parameter_features,NONE,verified_provenance_predictor,KEEP_VERIFIED_PREDICTOR,True
xplane_lslxp11xpcac_aircraft_indicated_airspeed_kias_median,flight_parameter_features,NONE,verified_provenance_predictor,KEEP_VERIFIED_PREDICTOR,True
xplane_lslxp11xpcac_aircraft_indicated_airspeed_kias_min,flight_parameter_features,NONE,verified_provenance_predictor,KEEP_VERIFIED_PREDICTOR,True
xplane_lslxp11xpcac_aircraft_indicated_airspeed_kias_missing_ratio,flight_parameter_features,NONE,verified_provenance_predictor,KEEP_VERIFIED_PREDICTOR,True
xplane_lslxp11xpcac_aircraft_indicated_airspeed_kias_num_missing,flight_parameter_features,NONE,verified_provenance_predictor,KEEP_VERIFIED_PREDICTOR,True
xplane_lslxp11xpcac_aircraft_indicated_airspeed_kias_range,flight_parameter_features,NONE,verified_provenance_predictor,KEEP_VERIFIED_PREDICTOR,True
xplane_lslxp11xpcac_aircraft_indicated_airspeed_kias_rms,flight_parameter_features,NONE,verified_provenance_predictor,KEEP_VERIFIED_PREDICTOR,True
xplane_lslxp11xpcac_aircraft_indicated_airspeed_kias_skew,flight_parameter_features,NONE,verified_provenance_predictor,KEEP_VERIFIED_PREDICTOR,True
xplane_lslxp11xpcac_aircraft_indicated_airspeed_kias_slope,flight_parameter_features,NONE,verified_provenance_predictor,KEEP_VERIFIED_PREDICTOR,True
xplane_lslxp11xpcac_aircraft_indicated_airspeed_kias_std,flight_parameter_features,NONE,verified_provenance_predictor,KEEP_VERIFIED_PREDICTOR,True
xplane_lslxp11xpcac_aircraft_landing_gear_iqr,flight_parameter_features,NONE,verified_provenance_predictor,KEEP_VERIFIED_PREDICTOR,True
xplane_lslxp11xpcac_aircraft_landing_gear_kurtosis,flight_parameter_features,EXCLUDE_ALL_DATASETS_STRUCTURALLY_UNUSABLE_ALL_NAN,verified_structurally_unusable_all_nan,EXCLUDE_DIRECT_TARGET_LEAKAGE,False
xplane_lslxp11xpcac_aircraft_landing_gear_max,flight_parameter_features,NONE,verified_provenance_predictor,KEEP_VERIFIED_PREDICTOR,True
xplane_lslxp11xpcac_aircraft_landing_gear_mean,flight_parameter_features,NONE,verified_provenance_predictor,KEEP_VERIFIED_PREDICTOR,True
xplane_lslxp11xpcac_aircraft_landing_gear_median,flight_parameter_features,NONE,verified_provenance_predictor,KEEP_VERIFIED_PREDICTOR,True
xplane_lslxp11xpcac_aircraft_landing_gear_min,flight_parameter_features,NONE,verified_provenance_predictor,KEEP_VERIFIED_PREDICTOR,True
xplane_lslxp11xpcac_aircraft_landing_gear_missing_ratio,flight_parameter_features,NONE,verified_provenance_predictor,KEEP_VERIFIED_PREDICTOR,True
xplane_lslxp11xpcac_aircraft_landing_gear_num_missing,flight_parameter_features,NONE,verified_provenance_predictor,KEEP_VERIFIED_PREDICTOR,True
xplane_lslxp11xpcac_aircraft_landing_gear_range,flight_parameter_features,NONE,verified_provenance_predictor,KEEP_VERIFIED_PREDICTOR,True
xplane_lslxp11xpcac_aircraft_landing_gear_rms,flight_parameter_features,NONE,verified_provenance_predictor,KEEP_VERIFIED_PREDICTOR,True
xplane_lslxp11xpcac_aircraft_landing_gear_skew,flight_parameter_features,EXCLUDE_ALL_DATASETS_STRUCTURALLY_UNUSABLE_ALL_NAN,verified_structurally_unusable_all_nan,EXCLUDE_DIRECT_TARGET_LEAKAGE,False
xplane_lslxp11xpcac_aircraft_landing_gear_slope,flight_parameter_features,NONE,verified_provenance_predictor,KEEP_VERIFIED_PREDICTOR,True
xplane_lslxp11xpcac_aircraft_landing_gear_std,flight_parameter_features,NONE,verified_provenance_predictor,KEEP_VERIFIED_PREDICTOR,True
xplane_lslxp11xpcac_aircraft_latitude_deg_iqr,flight_parameter_features,NONE,verified_provenance_predictor,KEEP_VERIFIED_PREDICTOR,True
xplane_lslxp11xpcac_aircraft_latitude_deg_kurtosis,flight_parameter_features,NONE,verified_provenance_predictor,KEEP_VERIFIED_PREDICTOR,True
xplane_lslxp11xpcac_aircraft_latitude_deg_max,flight_parameter_features,NONE,verified_provenance_predictor,KEEP_VERIFIED_PREDICTOR,True
xplane_lslxp11xpcac_aircraft_latitude_deg_mean,flight_parameter_features,NONE,verified_provenance_predictor,KEEP_VERIFIED_PREDICTOR,True
xplane_lslxp11xpcac_aircraft_latitude_deg_median,flight_parameter_features,NONE,verified_provenance_predictor,KEEP_VERIFIED_PREDICTOR,True
xplane_lslxp11xpcac_aircraft_latitude_deg_min,flight_parameter_features,NONE,verified_provenance_predictor,KEEP_VERIFIED_PREDICTOR,True
xplane_lslxp11xpcac_aircraft_latitude_deg_missing_ratio,flight_parameter_features,NONE,verified_provenance_predictor,KEEP_VERIFIED_PREDICTOR,True
xplane_lslxp11xpcac_aircraft_latitude_deg_num_missing,flight_parameter_features,NONE,verified_provenance_predictor,KEEP_VERIFIED_PREDICTOR,True
xplane_lslxp11xpcac_aircraft_latitude_deg_range,flight_parameter_features,NONE,verified_provenance_predictor,KEEP_VERIFIED_PREDICTOR,True
xplane_lslxp11xpcac_aircraft_latitude_deg_rms,flight_parameter_features,NONE,verified_provenance_predictor,KEEP_VERIFIED_PREDICTOR,True
xplane_lslxp11xpcac_aircraft_latitude_deg_skew,flight_parameter_features,NONE,verified_provenance_predictor,KEEP_VERIFIED_PREDICTOR,True
xplane_lslxp11xpcac_aircraft_latitude_deg_slope,flight_parameter_features,NONE,verified_provenance_predictor,KEEP_VERIFIED_PREDICTOR,True
xplane_lslxp11xpcac_aircraft_latitude_deg_std,flight_parameter_features,NONE,verified_provenance_predictor,KEEP_VERIFIED_PREDICTOR,True
xplane_lslxp11xpcac_aircraft_longitude_deg_iqr,flight_parameter_features,NONE,verified_provenance_predictor,KEEP_VERIFIED_PREDICTOR,True
xplane_lslxp11xpcac_aircraft_longitude_deg_kurtosis,flight_parameter_features,NONE,verified_provenance_predictor,KEEP_VERIFIED_PREDICTOR,True
xplane_lslxp11xpcac_aircraft_longitude_deg_max,flight_parameter_features,NONE,verified_provenance_predictor,KEEP_VERIFIED_PREDICTOR,True
xplane_lslxp11xpcac_aircraft_longitude_deg_mean,flight_parameter_features,NONE,verified_provenance_predictor,KEEP_VERIFIED_PREDICTOR,True
xplane_lslxp11xpcac_aircraft_longitude_deg_median,flight_parameter_features,NONE,verified_provenance_predictor,KEEP_VERIFIED_PREDICTOR,True
xplane_lslxp11xpcac_aircraft_longitude_deg_min,flight_parameter_features,NONE,verified_provenance_predictor,KEEP_VERIFIED_PREDICTOR,True
xplane_lslxp11xpcac_aircraft_longitude_deg_missing_ratio,flight_parameter_features,NONE,verified_provenance_predictor,KEEP_VERIFIED_PREDICTOR,True
xplane_lslxp11xpcac_aircraft_longitude_deg_num_missing,flight_parameter_features,NONE,verified_provenance_predictor,KEEP_VERIFIED_PREDICTOR,True
xplane_lslxp11xpcac_aircraft_longitude_deg_range,flight_parameter_features,NONE,verified_provenance_predictor,KEEP_VERIFIED_PREDICTOR,True
xplane_lslxp11xpcac_aircraft_longitude_deg_rms,flight_parameter_features,NONE,verified_provenance_predictor,KEEP_VERIFIED_PREDICTOR,True
xplane_lslxp11xpcac_aircraft_longitude_deg_skew,flight_parameter_features,NONE,verified_provenance_predictor,KEEP_VERIFIED_PREDICTOR,True
xplane_lslxp11xpcac_aircraft_longitude_deg_slope,flight_parameter_features,NONE,verified_provenance_predictor,KEEP_VERIFIED_PREDICTOR,True
xplane_lslxp11xpcac_aircraft_longitude_deg_std,flight_parameter_features,NONE,verified_provenance_predictor,KEEP_VERIFIED_PREDICTOR,True
xplane_lslxp11xpcac_aircraft_pitch_deg_iqr,flight_parameter_features,NONE,verified_provenance_predictor,KEEP_VERIFIED_PREDICTOR,True
xplane_lslxp11xpcac_aircraft_pitch_deg_kurtosis,flight_parameter_features,NONE,verified_provenance_predictor,KEEP_VERIFIED_PREDICTOR,True
xplane_lslxp11xpcac_aircraft_pitch_deg_max,flight_parameter_features,NONE,verified_provenance_predictor,KEEP_VERIFIED_PREDICTOR,True
xplane_lslxp11xpcac_aircraft_pitch_deg_mean,flight_parameter_features,NONE,verified_provenance_predictor,KEEP_VERIFIED_PREDICTOR,True
xplane_lslxp11xpcac_aircraft_pitch_deg_median,flight_parameter_features,NONE,verified_provenance_predictor,KEEP_VERIFIED_PREDICTOR,True
xplane_lslxp11xpcac_aircraft_pitch_deg_min,flight_parameter_features,NONE,verified_provenance_predictor,KEEP_VERIFIED_PREDICTOR,True
xplane_lslxp11xpcac_aircraft_pitch_deg_missing_ratio,flight_parameter_features,NONE,verified_provenance_predictor,KEEP_VERIFIED_PREDICTOR,True
xplane_lslxp11xpcac_aircraft_pitch_deg_num_missing,flight_parameter_features,NONE,verified_provenance_predictor,KEEP_VERIFIED_PREDICTOR,True
xplane_lslxp11xpcac_aircraft_pitch_deg_range,flight_parameter_features,NONE,verified_provenance_predictor,KEEP_VERIFIED_PREDICTOR,True
xplane_lslxp11xpcac_aircraft_pitch_deg_rms,flight_parameter_features,NONE,verified_provenance_predictor,KEEP_VERIFIED_PREDICTOR,True
xplane_lslxp11xpcac_aircraft_pitch_deg_skew,flight_parameter_features,NONE,verified_provenance_predictor,KEEP_VERIFIED_PREDICTOR,True
xplane_lslxp11xpcac_aircraft_pitch_deg_slope,flight_parameter_features,NONE,verified_provenance_predictor,KEEP_VERIFIED_PREDICTOR,True
xplane_lslxp11xpcac_aircraft_pitch_deg_std,flight_parameter_features,NONE,verified_provenance_predictor,KEEP_VERIFIED_PREDICTOR,True
xplane_lslxp11xpcac_aircraft_roll_deg_iqr,flight_parameter_features,NONE,verified_provenance_predictor,KEEP_VERIFIED_PREDICTOR,True
xplane_lslxp11xpcac_aircraft_roll_deg_kurtosis,flight_parameter_features,NONE,verified_provenance_predictor,KEEP_VERIFIED_PREDICTOR,True
xplane_lslxp11xpcac_aircraft_roll_deg_max,flight_parameter_features,NONE,verified_provenance_predictor,KEEP_VERIFIED_PREDICTOR,True
xplane_lslxp11xpcac_aircraft_roll_deg_mean,flight_parameter_features,NONE,verified_provenance_predictor,KEEP_VERIFIED_PREDICTOR,True
xplane_lslxp11xpcac_aircraft_roll_deg_median,flight_parameter_features,NONE,verified_provenance_predictor,KEEP_VERIFIED_PREDICTOR,True
xplane_lslxp11xpcac_aircraft_roll_deg_min,flight_parameter_features,NONE,verified_provenance_predictor,KEEP_VERIFIED_PREDICTOR,True
xplane_lslxp11xpcac_aircraft_roll_deg_missing_ratio,flight_parameter_features,NONE,verified_provenance_predictor,KEEP_VERIFIED_PREDICTOR,True
xplane_lslxp11xpcac_aircraft_roll_deg_num_missing,flight_parameter_features,NONE,verified_provenance_predictor,KEEP_VERIFIED_PREDICTOR,True
xplane_lslxp11xpcac_aircraft_roll_deg_range,flight_parameter_features,NONE,verified_provenance_predictor,KEEP_VERIFIED_PREDICTOR,True
xplane_lslxp11xpcac_aircraft_roll_deg_rms,flight_parameter_features,NONE,verified_provenance_predictor,KEEP_VERIFIED_PREDICTOR,True
xplane_lslxp11xpcac_aircraft_roll_deg_skew,flight_parameter_features,NONE,verified_provenance_predictor,KEEP_VERIFIED_PREDICTOR,True
xplane_lslxp11xpcac_aircraft_roll_deg_slope,flight_parameter_features,NONE,verified_provenance_predictor,KEEP_VERIFIED_PREDICTOR,True
xplane_lslxp11xpcac_aircraft_roll_deg_std,flight_parameter_features,NONE,verified_provenance_predictor,KEEP_VERIFIED_PREDICTOR,True
xplane_lslxp11xpcac_aircraft_velocity_e_mps_iqr,flight_parameter_features,NONE,verified_provenance_predictor,KEEP_VERIFIED_PREDICTOR,True
xplane_lslxp11xpcac_aircraft_velocity_e_mps_kurtosis,flight_parameter_features,NONE,verified_provenance_predictor,KEEP_VERIFIED_PREDICTOR,True
xplane_lslxp11xpcac_aircraft_velocity_e_mps_max,flight_parameter_features,NONE,verified_provenance_predictor,KEEP_VERIFIED_PREDICTOR,True
xplane_lslxp11xpcac_aircraft_velocity_e_mps_mean,flight_parameter_features,NONE,verified_provenance_predictor,KEEP_VERIFIED_PREDICTOR,True
xplane_lslxp11xpcac_aircraft_velocity_e_mps_median,flight_parameter_features,NONE,verified_provenance_predictor,KEEP_VERIFIED_PREDICTOR,True
xplane_lslxp11xpcac_aircraft_velocity_e_mps_min,flight_parameter_features,NONE,verified_provenance_predictor,KEEP_VERIFIED_PREDICTOR,True
xplane_lslxp11xpcac_aircraft_velocity_e_mps_missing_ratio,flight_parameter_features,NONE,verified_provenance_predictor,KEEP_VERIFIED_PREDICTOR,True
xplane_lslxp11xpcac_aircraft_velocity_e_mps_num_missing,flight_parameter_features,NONE,verified_provenance_predictor,KEEP_VERIFIED_PREDICTOR,True
xplane_lslxp11xpcac_aircraft_velocity_e_mps_range,flight_parameter_features,NONE,verified_provenance_predictor,KEEP_VERIFIED_PREDICTOR,True
xplane_lslxp11xpcac_aircraft_velocity_e_mps_rms,flight_parameter_features,NONE,verified_provenance_predictor,KEEP_VERIFIED_PREDICTOR,True
xplane_lslxp11xpcac_aircraft_velocity_e_mps_skew,flight_parameter_features,NONE,verified_provenance_predictor,KEEP_VERIFIED_PREDICTOR,True
xplane_lslxp11xpcac_aircraft_velocity_e_mps_slope,flight_parameter_features,NONE,verified_provenance_predictor,KEEP_VERIFIED_PREDICTOR,True
xplane_lslxp11xpcac_aircraft_velocity_e_mps_std,flight_parameter_features,NONE,verified_provenance_predictor,KEEP_VERIFIED_PREDICTOR,True
xplane_lslxp11xpcac_aircraft_velocity_n_mps_iqr,flight_parameter_features,NONE,verified_provenance_predictor,KEEP_VERIFIED_PREDICTOR,True
xplane_lslxp11xpcac_aircraft_velocity_n_mps_kurtosis,flight_parameter_features,NONE,verified_provenance_predictor,KEEP_VERIFIED_PREDICTOR,True
xplane_lslxp11xpcac_aircraft_velocity_n_mps_max,flight_parameter_features,NONE,verified_provenance_predictor,KEEP_VERIFIED_PREDICTOR,True
xplane_lslxp11xpcac_aircraft_velocity_n_mps_mean,flight_parameter_features,NONE,verified_provenance_predictor,KEEP_VERIFIED_PREDICTOR,True
xplane_lslxp11xpcac_aircraft_velocity_n_mps_median,flight_parameter_features,NONE,verified_provenance_predictor,KEEP_VERIFIED_PREDICTOR,True
xplane_lslxp11xpcac_aircraft_velocity_n_mps_min,flight_parameter_features,NONE,verified_provenance_predictor,KEEP_VERIFIED_PREDICTOR,True
xplane_lslxp11xpcac_aircraft_velocity_n_mps_missing_ratio,flight_parameter_features,NONE,verified_provenance_predictor,KEEP_VERIFIED_PREDICTOR,True
xplane_lslxp11xpcac_aircraft_velocity_n_mps_num_missing,flight_parameter_features,NONE,verified_provenance_predictor,KEEP_VERIFIED_PREDICTOR,True
xplane_lslxp11xpcac_aircraft_velocity_n_mps_range,flight_parameter_features,NONE,verified_provenance_predictor,KEEP_VERIFIED_PREDICTOR,True
xplane_lslxp11xpcac_aircraft_velocity_n_mps_rms,flight_parameter_features,NONE,verified_provenance_predictor,KEEP_VERIFIED_PREDICTOR,True
xplane_lslxp11xpcac_aircraft_velocity_n_mps_skew,flight_parameter_features,NONE,verified_provenance_predictor,KEEP_VERIFIED_PREDICTOR,True
xplane_lslxp11xpcac_aircraft_velocity_n_mps_slope,flight_parameter_features,NONE,verified_provenance_predictor,KEEP_VERIFIED_PREDICTOR,True
xplane_lslxp11xpcac_aircraft_velocity_n_mps_std,flight_parameter_features,NONE,verified_provenance_predictor,KEEP_VERIFIED_PREDICTOR,True
xplane_lslxp11xpcac_aircraft_velocity_u_mps_iqr,flight_parameter_features,NONE,verified_provenance_predictor,KEEP_VERIFIED_PREDICTOR,True
xplane_lslxp11xpcac_aircraft_velocity_u_mps_kurtosis,flight_parameter_features,NONE,verified_provenance_predictor,KEEP_VERIFIED_PREDICTOR,True
xplane_lslxp11xpcac_aircraft_velocity_u_mps_max,flight_parameter_features,NONE,verified_provenance_predictor,KEEP_VERIFIED_PREDICTOR,True
xplane_lslxp11xpcac_aircraft_velocity_u_mps_mean,flight_parameter_features,NONE,verified_provenance_predictor,KEEP_VERIFIED_PREDICTOR,True
xplane_lslxp11xpcac_aircraft_velocity_u_mps_median,flight_parameter_features,NONE,verified_provenance_predictor,KEEP_VERIFIED_PREDICTOR,True
xplane_lslxp11xpcac_aircraft_velocity_u_mps_min,flight_parameter_features,NONE,verified_provenance_predictor,KEEP_VERIFIED_PREDICTOR,True
xplane_lslxp11xpcac_aircraft_velocity_u_mps_missing_ratio,flight_parameter_features,NONE,verified_provenance_predictor,KEEP_VERIFIED_PREDICTOR,True
xplane_lslxp11xpcac_aircraft_velocity_u_mps_num_missing,flight_parameter_features,NONE,verified_provenance_predictor,KEEP_VERIFIED_PREDICTOR,True
xplane_lslxp11xpcac_aircraft_velocity_u_mps_range,flight_parameter_features,NONE,verified_provenance_predictor,KEEP_VERIFIED_PREDICTOR,True
xplane_lslxp11xpcac_aircraft_velocity_u_mps_rms,flight_parameter_features,NONE,verified_provenance_predictor,KEEP_VERIFIED_PREDICTOR,True
xplane_lslxp11xpcac_aircraft_velocity_u_mps_skew,flight_parameter_features,NONE,verified_provenance_predictor,KEEP_VERIFIED_PREDICTOR,True
xplane_lslxp11xpcac_aircraft_velocity_u_mps_slope,flight_parameter_features,NONE,verified_provenance_predictor,KEEP_VERIFIED_PREDICTOR,True
xplane_lslxp11xpcac_aircraft_velocity_u_mps_std,flight_parameter_features,NONE,verified_provenance_predictor,KEEP_VERIFIED_PREDICTOR,True
xplane_lslxp11xpcac_aircraft_yaw_deg_iqr,flight_parameter_features,NONE,verified_provenance_predictor,KEEP_VERIFIED_PREDICTOR,True
xplane_lslxp11xpcac_aircraft_yaw_deg_kurtosis,flight_parameter_features,NONE,verified_provenance_predictor,KEEP_VERIFIED_PREDICTOR,True
xplane_lslxp11xpcac_aircraft_yaw_deg_max,flight_parameter_features,NONE,verified_provenance_predictor,KEEP_VERIFIED_PREDICTOR,True
xplane_lslxp11xpcac_aircraft_yaw_deg_mean,flight_parameter_features,NONE,verified_provenance_predictor,KEEP_VERIFIED_PREDICTOR,True
xplane_lslxp11xpcac_aircraft_yaw_deg_median,flight_parameter_features,NONE,verified_provenance_predictor,KEEP_VERIFIED_PREDICTOR,True
xplane_lslxp11xpcac_aircraft_yaw_deg_min,flight_parameter_features,NONE,verified_provenance_predictor,KEEP_VERIFIED_PREDICTOR,True
xplane_lslxp11xpcac_aircraft_yaw_deg_missing_ratio,flight_parameter_features,NONE,verified_provenance_predictor,KEEP_VERIFIED_PREDICTOR,True
xplane_lslxp11xpcac_aircraft_yaw_deg_num_missing,flight_parameter_features,NONE,verified_provenance_predictor,KEEP_VERIFIED_PREDICTOR,True
xplane_lslxp11xpcac_aircraft_yaw_deg_range,flight_parameter_features,NONE,verified_provenance_predictor,KEEP_VERIFIED_PREDICTOR,True
xplane_lslxp11xpcac_aircraft_yaw_deg_rms,flight_parameter_features,NONE,verified_provenance_predictor,KEEP_VERIFIED_PREDICTOR,True
xplane_lslxp11xpcac_aircraft_yaw_deg_skew,flight_parameter_features,NONE,verified_provenance_predictor,KEEP_VERIFIED_PREDICTOR,True
xplane_lslxp11xpcac_aircraft_yaw_deg_slope,flight_parameter_features,NONE,verified_provenance_predictor,KEEP_VERIFIED_PREDICTOR,True
xplane_lslxp11xpcac_aircraft_yaw_deg_std,flight_parameter_features,NONE,verified_provenance_predictor,KEEP_VERIFIED_PREDICTOR,True
xplane_lslxp11xpcac_duration,flight_parameter_features,NONE,verified_provenance_predictor,KEEP_VERIFIED_PREDICTOR,True
xplane_lslxp11xpcac_sample_count,flight_parameter_features,NONE,verified_provenance_predictor,KEEP_VERIFIED_PREDICTOR,True
xplane_lslxp11xpcac_sampling_rate_estimate,flight_parameter_features,NONE,verified_provenance_predictor,KEEP_VERIFIED_PREDICTOR,True
subject_id,not_applicable,EXCLUDE_ALL_MODEL_INPUTS,identifier_or_target_column,EXCLUDE_IDENTIFIER_OR_LABEL,False
session_id,not_applicable,EXCLUDE_ALL_MODEL_INPUTS,identifier_or_target_column,EXCLUDE_IDENTIFIER_OR_LABEL,False
run_id,not_applicable,EXCLUDE_ALL_MODEL_INPUTS,identifier_or_target_column,EXCLUDE_IDENTIFIER_OR_LABEL,False
difficulty_level,not_applicable,EXCLUDE_ALL_MODEL_INPUTS,identifier_or_target_column,EXCLUDE_IDENTIFIER_OR_LABEL,False
run_key,not_applicable,EXCLUDE_ALL_MODEL_INPUTS,identifier_or_target_column,EXCLUDE_IDENTIFIER_OR_LABEL,False
target_class,not_applicable,EXCLUDE_ALL_MODEL_INPUTS,identifier_or_target_column,EXCLUDE_IDENTIFIER_OR_LABEL,False
target_score,not_applicable,EXCLUDE_ALL_MODEL_INPUTS,identifier_or_target_column,EXCLUDE_IDENTIFIER_OR_LABEL,False
