modality,run_key,subject_id,outer_fold,target_class,modality_available,class_score_0,class_score_1,class_score_2,class_score_3,predicted_class,classification_confidence,similarity_margin
body_movement,sub-cp003_ses-20210206_level-01B_run-001,sub-cp003,4,0,False,0.9497463960000001,0.9496343360000001,0.942452494,0.9510350320000001,3,0.9510350320000001,0.0012886359999999542
body_movement,sub-cp003_ses-20210206_level-01B_run-007,sub-cp003,4,0,False,0.9497463960000001,0.9496343360000001,0.942452494,0.9510350320000001,3,0.9510350320000001,0.0012886359999999542
body_movement,sub-cp003_ses-20210206_level-01B_run-012,sub-cp003,4,0,False,0.9497463960000001,0.9496343360000001,0.942452494,0.9510350320000001,3,0.9510350320000001,0.0012886359999999542
body_movement,sub-cp003_ses-20210206_level-02B_run-003,sub-cp003,4,1,False,0.9497463960000001,0.9496343360000001,0.942452494,0.9510350320000001,3,0.9510350320000001,0.0012886359999999542
body_movement,sub-cp003_ses-20210206_level-02B_run-008,sub-cp003,4,1,False,0.9497463960000001,0.9496343360000001,0.942452494,0.9510350320000001,3,0.9510350320000001,0.0012886359999999542
body_movement,sub-cp003_ses-20210206_level-02B_run-010,sub-cp003,4,1,False,0.9497463960000001,0.9496343360000001,0.942452494,0.9510350320000001,3,0.9510350320000001,0.0012886359999999542
body_movement,sub-cp003_ses-20210206_level-03B_run-002,sub-cp003,4,2,False,0.9497463960000001,0.9496343360000001,0.942452494,0.9510350320000001,3,0.9510350320000001,0.0012886359999999542
body_movement,sub-cp003_ses-20210206_level-03B_run-005,sub-cp003,4,2,False,0.9497463960000001,0.9496343360000001,0.942452494,0.9510350320000001,3,0.9510350320000001,0.0012886359999999542
body_movement,sub-cp003_ses-20210206_level-03B_run-011,sub-cp003,4,2,False,0.9497463960000001,0.9496343360000001,0.942452494,0.9510350320000001,3,0.9510350320000001,0.0012886359999999542
body_movement,sub-cp003_ses-20210206_level-04B_run-004,sub-cp003,4,3,False,0.9497463960000001,0.9496343360000001,0.942452494,0.9510350320000001,3,0.9510350320000001,0.0012886359999999542
body_movement,sub-cp003_ses-20210206_level-04B_run-006,sub-cp003,4,3,False,0.9497463960000001,0.9496343360000001,0.942452494,0.9510350320000001,3,0.9510350320000001,0.0012886359999999542
body_movement,sub-cp003_ses-20210206_level-04B_run-009,sub-cp003,4,3,False,0.9497463960000001,0.9496343360000001,0.942452494,0.9510350320000001,3,0.9510350320000001,0.0012886359999999542
body_movement,sub-cp004_ses-20210330_level-01B_run-001,sub-cp004,1,0,True,0.8369020020000001,0.8239813,0.8292564200000001,0.826229828,0,0.8369020020000001,0.007645581999999984
body_movement,sub-cp004_ses-20210330_level-01B_run-007,sub-cp004,1,0,True,0.8937312260000001,0.88620977,0.8665322679999999,0.883851782,0,0.8937312260000001,0.007521456000000093
body_movement,sub-cp004_ses-20210330_level-01B_run-012,sub-cp004,1,0,True,0.8817985199999999,0.8701390999999999,0.85445531,0.868859784,0,0.8817985199999999,0.011659419999999976
body_movement,sub-cp004_ses-20210330_level-02B_run-003,sub-cp004,1,1,True,0.87817542,0.889097074,0.872646926,0.8858459,1,0.889097074,0.003251174000000079
body_movement,sub-cp004_ses-20210330_level-02B_run-008,sub-cp004,1,1,True,0.8700930360000001,0.861119564,0.8624061600000001,0.8617890320000001,0,0.8700930360000001,0.007686875999999954
body_movement,sub-cp004_ses-20210330_level-02B_run-010,sub-cp004,1,1,True,0.8801093440000001,0.895267162,0.880363268,0.89709304,3,0.89709304,0.001825878000000003
body_movement,sub-cp004_ses-20210330_level-03B_run-002,sub-cp004,1,2,True,0.8778720400000001,0.90022625,0.882180438,0.893308504,1,0.90022625,0.006917746000000058
body_movement,sub-cp004_ses-20210330_level-03B_run-005,sub-cp004,1,2,True,0.8292836640000001,0.8192507880000001,0.8302484719999998,0.8270382460000001,2,0.8302484719999998,0.0009648079999997616
body_movement,sub-cp004_ses-20210330_level-03B_run-011,sub-cp004,1,2,True,0.8856317499999999,0.884050756,0.868108634,0.8798126039999999,0,0.8856317499999999,0.0015809939999998912
body_movement,sub-cp004_ses-20210330_level-04B_run-004,sub-cp004,1,3,True,0.892663972,0.8639634300000001,0.8585709659999999,0.8723458479999999,0,0.892663972,0.020318124000000104
body_movement,sub-cp004_ses-20210330_level-04B_run-006,sub-cp004,1,3,True,0.8885790700000001,0.8739732480000001,0.8544966800000001,0.877668788,0,0.8885790700000001,0.010910282000000104
body_movement,sub-cp004_ses-20210330_level-04B_run-009,sub-cp004,1,3,True,0.839248452,0.825678628,0.838023394,0.8331635580000001,0,0.839248452,0.0012250579999999456
body_movement,sub-cp005_ses-20210226_level-01B_run-001,sub-cp005,5,0,True,0.89533304,0.8812324,0.907956276,0.9078092099999999,2,0.907956276,0.000147066000000029
body_movement,sub-cp005_ses-20210226_level-01B_run-007,sub-cp005,5,0,True,0.897036168,0.885130822,0.906827214,0.906832438,3,0.906832438,5.224000000025875e-06
body_movement,sub-cp005_ses-20210226_level-01B_run-012,sub-cp005,5,0,True,0.890231666,0.8821103640000001,0.899521554,0.898232492,2,0.899521554,0.0012890620000000075
body_movement,sub-cp005_ses-20210226_level-02B_run-003,sub-cp005,5,1,True,0.89118417,0.871452752,0.879032456,0.8797218600000001,0,0.89118417,0.011462309999999976
body_movement,sub-cp005_ses-20210226_level-02B_run-008,sub-cp005,5,1,True,0.89985826,0.8829899940000001,0.909281394,0.8994952700000001,2,0.909281394,0.009423133999999944
body_movement,sub-cp005_ses-20210226_level-02B_run-010,sub-cp005,5,1,True,0.8869850079999999,0.878529944,0.896587738,0.9019367739999999,3,0.9019367739999999,0.005349035999999918
body_movement,sub-cp005_ses-20210226_level-03B_run-002,sub-cp005,5,2,True,0.899924322,0.870246128,0.886436926,0.888875468,0,0.899924322,0.011048854000000108
body_movement,sub-cp005_ses-20210226_level-03B_run-005,sub-cp005,5,2,True,0.8989543680000001,0.8819708719999999,0.901976752,0.901155232,2,0.901976752,0.00082152000000002
body_movement,sub-cp005_ses-20210226_level-03B_run-011,sub-cp005,5,2,True,0.905227182,0.8789611560000001,0.9064516140000001,0.9031250319999999,2,0.9064516140000001,0.0012244320000001085
body_movement,sub-cp005_ses-20210226_level-04B_run-004,sub-cp005,5,3,True,0.8839499139999999,0.868034654,0.8775965400000001,0.8798608399999999,0,0.8839499139999999,0.004089074000000026
body_movement,sub-cp005_ses-20210226_level-04B_run-006,sub-cp005,5,3,True,0.895536596,0.884845844,0.904612004,0.9023363679999999,2,0.904612004,0.0022756360000000253
body_movement,sub-cp005_ses-20210226_level-04B_run-009,sub-cp005,5,3,True,0.89248022,0.884961182,0.899276682,0.901578306,3,0.901578306,0.002301624000000002
body_movement,sub-cp006_ses-20210324_level-01B_run-001,sub-cp006,4,0,True,0.49123011400000005,0.5359085140000001,0.514543258,0.49216796399999996,1,0.5359085140000001,0.021365256000000055
body_movement,sub-cp006_ses-20210324_level-01B_run-007,sub-cp006,4,0,True,0.47776633,0.491524302,0.49475441800000003,0.481691588,2,0.49475441800000003,0.003230116000000005
body_movement,sub-cp006_ses-20210324_level-01B_run-012,sub-cp006,4,0,True,0.49006699200000003,0.5214798,0.509526412,0.523836728,3,0.523836728,0.0023569279999999804
body_movement,sub-cp006_ses-20210324_level-02B_run-003,sub-cp006,4,1,True,0.494562508,0.53560816,0.506170174,0.497901024,1,0.53560816,0.029437986000000027
body_movement,sub-cp006_ses-20210324_level-02B_run-008,sub-cp006,4,1,True,0.49655599200000006,0.5182814600000001,0.514543564,0.494261076,1,0.5182814600000001,0.003737896000000074
body_movement,sub-cp006_ses-20210324_level-02B_run-010,sub-cp006,4,1,True,0.49019777600000003,0.5105025480000001,0.524211686,0.49088087399999997,2,0.524211686,0.013709137999999954
body_movement,sub-cp006_ses-20210324_level-03B_run-002,sub-cp006,4,2,True,0.509965694,0.5426193859999999,0.545115956,0.537376392,2,0.545115956,0.0024965700000000313
body_movement,sub-cp006_ses-20210324_level-03B_run-005,sub-cp006,4,2,True,0.49689803999999993,0.5095610159999999,0.49731195799999994,0.47380971799999994,1,0.5095610159999999,0.01224905799999998
body_movement,sub-cp006_ses-20210324_level-03B_run-011,sub-cp006,4,2,True,0.503596988,0.538626352,0.538570714,0.539676774,3,0.539676774,0.0010504220000000508
body_movement,sub-cp006_ses-20210324_level-04B_run-004,sub-cp006,4,3,True,0.5024431500000001,0.543678922,0.542197656,0.529581706,1,0.543678922,0.001481265999999981
body_movement,sub-cp006_ses-20210324_level-04B_run-006,sub-cp006,4,3,True,0.501528626,0.519558526,0.512739908,0.472627698,1,0.519558526,0.006818617999999943
body_movement,sub-cp006_ses-20210324_level-04B_run-009,sub-cp006,4,3,True,0.4959226,0.51935265,0.507653558,0.47964440399999997,1,0.51935265,0.011699091999999967
body_movement,sub-cp008_ses-20210503_level-01B_run-001,sub-cp008,3,0,False,0.995894734,0.9821323879999999,0.992207202,0.993507718,0,0.995894734,0.0023870159999999085
body_movement,sub-cp008_ses-20210503_level-01B_run-007,sub-cp008,3,0,True,0.709003726,0.748055122,0.715011378,0.7078741080000001,1,0.748055122,0.033043743999999986
body_movement,sub-cp008_ses-20210503_level-01B_run-012,sub-cp008,3,0,True,0.760165496,0.762355242,0.735374628,0.73519824,1,0.762355242,0.0021897459999999924
body_movement,sub-cp008_ses-20210503_level-02B_run-003,sub-cp008,3,1,False,0.995894734,0.9821323879999999,0.992207202,0.993507718,0,0.995894734,0.0023870159999999085
body_movement,sub-cp008_ses-20210503_level-02B_run-008,sub-cp008,3,1,True,0.71138053,0.74971879,0.725460568,0.7194787739999999,1,0.74971879,0.02425822199999994
body_movement,sub-cp008_ses-20210503_level-02B_run-010,sub-cp008,3,1,True,0.738303126,0.762961386,0.7460197519999999,0.746902682,1,0.762961386,0.01605870399999998
body_movement,sub-cp008_ses-20210503_level-03B_run-002,sub-cp008,3,2,False,0.995894734,0.9821323879999999,0.992207202,0.993507718,0,0.995894734,0.0023870159999999085
body_movement,sub-cp008_ses-20210503_level-03B_run-005,sub-cp008,3,2,False,0.995894734,0.9821323879999999,0.992207202,0.993507718,0,0.995894734,0.0023870159999999085
body_movement,sub-cp008_ses-20210503_level-03B_run-011,sub-cp008,3,2,True,0.748917018,0.754335118,0.750759746,0.726214402,1,0.754335118,0.003575372000000021
body_movement,sub-cp008_ses-20210503_level-04B_run-004,sub-cp008,3,3,False,0.995894734,0.9821323879999999,0.992207202,0.993507718,0,0.995894734,0.0023870159999999085
body_movement,sub-cp008_ses-20210503_level-04B_run-006,sub-cp008,3,3,True,0.706191358,0.73461954,0.70030227,0.728249432,1,0.73461954,0.00637010799999993
body_movement,sub-cp008_ses-20210503_level-04B_run-009,sub-cp008,3,3,True,0.742268492,0.7730008180000001,0.7448492840000001,0.74806829,1,0.7730008180000001,0.02493252800000012
body_movement,sub-cp009_ses-20210129_level-01B_run-001,sub-cp009,2,0,False,1.0000123,1.0000123,1.0000123,0.9997895880000002,0,1.0000123,0.0
body_movement,sub-cp009_ses-20210129_level-01B_run-007,sub-cp009,2,0,False,1.0000123,1.0000123,1.0000123,0.9997895880000002,0,1.0000123,0.0
body_movement,sub-cp009_ses-20210129_level-01B_run-012,sub-cp009,2,0,False,1.0000123,1.0000123,1.0000123,0.9997895880000002,0,1.0000123,0.0
body_movement,sub-cp009_ses-20210129_level-02B_run-003,sub-cp009,2,1,False,1.0000123,1.0000123,1.0000123,0.9997895880000002,0,1.0000123,0.0
body_movement,sub-cp009_ses-20210129_level-02B_run-008,sub-cp009,2,1,False,1.0000123,1.0000123,1.0000123,0.9997895880000002,0,1.0000123,0.0
body_movement,sub-cp009_ses-20210129_level-02B_run-010,sub-cp009,2,1,False,1.0000123,1.0000123,1.0000123,0.9997895880000002,0,1.0000123,0.0
body_movement,sub-cp009_ses-20210129_level-03B_run-002,sub-cp009,2,2,False,1.0000123,1.0000123,1.0000123,0.9997895880000002,0,1.0000123,0.0
body_movement,sub-cp009_ses-20210129_level-03B_run-005,sub-cp009,2,2,False,1.0000123,1.0000123,1.0000123,0.9997895880000002,0,1.0000123,0.0
body_movement,sub-cp009_ses-20210129_level-03B_run-011,sub-cp009,2,2,False,1.0000123,1.0000123,1.0000123,0.9997895880000002,0,1.0000123,0.0
body_movement,sub-cp009_ses-20210129_level-04B_run-004,sub-cp009,2,3,False,1.0000123,1.0000123,1.0000123,0.9997895880000002,0,1.0000123,0.0
body_movement,sub-cp009_ses-20210129_level-04B_run-006,sub-cp009,2,3,False,1.0000123,1.0000123,1.0000123,0.9997895880000002,0,1.0000123,0.0
body_movement,sub-cp009_ses-20210129_level-04B_run-009,sub-cp009,2,3,False,1.0000123,1.0000123,1.0000123,0.9997895880000002,0,1.0000123,0.0
body_movement,sub-cp011_ses-20210408_level-01B_run-001,sub-cp011,1,0,True,0.872685604,0.88230752,0.885122022,0.8895826120000001,3,0.8895826120000001,0.0044605900000000975
body_movement,sub-cp011_ses-20210408_level-01B_run-007,sub-cp011,1,0,True,0.864801924,0.874030958,0.8779790719999999,0.8738782840000001,2,0.8779790719999999,0.003948113999999947
body_movement,sub-cp011_ses-20210408_level-01B_run-012,sub-cp011,1,0,True,0.8678365359999999,0.8709966140000001,0.876032734,0.884398904,3,0.884398904,0.00836616999999995
body_movement,sub-cp011_ses-20210408_level-02B_run-003,sub-cp011,1,1,True,0.86482428,0.8465440300000001,0.859295206,0.8597429999999999,0,0.86482428,0.005081280000000077
body_movement,sub-cp011_ses-20210408_level-02B_run-008,sub-cp011,1,1,True,0.864650812,0.898392048,0.8884641200000001,0.89493958,1,0.898392048,0.0034524680000000973
body_movement,sub-cp011_ses-20210408_level-02B_run-010,sub-cp011,1,1,True,0.860025848,0.897953622,0.8932592140000001,0.8971058339999999,1,0.897953622,0.0008477880000000715
body_movement,sub-cp011_ses-20210408_level-03B_run-002,sub-cp011,1,2,True,0.8581102359999999,0.8767047399999999,0.8826611,0.8850824879999999,3,0.8850824879999999,0.0024213879999999133
body_movement,sub-cp011_ses-20210408_level-03B_run-005,sub-cp011,1,2,True,0.8615758059999999,0.8700334599999999,0.872837492,0.872941116,3,0.872941116,0.00010362399999996885
body_movement,sub-cp011_ses-20210408_level-03B_run-011,sub-cp011,1,2,True,0.868989766,0.8855086460000001,0.8895380100000001,0.887670988,2,0.8895380100000001,0.001867022000000107
body_movement,sub-cp011_ses-20210408_level-04B_run-004,sub-cp011,1,3,True,0.8415402220000001,0.855894732,0.8672970879999999,0.864871352,2,0.8672970879999999,0.002425735999999956
body_movement,sub-cp011_ses-20210408_level-04B_run-006,sub-cp011,1,3,True,0.8672243439999999,0.8904119180000001,0.887805946,0.89020177,1,0.8904119180000001,0.0002101480000000766
body_movement,sub-cp011_ses-20210408_level-04B_run-009,sub-cp011,1,3,True,0.867647006,0.87782674,0.872444292,0.880304386,3,0.880304386,0.002477646
body_movement,sub-cp012_ses-20210723_level-01B_run-001,sub-cp012,4,0,True,0.50827601,0.541701862,0.526579158,0.521768898,1,0.541701862,0.015122704000000042
body_movement,sub-cp012_ses-20210723_level-01B_run-007,sub-cp012,4,0,True,0.5087396679999999,0.54610874,0.520195626,0.5235456660000001,1,0.54610874,0.022563073999999905
body_movement,sub-cp012_ses-20210723_level-01B_run-012,sub-cp012,4,0,True,0.5051436579999999,0.540327802,0.522273054,0.525142532,1,0.540327802,0.015185269999999917
body_movement,sub-cp012_ses-20210723_level-02B_run-003,sub-cp012,4,1,True,0.504070822,0.5476702660000001,0.529785042,0.528120454,1,0.5476702660000001,0.017885224000000144
body_movement,sub-cp012_ses-20210723_level-02B_run-008,sub-cp012,4,1,True,0.512737262,0.54228258,0.53306907,0.517467222,1,0.54228258,0.009213509999999925
body_movement,sub-cp012_ses-20210723_level-02B_run-010,sub-cp012,4,1,True,0.5040261939999999,0.5512889700000001,0.5408989120000001,0.5370477539999999,1,0.5512889700000001,0.010390058000000035
body_movement,sub-cp012_ses-20210723_level-03B_run-002,sub-cp012,4,2,True,0.49959331,0.547880286,0.52653805,0.5314172100000001,1,0.547880286,0.016463075999999965
body_movement,sub-cp012_ses-20210723_level-03B_run-005,sub-cp012,4,2,True,0.507998174,0.542973684,0.529082492,0.528237042,1,0.542973684,0.013891191999999997
body_movement,sub-cp012_ses-20210723_level-03B_run-011,sub-cp012,4,2,True,0.503127132,0.5453563960000001,0.536290156,0.529365208,1,0.5453563960000001,0.009066240000000114
body_movement,sub-cp012_ses-20210723_level-04B_run-004,sub-cp012,4,3,True,0.49970793,0.545745348,0.534050166,0.523204294,1,0.545745348,0.01169518199999997
body_movement,sub-cp012_ses-20210723_level-04B_run-006,sub-cp012,4,3,True,0.508674972,0.541533402,0.5312128460000001,0.520393428,1,0.541533402,0.010320555999999925
body_movement,sub-cp012_ses-20210723_level-04B_run-009,sub-cp012,4,3,True,0.505162432,0.544007236,0.527937014,0.52399403,1,0.544007236,0.016070221999999967
body_movement,sub-cp013_ses-20210319_level-01B_run-001,sub-cp013,2,0,True,0.8895242939999999,0.882805562,0.886668688,0.890132152,3,0.890132152,0.0006078580000000722
body_movement,sub-cp013_ses-20210319_level-01B_run-007,sub-cp013,2,0,True,0.880311442,0.8698434199999999,0.8754239220000001,0.8768054020000001,0,0.880311442,0.003506039999999877
body_movement,sub-cp013_ses-20210319_level-01B_run-012,sub-cp013,2,0,True,0.859965278,0.856158436,0.851369032,0.86048893,3,0.86048893,0.0005236520000000411
body_movement,sub-cp013_ses-20210319_level-02B_run-003,sub-cp013,2,1,True,0.87858192,0.868464902,0.870929776,0.88014204,3,0.88014204,0.0015601199999999427
body_movement,sub-cp013_ses-20210319_level-02B_run-008,sub-cp013,2,1,True,0.845269356,0.8445216280000001,0.840263238,0.849163348,3,0.849163348,0.0038939920000000683
body_movement,sub-cp013_ses-20210319_level-02B_run-010,sub-cp013,2,1,True,0.8424177199999999,0.8396639379999999,0.8411834840000001,0.849402474,3,0.849402474,0.006984754000000093
body_movement,sub-cp013_ses-20210319_level-03B_run-002,sub-cp013,2,2,True,0.8629206039999999,0.8534018800000001,0.85528524,0.862694434,0,0.8629206039999999,0.0002261699999999145
body_movement,sub-cp013_ses-20210319_level-03B_run-005,sub-cp013,2,2,True,0.8216023619999999,0.821720852,0.8215106320000001,0.829104722,3,0.829104722,0.007383869999999959
body_movement,sub-cp013_ses-20210319_level-03B_run-011,sub-cp013,2,2,True,0.8590732259999999,0.8549100980000001,0.8586445600000001,0.8631975300000001,3,0.8631975300000001,0.00412430400000019
body_movement,sub-cp013_ses-20210319_level-04B_run-004,sub-cp013,2,3,True,0.86722998,0.86393059,0.859605228,0.869581904,3,0.869581904,0.0023519240000000607
body_movement,sub-cp013_ses-20210319_level-04B_run-006,sub-cp013,2,3,True,0.864130448,0.851875978,0.8546083120000001,0.8597849460000001,0,0.864130448,0.004345501999999946
body_movement,sub-cp013_ses-20210319_level-04B_run-009,sub-cp013,2,3,True,0.8189879019999999,0.8116365160000001,0.8059678399999999,0.816272186,0,0.8189879019999999,0.002715715999999979
body_movement,sub-cp014_ses-20211112_level-01B_run-001,sub-cp014,3,0,True,0.7450371,0.7689258800000001,0.7559436660000001,0.7483227680000001,1,0.7689258800000001,0.012982213999999992
body_movement,sub-cp014_ses-20211112_level-01B_run-007,sub-cp014,3,0,True,0.7739173,0.752521908,0.7226011480000001,0.734822978,0,0.7739173,0.02139539200000007
body_movement,sub-cp014_ses-20211112_level-01B_run-012,sub-cp014,3,0,True,0.715949482,0.721605136,0.68292321,0.699611268,1,0.721605136,0.00565565400000001
body_movement,sub-cp014_ses-20211112_level-02B_run-003,sub-cp014,3,1,True,0.752449932,0.764750292,0.756766198,0.7433960839999999,1,0.764750292,0.007984093999999997
body_movement,sub-cp014_ses-20211112_level-02B_run-008,sub-cp014,3,1,True,0.753832194,0.7570990479999999,0.7447147519999999,0.755212972,1,0.7570990479999999,0.0018860759999999033
body_movement,sub-cp014_ses-20211112_level-02B_run-010,sub-cp014,3,1,True,0.747012626,0.772833958,0.7537766699999999,0.75043701,1,0.772833958,0.01905728800000006
body_movement,sub-cp014_ses-20211112_level-03B_run-002,sub-cp014,3,2,True,0.7370367800000001,0.7762714340000001,0.757337866,0.74666645,1,0.7762714340000001,0.018933568000000123
body_movement,sub-cp014_ses-20211112_level-03B_run-005,sub-cp014,3,2,True,0.7420436020000001,0.760366194,0.7437164,0.75278939,1,0.760366194,0.007576804000000048
body_movement,sub-cp014_ses-20211112_level-03B_run-011,sub-cp014,3,2,True,0.7434047039999999,0.76339578,0.7524799200000001,0.7547025119999999,1,0.76339578,0.008693268000000032
body_movement,sub-cp014_ses-20211112_level-04B_run-004,sub-cp014,3,3,True,0.740183668,0.760095882,0.75617035,0.7535354780000001,1,0.760095882,0.003925532000000009
body_movement,sub-cp014_ses-20211112_level-04B_run-006,sub-cp014,3,3,True,0.7277698659999999,0.7686273399999999,0.7554288259999999,0.7467373260000001,1,0.7686273399999999,0.013198513999999939
body_movement,sub-cp014_ses-20211112_level-04B_run-009,sub-cp014,3,3,True,0.7421741660000001,0.762679052,0.758667848,0.751621758,1,0.762679052,0.0040112039999999904
body_movement,sub-cp015_ses-20210504_level-01B_run-001,sub-cp015,2,0,True,0.913176404,0.917289326,0.912995746,0.908016508,1,0.917289326,0.004112922000000019
body_movement,sub-cp015_ses-20210504_level-01B_run-007,sub-cp015,2,0,True,0.893317584,0.9100457519999999,0.907954638,0.895483108,1,0.9100457519999999,0.0020911139999999495
body_movement,sub-cp015_ses-20210504_level-01B_run-012,sub-cp015,2,0,True,0.90535669,0.91211655,0.906650014,0.8965921299999999,1,0.91211655,0.005466536000000022
body_movement,sub-cp015_ses-20210504_level-02B_run-003,sub-cp015,2,1,True,0.90941102,0.9189805200000001,0.9114624580000001,0.9076169500000001,1,0.9189805200000001,0.0075180619999999365
body_movement,sub-cp015_ses-20210504_level-02B_run-008,sub-cp015,2,1,True,0.911672712,0.9199038420000001,0.9123077179999999,0.90659581,1,0.9199038420000001,0.007596124000000204
body_movement,sub-cp015_ses-20210504_level-02B_run-010,sub-cp015,2,1,True,0.91037742,0.9188545340000001,0.91158362,0.9030638599999999,1,0.9188545340000001,0.007270914000000017
body_movement,sub-cp015_ses-20210504_level-03B_run-002,sub-cp015,2,2,True,0.910305432,0.9156660719999999,0.911210528,0.903447552,1,0.9156660719999999,0.0044555439999999225
body_movement,sub-cp015_ses-20210504_level-03B_run-005,sub-cp015,2,2,True,0.89926004,0.9086857800000001,0.9049911780000001,0.8943881279999999,1,0.9086857800000001,0.003694602000000047
body_movement,sub-cp015_ses-20210504_level-03B_run-011,sub-cp015,2,2,True,0.9107803499999999,0.91564037,0.9062159,0.903113772,1,0.91564037,0.004860020000000076
body_movement,sub-cp015_ses-20210504_level-04B_run-004,sub-cp015,2,3,True,0.8910624500000001,0.9067009340000001,0.9031815679999999,0.88483287,1,0.9067009340000001,0.0035193660000001348
body_movement,sub-cp015_ses-20210504_level-04B_run-006,sub-cp015,2,3,True,0.9079466760000001,0.9184437599999999,0.9164399480000001,0.91174078,1,0.9184437599999999,0.0020038119999998827
body_movement,sub-cp015_ses-20210504_level-04B_run-009,sub-cp015,2,3,True,0.9099999459999999,0.9192198919999999,0.9125248920000001,0.904240952,1,0.9192198919999999,0.0066949999999997845
body_movement,sub-cp016_ses-20210528_level-01B_run-001,sub-cp016,1,0,True,0.8704732180000001,0.8587473360000001,0.89277043,0.869526352,2,0.89277043,0.0222972119999999
body_movement,sub-cp016_ses-20210528_level-01B_run-007,sub-cp016,1,0,True,0.8604504260000001,0.8607336,0.89316412,0.880491194,2,0.89316412,0.012672926000000029
body_movement,sub-cp016_ses-20210528_level-01B_run-012,sub-cp016,1,0,True,0.87093829,0.863719944,0.89180004,0.872639052,2,0.89180004,0.01916098799999999
body_movement,sub-cp016_ses-20210528_level-02B_run-003,sub-cp016,1,1,True,0.8670649579999999,0.866434036,0.892921954,0.873093366,2,0.892921954,0.01982858799999998
body_movement,sub-cp016_ses-20210528_level-02B_run-008,sub-cp016,1,1,True,0.861454678,0.87622763,0.904696406,0.8891907419999999,2,0.904696406,0.015505664000000086
body_movement,sub-cp016_ses-20210528_level-02B_run-010,sub-cp016,1,1,True,0.8745124219999999,0.86380857,0.8868597819999999,0.88239863,2,0.8868597819999999,0.004461151999999968
body_movement,sub-cp016_ses-20210528_level-03B_run-002,sub-cp016,1,2,True,0.85812119,0.86321566,0.89469391,0.873929474,2,0.89469391,0.020764435999999997
body_movement,sub-cp016_ses-20210528_level-03B_run-005,sub-cp016,1,2,True,0.858698008,0.8699278359999999,0.8939226680000001,0.87448335,2,0.8939226680000001,0.019439318000000094
body_movement,sub-cp016_ses-20210528_level-03B_run-011,sub-cp016,1,2,True,0.8679555000000001,0.8746134340000001,0.8998131060000001,0.8859356119999999,2,0.8998131060000001,0.013877494000000157
body_movement,sub-cp016_ses-20210528_level-04B_run-004,sub-cp016,1,3,True,0.8668299640000001,0.8623152059999999,0.893385346,0.8714295240000001,2,0.893385346,0.021955821999999903
body_movement,sub-cp016_ses-20210528_level-04B_run-006,sub-cp016,1,3,True,0.865614718,0.8604712299999999,0.892418498,0.872133032,2,0.892418498,0.02028546599999992
body_movement,sub-cp016_ses-20210528_level-04B_run-009,sub-cp016,1,3,True,0.8768574579999999,0.8739392840000001,0.8959052719999999,0.8887760200000001,2,0.8959052719999999,0.007129251999999808
body_movement,sub-cp017_ses-20210521_level-01B_run-001,sub-cp017,5,0,True,0.91187962,0.9207919920000001,0.915330748,0.90068888,1,0.9207919920000001,0.005461244000000032
body_movement,sub-cp017_ses-20210521_level-01B_run-007,sub-cp017,5,0,True,0.9086555860000001,0.9153721000000001,0.909251274,0.9032272000000001,1,0.9153721000000001,0.006120826000000079
body_movement,sub-cp017_ses-20210521_level-01B_run-012,sub-cp017,5,0,True,0.87224924,0.8704198059999999,0.8745795160000001,0.890651342,3,0.890651342,0.0160718259999999
body_movement,sub-cp017_ses-20210521_level-02B_run-003,sub-cp017,5,1,True,0.8789405159999999,0.9011016099999999,0.9038753720000001,0.905930412,3,0.905930412,0.002055039999999897
body_movement,sub-cp017_ses-20210521_level-02B_run-008,sub-cp017,5,1,True,0.81198207,0.819977752,0.8264162,0.840605268,3,0.840605268,0.014189067999999971
body_movement,sub-cp017_ses-20210521_level-02B_run-010,sub-cp017,5,1,True,0.90426395,0.904755672,0.9047584280000001,0.8922223280000001,2,0.9047584280000001,2.7560000001036755e-06
body_movement,sub-cp017_ses-20210521_level-03B_run-002,sub-cp017,5,2,True,0.8600851800000001,0.86683807,0.88195689,0.873775596,2,0.88195689,0.008181294000000006
body_movement,sub-cp017_ses-20210521_level-03B_run-005,sub-cp017,5,2,True,0.8974761179999999,0.914712872,0.913485762,0.896090208,1,0.914712872,0.0012271099999999757
body_movement,sub-cp017_ses-20210521_level-03B_run-011,sub-cp017,5,2,True,0.85623179,0.8563363900000001,0.8671236600000001,0.8714742879999999,3,0.8714742879999999,0.0043506279999998565
body_movement,sub-cp017_ses-20210521_level-04B_run-004,sub-cp017,5,3,True,0.8886289940000001,0.9083517799999999,0.899495282,0.9075110499999999,1,0.9083517799999999,0.0008407300000000673
body_movement,sub-cp017_ses-20210521_level-04B_run-006,sub-cp017,5,3,True,0.8541803699999999,0.864010268,0.8667134300000001,0.8901726059999999,3,0.8901726059999999,0.023459175999999804
body_movement,sub-cp017_ses-20210521_level-04B_run-009,sub-cp017,5,3,True,0.852153004,0.853328562,0.8620717580000001,0.8742874479999999,3,0.8742874479999999,0.01221568999999978
body_movement,sub-cp018_ses-20210709_level-01B_run-001,sub-cp018,4,0,True,0.526054076,0.547851544,0.506700408,0.481758406,1,0.547851544,0.021797468000000042
body_movement,sub-cp018_ses-20210709_level-01B_run-007,sub-cp018,4,0,True,0.5095917059999999,0.553540484,0.520741282,0.5130134820000001,1,0.553540484,0.03279920199999997
body_movement,sub-cp018_ses-20210709_level-01B_run-012,sub-cp018,4,0,True,0.51270808,0.5464721600000001,0.528028486,0.496194358,1,0.5464721600000001,0.018443674000000132
body_movement,sub-cp018_ses-20210709_level-02B_run-003,sub-cp018,4,1,True,0.522909034,0.544751184,0.52596194,0.503318404,1,0.544751184,0.018789244000000038
body_movement,sub-cp018_ses-20210709_level-02B_run-008,sub-cp018,4,1,True,0.513410524,0.5508445500000001,0.526835132,0.5080723739999999,1,0.5508445500000001,0.024009418000000116
body_movement,sub-cp018_ses-20210709_level-02B_run-010,sub-cp018,4,1,True,0.50756739,0.55352474,0.517896828,0.49648273,1,0.55352474,0.03562791199999993
body_movement,sub-cp018_ses-20210709_level-03B_run-002,sub-cp018,4,2,True,0.45378978,0.49902731000000006,0.462655788,0.466139038,1,0.49902731000000006,0.03288827200000005
body_movement,sub-cp018_ses-20210709_level-03B_run-005,sub-cp018,4,2,True,0.519082566,0.553131104,0.520896008,0.5101127699999999,1,0.553131104,0.03223509599999996
body_movement,sub-cp018_ses-20210709_level-03B_run-011,sub-cp018,4,2,True,0.512622086,0.5521855459999999,0.536035572,0.506760638,1,0.5521855459999999,0.016149973999999956
body_movement,sub-cp018_ses-20210709_level-04B_run-004,sub-cp018,4,3,True,0.521352042,0.55292276,0.522585636,0.50167513,1,0.55292276,0.030337123999999993
body_movement,sub-cp018_ses-20210709_level-04B_run-006,sub-cp018,4,3,True,0.51172814,0.55029408,0.529696134,0.505256444,1,0.55029408,0.020597945999999978
body_movement,sub-cp018_ses-20210709_level-04B_run-009,sub-cp018,4,3,True,0.510742868,0.549787488,0.530402952,0.49489213200000004,1,0.549787488,0.019384536000000008
body_movement,sub-cp019_ses-20210625_level-01B_run-001,sub-cp019,3,0,True,0.7508895179999999,0.75702441,0.74715084,0.73951044,1,0.75702441,0.006134892000000058
body_movement,sub-cp019_ses-20210625_level-01B_run-007,sub-cp019,3,0,True,0.737065222,0.757403694,0.7394360879999999,0.733848874,1,0.757403694,0.017967606000000025
body_movement,sub-cp019_ses-20210625_level-01B_run-012,sub-cp019,3,0,True,0.741163904,0.75047866,0.73119117,0.727546254,1,0.75047866,0.00931475599999998
body_movement,sub-cp019_ses-20210625_level-02B_run-003,sub-cp019,3,1,True,0.734176566,0.770329,0.75127634,0.747524332,1,0.770329,0.019052660000000055
body_movement,sub-cp019_ses-20210625_level-02B_run-008,sub-cp019,3,1,True,0.735510792,0.766353406,0.754353782,0.743115604,1,0.766353406,0.011999623999999987
body_movement,sub-cp019_ses-20210625_level-02B_run-010,sub-cp019,3,1,True,0.7391233140000001,0.76429127,0.7460953079999999,0.745144908,1,0.76429127,0.018195962000000065
body_movement,sub-cp019_ses-20210625_level-03B_run-002,sub-cp019,3,2,True,0.7347868959999999,0.74961477,0.73099089,0.7211528,1,0.74961477,0.014827874000000074
body_movement,sub-cp019_ses-20210625_level-03B_run-005,sub-cp019,3,2,True,0.7469635059999999,0.7659299660000001,0.743928068,0.7301919139999999,1,0.7659299660000001,0.01896646000000013
body_movement,sub-cp019_ses-20210625_level-03B_run-011,sub-cp019,3,2,True,0.732070646,0.761927852,0.746287854,0.744200478,1,0.761927852,0.015639998000000044
body_movement,sub-cp019_ses-20210625_level-04B_run-004,sub-cp019,3,3,True,0.73505464,0.759954644,0.7387240420000001,0.729400366,1,0.759954644,0.021230601999999932
body_movement,sub-cp019_ses-20210625_level-04B_run-006,sub-cp019,3,3,True,0.691715192,0.720932852,0.71354586,0.69988823,1,0.720932852,0.007386992000000037
body_movement,sub-cp019_ses-20210625_level-04B_run-009,sub-cp019,3,3,True,0.742495278,0.747511002,0.736433798,0.728332082,1,0.747511002,0.005015723999999944
body_movement,sub-cp020_ses-20210604_level-01B_run-001,sub-cp020,2,0,True,0.929143474,0.926930432,0.933538862,0.92472664,2,0.933538862,0.004395388000000056
body_movement,sub-cp020_ses-20210604_level-01B_run-007,sub-cp020,2,0,True,0.898934234,0.90457983,0.9072630480000001,0.9013049280000001,2,0.9072630480000001,0.0026832180000001538
body_movement,sub-cp020_ses-20210604_level-01B_run-012,sub-cp020,2,0,True,0.8873063560000001,0.894287218,0.8964353199999999,0.89250575,2,0.8964353199999999,0.0021481019999999296
body_movement,sub-cp020_ses-20210604_level-02B_run-003,sub-cp020,2,1,True,0.920580152,0.925033272,0.92902436,0.914708976,2,0.92902436,0.0039910880000000315
body_movement,sub-cp020_ses-20210604_level-02B_run-008,sub-cp020,2,1,True,0.921620098,0.9338657399999999,0.9365538600000001,0.9226928219999999,2,0.9365538600000001,0.0026881200000001826
body_movement,sub-cp020_ses-20210604_level-02B_run-010,sub-cp020,2,1,True,0.921725754,0.9280554000000001,0.9310900959999999,0.928537182,2,0.9310900959999999,0.002552913999999906
body_movement,sub-cp020_ses-20210604_level-03B_run-002,sub-cp020,2,2,True,0.9134411379999999,0.91439677,0.917191928,0.911419596,2,0.917191928,0.0027951580000000753
body_movement,sub-cp020_ses-20210604_level-03B_run-005,sub-cp020,2,2,True,0.9252709859999999,0.933754524,0.9376381,0.9265903120000001,2,0.9376381,0.0038835759999999997
body_movement,sub-cp020_ses-20210604_level-03B_run-011,sub-cp020,2,2,True,0.919038378,0.929841408,0.930894086,0.93001043,2,0.930894086,0.0008836559999999549
body_movement,sub-cp020_ses-20210604_level-04B_run-004,sub-cp020,2,3,True,0.927363128,0.930522706,0.933265928,0.9226361040000001,2,0.933265928,0.0027432219999999896
body_movement,sub-cp020_ses-20210604_level-04B_run-006,sub-cp020,2,3,True,0.925404568,0.9293756820000001,0.9345600279999999,0.91779037,2,0.9345600279999999,0.00518434599999984
body_movement,sub-cp020_ses-20210604_level-04B_run-009,sub-cp020,2,3,True,0.914080062,0.91980333,0.926499826,0.916892262,2,0.926499826,0.006696495999999996
body_movement,sub-cp022_ses-20210621_level-01B_run-001,sub-cp022,5,0,True,0.885652406,0.898545088,0.904222772,0.901257034,2,0.904222772,0.0029657379999999955
body_movement,sub-cp022_ses-20210621_level-01B_run-007,sub-cp022,5,0,True,0.8936253279999999,0.8993381819999999,0.901099268,0.8980397520000001,2,0.901099268,0.0017610860000000228
body_movement,sub-cp022_ses-20210621_level-01B_run-012,sub-cp022,5,0,True,0.8723895519999999,0.89852271,0.896980404,0.889616274,1,0.89852271,0.0015423059999999378
body_movement,sub-cp022_ses-20210621_level-02B_run-003,sub-cp022,5,1,True,0.8828068139999999,0.8984821500000001,0.888680212,0.898531126,3,0.898531126,4.897599999986735e-05
body_movement,sub-cp022_ses-20210621_level-02B_run-008,sub-cp022,5,1,True,0.8852355519999999,0.90225354,0.9065000019999999,0.9041104000000001,2,0.9065000019999999,0.002389601999999824
body_movement,sub-cp022_ses-20210621_level-02B_run-010,sub-cp022,5,1,True,0.89143244,0.887028422,0.904165798,0.903786792,2,0.904165798,0.00037900599999995954
body_movement,sub-cp022_ses-20210621_level-03B_run-002,sub-cp022,5,2,True,0.896794632,0.911107496,0.9121248559999999,0.904379588,2,0.9121248559999999,0.0010173599999999672
body_movement,sub-cp022_ses-20210621_level-03B_run-005,sub-cp022,5,2,True,0.89190912,0.8857326600000001,0.901751116,0.901555134,2,0.901751116,0.00019598200000003896
body_movement,sub-cp022_ses-20210621_level-03B_run-011,sub-cp022,5,2,True,0.895944174,0.900621614,0.9136107600000001,0.9143152560000001,3,0.9143152560000001,0.0007044959999999989
body_movement,sub-cp022_ses-20210621_level-04B_run-004,sub-cp022,5,3,True,0.896957246,0.903166362,0.918484208,0.913307032,2,0.918484208,0.0051771760000000056
body_movement,sub-cp022_ses-20210621_level-04B_run-006,sub-cp022,5,3,True,0.90060388,0.893675178,0.9041282479999999,0.900838538,2,0.9041282479999999,0.0032897099999998902
body_movement,sub-cp022_ses-20210621_level-04B_run-009,sub-cp022,5,3,True,0.890702368,0.8935482020000001,0.9103501460000001,0.8989352540000001,2,0.9103501460000001,0.01141489200000001
body_movement,sub-cp023_ses-20210628_level-01B_run-001,sub-cp023,3,0,True,0.7405789,0.746699954,0.74748912,0.725690142,2,0.74748912,0.0007891660000000078
body_movement,sub-cp023_ses-20210628_level-01B_run-007,sub-cp023,3,0,True,0.754236888,0.757991454,0.74721993,0.740171848,1,0.757991454,0.0037545660000000147
body_movement,sub-cp023_ses-20210628_level-01B_run-012,sub-cp023,3,0,True,0.760459126,0.760639928,0.749160848,0.739856208,1,0.760639928,0.00018080200000003543
body_movement,sub-cp023_ses-20210628_level-02B_run-003,sub-cp023,3,1,True,0.7540348480000001,0.759960278,0.75394095,0.733155766,1,0.759960278,0.005925429999999898
body_movement,sub-cp023_ses-20210628_level-02B_run-008,sub-cp023,3,1,True,0.744268252,0.753621974,0.7494043340000001,0.73262563,1,0.753621974,0.0042176399999999115
body_movement,sub-cp023_ses-20210628_level-02B_run-010,sub-cp023,3,1,True,0.7534256079999999,0.7670213,0.748437214,0.740583408,1,0.7670213,0.013595692000000104
body_movement,sub-cp023_ses-20210628_level-03B_run-002,sub-cp023,3,2,True,0.7488302219999999,0.758829424,0.755081998,0.73204416,1,0.758829424,0.003747425999999998
body_movement,sub-cp023_ses-20210628_level-03B_run-005,sub-cp023,3,2,True,0.763112802,0.7557101420000001,0.745366074,0.734842976,0,0.763112802,0.007402659999999894
body_movement,sub-cp023_ses-20210628_level-03B_run-011,sub-cp023,3,2,True,0.75593681,0.762888032,0.74988826,0.737859976,1,0.762888032,0.006951221999999979
body_movement,sub-cp023_ses-20210628_level-04B_run-004,sub-cp023,3,3,True,0.754269298,0.766229646,0.755636008,0.74120117,1,0.766229646,0.010593638000000016
body_movement,sub-cp023_ses-20210628_level-04B_run-006,sub-cp023,3,3,True,0.7461575899999999,0.762966126,0.745186082,0.742882944,1,0.762966126,0.016808536000000096
body_movement,sub-cp023_ses-20210628_level-04B_run-009,sub-cp023,3,3,True,0.74283725,0.7695235,0.75966325,0.748374552,1,0.7695235,0.009860250000000015
body_movement,sub-cp024_ses-20210629_level-01B_run-001,sub-cp024,3,0,True,0.728187906,0.7434251700000001,0.7484689,0.750733468,3,0.750733468,0.002264567999999967
body_movement,sub-cp024_ses-20210629_level-01B_run-007,sub-cp024,3,0,True,0.729550114,0.752195668,0.749240906,0.753458156,3,0.753458156,0.0012624879999999505
body_movement,sub-cp024_ses-20210629_level-01B_run-012,sub-cp024,3,0,True,0.72878699,0.75437168,0.745479828,0.745000506,1,0.75437168,0.008891851999999978
body_movement,sub-cp024_ses-20210629_level-02B_run-003,sub-cp024,3,1,True,0.7364172520000001,0.7589784039999999,0.761189946,0.747665876,2,0.761189946,0.0022115420000000663
body_movement,sub-cp024_ses-20210629_level-02B_run-008,sub-cp024,3,1,True,0.73785689,0.745468966,0.74282693,0.740057412,1,0.745468966,0.0026420360000000143
body_movement,sub-cp024_ses-20210629_level-02B_run-010,sub-cp024,3,1,True,0.72722676,0.751069532,0.75233017,0.745334088,2,0.75233017,0.0012606379999999806
body_movement,sub-cp024_ses-20210629_level-03B_run-002,sub-cp024,3,2,True,0.732055178,0.754335002,0.7490031399999999,0.7542808,1,0.754335002,5.42020000000587e-05
body_movement,sub-cp024_ses-20210629_level-03B_run-005,sub-cp024,3,2,True,0.73118657,0.756357744,0.74941252,0.748919212,1,0.756357744,0.006945223999999972
body_movement,sub-cp024_ses-20210629_level-03B_run-011,sub-cp024,3,2,True,0.73577605,0.7502870340000001,0.747868942,0.749964616,1,0.7502870340000001,0.000322418000000102
body_movement,sub-cp024_ses-20210629_level-04B_run-004,sub-cp024,3,3,True,0.7427095180000001,0.749167274,0.734946554,0.740814672,1,0.749167274,0.006457755999999981
body_movement,sub-cp024_ses-20210629_level-04B_run-006,sub-cp024,3,3,True,0.74084134,0.7536591180000001,0.748418396,0.749376082,1,0.7536591180000001,0.004283036000000018
body_movement,sub-cp024_ses-20210629_level-04B_run-009,sub-cp024,3,3,True,0.7330433199999999,0.757363384,0.746612118,0.737955986,1,0.757363384,0.010751265999999982
body_movement,sub-cp025_ses-20210820_level-01B_run-001,sub-cp025,3,0,True,0.7427183399999999,0.751114674,0.739534836,0.743948724,1,0.751114674,0.0071659499999999765
body_movement,sub-cp025_ses-20210820_level-01B_run-007,sub-cp025,3,0,True,0.745936048,0.746895974,0.730713688,0.741595114,1,0.746895974,0.0009599259999999443
body_movement,sub-cp025_ses-20210820_level-01B_run-012,sub-cp025,3,0,True,0.750831218,0.746327066,0.739006482,0.743389576,0,0.750831218,0.0045041519999999835
body_movement,sub-cp025_ses-20210820_level-02B_run-003,sub-cp025,3,1,True,0.730426766,0.746952548,0.743787348,0.7416338,1,0.746952548,0.003165199999999979
body_movement,sub-cp025_ses-20210820_level-02B_run-008,sub-cp025,3,1,True,0.7319502179999999,0.757700112,0.7339683,0.7451127280000001,1,0.757700112,0.012587383999999924
body_movement,sub-cp025_ses-20210820_level-02B_run-010,sub-cp025,3,1,True,0.756211788,0.752037694,0.73105655,0.7403285479999999,0,0.756211788,0.004174094000000017
body_movement,sub-cp025_ses-20210820_level-03B_run-002,sub-cp025,3,2,True,0.741008938,0.74480427,0.73750763,0.746035146,3,0.746035146,0.0012308759999999364
body_movement,sub-cp025_ses-20210820_level-03B_run-005,sub-cp025,3,2,True,0.7422111339999999,0.745348468,0.746450482,0.7465988880000001,3,0.7465988880000001,0.00014840600000010085
body_movement,sub-cp025_ses-20210820_level-03B_run-011,sub-cp025,3,2,True,0.749993508,0.754731696,0.74050243,0.7407418779999999,1,0.754731696,0.004738188000000032
body_movement,sub-cp025_ses-20210820_level-04B_run-004,sub-cp025,3,3,True,0.7421699979999999,0.746814996,0.7542892379999999,0.738075528,2,0.7542892379999999,0.007474241999999909
body_movement,sub-cp025_ses-20210820_level-04B_run-006,sub-cp025,3,3,True,0.73512132,0.744508554,0.741632632,0.740356114,1,0.744508554,0.0028759220000000862
body_movement,sub-cp025_ses-20210820_level-04B_run-009,sub-cp025,3,3,True,0.7364480099999999,0.755759712,0.738946222,0.7460340860000001,1,0.755759712,0.009725625999999932
body_movement,sub-cp026_ses-20210716_level-01B_run-001,sub-cp026,2,0,True,0.9136075480000001,0.9186108239999999,0.9190253580000001,0.9166618,2,0.9190253580000001,0.00041453400000013296
body_movement,sub-cp026_ses-20210716_level-01B_run-007,sub-cp026,2,0,True,0.9203154399999999,0.919185362,0.921632612,0.9208498219999999,2,0.921632612,0.0007827900000001442
body_movement,sub-cp026_ses-20210716_level-01B_run-012,sub-cp026,2,0,True,0.922817566,0.9190473539999999,0.921748462,0.9225373360000001,0,0.922817566,0.0002802299999998814
body_movement,sub-cp026_ses-20210716_level-02B_run-003,sub-cp026,2,1,True,0.914811276,0.9181619700000001,0.92354579,0.920500882,2,0.92354579,0.003044908000000013
body_movement,sub-cp026_ses-20210716_level-02B_run-008,sub-cp026,2,1,True,0.91735309,0.916447724,0.925393838,0.918777232,2,0.925393838,0.006616605999999914
body_movement,sub-cp026_ses-20210716_level-02B_run-010,sub-cp026,2,1,True,0.912503772,0.91702175,0.91653719,0.9183685479999999,3,0.9183685479999999,0.0013467979999999269
body_movement,sub-cp026_ses-20210716_level-03B_run-002,sub-cp026,2,2,True,0.9109554320000001,0.92188556,0.927102284,0.919295824,2,0.927102284,0.005216724000000061
body_movement,sub-cp026_ses-20210716_level-03B_run-005,sub-cp026,2,2,True,0.89481568,0.9002756399999999,0.8987438680000001,0.903084526,3,0.903084526,0.002808886000000066
body_movement,sub-cp026_ses-20210716_level-03B_run-011,sub-cp026,2,2,True,0.9013711040000001,0.903988618,0.91095574,0.907796074,2,0.91095574,0.003159666000000061
body_movement,sub-cp026_ses-20210716_level-04B_run-004,sub-cp026,2,3,True,0.915558886,0.92024064,0.927335452,0.9199818539999999,2,0.927335452,0.00709481199999995
body_movement,sub-cp026_ses-20210716_level-04B_run-006,sub-cp026,2,3,True,0.916012536,0.9202264299999999,0.922569208,0.9200353800000001,2,0.922569208,0.0023427780000000453
body_movement,sub-cp026_ses-20210716_level-04B_run-009,sub-cp026,2,3,True,0.912234546,0.912182102,0.920793494,0.9182153919999999,2,0.920793494,0.002578102000000082
body_movement,sub-cp027_ses-20210722_level-01B_run-001,sub-cp027,1,0,True,0.8579715240000001,0.871269242,0.8557689720000001,0.8639628119999999,1,0.871269242,0.007306430000000086
body_movement,sub-cp027_ses-20210722_level-01B_run-007,sub-cp027,1,0,True,0.85994069,0.888340128,0.877728398,0.8749157820000001,1,0.888340128,0.01061172999999993
body_movement,sub-cp027_ses-20210722_level-01B_run-012,sub-cp027,1,0,True,0.854346958,0.8738516860000001,0.878615806,0.864161198,2,0.878615806,0.004764119999999927
body_movement,sub-cp027_ses-20210722_level-02B_run-003,sub-cp027,1,1,True,0.839369636,0.859963722,0.851372452,0.85294648,1,0.859963722,0.00701724200000009
body_movement,sub-cp027_ses-20210722_level-02B_run-008,sub-cp027,1,1,True,0.8526704540000001,0.8836567519999999,0.8687863439999999,0.874064322,1,0.8836567519999999,0.009592429999999985
body_movement,sub-cp027_ses-20210722_level-02B_run-010,sub-cp027,1,1,True,0.8563555300000001,0.866745534,0.872052614,0.856349522,2,0.872052614,0.0053070800000000196
body_movement,sub-cp027_ses-20210722_level-03B_run-002,sub-cp027,1,2,True,0.849861784,0.85428471,0.8527880760000001,0.8504711739999999,1,0.85428471,0.0014966339999998857
body_movement,sub-cp027_ses-20210722_level-03B_run-005,sub-cp027,1,2,True,0.847240362,0.8703549840000001,0.8574208240000001,0.8615342760000001,1,0.8703549840000001,0.00882070800000001
body_movement,sub-cp027_ses-20210722_level-03B_run-011,sub-cp027,1,2,True,0.8502239100000001,0.858210626,0.8598052920000001,0.845619732,2,0.8598052920000001,0.0015946660000001334
body_movement,sub-cp027_ses-20210722_level-04B_run-004,sub-cp027,1,3,True,0.84746725,0.865338406,0.852520824,0.861704752,1,0.865338406,0.0036336540000000417
body_movement,sub-cp027_ses-20210722_level-04B_run-006,sub-cp027,1,3,True,0.847569294,0.8651622,0.850772598,0.862061954,1,0.8651622,0.0031002460000000287
body_movement,sub-cp027_ses-20210722_level-04B_run-009,sub-cp027,1,3,True,0.8378790260000001,0.86723213,0.855599658,0.8640942600000001,1,0.86723213,0.003137869999999876
body_movement,sub-cp028_ses-20211214_level-01B_run-001,sub-cp028,5,0,True,0.858505068,0.8589141259999999,0.865687494,0.886503424,3,0.886503424,0.020815930000000038
body_movement,sub-cp028_ses-20211214_level-01B_run-007,sub-cp028,5,0,True,0.8134524280000001,0.8183977600000001,0.794404122,0.810624868,1,0.8183977600000001,0.0049453320000000245
body_movement,sub-cp028_ses-20211214_level-01B_run-012,sub-cp028,5,0,True,0.8330914760000001,0.837182798,0.8136376860000001,0.83436802,1,0.837182798,0.0028147779999999623
body_movement,sub-cp028_ses-20211214_level-02B_run-003,sub-cp028,5,1,True,0.796044686,0.8056639179999999,0.7749413,0.794471604,1,0.8056639179999999,0.009619231999999922
body_movement,sub-cp028_ses-20211214_level-02B_run-008,sub-cp028,5,1,True,0.8754931340000001,0.86621571,0.8602899980000001,0.8731405219999999,0,0.8754931340000001,0.0023526120000001427
body_movement,sub-cp028_ses-20211214_level-02B_run-010,sub-cp028,5,1,True,0.82215094,0.8292856820000001,0.80516719,0.816685638,1,0.8292856820000001,0.007134742000000083
body_movement,sub-cp028_ses-20211214_level-03B_run-002,sub-cp028,5,2,True,0.840545828,0.84203461,0.8423911260000001,0.860513518,3,0.860513518,0.018122391999999876
body_movement,sub-cp028_ses-20211214_level-03B_run-005,sub-cp028,5,2,True,0.8720201620000001,0.850906242,0.8506405100000001,0.8628395940000001,0,0.8720201620000001,0.009180568
body_movement,sub-cp028_ses-20211214_level-03B_run-011,sub-cp028,5,2,True,0.830929064,0.832547208,0.812788552,0.8236510499999999,1,0.832547208,0.0016181440000000435
body_movement,sub-cp028_ses-20211214_level-04B_run-004,sub-cp028,5,3,True,0.884296114,0.8780615279999999,0.901067332,0.894550482,2,0.901067332,0.0065168500000000185
body_movement,sub-cp028_ses-20211214_level-04B_run-006,sub-cp028,5,3,True,0.811870542,0.8124943480000001,0.790570166,0.806095702,1,0.8124943480000001,0.0006238060000001155
body_movement,sub-cp028_ses-20211214_level-04B_run-009,sub-cp028,5,3,True,0.8215474119999999,0.83201155,0.803935158,0.8241682279999999,1,0.83201155,0.007843322000000152
body_movement,sub-cp029_ses-20220119_level-01B_run-001,sub-cp029,4,0,True,0.5131037839999999,0.565388578,0.522817318,0.51323396,1,0.565388578,0.04257126
body_movement,sub-cp029_ses-20220119_level-01B_run-007,sub-cp029,4,0,True,0.516652386,0.547892378,0.52005248,0.50450928,1,0.547892378,0.027839897999999974
body_movement,sub-cp029_ses-20220119_level-01B_run-012,sub-cp029,4,0,True,0.524129508,0.5538474879999999,0.516495498,0.494717148,1,0.5538474879999999,0.02971797999999992
body_movement,sub-cp029_ses-20220119_level-02B_run-003,sub-cp029,4,1,True,0.506178598,0.56107789,0.5162017839999999,0.51599854,1,0.56107789,0.04487610600000003
body_movement,sub-cp029_ses-20220119_level-02B_run-008,sub-cp029,4,1,True,0.51394994,0.559567936,0.5193421500000001,0.5055735,1,0.559567936,0.04022578599999993
body_movement,sub-cp029_ses-20220119_level-02B_run-010,sub-cp029,4,1,True,0.512446518,0.559029,0.526810502,0.491188524,1,0.559029,0.032218497999999984
body_movement,sub-cp029_ses-20220119_level-03B_run-002,sub-cp029,4,2,True,0.5100829680000001,0.566885854,0.523692816,0.5122991459999999,1,0.566885854,0.04319303800000007
body_movement,sub-cp029_ses-20220119_level-03B_run-005,sub-cp029,4,2,True,0.506106324,0.559356544,0.5274304240000001,0.5132170300000001,1,0.559356544,0.03192611999999995
body_movement,sub-cp029_ses-20220119_level-03B_run-011,sub-cp029,4,2,True,0.510338402,0.556206744,0.5189309719999999,0.488598294,1,0.556206744,0.037275772000000096
body_movement,sub-cp029_ses-20220119_level-04B_run-004,sub-cp029,4,3,True,0.5038629240000001,0.563010008,0.5234087599999999,0.52163662,1,0.563010008,0.03960124800000009
body_movement,sub-cp029_ses-20220119_level-04B_run-006,sub-cp029,4,3,True,0.516314104,0.559833318,0.5270539399999999,0.5004909599999999,1,0.559833318,0.03277937800000008
body_movement,sub-cp029_ses-20220119_level-04B_run-009,sub-cp029,4,3,True,0.51125858,0.561537182,0.531645314,0.50785937,1,0.561537182,0.029891867999999988
body_movement,sub-cp030_ses-20211025_level-01B_run-001,sub-cp030,5,0,True,0.9131687639999999,0.900120226,0.8976044999999999,0.903193986,0,0.9131687639999999,0.009974777999999906
body_movement,sub-cp030_ses-20211025_level-01B_run-007,sub-cp030,5,0,True,0.9232508559999999,0.9072510100000001,0.897561494,0.8890080300000001,0,0.9232508559999999,0.015999845999999818
body_movement,sub-cp030_ses-20211025_level-01B_run-012,sub-cp030,5,0,True,0.903775976,0.8893829520000001,0.883130764,0.887492542,0,0.903775976,0.014393023999999977
body_movement,sub-cp030_ses-20211025_level-02B_run-003,sub-cp030,5,1,True,0.9086521340000001,0.90711754,0.900978912,0.895984042,0,0.9086521340000001,0.0015345940000001113
body_movement,sub-cp030_ses-20211025_level-02B_run-008,sub-cp030,5,1,True,0.8902401600000001,0.86048057,0.8674459819999999,0.8688347139999999,0,0.8902401600000001,0.02140544600000016
body_movement,sub-cp030_ses-20211025_level-02B_run-010,sub-cp030,5,1,True,0.892968232,0.873267712,0.876031628,0.8776541,0,0.892968232,0.01531413199999998
body_movement,sub-cp030_ses-20211025_level-03B_run-002,sub-cp030,5,2,True,0.875404048,0.87257442,0.8801193780000001,0.8722088319999999,2,0.8801193780000001,0.0047153300000000176
body_movement,sub-cp030_ses-20211025_level-03B_run-011,sub-cp030,5,2,True,0.905538176,0.9007522659999999,0.893996488,0.8913818360000001,0,0.905538176,0.00478591000000006
body_movement,sub-cp030_ses-20211025_level-04B_run-004,sub-cp030,5,3,True,0.909876658,0.9011577000000001,0.891845704,0.8947327640000001,0,0.909876658,0.008718957999999888
body_movement,sub-cp030_ses-20211025_level-04B_run-006,sub-cp030,5,3,True,0.8966977359999999,0.8888364019999999,0.8969163480000001,0.888909046,2,0.8969163480000001,0.00021861200000017345
body_movement,sub-cp030_ses-20211025_level-04B_run-009,sub-cp030,5,3,True,0.8968983720000001,0.8696661459999999,0.8745934500000001,0.862662122,0,0.8968983720000001,0.022304922000000005
body_movement,sub-cp031_ses-20211216_level-01B_run-001,sub-cp031,2,0,True,0.902341672,0.9127198099999999,0.910761222,0.9058121719999999,1,0.9127198099999999,0.001958587999999928
body_movement,sub-cp031_ses-20211216_level-01B_run-007,sub-cp031,2,0,True,0.902986428,0.911297566,0.9041236319999999,0.9074742280000001,1,0.911297566,0.0038233379999998984
body_movement,sub-cp031_ses-20211216_level-02B_run-003,sub-cp031,2,1,True,0.903001602,0.9067873040000001,0.900696896,0.89684042,1,0.9067873040000001,0.0037857020000000574
body_movement,sub-cp031_ses-20211216_level-02B_run-008,sub-cp031,2,1,True,0.90800202,0.9162889200000001,0.9117721480000001,0.9086825199999999,1,0.9162889200000001,0.004516772000000002
body_movement,sub-cp031_ses-20211216_level-02B_run-010,sub-cp031,2,1,True,0.9113296240000001,0.918460362,0.9140213880000001,0.91015941,1,0.918460362,0.004438973999999929
body_movement,sub-cp031_ses-20211216_level-02B_run-012,sub-cp031,2,1,True,0.9133349080000001,0.917113266,0.909448458,0.9158553900000002,1,0.917113266,0.0012578759999998246
body_movement,sub-cp031_ses-20211216_level-03B_run-002,sub-cp031,2,2,True,0.912177164,0.9185166739999999,0.91795984,0.90707444,1,0.9185166739999999,0.0005568339999999505
body_movement,sub-cp031_ses-20211216_level-03B_run-005,sub-cp031,2,2,True,0.90607878,0.9190387799999999,0.92059946,0.9137570119999999,2,0.92059946,0.001560680000000092
body_movement,sub-cp031_ses-20211216_level-03B_run-011,sub-cp031,2,2,True,0.904226532,0.9184332100000001,0.909923672,0.9130334080000001,1,0.9184332100000001,0.005399802000000009
body_movement,sub-cp031_ses-20211216_level-04B_run-004,sub-cp031,2,3,True,0.9052281000000001,0.915816796,0.9167096259999999,0.90587797,2,0.9167096259999999,0.0008928299999999556
body_movement,sub-cp031_ses-20211216_level-04B_run-006,sub-cp031,2,3,True,0.9040086439999999,0.914402984,0.91198045,0.91107318,1,0.914402984,0.0024225339999999207
body_movement,sub-cp031_ses-20211216_level-04B_run-009,sub-cp031,2,3,True,0.8881475919999999,0.89975259,0.8960795279999999,0.8977168179999999,1,0.89975259,0.0020357720000000468
body_movement,sub-cp032_ses-20211105_level-01B_run-001,sub-cp032,5,0,True,0.9156688880000001,0.914679592,0.906107248,0.8905954359999999,0,0.9156688880000001,0.0009892960000000839
body_movement,sub-cp032_ses-20211105_level-01B_run-007,sub-cp032,5,0,True,0.922215246,0.925434832,0.916899574,0.888136444,1,0.925434832,0.003219585999999941
body_movement,sub-cp032_ses-20211105_level-01B_run-012,sub-cp032,5,0,True,0.92221022,0.930473392,0.917139132,0.8851148999999999,1,0.930473392,0.00826317200000004
body_movement,sub-cp032_ses-20211105_level-02B_run-003,sub-cp032,5,1,True,0.9220066880000001,0.9149576960000001,0.9108948800000001,0.8934793799999999,0,0.9220066880000001,0.007048991999999976
body_movement,sub-cp032_ses-20211105_level-02B_run-008,sub-cp032,5,1,True,0.91922383,0.9300326,0.9190629619999999,0.8919439600000001,1,0.9300326,0.010808770000000023
body_movement,sub-cp032_ses-20211105_level-02B_run-010,sub-cp032,5,1,True,0.9161676679999999,0.9284120080000001,0.918021886,0.88525503,1,0.9284120080000001,0.010390122000000113
body_movement,sub-cp032_ses-20211105_level-03B_run-002,sub-cp032,5,2,True,0.91154291,0.9182523619999999,0.9086695500000002,0.8956706540000001,1,0.9182523619999999,0.006709451999999949
body_movement,sub-cp032_ses-20211105_level-03B_run-005,sub-cp032,5,2,True,0.920717112,0.918291236,0.9113507820000001,0.8882846600000001,0,0.920717112,0.0024258759999999935
body_movement,sub-cp032_ses-20211105_level-03B_run-011,sub-cp032,5,2,True,0.912958784,0.932511742,0.9212806219999999,0.896063418,1,0.932511742,0.011231120000000039
body_movement,sub-cp032_ses-20211105_level-04B_run-004,sub-cp032,5,3,True,0.9121251459999999,0.9124004859999999,0.9080633199999999,0.8934551880000001,1,0.9124004859999999,0.0002753399999999573
body_movement,sub-cp032_ses-20211105_level-04B_run-006,sub-cp032,5,3,True,0.914782372,0.9142624659999999,0.904745178,0.89664356,0,0.914782372,0.0005199060000000699
body_movement,sub-cp032_ses-20211105_level-04B_run-009,sub-cp032,5,3,True,0.906167928,0.9298345040000001,0.917762798,0.9010651380000001,1,0.9298345040000001,0.012071706000000071
body_movement,sub-cp033_ses-20211215_level-01B_run-001,sub-cp033,1,0,True,0.8620933080000001,0.883355438,0.8941545659999999,0.8872398799999999,2,0.8941545659999999,0.006914686000000003
body_movement,sub-cp033_ses-20211215_level-01B_run-007,sub-cp033,1,0,True,0.877160458,0.87742769,0.89125848,0.874619298,2,0.89125848,0.013830789999999982
body_movement,sub-cp033_ses-20211215_level-01B_run-012,sub-cp033,1,0,True,0.8734913000000001,0.895564884,0.8891767139999999,0.898708486,3,0.898708486,0.0031436019999999676
body_movement,sub-cp033_ses-20211215_level-02B_run-003,sub-cp033,1,1,True,0.828612522,0.824061808,0.8384288959999999,0.830729622,2,0.8384288959999999,0.007699273999999923
body_movement,sub-cp033_ses-20211215_level-02B_run-008,sub-cp033,1,1,True,0.8762727979999999,0.8905508259999999,0.8879837479999999,0.879716468,1,0.8905508259999999,0.0025670780000000004
body_movement,sub-cp033_ses-20211215_level-02B_run-010,sub-cp033,1,1,True,0.86448147,0.8688322660000001,0.873471202,0.863810344,2,0.873471202,0.004638935999999871
body_movement,sub-cp033_ses-20211215_level-03B_run-002,sub-cp033,1,2,True,0.857921814,0.8839317400000001,0.89216633,0.886930188,2,0.89216633,0.005236141999999999
body_movement,sub-cp033_ses-20211215_level-03B_run-005,sub-cp033,1,2,True,0.86418762,0.8869273740000001,0.89065022,0.8898132219999999,2,0.89065022,0.0008369980000001442
body_movement,sub-cp033_ses-20211215_level-03B_run-011,sub-cp033,1,2,True,0.8738411420000001,0.88657056,0.890019774,0.8801464400000001,2,0.890019774,0.0034492139999999782
body_movement,sub-cp033_ses-20211215_level-04B_run-004,sub-cp033,1,3,True,0.8617569460000001,0.8960964920000001,0.891173202,0.889874782,1,0.8960964920000001,0.004923290000000025
body_movement,sub-cp033_ses-20211215_level-04B_run-006,sub-cp033,1,3,True,0.86966556,0.887691764,0.888758842,0.8800877100000001,2,0.888758842,0.0010670779999999436
body_movement,sub-cp033_ses-20211215_level-04B_run-009,sub-cp033,1,3,True,0.87458077,0.8857397239999999,0.8844977159999999,0.876704838,1,0.8857397239999999,0.0012420079999999611
body_movement,sub-cp035_ses-20220125_level-01B_run-001,sub-cp035,5,0,True,0.889514638,0.9168984659999999,0.913438556,0.88848032,1,0.9168984659999999,0.0034599099999998995
body_movement,sub-cp035_ses-20220125_level-01B_run-007,sub-cp035,5,0,True,0.8721418059999999,0.87371468,0.880280842,0.8603960479999999,2,0.880280842,0.006566162000000042
body_movement,sub-cp035_ses-20220125_level-01B_run-012,sub-cp035,5,0,True,0.906360168,0.91174818,0.9089948299999999,0.8873513940000001,1,0.91174818,0.0027533500000000988
body_movement,sub-cp035_ses-20220125_level-02B_run-003,sub-cp035,5,1,True,0.8831770000000001,0.8951393400000001,0.8933495779999999,0.887079664,1,0.8951393400000001,0.001789762000000139
body_movement,sub-cp035_ses-20220125_level-02B_run-008,sub-cp035,5,1,True,0.9017455999999999,0.9214138359999999,0.925255874,0.8954407480000001,2,0.925255874,0.0038420380000000476
body_movement,sub-cp035_ses-20220125_level-02B_run-010,sub-cp035,5,1,True,0.8816265980000001,0.8839759340000001,0.9038214200000001,0.8703273380000001,2,0.9038214200000001,0.019845486000000023
body_movement,sub-cp035_ses-20220125_level-03B_run-002,sub-cp035,5,2,True,0.885129572,0.8978298020000001,0.90607102,0.882900362,2,0.90607102,0.008241217999999884
body_movement,sub-cp035_ses-20220125_level-03B_run-005,sub-cp035,5,2,True,0.8811998300000001,0.901594774,0.899152512,0.8836185719999999,1,0.901594774,0.002442261999999973
body_movement,sub-cp035_ses-20220125_level-03B_run-011,sub-cp035,5,2,True,0.891943594,0.9022238120000001,0.9067631500000001,0.8729336059999999,2,0.9067631500000001,0.004539337999999948
body_movement,sub-cp035_ses-20220125_level-04B_run-004,sub-cp035,5,3,True,0.876511146,0.8895533099999999,0.87887716,0.898191428,3,0.898191428,0.008638118000000028
body_movement,sub-cp035_ses-20220125_level-04B_run-006,sub-cp035,5,3,True,0.89186932,0.910682188,0.911915652,0.895939476,2,0.911915652,0.0012334640000000174
body_movement,sub-cp035_ses-20220125_level-04B_run-009,sub-cp035,5,3,True,0.89271519,0.9043082339999999,0.905144054,0.8804629179999999,2,0.905144054,0.0008358200000000426
body_movement,sub-cp036_ses-20211218_level-01B_run-001,sub-cp036,4,0,True,0.510602518,0.540327348,0.5316913700000001,0.523153428,1,0.540327348,0.008635977999999933
body_movement,sub-cp036_ses-20211218_level-01B_run-007,sub-cp036,4,0,True,0.50705811,0.52358392,0.528507228,0.5229954720000001,2,0.528507228,0.004923308000000071
body_movement,sub-cp036_ses-20211218_level-01B_run-012,sub-cp036,4,0,True,0.502738438,0.523341402,0.5173378559999999,0.506940632,1,0.523341402,0.006003546000000082
body_movement,sub-cp036_ses-20211218_level-02B_run-003,sub-cp036,4,1,True,0.496614008,0.5218525599999999,0.497115474,0.47761436999999995,1,0.5218525599999999,0.024737085999999908
body_movement,sub-cp036_ses-20211218_level-02B_run-008,sub-cp036,4,1,True,0.47489966599999994,0.49637502,0.474512178,0.4662290720000001,1,0.49637502,0.021475354000000058
body_movement,sub-cp036_ses-20211218_level-02B_run-010,sub-cp036,4,1,True,0.459426748,0.490529982,0.456241728,0.46021548799999995,1,0.490529982,0.030314494000000025
body_movement,sub-cp036_ses-20211218_level-03B_run-002,sub-cp036,4,2,True,0.491074904,0.520379228,0.495761976,0.477782654,1,0.520379228,0.024617252000000034
body_movement,sub-cp036_ses-20211218_level-03B_run-005,sub-cp036,4,2,True,0.48473779399999994,0.52241113,0.49168771600000005,0.48542053799999996,1,0.52241113,0.030723413999999893
body_movement,sub-cp036_ses-20211218_level-03B_run-011,sub-cp036,4,2,True,0.498703494,0.518359424,0.508069198,0.49997720799999995,1,0.518359424,0.010290225999999958
body_movement,sub-cp036_ses-20211218_level-04B_run-004,sub-cp036,4,3,True,0.502291194,0.5357503,0.514812378,0.49833107400000004,1,0.5357503,0.020937921999999998
body_movement,sub-cp036_ses-20211218_level-04B_run-006,sub-cp036,4,3,True,0.490208262,0.522785396,0.498755336,0.487727218,1,0.522785396,0.024030059999999964
body_movement,sub-cp036_ses-20211218_level-04B_run-009,sub-cp036,4,3,True,0.47970825,0.5079892260000001,0.49335715599999996,0.487988336,1,0.5079892260000001,0.014632070000000108
body_movement,sub-cp037_ses-20210113_level-01B_run-001,sub-cp037,3,0,True,0.629293128,0.66359598,0.66477631,0.66554048,3,0.66554048,0.0007641699999999529
body_movement,sub-cp037_ses-20210113_level-01B_run-007,sub-cp037,3,0,True,0.66751284,0.696894612,0.68023605,0.679568386,1,0.696894612,0.016658562000000043
body_movement,sub-cp037_ses-20210113_level-01B_run-012,sub-cp037,3,0,True,0.6784125599999999,0.695033826,0.680214008,0.670311614,1,0.695033826,0.014819817999999985
body_movement,sub-cp037_ses-20210113_level-02B_run-003,sub-cp037,3,1,True,0.653101208,0.679304346,0.6756843499999999,0.6757660480000001,1,0.679304346,0.0035382979999999398
body_movement,sub-cp037_ses-20210113_level-02B_run-008,sub-cp037,3,1,True,0.644253528,0.6883930859999999,0.6827498399999999,0.6976409720000001,3,0.6976409720000001,0.00924788600000015
body_movement,sub-cp037_ses-20210113_level-02B_run-010,sub-cp037,3,1,True,0.659280128,0.688254626,0.6938086,0.6931487,2,0.6938086,0.0006599000000000466
body_movement,sub-cp037_ses-20210113_level-03B_run-002,sub-cp037,3,2,True,0.648881994,0.67295668,0.673271192,0.679626966,3,0.679626966,0.006355774000000092
body_movement,sub-cp037_ses-20210113_level-03B_run-005,sub-cp037,3,2,True,0.657471068,0.684209084,0.676932634,0.6695720599999999,1,0.684209084,0.00727644999999999
body_movement,sub-cp037_ses-20210113_level-03B_run-011,sub-cp037,3,2,True,0.663109364,0.697866408,0.68510805,0.673979166,1,0.697866408,0.012758358000000025
body_movement,sub-cp037_ses-20210113_level-04B_run-004,sub-cp037,3,3,True,0.649980706,0.6807855820000001,0.6791401579999999,0.6744484359999999,1,0.6807855820000001,0.0016454240000001175
body_movement,sub-cp037_ses-20210113_level-04B_run-006,sub-cp037,3,3,True,0.650868362,0.678698802,0.6739113320000001,0.675414772,1,0.678698802,0.0032840299999999933
body_movement,sub-cp037_ses-20210113_level-04B_run-009,sub-cp037,3,3,True,0.65938885,0.693059442,0.6889794979999999,0.677855806,1,0.693059442,0.004079944000000113
body_movement,sub-cp038_ses-20220112_level-01B_run-001,sub-cp038,2,0,True,0.8651538179999999,0.8581625340000001,0.86215536,0.866016904,3,0.866016904,0.0008630860000000684
body_movement,sub-cp038_ses-20220112_level-01B_run-007,sub-cp038,2,0,True,0.861833524,0.8563232620000001,0.855767266,0.8650272539999999,3,0.8650272539999999,0.0031937299999998947
body_movement,sub-cp038_ses-20220112_level-01B_run-012,sub-cp038,2,0,True,0.8579858939999999,0.857496162,0.85373793,0.866802618,3,0.866802618,0.008816724000000109
body_movement,sub-cp038_ses-20220112_level-02B_run-003,sub-cp038,2,1,True,0.8623982760000001,0.860505906,0.8616203800000001,0.8692614580000001,3,0.8692614580000001,0.006863182000000023
body_movement,sub-cp038_ses-20220112_level-02B_run-008,sub-cp038,2,1,True,0.87286816,0.86263632,0.86551569,0.8707430159999999,0,0.87286816,0.0021251440000000787
body_movement,sub-cp038_ses-20220112_level-02B_run-010,sub-cp038,2,1,True,0.866568992,0.8617623780000001,0.85950686,0.86753718,3,0.86753718,0.000968187999999981
body_movement,sub-cp038_ses-20220112_level-03B_run-002,sub-cp038,2,2,True,0.863151738,0.863211636,0.8623671500000001,0.87106393,3,0.87106393,0.007852294000000093
body_movement,sub-cp038_ses-20220112_level-03B_run-005,sub-cp038,2,2,True,0.868009554,0.863005834,0.8636599799999999,0.871236468,3,0.871236468,0.0032269139999999696
body_movement,sub-cp038_ses-20220112_level-03B_run-011,sub-cp038,2,2,True,0.855799338,0.8528536540000001,0.85153371,0.8580760319999999,3,0.8580760319999999,0.002276693999999968
body_movement,sub-cp038_ses-20220112_level-04B_run-004,sub-cp038,2,3,True,0.8497959720000001,0.8512143139999999,0.8498580199999999,0.8607302220000002,3,0.8607302220000002,0.00951590800000024
body_movement,sub-cp038_ses-20220112_level-04B_run-006,sub-cp038,2,3,True,0.8630616,0.8656306380000001,0.863409116,0.8724367080000001,3,0.8724367080000001,0.006806069999999997
body_movement,sub-cp038_ses-20220112_level-04B_run-009,sub-cp038,2,3,True,0.866748494,0.860985794,0.8584530879999999,0.864800082,0,0.866748494,0.001948411999999955
body_movement,sub-cp039_ses-20211219_level-01B_run-001,sub-cp039,1,0,True,0.8545498800000001,0.8439010979999999,0.8499451520000001,0.8335487,0,0.8545498800000001,0.004604728000000002
body_movement,sub-cp039_ses-20211219_level-01B_run-007,sub-cp039,1,0,True,0.869425726,0.879252396,0.864972596,0.870144152,1,0.879252396,0.009108244000000099
body_movement,sub-cp039_ses-20211219_level-01B_run-012,sub-cp039,1,0,True,0.86393924,0.878827928,0.8678121000000001,0.8656707459999999,1,0.878827928,0.011015827999999894
body_movement,sub-cp039_ses-20211219_level-02B_run-003,sub-cp039,1,1,True,0.87043138,0.8644289199999999,0.860103706,0.8570535400000001,0,0.87043138,0.006002460000000043
body_movement,sub-cp039_ses-20211219_level-02B_run-008,sub-cp039,1,1,True,0.84774446,0.8529439679999999,0.85141763,0.861138012,3,0.861138012,0.008194044000000011
body_movement,sub-cp039_ses-20211219_level-02B_run-010,sub-cp039,1,1,True,0.85316341,0.857168834,0.856382762,0.857585504,3,0.857585504,0.00041667000000000787
body_movement,sub-cp039_ses-20211219_level-03B_run-002,sub-cp039,1,2,True,0.85798457,0.8604318320000001,0.8557599339999999,0.8614721,3,0.8614721,0.0010402679999998998
body_movement,sub-cp039_ses-20211219_level-03B_run-005,sub-cp039,1,2,True,0.87965734,0.885433216,0.87040916,0.8678647319999999,1,0.885433216,0.005775876000000069
body_movement,sub-cp039_ses-20211219_level-03B_run-011,sub-cp039,1,2,True,0.843339476,0.8332444179999999,0.8341470660000001,0.8254817259999999,0,0.843339476,0.009192409999999929
body_movement,sub-cp039_ses-20211219_level-04B_run-004,sub-cp039,1,3,True,0.829124242,0.832266604,0.8401669999999999,0.834954376,2,0.8401669999999999,0.005212623999999888
body_movement,sub-cp039_ses-20211219_level-04B_run-006,sub-cp039,1,3,True,0.8653824099999999,0.870909344,0.8671900459999999,0.8562805920000001,1,0.870909344,0.0037192980000000375
body_movement,sub-cp039_ses-20211219_level-04B_run-009,sub-cp039,1,3,True,0.8498518799999999,0.8582100799999999,0.8630500839999999,0.855967866,2,0.8630500839999999,0.004840004000000064
body_movement,sub-cp042_ses-20220111_level-01B_run-001,sub-cp042,4,0,True,0.513864908,0.551635984,0.5296878599999999,0.50009258,1,0.551635984,0.021948124000000124
body_movement,sub-cp042_ses-20220111_level-01B_run-007,sub-cp042,4,0,True,0.51159067,0.563780786,0.514681982,0.49395817399999997,1,0.563780786,0.049098803999999996
body_movement,sub-cp042_ses-20220111_level-01B_run-012,sub-cp042,4,0,True,0.510379006,0.54753608,0.520705588,0.5069544859999999,1,0.54753608,0.026830491999999984
body_movement,sub-cp042_ses-20220111_level-02B_run-003,sub-cp042,4,1,True,0.51727636,0.556811908,0.527005236,0.49600032799999993,1,0.556811908,0.02980667199999998
body_movement,sub-cp042_ses-20220111_level-02B_run-008,sub-cp042,4,1,True,0.50995329,0.563634172,0.521578622,0.520330914,1,0.563634172,0.04205554999999994
body_movement,sub-cp042_ses-20220111_level-02B_run-010,sub-cp042,4,1,True,0.502306742,0.55330254,0.5244206699999999,0.5024813800000001,1,0.55330254,0.028881870000000087
body_movement,sub-cp042_ses-20220111_level-03B_run-002,sub-cp042,4,2,True,0.508422704,0.55546562,0.527529408,0.507494966,1,0.55546562,0.02793621199999996
body_movement,sub-cp042_ses-20220111_level-03B_run-005,sub-cp042,4,2,True,0.46808987999999996,0.5348084,0.48746557399999996,0.483852934,1,0.5348084,0.047342826000000005
body_movement,sub-cp042_ses-20220111_level-03B_run-011,sub-cp042,4,2,True,0.51419357,0.550201272,0.545576888,0.506001238,1,0.550201272,0.004624383999999981
body_movement,sub-cp042_ses-20220111_level-04B_run-004,sub-cp042,4,3,True,0.504803134,0.54733155,0.531097964,0.502361904,1,0.54733155,0.016233586000000022
body_movement,sub-cp042_ses-20220111_level-04B_run-006,sub-cp042,4,3,True,0.513304746,0.5528342239999999,0.519010668,0.50699821,1,0.5528342239999999,0.03382355599999998
body_movement,sub-cp042_ses-20220111_level-04B_run-009,sub-cp042,4,3,True,0.51055991,0.55412138,0.520745238,0.507563422,1,0.55412138,0.03337614199999994
body_movement,sub-cp043_ses-20220127_level-01B_run-001,sub-cp043,1,0,True,0.857275396,0.8708591999999999,0.8720397240000001,0.8685682699999999,2,0.8720397240000001,0.0011805240000001271
body_movement,sub-cp043_ses-20220127_level-01B_run-007,sub-cp043,1,0,True,0.874893098,0.882378818,0.880059754,0.8741463919999999,1,0.882378818,0.0023190639999999263
body_movement,sub-cp043_ses-20220127_level-01B_run-012,sub-cp043,1,0,True,0.8742858439999999,0.8770578199999999,0.886262668,0.8707377599999999,2,0.886262668,0.009204848000000099
body_movement,sub-cp043_ses-20220127_level-02B_run-003,sub-cp043,1,1,True,0.868602286,0.8629992380000001,0.870859058,0.862448608,2,0.870859058,0.0022567719999999625
body_movement,sub-cp043_ses-20220127_level-02B_run-008,sub-cp043,1,1,True,0.862173966,0.8878824980000001,0.891005846,0.875506526,2,0.891005846,0.0031233479999999147
body_movement,sub-cp043_ses-20220127_level-02B_run-010,sub-cp043,1,1,True,0.863834854,0.8809226000000001,0.8843579260000001,0.8758985280000001,2,0.8843579260000001,0.003435325999999961
body_movement,sub-cp043_ses-20220127_level-03B_run-002,sub-cp043,1,2,True,0.856224214,0.890200052,0.8885163840000001,0.874141112,1,0.890200052,0.0016836679999998605
body_movement,sub-cp043_ses-20220127_level-03B_run-005,sub-cp043,1,2,True,0.86396056,0.87809936,0.882972158,0.874790584,2,0.882972158,0.004872797999999956
body_movement,sub-cp043_ses-20220127_level-03B_run-011,sub-cp043,1,2,True,0.8578725800000001,0.8820293319999999,0.8914776019999999,0.8745337479999999,2,0.8914776019999999,0.009448270000000036
body_movement,sub-cp043_ses-20220127_level-04B_run-004,sub-cp043,1,3,True,0.851148942,0.880346014,0.8883355959999999,0.876646734,2,0.8883355959999999,0.007989581999999884
body_movement,sub-cp043_ses-20220127_level-04B_run-006,sub-cp043,1,3,True,0.8563295200000001,0.8769351180000001,0.8875778719999999,0.871589302,2,0.8875778719999999,0.01064275399999981
body_movement,sub-cp043_ses-20220127_level-04B_run-009,sub-cp043,1,3,True,0.8596123280000001,0.8861568439999999,0.8794281359999999,0.865766854,1,0.8861568439999999,0.006728708000000028
eye_tracking_features,sub-cp003_ses-20210206_level-01B_run-001,sub-cp003,4,0,False,0.48205739400000003,0.500286292,0.533894978,0.45302280800000005,2,0.533894978,0.033608686
eye_tracking_features,sub-cp003_ses-20210206_level-01B_run-007,sub-cp003,4,0,False,0.48205739400000003,0.500286292,0.533894978,0.45302280800000005,2,0.533894978,0.033608686
eye_tracking_features,sub-cp003_ses-20210206_level-01B_run-012,sub-cp003,4,0,False,0.48205739400000003,0.500286292,0.533894978,0.45302280800000005,2,0.533894978,0.033608686
eye_tracking_features,sub-cp003_ses-20210206_level-02B_run-003,sub-cp003,4,1,False,0.48205739400000003,0.500286292,0.533894978,0.45302280800000005,2,0.533894978,0.033608686
eye_tracking_features,sub-cp003_ses-20210206_level-02B_run-008,sub-cp003,4,1,False,0.48205739400000003,0.500286292,0.533894978,0.45302280800000005,2,0.533894978,0.033608686
eye_tracking_features,sub-cp003_ses-20210206_level-02B_run-010,sub-cp003,4,1,False,0.48205739400000003,0.500286292,0.533894978,0.45302280800000005,2,0.533894978,0.033608686
eye_tracking_features,sub-cp003_ses-20210206_level-03B_run-002,sub-cp003,4,2,False,0.48205739400000003,0.500286292,0.533894978,0.45302280800000005,2,0.533894978,0.033608686
eye_tracking_features,sub-cp003_ses-20210206_level-03B_run-005,sub-cp003,4,2,False,0.48205739400000003,0.500286292,0.533894978,0.45302280800000005,2,0.533894978,0.033608686
eye_tracking_features,sub-cp003_ses-20210206_level-03B_run-011,sub-cp003,4,2,False,0.48205739400000003,0.500286292,0.533894978,0.45302280800000005,2,0.533894978,0.033608686
eye_tracking_features,sub-cp003_ses-20210206_level-04B_run-004,sub-cp003,4,3,False,0.48205739400000003,0.500286292,0.533894978,0.45302280800000005,2,0.533894978,0.033608686
eye_tracking_features,sub-cp003_ses-20210206_level-04B_run-006,sub-cp003,4,3,False,0.48205739400000003,0.500286292,0.533894978,0.45302280800000005,2,0.533894978,0.033608686
eye_tracking_features,sub-cp003_ses-20210206_level-04B_run-009,sub-cp003,4,3,False,0.48205739400000003,0.500286292,0.533894978,0.45302280800000005,2,0.533894978,0.033608686
eye_tracking_features,sub-cp004_ses-20210330_level-01B_run-001,sub-cp004,1,0,True,0.8704126600000001,0.852746222,0.839714048,0.82381861,0,0.8704126600000001,0.017666438000000007
eye_tracking_features,sub-cp004_ses-20210330_level-01B_run-007,sub-cp004,1,0,True,0.8720690019999999,0.873273356,0.8547274699999999,0.8449666020000001,1,0.873273356,0.001204354000000074
eye_tracking_features,sub-cp004_ses-20210330_level-01B_run-012,sub-cp004,1,0,True,0.85098616,0.827943958,0.823708482,0.8366862559999999,0,0.85098616,0.014299904000000141
eye_tracking_features,sub-cp004_ses-20210330_level-02B_run-003,sub-cp004,1,1,True,0.81989394,0.830321356,0.825967728,0.8247043919999999,1,0.830321356,0.004353628000000054
eye_tracking_features,sub-cp004_ses-20210330_level-02B_run-008,sub-cp004,1,1,True,0.8746145220000001,0.8715764079999999,0.860307988,0.8462324920000001,0,0.8746145220000001,0.0030381140000002027
eye_tracking_features,sub-cp004_ses-20210330_level-02B_run-010,sub-cp004,1,1,True,0.841651962,0.8450669980000001,0.8343320999999999,0.82621193,1,0.8450669980000001,0.003415036000000038
eye_tracking_features,sub-cp004_ses-20210330_level-03B_run-002,sub-cp004,1,2,True,0.8407347919999999,0.8445222539999999,0.838613406,0.8527148959999999,3,0.8527148959999999,0.008192642000000028
eye_tracking_features,sub-cp004_ses-20210330_level-03B_run-005,sub-cp004,1,2,True,0.849364514,0.831440422,0.857153866,0.820676752,2,0.857153866,0.007789351999999972
eye_tracking_features,sub-cp004_ses-20210330_level-03B_run-011,sub-cp004,1,2,True,0.8544736159999999,0.866035836,0.8627993780000001,0.8567216,1,0.866035836,0.003236457999999942
eye_tracking_features,sub-cp004_ses-20210330_level-04B_run-004,sub-cp004,1,3,True,0.844226454,0.858097886,0.8618119780000001,0.8744040399999999,3,0.8744040399999999,0.012592061999999848
eye_tracking_features,sub-cp004_ses-20210330_level-04B_run-006,sub-cp004,1,3,True,0.844436412,0.84588471,0.844083878,0.8566671960000001,3,0.8566671960000001,0.010782486000000091
eye_tracking_features,sub-cp004_ses-20210330_level-04B_run-009,sub-cp004,1,3,True,0.87879124,0.854485972,0.8607760859999999,0.8466994480000001,0,0.87879124,0.01801515400000009
eye_tracking_features,sub-cp005_ses-20210226_level-01B_run-001,sub-cp005,5,0,True,0.82952894,0.841815228,0.8097103880000001,0.817076696,1,0.841815228,0.012286287999999979
eye_tracking_features,sub-cp005_ses-20210226_level-01B_run-007,sub-cp005,5,0,True,0.813160814,0.8515118100000001,0.8346709019999998,0.840065898,1,0.8515118100000001,0.011445912000000114
eye_tracking_features,sub-cp005_ses-20210226_level-01B_run-012,sub-cp005,5,0,True,0.8442927499999999,0.843785786,0.836700336,0.8409237299999999,0,0.8442927499999999,0.0005069639999999431
eye_tracking_features,sub-cp005_ses-20210226_level-02B_run-003,sub-cp005,5,1,True,0.8523994800000001,0.86428729,0.85258258,0.86448663,3,0.86448663,0.0001993399999999923
eye_tracking_features,sub-cp005_ses-20210226_level-02B_run-008,sub-cp005,5,1,True,0.8190043020000001,0.854813562,0.8714002539999999,0.8618183800000001,2,0.8714002539999999,0.009581873999999768
eye_tracking_features,sub-cp005_ses-20210226_level-02B_run-010,sub-cp005,5,1,True,0.8444736340000001,0.865233266,0.8742793320000001,0.8710618739999999,2,0.8742793320000001,0.003217458000000173
eye_tracking_features,sub-cp005_ses-20210226_level-03B_run-002,sub-cp005,5,2,True,0.8471783540000001,0.844522602,0.833140004,0.8382488200000001,0,0.8471783540000001,0.0026557520000001222
eye_tracking_features,sub-cp005_ses-20210226_level-03B_run-005,sub-cp005,5,2,True,0.816314532,0.8593760899999999,0.871085702,0.861146014,2,0.871085702,0.009939688000000002
eye_tracking_features,sub-cp005_ses-20210226_level-03B_run-011,sub-cp005,5,2,True,0.846904288,0.871670792,0.87565928,0.8732640400000001,2,0.87565928,0.0023952399999999097
eye_tracking_features,sub-cp005_ses-20210226_level-04B_run-004,sub-cp005,5,3,True,0.84133257,0.83788932,0.8280687499999999,0.828712278,0,0.84133257,0.0034432499999998978
eye_tracking_features,sub-cp005_ses-20210226_level-04B_run-006,sub-cp005,5,3,True,0.825514134,0.8520621159999999,0.86601788,0.856692842,2,0.86601788,0.009325038000000063
eye_tracking_features,sub-cp005_ses-20210226_level-04B_run-009,sub-cp005,5,3,True,0.8443094200000001,0.86146957,0.866948772,0.871663642,3,0.871663642,0.004714870000000038
eye_tracking_features,sub-cp006_ses-20210324_level-01B_run-001,sub-cp006,4,0,True,0.49373481799999996,0.49886422399999997,0.48562964,0.40568257599999996,1,0.49886422399999997,0.005129406000000003
eye_tracking_features,sub-cp006_ses-20210324_level-01B_run-007,sub-cp006,4,0,True,0.44021098,0.46918828,0.473463528,0.39870281199999996,2,0.473463528,0.004275248000000009
eye_tracking_features,sub-cp006_ses-20210324_level-01B_run-012,sub-cp006,4,0,True,0.45355551600000005,0.51085986,0.49953604800000007,0.42646603,1,0.51085986,0.011323811999999989
eye_tracking_features,sub-cp006_ses-20210324_level-02B_run-003,sub-cp006,4,1,True,0.467230712,0.507365732,0.51458854,0.447790974,2,0.51458854,0.0072228079999999695
eye_tracking_features,sub-cp006_ses-20210324_level-02B_run-008,sub-cp006,4,1,True,0.41712457399999997,0.5216937639999999,0.49988450799999995,0.442591304,1,0.5216937639999999,0.021809255999999944
eye_tracking_features,sub-cp006_ses-20210324_level-02B_run-010,sub-cp006,4,1,True,0.421082254,0.48096173799999997,0.500687702,0.45361840999999997,2,0.500687702,0.01972596400000004
eye_tracking_features,sub-cp006_ses-20210324_level-03B_run-002,sub-cp006,4,2,True,0.436144632,0.460530872,0.5450752719999999,0.476499614,2,0.5450752719999999,0.06857565799999993
eye_tracking_features,sub-cp006_ses-20210324_level-03B_run-005,sub-cp006,4,2,True,0.4113961,0.47909401999999995,0.51699471,0.43832648599999996,2,0.51699471,0.037900690000000015
eye_tracking_features,sub-cp006_ses-20210324_level-03B_run-011,sub-cp006,4,2,True,0.40930356,0.48671618800000005,0.513579162,0.44488183800000003,2,0.513579162,0.02686297399999993
eye_tracking_features,sub-cp006_ses-20210324_level-04B_run-004,sub-cp006,4,3,True,0.456614878,0.47750458,0.52718622,0.494003878,2,0.52718622,0.03318234200000003
eye_tracking_features,sub-cp006_ses-20210324_level-04B_run-006,sub-cp006,4,3,True,0.41308403,0.478342226,0.505854684,0.43201103199999996,2,0.505854684,0.027512458000000017
eye_tracking_features,sub-cp006_ses-20210324_level-04B_run-009,sub-cp006,4,3,True,0.413176306,0.48390168200000006,0.526534568,0.453288188,2,0.526534568,0.042632885999999925
eye_tracking_features,sub-cp008_ses-20210503_level-01B_run-001,sub-cp008,3,0,True,0.8135134799999999,0.820811852,0.8193029879999999,0.798995384,1,0.820811852,0.0015088640000000542
eye_tracking_features,sub-cp008_ses-20210503_level-01B_run-007,sub-cp008,3,0,True,0.778773072,0.768309012,0.79130731,0.730430956,2,0.79130731,0.012534237999999975
eye_tracking_features,sub-cp008_ses-20210503_level-01B_run-012,sub-cp008,3,0,True,0.81663064,0.796389956,0.791721906,0.790527706,0,0.81663064,0.02024068400000001
eye_tracking_features,sub-cp008_ses-20210503_level-02B_run-003,sub-cp008,3,1,True,0.729301302,0.764754418,0.7531041700000001,0.75486274,1,0.764754418,0.009891678000000015
eye_tracking_features,sub-cp008_ses-20210503_level-02B_run-008,sub-cp008,3,1,True,0.81897635,0.825252198,0.829430648,0.8257286199999999,2,0.829430648,0.0037020280000000794
eye_tracking_features,sub-cp008_ses-20210503_level-02B_run-010,sub-cp008,3,1,True,0.821566114,0.821328584,0.793068646,0.778456448,0,0.821566114,0.00023753000000004132
eye_tracking_features,sub-cp008_ses-20210503_level-03B_run-002,sub-cp008,3,2,True,0.727995978,0.7483261600000001,0.73273669,0.739237312,1,0.7483261600000001,0.009088848000000094
eye_tracking_features,sub-cp008_ses-20210503_level-03B_run-005,sub-cp008,3,2,True,0.70650512,0.7502724080000001,0.73836938,0.740455874,1,0.7502724080000001,0.009816534000000043
eye_tracking_features,sub-cp008_ses-20210503_level-03B_run-011,sub-cp008,3,2,True,0.817937128,0.82292471,0.8242662380000001,0.8112796660000001,2,0.8242662380000001,0.0013415280000000918
eye_tracking_features,sub-cp008_ses-20210503_level-04B_run-004,sub-cp008,3,3,True,0.701072,0.755816644,0.753738716,0.747887112,1,0.755816644,0.002077928000000062
eye_tracking_features,sub-cp008_ses-20210503_level-04B_run-006,sub-cp008,3,3,True,0.71452911,0.737486696,0.73647852,0.754365006,3,0.754365006,0.016878309999999952
eye_tracking_features,sub-cp008_ses-20210503_level-04B_run-009,sub-cp008,3,3,True,0.72792556,0.754081234,0.7403333219999999,0.74639548,1,0.754081234,0.007685754000000045
eye_tracking_features,sub-cp009_ses-20210129_level-01B_run-001,sub-cp009,2,0,True,0.810101256,0.76669471,0.774909718,0.76587083,0,0.810101256,0.03519153800000008
eye_tracking_features,sub-cp009_ses-20210129_level-01B_run-007,sub-cp009,2,0,True,0.851341794,0.8523167739999999,0.8590252420000001,0.852371288,2,0.8590252420000001,0.0066539540000001285
eye_tracking_features,sub-cp009_ses-20210129_level-01B_run-012,sub-cp009,2,0,True,0.8589902519999999,0.8642117920000001,0.870159006,0.853148262,2,0.870159006,0.0059472139999998674
eye_tracking_features,sub-cp009_ses-20210129_level-02B_run-003,sub-cp009,2,1,True,0.8519216799999999,0.856301038,0.863802286,0.8577579200000001,2,0.863802286,0.006044365999999912
eye_tracking_features,sub-cp009_ses-20210129_level-02B_run-008,sub-cp009,2,1,True,0.859319682,0.868015428,0.8694271519999999,0.856826128,2,0.8694271519999999,0.001411723999999892
eye_tracking_features,sub-cp009_ses-20210129_level-02B_run-010,sub-cp009,2,1,True,0.854807222,0.8570502579999999,0.864389132,0.866569962,3,0.866569962,0.0021808300000000225
eye_tracking_features,sub-cp009_ses-20210129_level-03B_run-002,sub-cp009,2,2,True,0.84191688,0.819316822,0.826832198,0.8173850140000001,0,0.84191688,0.015084682000000016
eye_tracking_features,sub-cp009_ses-20210129_level-03B_run-005,sub-cp009,2,2,True,0.829370698,0.8214894600000001,0.8310554299999999,0.817802734,2,0.8310554299999999,0.0016847319999999666
eye_tracking_features,sub-cp009_ses-20210129_level-03B_run-011,sub-cp009,2,2,True,0.8541272120000001,0.8663614479999999,0.8773593679999999,0.8552448439999999,2,0.8773593679999999,0.010997919999999994
eye_tracking_features,sub-cp009_ses-20210129_level-04B_run-004,sub-cp009,2,3,True,0.80176651,0.793976536,0.790379422,0.783548304,0,0.80176651,0.007789974000000033
eye_tracking_features,sub-cp009_ses-20210129_level-04B_run-006,sub-cp009,2,3,True,0.8652656799999999,0.8481967539999999,0.855585662,0.82657276,0,0.8652656799999999,0.009680017999999957
eye_tracking_features,sub-cp009_ses-20210129_level-04B_run-009,sub-cp009,2,3,True,0.8480847380000001,0.848253326,0.8562932480000001,0.867910762,3,0.867910762,0.011617513999999884
eye_tracking_features,sub-cp011_ses-20210408_level-01B_run-001,sub-cp011,1,0,True,0.8184829,0.8067755560000001,0.80777371,0.8113193259999999,0,0.8184829,0.007163574000000117
eye_tracking_features,sub-cp011_ses-20210408_level-01B_run-007,sub-cp011,1,0,True,0.8586962140000001,0.816801186,0.8115676119999999,0.810678744,0,0.8586962140000001,0.04189502800000011
eye_tracking_features,sub-cp011_ses-20210408_level-01B_run-012,sub-cp011,1,0,True,0.8501623,0.8141318200000001,0.827587198,0.807621968,0,0.8501623,0.022575102000000014
eye_tracking_features,sub-cp011_ses-20210408_level-02B_run-003,sub-cp011,1,1,True,0.786020744,0.788164528,0.782043614,0.7976288119999999,3,0.7976288119999999,0.009464283999999878
eye_tracking_features,sub-cp011_ses-20210408_level-02B_run-008,sub-cp011,1,1,True,0.8358158400000001,0.8368253259999999,0.835165168,0.8416850220000001,3,0.8416850220000001,0.0048596960000001355
eye_tracking_features,sub-cp011_ses-20210408_level-02B_run-010,sub-cp011,1,1,True,0.82617688,0.8252714640000001,0.825386546,0.829007586,3,0.829007586,0.002830706000000016
eye_tracking_features,sub-cp011_ses-20210408_level-03B_run-002,sub-cp011,1,2,True,0.771257716,0.780744242,0.77946106,0.8053304000000001,3,0.8053304000000001,0.02458615800000008
eye_tracking_features,sub-cp011_ses-20210408_level-03B_run-005,sub-cp011,1,2,True,0.8137001899999999,0.801948782,0.8107811180000001,0.8168621139999999,3,0.8168621139999999,0.003161923999999927
eye_tracking_features,sub-cp011_ses-20210408_level-03B_run-011,sub-cp011,1,2,True,0.85386771,0.86217761,0.8608699339999999,0.858771272,1,0.86217761,0.0013076760000001464
eye_tracking_features,sub-cp011_ses-20210408_level-04B_run-004,sub-cp011,1,3,True,0.747198462,0.75423247,0.773533598,0.760039408,2,0.773533598,0.013494189999999961
eye_tracking_features,sub-cp011_ses-20210408_level-04B_run-006,sub-cp011,1,3,True,0.774711612,0.78395767,0.771527212,0.810080112,3,0.810080112,0.026122441999999912
eye_tracking_features,sub-cp011_ses-20210408_level-04B_run-009,sub-cp011,1,3,True,0.832792132,0.82615865,0.817131238,0.824731428,0,0.832792132,0.006633482000000024
eye_tracking_features,sub-cp012_ses-20210723_level-01B_run-001,sub-cp012,4,0,True,0.45473886199999997,0.511217528,0.484755804,0.434852328,1,0.511217528,0.026461723999999964
eye_tracking_features,sub-cp012_ses-20210723_level-01B_run-007,sub-cp012,4,0,True,0.516295814,0.495052058,0.454246676,0.402395762,0,0.516295814,0.021243756000000003
eye_tracking_features,sub-cp012_ses-20210723_level-01B_run-012,sub-cp012,4,0,True,0.547155226,0.492111096,0.445302082,0.395625524,0,0.547155226,0.05504412999999997
eye_tracking_features,sub-cp012_ses-20210723_level-02B_run-003,sub-cp012,4,1,True,0.404067296,0.5064318080000001,0.48945204000000003,0.45523920999999995,1,0.5064318080000001,0.01697976800000006
eye_tracking_features,sub-cp012_ses-20210723_level-02B_run-008,sub-cp012,4,1,True,0.466483152,0.503954372,0.510348646,0.443641716,2,0.510348646,0.006394273999999922
eye_tracking_features,sub-cp012_ses-20210723_level-02B_run-010,sub-cp012,4,1,True,0.42261691,0.519944808,0.47761223199999997,0.44436542,1,0.519944808,0.04233257600000001
eye_tracking_features,sub-cp012_ses-20210723_level-03B_run-002,sub-cp012,4,2,True,0.39861009000000003,0.493897454,0.49742028400000005,0.457804452,2,0.49742028400000005,0.0035228300000000323
eye_tracking_features,sub-cp012_ses-20210723_level-03B_run-005,sub-cp012,4,2,True,0.42739257799999997,0.51545397,0.518692636,0.45931071,2,0.518692636,0.003238666000000001
eye_tracking_features,sub-cp012_ses-20210723_level-03B_run-011,sub-cp012,4,2,True,0.43267402600000004,0.507579524,0.5163152999999999,0.462041112,2,0.5163152999999999,0.008735775999999973
eye_tracking_features,sub-cp012_ses-20210723_level-04B_run-004,sub-cp012,4,3,True,0.39487732200000003,0.446580972,0.51274425,0.530003884,3,0.530003884,0.017259633999999968
eye_tracking_features,sub-cp012_ses-20210723_level-04B_run-006,sub-cp012,4,3,True,0.40167452600000003,0.48887125200000003,0.5257529959999999,0.514086018,2,0.5257529959999999,0.011666977999999939
eye_tracking_features,sub-cp012_ses-20210723_level-04B_run-009,sub-cp012,4,3,True,0.41024518800000004,0.47440655600000003,0.534173148,0.518049672,2,0.534173148,0.01612347600000008
eye_tracking_features,sub-cp013_ses-20210319_level-01B_run-001,sub-cp013,2,0,True,0.836963986,0.849281642,0.84829346,0.85050838,3,0.85050838,0.0012267379999999495
eye_tracking_features,sub-cp013_ses-20210319_level-01B_run-007,sub-cp013,2,0,True,0.8842856400000001,0.88317678,0.8718239799999999,0.8625900339999999,0,0.8842856400000001,0.0011088600000001003
eye_tracking_features,sub-cp013_ses-20210319_level-01B_run-012,sub-cp013,2,0,True,0.89979093,0.888147416,0.88615572,0.8631077340000001,0,0.89979093,0.011643513999999966
eye_tracking_features,sub-cp013_ses-20210319_level-02B_run-003,sub-cp013,2,1,True,0.873799722,0.870784352,0.856450994,0.8590121399999999,0,0.873799722,0.0030153699999999617
eye_tracking_features,sub-cp013_ses-20210319_level-02B_run-008,sub-cp013,2,1,True,0.8352530680000001,0.8283417399999999,0.833794266,0.826805484,0,0.8352530680000001,0.0014588020000001478
eye_tracking_features,sub-cp013_ses-20210319_level-02B_run-010,sub-cp013,2,1,True,0.83820534,0.827909026,0.824840876,0.8189502900000001,0,0.83820534,0.010296313999999973
eye_tracking_features,sub-cp013_ses-20210319_level-03B_run-002,sub-cp013,2,2,True,0.8251632799999999,0.819113328,0.831277808,0.818097552,2,0.831277808,0.006114528000000008
eye_tracking_features,sub-cp013_ses-20210319_level-03B_run-005,sub-cp013,2,2,True,0.844001778,0.8330349619999999,0.8300801339999999,0.8387786,0,0.844001778,0.0052231779999999395
eye_tracking_features,sub-cp013_ses-20210319_level-03B_run-011,sub-cp013,2,2,True,0.8870549999999999,0.876695402,0.870709516,0.862528764,0,0.8870549999999999,0.01035959799999997
eye_tracking_features,sub-cp013_ses-20210319_level-04B_run-004,sub-cp013,2,3,True,0.8540747919999999,0.8491633000000001,0.837642314,0.8333583040000001,0,0.8540747919999999,0.004911491999999851
eye_tracking_features,sub-cp013_ses-20210319_level-04B_run-006,sub-cp013,2,3,True,0.8408131560000001,0.8315436860000001,0.8250312120000001,0.82713596,0,0.8408131560000001,0.009269470000000002
eye_tracking_features,sub-cp013_ses-20210319_level-04B_run-009,sub-cp013,2,3,True,0.8396523979999999,0.8280408359999999,0.819298434,0.817909204,0,0.8396523979999999,0.01161156200000002
eye_tracking_features,sub-cp014_ses-20211112_level-01B_run-001,sub-cp014,3,0,True,0.804733876,0.798215292,0.789132384,0.775630138,0,0.804733876,0.0065185840000000494
eye_tracking_features,sub-cp014_ses-20211112_level-01B_run-007,sub-cp014,3,0,True,0.776270198,0.756450232,0.735445686,0.745269178,0,0.776270198,0.019819966000000022
eye_tracking_features,sub-cp014_ses-20211112_level-01B_run-012,sub-cp014,3,0,True,0.76425805,0.783354742,0.747718872,0.72936946,1,0.783354742,0.01909669199999997
eye_tracking_features,sub-cp014_ses-20211112_level-02B_run-003,sub-cp014,3,1,True,0.78804824,0.772678148,0.7700521119999999,0.76228657,0,0.78804824,0.015370091999999946
eye_tracking_features,sub-cp014_ses-20211112_level-02B_run-008,sub-cp014,3,1,True,0.7674449919999999,0.7781156,0.769269972,0.7663778880000001,1,0.7781156,0.008845627999999994
eye_tracking_features,sub-cp014_ses-20211112_level-02B_run-010,sub-cp014,3,1,True,0.77252992,0.792765124,0.8131223760000001,0.776576996,2,0.8131223760000001,0.02035725200000016
eye_tracking_features,sub-cp014_ses-20211112_level-03B_run-002,sub-cp014,3,2,True,0.768711464,0.779081616,0.765684812,0.7606492859999999,1,0.779081616,0.010370152000000021
eye_tracking_features,sub-cp014_ses-20211112_level-03B_run-005,sub-cp014,3,2,True,0.79341087,0.76988126,0.786092674,0.76974662,0,0.79341087,0.0073181959999999435
eye_tracking_features,sub-cp014_ses-20211112_level-03B_run-011,sub-cp014,3,2,True,0.7603225119999999,0.76525441,0.768036668,0.7708397619999999,3,0.7708397619999999,0.002803093999999895
eye_tracking_features,sub-cp014_ses-20211112_level-04B_run-004,sub-cp014,3,3,True,0.80832592,0.790630844,0.7959019599999999,0.7795173500000001,0,0.80832592,0.012423960000000123
eye_tracking_features,sub-cp014_ses-20211112_level-04B_run-006,sub-cp014,3,3,True,0.7820485859999999,0.7808675540000001,0.783737432,0.774526104,2,0.783737432,0.0016888460000000771
eye_tracking_features,sub-cp014_ses-20211112_level-04B_run-009,sub-cp014,3,3,True,0.793625668,0.7809998260000001,0.772618784,0.76179269,0,0.793625668,0.012625841999999943
eye_tracking_features,sub-cp015_ses-20210504_level-01B_run-001,sub-cp015,2,0,True,0.87520612,0.848052936,0.847412456,0.83011772,0,0.87520612,0.027153183999999997
eye_tracking_features,sub-cp015_ses-20210504_level-01B_run-007,sub-cp015,2,0,True,0.8850897979999999,0.889776708,0.889569502,0.865421872,1,0.889776708,0.00020720600000001532
eye_tracking_features,sub-cp015_ses-20210504_level-01B_run-012,sub-cp015,2,0,True,0.8903517400000001,0.897920122,0.899833918,0.86830356,2,0.899833918,0.0019137959999999676
eye_tracking_features,sub-cp015_ses-20210504_level-02B_run-003,sub-cp015,2,1,True,0.8767988219999999,0.8877255420000001,0.8863239860000001,0.856051588,1,0.8877255420000001,0.001401556000000026
eye_tracking_features,sub-cp015_ses-20210504_level-02B_run-008,sub-cp015,2,1,True,0.880460322,0.890514926,0.893701378,0.859405522,2,0.893701378,0.0031864520000000063
eye_tracking_features,sub-cp015_ses-20210504_level-02B_run-010,sub-cp015,2,1,True,0.856100676,0.8661695220000001,0.87549721,0.8546721460000001,2,0.87549721,0.009327687999999945
eye_tracking_features,sub-cp015_ses-20210504_level-03B_run-002,sub-cp015,2,2,True,0.8605943220000001,0.8535418440000001,0.860609782,0.863566238,3,0.863566238,0.0029564559999999407
eye_tracking_features,sub-cp015_ses-20210504_level-03B_run-005,sub-cp015,2,2,True,0.86379196,0.887217594,0.889777116,0.8674219219999999,2,0.889777116,0.0025595219999999808
eye_tracking_features,sub-cp015_ses-20210504_level-03B_run-011,sub-cp015,2,2,True,0.885984504,0.90106232,0.902389728,0.8687420319999999,2,0.902389728,0.0013274079999999744
eye_tracking_features,sub-cp015_ses-20210504_level-04B_run-004,sub-cp015,2,3,True,0.8708623,0.882042888,0.8860904380000001,0.88951601,3,0.88951601,0.0034255719999999323
eye_tracking_features,sub-cp015_ses-20210504_level-04B_run-006,sub-cp015,2,3,True,0.84706799,0.8757600059999999,0.8856684999999999,0.8752967460000001,2,0.8856684999999999,0.009908493999999934
eye_tracking_features,sub-cp015_ses-20210504_level-04B_run-009,sub-cp015,2,3,True,0.8649921340000001,0.8936044479999999,0.9019948660000001,0.8885894139999999,2,0.9019948660000001,0.008390418000000177
eye_tracking_features,sub-cp016_ses-20210528_level-01B_run-001,sub-cp016,1,0,True,0.837532768,0.83551102,0.8224462539999999,0.831916226,0,0.837532768,0.00202174799999999
eye_tracking_features,sub-cp016_ses-20210528_level-01B_run-007,sub-cp016,1,0,True,0.836919938,0.81971349,0.8313504220000001,0.823152782,0,0.836919938,0.0055695159999998856
eye_tracking_features,sub-cp016_ses-20210528_level-01B_run-012,sub-cp016,1,0,True,0.8241250819999999,0.81013029,0.82867195,0.816471906,2,0.82867195,0.004546868000000148
eye_tracking_features,sub-cp016_ses-20210528_level-02B_run-003,sub-cp016,1,1,True,0.829643562,0.837104662,0.829007998,0.842348164,3,0.842348164,0.005243502000000011
eye_tracking_features,sub-cp016_ses-20210528_level-02B_run-008,sub-cp016,1,1,True,0.8559000040000001,0.8500562219999999,0.85028059,0.858085352,3,0.858085352,0.0021853479999999204
eye_tracking_features,sub-cp016_ses-20210528_level-02B_run-010,sub-cp016,1,1,True,0.8047563500000001,0.8106696120000001,0.815580598,0.8390099,3,0.8390099,0.02342930199999993
eye_tracking_features,sub-cp016_ses-20210528_level-03B_run-002,sub-cp016,1,2,True,0.804386966,0.8067017200000001,0.809761702,0.850103412,3,0.850103412,0.040341709999999975
eye_tracking_features,sub-cp016_ses-20210528_level-03B_run-005,sub-cp016,1,2,True,0.8114210500000001,0.8172272100000001,0.816797666,0.8365035000000001,3,0.8365035000000001,0.019276289999999974
eye_tracking_features,sub-cp016_ses-20210528_level-03B_run-011,sub-cp016,1,2,True,0.8000427200000001,0.8083715939999999,0.829107896,0.8230309,2,0.829107896,0.006076996000000001
eye_tracking_features,sub-cp016_ses-20210528_level-04B_run-004,sub-cp016,1,3,True,0.8265117399999999,0.826255836,0.830094532,0.8548625380000001,3,0.8548625380000001,0.024768006000000065
eye_tracking_features,sub-cp016_ses-20210528_level-04B_run-006,sub-cp016,1,3,True,0.8236583919999999,0.8308450839999999,0.818047608,0.8493803979999999,3,0.8493803979999999,0.01853531399999997
eye_tracking_features,sub-cp016_ses-20210528_level-04B_run-009,sub-cp016,1,3,True,0.7766513780000001,0.7835446819999999,0.764731248,0.7971116,3,0.7971116,0.013566918000000094
eye_tracking_features,sub-cp017_ses-20210521_level-01B_run-001,sub-cp017,5,0,True,0.8707922260000001,0.8685670139999999,0.86451166,0.8529959579999999,0,0.8707922260000001,0.002225212000000143
eye_tracking_features,sub-cp017_ses-20210521_level-01B_run-007,sub-cp017,5,0,True,0.87004989,0.884600498,0.874476986,0.856176606,1,0.884600498,0.010123511999999946
eye_tracking_features,sub-cp017_ses-20210521_level-01B_run-012,sub-cp017,5,0,True,0.855778164,0.85930408,0.861801432,0.85248802,2,0.861801432,0.0024973520000000082
eye_tracking_features,sub-cp017_ses-20210521_level-02B_run-003,sub-cp017,5,1,True,0.8617281999999999,0.872318918,0.870411552,0.855911624,1,0.872318918,0.001907366000000077
eye_tracking_features,sub-cp017_ses-20210521_level-02B_run-008,sub-cp017,5,1,True,0.846938666,0.866970144,0.876763288,0.879050666,3,0.879050666,0.0022873780000000066
eye_tracking_features,sub-cp017_ses-20210521_level-02B_run-010,sub-cp017,5,1,True,0.8405886800000001,0.85872194,0.861190852,0.8637919079999999,3,0.8637919079999999,0.002601055999999935
eye_tracking_features,sub-cp017_ses-20210521_level-03B_run-002,sub-cp017,5,2,True,0.846742202,0.8622690500000001,0.8847615640000001,0.8810908420000001,2,0.8847615640000001,0.0036707219999999596
eye_tracking_features,sub-cp017_ses-20210521_level-03B_run-005,sub-cp017,5,2,True,0.864282798,0.87696398,0.866769618,0.853091006,1,0.87696398,0.010194362000000012
eye_tracking_features,sub-cp017_ses-20210521_level-03B_run-011,sub-cp017,5,2,True,0.8408624360000001,0.8733751679999999,0.877625732,0.872415478,2,0.877625732,0.004250564000000123
eye_tracking_features,sub-cp017_ses-20210521_level-04B_run-004,sub-cp017,5,3,True,0.839995526,0.8535910919999999,0.869526624,0.8650783900000001,2,0.869526624,0.00444823399999994
eye_tracking_features,sub-cp017_ses-20210521_level-04B_run-006,sub-cp017,5,3,True,0.8345716060000001,0.851548532,0.8622212279999999,0.8519470339999999,2,0.8622212279999999,0.010274193999999959
eye_tracking_features,sub-cp017_ses-20210521_level-04B_run-009,sub-cp017,5,3,True,0.8473194339999999,0.8635779319999999,0.86346989,0.857062336,1,0.8635779319999999,0.00010804199999991937
eye_tracking_features,sub-cp018_ses-20210709_level-01B_run-001,sub-cp018,4,0,True,0.43784574000000004,0.435616922,0.55793622,0.524445994,2,0.55793622,0.033490225999999956
eye_tracking_features,sub-cp018_ses-20210709_level-01B_run-007,sub-cp018,4,0,True,0.40392491799999997,0.41269452199999995,0.555228886,0.533964114,2,0.555228886,0.021264771999999987
eye_tracking_features,sub-cp018_ses-20210709_level-01B_run-012,sub-cp018,4,0,True,0.41392402400000006,0.42870493600000004,0.53558328,0.514700938,2,0.53558328,0.020882341999999943
eye_tracking_features,sub-cp018_ses-20210709_level-02B_run-003,sub-cp018,4,1,True,0.443899536,0.44239850000000003,0.542946318,0.5056174999999999,2,0.542946318,0.0373288180000001
eye_tracking_features,sub-cp018_ses-20210709_level-02B_run-008,sub-cp018,4,1,True,0.407837098,0.41377898,0.553411552,0.535182652,2,0.553411552,0.018228899999999992
eye_tracking_features,sub-cp018_ses-20210709_level-02B_run-010,sub-cp018,4,1,True,0.397161684,0.44619985800000006,0.524844446,0.51028694,2,0.524844446,0.014557506000000053
eye_tracking_features,sub-cp018_ses-20210709_level-03B_run-002,sub-cp018,4,2,True,0.407769572,0.460287464,0.546892038,0.517835544,2,0.546892038,0.02905649399999999
eye_tracking_features,sub-cp018_ses-20210709_level-03B_run-005,sub-cp018,4,2,True,0.40742040599999996,0.425943026,0.561269012,0.534186594,2,0.561269012,0.027082417999999997
eye_tracking_features,sub-cp018_ses-20210709_level-03B_run-011,sub-cp018,4,2,True,0.402451426,0.422274954,0.547266688,0.523602922,2,0.547266688,0.023663765999999975
eye_tracking_features,sub-cp018_ses-20210709_level-04B_run-004,sub-cp018,4,3,True,0.40645970600000003,0.42550180600000004,0.546031716,0.569519708,3,0.569519708,0.023487991999999958
eye_tracking_features,sub-cp018_ses-20210709_level-04B_run-006,sub-cp018,4,3,True,0.405323164,0.428004196,0.548402508,0.538094598,2,0.548402508,0.010307909999999976
eye_tracking_features,sub-cp018_ses-20210709_level-04B_run-009,sub-cp018,4,3,True,0.396770318,0.423923512,0.52973777,0.5252956820000001,2,0.52973777,0.0044420879999999
eye_tracking_features,sub-cp019_ses-20210625_level-01B_run-001,sub-cp019,3,0,True,0.801848866,0.767677248,0.7687178219999999,0.725283312,0,0.801848866,0.03313104400000011
eye_tracking_features,sub-cp019_ses-20210625_level-01B_run-007,sub-cp019,3,0,True,0.8155525320000001,0.792177994,0.771189476,0.738441474,0,0.8155525320000001,0.02337453800000011
eye_tracking_features,sub-cp019_ses-20210625_level-01B_run-012,sub-cp019,3,0,True,0.82342558,0.7908753199999999,0.77267126,0.732425028,0,0.82342558,0.03255026000000005
eye_tracking_features,sub-cp019_ses-20210625_level-02B_run-003,sub-cp019,3,1,True,0.79138539,0.80109905,0.8140408280000001,0.7696702400000001,2,0.8140408280000001,0.01294177800000007
eye_tracking_features,sub-cp019_ses-20210625_level-02B_run-008,sub-cp019,3,1,True,0.787051708,0.80142536,0.777247182,0.737522984,1,0.80142536,0.014373651999999959
eye_tracking_features,sub-cp019_ses-20210625_level-02B_run-010,sub-cp019,3,1,True,0.8116554819999999,0.8081670280000001,0.804516116,0.7707599860000001,0,0.8116554819999999,0.003488453999999863
eye_tracking_features,sub-cp019_ses-20210625_level-03B_run-002,sub-cp019,3,2,True,0.8040254920000001,0.81089351,0.8239571019999999,0.768259754,2,0.8239571019999999,0.013063591999999957
eye_tracking_features,sub-cp019_ses-20210625_level-03B_run-005,sub-cp019,3,2,True,0.774322808,0.810915308,0.797302058,0.760744692,1,0.810915308,0.013613250000000021
eye_tracking_features,sub-cp019_ses-20210625_level-03B_run-011,sub-cp019,3,2,True,0.7638438219999999,0.785716772,0.772731932,0.7317475800000001,1,0.785716772,0.012984839999999997
eye_tracking_features,sub-cp019_ses-20210625_level-04B_run-004,sub-cp019,3,3,True,0.78325168,0.8194462400000001,0.794905142,0.760050656,1,0.8194462400000001,0.02454109800000015
eye_tracking_features,sub-cp019_ses-20210625_level-04B_run-006,sub-cp019,3,3,True,0.766501808,0.8087384459999999,0.79489754,0.767672046,1,0.8087384459999999,0.013840905999999875
eye_tracking_features,sub-cp019_ses-20210625_level-04B_run-009,sub-cp019,3,3,True,0.796906694,0.798058226,0.805113856,0.769120916,2,0.805113856,0.007055629999999979
eye_tracking_features,sub-cp020_ses-20210604_level-01B_run-001,sub-cp020,2,0,True,0.855360516,0.837303616,0.8341848040000001,0.82824191,0,0.855360516,0.01805689999999993
eye_tracking_features,sub-cp020_ses-20210604_level-01B_run-007,sub-cp020,2,0,True,0.8846000999999999,0.888397074,0.8835853300000001,0.855595424,1,0.888397074,0.0037969740000001195
eye_tracking_features,sub-cp020_ses-20210604_level-01B_run-012,sub-cp020,2,0,True,0.889447354,0.8725010080000001,0.866898606,0.844741522,0,0.889447354,0.01694634599999989
eye_tracking_features,sub-cp020_ses-20210604_level-02B_run-003,sub-cp020,2,1,True,0.8553605040000001,0.846114034,0.83976088,0.8190093380000001,0,0.8553605040000001,0.009246470000000118
eye_tracking_features,sub-cp020_ses-20210604_level-02B_run-008,sub-cp020,2,1,True,0.861476416,0.86607846,0.866276332,0.84097975,2,0.866276332,0.00019787199999998784
eye_tracking_features,sub-cp020_ses-20210604_level-02B_run-010,sub-cp020,2,1,True,0.89055754,0.888098458,0.884720628,0.8521505680000001,0,0.89055754,0.0024590820000000013
eye_tracking_features,sub-cp020_ses-20210604_level-03B_run-002,sub-cp020,2,2,True,0.8404781,0.837573544,0.8417820060000001,0.8217031800000001,2,0.8417820060000001,0.0013039060000000768
eye_tracking_features,sub-cp020_ses-20210604_level-03B_run-005,sub-cp020,2,2,True,0.848931616,0.8452326639999999,0.852466894,0.84083661,2,0.852466894,0.003535277999999975
eye_tracking_features,sub-cp020_ses-20210604_level-03B_run-011,sub-cp020,2,2,True,0.867751584,0.876178826,0.88207661,0.860272542,2,0.88207661,0.0058977840000000725
eye_tracking_features,sub-cp020_ses-20210604_level-04B_run-004,sub-cp020,2,3,True,0.854307868,0.854655238,0.8496917500000001,0.84623974,1,0.854655238,0.000347369999999958
eye_tracking_features,sub-cp020_ses-20210604_level-04B_run-006,sub-cp020,2,3,True,0.867273802,0.8640148400000001,0.861850084,0.857193788,0,0.867273802,0.0032589619999999764
eye_tracking_features,sub-cp020_ses-20210604_level-04B_run-009,sub-cp020,2,3,True,0.864010374,0.8643376140000001,0.86707404,0.851536708,2,0.86707404,0.002736425999999903
eye_tracking_features,sub-cp022_ses-20210621_level-01B_run-001,sub-cp022,5,0,True,0.8764523439999999,0.8781568099999999,0.86075474,0.83598325,1,0.8781568099999999,0.00170446599999996
eye_tracking_features,sub-cp022_ses-20210621_level-01B_run-007,sub-cp022,5,0,True,0.848745248,0.851759782,0.8501693140000001,0.8377618120000001,1,0.851759782,0.001590467999999956
eye_tracking_features,sub-cp022_ses-20210621_level-01B_run-012,sub-cp022,5,0,True,0.8327900180000001,0.83495884,0.850278056,0.8591079620000001,3,0.8591079620000001,0.00882990600000011
eye_tracking_features,sub-cp022_ses-20210621_level-02B_run-003,sub-cp022,5,1,True,0.8356227539999999,0.8354619660000001,0.860094668,0.829432916,2,0.860094668,0.02447191400000015
eye_tracking_features,sub-cp022_ses-20210621_level-02B_run-008,sub-cp022,5,1,True,0.80762897,0.83585426,0.83684525,0.847622264,3,0.847622264,0.010777013999999974
eye_tracking_features,sub-cp022_ses-20210621_level-02B_run-010,sub-cp022,5,1,True,0.801796712,0.7982479760000001,0.8388317479999999,0.848638004,3,0.848638004,0.009806256000000069
eye_tracking_features,sub-cp022_ses-20210621_level-03B_run-002,sub-cp022,5,2,True,0.8088275460000001,0.8185210980000001,0.8496712799999999,0.852985872,3,0.852985872,0.0033145920000000606
eye_tracking_features,sub-cp022_ses-20210621_level-03B_run-005,sub-cp022,5,2,True,0.768373108,0.74679184,0.78979817,0.7975156999999999,3,0.7975156999999999,0.0077175299999999725
eye_tracking_features,sub-cp022_ses-20210621_level-03B_run-011,sub-cp022,5,2,True,0.765094188,0.74864327,0.798932308,0.79714449,2,0.798932308,0.001787818000000052
eye_tracking_features,sub-cp022_ses-20210621_level-04B_run-004,sub-cp022,5,3,True,0.8014744520000001,0.809726672,0.838129292,0.8442839660000001,3,0.8442839660000001,0.006154674000000138
eye_tracking_features,sub-cp022_ses-20210621_level-04B_run-006,sub-cp022,5,3,True,0.764161906,0.76264752,0.81536669,0.8241008300000001,3,0.8241008300000001,0.008734140000000168
eye_tracking_features,sub-cp022_ses-20210621_level-04B_run-009,sub-cp022,5,3,True,0.7521755480000001,0.750961642,0.792278618,0.811759788,3,0.811759788,0.019481170000000048
eye_tracking_features,sub-cp023_ses-20210628_level-01B_run-001,sub-cp023,3,0,True,0.7663905719999999,0.7618702940000001,0.782137568,0.7566556999999999,2,0.782137568,0.01574699600000007
eye_tracking_features,sub-cp023_ses-20210628_level-01B_run-007,sub-cp023,3,0,True,0.78574747,0.8172606840000001,0.799137922,0.772963768,1,0.8172606840000001,0.01812276200000007
eye_tracking_features,sub-cp023_ses-20210628_level-01B_run-012,sub-cp023,3,0,True,0.769329118,0.7963700100000001,0.795887826,0.7731559060000001,1,0.7963700100000001,0.00048218400000010764
eye_tracking_features,sub-cp023_ses-20210628_level-02B_run-003,sub-cp023,3,1,True,0.765615292,0.800799266,0.803501096,0.788817582,2,0.803501096,0.002701830000000016
eye_tracking_features,sub-cp023_ses-20210628_level-02B_run-008,sub-cp023,3,1,True,0.764661652,0.815478654,0.787855866,0.751708328,1,0.815478654,0.027622787999999954
eye_tracking_features,sub-cp023_ses-20210628_level-02B_run-010,sub-cp023,3,1,True,0.752890412,0.77521118,0.800542254,0.781756698,2,0.800542254,0.01878555599999998
eye_tracking_features,sub-cp023_ses-20210628_level-03B_run-002,sub-cp023,3,2,True,0.760423044,0.777573502,0.794094096,0.8086287200000001,3,0.8086287200000001,0.014534624000000052
eye_tracking_features,sub-cp023_ses-20210628_level-03B_run-005,sub-cp023,3,2,True,0.759878404,0.7735596,0.791144372,0.808933906,3,0.808933906,0.01778953400000005
eye_tracking_features,sub-cp023_ses-20210628_level-03B_run-011,sub-cp023,3,2,True,0.764272308,0.81187348,0.811786952,0.774230608,1,0.81187348,8.652800000008565e-05
eye_tracking_features,sub-cp023_ses-20210628_level-04B_run-004,sub-cp023,3,3,True,0.78161092,0.785675156,0.80305552,0.8205335120000001,3,0.8205335120000001,0.01747799200000011
eye_tracking_features,sub-cp023_ses-20210628_level-04B_run-006,sub-cp023,3,3,True,0.785125978,0.799609622,0.8010731059999999,0.823138366,3,0.823138366,0.022065260000000086
eye_tracking_features,sub-cp023_ses-20210628_level-04B_run-009,sub-cp023,3,3,True,0.746164096,0.781464916,0.808832868,0.8047442840000001,2,0.808832868,0.004088583999999895
eye_tracking_features,sub-cp024_ses-20210629_level-01B_run-001,sub-cp024,3,0,True,0.7666541880000001,0.77510362,0.77595877,0.741584664,2,0.77595877,0.0008551500000000267
eye_tracking_features,sub-cp024_ses-20210629_level-01B_run-007,sub-cp024,3,0,True,0.76518303,0.802265906,0.78153428,0.744983364,1,0.802265906,0.020731626000000003
eye_tracking_features,sub-cp024_ses-20210629_level-01B_run-012,sub-cp024,3,0,True,0.781893014,0.8103279220000001,0.803762284,0.765624244,1,0.8103279220000001,0.006565638000000096
eye_tracking_features,sub-cp024_ses-20210629_level-02B_run-003,sub-cp024,3,1,True,0.746075164,0.7893801460000001,0.7946282960000001,0.780823492,2,0.7946282960000001,0.005248150000000007
eye_tracking_features,sub-cp024_ses-20210629_level-02B_run-008,sub-cp024,3,1,True,0.731651692,0.789500904,0.795126396,0.774114866,2,0.795126396,0.005625492000000065
eye_tracking_features,sub-cp024_ses-20210629_level-02B_run-010,sub-cp024,3,1,True,0.752844136,0.8028996660000001,0.806372264,0.77561678,2,0.806372264,0.0034725979999998824
eye_tracking_features,sub-cp024_ses-20210629_level-03B_run-002,sub-cp024,3,2,True,0.730145602,0.7618941180000001,0.77867955,0.781841016,3,0.781841016,0.0031614660000000017
eye_tracking_features,sub-cp024_ses-20210629_level-03B_run-005,sub-cp024,3,2,True,0.72409897,0.76950981,0.7824727659999999,0.784920852,3,0.784920852,0.002448086000000016
eye_tracking_features,sub-cp024_ses-20210629_level-03B_run-011,sub-cp024,3,2,True,0.75654288,0.7982673140000001,0.778869856,0.75418261,1,0.7982673140000001,0.019397458000000034
eye_tracking_features,sub-cp024_ses-20210629_level-04B_run-004,sub-cp024,3,3,True,0.718177788,0.76864628,0.7867587580000001,0.78658977,2,0.7867587580000001,0.00016898800000009206
eye_tracking_features,sub-cp024_ses-20210629_level-04B_run-006,sub-cp024,3,3,True,0.72584246,0.75623028,0.779699648,0.77791224,2,0.779699648,0.0017874079999999903
eye_tracking_features,sub-cp024_ses-20210629_level-04B_run-009,sub-cp024,3,3,True,0.720034932,0.783703142,0.77423478,0.74099242,1,0.783703142,0.009468362000000008
eye_tracking_features,sub-cp025_ses-20210820_level-01B_run-001,sub-cp025,3,0,True,0.769485324,0.78365944,0.7860532100000001,0.794456548,3,0.794456548,0.008403337999999927
eye_tracking_features,sub-cp025_ses-20210820_level-01B_run-007,sub-cp025,3,0,True,0.7875157720000001,0.80692285,0.792811254,0.772581862,1,0.80692285,0.014111596000000004
eye_tracking_features,sub-cp025_ses-20210820_level-01B_run-012,sub-cp025,3,0,True,0.78528002,0.77428852,0.759853708,0.762917366,0,0.78528002,0.010991499999999932
eye_tracking_features,sub-cp025_ses-20210820_level-02B_run-003,sub-cp025,3,1,True,0.771637798,0.7908544080000001,0.7894115,0.7771525739999999,1,0.7908544080000001,0.0014429080000000205
eye_tracking_features,sub-cp025_ses-20210820_level-02B_run-008,sub-cp025,3,1,True,0.771724182,0.8068258580000001,0.80211437,0.794445004,1,0.8068258580000001,0.004711488000000097
eye_tracking_features,sub-cp025_ses-20210820_level-02B_run-010,sub-cp025,3,1,True,0.772780468,0.8035923260000001,0.8016629999999999,0.781188746,1,0.8035923260000001,0.0019293260000001755
eye_tracking_features,sub-cp025_ses-20210820_level-03B_run-002,sub-cp025,3,2,True,0.77349614,0.774067494,0.7911203139999999,0.79680171,3,0.79680171,0.005681396000000061
eye_tracking_features,sub-cp025_ses-20210820_level-03B_run-005,sub-cp025,3,2,True,0.762614746,0.78929937,0.799649042,0.80051925,3,0.80051925,0.000870208000000039
eye_tracking_features,sub-cp025_ses-20210820_level-03B_run-011,sub-cp025,3,2,True,0.768656908,0.8060365859999999,0.797508662,0.765894816,1,0.8060365859999999,0.008527923999999909
eye_tracking_features,sub-cp025_ses-20210820_level-04B_run-004,sub-cp025,3,3,True,0.77325416,0.792651152,0.789831318,0.811556852,3,0.811556852,0.018905700000000025
eye_tracking_features,sub-cp025_ses-20210820_level-04B_run-006,sub-cp025,3,3,True,0.762051846,0.783322786,0.790347554,0.8073852240000001,3,0.8073852240000001,0.017037670000000116
eye_tracking_features,sub-cp025_ses-20210820_level-04B_run-009,sub-cp025,3,3,True,0.780670922,0.79249998,0.7940108739999999,0.80221666,3,0.80221666,0.008205786000000104
eye_tracking_features,sub-cp026_ses-20210716_level-01B_run-001,sub-cp026,2,0,True,0.820730066,0.8295781480000001,0.833558448,0.8231582059999999,2,0.833558448,0.003980299999999937
eye_tracking_features,sub-cp026_ses-20210716_level-01B_run-007,sub-cp026,2,0,True,0.8166554899999999,0.8135123780000001,0.8113918200000001,0.801503402,0,0.8166554899999999,0.003143111999999837
eye_tracking_features,sub-cp026_ses-20210716_level-01B_run-012,sub-cp026,2,0,True,0.875656828,0.8559342900000001,0.8529112019999999,0.8483197020000001,0,0.875656828,0.0197225379999999
eye_tracking_features,sub-cp026_ses-20210716_level-02B_run-003,sub-cp026,2,1,True,0.831776866,0.846345572,0.8428732840000001,0.8347397900000001,1,0.846345572,0.00347228799999999
eye_tracking_features,sub-cp026_ses-20210716_level-02B_run-008,sub-cp026,2,1,True,0.8289244659999999,0.8259499119999999,0.8273288400000001,0.8267139099999999,0,0.8289244659999999,0.0015956259999998501
eye_tracking_features,sub-cp026_ses-20210716_level-02B_run-010,sub-cp026,2,1,True,0.8887957200000001,0.8756131979999999,0.8765229099999999,0.8656722020000001,0,0.8887957200000001,0.012272810000000134
eye_tracking_features,sub-cp026_ses-20210716_level-03B_run-002,sub-cp026,2,2,True,0.8295139280000001,0.8403218219999999,0.8572034040000001,0.850707202,2,0.8572034040000001,0.0064962020000000065
eye_tracking_features,sub-cp026_ses-20210716_level-03B_run-005,sub-cp026,2,2,True,0.847498858,0.8649273880000001,0.8612932719999999,0.85607504,1,0.8649273880000001,0.003634116000000187
eye_tracking_features,sub-cp026_ses-20210716_level-03B_run-011,sub-cp026,2,2,True,0.852121754,0.866296316,0.8697341999999999,0.870516072,3,0.870516072,0.0007818720000001278
eye_tracking_features,sub-cp026_ses-20210716_level-04B_run-004,sub-cp026,2,3,True,0.7951745459999999,0.81334257,0.824784824,0.8179111459999999,2,0.824784824,0.00687367800000005
eye_tracking_features,sub-cp026_ses-20210716_level-04B_run-006,sub-cp026,2,3,True,0.790161528,0.8044154320000001,0.8072575839999999,0.809136526,3,0.809136526,0.00187894200000005
eye_tracking_features,sub-cp026_ses-20210716_level-04B_run-009,sub-cp026,2,3,True,0.820515288,0.8278219160000001,0.8335020999999999,0.827711856,2,0.8335020999999999,0.0056801839999998105
eye_tracking_features,sub-cp027_ses-20210722_level-01B_run-001,sub-cp027,1,0,False,0.8901391439999999,0.897652976,0.894079738,0.8936188460000001,1,0.897652976,0.0035732380000000896
eye_tracking_features,sub-cp027_ses-20210722_level-01B_run-007,sub-cp027,1,0,True,0.8540842319999999,0.864688364,0.8576989599999999,0.8548158579999999,1,0.864688364,0.006989404000000143
eye_tracking_features,sub-cp027_ses-20210722_level-01B_run-012,sub-cp027,1,0,True,0.839598308,0.84465399,0.8347022240000002,0.834226646,1,0.84465399,0.00505568199999995
eye_tracking_features,sub-cp027_ses-20210722_level-02B_run-003,sub-cp027,1,1,True,0.805560182,0.8046778379999999,0.807134818,0.791177366,2,0.807134818,0.0015746359999999626
eye_tracking_features,sub-cp027_ses-20210722_level-02B_run-008,sub-cp027,1,1,True,0.829705058,0.845776992,0.8664088440000001,0.860357866,2,0.8664088440000001,0.006050978000000096
eye_tracking_features,sub-cp027_ses-20210722_level-02B_run-010,sub-cp027,1,1,True,0.8282483060000001,0.83835344,0.8471328619999999,0.8387541479999999,2,0.8471328619999999,0.00837871400000001
eye_tracking_features,sub-cp027_ses-20210722_level-03B_run-002,sub-cp027,1,2,False,0.8901391439999999,0.897652976,0.894079738,0.8936188460000001,1,0.897652976,0.0035732380000000896
eye_tracking_features,sub-cp027_ses-20210722_level-03B_run-005,sub-cp027,1,2,True,0.8286337460000001,0.8327808360000001,0.851113864,0.850141042,2,0.851113864,0.0009728220000000398
eye_tracking_features,sub-cp027_ses-20210722_level-03B_run-011,sub-cp027,1,2,True,0.834062168,0.834480868,0.85533772,0.84485187,2,0.85533772,0.010485850000000019
eye_tracking_features,sub-cp027_ses-20210722_level-04B_run-004,sub-cp027,1,3,True,0.8144784100000001,0.81053208,0.820700288,0.831198666,3,0.831198666,0.010498378000000086
eye_tracking_features,sub-cp027_ses-20210722_level-04B_run-006,sub-cp027,1,3,True,0.82792806,0.8257048040000001,0.8441078919999999,0.849097628,3,0.849097628,0.004989736000000078
eye_tracking_features,sub-cp027_ses-20210722_level-04B_run-009,sub-cp027,1,3,True,0.839224072,0.8203795660000001,0.8451498879999999,0.8354507019999999,2,0.8451498879999999,0.005925815999999862
eye_tracking_features,sub-cp028_ses-20211214_level-01B_run-001,sub-cp028,5,0,True,0.8837708080000001,0.874226958,0.8658494040000001,0.8559561240000001,0,0.8837708080000001,0.00954385000000002
eye_tracking_features,sub-cp028_ses-20211214_level-01B_run-007,sub-cp028,5,0,True,0.840705846,0.8689757339999999,0.8652597140000001,0.8754533199999999,3,0.8754533199999999,0.006477585999999924
eye_tracking_features,sub-cp028_ses-20211214_level-01B_run-012,sub-cp028,5,0,True,0.8730263779999999,0.8688957500000001,0.8661376900000001,0.8616673779999999,0,0.8730263779999999,0.0041306279999998585
eye_tracking_features,sub-cp028_ses-20211214_level-02B_run-003,sub-cp028,5,1,True,0.8432594439999999,0.8591364300000001,0.8531655600000001,0.867023796,3,0.867023796,0.007887365999999951
eye_tracking_features,sub-cp028_ses-20211214_level-02B_run-008,sub-cp028,5,1,True,0.772581138,0.794258182,0.771113178,0.77941262,1,0.794258182,0.014845561999999979
eye_tracking_features,sub-cp028_ses-20211214_level-02B_run-010,sub-cp028,5,1,True,0.854201048,0.862592548,0.853772888,0.87357897,3,0.87357897,0.010986421999999996
eye_tracking_features,sub-cp028_ses-20211214_level-03B_run-002,sub-cp028,5,2,True,0.852206568,0.8710199519999999,0.87160096,0.8709061760000001,2,0.87160096,0.0005810080000000495
eye_tracking_features,sub-cp028_ses-20211214_level-03B_run-005,sub-cp028,5,2,True,0.84026689,0.8622555459999999,0.8664650680000001,0.8652695399999999,2,0.8664650680000001,0.0011955280000002233
eye_tracking_features,sub-cp028_ses-20211214_level-03B_run-011,sub-cp028,5,2,True,0.82304874,0.8269616040000001,0.843382328,0.846300894,3,0.846300894,0.002918565999999956
eye_tracking_features,sub-cp028_ses-20211214_level-04B_run-004,sub-cp028,5,3,True,0.8374411719999999,0.8644400600000001,0.8651521799999999,0.864486658,2,0.8651521799999999,0.0006655219999999185
eye_tracking_features,sub-cp028_ses-20211214_level-04B_run-006,sub-cp028,5,3,True,0.8354708800000001,0.8422201680000001,0.851177038,0.8590023600000001,3,0.8590023600000001,0.007825322000000079
eye_tracking_features,sub-cp028_ses-20211214_level-04B_run-009,sub-cp028,5,3,True,0.8224362380000001,0.8517909319999999,0.8501734940000001,0.8555244200000001,3,0.8555244200000001,0.0037334880000001736
eye_tracking_features,sub-cp029_ses-20220119_level-01B_run-001,sub-cp029,4,0,True,0.51949314,0.44791612399999997,0.42443418600000005,0.405236904,0,0.51949314,0.07157701600000005
eye_tracking_features,sub-cp029_ses-20220119_level-01B_run-007,sub-cp029,4,0,True,0.530364688,0.5201890779999999,0.48709214,0.46910376200000004,0,0.530364688,0.010175610000000113
eye_tracking_features,sub-cp029_ses-20220119_level-01B_run-012,sub-cp029,4,0,True,0.5268443119999999,0.502386042,0.46993792800000006,0.448833028,0,0.5268443119999999,0.024458269999999893
eye_tracking_features,sub-cp029_ses-20220119_level-02B_run-003,sub-cp029,4,1,True,0.5340633140000001,0.525497348,0.493398554,0.481815328,0,0.5340633140000001,0.008565966000000036
eye_tracking_features,sub-cp029_ses-20220119_level-02B_run-008,sub-cp029,4,1,True,0.531491524,0.517568622,0.46067282600000004,0.45091651200000005,0,0.531491524,0.013922902000000015
eye_tracking_features,sub-cp029_ses-20220119_level-02B_run-010,sub-cp029,4,1,True,0.537365274,0.5269514240000001,0.476166554,0.4519987,0,0.537365274,0.010413849999999947
eye_tracking_features,sub-cp029_ses-20220119_level-03B_run-002,sub-cp029,4,2,True,0.517986276,0.518599366,0.500324602,0.48075450599999997,1,0.518599366,0.0006130899999999828
eye_tracking_features,sub-cp029_ses-20220119_level-03B_run-005,sub-cp029,4,2,True,0.507273844,0.511821454,0.509665176,0.48089094800000004,1,0.511821454,0.002156277999999956
eye_tracking_features,sub-cp029_ses-20220119_level-03B_run-011,sub-cp029,4,2,True,0.503350808,0.48707230399999996,0.5266347120000001,0.49151986000000003,2,0.5266347120000001,0.023283904000000133
eye_tracking_features,sub-cp029_ses-20220119_level-04B_run-004,sub-cp029,4,3,True,0.474400576,0.501688922,0.542273958,0.518172686,2,0.542273958,0.024101272000000007
eye_tracking_features,sub-cp029_ses-20220119_level-04B_run-006,sub-cp029,4,3,True,0.47480136,0.486808922,0.534741974,0.517806584,2,0.534741974,0.016935389999999995
eye_tracking_features,sub-cp029_ses-20220119_level-04B_run-009,sub-cp029,4,3,True,0.474607296,0.49284852400000007,0.507732602,0.55129252,3,0.55129252,0.04355991799999992
eye_tracking_features,sub-cp030_ses-20211025_level-01B_run-001,sub-cp030,5,0,True,0.853182322,0.8106288100000001,0.79959484,0.8039556600000001,0,0.853182322,0.042553511999999905
eye_tracking_features,sub-cp030_ses-20211025_level-01B_run-007,sub-cp030,5,0,True,0.8319782520000001,0.794119076,0.77574166,0.780708918,0,0.8319782520000001,0.037859176000000105
eye_tracking_features,sub-cp030_ses-20211025_level-01B_run-012,sub-cp030,5,0,True,0.84127882,0.784179578,0.76730073,0.773495374,0,0.84127882,0.05709924199999994
eye_tracking_features,sub-cp030_ses-20211025_level-02B_run-003,sub-cp030,5,1,True,0.857876922,0.8137194640000001,0.795433398,0.806794948,0,0.857876922,0.04415745799999993
eye_tracking_features,sub-cp030_ses-20211025_level-02B_run-008,sub-cp030,5,1,True,0.8440985619999999,0.836698602,0.8167541180000001,0.813901746,0,0.8440985619999999,0.007399959999999872
eye_tracking_features,sub-cp030_ses-20211025_level-02B_run-010,sub-cp030,5,1,True,0.8245083519999999,0.8132105519999999,0.8004235279999999,0.799017854,0,0.8245083519999999,0.011297800000000024
eye_tracking_features,sub-cp030_ses-20211025_level-03B_run-002,sub-cp030,5,2,True,0.835540044,0.789010604,0.7802341,0.797826572,0,0.835540044,0.03771347200000008
eye_tracking_features,sub-cp030_ses-20211025_level-03B_run-011,sub-cp030,5,2,True,0.86790103,0.8622988920000001,0.8449557320000001,0.840419324,0,0.86790103,0.005602137999999868
eye_tracking_features,sub-cp030_ses-20211025_level-04B_run-004,sub-cp030,5,3,True,0.8367886959999999,0.777588296,0.77019796,0.77809676,0,0.8367886959999999,0.05869193599999989
eye_tracking_features,sub-cp030_ses-20211025_level-04B_run-006,sub-cp030,5,3,True,0.839058648,0.788356736,0.7797729999999999,0.79178812,0,0.839058648,0.04727052799999998
eye_tracking_features,sub-cp030_ses-20211025_level-04B_run-009,sub-cp030,5,3,True,0.844303464,0.849452214,0.84167985,0.845747762,1,0.849452214,0.0037044520000000247
eye_tracking_features,sub-cp031_ses-20211216_level-01B_run-001,sub-cp031,2,0,True,0.872904956,0.853166042,0.8399755320000001,0.8240134040000001,0,0.872904956,0.01973891399999994
eye_tracking_features,sub-cp031_ses-20211216_level-01B_run-007,sub-cp031,2,0,True,0.814728208,0.7857078319999999,0.780725756,0.770146758,0,0.814728208,0.02902037600000007
eye_tracking_features,sub-cp031_ses-20211216_level-02B_run-003,sub-cp031,2,1,True,0.854694688,0.83457851,0.8291008740000001,0.806865114,0,0.854694688,0.020116177999999985
eye_tracking_features,sub-cp031_ses-20211216_level-02B_run-008,sub-cp031,2,1,True,0.8284139100000001,0.816540586,0.8039177439999999,0.786409844,0,0.8284139100000001,0.011873324000000074
eye_tracking_features,sub-cp031_ses-20211216_level-02B_run-010,sub-cp031,2,1,True,0.86176294,0.8481294719999999,0.83990304,0.826469986,0,0.86176294,0.013633468000000093
eye_tracking_features,sub-cp031_ses-20211216_level-02B_run-012,sub-cp031,2,1,True,0.8612023900000001,0.83935238,0.832405982,0.814720022,0,0.8612023900000001,0.021850010000000086
eye_tracking_features,sub-cp031_ses-20211216_level-03B_run-002,sub-cp031,2,2,True,0.8814431,0.885642958,0.8747170000000001,0.848064578,1,0.885642958,0.004199858000000001
eye_tracking_features,sub-cp031_ses-20211216_level-03B_run-005,sub-cp031,2,2,True,0.8580992719999999,0.8484689619999999,0.84208072,0.823768426,0,0.8580992719999999,0.00963031000000003
eye_tracking_features,sub-cp031_ses-20211216_level-03B_run-011,sub-cp031,2,2,True,0.861019908,0.860158272,0.857944568,0.8401596659999999,0,0.861019908,0.000861635999999999
eye_tracking_features,sub-cp031_ses-20211216_level-04B_run-004,sub-cp031,2,3,True,0.893115832,0.906634786,0.9074802380000001,0.8723698320000001,2,0.9074802380000001,0.0008454520000000798
eye_tracking_features,sub-cp031_ses-20211216_level-04B_run-006,sub-cp031,2,3,True,0.8376630500000001,0.839224114,0.8383304600000001,0.81907628,1,0.839224114,0.000893653999999855
eye_tracking_features,sub-cp031_ses-20211216_level-04B_run-009,sub-cp031,2,3,True,0.875729708,0.873627302,0.86834451,0.851159618,0,0.875729708,0.002102406000000001
eye_tracking_features,sub-cp032_ses-20211105_level-01B_run-001,sub-cp032,5,0,True,0.842066262,0.87377017,0.8753795180000001,0.8624665840000001,2,0.8753795180000001,0.0016093480000001215
eye_tracking_features,sub-cp032_ses-20211105_level-01B_run-007,sub-cp032,5,0,True,0.813680264,0.8454575180000001,0.861686902,0.85387462,2,0.861686902,0.007812281999999948
eye_tracking_features,sub-cp032_ses-20211105_level-01B_run-012,sub-cp032,5,0,True,0.8353309620000001,0.8612463619999999,0.863215508,0.869928632,3,0.869928632,0.006713124000000015
eye_tracking_features,sub-cp032_ses-20211105_level-02B_run-003,sub-cp032,5,1,True,0.8413434320000001,0.877942942,0.873787872,0.8611364939999999,1,0.877942942,0.0041550700000000385
eye_tracking_features,sub-cp032_ses-20211105_level-02B_run-008,sub-cp032,5,1,True,0.8233181820000001,0.856435076,0.8732834759999999,0.8646269180000001,2,0.8732834759999999,0.008656557999999759
eye_tracking_features,sub-cp032_ses-20211105_level-02B_run-010,sub-cp032,5,1,True,0.814994278,0.8577804,0.8643616140000001,0.862516484,2,0.8643616140000001,0.0018451300000000836
eye_tracking_features,sub-cp032_ses-20211105_level-03B_run-002,sub-cp032,5,2,True,0.82443274,0.8736430040000001,0.869643244,0.8675997819999999,1,0.8736430040000001,0.003999760000000019
eye_tracking_features,sub-cp032_ses-20211105_level-03B_run-005,sub-cp032,5,2,True,0.8385710420000001,0.863450108,0.8737893760000001,0.871968944,2,0.8737893760000001,0.0018204320000000385
eye_tracking_features,sub-cp032_ses-20211105_level-03B_run-011,sub-cp032,5,2,True,0.820169706,0.8583381320000001,0.87267716,0.869087918,2,0.87267716,0.0035892419999999925
eye_tracking_features,sub-cp032_ses-20211105_level-04B_run-004,sub-cp032,5,3,True,0.824579492,0.857714842,0.8722194059999999,0.873436788,3,0.873436788,0.0012173820000001
eye_tracking_features,sub-cp032_ses-20211105_level-04B_run-006,sub-cp032,5,3,True,0.82920146,0.86939027,0.862371152,0.8563744060000001,1,0.86939027,0.007019117999999991
eye_tracking_features,sub-cp032_ses-20211105_level-04B_run-009,sub-cp032,5,3,True,0.838279872,0.870208214,0.870353412,0.8613053479999999,2,0.870353412,0.00014519800000001304
eye_tracking_features,sub-cp033_ses-20211215_level-01B_run-001,sub-cp033,1,0,True,0.81837386,0.8478718559999999,0.8509380500000001,0.8344589499999999,2,0.8509380500000001,0.0030661940000001886
eye_tracking_features,sub-cp033_ses-20211215_level-01B_run-007,sub-cp033,1,0,True,0.8319929179999999,0.84309698,0.8603441199999999,0.866311528,3,0.866311528,0.005967408000000063
eye_tracking_features,sub-cp033_ses-20211215_level-01B_run-012,sub-cp033,1,0,True,0.8419915720000001,0.843308388,0.838715072,0.8128314120000001,1,0.843308388,0.0013168159999998874
eye_tracking_features,sub-cp033_ses-20211215_level-02B_run-003,sub-cp033,1,1,True,0.81890856,0.8378681139999999,0.85353868,0.865261906,3,0.865261906,0.011723225999999975
eye_tracking_features,sub-cp033_ses-20211215_level-02B_run-008,sub-cp033,1,1,True,0.8569794959999999,0.8584778180000001,0.8648242720000001,0.857206066,2,0.8648242720000001,0.006346454000000001
eye_tracking_features,sub-cp033_ses-20211215_level-02B_run-010,sub-cp033,1,1,True,0.8497710039999999,0.85065653,0.86287225,0.8581614720000001,2,0.86287225,0.00471077799999986
eye_tracking_features,sub-cp033_ses-20211215_level-03B_run-002,sub-cp033,1,2,True,0.8199386399999999,0.844431674,0.8585748759999999,0.845259334,2,0.8585748759999999,0.013315541999999958
eye_tracking_features,sub-cp033_ses-20211215_level-03B_run-005,sub-cp033,1,2,True,0.8300066340000001,0.836647994,0.850884398,0.846994458,2,0.850884398,0.0038899400000000917
eye_tracking_features,sub-cp033_ses-20211215_level-03B_run-011,sub-cp033,1,2,True,0.8308298900000001,0.83676773,0.8520962320000001,0.8620566500000001,3,0.8620566500000001,0.009960418000000026
eye_tracking_features,sub-cp033_ses-20211215_level-04B_run-004,sub-cp033,1,3,True,0.8065165759999999,0.799133168,0.81762336,0.8302965240000001,3,0.8302965240000001,0.01267316400000007
eye_tracking_features,sub-cp033_ses-20211215_level-04B_run-006,sub-cp033,1,3,True,0.829672094,0.83530642,0.858589118,0.872852684,3,0.872852684,0.014263566000000005
eye_tracking_features,sub-cp033_ses-20211215_level-04B_run-009,sub-cp033,1,3,True,0.8113489319999999,0.81763566,0.838135812,0.845802072,3,0.845802072,0.007666260000000036
eye_tracking_features,sub-cp035_ses-20220125_level-01B_run-001,sub-cp035,5,0,True,0.8442490140000001,0.863826944,0.861622838,0.852724602,1,0.863826944,0.0022041060000000945
eye_tracking_features,sub-cp035_ses-20220125_level-01B_run-007,sub-cp035,5,0,True,0.806580812,0.832151348,0.83771784,0.8327754119999999,2,0.83771784,0.00494242800000011
eye_tracking_features,sub-cp035_ses-20220125_level-01B_run-012,sub-cp035,5,0,True,0.826553774,0.848579808,0.8576043460000001,0.838830042,2,0.8576043460000001,0.009024538000000137
eye_tracking_features,sub-cp035_ses-20220125_level-02B_run-003,sub-cp035,5,1,True,0.8373338199999999,0.8660318220000001,0.870448676,0.8657227859999999,2,0.870448676,0.004416853999999915
eye_tracking_features,sub-cp035_ses-20220125_level-02B_run-008,sub-cp035,5,1,True,0.8246259439999999,0.8625505139999999,0.867032038,0.85649676,2,0.867032038,0.0044815240000000145
eye_tracking_features,sub-cp035_ses-20220125_level-02B_run-010,sub-cp035,5,1,True,0.83577728,0.880277654,0.880551512,0.866682402,2,0.880551512,0.0002738580000000157
eye_tracking_features,sub-cp035_ses-20220125_level-03B_run-002,sub-cp035,5,2,True,0.8171011160000001,0.8558199,0.860351588,0.847974222,2,0.860351588,0.004531688000000034
eye_tracking_features,sub-cp035_ses-20220125_level-03B_run-005,sub-cp035,5,2,True,0.841332982,0.877792378,0.872093748,0.867731078,1,0.877792378,0.005698630000000038
eye_tracking_features,sub-cp035_ses-20220125_level-03B_run-011,sub-cp035,5,2,True,0.8364317700000001,0.85347825,0.867509306,0.84330286,2,0.867509306,0.014031055999999986
eye_tracking_features,sub-cp035_ses-20220125_level-04B_run-004,sub-cp035,5,3,True,0.8138159760000001,0.8489454860000001,0.8465210479999999,0.8417698899999999,1,0.8489454860000001,0.0024244380000001398
eye_tracking_features,sub-cp035_ses-20220125_level-04B_run-006,sub-cp035,5,3,True,0.8045232999999999,0.8383721919999999,0.836074908,0.8340357199999999,1,0.8383721919999999,0.002297283999999955
eye_tracking_features,sub-cp035_ses-20220125_level-04B_run-009,sub-cp035,5,3,True,0.8370127999999999,0.866891986,0.8779881939999999,0.865101296,2,0.8779881939999999,0.011096207999999996
eye_tracking_features,sub-cp036_ses-20211218_level-01B_run-001,sub-cp036,4,0,True,0.5240780899999999,0.47593062,0.42096305999999994,0.379750126,0,0.5240780899999999,0.048147469999999915
eye_tracking_features,sub-cp036_ses-20211218_level-01B_run-007,sub-cp036,4,0,True,0.466287942,0.5082898339999999,0.513695182,0.46320767399999996,2,0.513695182,0.005405348000000032
eye_tracking_features,sub-cp036_ses-20211218_level-01B_run-012,sub-cp036,4,0,True,0.5216581220000001,0.47859133800000003,0.444211836,0.41457348400000005,0,0.5216581220000001,0.043066784000000025
eye_tracking_features,sub-cp036_ses-20211218_level-02B_run-003,sub-cp036,4,1,True,0.47304586200000004,0.44821238999999996,0.39719646200000003,0.387325318,0,0.47304586200000004,0.02483347200000008
eye_tracking_features,sub-cp036_ses-20211218_level-02B_run-008,sub-cp036,4,1,True,0.536339384,0.498922136,0.4753104739999999,0.428862536,0,0.536339384,0.037417248000000014
eye_tracking_features,sub-cp036_ses-20211218_level-02B_run-010,sub-cp036,4,1,True,0.49006269599999996,0.49343820000000005,0.45337234000000004,0.427124384,1,0.49343820000000005,0.0033755040000000847
eye_tracking_features,sub-cp036_ses-20211218_level-03B_run-002,sub-cp036,4,2,True,0.40269286399999993,0.40059069799999997,0.42611539,0.417920406,2,0.42611539,0.00819498399999996
eye_tracking_features,sub-cp036_ses-20211218_level-03B_run-005,sub-cp036,4,2,True,0.46126125599999995,0.43825587600000004,0.37465938200000004,0.360141192,0,0.46126125599999995,0.02300537999999991
eye_tracking_features,sub-cp036_ses-20211218_level-03B_run-011,sub-cp036,4,2,True,0.500766732,0.474157324,0.460952652,0.42651930800000004,0,0.500766732,0.026609408
eye_tracking_features,sub-cp036_ses-20211218_level-04B_run-004,sub-cp036,4,3,True,0.463899466,0.439446316,0.360072398,0.362228474,0,0.463899466,0.02445314999999998
eye_tracking_features,sub-cp036_ses-20211218_level-04B_run-006,sub-cp036,4,3,True,0.44766187,0.43133022600000004,0.40662298799999996,0.407673396,0,0.44766187,0.01633164399999998
eye_tracking_features,sub-cp036_ses-20211218_level-04B_run-009,sub-cp036,4,3,True,0.45423535800000003,0.487179908,0.502483332,0.45593447,2,0.502483332,0.015303423999999954
eye_tracking_features,sub-cp037_ses-20210113_level-01B_run-001,sub-cp037,3,0,True,0.8247103960000001,0.79264067,0.7881279080000001,0.74734036,0,0.8247103960000001,0.03206972600000002
eye_tracking_features,sub-cp037_ses-20210113_level-01B_run-007,sub-cp037,3,0,True,0.815507656,0.802732286,0.80223014,0.760329038,0,0.815507656,0.012775369999999953
eye_tracking_features,sub-cp037_ses-20210113_level-01B_run-012,sub-cp037,3,0,True,0.8342263539999999,0.8027325980000001,0.800170136,0.762681514,0,0.8342263539999999,0.03149375599999982
eye_tracking_features,sub-cp037_ses-20210113_level-02B_run-003,sub-cp037,3,1,True,0.7853628539999999,0.8205517419999999,0.81317115,0.761497494,1,0.8205517419999999,0.007380591999999964
eye_tracking_features,sub-cp037_ses-20210113_level-02B_run-008,sub-cp037,3,1,True,0.8027924519999999,0.8091603319999999,0.8138834239999999,0.7651873339999999,2,0.8138834239999999,0.004723091999999984
eye_tracking_features,sub-cp037_ses-20210113_level-02B_run-010,sub-cp037,3,1,True,0.77607868,0.8000460840000001,0.7918472139999999,0.740806558,1,0.8000460840000001,0.008198870000000191
eye_tracking_features,sub-cp037_ses-20210113_level-03B_run-002,sub-cp037,3,2,True,0.782783828,0.7975191859999999,0.7959087159999999,0.773849252,1,0.7975191859999999,0.0016104700000000305
eye_tracking_features,sub-cp037_ses-20210113_level-03B_run-005,sub-cp037,3,2,True,0.7655087700000001,0.794960796,0.802736086,0.770290026,2,0.802736086,0.00777528999999999
eye_tracking_features,sub-cp037_ses-20210113_level-03B_run-011,sub-cp037,3,2,True,0.776816,0.8028006919999999,0.81133813,0.77024909,2,0.81133813,0.008537438000000064
eye_tracking_features,sub-cp037_ses-20210113_level-04B_run-004,sub-cp037,3,3,True,0.783314906,0.786918208,0.809547738,0.8093142839999998,2,0.809547738,0.00023345400000018834
eye_tracking_features,sub-cp037_ses-20210113_level-04B_run-006,sub-cp037,3,3,True,0.754717318,0.78628475,0.799361228,0.7942854260000001,2,0.799361228,0.005075801999999907
eye_tracking_features,sub-cp037_ses-20210113_level-04B_run-009,sub-cp037,3,3,True,0.7656339839999999,0.78550135,0.814997862,0.788422224,2,0.814997862,0.026575638000000068
eye_tracking_features,sub-cp038_ses-20220112_level-01B_run-001,sub-cp038,2,0,True,0.8556893540000001,0.8565294120000001,0.8640722679999999,0.868428414,3,0.868428414,0.004356146000000116
eye_tracking_features,sub-cp038_ses-20220112_level-01B_run-007,sub-cp038,2,0,True,0.87645406,0.858125902,0.85255106,0.8438000219999999,0,0.87645406,0.018328157999999983
eye_tracking_features,sub-cp038_ses-20220112_level-01B_run-012,sub-cp038,2,0,True,0.862713686,0.870401788,0.8661663980000001,0.843867024,1,0.870401788,0.00423538999999995
eye_tracking_features,sub-cp038_ses-20220112_level-02B_run-003,sub-cp038,2,1,True,0.8899301599999999,0.881858714,0.8867347219999999,0.8814440859999999,0,0.8899301599999999,0.003195437999999995
eye_tracking_features,sub-cp038_ses-20220112_level-02B_run-008,sub-cp038,2,1,True,0.8833230540000001,0.877352282,0.871979362,0.848475094,0,0.8833230540000001,0.005970772000000069
eye_tracking_features,sub-cp038_ses-20220112_level-02B_run-010,sub-cp038,2,1,True,0.867860082,0.871368128,0.8588308659999999,0.84606198,1,0.871368128,0.003508045999999987
eye_tracking_features,sub-cp038_ses-20220112_level-03B_run-002,sub-cp038,2,2,True,0.8812756220000001,0.8852795820000001,0.8949992019999999,0.8927722360000001,2,0.8949992019999999,0.0022269659999998304
eye_tracking_features,sub-cp038_ses-20220112_level-03B_run-005,sub-cp038,2,2,True,0.8550085599999999,0.84652875,0.845472466,0.843054392,0,0.8550085599999999,0.008479809999999866
eye_tracking_features,sub-cp038_ses-20220112_level-03B_run-011,sub-cp038,2,2,True,0.8875428059999999,0.8843982799999999,0.875149632,0.865449632,0,0.8875428059999999,0.0031445260000000363
eye_tracking_features,sub-cp038_ses-20220112_level-04B_run-004,sub-cp038,2,3,True,0.887324492,0.893589728,0.8896766700000001,0.8690861200000001,1,0.893589728,0.003913057999999969
eye_tracking_features,sub-cp038_ses-20220112_level-04B_run-006,sub-cp038,2,3,True,0.8463230279999999,0.8462022539999999,0.8468668300000001,0.8525692680000001,3,0.8525692680000001,0.005702438000000032
eye_tracking_features,sub-cp038_ses-20220112_level-04B_run-009,sub-cp038,2,3,True,0.8945867,0.880588848,0.8727740519999999,0.866042466,0,0.8945867,0.013997851999999922
eye_tracking_features,sub-cp039_ses-20211219_level-01B_run-001,sub-cp039,1,0,True,0.77265809,0.7757231539999999,0.788229326,0.813068124,3,0.813068124,0.024838797999999995
eye_tracking_features,sub-cp039_ses-20211219_level-01B_run-007,sub-cp039,1,0,True,0.8109792219999999,0.828977968,0.8475054419999999,0.847723992,3,0.847723992,0.00021855000000015057
eye_tracking_features,sub-cp039_ses-20211219_level-01B_run-012,sub-cp039,1,0,True,0.8012705999999999,0.8279039100000001,0.855851214,0.8526875159999999,2,0.855851214,0.003163698000000048
eye_tracking_features,sub-cp039_ses-20211219_level-02B_run-003,sub-cp039,1,1,True,0.762818732,0.75594632,0.7788732300000001,0.802319586,3,0.802319586,0.02344635599999989
eye_tracking_features,sub-cp039_ses-20211219_level-02B_run-008,sub-cp039,1,1,True,0.72346844,0.762828894,0.755356406,0.777770404,3,0.777770404,0.014941509999999991
eye_tracking_features,sub-cp039_ses-20211219_level-02B_run-010,sub-cp039,1,1,True,0.8086561299999999,0.8367072499999999,0.857210398,0.85633157,2,0.857210398,0.0008788279999999427
eye_tracking_features,sub-cp039_ses-20211219_level-03B_run-002,sub-cp039,1,2,True,0.80382628,0.8449554559999999,0.8341092720000001,0.8252090519999999,1,0.8449554559999999,0.010846183999999814
eye_tracking_features,sub-cp039_ses-20211219_level-03B_run-005,sub-cp039,1,2,True,0.814356228,0.832246266,0.856449228,0.8664378100000001,3,0.8664378100000001,0.009988582000000079
eye_tracking_features,sub-cp039_ses-20211219_level-03B_run-011,sub-cp039,1,2,True,0.755028674,0.80318792,0.8133677880000001,0.815144922,3,0.815144922,0.0017771339999999025
eye_tracking_features,sub-cp039_ses-20211219_level-04B_run-004,sub-cp039,1,3,True,0.768038668,0.7853865520000001,0.7993322199999999,0.8171780999999999,3,0.8171780999999999,0.01784587999999998
eye_tracking_features,sub-cp039_ses-20211219_level-04B_run-006,sub-cp039,1,3,True,0.78574458,0.8039017059999999,0.8291702479999999,0.84472924,3,0.84472924,0.015558992000000105
eye_tracking_features,sub-cp039_ses-20211219_level-04B_run-009,sub-cp039,1,3,True,0.7706005539999999,0.797386708,0.8114496259999999,0.822187628,3,0.822187628,0.01073800200000008
eye_tracking_features,sub-cp042_ses-20220111_level-01B_run-001,sub-cp042,4,0,True,0.535966164,0.46488713200000004,0.46533866799999996,0.395845544,0,0.535966164,0.07062749600000001
eye_tracking_features,sub-cp042_ses-20220111_level-01B_run-007,sub-cp042,4,0,True,0.47569216599999997,0.447892622,0.49567470999999996,0.42854907799999997,2,0.49567470999999996,0.01998254399999999
eye_tracking_features,sub-cp042_ses-20220111_level-01B_run-012,sub-cp042,4,0,True,0.487818964,0.46569008600000006,0.47959350999999995,0.42869093999999996,0,0.487818964,0.008225454000000076
eye_tracking_features,sub-cp042_ses-20220111_level-02B_run-003,sub-cp042,4,1,True,0.510550796,0.47574502399999996,0.489146848,0.398679778,0,0.510550796,0.02140394799999995
eye_tracking_features,sub-cp042_ses-20220111_level-02B_run-008,sub-cp042,4,1,True,0.43577322,0.48047042199999995,0.516088958,0.450590348,2,0.516088958,0.035618536000000034
eye_tracking_features,sub-cp042_ses-20220111_level-02B_run-010,sub-cp042,4,1,True,0.428125872,0.48721416599999995,0.505874866,0.452045132,2,0.505874866,0.01866070000000003
eye_tracking_features,sub-cp042_ses-20220111_level-03B_run-002,sub-cp042,4,2,True,0.514052776,0.472544088,0.48878025,0.44849724,0,0.514052776,0.025272525999999962
eye_tracking_features,sub-cp042_ses-20220111_level-03B_run-005,sub-cp042,4,2,True,0.44818795,0.488510286,0.5069363680000001,0.446144596,2,0.5069363680000001,0.018426082000000066
eye_tracking_features,sub-cp042_ses-20220111_level-03B_run-011,sub-cp042,4,2,True,0.491512848,0.473122814,0.484182172,0.425916532,0,0.491512848,0.00733067599999998
eye_tracking_features,sub-cp042_ses-20220111_level-04B_run-004,sub-cp042,4,3,True,0.46636958,0.47774537400000006,0.494884132,0.424042942,2,0.494884132,0.01713875799999992
eye_tracking_features,sub-cp042_ses-20220111_level-04B_run-006,sub-cp042,4,3,True,0.485511344,0.44926595999999996,0.47579223600000004,0.417725624,0,0.485511344,0.009719107999999976
eye_tracking_features,sub-cp042_ses-20220111_level-04B_run-009,sub-cp042,4,3,True,0.48823222600000005,0.49280314000000003,0.47069472999999995,0.40590023999999997,1,0.49280314000000003,0.0045709139999999815
eye_tracking_features,sub-cp043_ses-20220127_level-01B_run-001,sub-cp043,1,0,True,0.8340197899999999,0.840085852,0.841766686,0.82621944,2,0.841766686,0.0016808340000000754
eye_tracking_features,sub-cp043_ses-20220127_level-01B_run-007,sub-cp043,1,0,True,0.8535527719999999,0.843430298,0.8362950980000001,0.82926188,0,0.8535527719999999,0.010122473999999881
eye_tracking_features,sub-cp043_ses-20220127_level-01B_run-012,sub-cp043,1,0,True,0.8552091519999999,0.855436708,0.8532915859999999,0.848291028,1,0.855436708,0.00022755600000012866
eye_tracking_features,sub-cp043_ses-20220127_level-02B_run-003,sub-cp043,1,1,True,0.8566511099999999,0.8448432199999999,0.84419817,0.8464208,0,0.8566511099999999,0.010230309999999965
eye_tracking_features,sub-cp043_ses-20220127_level-02B_run-008,sub-cp043,1,1,True,0.8447582459999999,0.8377140520000002,0.8331467180000001,0.8343478900000001,0,0.8447582459999999,0.007044193999999782
eye_tracking_features,sub-cp043_ses-20220127_level-02B_run-010,sub-cp043,1,1,True,0.8447572000000001,0.817474472,0.830618172,0.82199398,0,0.8447572000000001,0.014139028000000109
eye_tracking_features,sub-cp043_ses-20220127_level-03B_run-002,sub-cp043,1,2,True,0.8363005720000001,0.857115314,0.8631650499999999,0.851739216,2,0.8631650499999999,0.006049735999999917
eye_tracking_features,sub-cp043_ses-20220127_level-03B_run-005,sub-cp043,1,2,True,0.8403136100000002,0.844493956,0.840598014,0.838313606,1,0.844493956,0.0038959419999999856
eye_tracking_features,sub-cp043_ses-20220127_level-03B_run-011,sub-cp043,1,2,True,0.846565812,0.850360684,0.84816282,0.8446366160000001,1,0.850360684,0.002197863999999994
eye_tracking_features,sub-cp043_ses-20220127_level-04B_run-004,sub-cp043,1,3,True,0.86821237,0.844215828,0.8397359659999999,0.83464341,0,0.86821237,0.02399654200000001
eye_tracking_features,sub-cp043_ses-20220127_level-04B_run-006,sub-cp043,1,3,True,0.847170988,0.856466956,0.849096634,0.8546355139999999,1,0.856466956,0.001831442000000072
eye_tracking_features,sub-cp043_ses-20220127_level-04B_run-009,sub-cp043,1,3,True,0.8451355279999999,0.8527427120000001,0.857000126,0.854848614,2,0.857000126,0.0021515119999999666
flight_parameter_features,sub-cp003_ses-20210206_level-01B_run-001,sub-cp003,4,0,True,0.562716792,0.41872932,0.384292392,0.33534615,0,0.562716792,0.143987472
flight_parameter_features,sub-cp003_ses-20210206_level-01B_run-007,sub-cp003,4,0,True,0.536675784,0.448436858,0.378403492,0.323043872,0,0.536675784,0.08823892600000005
flight_parameter_features,sub-cp003_ses-20210206_level-01B_run-012,sub-cp003,4,0,True,0.56785153,0.42924406800000003,0.364139512,0.315025812,0,0.56785153,0.13860746199999996
flight_parameter_features,sub-cp003_ses-20210206_level-02B_run-003,sub-cp003,4,1,True,0.424838354,0.536309874,0.41551798399999995,0.282384634,1,0.536309874,0.11147151999999999
flight_parameter_features,sub-cp003_ses-20210206_level-02B_run-008,sub-cp003,4,1,True,0.43378330800000003,0.528674122,0.41717367000000005,0.276714646,1,0.528674122,0.09489081399999993
flight_parameter_features,sub-cp003_ses-20210206_level-02B_run-010,sub-cp003,4,1,True,0.44357459000000005,0.526679562,0.41812902999999996,0.28248725,1,0.526679562,0.08310497199999994
flight_parameter_features,sub-cp003_ses-20210206_level-03B_run-002,sub-cp003,4,2,True,0.40020289800000003,0.442733794,0.497034534,0.3189517,2,0.497034534,0.05430073999999996
flight_parameter_features,sub-cp003_ses-20210206_level-03B_run-005,sub-cp003,4,2,True,0.391072186,0.459274132,0.5121139539999999,0.34636222,2,0.5121139539999999,0.052839821999999925
flight_parameter_features,sub-cp003_ses-20210206_level-03B_run-011,sub-cp003,4,2,True,0.37892098399999996,0.443391634,0.51848998,0.366578108,2,0.51848998,0.07509834600000004
flight_parameter_features,sub-cp003_ses-20210206_level-04B_run-004,sub-cp003,4,3,True,0.39481423800000004,0.359376606,0.41190466600000003,0.597371562,3,0.597371562,0.18546689599999994
flight_parameter_features,sub-cp003_ses-20210206_level-04B_run-006,sub-cp003,4,3,True,0.37738865,0.355585904,0.40498283199999996,0.608966816,3,0.608966816,0.20398398400000006
flight_parameter_features,sub-cp003_ses-20210206_level-04B_run-009,sub-cp003,4,3,True,0.379909418,0.363494982,0.40532018000000003,0.587983952,3,0.587983952,0.18266377199999995
flight_parameter_features,sub-cp004_ses-20210330_level-01B_run-001,sub-cp004,1,0,True,0.9076843,0.87892413,0.8392858820000001,0.753082512,0,0.9076843,0.028760169999999974
flight_parameter_features,sub-cp004_ses-20210330_level-01B_run-007,sub-cp004,1,0,True,0.9060608460000001,0.88437112,0.8498112859999999,0.8229279,0,0.9060608460000001,0.021689726000000187
flight_parameter_features,sub-cp004_ses-20210330_level-01B_run-012,sub-cp004,1,0,True,0.912409828,0.887874362,0.8375430500000001,0.7471916719999999,0,0.912409828,0.024535466000000006
flight_parameter_features,sub-cp004_ses-20210330_level-02B_run-003,sub-cp004,1,1,True,0.8672632339999999,0.891969384,0.8864242920000001,0.8298750480000001,1,0.891969384,0.005545091999999974
flight_parameter_features,sub-cp004_ses-20210330_level-02B_run-008,sub-cp004,1,1,True,0.8925763919999999,0.9069975299999999,0.8494138120000001,0.744687782,1,0.9069975299999999,0.014421138
flight_parameter_features,sub-cp004_ses-20210330_level-02B_run-010,sub-cp004,1,1,True,0.8858771620000001,0.9151859699999999,0.9070968,0.792631272,1,0.9151859699999999,0.008089169999999868
flight_parameter_features,sub-cp004_ses-20210330_level-03B_run-002,sub-cp004,1,2,True,0.8614354399999999,0.886157128,0.9217208619999999,0.806482348,2,0.9217208619999999,0.0355637339999999
flight_parameter_features,sub-cp004_ses-20210330_level-03B_run-005,sub-cp004,1,2,True,0.8306732059999999,0.850162128,0.883352776,0.8270630880000001,2,0.883352776,0.033190647999999934
flight_parameter_features,sub-cp004_ses-20210330_level-03B_run-011,sub-cp004,1,2,True,0.873207528,0.907054836,0.941876736,0.803319672,2,0.941876736,0.03482189999999996
flight_parameter_features,sub-cp004_ses-20210330_level-04B_run-004,sub-cp004,1,3,True,0.827445526,0.8226089520000001,0.8507709379999999,0.901725592,3,0.901725592,0.0509546540000001
flight_parameter_features,sub-cp004_ses-20210330_level-04B_run-006,sub-cp004,1,3,True,0.829668696,0.81744433,0.849257136,0.900181442,3,0.900181442,0.050924306000000086
flight_parameter_features,sub-cp004_ses-20210330_level-04B_run-009,sub-cp004,1,3,True,0.84170094,0.8322353,0.8618276500000001,0.896915868,3,0.896915868,0.03508821799999995
flight_parameter_features,sub-cp005_ses-20210226_level-01B_run-001,sub-cp005,5,0,True,0.905989492,0.885634308,0.86229347,0.8046800279999999,0,0.905989492,0.020355184000000026
flight_parameter_features,sub-cp005_ses-20210226_level-01B_run-007,sub-cp005,5,0,True,0.9120929179999999,0.922234948,0.8823787120000001,0.787380988,1,0.922234948,0.010142030000000135
flight_parameter_features,sub-cp005_ses-20210226_level-01B_run-012,sub-cp005,5,0,True,0.91706827,0.914578498,0.8682209320000001,0.774886216,0,0.91706827,0.002489772000000001
flight_parameter_features,sub-cp005_ses-20210226_level-02B_run-003,sub-cp005,5,1,True,0.8052376960000001,0.8243225800000001,0.845011472,0.802727144,2,0.845011472,0.020688891999999903
flight_parameter_features,sub-cp005_ses-20210226_level-02B_run-008,sub-cp005,5,1,True,0.8913583619999998,0.930468858,0.88891918,0.765973712,1,0.930468858,0.03911049600000016
flight_parameter_features,sub-cp005_ses-20210226_level-02B_run-010,sub-cp005,5,1,True,0.89692317,0.9196340519999999,0.8904537140000001,0.791259002,1,0.9196340519999999,0.022710881999999932
flight_parameter_features,sub-cp005_ses-20210226_level-03B_run-002,sub-cp005,5,2,True,0.752493622,0.773818954,0.7770561060000001,0.8019775599999999,3,0.8019775599999999,0.024921453999999787
flight_parameter_features,sub-cp005_ses-20210226_level-03B_run-005,sub-cp005,5,2,True,0.8408839300000001,0.8731369900000001,0.892371846,0.7990290480000001,2,0.892371846,0.019234855999999856
flight_parameter_features,sub-cp005_ses-20210226_level-03B_run-011,sub-cp005,5,2,True,0.855531002,0.8835577139999999,0.9030015199999999,0.8464845480000001,2,0.9030015199999999,0.019443805999999952
flight_parameter_features,sub-cp005_ses-20210226_level-04B_run-004,sub-cp005,5,3,True,0.757949784,0.767834288,0.799792586,0.8264710900000001,3,0.8264710900000001,0.026678504000000047
flight_parameter_features,sub-cp005_ses-20210226_level-04B_run-006,sub-cp005,5,3,True,0.827309208,0.83823086,0.865717264,0.92987208,3,0.92987208,0.06415481599999995
flight_parameter_features,sub-cp005_ses-20210226_level-04B_run-009,sub-cp005,5,3,True,0.84140856,0.8218590219999999,0.840108466,0.8659281999999999,3,0.8659281999999999,0.024519639999999954
flight_parameter_features,sub-cp006_ses-20210324_level-01B_run-001,sub-cp006,4,0,True,0.490230766,0.40999256199999995,0.360451852,0.327471678,0,0.490230766,0.08023820400000004
flight_parameter_features,sub-cp006_ses-20210324_level-01B_run-007,sub-cp006,4,0,True,0.521821268,0.444444954,0.376264174,0.28197298800000004,0,0.521821268,0.07737631399999995
flight_parameter_features,sub-cp006_ses-20210324_level-01B_run-012,sub-cp006,4,0,True,0.513086962,0.43763115399999997,0.366372402,0.304746788,0,0.513086962,0.07545580800000007
flight_parameter_features,sub-cp006_ses-20210324_level-02B_run-003,sub-cp006,4,1,True,0.41996401399999994,0.4776341439999999,0.411924094,0.28669373,1,0.4776341439999999,0.057670129999999986
flight_parameter_features,sub-cp006_ses-20210324_level-02B_run-008,sub-cp006,4,1,True,0.431561886,0.512415496,0.41306440999999994,0.297260056,1,0.512415496,0.08085361000000002
flight_parameter_features,sub-cp006_ses-20210324_level-02B_run-010,sub-cp006,4,1,True,0.443532972,0.500269792,0.385778784,0.302926802,1,0.500269792,0.056736819999999966
flight_parameter_features,sub-cp006_ses-20210324_level-03B_run-002,sub-cp006,4,2,True,0.37005083,0.46987164400000003,0.5116293300000001,0.329617406,2,0.5116293300000001,0.04175768600000007
flight_parameter_features,sub-cp006_ses-20210324_level-03B_run-005,sub-cp006,4,2,True,0.40923031400000004,0.428902864,0.482625414,0.35180562600000004,2,0.482625414,0.05372254999999998
flight_parameter_features,sub-cp006_ses-20210324_level-03B_run-011,sub-cp006,4,2,True,0.383097814,0.424749802,0.505806854,0.32716006000000003,2,0.505806854,0.08105705200000002
flight_parameter_features,sub-cp006_ses-20210324_level-04B_run-004,sub-cp006,4,3,True,0.387522616,0.347061646,0.39485863,0.6319019239999999,3,0.6319019239999999,0.2370432939999999
flight_parameter_features,sub-cp006_ses-20210324_level-04B_run-006,sub-cp006,4,3,True,0.41959244599999995,0.37164103000000004,0.41026219599999997,0.577325172,3,0.577325172,0.15773272600000005
flight_parameter_features,sub-cp006_ses-20210324_level-04B_run-009,sub-cp006,4,3,True,0.42595799999999995,0.36024225800000004,0.41715332400000005,0.564366946,3,0.564366946,0.1384089460000001
flight_parameter_features,sub-cp008_ses-20210503_level-01B_run-001,sub-cp008,3,0,True,0.8611489779999999,0.8552598899999999,0.83147616,0.806432614,0,0.8611489779999999,0.005889087999999987
flight_parameter_features,sub-cp008_ses-20210503_level-01B_run-007,sub-cp008,3,0,True,0.8673188060000001,0.847744814,0.8261270079999999,0.71719132,0,0.8673188060000001,0.019573992000000096
flight_parameter_features,sub-cp008_ses-20210503_level-01B_run-012,sub-cp008,3,0,True,0.9066090900000001,0.881212584,0.8491586139999999,0.738543706,0,0.9066090900000001,0.025396506000000096
flight_parameter_features,sub-cp008_ses-20210503_level-02B_run-003,sub-cp008,3,1,True,0.875934848,0.911157356,0.8666129220000001,0.7606524720000001,1,0.911157356,0.03522250800000004
flight_parameter_features,sub-cp008_ses-20210503_level-02B_run-008,sub-cp008,3,1,True,0.849662732,0.87432643,0.8446156800000001,0.713368588,1,0.87432643,0.02466369800000001
flight_parameter_features,sub-cp008_ses-20210503_level-02B_run-010,sub-cp008,3,1,True,0.8927774660000001,0.8961048,0.8455513,0.739531028,1,0.8961048,0.0033273339999999596
flight_parameter_features,sub-cp008_ses-20210503_level-03B_run-002,sub-cp008,3,2,True,0.867283756,0.8833544740000001,0.9010207060000001,0.800966352,2,0.9010207060000001,0.01766623199999995
flight_parameter_features,sub-cp008_ses-20210503_level-03B_run-005,sub-cp008,3,2,True,0.8707808079999999,0.896235406,0.92248213,0.764294712,2,0.92248213,0.026246724000000055
flight_parameter_features,sub-cp008_ses-20210503_level-03B_run-011,sub-cp008,3,2,True,0.854919772,0.8938886699999999,0.9009869800000001,0.7534158,2,0.9009869800000001,0.007098310000000163
flight_parameter_features,sub-cp008_ses-20210503_level-04B_run-004,sub-cp008,3,3,True,0.8319752140000001,0.8445488940000001,0.866777348,0.888920218,3,0.888920218,0.022142870000000037
flight_parameter_features,sub-cp008_ses-20210503_level-04B_run-006,sub-cp008,3,3,True,0.839617634,0.847247076,0.8614017539999999,0.896470234,3,0.896470234,0.03506848000000018
flight_parameter_features,sub-cp008_ses-20210503_level-04B_run-009,sub-cp008,3,3,True,0.86008145,0.848783184,0.8672034419999999,0.9073179180000001,3,0.9073179180000001,0.04011447600000018
flight_parameter_features,sub-cp009_ses-20210129_level-01B_run-001,sub-cp009,2,0,True,0.818268904,0.824123692,0.8180274040000001,0.8054893399999999,1,0.824123692,0.005854788000000055
flight_parameter_features,sub-cp009_ses-20210129_level-01B_run-007,sub-cp009,2,0,True,0.8613545739999999,0.858249966,0.8436922840000001,0.8246489480000001,0,0.8613545739999999,0.0031046079999998977
flight_parameter_features,sub-cp009_ses-20210129_level-01B_run-012,sub-cp009,2,0,True,0.8667306140000001,0.86737913,0.853222032,0.820108924,1,0.86737913,0.0006485159999999324
flight_parameter_features,sub-cp009_ses-20210129_level-02B_run-003,sub-cp009,2,1,True,0.8365952419999999,0.8557896859999999,0.8289909999999999,0.8118008979999999,1,0.8557896859999999,0.019194444000000033
flight_parameter_features,sub-cp009_ses-20210129_level-02B_run-008,sub-cp009,2,1,True,0.8531006939999999,0.864993452,0.851393026,0.82221503,1,0.864993452,0.011892758000000114
flight_parameter_features,sub-cp009_ses-20210129_level-02B_run-010,sub-cp009,2,1,True,0.8454936679999999,0.8485281600000001,0.8231764479999999,0.7796017239999999,1,0.8485281600000001,0.0030344920000001663
flight_parameter_features,sub-cp009_ses-20210129_level-03B_run-002,sub-cp009,2,2,True,0.831105798,0.8526638419999999,0.859922946,0.8593664520000001,2,0.859922946,0.0005564939999999075
flight_parameter_features,sub-cp009_ses-20210129_level-03B_run-005,sub-cp009,2,2,True,0.8747806499999999,0.8854422559999999,0.8858134379999999,0.8524510839999999,2,0.8858134379999999,0.0003711819999999699
flight_parameter_features,sub-cp009_ses-20210129_level-03B_run-011,sub-cp009,2,2,True,0.8700886560000001,0.892591278,0.886106814,0.849058282,1,0.892591278,0.006484464000000023
flight_parameter_features,sub-cp009_ses-20210129_level-04B_run-004,sub-cp009,2,3,True,0.81671808,0.828928576,0.834930626,0.8663984599999999,3,0.8663984599999999,0.03146783399999986
flight_parameter_features,sub-cp009_ses-20210129_level-04B_run-006,sub-cp009,2,3,True,0.8170467800000001,0.8415420579999999,0.8551547700000001,0.87822376,3,0.87822376,0.023068989999999956
flight_parameter_features,sub-cp009_ses-20210129_level-04B_run-009,sub-cp009,2,3,True,0.8344959,0.841378426,0.84339294,0.88374638,3,0.88374638,0.040353440000000074
flight_parameter_features,sub-cp011_ses-20210408_level-01B_run-001,sub-cp011,1,0,True,0.8748708580000001,0.8676253839999999,0.8179194859999999,0.8264064799999999,0,0.8748708580000001,0.007245474000000196
flight_parameter_features,sub-cp011_ses-20210408_level-01B_run-007,sub-cp011,1,0,True,0.8539468100000001,0.8029470959999999,0.750296594,0.758602866,0,0.8539468100000001,0.05099971400000014
flight_parameter_features,sub-cp011_ses-20210408_level-01B_run-012,sub-cp011,1,0,True,0.867699786,0.8472582479999999,0.80562422,0.8216430859999999,0,0.867699786,0.020441538000000037
flight_parameter_features,sub-cp011_ses-20210408_level-02B_run-003,sub-cp011,1,1,True,0.68246406,0.739940606,0.78370672,0.770506752,2,0.78370672,0.013199968000000006
flight_parameter_features,sub-cp011_ses-20210408_level-02B_run-008,sub-cp011,1,1,True,0.864746062,0.88003897,0.84670081,0.814561494,1,0.88003897,0.015292907999999938
flight_parameter_features,sub-cp011_ses-20210408_level-02B_run-010,sub-cp011,1,1,True,0.869759148,0.9058538500000001,0.9066359260000001,0.80349345,2,0.9066359260000001,0.0007820760000000204
flight_parameter_features,sub-cp011_ses-20210408_level-03B_run-002,sub-cp011,1,2,True,0.713358398,0.7624559719999999,0.833199482,0.807947282,2,0.833199482,0.025252200000000058
flight_parameter_features,sub-cp011_ses-20210408_level-03B_run-005,sub-cp011,1,2,True,0.841040638,0.84696276,0.8688331039999999,0.85364974,2,0.8688331039999999,0.015183363999999866
flight_parameter_features,sub-cp011_ses-20210408_level-03B_run-011,sub-cp011,1,2,True,0.823514896,0.8479101160000001,0.8436779400000001,0.8297382759999999,1,0.8479101160000001,0.004232176000000032
flight_parameter_features,sub-cp011_ses-20210408_level-04B_run-004,sub-cp011,1,3,True,0.780501794,0.804882186,0.808545086,0.832607078,3,0.832607078,0.024061992000000032
flight_parameter_features,sub-cp011_ses-20210408_level-04B_run-006,sub-cp011,1,3,True,0.755944832,0.79148619,0.8257317719999999,0.88304609,3,0.88304609,0.057314318000000086
flight_parameter_features,sub-cp011_ses-20210408_level-04B_run-009,sub-cp011,1,3,True,0.81060269,0.8339272899999999,0.829140568,0.8802001880000001,3,0.8802001880000001,0.04627289800000023
flight_parameter_features,sub-cp012_ses-20210723_level-01B_run-001,sub-cp012,4,0,True,0.49645762399999993,0.481330646,0.37082955,0.29017851400000005,0,0.49645762399999993,0.015126977999999958
flight_parameter_features,sub-cp012_ses-20210723_level-01B_run-007,sub-cp012,4,0,True,0.52332585,0.452889164,0.380062,0.31891747800000003,0,0.52332585,0.07043668599999997
flight_parameter_features,sub-cp012_ses-20210723_level-01B_run-012,sub-cp012,4,0,True,0.52849712,0.42950399399999994,0.38163793199999996,0.35473607,0,0.52849712,0.0989931260000001
flight_parameter_features,sub-cp012_ses-20210723_level-02B_run-003,sub-cp012,4,1,True,0.40897047000000003,0.51278572,0.445503566,0.286053738,1,0.51278572,0.06728215399999998
flight_parameter_features,sub-cp012_ses-20210723_level-02B_run-008,sub-cp012,4,1,True,0.39921966600000003,0.534615968,0.432105094,0.266614574,1,0.534615968,0.10251087399999997
flight_parameter_features,sub-cp012_ses-20210723_level-02B_run-010,sub-cp012,4,1,True,0.41177361,0.53887045,0.42199038800000005,0.27108637,1,0.53887045,0.11688006199999995
flight_parameter_features,sub-cp012_ses-20210723_level-03B_run-002,sub-cp012,4,2,True,0.352947958,0.45566801,0.5445266959999999,0.306847996,2,0.5445266959999999,0.08885868599999991
flight_parameter_features,sub-cp012_ses-20210723_level-03B_run-005,sub-cp012,4,2,True,0.356722492,0.47140337599999993,0.532833164,0.29671560399999997,2,0.532833164,0.061429788000000096
flight_parameter_features,sub-cp012_ses-20210723_level-03B_run-011,sub-cp012,4,2,True,0.368694274,0.46361836,0.531007962,0.30521529000000003,2,0.531007962,0.06738960199999999
flight_parameter_features,sub-cp012_ses-20210723_level-04B_run-004,sub-cp012,4,3,True,0.349015772,0.3567848,0.42529784800000003,0.620893762,3,0.620893762,0.19559591399999998
flight_parameter_features,sub-cp012_ses-20210723_level-04B_run-006,sub-cp012,4,3,True,0.36653433,0.355313926,0.42583429199999995,0.604212786,3,0.604212786,0.178378494
flight_parameter_features,sub-cp012_ses-20210723_level-04B_run-009,sub-cp012,4,3,True,0.38266058599999997,0.357043268,0.43443766000000006,0.574959926,3,0.574959926,0.14052226599999995
flight_parameter_features,sub-cp013_ses-20210319_level-01B_run-001,sub-cp013,2,0,True,0.878152386,0.878668494,0.88563638,0.8763694080000001,2,0.88563638,0.006967885999999979
flight_parameter_features,sub-cp013_ses-20210319_level-01B_run-007,sub-cp013,2,0,True,0.8639021960000001,0.84546203,0.8455841599999999,0.83042678,0,0.8639021960000001,0.01831803600000015
flight_parameter_features,sub-cp013_ses-20210319_level-01B_run-012,sub-cp013,2,0,True,0.8925845860000001,0.8840575700000001,0.8650562520000001,0.8526719140000001,0,0.8925845860000001,0.008527016000000054
flight_parameter_features,sub-cp013_ses-20210319_level-02B_run-003,sub-cp013,2,1,True,0.830841206,0.8588709680000001,0.861680986,0.8506067959999999,2,0.861680986,0.002810017999999914
flight_parameter_features,sub-cp013_ses-20210319_level-02B_run-008,sub-cp013,2,1,True,0.798725514,0.8316362780000001,0.8436207579999999,0.864062122,3,0.864062122,0.020441364000000073
flight_parameter_features,sub-cp013_ses-20210319_level-02B_run-010,sub-cp013,2,1,True,0.8531230799999999,0.8519259800000001,0.8629707200000001,0.836402672,2,0.8629707200000001,0.009847640000000157
flight_parameter_features,sub-cp013_ses-20210319_level-03B_run-002,sub-cp013,2,2,True,0.822060138,0.84426796,0.8518194619999999,0.8267705299999999,2,0.8518194619999999,0.007551501999999877
flight_parameter_features,sub-cp013_ses-20210319_level-03B_run-005,sub-cp013,2,2,True,0.761314666,0.797294866,0.8078375660000001,0.816764852,3,0.816764852,0.008927285999999923
flight_parameter_features,sub-cp013_ses-20210319_level-03B_run-011,sub-cp013,2,2,True,0.829978812,0.8554040260000001,0.870305844,0.876105948,3,0.876105948,0.005800103999999973
flight_parameter_features,sub-cp013_ses-20210319_level-04B_run-004,sub-cp013,2,3,True,0.6987132060000001,0.7163318280000001,0.729969462,0.752912044,3,0.752912044,0.02294258199999999
flight_parameter_features,sub-cp013_ses-20210319_level-04B_run-006,sub-cp013,2,3,True,0.8239964900000001,0.832505512,0.8378202379999999,0.86971586,3,0.86971586,0.03189562200000007
flight_parameter_features,sub-cp013_ses-20210319_level-04B_run-009,sub-cp013,2,3,True,0.797025982,0.8129835160000001,0.814100876,0.844726646,3,0.844726646,0.030625769999999997
flight_parameter_features,sub-cp014_ses-20211112_level-01B_run-001,sub-cp014,3,0,True,0.912828004,0.888030262,0.853332674,0.770304594,0,0.912828004,0.024797741999999956
flight_parameter_features,sub-cp014_ses-20211112_level-01B_run-007,sub-cp014,3,0,True,0.910250774,0.871399214,0.846615044,0.777003906,0,0.910250774,0.03885156000000001
flight_parameter_features,sub-cp014_ses-20211112_level-01B_run-012,sub-cp014,3,0,True,0.906309662,0.855042388,0.8321453240000001,0.77521619,0,0.906309662,0.051267273999999974
flight_parameter_features,sub-cp014_ses-20211112_level-02B_run-003,sub-cp014,3,1,True,0.890803118,0.9092534779999999,0.873093834,0.7554381419999999,1,0.9092534779999999,0.018450359999999888
flight_parameter_features,sub-cp014_ses-20211112_level-02B_run-008,sub-cp014,3,1,True,0.8753960080000001,0.9008538099999999,0.8793501340000001,0.762801508,1,0.9008538099999999,0.021503675999999805
flight_parameter_features,sub-cp014_ses-20211112_level-02B_run-010,sub-cp014,3,1,True,0.894403438,0.9082731519999999,0.87137838,0.7623353639999999,1,0.9082731519999999,0.013869713999999922
flight_parameter_features,sub-cp014_ses-20211112_level-03B_run-002,sub-cp014,3,2,True,0.8635344100000001,0.9073975900000001,0.9175791739999999,0.762535134,2,0.9175791739999999,0.0101815839999998
flight_parameter_features,sub-cp014_ses-20211112_level-03B_run-005,sub-cp014,3,2,True,0.8459331320000001,0.89475953,0.9237670760000001,0.79969136,2,0.9237670760000001,0.029007546000000106
flight_parameter_features,sub-cp014_ses-20211112_level-03B_run-011,sub-cp014,3,2,True,0.855877012,0.893029054,0.9216944440000001,0.7953904780000001,2,0.9216944440000001,0.028665390000000124
flight_parameter_features,sub-cp014_ses-20211112_level-04B_run-004,sub-cp014,3,3,True,0.8500216720000001,0.8513313159999999,0.8742378000000001,0.895740848,3,0.895740848,0.021503047999999914
flight_parameter_features,sub-cp014_ses-20211112_level-04B_run-006,sub-cp014,3,3,True,0.8409866340000001,0.839229302,0.867488052,0.91341987,3,0.91341987,0.04593181800000001
flight_parameter_features,sub-cp014_ses-20211112_level-04B_run-009,sub-cp014,3,3,True,0.83871504,0.842753882,0.864519176,0.90829741,3,0.90829741,0.04377823400000003
flight_parameter_features,sub-cp015_ses-20210504_level-01B_run-001,sub-cp015,2,0,True,0.9314461279999999,0.9125537579999999,0.883928468,0.8094479,0,0.9314461279999999,0.01889236999999999
flight_parameter_features,sub-cp015_ses-20210504_level-01B_run-007,sub-cp015,2,0,True,0.912500928,0.88851422,0.8639700140000001,0.8333617560000001,0,0.912500928,0.023986708000000023
flight_parameter_features,sub-cp015_ses-20210504_level-01B_run-012,sub-cp015,2,0,True,0.9065387300000001,0.8686485700000001,0.851170718,0.829639044,0,0.9065387300000001,0.037890160000000006
flight_parameter_features,sub-cp015_ses-20210504_level-02B_run-003,sub-cp015,2,1,True,0.9087239520000001,0.938413328,0.900161382,0.795111594,1,0.938413328,0.02968937599999988
flight_parameter_features,sub-cp015_ses-20210504_level-02B_run-008,sub-cp015,2,1,True,0.898739434,0.90995312,0.88725041,0.8198110200000001,1,0.90995312,0.011213685999999945
flight_parameter_features,sub-cp015_ses-20210504_level-02B_run-010,sub-cp015,2,1,True,0.9015614919999999,0.8894427520000001,0.8746942580000001,0.8318961899999999,0,0.9015614919999999,0.012118739999999795
flight_parameter_features,sub-cp015_ses-20210504_level-03B_run-002,sub-cp015,2,2,True,0.8590172899999999,0.882602808,0.897931928,0.81950663,2,0.897931928,0.015329119999999974
flight_parameter_features,sub-cp015_ses-20210504_level-03B_run-005,sub-cp015,2,2,True,0.88429317,0.8817763120000001,0.8989597760000001,0.8591213740000001,2,0.8989597760000001,0.014666606000000137
flight_parameter_features,sub-cp015_ses-20210504_level-03B_run-011,sub-cp015,2,2,True,0.91915186,0.8896249620000001,0.9005205180000001,0.846720586,0,0.91915186,0.01863134199999994
flight_parameter_features,sub-cp015_ses-20210504_level-04B_run-004,sub-cp015,2,3,True,0.862525634,0.87938564,0.8916516379999999,0.925817558,3,0.925817558,0.03416592000000007
flight_parameter_features,sub-cp015_ses-20210504_level-04B_run-006,sub-cp015,2,3,True,0.8558407600000001,0.8551656879999999,0.871234472,0.884505702,3,0.884505702,0.013271229999999967
flight_parameter_features,sub-cp015_ses-20210504_level-04B_run-009,sub-cp015,2,3,True,0.881806394,0.886712156,0.899832488,0.93910704,3,0.93910704,0.03927455199999996
flight_parameter_features,sub-cp016_ses-20210528_level-01B_run-001,sub-cp016,1,0,True,0.936205872,0.89918722,0.845974032,0.7793135259999999,0,0.936205872,0.037018652000000096
flight_parameter_features,sub-cp016_ses-20210528_level-01B_run-007,sub-cp016,1,0,True,0.901065788,0.859655014,0.8174540799999999,0.751982624,0,0.901065788,0.04141077400000004
flight_parameter_features,sub-cp016_ses-20210528_level-01B_run-012,sub-cp016,1,0,True,0.9248867580000001,0.883272682,0.8486925879999999,0.7894899719999999,0,0.9248867580000001,0.04161407600000011
flight_parameter_features,sub-cp016_ses-20210528_level-02B_run-003,sub-cp016,1,1,True,0.905488922,0.918489138,0.88326478,0.772131986,1,0.918489138,0.013000216000000009
flight_parameter_features,sub-cp016_ses-20210528_level-02B_run-008,sub-cp016,1,1,True,0.897691122,0.913665848,0.8499981059999999,0.74397716,1,0.913665848,0.01597472599999994
flight_parameter_features,sub-cp016_ses-20210528_level-02B_run-010,sub-cp016,1,1,True,0.8784289919999999,0.9125546659999999,0.856563676,0.736561698,1,0.9125546659999999,0.034125673999999995
flight_parameter_features,sub-cp016_ses-20210528_level-03B_run-002,sub-cp016,1,2,True,0.827548,0.84448033,0.870125032,0.731091568,2,0.870125032,0.02564470200000002
flight_parameter_features,sub-cp016_ses-20210528_level-03B_run-005,sub-cp016,1,2,True,0.8361946939999999,0.86059372,0.881131052,0.74001174,2,0.881131052,0.020537331999999964
flight_parameter_features,sub-cp016_ses-20210528_level-03B_run-011,sub-cp016,1,2,True,0.8344829199999999,0.8561390720000001,0.870176034,0.73169395,2,0.870176034,0.01403696199999993
flight_parameter_features,sub-cp016_ses-20210528_level-04B_run-004,sub-cp016,1,3,True,0.8402232379999999,0.8323288,0.86549479,0.911794216,3,0.911794216,0.04629942600000003
flight_parameter_features,sub-cp016_ses-20210528_level-04B_run-006,sub-cp016,1,3,True,0.8433407840000001,0.828156806,0.869227126,0.929859218,3,0.929859218,0.06063209200000008
flight_parameter_features,sub-cp016_ses-20210528_level-04B_run-009,sub-cp016,1,3,True,0.8461984040000001,0.822253358,0.861807052,0.9000793680000001,3,0.9000793680000001,0.03827231600000014
flight_parameter_features,sub-cp017_ses-20210521_level-01B_run-001,sub-cp017,5,0,True,0.9331087159999999,0.8981569520000001,0.868955994,0.780688562,0,0.9331087159999999,0.034951763999999774
flight_parameter_features,sub-cp017_ses-20210521_level-01B_run-007,sub-cp017,5,0,True,0.8985908119999999,0.875709022,0.8412086280000001,0.737939348,0,0.8985908119999999,0.022881789999999902
flight_parameter_features,sub-cp017_ses-20210521_level-01B_run-012,sub-cp017,5,0,True,0.868346224,0.8574732700000001,0.8216231840000001,0.725560496,0,0.868346224,0.01087295399999999
flight_parameter_features,sub-cp017_ses-20210521_level-02B_run-003,sub-cp017,5,1,True,0.8670248380000001,0.92035707,0.8956184300000001,0.736990112,1,0.92035707,0.024738639999999923
flight_parameter_features,sub-cp017_ses-20210521_level-02B_run-008,sub-cp017,5,1,True,0.841558292,0.885462038,0.844155282,0.742579392,1,0.885462038,0.041306756
flight_parameter_features,sub-cp017_ses-20210521_level-02B_run-010,sub-cp017,5,1,True,0.8946660959999999,0.923270188,0.8733008019999999,0.771935858,1,0.923270188,0.028604092000000136
flight_parameter_features,sub-cp017_ses-20210521_level-03B_run-002,sub-cp017,5,2,True,0.8393979760000001,0.877850688,0.921647608,0.759626656,2,0.921647608,0.04379692000000002
flight_parameter_features,sub-cp017_ses-20210521_level-03B_run-005,sub-cp017,5,2,True,0.869229428,0.8916568039999999,0.895378934,0.779834268,2,0.895378934,0.003722130000000101
flight_parameter_features,sub-cp017_ses-20210521_level-03B_run-011,sub-cp017,5,2,True,0.871570586,0.89642634,0.916459608,0.780762908,2,0.916459608,0.02003326800000005
flight_parameter_features,sub-cp017_ses-20210521_level-04B_run-004,sub-cp017,5,3,True,0.835769852,0.845685748,0.8671240179999999,0.9239951660000001,3,0.9239951660000001,0.05687114800000015
flight_parameter_features,sub-cp017_ses-20210521_level-04B_run-006,sub-cp017,5,3,True,0.827405848,0.83460254,0.85208617,0.922316694,3,0.922316694,0.07023052400000007
flight_parameter_features,sub-cp017_ses-20210521_level-04B_run-009,sub-cp017,5,3,True,0.825345446,0.838913982,0.8483545539999999,0.912313586,3,0.912313586,0.06395903200000008
flight_parameter_features,sub-cp018_ses-20210709_level-01B_run-001,sub-cp018,4,0,True,0.540156434,0.44430968800000004,0.36840124999999996,0.30603997,0,0.540156434,0.09584674599999998
flight_parameter_features,sub-cp018_ses-20210709_level-01B_run-007,sub-cp018,4,0,True,0.5345526460000001,0.44937755199999996,0.386110554,0.314045962,0,0.5345526460000001,0.08517509400000012
flight_parameter_features,sub-cp018_ses-20210709_level-01B_run-012,sub-cp018,4,0,True,0.54188026,0.437527944,0.38052896,0.29843897199999997,0,0.54188026,0.104352316
flight_parameter_features,sub-cp018_ses-20210709_level-02B_run-003,sub-cp018,4,1,True,0.426231594,0.49048133399999994,0.40867952599999996,0.28317764399999995,1,0.49048133399999994,0.06424973999999994
flight_parameter_features,sub-cp018_ses-20210709_level-02B_run-008,sub-cp018,4,1,True,0.419548492,0.509770042,0.405801266,0.274765902,1,0.509770042,0.09022154999999998
flight_parameter_features,sub-cp018_ses-20210709_level-02B_run-010,sub-cp018,4,1,True,0.45451180999999996,0.492696132,0.391830628,0.290555712,1,0.492696132,0.03818432200000005
flight_parameter_features,sub-cp018_ses-20210709_level-03B_run-002,sub-cp018,4,2,True,0.40041506800000004,0.401953522,0.49618075200000006,0.38458747200000004,2,0.49618075200000006,0.09422723000000005
flight_parameter_features,sub-cp018_ses-20210709_level-03B_run-005,sub-cp018,4,2,True,0.367674558,0.44957817999999994,0.517452532,0.30487835799999996,2,0.517452532,0.06787435200000003
flight_parameter_features,sub-cp018_ses-20210709_level-03B_run-011,sub-cp018,4,2,True,0.39009504,0.43539954000000003,0.505576166,0.32811409999999996,2,0.505576166,0.07017662599999996
flight_parameter_features,sub-cp018_ses-20210709_level-04B_run-004,sub-cp018,4,3,True,0.363045632,0.355890984,0.40235432,0.61535445,3,0.61535445,0.21300013
flight_parameter_features,sub-cp018_ses-20210709_level-04B_run-006,sub-cp018,4,3,True,0.378422032,0.35106464800000003,0.402913632,0.597121478,3,0.597121478,0.19420784600000002
flight_parameter_features,sub-cp018_ses-20210709_level-04B_run-009,sub-cp018,4,3,True,0.378050212,0.35843970399999997,0.40199814400000006,0.610662458,3,0.610662458,0.2086643139999999
flight_parameter_features,sub-cp019_ses-20210625_level-01B_run-001,sub-cp019,3,0,True,0.854977062,0.85477241,0.833066694,0.79635678,0,0.854977062,0.00020465199999997186
flight_parameter_features,sub-cp019_ses-20210625_level-01B_run-007,sub-cp019,3,0,True,0.878057188,0.8640869560000001,0.8182422300000001,0.76054926,0,0.878057188,0.013970231999999916
flight_parameter_features,sub-cp019_ses-20210625_level-01B_run-012,sub-cp019,3,0,True,0.903491578,0.888171882,0.85920135,0.771068336,0,0.903491578,0.01531969600000005
flight_parameter_features,sub-cp019_ses-20210625_level-02B_run-003,sub-cp019,3,1,True,0.841407834,0.85379297,0.8403365880000001,0.775324904,1,0.85379297,0.012385136000000019
flight_parameter_features,sub-cp019_ses-20210625_level-02B_run-008,sub-cp019,3,1,True,0.8663880300000001,0.916812146,0.886557574,0.755155086,1,0.916812146,0.030254572000000035
flight_parameter_features,sub-cp019_ses-20210625_level-02B_run-010,sub-cp019,3,1,True,0.87464859,0.9036797059999999,0.858021278,0.7550018759999999,1,0.9036797059999999,0.029031115999999968
flight_parameter_features,sub-cp019_ses-20210625_level-03B_run-002,sub-cp019,3,2,True,0.82433619,0.8518903699999999,0.86079936,0.821642274,2,0.86079936,0.008908990000000117
flight_parameter_features,sub-cp019_ses-20210625_level-03B_run-005,sub-cp019,3,2,True,0.8199285119999999,0.8598163919999999,0.8730734,0.770252328,2,0.8730734,0.01325700800000007
flight_parameter_features,sub-cp019_ses-20210625_level-03B_run-011,sub-cp019,3,2,True,0.8468706600000001,0.8906285820000001,0.905665574,0.7703378240000001,2,0.905665574,0.015036991999999971
flight_parameter_features,sub-cp019_ses-20210625_level-04B_run-004,sub-cp019,3,3,True,0.8273033399999999,0.82794214,0.8432707799999999,0.86682662,3,0.86682662,0.023555840000000106
flight_parameter_features,sub-cp019_ses-20210625_level-04B_run-006,sub-cp019,3,3,True,0.8162220939999999,0.829583006,0.8439590640000001,0.867543046,3,0.867543046,0.023583981999999892
flight_parameter_features,sub-cp019_ses-20210625_level-04B_run-009,sub-cp019,3,3,True,0.8244752679999999,0.834245724,0.84894943,0.886894012,3,0.886894012,0.03794458199999995
flight_parameter_features,sub-cp020_ses-20210604_level-01B_run-001,sub-cp020,2,0,True,0.8995095599999999,0.8918857680000001,0.8683704820000001,0.8628933700000001,0,0.8995095599999999,0.007623791999999852
flight_parameter_features,sub-cp020_ses-20210604_level-01B_run-007,sub-cp020,2,0,True,0.90423989,0.9051520399999999,0.8873083640000001,0.8415964920000001,1,0.9051520399999999,0.0009121499999998894
flight_parameter_features,sub-cp020_ses-20210604_level-01B_run-012,sub-cp020,2,0,True,0.888912854,0.9048316200000001,0.878834406,0.7977555620000001,1,0.9048316200000001,0.015918766000000084
flight_parameter_features,sub-cp020_ses-20210604_level-02B_run-003,sub-cp020,2,1,True,0.8917318599999999,0.913937132,0.906290128,0.8282880560000001,1,0.913937132,0.007647004000000068
flight_parameter_features,sub-cp020_ses-20210604_level-02B_run-008,sub-cp020,2,1,True,0.885272592,0.9019167039999999,0.884444834,0.8299870479999999,1,0.9019167039999999,0.016644111999999933
flight_parameter_features,sub-cp020_ses-20210604_level-02B_run-010,sub-cp020,2,1,True,0.88282907,0.9182646200000001,0.9015687979999999,0.793524458,1,0.9182646200000001,0.016695822000000193
flight_parameter_features,sub-cp020_ses-20210604_level-03B_run-002,sub-cp020,2,2,True,0.800132142,0.83060894,0.846956836,0.822282234,2,0.846956836,0.016347896000000084
flight_parameter_features,sub-cp020_ses-20210604_level-03B_run-005,sub-cp020,2,2,True,0.867097066,0.8842886159999999,0.9021481579999999,0.830045584,2,0.9021481579999999,0.01785954200000006
flight_parameter_features,sub-cp020_ses-20210604_level-03B_run-011,sub-cp020,2,2,True,0.8467019739999999,0.8763144520000001,0.8845717260000001,0.855190434,2,0.8845717260000001,0.008257273999999981
flight_parameter_features,sub-cp020_ses-20210604_level-04B_run-004,sub-cp020,2,3,True,0.8076087919999999,0.822899288,0.833246626,0.8825043600000001,3,0.8825043600000001,0.04925773400000011
flight_parameter_features,sub-cp020_ses-20210604_level-04B_run-006,sub-cp020,2,3,True,0.80784073,0.8209088980000001,0.8285494379999999,0.8642269819999999,3,0.8642269819999999,0.035677544000000005
flight_parameter_features,sub-cp020_ses-20210604_level-04B_run-009,sub-cp020,2,3,True,0.8366164859999999,0.85120594,0.866094682,0.8853170880000001,3,0.8853170880000001,0.019222406000000136
flight_parameter_features,sub-cp022_ses-20210621_level-01B_run-001,sub-cp022,5,0,True,0.857364454,0.8643436619999999,0.8311279,0.818585762,1,0.8643436619999999,0.006979207999999848
flight_parameter_features,sub-cp022_ses-20210621_level-01B_run-007,sub-cp022,5,0,True,0.8553332599999999,0.8326378480000001,0.81274215,0.807942386,0,0.8553332599999999,0.022695411999999804
flight_parameter_features,sub-cp022_ses-20210621_level-01B_run-012,sub-cp022,5,0,True,0.907496632,0.90000079,0.869688412,0.8006989320000001,0,0.907496632,0.007495841999999975
flight_parameter_features,sub-cp022_ses-20210621_level-02B_run-003,sub-cp022,5,1,True,0.865780272,0.8765906859999999,0.8490740240000001,0.811676482,1,0.8765906859999999,0.010810413999999935
flight_parameter_features,sub-cp022_ses-20210621_level-02B_run-008,sub-cp022,5,1,True,0.8457105,0.8632533779999999,0.84634894,0.8232919519999999,1,0.8632533779999999,0.016904437999999855
flight_parameter_features,sub-cp022_ses-20210621_level-02B_run-010,sub-cp022,5,1,True,0.8682458260000001,0.900741802,0.878213654,0.847635846,1,0.900741802,0.022528148000000026
flight_parameter_features,sub-cp022_ses-20210621_level-03B_run-002,sub-cp022,5,2,True,0.834332524,0.844195942,0.862118802,0.8584544340000001,2,0.862118802,0.003664367999999918
flight_parameter_features,sub-cp022_ses-20210621_level-03B_run-005,sub-cp022,5,2,True,0.8454959360000001,0.8641815559999999,0.8878015400000001,0.843376842,2,0.8878015400000001,0.023619984000000205
flight_parameter_features,sub-cp022_ses-20210621_level-03B_run-011,sub-cp022,5,2,True,0.8689660800000001,0.87155524,0.8894237620000001,0.862969434,2,0.8894237620000001,0.01786852200000011
flight_parameter_features,sub-cp022_ses-20210621_level-04B_run-004,sub-cp022,5,3,True,0.846029716,0.83850248,0.85157131,0.8967058,3,0.8967058,0.04513449000000003
flight_parameter_features,sub-cp022_ses-20210621_level-04B_run-006,sub-cp022,5,3,True,0.8338108419999999,0.837973066,0.839000182,0.8896442600000001,3,0.8896442600000001,0.05064407800000004
flight_parameter_features,sub-cp022_ses-20210621_level-04B_run-009,sub-cp022,5,3,True,0.817962344,0.836198918,0.854327576,0.896126712,3,0.896126712,0.04179913600000007
flight_parameter_features,sub-cp023_ses-20210628_level-01B_run-001,sub-cp023,3,0,True,0.846237282,0.8408097339999999,0.812443856,0.7439795200000001,0,0.846237282,0.005427548000000115
flight_parameter_features,sub-cp023_ses-20210628_level-01B_run-007,sub-cp023,3,0,True,0.87144757,0.844970028,0.837036722,0.799904628,0,0.87144757,0.026477541999999965
flight_parameter_features,sub-cp023_ses-20210628_level-01B_run-012,sub-cp023,3,0,True,0.8456754419999999,0.8275364059999999,0.8390057000000001,0.81353493,0,0.8456754419999999,0.006669741999999812
flight_parameter_features,sub-cp023_ses-20210628_level-02B_run-003,sub-cp023,3,1,True,0.859995608,0.877899242,0.8500336279999999,0.83345595,1,0.877899242,0.017903634000000057
flight_parameter_features,sub-cp023_ses-20210628_level-02B_run-008,sub-cp023,3,1,True,0.856262712,0.868549268,0.837410614,0.7792279499999999,1,0.868549268,0.012286555999999949
flight_parameter_features,sub-cp023_ses-20210628_level-02B_run-010,sub-cp023,3,1,True,0.828906348,0.854893208,0.8615471299999999,0.77266388,2,0.8615471299999999,0.006653921999999923
flight_parameter_features,sub-cp023_ses-20210628_level-03B_run-002,sub-cp023,3,2,True,0.858154042,0.8849378939999999,0.8950702319999999,0.8173094000000001,2,0.8950702319999999,0.010132338000000018
flight_parameter_features,sub-cp023_ses-20210628_level-03B_run-005,sub-cp023,3,2,True,0.84616951,0.844833336,0.872006324,0.835093114,2,0.872006324,0.02583681400000004
flight_parameter_features,sub-cp023_ses-20210628_level-03B_run-011,sub-cp023,3,2,True,0.853303444,0.8332889480000001,0.8202702559999999,0.7838845560000001,0,0.853303444,0.020014495999999937
flight_parameter_features,sub-cp023_ses-20210628_level-04B_run-004,sub-cp023,3,3,True,0.829514222,0.8502754939999999,0.86436165,0.894876888,3,0.894876888,0.030515238
flight_parameter_features,sub-cp023_ses-20210628_level-04B_run-006,sub-cp023,3,3,True,0.828925648,0.831336896,0.8501326199999999,0.88452646,3,0.88452646,0.03439384000000012
flight_parameter_features,sub-cp023_ses-20210628_level-04B_run-009,sub-cp023,3,3,True,0.814830246,0.824479166,0.84259252,0.8645574899999999,3,0.8645574899999999,0.021964969999999973
flight_parameter_features,sub-cp024_ses-20210629_level-01B_run-001,sub-cp024,3,0,True,0.8255197940000001,0.8335361459999999,0.80992361,0.77432731,1,0.8335361459999999,0.008016351999999838
flight_parameter_features,sub-cp024_ses-20210629_level-01B_run-007,sub-cp024,3,0,True,0.836457184,0.84408901,0.815217806,0.780847522,1,0.84408901,0.007631826000000008
flight_parameter_features,sub-cp024_ses-20210629_level-01B_run-012,sub-cp024,3,0,True,0.8685091140000001,0.842126346,0.8383050320000001,0.80439267,0,0.8685091140000001,0.026382768000000056
flight_parameter_features,sub-cp024_ses-20210629_level-02B_run-003,sub-cp024,3,1,True,0.8390769199999999,0.8482972820000001,0.848780438,0.790654794,2,0.848780438,0.0004831559999999291
flight_parameter_features,sub-cp024_ses-20210629_level-02B_run-008,sub-cp024,3,1,True,0.839904196,0.838368794,0.82288905,0.7938346039999999,0,0.839904196,0.001535402000000019
flight_parameter_features,sub-cp024_ses-20210629_level-02B_run-010,sub-cp024,3,1,True,0.831060406,0.851350732,0.849360964,0.7891470220000001,1,0.851350732,0.0019897679999999474
flight_parameter_features,sub-cp024_ses-20210629_level-03B_run-002,sub-cp024,3,2,True,0.8143017799999999,0.812451408,0.8270123079999999,0.8089956380000001,2,0.8270123079999999,0.012710528000000054
flight_parameter_features,sub-cp024_ses-20210629_level-03B_run-005,sub-cp024,3,2,True,0.806220538,0.826175946,0.8448648240000001,0.7807895520000001,2,0.8448648240000001,0.018688878000000075
flight_parameter_features,sub-cp024_ses-20210629_level-03B_run-011,sub-cp024,3,2,True,0.8292475420000001,0.8434591539999999,0.853667754,0.8338209539999999,2,0.853667754,0.010208600000000012
flight_parameter_features,sub-cp024_ses-20210629_level-04B_run-004,sub-cp024,3,3,True,0.853892332,0.842469608,0.85199314,0.854199958,3,0.854199958,0.0003076260000000053
flight_parameter_features,sub-cp024_ses-20210629_level-04B_run-006,sub-cp024,3,3,True,0.8371055000000001,0.849236364,0.863893336,0.8967373999999999,3,0.8967373999999999,0.03284406399999995
flight_parameter_features,sub-cp024_ses-20210629_level-04B_run-009,sub-cp024,3,3,True,0.8061663899999999,0.79195594,0.796949118,0.80783597,3,0.80783597,0.0016695800000000593
flight_parameter_features,sub-cp025_ses-20210820_level-01B_run-001,sub-cp025,3,0,True,0.8546890819999999,0.85882897,0.817609966,0.781946372,1,0.85882897,0.0041398880000000915
flight_parameter_features,sub-cp025_ses-20210820_level-01B_run-007,sub-cp025,3,0,True,0.9079886580000001,0.8520923899999999,0.8231178379999999,0.77068752,0,0.9079886580000001,0.05589626800000014
flight_parameter_features,sub-cp025_ses-20210820_level-01B_run-012,sub-cp025,3,0,True,0.867952058,0.8402626659999999,0.842225958,0.802952028,0,0.867952058,0.025726099999999974
flight_parameter_features,sub-cp025_ses-20210820_level-02B_run-003,sub-cp025,3,1,True,0.8590608599999999,0.89136892,0.8579773620000001,0.770662922,1,0.89136892,0.03230806000000008
flight_parameter_features,sub-cp025_ses-20210820_level-02B_run-008,sub-cp025,3,1,True,0.889149526,0.9279248920000001,0.8816188740000002,0.74096851,1,0.9279248920000001,0.03877536600000009
flight_parameter_features,sub-cp025_ses-20210820_level-02B_run-010,sub-cp025,3,1,True,0.897217944,0.916780666,0.873543632,0.75888453,1,0.916780666,0.019562721999999977
flight_parameter_features,sub-cp025_ses-20210820_level-03B_run-002,sub-cp025,3,2,True,0.8648124859999999,0.894545898,0.91031254,0.799684684,2,0.91031254,0.015766641999999997
flight_parameter_features,sub-cp025_ses-20210820_level-03B_run-005,sub-cp025,3,2,True,0.832946594,0.8542625060000001,0.862880752,0.81616842,2,0.862880752,0.00861824599999994
flight_parameter_features,sub-cp025_ses-20210820_level-03B_run-011,sub-cp025,3,2,True,0.829128654,0.8601961579999999,0.867737698,0.77111757,2,0.867737698,0.007541540000000069
flight_parameter_features,sub-cp025_ses-20210820_level-04B_run-004,sub-cp025,3,3,True,0.8073260899999999,0.829800738,0.83853995,0.877063318,3,0.877063318,0.038523368
flight_parameter_features,sub-cp025_ses-20210820_level-04B_run-006,sub-cp025,3,3,True,0.8365076699999999,0.844601952,0.862393434,0.9247696559999999,3,0.9247696559999999,0.062376221999999926
flight_parameter_features,sub-cp025_ses-20210820_level-04B_run-009,sub-cp025,3,3,True,0.84206988,0.849489438,0.8722578320000001,0.916743042,3,0.916743042,0.04448520999999994
flight_parameter_features,sub-cp026_ses-20210716_level-01B_run-001,sub-cp026,2,0,True,0.93037696,0.9235969860000001,0.8899543120000001,0.78777197,0,0.93037696,0.006779973999999966
flight_parameter_features,sub-cp026_ses-20210716_level-01B_run-007,sub-cp026,2,0,True,0.93789401,0.9141974599999999,0.88701342,0.8238755619999999,0,0.93789401,0.02369655000000004
flight_parameter_features,sub-cp026_ses-20210716_level-01B_run-012,sub-cp026,2,0,True,0.9391758020000001,0.909530002,0.880494528,0.82345393,0,0.9391758020000001,0.029645800000000055
flight_parameter_features,sub-cp026_ses-20210716_level-02B_run-003,sub-cp026,2,1,True,0.909952018,0.9098824000000001,0.894849728,0.851201148,0,0.909952018,6.961799999993801e-05
flight_parameter_features,sub-cp026_ses-20210716_level-02B_run-008,sub-cp026,2,1,True,0.90893102,0.9304954500000001,0.898035328,0.788542966,1,0.9304954500000001,0.02156443000000008
flight_parameter_features,sub-cp026_ses-20210716_level-02B_run-010,sub-cp026,2,1,True,0.908613728,0.9110506019999999,0.892171984,0.8444423520000001,1,0.9110506019999999,0.0024368739999999223
flight_parameter_features,sub-cp026_ses-20210716_level-03B_run-002,sub-cp026,2,2,True,0.8870813,0.913339526,0.937231798,0.8450979999999999,2,0.937231798,0.023892271999999992
flight_parameter_features,sub-cp026_ses-20210716_level-03B_run-005,sub-cp026,2,2,True,0.8989609399999999,0.912569792,0.93674897,0.852985382,2,0.93674897,0.024179178000000023
flight_parameter_features,sub-cp026_ses-20210716_level-03B_run-011,sub-cp026,2,2,True,0.8961683839999999,0.9052790959999999,0.924521672,0.847077438,2,0.924521672,0.019242576000000122
flight_parameter_features,sub-cp026_ses-20210716_level-04B_run-004,sub-cp026,2,3,True,0.8542345499999999,0.863832148,0.8782550060000001,0.9233579900000001,3,0.9233579900000001,0.04510298400000001
flight_parameter_features,sub-cp026_ses-20210716_level-04B_run-006,sub-cp026,2,3,True,0.861164266,0.872536478,0.884032794,0.930643238,3,0.930643238,0.04661044400000003
flight_parameter_features,sub-cp026_ses-20210716_level-04B_run-009,sub-cp026,2,3,True,0.875885032,0.88230834,0.8908464779999999,0.93777172,3,0.93777172,0.046925242000000034
flight_parameter_features,sub-cp027_ses-20210722_level-01B_run-001,sub-cp027,1,0,True,0.93632715,0.911092766,0.8548429799999999,0.761939978,0,0.93632715,0.025234384
flight_parameter_features,sub-cp027_ses-20210722_level-01B_run-007,sub-cp027,1,0,True,0.9324793120000001,0.916766126,0.85511757,0.760397312,0,0.9324793120000001,0.015713186000000157
flight_parameter_features,sub-cp027_ses-20210722_level-01B_run-012,sub-cp027,1,0,True,0.935131982,0.908022566,0.853513524,0.773823128,0,0.935131982,0.027109416000000053
flight_parameter_features,sub-cp027_ses-20210722_level-02B_run-003,sub-cp027,1,1,True,0.899993572,0.940679644,0.887182372,0.77086112,1,0.940679644,0.04068607200000007
flight_parameter_features,sub-cp027_ses-20210722_level-02B_run-008,sub-cp027,1,1,True,0.8844234,0.926168912,0.888647104,0.75399931,1,0.926168912,0.037521807999999934
flight_parameter_features,sub-cp027_ses-20210722_level-02B_run-010,sub-cp027,1,1,True,0.907748032,0.9356846539999999,0.8667514199999999,0.759199768,1,0.9356846539999999,0.02793662199999991
flight_parameter_features,sub-cp027_ses-20210722_level-03B_run-002,sub-cp027,1,2,True,0.8819750519999999,0.902394482,0.914669148,0.79974464,2,0.914669148,0.012274665999999934
flight_parameter_features,sub-cp027_ses-20210722_level-03B_run-005,sub-cp027,1,2,True,0.8621398020000001,0.865417774,0.8871398340000001,0.763141624,2,0.8871398340000001,0.0217220600000001
flight_parameter_features,sub-cp027_ses-20210722_level-03B_run-011,sub-cp027,1,2,True,0.8853688639999999,0.9019922919999999,0.9165230259999999,0.7857862219999999,2,0.9165230259999999,0.014530734000000045
flight_parameter_features,sub-cp027_ses-20210722_level-04B_run-004,sub-cp027,1,3,True,0.8275286980000001,0.834512348,0.87862911,0.9279401719999999,3,0.9279401719999999,0.049311061999999906
flight_parameter_features,sub-cp027_ses-20210722_level-04B_run-006,sub-cp027,1,3,True,0.8452970219999999,0.8550552899999999,0.890801482,0.893896064,3,0.893896064,0.0030945820000000124
flight_parameter_features,sub-cp027_ses-20210722_level-04B_run-009,sub-cp027,1,3,True,0.838060662,0.847447112,0.8808428660000001,0.908021512,3,0.908021512,0.027178645999999973
flight_parameter_features,sub-cp028_ses-20211214_level-01B_run-001,sub-cp028,5,0,True,0.8309177739999999,0.845535374,0.81817873,0.7393818000000001,1,0.845535374,0.01461760000000012
flight_parameter_features,sub-cp028_ses-20211214_level-01B_run-007,sub-cp028,5,0,True,0.900007298,0.8683592319999999,0.847441652,0.7920850620000001,0,0.900007298,0.03164806600000014
flight_parameter_features,sub-cp028_ses-20211214_level-01B_run-012,sub-cp028,5,0,True,0.842127108,0.7931030139999999,0.765946124,0.756349194,0,0.842127108,0.049024094000000074
flight_parameter_features,sub-cp028_ses-20211214_level-02B_run-003,sub-cp028,5,1,True,0.872171788,0.904867894,0.881739806,0.782702194,1,0.904867894,0.02312808799999999
flight_parameter_features,sub-cp028_ses-20211214_level-02B_run-008,sub-cp028,5,1,True,0.891064188,0.904286186,0.8752733879999999,0.789754248,1,0.904286186,0.013221998000000013
flight_parameter_features,sub-cp028_ses-20211214_level-02B_run-010,sub-cp028,5,1,True,0.8971708740000001,0.9106256500000001,0.877682442,0.78541273,1,0.9106256500000001,0.013454776000000002
flight_parameter_features,sub-cp028_ses-20211214_level-03B_run-002,sub-cp028,5,2,True,0.8318156999999999,0.8684307,0.884814674,0.776441426,2,0.884814674,0.016383974000000023
flight_parameter_features,sub-cp028_ses-20211214_level-03B_run-005,sub-cp028,5,2,True,0.870775012,0.89771818,0.905941758,0.776527296,2,0.905941758,0.008223577999999954
flight_parameter_features,sub-cp028_ses-20211214_level-03B_run-011,sub-cp028,5,2,True,0.8701634540000001,0.8882764740000001,0.90254655,0.8218464300000001,2,0.90254655,0.014270075999999854
flight_parameter_features,sub-cp028_ses-20211214_level-04B_run-004,sub-cp028,5,3,True,0.8237791959999999,0.8338563540000001,0.85908821,0.916927654,3,0.916927654,0.05783944399999996
flight_parameter_features,sub-cp028_ses-20211214_level-04B_run-006,sub-cp028,5,3,True,0.8364777699999999,0.8297187359999999,0.8564575299999999,0.899706806,3,0.899706806,0.04324927600000006
flight_parameter_features,sub-cp028_ses-20211214_level-04B_run-009,sub-cp028,5,3,True,0.85767846,0.82570067,0.850285012,0.8915077840000001,3,0.8915077840000001,0.03382932400000005
flight_parameter_features,sub-cp029_ses-20220119_level-01B_run-001,sub-cp029,4,0,True,0.49133549600000004,0.45257199400000003,0.434088068,0.349221374,0,0.49133549600000004,0.038763502000000005
flight_parameter_features,sub-cp029_ses-20220119_level-01B_run-007,sub-cp029,4,0,True,0.549058712,0.42873713,0.370105338,0.33436288200000003,0,0.549058712,0.12032158199999998
flight_parameter_features,sub-cp029_ses-20220119_level-01B_run-012,sub-cp029,4,0,True,0.531317868,0.415796038,0.385733754,0.347070706,0,0.531317868,0.11552183000000005
flight_parameter_features,sub-cp029_ses-20220119_level-02B_run-003,sub-cp029,4,1,True,0.434916116,0.50101208,0.401525588,0.31925739599999997,1,0.50101208,0.06609596399999995
flight_parameter_features,sub-cp029_ses-20220119_level-02B_run-008,sub-cp029,4,1,True,0.422371914,0.527134732,0.40034013599999996,0.29504325200000003,1,0.527134732,0.10476281800000004
flight_parameter_features,sub-cp029_ses-20220119_level-02B_run-010,sub-cp029,4,1,True,0.421162656,0.5130256,0.421149826,0.287251162,1,0.5130256,0.09186294399999995
flight_parameter_features,sub-cp029_ses-20220119_level-03B_run-002,sub-cp029,4,2,True,0.40482311400000004,0.42632897999999997,0.46617443999999997,0.372113166,2,0.46617443999999997,0.03984546
flight_parameter_features,sub-cp029_ses-20220119_level-03B_run-005,sub-cp029,4,2,True,0.385715702,0.42713887,0.51499475,0.35211595,2,0.51499475,0.08785587999999994
flight_parameter_features,sub-cp029_ses-20220119_level-03B_run-011,sub-cp029,4,2,True,0.36271171199999996,0.452382666,0.532242048,0.32554152,2,0.532242048,0.07985938199999998
flight_parameter_features,sub-cp029_ses-20220119_level-04B_run-004,sub-cp029,4,3,True,0.363427002,0.36479534,0.41680825400000004,0.597469782,3,0.597469782,0.18066152799999996
flight_parameter_features,sub-cp029_ses-20220119_level-04B_run-006,sub-cp029,4,3,True,0.371201456,0.369675168,0.416135404,0.606038048,3,0.606038048,0.18990264400000006
flight_parameter_features,sub-cp029_ses-20220119_level-04B_run-009,sub-cp029,4,3,True,0.35404476799999995,0.393184898,0.438118142,0.56973625,3,0.56973625,0.13161810800000007
flight_parameter_features,sub-cp030_ses-20211025_level-01B_run-001,sub-cp030,5,0,True,0.8760856260000001,0.8799758360000001,0.8743963239999999,0.8257200579999999,1,0.8799758360000001,0.003890210000000005
flight_parameter_features,sub-cp030_ses-20211025_level-01B_run-007,sub-cp030,5,0,True,0.9053084800000001,0.877681108,0.85276101,0.785706592,0,0.9053084800000001,0.027627372000000094
flight_parameter_features,sub-cp030_ses-20211025_level-01B_run-012,sub-cp030,5,0,True,0.9249764340000001,0.890378658,0.857898348,0.809855894,0,0.9249764340000001,0.034597776000000025
flight_parameter_features,sub-cp030_ses-20211025_level-02B_run-003,sub-cp030,5,1,True,0.833112996,0.86426965,0.85190276,0.7950577799999999,1,0.86426965,0.01236689000000002
flight_parameter_features,sub-cp030_ses-20211025_level-02B_run-008,sub-cp030,5,1,True,0.86943805,0.9004358140000001,0.8829658,0.78927217,1,0.9004358140000001,0.017470014000000034
flight_parameter_features,sub-cp030_ses-20211025_level-02B_run-010,sub-cp030,5,1,True,0.900718444,0.908320118,0.8814105700000001,0.788410512,1,0.908320118,0.007601674000000003
flight_parameter_features,sub-cp030_ses-20211025_level-03B_run-002,sub-cp030,5,2,True,0.800702866,0.8146143840000001,0.8254202879999999,0.812954388,2,0.8254202879999999,0.01080590399999981
flight_parameter_features,sub-cp030_ses-20211025_level-03B_run-011,sub-cp030,5,2,True,0.839158698,0.867337798,0.890062762,0.8329077079999999,2,0.890062762,0.022724964000000014
flight_parameter_features,sub-cp030_ses-20211025_level-04B_run-004,sub-cp030,5,3,True,0.8177719619999999,0.805251982,0.83272576,0.863024848,3,0.863024848,0.03029908800000003
flight_parameter_features,sub-cp030_ses-20211025_level-04B_run-006,sub-cp030,5,3,True,0.77472601,0.8072314580000001,0.8115767939999999,0.857599942,3,0.857599942,0.04602314800000007
flight_parameter_features,sub-cp030_ses-20211025_level-04B_run-009,sub-cp030,5,3,True,0.815987526,0.835134766,0.8311412520000001,0.894692568,3,0.894692568,0.05955780199999994
flight_parameter_features,sub-cp031_ses-20211216_level-01B_run-001,sub-cp031,2,0,True,0.892957004,0.88271064,0.858764074,0.845941792,0,0.892957004,0.010246364000000008
flight_parameter_features,sub-cp031_ses-20211216_level-01B_run-007,sub-cp031,2,0,True,0.93347819,0.9025041039999999,0.882467664,0.8287865459999999,0,0.93347819,0.030974086000000067
flight_parameter_features,sub-cp031_ses-20211216_level-02B_run-003,sub-cp031,2,1,True,0.912879006,0.9341788799999999,0.91610838,0.8011844619999999,1,0.9341788799999999,0.01807049999999988
flight_parameter_features,sub-cp031_ses-20211216_level-02B_run-008,sub-cp031,2,1,True,0.9143725039999999,0.9331978060000001,0.91273484,0.82567006,1,0.9331978060000001,0.01882530200000021
flight_parameter_features,sub-cp031_ses-20211216_level-02B_run-010,sub-cp031,2,1,True,0.90391256,0.910426584,0.8953418879999999,0.837443686,1,0.910426584,0.006514024000000007
flight_parameter_features,sub-cp031_ses-20211216_level-02B_run-012,sub-cp031,2,1,True,0.9430170999999999,0.915880992,0.8963781300000001,0.81550586,0,0.9430170999999999,0.027136107999999992
flight_parameter_features,sub-cp031_ses-20211216_level-03B_run-002,sub-cp031,2,2,True,0.893308474,0.923607008,0.94897738,0.8257416620000001,2,0.94897738,0.02537037200000003
flight_parameter_features,sub-cp031_ses-20211216_level-03B_run-005,sub-cp031,2,2,True,0.8845270080000001,0.8963337219999999,0.920587054,0.855092084,2,0.920587054,0.024253332000000016
flight_parameter_features,sub-cp031_ses-20211216_level-03B_run-011,sub-cp031,2,2,True,0.8990803700000001,0.92779514,0.950274902,0.8223549699999999,2,0.950274902,0.022479762000000014
flight_parameter_features,sub-cp031_ses-20211216_level-04B_run-004,sub-cp031,2,3,True,0.864917628,0.8799568640000001,0.89455211,0.9402044,3,0.9402044,0.04565229000000004
flight_parameter_features,sub-cp031_ses-20211216_level-04B_run-006,sub-cp031,2,3,True,0.864110842,0.8753820720000001,0.896149282,0.9309687419999999,3,0.9309687419999999,0.03481945999999991
flight_parameter_features,sub-cp031_ses-20211216_level-04B_run-009,sub-cp031,2,3,True,0.860807254,0.871795728,0.884425852,0.93488364,3,0.93488364,0.050457788
flight_parameter_features,sub-cp032_ses-20211105_level-01B_run-001,sub-cp032,5,0,True,0.912211682,0.8869326359999998,0.8684239080000001,0.787609748,0,0.912211682,0.025279046000000194
flight_parameter_features,sub-cp032_ses-20211105_level-01B_run-007,sub-cp032,5,0,True,0.91016258,0.8933852720000001,0.8638062339999999,0.7934155119999999,0,0.91016258,0.01677730799999999
flight_parameter_features,sub-cp032_ses-20211105_level-01B_run-012,sub-cp032,5,0,True,0.9173432720000001,0.894466342,0.8651404360000001,0.813109918,0,0.9173432720000001,0.02287693000000013
flight_parameter_features,sub-cp032_ses-20211105_level-02B_run-003,sub-cp032,5,1,True,0.9057580679999999,0.9114345220000001,0.8745281540000001,0.797172328,1,0.9114345220000001,0.005676454000000164
flight_parameter_features,sub-cp032_ses-20211105_level-02B_run-008,sub-cp032,5,1,True,0.9003332799999999,0.9023827000000001,0.8757795039999999,0.8002682999999999,1,0.9023827000000001,0.0020494200000001905
flight_parameter_features,sub-cp032_ses-20211105_level-02B_run-010,sub-cp032,5,1,True,0.89940823,0.915451324,0.874767078,0.781657772,1,0.915451324,0.016043093999999924
flight_parameter_features,sub-cp032_ses-20211105_level-03B_run-002,sub-cp032,5,2,True,0.87475732,0.908303708,0.9044894899999999,0.7911448919999999,1,0.908303708,0.003814218000000147
flight_parameter_features,sub-cp032_ses-20211105_level-03B_run-005,sub-cp032,5,2,True,0.887914976,0.902172528,0.897038102,0.810385982,1,0.902172528,0.005134426000000025
flight_parameter_features,sub-cp032_ses-20211105_level-03B_run-011,sub-cp032,5,2,True,0.886705378,0.8975860600000001,0.905572268,0.8177534420000001,2,0.905572268,0.00798620799999994
flight_parameter_features,sub-cp032_ses-20211105_level-04B_run-004,sub-cp032,5,3,True,0.861823826,0.8626717279999999,0.88896316,0.9213872280000001,3,0.9213872280000001,0.032424068000000084
flight_parameter_features,sub-cp032_ses-20211105_level-04B_run-006,sub-cp032,5,3,True,0.8410404939999999,0.849267036,0.8584019039999999,0.90679692,3,0.90679692,0.04839501600000007
flight_parameter_features,sub-cp032_ses-20211105_level-04B_run-009,sub-cp032,5,3,True,0.851692234,0.8598381460000001,0.88275882,0.92246282,3,0.92246282,0.03970399999999996
flight_parameter_features,sub-cp033_ses-20211215_level-01B_run-001,sub-cp033,1,0,True,0.8915131620000001,0.9154303159999999,0.8663091099999999,0.766373526,1,0.9154303159999999,0.02391715399999983
flight_parameter_features,sub-cp033_ses-20211215_level-01B_run-007,sub-cp033,1,0,True,0.9012421460000001,0.885663536,0.8708515800000001,0.833643788,0,0.9012421460000001,0.015578610000000048
flight_parameter_features,sub-cp033_ses-20211215_level-01B_run-012,sub-cp033,1,0,True,0.9005623420000001,0.8810525419999999,0.846464768,0.8196109500000001,0,0.9005623420000001,0.019509800000000133
flight_parameter_features,sub-cp033_ses-20211215_level-02B_run-003,sub-cp033,1,1,True,0.869971706,0.8813973900000001,0.9002736840000001,0.8586467859999999,2,0.9002736840000001,0.018876294000000016
flight_parameter_features,sub-cp033_ses-20211215_level-02B_run-008,sub-cp033,1,1,True,0.9066834440000001,0.9217703079999999,0.8773767920000001,0.77841688,1,0.9217703079999999,0.015086863999999811
flight_parameter_features,sub-cp033_ses-20211215_level-02B_run-010,sub-cp033,1,1,True,0.9098339019999999,0.899141198,0.8607467679999999,0.81218561,0,0.9098339019999999,0.010692703999999886
flight_parameter_features,sub-cp033_ses-20211215_level-03B_run-002,sub-cp033,1,2,True,0.874368372,0.872193302,0.877566438,0.855511648,2,0.877566438,0.003198066000000055
flight_parameter_features,sub-cp033_ses-20211215_level-03B_run-005,sub-cp033,1,2,True,0.8520448220000001,0.886557268,0.8968580420000001,0.8421138060000001,2,0.8968580420000001,0.010300774000000068
flight_parameter_features,sub-cp033_ses-20211215_level-03B_run-011,sub-cp033,1,2,True,0.8848105799999999,0.8894006940000001,0.9253305980000001,0.8155783700000001,2,0.9253305980000001,0.03592990399999996
flight_parameter_features,sub-cp033_ses-20211215_level-04B_run-004,sub-cp033,1,3,True,0.8111763200000001,0.8204941980000001,0.860355932,0.8969073059999999,3,0.8969073059999999,0.03655137399999986
flight_parameter_features,sub-cp033_ses-20211215_level-04B_run-006,sub-cp033,1,3,True,0.844410098,0.840923812,0.884607018,0.921836116,3,0.921836116,0.03722909800000007
flight_parameter_features,sub-cp033_ses-20211215_level-04B_run-009,sub-cp033,1,3,True,0.8453298260000001,0.83049643,0.8761418400000001,0.9329127100000001,3,0.9329127100000001,0.05677087000000003
flight_parameter_features,sub-cp035_ses-20220125_level-01B_run-001,sub-cp035,5,0,True,0.8860006439999999,0.8895947639999999,0.85683421,0.79684371,1,0.8895947639999999,0.003594120000000034
flight_parameter_features,sub-cp035_ses-20220125_level-01B_run-007,sub-cp035,5,0,True,0.9229823959999999,0.89183816,0.859239302,0.790785502,0,0.9229823959999999,0.031144235999999825
flight_parameter_features,sub-cp035_ses-20220125_level-01B_run-012,sub-cp035,5,0,True,0.908319766,0.892742656,0.861149034,0.8061033479999999,0,0.908319766,0.01557710999999995
flight_parameter_features,sub-cp035_ses-20220125_level-02B_run-003,sub-cp035,5,1,True,0.882903042,0.89561694,0.8723890400000001,0.8228752480000001,1,0.89561694,0.012713898000000001
flight_parameter_features,sub-cp035_ses-20220125_level-02B_run-008,sub-cp035,5,1,True,0.885001648,0.919239232,0.88921352,0.769621428,1,0.919239232,0.030025712000000038
flight_parameter_features,sub-cp035_ses-20220125_level-02B_run-010,sub-cp035,5,1,True,0.8972427,0.904247546,0.87217018,0.7972285699999999,1,0.904247546,0.0070048460000000645
flight_parameter_features,sub-cp035_ses-20220125_level-03B_run-002,sub-cp035,5,2,True,0.82297528,0.8458653679999999,0.854112082,0.790531994,2,0.854112082,0.0082467140000001
flight_parameter_features,sub-cp035_ses-20220125_level-03B_run-005,sub-cp035,5,2,True,0.857404236,0.8824362819999999,0.90107962,0.8216172119999999,2,0.90107962,0.018643338000000065
flight_parameter_features,sub-cp035_ses-20220125_level-03B_run-011,sub-cp035,5,2,True,0.8656244839999999,0.8986754539999999,0.911923886,0.791111884,2,0.911923886,0.013248432000000032
flight_parameter_features,sub-cp035_ses-20220125_level-04B_run-004,sub-cp035,5,3,True,0.8239664440000001,0.834416528,0.847476636,0.912677106,3,0.912677106,0.06520046999999995
flight_parameter_features,sub-cp035_ses-20220125_level-04B_run-006,sub-cp035,5,3,True,0.8351507980000001,0.84739067,0.873851192,0.9237184199999999,3,0.9237184199999999,0.049867227999999875
flight_parameter_features,sub-cp035_ses-20220125_level-04B_run-009,sub-cp035,5,3,True,0.829008956,0.8454456300000001,0.871967358,0.9214771479999999,3,0.9214771479999999,0.04950978999999989
flight_parameter_features,sub-cp036_ses-20211218_level-01B_run-001,sub-cp036,4,0,True,0.524302124,0.403913192,0.379349084,0.41246017999999995,0,0.524302124,0.11184194400000003
flight_parameter_features,sub-cp036_ses-20211218_level-01B_run-007,sub-cp036,4,0,True,0.47866674800000003,0.36803554800000005,0.347430452,0.40469447399999997,0,0.47866674800000003,0.07397227400000006
flight_parameter_features,sub-cp036_ses-20211218_level-01B_run-012,sub-cp036,4,0,True,0.47802923599999997,0.368680366,0.342423234,0.39585441600000004,0,0.47802923599999997,0.08217481999999993
flight_parameter_features,sub-cp036_ses-20211218_level-02B_run-003,sub-cp036,4,1,True,0.48796874599999995,0.409498448,0.40225643599999994,0.39548152000000003,0,0.48796874599999995,0.07847029799999994
flight_parameter_features,sub-cp036_ses-20211218_level-02B_run-008,sub-cp036,4,1,True,0.46693746799999997,0.39692089799999997,0.377275442,0.41881735600000003,0,0.46693746799999997,0.04812011199999994
flight_parameter_features,sub-cp036_ses-20211218_level-02B_run-010,sub-cp036,4,1,True,0.46816896999999996,0.409036316,0.361514816,0.41445226999999996,0,0.46816896999999996,0.053716700000000006
flight_parameter_features,sub-cp036_ses-20211218_level-03B_run-002,sub-cp036,4,2,True,0.446742684,0.372835662,0.4769082559999999,0.430112906,2,0.4769082559999999,0.03016557199999992
flight_parameter_features,sub-cp036_ses-20211218_level-03B_run-005,sub-cp036,4,2,True,0.42333212800000003,0.385397876,0.424383554,0.449164372,3,0.449164372,0.024780817999999982
flight_parameter_features,sub-cp036_ses-20211218_level-03B_run-011,sub-cp036,4,2,True,0.417335146,0.365464044,0.42126325600000003,0.451182928,3,0.451182928,0.029919671999999953
flight_parameter_features,sub-cp036_ses-20211218_level-04B_run-004,sub-cp036,4,3,True,0.412248076,0.36280143800000003,0.426456052,0.567062372,3,0.567062372,0.14060632
flight_parameter_features,sub-cp036_ses-20211218_level-04B_run-006,sub-cp036,4,3,True,0.414143558,0.335013336,0.40599322400000004,0.5848190879999999,3,0.5848190879999999,0.1706755299999999
flight_parameter_features,sub-cp036_ses-20211218_level-04B_run-009,sub-cp036,4,3,True,0.404360822,0.321544134,0.404754812,0.5480506220000001,3,0.5480506220000001,0.14329581000000008
flight_parameter_features,sub-cp037_ses-20210113_level-01B_run-001,sub-cp037,3,0,True,0.87415588,0.840771142,0.8160304119999999,0.7935873800000001,0,0.87415588,0.03338473799999997
flight_parameter_features,sub-cp037_ses-20210113_level-01B_run-007,sub-cp037,3,0,True,0.878289114,0.8541554399999999,0.82502155,0.75082452,0,0.878289114,0.024133674000000105
flight_parameter_features,sub-cp037_ses-20210113_level-01B_run-012,sub-cp037,3,0,True,0.91046086,0.88596775,0.8473109400000001,0.761084866,0,0.91046086,0.024493109999999985
flight_parameter_features,sub-cp037_ses-20210113_level-02B_run-003,sub-cp037,3,1,True,0.8476385820000001,0.870650514,0.837238344,0.7420431439999999,1,0.870650514,0.023011931999999957
flight_parameter_features,sub-cp037_ses-20210113_level-02B_run-008,sub-cp037,3,1,True,0.86416415,0.87040372,0.8407209200000001,0.795234388,1,0.87040372,0.006239569999999972
flight_parameter_features,sub-cp037_ses-20210113_level-02B_run-010,sub-cp037,3,1,True,0.899497398,0.9131242399999999,0.87031622,0.777381832,1,0.9131242399999999,0.013626841999999972
flight_parameter_features,sub-cp037_ses-20210113_level-03B_run-002,sub-cp037,3,2,True,0.832637538,0.854146544,0.869133994,0.7653374740000001,2,0.869133994,0.014987450000000013
flight_parameter_features,sub-cp037_ses-20210113_level-03B_run-005,sub-cp037,3,2,True,0.8403644720000001,0.8743946659999999,0.898160592,0.75850502,2,0.898160592,0.02376592600000005
flight_parameter_features,sub-cp037_ses-20210113_level-03B_run-011,sub-cp037,3,2,True,0.8606735320000001,0.891734078,0.9176142500000001,0.790676784,2,0.9176142500000001,0.025880172000000035
flight_parameter_features,sub-cp037_ses-20210113_level-04B_run-004,sub-cp037,3,3,True,0.80638392,0.8126668459999999,0.834748048,0.8744180739999999,3,0.8744180739999999,0.039670025999999914
flight_parameter_features,sub-cp037_ses-20210113_level-04B_run-006,sub-cp037,3,3,True,0.8130264300000001,0.823902768,0.8435139859999999,0.8827016539999999,3,0.8827016539999999,0.03918766799999995
flight_parameter_features,sub-cp037_ses-20210113_level-04B_run-009,sub-cp037,3,3,True,0.82848343,0.838096814,0.863532502,0.915674546,3,0.915674546,0.052142044
flight_parameter_features,sub-cp038_ses-20220112_level-01B_run-001,sub-cp038,2,0,True,0.796107402,0.78781155,0.784275202,0.755285836,0,0.796107402,0.008295851999999937
flight_parameter_features,sub-cp038_ses-20220112_level-01B_run-007,sub-cp038,2,0,True,0.857375248,0.832675486,0.8177912700000001,0.788250956,0,0.857375248,0.024699762000000014
flight_parameter_features,sub-cp038_ses-20220112_level-01B_run-012,sub-cp038,2,0,True,0.857696666,0.8418346160000001,0.827296502,0.7871582420000001,0,0.857696666,0.01586204999999996
flight_parameter_features,sub-cp038_ses-20220112_level-02B_run-003,sub-cp038,2,1,True,0.89397118,0.8826811379999999,0.8618639260000001,0.841173352,0,0.89397118,0.011290042000000056
flight_parameter_features,sub-cp038_ses-20220112_level-02B_run-008,sub-cp038,2,1,True,0.8818258880000001,0.865517842,0.852771312,0.8164418579999999,0,0.8818258880000001,0.01630804600000002
flight_parameter_features,sub-cp038_ses-20220112_level-02B_run-010,sub-cp038,2,1,True,0.866206872,0.84107685,0.829284808,0.804801994,0,0.866206872,0.02513002200000003
flight_parameter_features,sub-cp038_ses-20220112_level-03B_run-002,sub-cp038,2,2,True,0.8634503600000001,0.885658336,0.878171708,0.844783866,1,0.885658336,0.007486627999999995
flight_parameter_features,sub-cp038_ses-20220112_level-03B_run-005,sub-cp038,2,2,True,0.8166108,0.840136354,0.831204352,0.810795022,1,0.840136354,0.008932001999999994
flight_parameter_features,sub-cp038_ses-20220112_level-03B_run-011,sub-cp038,2,2,True,0.8642645919999999,0.84999282,0.8667843699999999,0.8423515580000001,2,0.8667843699999999,0.002519777999999917
flight_parameter_features,sub-cp038_ses-20220112_level-04B_run-004,sub-cp038,2,3,True,0.823908508,0.8401629460000001,0.853993848,0.8793406920000001,3,0.8793406920000001,0.02534684400000009
flight_parameter_features,sub-cp038_ses-20220112_level-04B_run-006,sub-cp038,2,3,True,0.829426254,0.8427801799999999,0.8610077580000001,0.89184948,3,0.89184948,0.030841721999999905
flight_parameter_features,sub-cp038_ses-20220112_level-04B_run-009,sub-cp038,2,3,True,0.854620926,0.856282552,0.872919002,0.8669238,2,0.872919002,0.005995202000000033
flight_parameter_features,sub-cp039_ses-20211219_level-01B_run-001,sub-cp039,1,0,True,0.677806392,0.7104593140000001,0.78627093,0.7616509600000001,2,0.78627093,0.024619969999999936
flight_parameter_features,sub-cp039_ses-20211219_level-01B_run-007,sub-cp039,1,0,True,0.6759393100000001,0.7427384699999999,0.739892766,0.723420808,1,0.7427384699999999,0.002845703999999949
flight_parameter_features,sub-cp039_ses-20211219_level-01B_run-012,sub-cp039,1,0,True,0.712681294,0.746344588,0.70630362,0.717261766,1,0.746344588,0.029082822000000008
flight_parameter_features,sub-cp039_ses-20211219_level-02B_run-003,sub-cp039,1,1,True,0.6080996040000001,0.665023842,0.731501092,0.69668274,2,0.731501092,0.03481835200000005
flight_parameter_features,sub-cp039_ses-20211219_level-02B_run-008,sub-cp039,1,1,True,0.71719466,0.72872913,0.76712706,0.71114225,2,0.76712706,0.038397930000000025
flight_parameter_features,sub-cp039_ses-20211219_level-02B_run-010,sub-cp039,1,1,True,0.62983298,0.697646064,0.751047138,0.748107918,2,0.751047138,0.00293922000000002
flight_parameter_features,sub-cp039_ses-20211219_level-03B_run-002,sub-cp039,1,2,True,0.565646604,0.626777466,0.69914336,0.696253044,2,0.69914336,0.002890316000000004
flight_parameter_features,sub-cp039_ses-20211219_level-03B_run-005,sub-cp039,1,2,True,0.636864572,0.687492656,0.740979866,0.717352856,2,0.740979866,0.023627010000000004
flight_parameter_features,sub-cp039_ses-20211219_level-03B_run-011,sub-cp039,1,2,True,0.655419746,0.712183388,0.797036418,0.764423002,2,0.797036418,0.032613416000000006
flight_parameter_features,sub-cp039_ses-20211219_level-04B_run-004,sub-cp039,1,3,True,0.620680672,0.6615072200000001,0.713338574,0.70761915,2,0.713338574,0.0057194240000000285
flight_parameter_features,sub-cp039_ses-20211219_level-04B_run-006,sub-cp039,1,3,True,0.6356573799999999,0.68613864,0.723851238,0.7232301999999999,2,0.723851238,0.0006210380000000182
flight_parameter_features,sub-cp039_ses-20211219_level-04B_run-009,sub-cp039,1,3,True,0.649928268,0.68333972,0.72019772,0.745185578,3,0.745185578,0.02498785799999992
flight_parameter_features,sub-cp042_ses-20220111_level-01B_run-001,sub-cp042,4,0,True,0.519907042,0.440568322,0.375929178,0.31367245,0,0.519907042,0.07933872000000003
flight_parameter_features,sub-cp042_ses-20220111_level-01B_run-007,sub-cp042,4,0,True,0.522187722,0.47171550399999995,0.423756678,0.347889896,0,0.522187722,0.05047221800000001
flight_parameter_features,sub-cp042_ses-20220111_level-01B_run-012,sub-cp042,4,0,True,0.47665768399999997,0.38840738999999996,0.35728132,0.396526728,0,0.47665768399999997,0.08013095599999998
flight_parameter_features,sub-cp042_ses-20220111_level-02B_run-003,sub-cp042,4,1,True,0.402264144,0.49433556,0.45054745,0.31533826,1,0.49433556,0.04378810999999999
flight_parameter_features,sub-cp042_ses-20220111_level-02B_run-008,sub-cp042,4,1,True,0.43557591999999995,0.480286176,0.40669160600000004,0.344507618,1,0.480286176,0.04471025600000006
flight_parameter_features,sub-cp042_ses-20220111_level-02B_run-010,sub-cp042,4,1,True,0.41685029599999995,0.460162988,0.408136046,0.350559862,1,0.460162988,0.04331269200000004
flight_parameter_features,sub-cp042_ses-20220111_level-03B_run-002,sub-cp042,4,2,True,0.379304848,0.46926527999999995,0.540000416,0.464328638,2,0.540000416,0.07073513600000009
flight_parameter_features,sub-cp042_ses-20220111_level-03B_run-005,sub-cp042,4,2,True,0.344507644,0.442841116,0.46694598000000004,0.47364710599999993,3,0.47364710599999993,0.006701125999999891
flight_parameter_features,sub-cp042_ses-20220111_level-03B_run-011,sub-cp042,4,2,True,0.36170962,0.453215254,0.47705015599999995,0.43386721799999994,2,0.47705015599999995,0.023834901999999936
flight_parameter_features,sub-cp042_ses-20220111_level-04B_run-004,sub-cp042,4,3,True,0.36310243799999997,0.41644151999999995,0.42734063000000005,0.610170538,3,0.610170538,0.18282990799999993
flight_parameter_features,sub-cp042_ses-20220111_level-04B_run-006,sub-cp042,4,3,True,0.350701608,0.424636336,0.4476219,0.5873238159999999,3,0.5873238159999999,0.13970191599999993
flight_parameter_features,sub-cp042_ses-20220111_level-04B_run-009,sub-cp042,4,3,True,0.34193443,0.36759347600000003,0.41344449,0.516452386,3,0.516452386,0.10300789599999999
flight_parameter_features,sub-cp043_ses-20220127_level-01B_run-001,sub-cp043,1,0,True,0.90995155,0.8991491399999999,0.872589974,0.782577132,0,0.90995155,0.010802410000000151
flight_parameter_features,sub-cp043_ses-20220127_level-01B_run-007,sub-cp043,1,0,True,0.905169656,0.882625232,0.87634033,0.8392795420000001,0,0.905169656,0.022544424000000007
flight_parameter_features,sub-cp043_ses-20220127_level-01B_run-012,sub-cp043,1,0,True,0.889336046,0.8557926,0.8711602299999999,0.8114127200000001,0,0.889336046,0.018175816000000178
flight_parameter_features,sub-cp043_ses-20220127_level-02B_run-003,sub-cp043,1,1,True,0.9050351400000001,0.91943854,0.867806886,0.755318358,1,0.91943854,0.014403399999999955
flight_parameter_features,sub-cp043_ses-20220127_level-02B_run-008,sub-cp043,1,1,True,0.9189670879999999,0.920536624,0.869738222,0.774562286,1,0.920536624,0.0015695360000000935
flight_parameter_features,sub-cp043_ses-20220127_level-02B_run-010,sub-cp043,1,1,True,0.8935343400000001,0.9016960839999999,0.86393644,0.807709586,1,0.9016960839999999,0.008161743999999804
flight_parameter_features,sub-cp043_ses-20220127_level-03B_run-002,sub-cp043,1,2,True,0.826111554,0.8582804660000001,0.887027662,0.816867752,2,0.887027662,0.028747195999999975
flight_parameter_features,sub-cp043_ses-20220127_level-03B_run-005,sub-cp043,1,2,True,0.8767700599999999,0.8899735379999999,0.9211074,0.8127966499999999,2,0.9211074,0.031133862000000123
flight_parameter_features,sub-cp043_ses-20220127_level-03B_run-011,sub-cp043,1,2,True,0.8387346219999999,0.8566017479999999,0.904535308,0.8313967019999999,2,0.904535308,0.04793356000000015
flight_parameter_features,sub-cp043_ses-20220127_level-04B_run-004,sub-cp043,1,3,True,0.76997263,0.805636794,0.830032048,0.892964452,3,0.892964452,0.062932404
flight_parameter_features,sub-cp043_ses-20220127_level-04B_run-006,sub-cp043,1,3,True,0.786047052,0.8090617800000001,0.850508614,0.8902451319999999,3,0.8902451319999999,0.03973651799999989
flight_parameter_features,sub-cp043_ses-20220127_level-04B_run-009,sub-cp043,1,3,True,0.8171653259999999,0.819890096,0.870572632,0.892454102,3,0.892454102,0.02188146999999996
head_movement_features,sub-cp003_ses-20210206_level-01B_run-001,sub-cp003,4,0,True,0.470159138,0.44343982400000004,0.44341503400000004,0.45256138,0,0.470159138,0.017597757999999963
head_movement_features,sub-cp003_ses-20210206_level-01B_run-007,sub-cp003,4,0,True,0.48823992999999993,0.524578184,0.468322646,0.494469856,1,0.524578184,0.030108328000000018
head_movement_features,sub-cp003_ses-20210206_level-01B_run-012,sub-cp003,4,0,True,0.48569669,0.51704439,0.47581071999999996,0.49472525,1,0.51704439,0.022319140000000015
head_movement_features,sub-cp003_ses-20210206_level-02B_run-003,sub-cp003,4,1,True,0.468167888,0.496963314,0.48670261000000004,0.4885665680000001,1,0.496963314,0.0083967459999999
head_movement_features,sub-cp003_ses-20210206_level-02B_run-008,sub-cp003,4,1,True,0.47340008000000006,0.49040054,0.479835088,0.482489472,1,0.49040054,0.007911068000000021
head_movement_features,sub-cp003_ses-20210206_level-02B_run-010,sub-cp003,4,1,True,0.480130872,0.522041506,0.47595396799999995,0.47301540400000003,1,0.522041506,0.041910634
head_movement_features,sub-cp003_ses-20210206_level-03B_run-002,sub-cp003,4,2,True,0.50410466,0.523685226,0.49088793,0.478450908,1,0.523685226,0.01958056600000002
head_movement_features,sub-cp003_ses-20210206_level-03B_run-005,sub-cp003,4,2,True,0.461706536,0.500100254,0.5014133860000001,0.50137178,2,0.5014133860000001,4.160600000002734e-05
head_movement_features,sub-cp003_ses-20210206_level-03B_run-011,sub-cp003,4,2,True,0.47106305600000004,0.49843898600000003,0.483912156,0.49547108800000006,1,0.49843898600000003,0.002967897999999969
head_movement_features,sub-cp003_ses-20210206_level-04B_run-004,sub-cp003,4,3,True,0.46393401599999995,0.49870836399999996,0.4813593,0.495621502,1,0.49870836399999996,0.003086861999999968
head_movement_features,sub-cp003_ses-20210206_level-04B_run-006,sub-cp003,4,3,True,0.46711887399999996,0.5048236859999999,0.491691184,0.512916084,3,0.512916084,0.008092398000000056
head_movement_features,sub-cp003_ses-20210206_level-04B_run-009,sub-cp003,4,3,True,0.46858997999999996,0.49985763,0.49406105,0.502440392,3,0.502440392,0.002582762000000016
head_movement_features,sub-cp004_ses-20210330_level-01B_run-001,sub-cp004,1,0,True,0.867387208,0.884105838,0.857777592,0.8544350059999999,1,0.884105838,0.016718629999999957
head_movement_features,sub-cp004_ses-20210330_level-01B_run-007,sub-cp004,1,0,True,0.882343028,0.8896398959999999,0.878488802,0.8666813600000001,1,0.8896398959999999,0.007296867999999956
head_movement_features,sub-cp004_ses-20210330_level-01B_run-012,sub-cp004,1,0,True,0.868618856,0.859817352,0.8481062180000001,0.8302953800000001,0,0.868618856,0.008801504000000016
head_movement_features,sub-cp004_ses-20210330_level-02B_run-003,sub-cp004,1,1,True,0.8710042899999999,0.87923925,0.877296788,0.8692099860000001,1,0.87923925,0.0019424620000000337
head_movement_features,sub-cp004_ses-20210330_level-02B_run-008,sub-cp004,1,1,True,0.8818909079999999,0.895975308,0.878040056,0.869736674,1,0.895975308,0.014084400000000108
head_movement_features,sub-cp004_ses-20210330_level-02B_run-010,sub-cp004,1,1,True,0.8859891660000001,0.907967284,0.898355952,0.853741994,1,0.907967284,0.009611332000000083
head_movement_features,sub-cp004_ses-20210330_level-03B_run-002,sub-cp004,1,2,True,0.8553376480000001,0.85230262,0.8529569880000001,0.86320306,3,0.86320306,0.007865411999999905
head_movement_features,sub-cp004_ses-20210330_level-03B_run-005,sub-cp004,1,2,True,0.836464908,0.850963764,0.843218322,0.826403816,1,0.850963764,0.007745441999999936
head_movement_features,sub-cp004_ses-20210330_level-03B_run-011,sub-cp004,1,2,True,0.8865942459999999,0.8940648339999999,0.9022165799999999,0.859998432,2,0.9022165799999999,0.008151746000000015
head_movement_features,sub-cp004_ses-20210330_level-04B_run-004,sub-cp004,1,3,True,0.863459168,0.862209808,0.8605287479999999,0.860033424,0,0.863459168,0.0012493599999999772
head_movement_features,sub-cp004_ses-20210330_level-04B_run-006,sub-cp004,1,3,True,0.8736097600000001,0.868557446,0.870068614,0.87230786,0,0.8736097600000001,0.001301900000000078
head_movement_features,sub-cp004_ses-20210330_level-04B_run-009,sub-cp004,1,3,True,0.8601474119999999,0.8675564939999999,0.8612088700000001,0.85687581,1,0.8675564939999999,0.006347623999999774
head_movement_features,sub-cp005_ses-20210226_level-01B_run-001,sub-cp005,5,0,True,0.8757503459999999,0.881119036,0.886028192,0.885915746,2,0.886028192,0.00011244600000004379
head_movement_features,sub-cp005_ses-20210226_level-01B_run-007,sub-cp005,5,0,True,0.8800756120000001,0.892955926,0.900659626,0.8886347220000002,2,0.900659626,0.007703700000000091
head_movement_features,sub-cp005_ses-20210226_level-01B_run-012,sub-cp005,5,0,True,0.890811982,0.8772468199999999,0.8993469060000001,0.8783428040000001,2,0.8993469060000001,0.00853492400000011
head_movement_features,sub-cp005_ses-20210226_level-02B_run-003,sub-cp005,5,1,True,0.8620850000000001,0.86471254,0.8826196,0.872265762,2,0.8826196,0.010353838000000004
head_movement_features,sub-cp005_ses-20210226_level-02B_run-008,sub-cp005,5,1,True,0.8811725539999999,0.889925562,0.9041634719999999,0.893070192,2,0.9041634719999999,0.011093279999999872
head_movement_features,sub-cp005_ses-20210226_level-02B_run-010,sub-cp005,5,1,True,0.8916900699999999,0.889101188,0.9176518,0.8990860380000001,2,0.9176518,0.01856576199999993
head_movement_features,sub-cp005_ses-20210226_level-03B_run-002,sub-cp005,5,2,True,0.86613004,0.85612806,0.8529831680000001,0.8382858860000001,0,0.86613004,0.010001980000000077
head_movement_features,sub-cp005_ses-20210226_level-03B_run-005,sub-cp005,5,2,True,0.882188334,0.88264914,0.90069374,0.886407552,2,0.90069374,0.014286188000000033
head_movement_features,sub-cp005_ses-20210226_level-03B_run-011,sub-cp005,5,2,True,0.865248934,0.8630999880000001,0.87760759,0.8568101379999999,2,0.87760759,0.012358655999999968
head_movement_features,sub-cp005_ses-20210226_level-04B_run-004,sub-cp005,5,3,True,0.838750028,0.839846108,0.8475469520000001,0.82468222,2,0.8475469520000001,0.00770084400000004
head_movement_features,sub-cp005_ses-20210226_level-04B_run-006,sub-cp005,5,3,True,0.893157092,0.899487308,0.9095221200000001,0.8931292599999999,2,0.9095221200000001,0.010034812000000115
head_movement_features,sub-cp005_ses-20210226_level-04B_run-009,sub-cp005,5,3,True,0.840207142,0.840903062,0.851200464,0.833684328,2,0.851200464,0.010297402000000067
head_movement_features,sub-cp006_ses-20210324_level-01B_run-001,sub-cp006,4,0,True,0.51802321,0.48354675399999997,0.497357772,0.4846235099999999,0,0.51802321,0.02066543799999998
head_movement_features,sub-cp006_ses-20210324_level-01B_run-007,sub-cp006,4,0,True,0.534511392,0.46246177,0.461574038,0.447832848,0,0.534511392,0.07204962199999998
head_movement_features,sub-cp006_ses-20210324_level-01B_run-012,sub-cp006,4,0,True,0.530448808,0.507923484,0.491813876,0.456880738,0,0.530448808,0.02252532400000007
head_movement_features,sub-cp006_ses-20210324_level-02B_run-003,sub-cp006,4,1,True,0.530926412,0.50093378,0.49945946,0.50680393,0,0.530926412,0.024122482
head_movement_features,sub-cp006_ses-20210324_level-02B_run-008,sub-cp006,4,1,True,0.504025914,0.43806019799999996,0.44564129,0.44676894999999994,0,0.504025914,0.05725696400000002
head_movement_features,sub-cp006_ses-20210324_level-02B_run-010,sub-cp006,4,1,True,0.511304878,0.50552146,0.47757514199999995,0.46855614600000006,0,0.511304878,0.00578341800000004
head_movement_features,sub-cp006_ses-20210324_level-03B_run-002,sub-cp006,4,2,True,0.46804169399999995,0.490115998,0.522452186,0.494292066,2,0.522452186,0.02816012000000001
head_movement_features,sub-cp006_ses-20210324_level-03B_run-005,sub-cp006,4,2,True,0.507166214,0.43978009599999995,0.455694202,0.450198284,0,0.507166214,0.051472011999999956
head_movement_features,sub-cp006_ses-20210324_level-03B_run-011,sub-cp006,4,2,True,0.467432788,0.501286128,0.511159092,0.481117262,2,0.511159092,0.009872963999999929
head_movement_features,sub-cp006_ses-20210324_level-04B_run-004,sub-cp006,4,3,True,0.49392898,0.47557944399999996,0.466337154,0.5142534559999999,3,0.5142534559999999,0.020324475999999925
head_movement_features,sub-cp006_ses-20210324_level-04B_run-006,sub-cp006,4,3,True,0.498257568,0.453056444,0.456216782,0.46944032399999996,0,0.498257568,0.02881724400000002
head_movement_features,sub-cp006_ses-20210324_level-04B_run-009,sub-cp006,4,3,True,0.47457623600000004,0.46212622200000003,0.478737016,0.487183888,3,0.487183888,0.008446871999999994
head_movement_features,sub-cp008_ses-20210503_level-01B_run-001,sub-cp008,3,0,True,0.8200424139999999,0.820660696,0.8097004460000001,0.8171910200000001,1,0.820660696,0.0006182820000001366
head_movement_features,sub-cp008_ses-20210503_level-01B_run-007,sub-cp008,3,0,True,0.83164875,0.8364476379999999,0.807013796,0.8220626120000001,1,0.8364476379999999,0.004798887999999835
head_movement_features,sub-cp008_ses-20210503_level-01B_run-012,sub-cp008,3,0,True,0.8320751239999999,0.820726738,0.796132746,0.810151598,0,0.8320751239999999,0.011348385999999988
head_movement_features,sub-cp008_ses-20210503_level-02B_run-003,sub-cp008,3,1,True,0.8364819320000001,0.832145064,0.800217578,0.808139154,0,0.8364819320000001,0.004336868000000105
head_movement_features,sub-cp008_ses-20210503_level-02B_run-008,sub-cp008,3,1,True,0.833230054,0.8364186339999999,0.812229226,0.8077051040000001,1,0.8364186339999999,0.0031885799999998854
head_movement_features,sub-cp008_ses-20210503_level-02B_run-010,sub-cp008,3,1,True,0.818519602,0.81303109,0.801722708,0.8038602279999999,0,0.818519602,0.005488512000000001
head_movement_features,sub-cp008_ses-20210503_level-03B_run-002,sub-cp008,3,2,True,0.8091980360000001,0.81170663,0.78024999,0.794719246,1,0.81170663,0.0025085939999999196
head_movement_features,sub-cp008_ses-20210503_level-03B_run-005,sub-cp008,3,2,True,0.821486968,0.824542052,0.814950212,0.8120430799999999,1,0.824542052,0.0030550839999999857
head_movement_features,sub-cp008_ses-20210503_level-03B_run-011,sub-cp008,3,2,True,0.8145849000000001,0.815893644,0.8121884359999999,0.8086005079999999,1,0.815893644,0.0013087439999999173
head_movement_features,sub-cp008_ses-20210503_level-04B_run-004,sub-cp008,3,3,True,0.831962202,0.816011016,0.8076972999999998,0.8150504980000001,0,0.831962202,0.015951186000000006
head_movement_features,sub-cp008_ses-20210503_level-04B_run-006,sub-cp008,3,3,True,0.822069816,0.8208088520000001,0.814089946,0.8146289919999999,0,0.822069816,0.0012609639999998645
head_movement_features,sub-cp008_ses-20210503_level-04B_run-009,sub-cp008,3,3,True,0.8182916920000001,0.8097123119999999,0.803296982,0.79457183,0,0.8182916920000001,0.008579380000000136
head_movement_features,sub-cp009_ses-20210129_level-01B_run-001,sub-cp009,2,0,True,0.8239406280000001,0.810449646,0.810860714,0.799326528,0,0.8239406280000001,0.013079914000000081
head_movement_features,sub-cp009_ses-20210129_level-01B_run-007,sub-cp009,2,0,True,0.8495013480000001,0.8500977759999999,0.8527177760000001,0.868475862,3,0.868475862,0.01575808599999995
head_movement_features,sub-cp009_ses-20210129_level-01B_run-012,sub-cp009,2,0,True,0.883059226,0.8713092960000001,0.867872864,0.865697398,0,0.883059226,0.011749929999999909
head_movement_features,sub-cp009_ses-20210129_level-02B_run-003,sub-cp009,2,1,True,0.8437002060000001,0.843776456,0.8598194400000001,0.8540475799999999,2,0.8598194400000001,0.005771860000000184
head_movement_features,sub-cp009_ses-20210129_level-02B_run-008,sub-cp009,2,1,True,0.82964287,0.8317874919999999,0.8376876400000001,0.8488736319999999,3,0.8488736319999999,0.011185991999999811
head_movement_features,sub-cp009_ses-20210129_level-02B_run-010,sub-cp009,2,1,True,0.842956888,0.84044709,0.840354082,0.8489146399999999,3,0.8489146399999999,0.005957751999999927
head_movement_features,sub-cp009_ses-20210129_level-03B_run-002,sub-cp009,2,2,True,0.842893194,0.839945546,0.847693142,0.83901357,2,0.847693142,0.004799948000000054
head_movement_features,sub-cp009_ses-20210129_level-03B_run-005,sub-cp009,2,2,True,0.838403814,0.8412765139999999,0.844430734,0.86189093,3,0.86189093,0.01746019600000004
head_movement_features,sub-cp009_ses-20210129_level-03B_run-011,sub-cp009,2,2,True,0.8372890780000001,0.838860588,0.8396823579999999,0.8511374,3,0.8511374,0.011455042000000137
head_movement_features,sub-cp009_ses-20210129_level-04B_run-004,sub-cp009,2,3,True,0.8003752000000001,0.779111728,0.8033216980000001,0.8104928539999999,3,0.8104928539999999,0.007171155999999845
head_movement_features,sub-cp009_ses-20210129_level-04B_run-006,sub-cp009,2,3,True,0.79615097,0.782243628,0.79303363,0.7948953480000001,0,0.79615097,0.0012556219999999563
head_movement_features,sub-cp009_ses-20210129_level-04B_run-009,sub-cp009,2,3,True,0.8274772880000001,0.8228066540000001,0.81860939,0.83166052,3,0.83166052,0.004183231999999926
head_movement_features,sub-cp011_ses-20210408_level-01B_run-001,sub-cp011,1,0,True,0.868347992,0.861532272,0.862430318,0.8419217059999999,0,0.868347992,0.005917673999999984
head_movement_features,sub-cp011_ses-20210408_level-01B_run-007,sub-cp011,1,0,True,0.85049843,0.8395618,0.8425313799999999,0.8354818359999999,0,0.85049843,0.007967050000000087
head_movement_features,sub-cp011_ses-20210408_level-01B_run-012,sub-cp011,1,0,True,0.8459102740000001,0.841911462,0.8312163399999999,0.833744422,0,0.8459102740000001,0.003998812000000074
head_movement_features,sub-cp011_ses-20210408_level-02B_run-003,sub-cp011,1,1,True,0.846742304,0.85455978,0.8553288200000001,0.8505622540000001,2,0.8553288200000001,0.0007690400000001096
head_movement_features,sub-cp011_ses-20210408_level-02B_run-008,sub-cp011,1,1,True,0.856314886,0.85666132,0.8490961840000001,0.825324248,1,0.85666132,0.00034643399999989555
head_movement_features,sub-cp011_ses-20210408_level-02B_run-010,sub-cp011,1,1,True,0.86020417,0.855605708,0.848683308,0.83069343,0,0.86020417,0.004598462000000025
head_movement_features,sub-cp011_ses-20210408_level-03B_run-002,sub-cp011,1,2,True,0.834859782,0.821348646,0.849635034,0.828717636,2,0.849635034,0.014775251999999961
head_movement_features,sub-cp011_ses-20210408_level-03B_run-005,sub-cp011,1,2,True,0.850380176,0.8539773399999999,0.85471384,0.8370625159999999,2,0.85471384,0.0007365000000000288
head_movement_features,sub-cp011_ses-20210408_level-03B_run-011,sub-cp011,1,2,True,0.839705568,0.834492014,0.83493057,0.82329566,0,0.839705568,0.004774997999999919
head_movement_features,sub-cp011_ses-20210408_level-04B_run-004,sub-cp011,1,3,True,0.813365984,0.8203742820000001,0.8392088259999999,0.815589366,2,0.8392088259999999,0.018834543999999842
head_movement_features,sub-cp011_ses-20210408_level-04B_run-006,sub-cp011,1,3,True,0.8342523399999999,0.8342374400000001,0.826197582,0.836248068,3,0.836248068,0.00199572800000003
head_movement_features,sub-cp011_ses-20210408_level-04B_run-009,sub-cp011,1,3,True,0.8409680399999999,0.834875246,0.84077775,0.8330504980000001,0,0.8409680399999999,0.00019028999999992635
head_movement_features,sub-cp012_ses-20210723_level-01B_run-001,sub-cp012,4,0,True,0.503235354,0.509007066,0.50557202,0.46742144,1,0.509007066,0.003435045999999997
head_movement_features,sub-cp012_ses-20210723_level-01B_run-007,sub-cp012,4,0,True,0.524255992,0.52085806,0.446157196,0.44153500599999995,0,0.524255992,0.003397931999999937
head_movement_features,sub-cp012_ses-20210723_level-01B_run-012,sub-cp012,4,0,True,0.52667452,0.5112842320000001,0.452202606,0.45349808999999996,0,0.52667452,0.015390287999999974
head_movement_features,sub-cp012_ses-20210723_level-02B_run-003,sub-cp012,4,1,True,0.480366774,0.5021118299999999,0.462467724,0.515533478,3,0.515533478,0.01342164800000012
head_movement_features,sub-cp012_ses-20210723_level-02B_run-008,sub-cp012,4,1,True,0.5144364699999999,0.503534752,0.459735302,0.441115222,0,0.5144364699999999,0.01090171799999995
head_movement_features,sub-cp012_ses-20210723_level-02B_run-010,sub-cp012,4,1,True,0.48724909600000005,0.49978713599999997,0.47510619600000004,0.503240004,3,0.503240004,0.0034528680000000533
head_movement_features,sub-cp012_ses-20210723_level-03B_run-002,sub-cp012,4,2,True,0.4725329260000001,0.49127860200000006,0.520613346,0.47671470200000005,2,0.520613346,0.029334743999999913
head_movement_features,sub-cp012_ses-20210723_level-03B_run-005,sub-cp012,4,2,True,0.47913155399999996,0.4898416259999999,0.490432356,0.498845702,3,0.498845702,0.008413345999999988
head_movement_features,sub-cp012_ses-20210723_level-03B_run-011,sub-cp012,4,2,True,0.47893011,0.49897534,0.48245677200000003,0.47204619000000003,1,0.49897534,0.016518567999999956
head_movement_features,sub-cp012_ses-20210723_level-04B_run-004,sub-cp012,4,3,True,0.474096384,0.46206989,0.455026374,0.480617876,3,0.480617876,0.006521492000000018
head_movement_features,sub-cp012_ses-20210723_level-04B_run-006,sub-cp012,4,3,True,0.51172614,0.508115018,0.45568237,0.49186537399999997,0,0.51172614,0.003611122000000022
head_movement_features,sub-cp012_ses-20210723_level-04B_run-009,sub-cp012,4,3,True,0.49739308,0.498542842,0.47538617800000005,0.480210542,1,0.498542842,0.0011497619999999986
head_movement_features,sub-cp013_ses-20210319_level-01B_run-001,sub-cp013,2,0,True,0.845742932,0.8496636519999999,0.864678838,0.8621140260000001,2,0.864678838,0.0025648119999999164
head_movement_features,sub-cp013_ses-20210319_level-01B_run-007,sub-cp013,2,0,True,0.836668858,0.8296057680000001,0.8386159440000001,0.826867612,2,0.8386159440000001,0.0019470860000000423
head_movement_features,sub-cp013_ses-20210319_level-01B_run-012,sub-cp013,2,0,True,0.8040205439999999,0.7841691799999999,0.788159772,0.774009846,0,0.8040205439999999,0.015860771999999912
head_movement_features,sub-cp013_ses-20210319_level-02B_run-003,sub-cp013,2,1,True,0.839235758,0.8349370799999999,0.849558036,0.84635378,2,0.849558036,0.003204255999999961
head_movement_features,sub-cp013_ses-20210319_level-02B_run-008,sub-cp013,2,1,True,0.81458484,0.8182265299999999,0.823301828,0.8019343720000001,2,0.823301828,0.005075298000000061
head_movement_features,sub-cp013_ses-20210319_level-02B_run-010,sub-cp013,2,1,True,0.789484034,0.7832721819999999,0.78497262,0.771661092,0,0.789484034,0.004511413999999991
head_movement_features,sub-cp013_ses-20210319_level-03B_run-002,sub-cp013,2,2,True,0.790227316,0.77483601,0.797818582,0.782739698,2,0.797818582,0.007591266000000041
head_movement_features,sub-cp013_ses-20210319_level-03B_run-005,sub-cp013,2,2,True,0.84690089,0.8491654260000001,0.8508985499999999,0.8355058879999999,2,0.8508985499999999,0.0017331239999998083
head_movement_features,sub-cp013_ses-20210319_level-03B_run-011,sub-cp013,2,2,True,0.815818138,0.81207248,0.8167686599999999,0.80465276,2,0.8167686599999999,0.0009505219999998982
head_movement_features,sub-cp013_ses-20210319_level-04B_run-004,sub-cp013,2,3,True,0.8255997340000001,0.81464114,0.824730566,0.817873778,0,0.8255997340000001,0.0008691680000000312
head_movement_features,sub-cp013_ses-20210319_level-04B_run-006,sub-cp013,2,3,True,0.8263052,0.8220963579999999,0.8291407019999999,0.8297194920000001,3,0.8297194920000001,0.0005787900000001622
head_movement_features,sub-cp013_ses-20210319_level-04B_run-009,sub-cp013,2,3,True,0.769898212,0.7510058479999999,0.754374652,0.7390286460000001,0,0.769898212,0.015523559999999992
head_movement_features,sub-cp014_ses-20211112_level-01B_run-001,sub-cp014,3,0,True,0.837302498,0.8523049199999999,0.816760454,0.8035830199999999,1,0.8523049199999999,0.015002421999999904
head_movement_features,sub-cp014_ses-20211112_level-01B_run-007,sub-cp014,3,0,True,0.8235339939999999,0.788494212,0.778126594,0.799693692,0,0.8235339939999999,0.02384030199999998
head_movement_features,sub-cp014_ses-20211112_level-01B_run-012,sub-cp014,3,0,True,0.8090951499999999,0.772048834,0.763581702,0.7758812820000001,0,0.8090951499999999,0.03321386799999981
head_movement_features,sub-cp014_ses-20211112_level-02B_run-003,sub-cp014,3,1,True,0.8185611679999999,0.8342997480000001,0.8172050759999999,0.796982788,1,0.8342997480000001,0.01573858000000017
head_movement_features,sub-cp014_ses-20211112_level-02B_run-008,sub-cp014,3,1,True,0.8159120420000001,0.791339174,0.784483646,0.791176852,0,0.8159120420000001,0.024572868000000136
head_movement_features,sub-cp014_ses-20211112_level-02B_run-010,sub-cp014,3,1,True,0.7977105840000001,0.79191215,0.7712323480000001,0.785863948,0,0.7977105840000001,0.005798434000000019
head_movement_features,sub-cp014_ses-20211112_level-03B_run-002,sub-cp014,3,2,True,0.834432936,0.8455451979999999,0.833508874,0.8195523659999999,1,0.8455451979999999,0.011112261999999928
head_movement_features,sub-cp014_ses-20211112_level-03B_run-005,sub-cp014,3,2,True,0.81600016,0.833798994,0.822412412,0.832223626,1,0.833798994,0.0015753680000000214
head_movement_features,sub-cp014_ses-20211112_level-03B_run-011,sub-cp014,3,2,True,0.806490682,0.80931541,0.811484944,0.8216754180000001,3,0.8216754180000001,0.01019047400000006
head_movement_features,sub-cp014_ses-20211112_level-04B_run-004,sub-cp014,3,3,True,0.8226480799999999,0.820318374,0.8210598040000001,0.8196438580000001,0,0.8226480799999999,0.0015882759999997775
head_movement_features,sub-cp014_ses-20211112_level-04B_run-006,sub-cp014,3,3,True,0.807144168,0.818846278,0.824436568,0.8124411439999999,2,0.824436568,0.005590289999999998
head_movement_features,sub-cp014_ses-20211112_level-04B_run-009,sub-cp014,3,3,True,0.822279808,0.817501818,0.8168767299999999,0.837654466,3,0.837654466,0.015374658000000041
head_movement_features,sub-cp015_ses-20210504_level-01B_run-001,sub-cp015,2,0,True,0.8827358540000001,0.87914397,0.8689223480000001,0.8854019259999999,3,0.8854019259999999,0.0026660719999997973
head_movement_features,sub-cp015_ses-20210504_level-01B_run-007,sub-cp015,2,0,True,0.8876543659999999,0.89509375,0.874597346,0.8780714460000001,1,0.89509375,0.007439384000000104
head_movement_features,sub-cp015_ses-20210504_level-01B_run-012,sub-cp015,2,0,True,0.8950261380000001,0.881877476,0.873159284,0.87365919,0,0.8950261380000001,0.013148662000000089
head_movement_features,sub-cp015_ses-20210504_level-02B_run-003,sub-cp015,2,1,True,0.904072306,0.898716712,0.904378128,0.9103203719999999,3,0.9103203719999999,0.005942243999999985
head_movement_features,sub-cp015_ses-20210504_level-02B_run-008,sub-cp015,2,1,True,0.9170201199999999,0.912460022,0.9141119,0.915945658,0,0.9170201199999999,0.0010744619999998317
head_movement_features,sub-cp015_ses-20210504_level-02B_run-010,sub-cp015,2,1,True,0.8975222900000001,0.90172713,0.9039186100000001,0.903303174,2,0.9039186100000001,0.0006154360000000247
head_movement_features,sub-cp015_ses-20210504_level-03B_run-002,sub-cp015,2,2,True,0.9005049599999999,0.9015178479999999,0.8980766259999999,0.9003342400000001,1,0.9015178479999999,0.0010128879999999896
head_movement_features,sub-cp015_ses-20210504_level-03B_run-005,sub-cp015,2,2,True,0.9006766199999999,0.902057624,0.901063424,0.904050608,3,0.904050608,0.001992984000000031
head_movement_features,sub-cp015_ses-20210504_level-03B_run-011,sub-cp015,2,2,True,0.901290418,0.900661506,0.901409958,0.906340248,3,0.906340248,0.004930290000000004
head_movement_features,sub-cp015_ses-20210504_level-04B_run-004,sub-cp015,2,3,True,0.8605296579999999,0.86202598,0.8659710439999999,0.865615412,2,0.8659710439999999,0.0003556319999998836
head_movement_features,sub-cp015_ses-20210504_level-04B_run-006,sub-cp015,2,3,True,0.8799883600000001,0.8820989320000001,0.878096498,0.8907572159999999,3,0.8907572159999999,0.008658283999999794
head_movement_features,sub-cp015_ses-20210504_level-04B_run-009,sub-cp015,2,3,True,0.88334529,0.8935733320000001,0.884243212,0.894187248,3,0.894187248,0.0006139159999999366
head_movement_features,sub-cp016_ses-20210528_level-01B_run-001,sub-cp016,1,0,True,0.8753388400000001,0.866479554,0.8822402199999999,0.861401506,2,0.8822402199999999,0.006901379999999846
head_movement_features,sub-cp016_ses-20210528_level-01B_run-007,sub-cp016,1,0,True,0.8590668879999999,0.871135454,0.85794216,0.8301198939999999,1,0.871135454,0.01206856600000017
head_movement_features,sub-cp016_ses-20210528_level-01B_run-012,sub-cp016,1,0,True,0.865861748,0.86619973,0.8496878220000001,0.8478677600000001,1,0.86619973,0.0003379819999999034
head_movement_features,sub-cp016_ses-20210528_level-02B_run-003,sub-cp016,1,1,True,0.8763215360000001,0.87046932,0.868510738,0.8542297480000001,0,0.8763215360000001,0.005852216000000077
head_movement_features,sub-cp016_ses-20210528_level-02B_run-008,sub-cp016,1,1,True,0.86956651,0.868691812,0.8640551439999999,0.849653966,0,0.86956651,0.0008746979999999516
head_movement_features,sub-cp016_ses-20210528_level-02B_run-010,sub-cp016,1,1,True,0.854974318,0.8616425700000001,0.84835296,0.8585978860000001,1,0.8616425700000001,0.0030446840000000197
head_movement_features,sub-cp016_ses-20210528_level-03B_run-002,sub-cp016,1,2,True,0.869776746,0.86165804,0.8830460179999999,0.848295184,2,0.8830460179999999,0.013269271999999943
head_movement_features,sub-cp016_ses-20210528_level-03B_run-005,sub-cp016,1,2,True,0.850499704,0.845998728,0.851023036,0.8443171740000001,2,0.851023036,0.0005233319999999875
head_movement_features,sub-cp016_ses-20210528_level-03B_run-011,sub-cp016,1,2,True,0.8481725360000001,0.8480050760000001,0.845771804,0.849910228,3,0.849910228,0.0017376919999999574
head_movement_features,sub-cp016_ses-20210528_level-04B_run-004,sub-cp016,1,3,True,0.871145112,0.8655205479999999,0.8645819400000001,0.85490026,0,0.871145112,0.00562456400000011
head_movement_features,sub-cp016_ses-20210528_level-04B_run-006,sub-cp016,1,3,True,0.8486770719999999,0.85142863,0.849166434,0.8549376499999999,3,0.8549376499999999,0.003509019999999863
head_movement_features,sub-cp016_ses-20210528_level-04B_run-009,sub-cp016,1,3,True,0.860441378,0.8485388620000001,0.865244624,0.853999254,2,0.865244624,0.004803246000000039
head_movement_features,sub-cp017_ses-20210521_level-01B_run-001,sub-cp017,5,0,True,0.837501356,0.8407984199999999,0.8465647239999999,0.8503051960000001,3,0.8503051960000001,0.0037404720000001612
head_movement_features,sub-cp017_ses-20210521_level-01B_run-007,sub-cp017,5,0,True,0.8537837319999999,0.84666593,0.852938898,0.8576960100000001,3,0.8576960100000001,0.003912278000000158
head_movement_features,sub-cp017_ses-20210521_level-01B_run-012,sub-cp017,5,0,True,0.838842444,0.8371448600000001,0.8364514059999999,0.844975972,3,0.844975972,0.006133527999999999
head_movement_features,sub-cp017_ses-20210521_level-02B_run-003,sub-cp017,5,1,True,0.8470270940000001,0.845696688,0.850338152,0.855988346,3,0.855988346,0.005650193999999997
head_movement_features,sub-cp017_ses-20210521_level-02B_run-008,sub-cp017,5,1,True,0.8419889740000001,0.849308126,0.855906378,0.858420708,3,0.858420708,0.002514330000000009
head_movement_features,sub-cp017_ses-20210521_level-02B_run-010,sub-cp017,5,1,True,0.82007888,0.8200928879999999,0.825631824,0.8319315279999999,3,0.8319315279999999,0.006299703999999906
head_movement_features,sub-cp017_ses-20210521_level-03B_run-002,sub-cp017,5,2,True,0.8042648659999999,0.834411692,0.850804138,0.85336937,3,0.85336937,0.0025652320000000284
head_movement_features,sub-cp017_ses-20210521_level-03B_run-005,sub-cp017,5,2,True,0.842247986,0.8349818259999999,0.849021598,0.847439872,2,0.849021598,0.00158172599999995
head_movement_features,sub-cp017_ses-20210521_level-03B_run-011,sub-cp017,5,2,True,0.83190138,0.82906388,0.8326816499999999,0.8422333460000001,3,0.8422333460000001,0.009551696000000165
head_movement_features,sub-cp017_ses-20210521_level-04B_run-004,sub-cp017,5,3,True,0.827122188,0.837482198,0.838073376,0.8503463760000001,3,0.8503463760000001,0.01227300000000009
head_movement_features,sub-cp017_ses-20210521_level-04B_run-006,sub-cp017,5,3,True,0.82744149,0.82275334,0.823658292,0.82806026,3,0.82806026,0.0006187699999999907
head_movement_features,sub-cp017_ses-20210521_level-04B_run-009,sub-cp017,5,3,True,0.853890556,0.8566393,0.861985842,0.851020486,2,0.861985842,0.005346541999999954
head_movement_features,sub-cp018_ses-20210709_level-01B_run-001,sub-cp018,4,0,True,0.507690438,0.491859058,0.485075214,0.496297382,0,0.507690438,0.011393056000000013
head_movement_features,sub-cp018_ses-20210709_level-01B_run-007,sub-cp018,4,0,True,0.484960858,0.449935376,0.43232488,0.5122946820000001,3,0.5122946820000001,0.027333824000000062
head_movement_features,sub-cp018_ses-20210709_level-01B_run-012,sub-cp018,4,0,True,0.48462376,0.4624896479999999,0.44414349599999997,0.513159702,3,0.513159702,0.028535942000000036
head_movement_features,sub-cp018_ses-20210709_level-02B_run-003,sub-cp018,4,1,True,0.47624605400000003,0.48050358,0.48099420400000004,0.49906325,3,0.49906325,0.018069045999999978
head_movement_features,sub-cp018_ses-20210709_level-02B_run-008,sub-cp018,4,1,True,0.48736026800000004,0.457156568,0.45612516799999997,0.521552386,3,0.521552386,0.03419211799999994
head_movement_features,sub-cp018_ses-20210709_level-02B_run-010,sub-cp018,4,1,True,0.49809576799999994,0.465584588,0.433590002,0.5263150679999999,3,0.5263150679999999,0.028219300000000003
head_movement_features,sub-cp018_ses-20210709_level-03B_run-002,sub-cp018,4,2,True,0.47871633199999997,0.468239174,0.46549858200000005,0.517006764,3,0.517006764,0.03829043200000004
head_movement_features,sub-cp018_ses-20210709_level-03B_run-005,sub-cp018,4,2,True,0.47053116,0.455699294,0.46787650000000003,0.5241348419999999,3,0.5241348419999999,0.05360368199999993
head_movement_features,sub-cp018_ses-20210709_level-03B_run-011,sub-cp018,4,2,True,0.486233228,0.43595895,0.445621474,0.5276378100000001,3,0.5276378100000001,0.04140458200000008
head_movement_features,sub-cp018_ses-20210709_level-04B_run-004,sub-cp018,4,3,True,0.47987506399999996,0.450355082,0.46703161800000004,0.526753178,3,0.526753178,0.046878114000000026
head_movement_features,sub-cp018_ses-20210709_level-04B_run-006,sub-cp018,4,3,True,0.462622566,0.455793518,0.45808055200000003,0.526945268,3,0.526945268,0.06432270199999995
head_movement_features,sub-cp018_ses-20210709_level-04B_run-009,sub-cp018,4,3,True,0.465716826,0.43278329800000004,0.448456266,0.5220503320000001,3,0.5220503320000001,0.05633350600000009
head_movement_features,sub-cp019_ses-20210625_level-01B_run-001,sub-cp019,3,0,True,0.818778942,0.817903942,0.8155428840000001,0.815649026,0,0.818778942,0.0008749999999999591
head_movement_features,sub-cp019_ses-20210625_level-01B_run-007,sub-cp019,3,0,True,0.825578102,0.825303072,0.8094365400000001,0.830153206,3,0.830153206,0.004575103999999941
head_movement_features,sub-cp019_ses-20210625_level-01B_run-012,sub-cp019,3,0,True,0.81852765,0.81007815,0.800298998,0.826713552,3,0.826713552,0.008185901999999912
head_movement_features,sub-cp019_ses-20210625_level-02B_run-003,sub-cp019,3,1,True,0.816901992,0.821289786,0.8213958800000001,0.8197501340000001,2,0.8213958800000001,0.00010609400000005653
head_movement_features,sub-cp019_ses-20210625_level-02B_run-008,sub-cp019,3,1,True,0.80829406,0.814323016,0.8033684300000001,0.8104851780000001,1,0.814323016,0.003837837999999927
head_movement_features,sub-cp019_ses-20210625_level-02B_run-010,sub-cp019,3,1,True,0.8185623679999999,0.825499488,0.8088517879999999,0.823602546,1,0.825499488,0.0018969419999999015
head_movement_features,sub-cp019_ses-20210625_level-03B_run-002,sub-cp019,3,2,True,0.81375092,0.8082256720000001,0.8100464860000001,0.79976462,0,0.81375092,0.0037044339999999787
head_movement_features,sub-cp019_ses-20210625_level-03B_run-005,sub-cp019,3,2,True,0.816225538,0.82426703,0.814540478,0.8134207379999999,1,0.82426703,0.008041492000000039
head_movement_features,sub-cp019_ses-20210625_level-03B_run-011,sub-cp019,3,2,True,0.808543848,0.8168427460000001,0.8162080140000001,0.822013774,3,0.822013774,0.005171027999999911
head_movement_features,sub-cp019_ses-20210625_level-04B_run-004,sub-cp019,3,3,True,0.8224658120000001,0.824349568,0.8259312,0.813320586,2,0.8259312,0.001581631999999944
head_movement_features,sub-cp019_ses-20210625_level-04B_run-006,sub-cp019,3,3,True,0.8249768879999999,0.84054612,0.8287163100000001,0.83527704,1,0.84054612,0.005269079999999926
head_movement_features,sub-cp019_ses-20210625_level-04B_run-009,sub-cp019,3,3,True,0.8237252180000001,0.8298131420000001,0.820543438,0.834667902,3,0.834667902,0.004854759999999847
head_movement_features,sub-cp020_ses-20210604_level-01B_run-001,sub-cp020,2,0,True,0.88009538,0.88053584,0.8850009520000001,0.8737574699999999,2,0.8850009520000001,0.004465112000000104
head_movement_features,sub-cp020_ses-20210604_level-01B_run-007,sub-cp020,2,0,True,0.86404174,0.86099576,0.85350368,0.852332394,0,0.86404174,0.0030459800000000037
head_movement_features,sub-cp020_ses-20210604_level-01B_run-012,sub-cp020,2,0,True,0.893133162,0.8903070660000001,0.8762522799999999,0.8704938,0,0.893133162,0.0028260959999999447
head_movement_features,sub-cp020_ses-20210604_level-02B_run-003,sub-cp020,2,1,True,0.864256812,0.868243184,0.857309852,0.8598849120000001,1,0.868243184,0.00398637199999996
head_movement_features,sub-cp020_ses-20210604_level-02B_run-008,sub-cp020,2,1,True,0.8680421020000001,0.8753261099999999,0.875580584,0.86334637,2,0.875580584,0.00025447400000011555
head_movement_features,sub-cp020_ses-20210604_level-02B_run-010,sub-cp020,2,1,True,0.858577524,0.862645318,0.866043278,0.8535120199999999,2,0.866043278,0.003397960000000033
head_movement_features,sub-cp020_ses-20210604_level-03B_run-002,sub-cp020,2,2,True,0.834990852,0.837539102,0.8406648999999999,0.840595142,2,0.8406648999999999,6.975799999997534e-05
head_movement_features,sub-cp020_ses-20210604_level-03B_run-005,sub-cp020,2,2,True,0.8272295700000001,0.831206388,0.8284179,0.8348149420000001,3,0.8348149420000001,0.0036085540000000416
head_movement_features,sub-cp020_ses-20210604_level-03B_run-011,sub-cp020,2,2,True,0.887080014,0.8906206259999999,0.9101523199999999,0.882446052,2,0.9101523199999999,0.01953169399999999
head_movement_features,sub-cp020_ses-20210604_level-04B_run-004,sub-cp020,2,3,True,0.857005616,0.8575114420000001,0.867994796,0.86513746,2,0.867994796,0.0028573359999999326
head_movement_features,sub-cp020_ses-20210604_level-04B_run-006,sub-cp020,2,3,True,0.850199902,0.85418079,0.8523045079999999,0.862816258,3,0.862816258,0.008635467999999924
head_movement_features,sub-cp020_ses-20210604_level-04B_run-009,sub-cp020,2,3,True,0.9033271060000001,0.901189732,0.908584498,0.891443472,2,0.908584498,0.005257391999999861
head_movement_features,sub-cp022_ses-20210621_level-01B_run-001,sub-cp022,5,0,True,0.879809936,0.885612958,0.892783712,0.86285534,2,0.892783712,0.007170754000000001
head_movement_features,sub-cp022_ses-20210621_level-01B_run-007,sub-cp022,5,0,True,0.864645316,0.8602900520000001,0.865880092,0.8402823460000001,2,0.865880092,0.001234775999999993
head_movement_features,sub-cp022_ses-20210621_level-01B_run-012,sub-cp022,5,0,True,0.8974929939999999,0.8899243160000001,0.89478543,0.8786020139999999,0,0.8974929939999999,0.00270756399999994
head_movement_features,sub-cp022_ses-20210621_level-02B_run-003,sub-cp022,5,1,True,0.8793024880000001,0.8738865520000001,0.8930883999999999,0.8630474960000001,2,0.8930883999999999,0.01378591199999979
head_movement_features,sub-cp022_ses-20210621_level-02B_run-008,sub-cp022,5,1,True,0.8754331479999999,0.87216384,0.882790808,0.867606702,2,0.882790808,0.007357660000000044
head_movement_features,sub-cp022_ses-20210621_level-02B_run-010,sub-cp022,5,1,True,0.89114538,0.8868898780000001,0.8850714399999999,0.8721871200000001,0,0.89114538,0.004255501999999911
head_movement_features,sub-cp022_ses-20210621_level-03B_run-002,sub-cp022,5,2,True,0.859124406,0.8586297760000001,0.872646546,0.860246542,2,0.872646546,0.012400004000000076
head_movement_features,sub-cp022_ses-20210621_level-03B_run-005,sub-cp022,5,2,True,0.875805008,0.8684611480000001,0.893737336,0.8682741500000001,2,0.893737336,0.017932327999999997
head_movement_features,sub-cp022_ses-20210621_level-03B_run-011,sub-cp022,5,2,True,0.8854894999999999,0.8988859299999999,0.907793788,0.8929552600000001,2,0.907793788,0.008907858000000046
head_movement_features,sub-cp022_ses-20210621_level-04B_run-004,sub-cp022,5,3,True,0.853461906,0.856497404,0.878370962,0.88307632,3,0.88307632,0.004705358000000048
head_movement_features,sub-cp022_ses-20210621_level-04B_run-006,sub-cp022,5,3,True,0.848509422,0.854936966,0.8711375419999999,0.87215481,3,0.87215481,0.0010172680000000156
head_movement_features,sub-cp022_ses-20210621_level-04B_run-009,sub-cp022,5,3,True,0.871459014,0.876863682,0.88824301,0.8822827200000001,2,0.88824301,0.005960289999999979
head_movement_features,sub-cp023_ses-20210628_level-01B_run-001,sub-cp023,3,0,True,0.795153132,0.8014251160000001,0.7832687380000001,0.770591206,1,0.8014251160000001,0.006271984000000064
head_movement_features,sub-cp023_ses-20210628_level-01B_run-007,sub-cp023,3,0,True,0.822269846,0.80645603,0.77676856,0.78551342,0,0.822269846,0.01581381599999998
head_movement_features,sub-cp023_ses-20210628_level-01B_run-012,sub-cp023,3,0,True,0.82045612,0.826128376,0.776545048,0.791998192,1,0.826128376,0.005672255999999987
head_movement_features,sub-cp023_ses-20210628_level-02B_run-003,sub-cp023,3,1,True,0.8212633840000001,0.845116754,0.823131324,0.82131325,1,0.845116754,0.021985429999999972
head_movement_features,sub-cp023_ses-20210628_level-02B_run-008,sub-cp023,3,1,True,0.8333196619999999,0.8460508600000001,0.79146393,0.800141024,1,0.8460508600000001,0.012731198000000221
head_movement_features,sub-cp023_ses-20210628_level-02B_run-010,sub-cp023,3,1,True,0.819910878,0.845496812,0.808245512,0.7922381599999999,1,0.845496812,0.025585934000000088
head_movement_features,sub-cp023_ses-20210628_level-03B_run-002,sub-cp023,3,2,True,0.822709824,0.840128912,0.829339968,0.8179084919999999,1,0.840128912,0.010788943999999967
head_movement_features,sub-cp023_ses-20210628_level-03B_run-005,sub-cp023,3,2,True,0.838686014,0.853801134,0.816922106,0.8111887400000001,1,0.853801134,0.015115120000000037
head_movement_features,sub-cp023_ses-20210628_level-03B_run-011,sub-cp023,3,2,True,0.841225308,0.844606948,0.7910473259999999,0.8014632660000001,1,0.844606948,0.0033816400000000746
head_movement_features,sub-cp023_ses-20210628_level-04B_run-004,sub-cp023,3,3,True,0.8177039839999999,0.8405941840000001,0.83735698,0.83995018,1,0.8405941840000001,0.0006440040000000868
head_movement_features,sub-cp023_ses-20210628_level-04B_run-006,sub-cp023,3,3,True,0.821641308,0.835987032,0.81327558,0.8432463699999999,3,0.8432463699999999,0.007259337999999893
head_movement_features,sub-cp023_ses-20210628_level-04B_run-009,sub-cp023,3,3,True,0.823964082,0.848906328,0.8185073299999999,0.82834023,1,0.848906328,0.020566097999999977
head_movement_features,sub-cp024_ses-20210629_level-01B_run-001,sub-cp024,3,0,True,0.8191851720000001,0.82077275,0.8095914719999999,0.813219922,1,0.82077275,0.0015875779999999784
head_movement_features,sub-cp024_ses-20210629_level-01B_run-007,sub-cp024,3,0,True,0.8136664760000001,0.835657904,0.8004562359999999,0.8098678539999999,1,0.835657904,0.02199142799999987
head_movement_features,sub-cp024_ses-20210629_level-01B_run-012,sub-cp024,3,0,True,0.8309676639999999,0.835466688,0.811231444,0.811199848,1,0.835466688,0.004499024000000129
head_movement_features,sub-cp024_ses-20210629_level-02B_run-003,sub-cp024,3,1,True,0.8273547499999999,0.84616597,0.80825816,0.798608168,1,0.84616597,0.01881122000000013
head_movement_features,sub-cp024_ses-20210629_level-02B_run-008,sub-cp024,3,1,True,0.78241957,0.755367934,0.751713626,0.74198554,0,0.78241957,0.027051635999999935
head_movement_features,sub-cp024_ses-20210629_level-02B_run-010,sub-cp024,3,1,True,0.829846918,0.835827806,0.795337828,0.81484074,1,0.835827806,0.005980887999999962
head_movement_features,sub-cp024_ses-20210629_level-03B_run-002,sub-cp024,3,2,True,0.7849858980000001,0.7857879640000001,0.794382982,0.7704704579999999,2,0.794382982,0.008595017999999954
head_movement_features,sub-cp024_ses-20210629_level-03B_run-005,sub-cp024,3,2,True,0.8235618060000001,0.8379194460000001,0.818227706,0.8174734279999999,1,0.8379194460000001,0.01435764000000006
head_movement_features,sub-cp024_ses-20210629_level-03B_run-011,sub-cp024,3,2,True,0.8442722139999999,0.835670948,0.802759414,0.807369158,0,0.8442722139999999,0.008601265999999885
head_movement_features,sub-cp024_ses-20210629_level-04B_run-004,sub-cp024,3,3,True,0.771436986,0.749173136,0.7460599059999999,0.7392477740000001,0,0.771436986,0.022263849999999974
head_movement_features,sub-cp024_ses-20210629_level-04B_run-006,sub-cp024,3,3,True,0.773079376,0.744919886,0.746934274,0.7299556199999999,0,0.773079376,0.026145101999999976
head_movement_features,sub-cp024_ses-20210629_level-04B_run-009,sub-cp024,3,3,True,0.757295368,0.731975604,0.73878188,0.724682656,0,0.757295368,0.018513487999999967
head_movement_features,sub-cp025_ses-20210820_level-01B_run-001,sub-cp025,3,0,True,0.78880923,0.797104768,0.798347944,0.773872498,2,0.798347944,0.0012431760000000125
head_movement_features,sub-cp025_ses-20210820_level-01B_run-007,sub-cp025,3,0,True,0.829819588,0.8303180080000001,0.79290242,0.8268554399999999,1,0.8303180080000001,0.0004984200000001104
head_movement_features,sub-cp025_ses-20210820_level-01B_run-012,sub-cp025,3,0,True,0.8128027880000002,0.8122262859999999,0.798256626,0.809257382,0,0.8128027880000002,0.0005765020000002563
head_movement_features,sub-cp025_ses-20210820_level-02B_run-003,sub-cp025,3,1,True,0.83315154,0.8255600660000001,0.8002891919999999,0.81768754,0,0.83315154,0.0075914739999999314
head_movement_features,sub-cp025_ses-20210820_level-02B_run-008,sub-cp025,3,1,True,0.8204849120000001,0.827755052,0.804093158,0.8111751359999999,1,0.827755052,0.007270139999999925
head_movement_features,sub-cp025_ses-20210820_level-02B_run-010,sub-cp025,3,1,True,0.8158591740000001,0.807281702,0.7949648,0.818043246,3,0.818043246,0.002184071999999926
head_movement_features,sub-cp025_ses-20210820_level-03B_run-002,sub-cp025,3,2,True,0.820909368,0.8256056380000001,0.814550234,0.8081064080000001,1,0.8256056380000001,0.004696270000000058
head_movement_features,sub-cp025_ses-20210820_level-03B_run-005,sub-cp025,3,2,True,0.8155763159999999,0.8132486459999999,0.815254938,0.798405852,0,0.8155763159999999,0.00032137799999987227
head_movement_features,sub-cp025_ses-20210820_level-03B_run-011,sub-cp025,3,2,True,0.8158940680000001,0.81306816,0.81389757,0.823800308,3,0.823800308,0.007906239999999953
head_movement_features,sub-cp025_ses-20210820_level-04B_run-004,sub-cp025,3,3,True,0.7986612799999999,0.8010687519999999,0.788130448,0.804589112,3,0.804589112,0.003520360000000111
head_movement_features,sub-cp025_ses-20210820_level-04B_run-006,sub-cp025,3,3,True,0.826157154,0.831131566,0.818372082,0.8146612300000001,1,0.831131566,0.004974412000000039
head_movement_features,sub-cp025_ses-20210820_level-04B_run-009,sub-cp025,3,3,True,0.7845408779999999,0.799555304,0.79196276,0.8061227320000001,3,0.8061227320000001,0.006567428000000097
head_movement_features,sub-cp026_ses-20210716_level-01B_run-001,sub-cp026,2,0,True,0.852538372,0.85425521,0.8697368319999998,0.85557728,2,0.8697368319999998,0.014159551999999853
head_movement_features,sub-cp026_ses-20210716_level-01B_run-007,sub-cp026,2,0,True,0.840817256,0.840185376,0.84972452,0.8481052480000001,2,0.84972452,0.001619271999999894
head_movement_features,sub-cp026_ses-20210716_level-01B_run-012,sub-cp026,2,0,True,0.8276245299999999,0.8250805379999999,0.832222234,0.8357921340000001,3,0.8357921340000001,0.0035699000000001258
head_movement_features,sub-cp026_ses-20210716_level-02B_run-003,sub-cp026,2,1,True,0.8518675099999999,0.85079992,0.86422003,0.863392248,2,0.86422003,0.0008277819999999991
head_movement_features,sub-cp026_ses-20210716_level-02B_run-008,sub-cp026,2,1,True,0.8417176599999999,0.8359687579999999,0.8439121,0.8487248279999999,3,0.8487248279999999,0.004812727999999877
head_movement_features,sub-cp026_ses-20210716_level-02B_run-010,sub-cp026,2,1,True,0.8413286120000001,0.8438132660000001,0.856651434,0.8572119239999999,3,0.8572119239999999,0.0005604899999999136
head_movement_features,sub-cp026_ses-20210716_level-03B_run-002,sub-cp026,2,2,True,0.843113886,0.8492103740000001,0.8705537299999999,0.8610393139999999,2,0.8705537299999999,0.009514416000000026
head_movement_features,sub-cp026_ses-20210716_level-03B_run-005,sub-cp026,2,2,True,0.817706282,0.8174638399999999,0.8295036259999999,0.8371941420000001,3,0.8371941420000001,0.007690516000000147
head_movement_features,sub-cp026_ses-20210716_level-03B_run-011,sub-cp026,2,2,True,0.8143787679999999,0.81184566,0.823029992,0.81779782,2,0.823029992,0.005232172000000035
head_movement_features,sub-cp026_ses-20210716_level-04B_run-004,sub-cp026,2,3,True,0.816295552,0.8243493019999999,0.826841712,0.84238591,3,0.84238591,0.015544197999999954
head_movement_features,sub-cp026_ses-20210716_level-04B_run-006,sub-cp026,2,3,True,0.773796304,0.77963936,0.7834940180000001,0.79921565,3,0.79921565,0.015721631999999985
head_movement_features,sub-cp026_ses-20210716_level-04B_run-009,sub-cp026,2,3,True,0.81256796,0.8158726599999999,0.825461608,0.8363089800000001,3,0.8363089800000001,0.010847372000000077
head_movement_features,sub-cp027_ses-20210722_level-01B_run-001,sub-cp027,1,0,True,0.89167577,0.9001823200000001,0.8967915959999999,0.890644314,1,0.9001823200000001,0.003390724000000178
head_movement_features,sub-cp027_ses-20210722_level-01B_run-007,sub-cp027,1,0,True,0.8837561600000001,0.895848952,0.882775762,0.8754540900000001,1,0.895848952,0.012092791999999908
head_movement_features,sub-cp027_ses-20210722_level-01B_run-012,sub-cp027,1,0,True,0.8849653820000001,0.895157552,0.883069574,0.8743032,1,0.895157552,0.010192169999999945
head_movement_features,sub-cp027_ses-20210722_level-02B_run-003,sub-cp027,1,1,True,0.888048894,0.8898831599999999,0.878938306,0.8857156639999999,1,0.8898831599999999,0.0018342659999999178
head_movement_features,sub-cp027_ses-20210722_level-02B_run-008,sub-cp027,1,1,True,0.8933006139999999,0.8983655240000001,0.9072096399999999,0.891386772,2,0.9072096399999999,0.008844115999999791
head_movement_features,sub-cp027_ses-20210722_level-02B_run-010,sub-cp027,1,1,True,0.883927488,0.88799783,0.882083042,0.86955505,1,0.88799783,0.004070342000000005
head_movement_features,sub-cp027_ses-20210722_level-03B_run-002,sub-cp027,1,2,True,0.8721219400000001,0.865579852,0.867650194,0.866754788,0,0.8721219400000001,0.00447174600000011
head_movement_features,sub-cp027_ses-20210722_level-03B_run-005,sub-cp027,1,2,True,0.883765064,0.902910154,0.89416322,0.897077862,1,0.902910154,0.005832292000000017
head_movement_features,sub-cp027_ses-20210722_level-03B_run-011,sub-cp027,1,2,True,0.874867246,0.872505952,0.878006356,0.8646652319999999,2,0.878006356,0.0031391100000000005
head_movement_features,sub-cp027_ses-20210722_level-04B_run-004,sub-cp027,1,3,True,0.88023114,0.9017880679999999,0.89309069,0.8918328900000001,1,0.9017880679999999,0.008697377999999922
head_movement_features,sub-cp027_ses-20210722_level-04B_run-006,sub-cp027,1,3,True,0.877998992,0.88480988,0.874038308,0.8864260420000001,3,0.8864260420000001,0.001616162000000032
head_movement_features,sub-cp027_ses-20210722_level-04B_run-009,sub-cp027,1,3,True,0.892868236,0.8929052479999999,0.898522128,0.890040494,2,0.898522128,0.005616880000000046
head_movement_features,sub-cp028_ses-20211214_level-01B_run-001,sub-cp028,5,0,True,0.869438398,0.8550500700000001,0.852773094,0.84048374,0,0.869438398,0.014388327999999895
head_movement_features,sub-cp028_ses-20211214_level-01B_run-007,sub-cp028,5,0,True,0.872139994,0.854580872,0.85077563,0.85686906,0,0.872139994,0.015270934000000014
head_movement_features,sub-cp028_ses-20211214_level-01B_run-012,sub-cp028,5,0,True,0.847491554,0.844572172,0.8523893320000001,0.846582044,2,0.8523893320000001,0.00489777800000013
head_movement_features,sub-cp028_ses-20211214_level-02B_run-003,sub-cp028,5,1,True,0.831701822,0.81275172,0.8192707020000001,0.796675492,0,0.831701822,0.012431119999999907
head_movement_features,sub-cp028_ses-20211214_level-02B_run-008,sub-cp028,5,1,True,0.8831029599999999,0.8897706919999999,0.8918436379999999,0.876193722,2,0.8918436379999999,0.0020729459999999644
head_movement_features,sub-cp028_ses-20211214_level-02B_run-010,sub-cp028,5,1,True,0.849035482,0.8311834960000001,0.831162636,0.817173508,0,0.849035482,0.01785198599999993
head_movement_features,sub-cp028_ses-20211214_level-03B_run-002,sub-cp028,5,2,True,0.8770415579999999,0.88184488,0.8897763080000001,0.8734959699999999,2,0.8897763080000001,0.007931428000000018
head_movement_features,sub-cp028_ses-20211214_level-03B_run-005,sub-cp028,5,2,True,0.8914926980000001,0.886978174,0.904203974,0.889503322,2,0.904203974,0.012711275999999883
head_movement_features,sub-cp028_ses-20211214_level-03B_run-011,sub-cp028,5,2,True,0.8765564720000001,0.8761188320000001,0.88544158,0.865937572,2,0.88544158,0.008885107999999864
head_movement_features,sub-cp028_ses-20211214_level-04B_run-004,sub-cp028,5,3,True,0.8676723980000001,0.8781902519999999,0.895409294,0.881566952,2,0.895409294,0.013842342000000007
head_movement_features,sub-cp028_ses-20211214_level-04B_run-006,sub-cp028,5,3,True,0.8846769739999999,0.8842676239999999,0.90931707,0.8967092620000001,2,0.90931707,0.012607807999999832
head_movement_features,sub-cp028_ses-20211214_level-04B_run-009,sub-cp028,5,3,True,0.8349415419999999,0.8336092860000001,0.840269468,0.838168074,2,0.840269468,0.0021013939999999787
head_movement_features,sub-cp029_ses-20220119_level-01B_run-001,sub-cp029,4,0,True,0.5163204419999999,0.528162532,0.482860148,0.44874256399999995,1,0.528162532,0.011842090000000027
head_movement_features,sub-cp029_ses-20220119_level-01B_run-007,sub-cp029,4,0,True,0.526557106,0.5203771319999999,0.474547234,0.447313252,0,0.526557106,0.0061799740000001435
head_movement_features,sub-cp029_ses-20220119_level-01B_run-012,sub-cp029,4,0,True,0.517620434,0.503027906,0.47083569599999997,0.476832042,0,0.517620434,0.014592527999999994
head_movement_features,sub-cp029_ses-20220119_level-02B_run-003,sub-cp029,4,1,True,0.529840552,0.519307216,0.481699474,0.449388014,0,0.529840552,0.01053333600000006
head_movement_features,sub-cp029_ses-20220119_level-02B_run-008,sub-cp029,4,1,True,0.499544622,0.505532332,0.47770276,0.47038122800000004,1,0.505532332,0.005987710000000035
head_movement_features,sub-cp029_ses-20220119_level-02B_run-010,sub-cp029,4,1,True,0.518601502,0.49327080399999995,0.49030320400000005,0.46833666799999996,0,0.518601502,0.02533069800000004
head_movement_features,sub-cp029_ses-20220119_level-03B_run-002,sub-cp029,4,2,True,0.49865129799999997,0.50988004,0.46684519599999996,0.45533679199999993,1,0.50988004,0.011228742000000014
head_movement_features,sub-cp029_ses-20220119_level-03B_run-005,sub-cp029,4,2,True,0.4700716,0.49109866599999996,0.5110335939999999,0.48028246799999996,2,0.5110335939999999,0.019934927999999963
head_movement_features,sub-cp029_ses-20220119_level-03B_run-011,sub-cp029,4,2,True,0.50642268,0.489394098,0.507554134,0.473693998,2,0.507554134,0.0011314540000000317
head_movement_features,sub-cp029_ses-20220119_level-04B_run-004,sub-cp029,4,3,True,0.475766286,0.48642742400000005,0.511027662,0.49387749200000003,2,0.511027662,0.01715017000000002
head_movement_features,sub-cp029_ses-20220119_level-04B_run-006,sub-cp029,4,3,True,0.463922732,0.475479524,0.516748192,0.474017194,2,0.516748192,0.04126866800000001
head_movement_features,sub-cp029_ses-20220119_level-04B_run-009,sub-cp029,4,3,True,0.445333764,0.45795619,0.5032951619999999,0.47152917,2,0.5032951619999999,0.03176599199999991
head_movement_features,sub-cp030_ses-20211025_level-01B_run-001,sub-cp030,5,0,True,0.890205964,0.89334735,0.90107649,0.867193316,2,0.90107649,0.007729140000000023
head_movement_features,sub-cp030_ses-20211025_level-01B_run-007,sub-cp030,5,0,True,0.881587148,0.87006779,0.8848503799999999,0.879743858,2,0.8848503799999999,0.0032632319999998938
head_movement_features,sub-cp030_ses-20211025_level-01B_run-012,sub-cp030,5,0,True,0.8760656900000001,0.872793612,0.8716422080000001,0.871160412,0,0.8760656900000001,0.003272078000000067
head_movement_features,sub-cp030_ses-20211025_level-02B_run-003,sub-cp030,5,1,True,0.895320194,0.8789587600000001,0.89464454,0.8779778260000001,0,0.895320194,0.0006756539999999145
head_movement_features,sub-cp030_ses-20211025_level-02B_run-008,sub-cp030,5,1,True,0.880681622,0.866801326,0.885493548,0.8733319500000001,2,0.885493548,0.004811926000000022
head_movement_features,sub-cp030_ses-20211025_level-02B_run-010,sub-cp030,5,1,True,0.873288506,0.8675777520000001,0.868163178,0.8648577100000001,0,0.873288506,0.0051253279999999846
head_movement_features,sub-cp030_ses-20211025_level-03B_run-002,sub-cp030,5,2,True,0.8742742419999999,0.84910794,0.8764547300000001,0.8706013880000001,2,0.8764547300000001,0.002180488000000147
head_movement_features,sub-cp030_ses-20211025_level-03B_run-011,sub-cp030,5,2,True,0.8920595840000001,0.8862929940000001,0.90926644,0.9046033040000001,2,0.90926644,0.004663135999999901
head_movement_features,sub-cp030_ses-20211025_level-04B_run-004,sub-cp030,5,3,True,0.887133596,0.8734141940000001,0.88720084,0.884536872,2,0.88720084,6.724400000002184e-05
head_movement_features,sub-cp030_ses-20211025_level-04B_run-006,sub-cp030,5,3,True,0.8879844419999999,0.8732187660000001,0.8815037159999999,0.8742201999999999,0,0.8879844419999999,0.006480726000000048
head_movement_features,sub-cp030_ses-20211025_level-04B_run-009,sub-cp030,5,3,True,0.874443308,0.8608536580000001,0.865236608,0.8716976080000001,0,0.874443308,0.002745699999999962
head_movement_features,sub-cp031_ses-20211216_level-01B_run-001,sub-cp031,2,0,True,0.88836955,0.8847505439999999,0.87824565,0.8746661339999999,0,0.88836955,0.003619006000000091
head_movement_features,sub-cp031_ses-20211216_level-01B_run-007,sub-cp031,2,0,True,0.864590634,0.866177706,0.855744542,0.855026754,1,0.866177706,0.0015870719999999672
head_movement_features,sub-cp031_ses-20211216_level-02B_run-003,sub-cp031,2,1,True,0.8503893699999999,0.86154563,0.8503028779999999,0.8588060759999999,1,0.86154563,0.002739554000000033
head_movement_features,sub-cp031_ses-20211216_level-02B_run-008,sub-cp031,2,1,True,0.8847209079999999,0.8878742880000001,0.893947492,0.8894258620000001,2,0.893947492,0.004521629999999943
head_movement_features,sub-cp031_ses-20211216_level-02B_run-010,sub-cp031,2,1,True,0.85101218,0.8510541100000001,0.848896806,0.8496891,1,0.8510541100000001,4.193000000007885e-05
head_movement_features,sub-cp031_ses-20211216_level-02B_run-012,sub-cp031,2,1,True,0.86410728,0.85493703,0.8595885799999999,0.8623183919999999,0,0.86410728,0.0017888880000000995
head_movement_features,sub-cp031_ses-20211216_level-03B_run-002,sub-cp031,2,2,True,0.8415597079999999,0.844215022,0.84332307,0.842029954,1,0.844215022,0.0008919520000000292
head_movement_features,sub-cp031_ses-20211216_level-03B_run-005,sub-cp031,2,2,True,0.8826870980000001,0.8826948099999999,0.89105922,0.876920102,2,0.89105922,0.0083644100000001
head_movement_features,sub-cp031_ses-20211216_level-03B_run-011,sub-cp031,2,2,True,0.86183496,0.8653716880000001,0.859993422,0.87084926,3,0.87084926,0.005477571999999875
head_movement_features,sub-cp031_ses-20211216_level-04B_run-004,sub-cp031,2,3,True,0.838427694,0.8421703020000001,0.85081819,0.8417902740000001,2,0.85081819,0.008647887999999937
head_movement_features,sub-cp031_ses-20211216_level-04B_run-006,sub-cp031,2,3,True,0.875205122,0.873520952,0.875025948,0.881129632,3,0.881129632,0.0059245100000000495
head_movement_features,sub-cp031_ses-20211216_level-04B_run-009,sub-cp031,2,3,True,0.8556530560000001,0.8598228259999999,0.86180516,0.8758594399999999,3,0.8758594399999999,0.014054279999999975
head_movement_features,sub-cp032_ses-20211105_level-01B_run-001,sub-cp032,5,0,True,0.8699586180000001,0.8770373020000001,0.9004337299999999,0.8887382840000001,2,0.9004337299999999,0.011695445999999832
head_movement_features,sub-cp032_ses-20211105_level-01B_run-007,sub-cp032,5,0,True,0.8636618439999999,0.8729067799999999,0.8861238379999999,0.892256884,3,0.892256884,0.006133046000000086
head_movement_features,sub-cp032_ses-20211105_level-01B_run-012,sub-cp032,5,0,True,0.86145163,0.862190154,0.8554683000000001,0.8627438359999999,3,0.8627438359999999,0.0005536819999999443
head_movement_features,sub-cp032_ses-20211105_level-02B_run-003,sub-cp032,5,1,True,0.884872828,0.889342428,0.9134087300000001,0.8916432240000001,2,0.9134087300000001,0.021765506000000046
head_movement_features,sub-cp032_ses-20211105_level-02B_run-008,sub-cp032,5,1,True,0.8572588120000001,0.876559906,0.8923454599999999,0.8901617460000001,2,0.8923454599999999,0.0021837139999998367
head_movement_features,sub-cp032_ses-20211105_level-02B_run-010,sub-cp032,5,1,True,0.8588996720000001,0.873593548,0.8917745939999999,0.886293888,2,0.8917745939999999,0.005480705999999946
head_movement_features,sub-cp032_ses-20211105_level-03B_run-002,sub-cp032,5,2,True,0.87884788,0.8839513520000001,0.909170292,0.889866402,2,0.909170292,0.01930388999999999
head_movement_features,sub-cp032_ses-20211105_level-03B_run-005,sub-cp032,5,2,True,0.872849156,0.8925227899999999,0.914494674,0.89541596,2,0.914494674,0.01907871399999994
head_movement_features,sub-cp032_ses-20211105_level-03B_run-011,sub-cp032,5,2,True,0.849995908,0.8629565939999999,0.880365398,0.8779901640000001,2,0.880365398,0.0023752339999999483
head_movement_features,sub-cp032_ses-20211105_level-04B_run-004,sub-cp032,5,3,True,0.8820635900000001,0.888379434,0.9189158880000001,0.903421676,2,0.9189158880000001,0.015494212000000118
head_movement_features,sub-cp032_ses-20211105_level-04B_run-006,sub-cp032,5,3,True,0.8821098559999999,0.8818348220000001,0.903749406,0.898981432,2,0.903749406,0.004767973999999953
head_movement_features,sub-cp032_ses-20211105_level-04B_run-009,sub-cp032,5,3,True,0.856144426,0.8643639540000001,0.881729642,0.888186056,3,0.888186056,0.006456413999999966
head_movement_features,sub-cp033_ses-20211215_level-01B_run-001,sub-cp033,1,0,True,0.837440648,0.8343197099999999,0.8288041959999999,0.8201780079999998,0,0.837440648,0.0031209380000000175
head_movement_features,sub-cp033_ses-20211215_level-01B_run-007,sub-cp033,1,0,True,0.885914612,0.887101052,0.8785286019999999,0.8520138960000001,1,0.887101052,0.0011864400000000108
head_movement_features,sub-cp033_ses-20211215_level-01B_run-012,sub-cp033,1,0,True,0.7445605540000001,0.753660786,0.73075798,0.79567728,3,0.79567728,0.04201649400000007
head_movement_features,sub-cp033_ses-20211215_level-02B_run-003,sub-cp033,1,1,True,0.877033348,0.87614654,0.874656412,0.85784541,0,0.877033348,0.0008868079999999612
head_movement_features,sub-cp033_ses-20211215_level-02B_run-008,sub-cp033,1,1,True,0.865380976,0.88713225,0.854103534,0.83128569,1,0.88713225,0.021751273999999987
head_movement_features,sub-cp033_ses-20211215_level-02B_run-010,sub-cp033,1,1,True,0.862831922,0.8864993,0.8613469159999999,0.834234412,1,0.8864993,0.02366737799999996
head_movement_features,sub-cp033_ses-20211215_level-03B_run-002,sub-cp033,1,2,True,0.8343612300000001,0.8381610820000001,0.8380462639999999,0.8121364200000001,1,0.8381610820000001,0.00011481800000012754
head_movement_features,sub-cp033_ses-20211215_level-03B_run-005,sub-cp033,1,2,True,0.8749445579999999,0.8890102859999999,0.8892886360000001,0.865888126,2,0.8892886360000001,0.0002783500000002048
head_movement_features,sub-cp033_ses-20211215_level-03B_run-011,sub-cp033,1,2,True,0.871489944,0.891988346,0.875809236,0.84283184,1,0.891988346,0.01617910999999994
head_movement_features,sub-cp033_ses-20211215_level-04B_run-004,sub-cp033,1,3,True,0.87787331,0.875284104,0.883869368,0.865147286,2,0.883869368,0.005996058000000026
head_movement_features,sub-cp033_ses-20211215_level-04B_run-006,sub-cp033,1,3,True,0.88760784,0.88502387,0.894633514,0.86670284,2,0.894633514,0.007025673999999982
head_movement_features,sub-cp033_ses-20211215_level-04B_run-009,sub-cp033,1,3,True,0.886385712,0.8893025999999999,0.876471828,0.851904306,1,0.8893025999999999,0.0029168879999998953
head_movement_features,sub-cp035_ses-20220125_level-01B_run-001,sub-cp035,5,0,True,0.8269725600000001,0.818339234,0.8284026019999999,0.8147843439999999,2,0.8284026019999999,0.0014300419999998537
head_movement_features,sub-cp035_ses-20220125_level-01B_run-007,sub-cp035,5,0,True,0.8336670359999999,0.824134008,0.854497336,0.8294622799999999,2,0.854497336,0.02083030000000008
head_movement_features,sub-cp035_ses-20220125_level-01B_run-012,sub-cp035,5,0,True,0.8543061160000001,0.8425054160000001,0.85885663,0.845501404,2,0.85885663,0.00455051399999995
head_movement_features,sub-cp035_ses-20220125_level-02B_run-003,sub-cp035,5,1,True,0.85303887,0.8417374260000001,0.8605975880000001,0.841590636,2,0.8605975880000001,0.007558718000000075
head_movement_features,sub-cp035_ses-20220125_level-02B_run-008,sub-cp035,5,1,True,0.84338012,0.832057198,0.8477023020000001,0.8327714499999999,2,0.8477023020000001,0.004322182000000119
head_movement_features,sub-cp035_ses-20220125_level-02B_run-010,sub-cp035,5,1,True,0.86271324,0.852512254,0.8664339999999999,0.858912024,2,0.8664339999999999,0.0037207599999998786
head_movement_features,sub-cp035_ses-20220125_level-03B_run-002,sub-cp035,5,2,True,0.855824992,0.8553009599999999,0.862541416,0.8495284999999999,2,0.862541416,0.006716424000000054
head_movement_features,sub-cp035_ses-20220125_level-03B_run-005,sub-cp035,5,2,True,0.8384691400000002,0.835937772,0.8580585880000001,0.83725586,2,0.8580585880000001,0.019589447999999954
head_movement_features,sub-cp035_ses-20220125_level-03B_run-011,sub-cp035,5,2,True,0.8422717000000001,0.8320271800000001,0.862654726,0.83236294,2,0.862654726,0.02038302599999997
head_movement_features,sub-cp035_ses-20220125_level-04B_run-004,sub-cp035,5,3,True,0.8530462159999999,0.846360932,0.863865612,0.851767344,2,0.863865612,0.010819396000000148
head_movement_features,sub-cp035_ses-20220125_level-04B_run-006,sub-cp035,5,3,True,0.8540660900000001,0.8438786439999999,0.872253916,0.851693598,2,0.872253916,0.018187825999999907
head_movement_features,sub-cp035_ses-20220125_level-04B_run-009,sub-cp035,5,3,True,0.8491040099999999,0.8398535880000001,0.8585517859999999,0.842205248,2,0.8585517859999999,0.009447776000000019
head_movement_features,sub-cp036_ses-20211218_level-01B_run-001,sub-cp036,4,0,True,0.47421214999999994,0.516191072,0.49513767,0.46001215,1,0.516191072,0.021053402000000054
head_movement_features,sub-cp036_ses-20211218_level-01B_run-007,sub-cp036,4,0,True,0.47938933200000006,0.481855676,0.46189244599999996,0.468145788,1,0.481855676,0.0024663439999999537
head_movement_features,sub-cp036_ses-20211218_level-01B_run-012,sub-cp036,4,0,True,0.509695902,0.482096952,0.47985713399999996,0.45100866,0,0.509695902,0.02759895000000001
head_movement_features,sub-cp036_ses-20211218_level-02B_run-003,sub-cp036,4,1,True,0.48912439,0.45702038600000006,0.491099082,0.47943623999999996,2,0.491099082,0.001974692
head_movement_features,sub-cp036_ses-20211218_level-02B_run-008,sub-cp036,4,1,True,0.43469778000000003,0.465106734,0.467634746,0.492374078,3,0.492374078,0.024739332000000003
head_movement_features,sub-cp036_ses-20211218_level-02B_run-010,sub-cp036,4,1,True,0.477241412,0.499584742,0.503261806,0.49649370800000003,2,0.503261806,0.0036770640000000077
head_movement_features,sub-cp036_ses-20211218_level-03B_run-002,sub-cp036,4,2,True,0.469665106,0.443666592,0.5199943,0.458221392,2,0.5199943,0.05032919400000002
head_movement_features,sub-cp036_ses-20211218_level-03B_run-005,sub-cp036,4,2,True,0.48195587,0.47430330200000004,0.491687128,0.489316332,2,0.491687128,0.002370795999999953
head_movement_features,sub-cp036_ses-20211218_level-03B_run-011,sub-cp036,4,2,True,0.490906472,0.492576732,0.511888512,0.475196128,2,0.511888512,0.019311779999999945
head_movement_features,sub-cp036_ses-20211218_level-04B_run-004,sub-cp036,4,3,True,0.498304992,0.49592995999999995,0.5044298279999999,0.49466357599999994,2,0.5044298279999999,0.006124835999999911
head_movement_features,sub-cp036_ses-20211218_level-04B_run-006,sub-cp036,4,3,True,0.47006418199999994,0.452123852,0.5118839599999999,0.5107089,2,0.5118839599999999,0.0011750599999998945
head_movement_features,sub-cp036_ses-20211218_level-04B_run-009,sub-cp036,4,3,True,0.45398955399999996,0.470166518,0.5047969840000001,0.528629424,3,0.528629424,0.023832439999999955
head_movement_features,sub-cp037_ses-20210113_level-01B_run-001,sub-cp037,3,0,True,0.8027657039999999,0.810296206,0.808026152,0.8002947519999999,1,0.810296206,0.0022700539999999103
head_movement_features,sub-cp037_ses-20210113_level-01B_run-007,sub-cp037,3,0,True,0.789372438,0.79543533,0.7915930880000001,0.777984158,1,0.79543533,0.00384224199999994
head_movement_features,sub-cp037_ses-20210113_level-01B_run-012,sub-cp037,3,0,True,0.827119802,0.8039665680000001,0.794478272,0.779762836,0,0.827119802,0.02315323399999991
head_movement_features,sub-cp037_ses-20210113_level-02B_run-003,sub-cp037,3,1,True,0.80893422,0.810806078,0.814705504,0.8003844539999999,2,0.814705504,0.003899425999999928
head_movement_features,sub-cp037_ses-20210113_level-02B_run-008,sub-cp037,3,1,True,0.815546934,0.8228382719999999,0.8130001480000001,0.790365858,1,0.8228382719999999,0.007291337999999925
head_movement_features,sub-cp037_ses-20210113_level-02B_run-010,sub-cp037,3,1,True,0.8282942959999999,0.8286455480000001,0.799029792,0.814301266,1,0.8286455480000001,0.00035125200000019063
head_movement_features,sub-cp037_ses-20210113_level-03B_run-002,sub-cp037,3,2,True,0.804579818,0.821605684,0.822200784,0.809983864,2,0.822200784,0.0005950999999999596
head_movement_features,sub-cp037_ses-20210113_level-03B_run-005,sub-cp037,3,2,True,0.801360292,0.79561705,0.8019730239999999,0.789525668,2,0.8019730239999999,0.0006127319999998937
head_movement_features,sub-cp037_ses-20210113_level-03B_run-011,sub-cp037,3,2,True,0.8233635079999999,0.816190722,0.8158656799999999,0.81678471,0,0.8233635079999999,0.006578797999999941
head_movement_features,sub-cp037_ses-20210113_level-04B_run-004,sub-cp037,3,3,True,0.801858216,0.8049311180000001,0.8243792859999999,0.811096414,2,0.8243792859999999,0.01328287199999989
head_movement_features,sub-cp037_ses-20210113_level-04B_run-006,sub-cp037,3,3,True,0.8107110280000001,0.803574332,0.8074626260000001,0.8138842079999999,3,0.8138842079999999,0.0031731799999998866
head_movement_features,sub-cp037_ses-20210113_level-04B_run-009,sub-cp037,3,3,True,0.80752183,0.81706436,0.827511054,0.8329157219999999,3,0.8329157219999999,0.005404667999999835
head_movement_features,sub-cp038_ses-20220112_level-01B_run-001,sub-cp038,2,0,True,0.8416078,0.85090053,0.8393858359999999,0.839028538,1,0.85090053,0.009292729999999971
head_movement_features,sub-cp038_ses-20220112_level-01B_run-007,sub-cp038,2,0,True,0.8865223480000001,0.871029046,0.859835604,0.86527706,0,0.8865223480000001,0.015493302000000098
head_movement_features,sub-cp038_ses-20220112_level-01B_run-012,sub-cp038,2,0,True,0.8928466759999999,0.881868154,0.866175828,0.8700312880000001,0,0.8928466759999999,0.010978521999999935
head_movement_features,sub-cp038_ses-20220112_level-02B_run-003,sub-cp038,2,1,True,0.87253761,0.8830706559999999,0.856758692,0.859372316,1,0.8830706559999999,0.010533045999999935
head_movement_features,sub-cp038_ses-20220112_level-02B_run-008,sub-cp038,2,1,True,0.90394261,0.9004913460000001,0.8861618659999999,0.888979926,0,0.90394261,0.003451263999999843
head_movement_features,sub-cp038_ses-20220112_level-02B_run-010,sub-cp038,2,1,True,0.899839532,0.896070068,0.8821445179999999,0.884500558,0,0.899839532,0.003769464
head_movement_features,sub-cp038_ses-20220112_level-03B_run-002,sub-cp038,2,2,True,0.8937201260000001,0.8889912560000001,0.8800291960000001,0.878722024,0,0.8937201260000001,0.004728869999999996
head_movement_features,sub-cp038_ses-20220112_level-03B_run-005,sub-cp038,2,2,True,0.8996365980000001,0.9045394379999999,0.887656976,0.89636978,1,0.9045394379999999,0.004902839999999853
head_movement_features,sub-cp038_ses-20220112_level-03B_run-011,sub-cp038,2,2,True,0.9131699619999999,0.917608192,0.905461284,0.9140030219999999,1,0.917608192,0.0036051700000000464
head_movement_features,sub-cp038_ses-20220112_level-04B_run-004,sub-cp038,2,3,True,0.754649398,0.75255059,0.7447840099999999,0.737301744,0,0.754649398,0.002098807999999952
head_movement_features,sub-cp038_ses-20220112_level-04B_run-006,sub-cp038,2,3,True,0.88415552,0.890475784,0.8715585880000001,0.88062602,1,0.890475784,0.006320264000000075
head_movement_features,sub-cp038_ses-20220112_level-04B_run-009,sub-cp038,2,3,True,0.914518982,0.914822566,0.9039579400000001,0.91692389,3,0.91692389,0.00210132399999996
head_movement_features,sub-cp039_ses-20211219_level-01B_run-001,sub-cp039,1,0,True,0.846191878,0.8371912979999999,0.8425902540000001,0.813286304,0,0.846191878,0.003601623999999859
head_movement_features,sub-cp039_ses-20211219_level-01B_run-007,sub-cp039,1,0,True,0.8845861380000001,0.882770758,0.8868072659999999,0.8634224359999999,2,0.8868072659999999,0.00222112799999985
head_movement_features,sub-cp039_ses-20211219_level-01B_run-012,sub-cp039,1,0,True,0.890163538,0.8871661379999999,0.8969141519999999,0.8635812460000001,2,0.8969141519999999,0.006750613999999877
head_movement_features,sub-cp039_ses-20211219_level-02B_run-003,sub-cp039,1,1,True,0.8530781319999999,0.8537355200000001,0.861768726,0.8309253959999999,2,0.861768726,0.008033205999999904
head_movement_features,sub-cp039_ses-20211219_level-02B_run-008,sub-cp039,1,1,True,0.815397642,0.8021118700000001,0.811513308,0.78906733,0,0.815397642,0.0038843339999999893
head_movement_features,sub-cp039_ses-20211219_level-02B_run-010,sub-cp039,1,1,True,0.863001822,0.86053226,0.8667009139999999,0.84232726,2,0.8667009139999999,0.0036990919999999594
head_movement_features,sub-cp039_ses-20211219_level-03B_run-002,sub-cp039,1,2,True,0.842848798,0.838852374,0.8304706339999999,0.8305915799999999,0,0.842848798,0.003996423999999998
head_movement_features,sub-cp039_ses-20211219_level-03B_run-005,sub-cp039,1,2,True,0.8845334100000001,0.873859968,0.8916185000000001,0.85293627,2,0.8916185000000001,0.007085090000000016
head_movement_features,sub-cp039_ses-20211219_level-03B_run-011,sub-cp039,1,2,True,0.8207878660000001,0.8108641759999999,0.8240699920000001,0.801514586,2,0.8240699920000001,0.0032821259999999963
head_movement_features,sub-cp039_ses-20211219_level-04B_run-004,sub-cp039,1,3,True,0.8482664879999999,0.849506176,0.8416060200000001,0.8422913519999999,1,0.849506176,0.001239688000000072
head_movement_features,sub-cp039_ses-20211219_level-04B_run-006,sub-cp039,1,3,True,0.8822672239999999,0.8795130959999999,0.8961176,0.8550116940000001,2,0.8961176,0.013850376000000053
head_movement_features,sub-cp039_ses-20211219_level-04B_run-009,sub-cp039,1,3,True,0.8583226500000001,0.8516984479999999,0.85428518,0.839834118,0,0.8583226500000001,0.0040374700000000985
head_movement_features,sub-cp042_ses-20220111_level-01B_run-001,sub-cp042,4,0,True,0.503395262,0.48895511,0.447258506,0.464886158,0,0.503395262,0.014440151999999928
head_movement_features,sub-cp042_ses-20220111_level-01B_run-007,sub-cp042,4,0,True,0.5287104460000001,0.474646534,0.437683892,0.446086762,0,0.5287104460000001,0.05406391200000005
head_movement_features,sub-cp042_ses-20220111_level-01B_run-012,sub-cp042,4,0,True,0.502834788,0.478118954,0.451578312,0.439167166,0,0.502834788,0.024715834000000048
head_movement_features,sub-cp042_ses-20220111_level-02B_run-003,sub-cp042,4,1,True,0.508069124,0.49925689799999995,0.463237082,0.440755276,0,0.508069124,0.00881222600000009
head_movement_features,sub-cp042_ses-20220111_level-02B_run-008,sub-cp042,4,1,True,0.493116778,0.5089205059999999,0.42726435600000007,0.438710586,1,0.5089205059999999,0.01580372799999996
head_movement_features,sub-cp042_ses-20220111_level-02B_run-010,sub-cp042,4,1,True,0.5220082639999999,0.48235707000000005,0.41396002200000004,0.451755878,0,0.5220082639999999,0.039651193999999834
head_movement_features,sub-cp042_ses-20220111_level-03B_run-002,sub-cp042,4,2,True,0.483417616,0.46369339600000004,0.46976846000000005,0.463423986,0,0.483417616,0.01364915599999994
head_movement_features,sub-cp042_ses-20220111_level-03B_run-005,sub-cp042,4,2,True,0.51151158,0.49730760200000007,0.4575051,0.47103295999999995,0,0.51151158,0.014203977999999895
head_movement_features,sub-cp042_ses-20220111_level-03B_run-011,sub-cp042,4,2,True,0.48355350399999997,0.47301143999999995,0.43800612999999994,0.44768982399999996,0,0.48355350399999997,0.010542064000000018
head_movement_features,sub-cp042_ses-20220111_level-04B_run-004,sub-cp042,4,3,True,0.47786926999999996,0.487722368,0.43389965799999997,0.458556026,1,0.487722368,0.00985309800000006
head_movement_features,sub-cp042_ses-20220111_level-04B_run-006,sub-cp042,4,3,True,0.47705002399999996,0.460340628,0.46430574199999997,0.473532534,0,0.47705002399999996,0.0035174899999999565
head_movement_features,sub-cp042_ses-20220111_level-04B_run-009,sub-cp042,4,3,True,0.502569628,0.48985961600000005,0.415864002,0.436376612,0,0.502569628,0.012710011999999993
head_movement_features,sub-cp043_ses-20220127_level-01B_run-001,sub-cp043,1,0,True,0.895641024,0.8874825599999999,0.901169676,0.8766737280000001,2,0.901169676,0.005528651999999967
head_movement_features,sub-cp043_ses-20220127_level-01B_run-007,sub-cp043,1,0,True,0.8671140700000001,0.864244544,0.8800078039999999,0.8701055280000001,2,0.8800078039999999,0.009902275999999821
head_movement_features,sub-cp043_ses-20220127_level-01B_run-012,sub-cp043,1,0,True,0.896975612,0.8905782139999999,0.88715109,0.8708805999999999,0,0.896975612,0.006397398000000054
head_movement_features,sub-cp043_ses-20220127_level-02B_run-003,sub-cp043,1,1,True,0.888255812,0.8865257200000001,0.8994141900000001,0.877381844,2,0.8994141900000001,0.01115837800000008
head_movement_features,sub-cp043_ses-20220127_level-02B_run-008,sub-cp043,1,1,True,0.8861015699999999,0.889278496,0.887275908,0.864608426,1,0.889278496,0.002002587999999972
head_movement_features,sub-cp043_ses-20220127_level-02B_run-010,sub-cp043,1,1,True,0.881087344,0.878269854,0.877629052,0.8738440080000001,0,0.881087344,0.002817489999999978
head_movement_features,sub-cp043_ses-20220127_level-03B_run-002,sub-cp043,1,2,True,0.88818257,0.8893202259999999,0.9082829,0.866651072,2,0.9082829,0.018962674000000068
head_movement_features,sub-cp043_ses-20220127_level-03B_run-005,sub-cp043,1,2,True,0.870694816,0.8749675,0.8780172220000001,0.867708116,2,0.8780172220000001,0.003049722000000088
head_movement_features,sub-cp043_ses-20220127_level-03B_run-011,sub-cp043,1,2,True,0.88552729,0.8992131280000001,0.892084556,0.8719799,1,0.8992131280000001,0.007128572000000055
head_movement_features,sub-cp043_ses-20220127_level-04B_run-004,sub-cp043,1,3,True,0.870902146,0.87189324,0.87997168,0.87627158,2,0.87997168,0.003700099999999984
head_movement_features,sub-cp043_ses-20220127_level-04B_run-006,sub-cp043,1,3,True,0.8721721199999999,0.871443886,0.88265428,0.886594206,3,0.886594206,0.003939926000000038
head_movement_features,sub-cp043_ses-20220127_level-04B_run-009,sub-cp043,1,3,True,0.884167962,0.8849470979999999,0.8964279039999999,0.882923198,2,0.8964279039999999,0.01148080600000001
physiological_features,sub-cp003_ses-20210206_level-01B_run-001,sub-cp003,4,0,True,0.546955974,0.482804214,0.5565246220000001,0.543374334,2,0.5565246220000001,0.009568648000000124
physiological_features,sub-cp003_ses-20210206_level-01B_run-007,sub-cp003,4,0,True,0.52449367,0.51630338,0.540476728,0.555488552,3,0.555488552,0.015011824000000007
physiological_features,sub-cp003_ses-20210206_level-01B_run-012,sub-cp003,4,0,True,0.5361109199999999,0.514486024,0.552008642,0.550678056,2,0.552008642,0.0013305860000000225
physiological_features,sub-cp003_ses-20210206_level-02B_run-003,sub-cp003,4,1,True,0.45836236599999997,0.456304922,0.43301323399999997,0.46638219200000003,3,0.46638219200000003,0.008019826000000063
physiological_features,sub-cp003_ses-20210206_level-02B_run-008,sub-cp003,4,1,True,0.529068368,0.510455884,0.5279578300000001,0.56298001,3,0.56298001,0.033911641999999964
physiological_features,sub-cp003_ses-20210206_level-02B_run-010,sub-cp003,4,1,True,0.538672566,0.519887374,0.540133146,0.5506843499999999,3,0.5506843499999999,0.01055120399999998
physiological_features,sub-cp003_ses-20210206_level-03B_run-002,sub-cp003,4,2,True,0.547778678,0.5053748899999999,0.554929982,0.538770464,2,0.554929982,0.0071513039999999695
physiological_features,sub-cp003_ses-20210206_level-03B_run-005,sub-cp003,4,2,True,0.526602758,0.515018674,0.542551632,0.557824054,3,0.557824054,0.015272422000000008
physiological_features,sub-cp003_ses-20210206_level-03B_run-011,sub-cp003,4,2,True,0.5356740600000001,0.506260448,0.540432018,0.55673497,3,0.55673497,0.016302952000000093
physiological_features,sub-cp003_ses-20210206_level-04B_run-004,sub-cp003,4,3,True,0.531784646,0.514195774,0.533413628,0.5623291619999999,3,0.5623291619999999,0.02891553399999991
physiological_features,sub-cp003_ses-20210206_level-04B_run-006,sub-cp003,4,3,True,0.5322586659999999,0.513994426,0.550817782,0.546151002,2,0.550817782,0.0046667799999999815
physiological_features,sub-cp003_ses-20210206_level-04B_run-009,sub-cp003,4,3,True,0.535670248,0.512975934,0.535307994,0.551065498,3,0.551065498,0.015395250000000082
physiological_features,sub-cp004_ses-20210330_level-01B_run-001,sub-cp004,1,0,True,0.89080508,0.893596312,0.884101574,0.894505168,3,0.894505168,0.0009088560000000134
physiological_features,sub-cp004_ses-20210330_level-01B_run-007,sub-cp004,1,0,True,0.900940278,0.90842808,0.8926066199999999,0.906124876,1,0.90842808,0.0023032039999999476
physiological_features,sub-cp004_ses-20210330_level-01B_run-012,sub-cp004,1,0,True,0.902195428,0.9013369680000001,0.897764088,0.9008961919999999,0,0.902195428,0.0008584599999998943
physiological_features,sub-cp004_ses-20210330_level-02B_run-003,sub-cp004,1,1,True,0.90616776,0.9212761520000001,0.917761988,0.91707943,1,0.9212761520000001,0.003514164000000153
physiological_features,sub-cp004_ses-20210330_level-02B_run-008,sub-cp004,1,1,True,0.8992655940000001,0.9151498979999999,0.90624027,0.909029546,1,0.9151498979999999,0.00612035199999994
physiological_features,sub-cp004_ses-20210330_level-02B_run-010,sub-cp004,1,1,True,0.924970012,0.941948572,0.926614582,0.93208127,1,0.941948572,0.009867302000000078
physiological_features,sub-cp004_ses-20210330_level-03B_run-002,sub-cp004,1,2,True,0.9116453119999999,0.944099808,0.9376322460000001,0.92404168,1,0.944099808,0.006467561999999982
physiological_features,sub-cp004_ses-20210330_level-03B_run-005,sub-cp004,1,2,True,0.900844094,0.8748235299999999,0.8581686340000001,0.8820697000000001,0,0.900844094,0.018774393999999917
physiological_features,sub-cp004_ses-20210330_level-03B_run-011,sub-cp004,1,2,True,0.89566073,0.9061013040000001,0.8972288519999999,0.9132499839999999,3,0.9132499839999999,0.007148679999999796
physiological_features,sub-cp004_ses-20210330_level-04B_run-004,sub-cp004,1,3,True,0.92109631,0.905875226,0.8979064359999999,0.9227941639999999,3,0.9227941639999999,0.0016978539999998876
physiological_features,sub-cp004_ses-20210330_level-04B_run-006,sub-cp004,1,3,True,0.892511976,0.896589562,0.895868994,0.8877032579999999,1,0.896589562,0.000720567999999977
physiological_features,sub-cp004_ses-20210330_level-04B_run-009,sub-cp004,1,3,True,0.888762124,0.892932378,0.89289347,0.904493664,3,0.904493664,0.011561285999999948
physiological_features,sub-cp005_ses-20210226_level-01B_run-001,sub-cp005,5,0,True,0.8957704879999999,0.8910427399999999,0.894257526,0.901230046,3,0.901230046,0.0054595580000000865
physiological_features,sub-cp005_ses-20210226_level-01B_run-007,sub-cp005,5,0,True,0.90870155,0.88791683,0.8912744399999999,0.91591457,3,0.91591457,0.007213020000000014
physiological_features,sub-cp005_ses-20210226_level-01B_run-012,sub-cp005,5,0,True,0.89748444,0.911016678,0.9030227679999999,0.91113333,3,0.91113333,0.00011665199999999487
physiological_features,sub-cp005_ses-20210226_level-02B_run-003,sub-cp005,5,1,True,0.91571332,0.909587484,0.91999292,0.92922753,3,0.92922753,0.009234610000000032
physiological_features,sub-cp005_ses-20210226_level-02B_run-008,sub-cp005,5,1,True,0.909275818,0.899324622,0.9023264120000001,0.91706404,3,0.91706404,0.007788221999999956
physiological_features,sub-cp005_ses-20210226_level-02B_run-010,sub-cp005,5,1,True,0.9144371,0.904024008,0.915532754,0.9275521120000001,3,0.9275521120000001,0.012019358000000091
physiological_features,sub-cp005_ses-20210226_level-03B_run-002,sub-cp005,5,2,True,0.882763908,0.854340388,0.859240264,0.8689473700000001,0,0.882763908,0.013816537999999934
physiological_features,sub-cp005_ses-20210226_level-03B_run-005,sub-cp005,5,2,True,0.90011526,0.88897002,0.9069846260000001,0.9047346839999999,2,0.9069846260000001,0.0022499420000001713
physiological_features,sub-cp005_ses-20210226_level-03B_run-011,sub-cp005,5,2,True,0.907932156,0.908271088,0.91579586,0.923297874,3,0.923297874,0.007502013999999946
physiological_features,sub-cp005_ses-20210226_level-04B_run-004,sub-cp005,5,3,True,0.9106484439999999,0.904260732,0.912576492,0.92421996,3,0.92421996,0.011643467999999935
physiological_features,sub-cp005_ses-20210226_level-04B_run-006,sub-cp005,5,3,True,0.90963105,0.9019843200000001,0.914115672,0.920343186,3,0.920343186,0.0062275139999999896
physiological_features,sub-cp005_ses-20210226_level-04B_run-009,sub-cp005,5,3,True,0.8905100000000001,0.890086522,0.8928483220000001,0.9024793320000001,3,0.9024793320000001,0.009631009999999995
physiological_features,sub-cp006_ses-20210324_level-01B_run-001,sub-cp006,4,0,True,0.55969722,0.48710821600000004,0.54014016,0.53933373,0,0.55969722,0.019557060000000015
physiological_features,sub-cp006_ses-20210324_level-01B_run-007,sub-cp006,4,0,True,0.53384438,0.518120536,0.561931884,0.555922234,2,0.561931884,0.0060096500000000885
physiological_features,sub-cp006_ses-20210324_level-01B_run-012,sub-cp006,4,0,True,0.52852508,0.5592722379999999,0.5192653500000001,0.574485328,3,0.574485328,0.01521309000000004
physiological_features,sub-cp006_ses-20210324_level-02B_run-003,sub-cp006,4,1,True,0.5428149,0.499086472,0.55514947,0.538729776,2,0.55514947,0.012334570000000045
physiological_features,sub-cp006_ses-20210324_level-02B_run-008,sub-cp006,4,1,True,0.540870508,0.512460206,0.534783192,0.5378314200000001,0,0.540870508,0.0030390879999999676
physiological_features,sub-cp006_ses-20210324_level-02B_run-010,sub-cp006,4,1,True,0.547782548,0.5146453240000001,0.5327670259999999,0.504445306,0,0.547782548,0.015015522000000114
physiological_features,sub-cp006_ses-20210324_level-03B_run-002,sub-cp006,4,2,True,0.520353274,0.49048744399999994,0.512365626,0.50663789,0,0.520353274,0.007987647999999958
physiological_features,sub-cp006_ses-20210324_level-03B_run-005,sub-cp006,4,2,True,0.5364901639999999,0.527380112,0.535647028,0.526034728,0,0.5364901639999999,0.0008431359999999666
physiological_features,sub-cp006_ses-20210324_level-03B_run-011,sub-cp006,4,2,True,0.53997165,0.502329628,0.553448532,0.549779608,2,0.553448532,0.0036689239999999623
physiological_features,sub-cp006_ses-20210324_level-04B_run-004,sub-cp006,4,3,True,0.527153514,0.5178464779999999,0.54434182,0.56762442,3,0.56762442,0.023282600000000042
physiological_features,sub-cp006_ses-20210324_level-04B_run-006,sub-cp006,4,3,True,0.5475030320000001,0.493559578,0.49514273400000003,0.482420606,0,0.5475030320000001,0.05236029800000003
physiological_features,sub-cp006_ses-20210324_level-04B_run-009,sub-cp006,4,3,True,0.5381582500000001,0.51267498,0.55391151,0.549661318,2,0.55391151,0.004250192000000097
physiological_features,sub-cp008_ses-20210503_level-01B_run-001,sub-cp008,3,0,True,0.81988784,0.829155308,0.84315243,0.872068426,3,0.872068426,0.028915996000000055
physiological_features,sub-cp008_ses-20210503_level-01B_run-007,sub-cp008,3,0,True,0.811665376,0.8458242699999999,0.8456921100000001,0.87227747,3,0.87227747,0.026453200000000066
physiological_features,sub-cp008_ses-20210503_level-01B_run-012,sub-cp008,3,0,True,0.817195338,0.854549162,0.8387928600000001,0.868268866,3,0.868268866,0.013719704
physiological_features,sub-cp008_ses-20210503_level-02B_run-003,sub-cp008,3,1,True,0.8052669120000001,0.8735662380000001,0.8479914479999999,0.871105214,1,0.8735662380000001,0.002461024000000145
physiological_features,sub-cp008_ses-20210503_level-02B_run-008,sub-cp008,3,1,True,0.8041318719999999,0.84224064,0.82866613,0.853434582,3,0.853434582,0.011193942000000012
physiological_features,sub-cp008_ses-20210503_level-02B_run-010,sub-cp008,3,1,True,0.80225748,0.835143908,0.8530045960000001,0.8645005040000001,3,0.8645005040000001,0.011495907999999999
physiological_features,sub-cp008_ses-20210503_level-03B_run-002,sub-cp008,3,2,True,0.8161111200000001,0.7915996919999999,0.7907848399999999,0.808856842,0,0.8161111200000001,0.007254278000000114
physiological_features,sub-cp008_ses-20210503_level-03B_run-005,sub-cp008,3,2,True,0.80207421,0.8530376199999999,0.837161292,0.866665246,3,0.866665246,0.013627626000000004
physiological_features,sub-cp008_ses-20210503_level-03B_run-011,sub-cp008,3,2,True,0.78530391,0.8681845640000001,0.848640866,0.86927695,3,0.86927695,0.0010923859999999452
physiological_features,sub-cp008_ses-20210503_level-04B_run-004,sub-cp008,3,3,True,0.8071582920000001,0.855076696,0.844282354,0.8718916240000001,3,0.8718916240000001,0.016814928000000062
physiological_features,sub-cp008_ses-20210503_level-04B_run-006,sub-cp008,3,3,True,0.8136982939999999,0.853006494,0.841548994,0.8772843379999999,3,0.8772843379999999,0.024277843999999993
physiological_features,sub-cp008_ses-20210503_level-04B_run-009,sub-cp008,3,3,True,0.8152842,0.8237364360000001,0.83989063,0.829019362,2,0.83989063,0.010871267999999934
physiological_features,sub-cp009_ses-20210129_level-01B_run-001,sub-cp009,2,0,True,0.868295202,0.847095178,0.866297368,0.850290072,0,0.868295202,0.001997833999999976
physiological_features,sub-cp009_ses-20210129_level-01B_run-007,sub-cp009,2,0,True,0.920423238,0.9403486219999999,0.9425473139999999,0.9414331300000001,2,0.9425473139999999,0.0011141839999998515
physiological_features,sub-cp009_ses-20210129_level-01B_run-012,sub-cp009,2,0,True,0.892408202,0.8958047920000001,0.908428872,0.887383436,2,0.908428872,0.012624079999999926
physiological_features,sub-cp009_ses-20210129_level-02B_run-003,sub-cp009,2,1,True,0.9008961019999999,0.899395134,0.9073651460000001,0.9078279159999999,3,0.9078279159999999,0.0004627699999998347
physiological_features,sub-cp009_ses-20210129_level-02B_run-008,sub-cp009,2,1,True,0.9320501800000001,0.948142028,0.94961718,0.949857126,3,0.949857126,0.0002399460000001019
physiological_features,sub-cp009_ses-20210129_level-02B_run-010,sub-cp009,2,1,True,0.939486398,0.961044124,0.958716406,0.959326508,1,0.961044124,0.0017176160000000884
physiological_features,sub-cp009_ses-20210129_level-03B_run-002,sub-cp009,2,2,True,0.883547342,0.8740133780000001,0.8845738219999999,0.8841019720000001,2,0.8845738219999999,0.00047184999999982935
physiological_features,sub-cp009_ses-20210129_level-03B_run-005,sub-cp009,2,2,True,0.8279630600000001,0.824830772,0.83857812,0.8350826379999999,2,0.83857812,0.0034954820000000497
physiological_features,sub-cp009_ses-20210129_level-03B_run-011,sub-cp009,2,2,True,0.9082871539999999,0.90864358,0.9144837880000001,0.904211606,2,0.9144837880000001,0.005840208000000069
physiological_features,sub-cp009_ses-20210129_level-04B_run-004,sub-cp009,2,3,True,0.8971336260000001,0.88710662,0.897391488,0.8986951080000001,3,0.8986951080000001,0.0013036200000000608
physiological_features,sub-cp009_ses-20210129_level-04B_run-006,sub-cp009,2,3,True,0.8247880860000001,0.8143088799999999,0.8378990500000001,0.82220294,2,0.8378990500000001,0.013110964000000003
physiological_features,sub-cp009_ses-20210129_level-04B_run-009,sub-cp009,2,3,True,0.9078915139999999,0.903749084,0.9071337419999999,0.9071333819999999,0,0.9078915139999999,0.0007577720000000454
physiological_features,sub-cp011_ses-20210408_level-01B_run-001,sub-cp011,1,0,True,0.9475687279999999,0.932520652,0.9192138240000001,0.9068649719999999,0,0.9475687279999999,0.01504807599999991
physiological_features,sub-cp011_ses-20210408_level-01B_run-007,sub-cp011,1,0,True,0.909580272,0.8839109300000001,0.882761116,0.8829723740000001,0,0.909580272,0.02566934199999993
physiological_features,sub-cp011_ses-20210408_level-01B_run-012,sub-cp011,1,0,True,0.8988962920000001,0.8944866579999999,0.8747014240000001,0.8797310460000001,0,0.8988962920000001,0.004409634000000162
physiological_features,sub-cp011_ses-20210408_level-02B_run-003,sub-cp011,1,1,True,0.918363042,0.9187132439999999,0.9024819319999999,0.915191954,1,0.9187132439999999,0.00035020199999991064
physiological_features,sub-cp011_ses-20210408_level-02B_run-008,sub-cp011,1,1,True,0.9315509759999999,0.933445498,0.9248949599999999,0.89898945,1,0.933445498,0.001894522000000065
physiological_features,sub-cp011_ses-20210408_level-02B_run-010,sub-cp011,1,1,True,0.918733216,0.93656268,0.927454848,0.90852783,1,0.93656268,0.009107831999999982
physiological_features,sub-cp011_ses-20210408_level-03B_run-002,sub-cp011,1,2,True,0.8936527679999999,0.8496289819999999,0.852180094,0.8645440879999999,0,0.8936527679999999,0.029108679999999998
physiological_features,sub-cp011_ses-20210408_level-03B_run-005,sub-cp011,1,2,True,0.862845474,0.855109384,0.8478136199999999,0.8538370260000001,0,0.862845474,0.007736089999999973
physiological_features,sub-cp011_ses-20210408_level-03B_run-011,sub-cp011,1,2,True,0.919241958,0.904489954,0.897629394,0.9050063140000001,0,0.919241958,0.01423564399999988
physiological_features,sub-cp011_ses-20210408_level-04B_run-004,sub-cp011,1,3,True,0.84555574,0.87657936,0.8827378899999999,0.8631370540000001,2,0.8827378899999999,0.006158529999999884
physiological_features,sub-cp011_ses-20210408_level-04B_run-006,sub-cp011,1,3,True,0.921597438,0.9055590600000001,0.89964061,0.888366892,0,0.921597438,0.016038377999999964
physiological_features,sub-cp011_ses-20210408_level-04B_run-009,sub-cp011,1,3,True,0.917326044,0.903776178,0.8932429199999999,0.891787206,0,0.917326044,0.013549865999999966
physiological_features,sub-cp012_ses-20210723_level-01B_run-001,sub-cp012,4,0,True,0.55718078,0.582075062,0.549556306,0.582530356,3,0.582530356,0.000455293999999995
physiological_features,sub-cp012_ses-20210723_level-01B_run-007,sub-cp012,4,0,True,0.583795678,0.573892642,0.568243336,0.548314988,0,0.583795678,0.009903035999999976
physiological_features,sub-cp012_ses-20210723_level-01B_run-012,sub-cp012,4,0,True,0.553749686,0.599420112,0.56973244,0.561822794,1,0.599420112,0.029687672
physiological_features,sub-cp012_ses-20210723_level-02B_run-003,sub-cp012,4,1,True,0.578659472,0.577373198,0.54729637,0.5705627019999999,0,0.578659472,0.0012862740000000317
physiological_features,sub-cp012_ses-20210723_level-02B_run-008,sub-cp012,4,1,True,0.561951982,0.583492068,0.560477092,0.544169108,1,0.583492068,0.021540086000000014
physiological_features,sub-cp012_ses-20210723_level-02B_run-010,sub-cp012,4,1,True,0.553771034,0.591711764,0.5521377120000001,0.56107199,1,0.591711764,0.030639774000000064
physiological_features,sub-cp012_ses-20210723_level-03B_run-002,sub-cp012,4,2,True,0.55880147,0.598201518,0.562533332,0.567735892,1,0.598201518,0.030465626000000023
physiological_features,sub-cp012_ses-20210723_level-03B_run-005,sub-cp012,4,2,True,0.56464968,0.5882721099999999,0.54835576,0.5373243,1,0.5882721099999999,0.02362242999999986
physiological_features,sub-cp012_ses-20210723_level-03B_run-011,sub-cp012,4,2,True,0.539919776,0.59464074,0.5472056860000001,0.557524604,1,0.59464074,0.037116135999999966
physiological_features,sub-cp012_ses-20210723_level-04B_run-004,sub-cp012,4,3,True,0.556175132,0.586612702,0.53607062,0.56518044,1,0.586612702,0.021432262000000035
physiological_features,sub-cp012_ses-20210723_level-04B_run-006,sub-cp012,4,3,True,0.561294992,0.60542716,0.550132968,0.5586427279999999,1,0.60542716,0.04413216799999997
physiological_features,sub-cp012_ses-20210723_level-04B_run-009,sub-cp012,4,3,True,0.537821998,0.585186906,0.5339475539999999,0.567502674,1,0.585186906,0.017684232000000022
physiological_features,sub-cp013_ses-20210319_level-01B_run-001,sub-cp013,2,0,True,0.9325279,0.9411718600000001,0.940072696,0.944645568,3,0.944645568,0.0034737079999999088
physiological_features,sub-cp013_ses-20210319_level-01B_run-007,sub-cp013,2,0,True,0.930974696,0.910603622,0.9202609159999999,0.928013938,0,0.930974696,0.0029607580000000633
physiological_features,sub-cp013_ses-20210319_level-01B_run-012,sub-cp013,2,0,True,0.927095892,0.915775712,0.924157768,0.927510052,3,0.927510052,0.00041416000000005226
physiological_features,sub-cp013_ses-20210319_level-02B_run-003,sub-cp013,2,1,True,0.93343275,0.9117725099999999,0.9219568519999999,0.931431968,0,0.93343275,0.0020007819999999787
physiological_features,sub-cp013_ses-20210319_level-02B_run-008,sub-cp013,2,1,True,0.9169441839999999,0.92714238,0.93150426,0.930539292,2,0.93150426,0.0009649680000000105
physiological_features,sub-cp013_ses-20210319_level-02B_run-010,sub-cp013,2,1,True,0.9154027819999999,0.9234103899999999,0.935888608,0.93664819,3,0.93664819,0.0007595820000000364
physiological_features,sub-cp013_ses-20210319_level-03B_run-002,sub-cp013,2,2,True,0.88234026,0.886884598,0.8792692900000001,0.885777446,1,0.886884598,0.0011071520000000001
physiological_features,sub-cp013_ses-20210319_level-03B_run-005,sub-cp013,2,2,True,0.893220532,0.893463912,0.901942872,0.9049576659999999,3,0.9049576659999999,0.003014793999999932
physiological_features,sub-cp013_ses-20210319_level-03B_run-011,sub-cp013,2,2,True,0.9127364099999999,0.91508298,0.923316558,0.9229515420000001,2,0.923316558,0.0003650159999999403
physiological_features,sub-cp013_ses-20210319_level-04B_run-004,sub-cp013,2,3,True,0.91679644,0.90567455,0.906810984,0.91322403,0,0.91679644,0.0035724100000000814
physiological_features,sub-cp013_ses-20210319_level-04B_run-006,sub-cp013,2,3,True,0.907500768,0.90227322,0.9093958260000001,0.9109789599999999,3,0.9109789599999999,0.001583133999999764
physiological_features,sub-cp013_ses-20210319_level-04B_run-009,sub-cp013,2,3,True,0.909947066,0.887745784,0.899668324,0.904024192,0,0.909947066,0.005922874000000022
physiological_features,sub-cp014_ses-20211112_level-01B_run-001,sub-cp014,3,0,True,0.8233220720000001,0.851411176,0.8335817860000001,0.85657472,3,0.85657472,0.005163543999999964
physiological_features,sub-cp014_ses-20211112_level-01B_run-007,sub-cp014,3,0,True,0.8207382620000001,0.8471664999999999,0.8237079939999999,0.8524834460000001,3,0.8524834460000001,0.005316946000000211
physiological_features,sub-cp014_ses-20211112_level-01B_run-012,sub-cp014,3,0,True,0.822595604,0.834562028,0.8276352539999999,0.856287332,3,0.856287332,0.021725303999999945
physiological_features,sub-cp014_ses-20211112_level-02B_run-003,sub-cp014,3,1,True,0.804680684,0.864675794,0.8396074419999999,0.83512938,1,0.864675794,0.025068352000000127
physiological_features,sub-cp014_ses-20211112_level-02B_run-008,sub-cp014,3,1,True,0.805376874,0.86814002,0.839941404,0.867649926,1,0.86814002,0.0004900939999999965
physiological_features,sub-cp014_ses-20211112_level-02B_run-010,sub-cp014,3,1,True,0.8026918439999999,0.86602806,0.8372764220000001,0.870231062,3,0.870231062,0.004203002000000011
physiological_features,sub-cp014_ses-20211112_level-03B_run-002,sub-cp014,3,2,True,0.783534196,0.829173782,0.8288460819999999,0.840869498,3,0.840869498,0.011695715999999967
physiological_features,sub-cp014_ses-20211112_level-03B_run-005,sub-cp014,3,2,True,0.8104138900000001,0.87307398,0.83701652,0.87147366,1,0.87307398,0.0016003199999999884
physiological_features,sub-cp014_ses-20211112_level-03B_run-011,sub-cp014,3,2,True,0.799410584,0.8655966100000001,0.8461384040000001,0.880775562,3,0.880775562,0.015178951999999857
physiological_features,sub-cp014_ses-20211112_level-04B_run-004,sub-cp014,3,3,True,0.7844409800000001,0.869005052,0.8477243380000001,0.837292124,1,0.869005052,0.021280713999999867
physiological_features,sub-cp014_ses-20211112_level-04B_run-006,sub-cp014,3,3,True,0.7918472019999999,0.865730452,0.8453571419999999,0.86221883,1,0.865730452,0.003511621999999992
physiological_features,sub-cp014_ses-20211112_level-04B_run-009,sub-cp014,3,3,True,0.799687826,0.8489355419999999,0.85123236,0.862805234,3,0.862805234,0.011572873999999955
physiological_features,sub-cp015_ses-20210504_level-01B_run-001,sub-cp015,2,0,True,0.927827332,0.92031814,0.92725826,0.9221488219999999,0,0.927827332,0.0005690720000000038
physiological_features,sub-cp015_ses-20210504_level-01B_run-007,sub-cp015,2,0,True,0.908269752,0.903243492,0.911488654,0.907880244,2,0.911488654,0.003218901999999968
physiological_features,sub-cp015_ses-20210504_level-01B_run-012,sub-cp015,2,0,True,0.8641632340000001,0.86373999,0.8790663860000001,0.872405182,2,0.8790663860000001,0.006661204000000143
physiological_features,sub-cp015_ses-20210504_level-02B_run-003,sub-cp015,2,1,True,0.9345309,0.9440621520000001,0.9389021980000001,0.933461108,1,0.9440621520000001,0.005159954000000022
physiological_features,sub-cp015_ses-20210504_level-02B_run-008,sub-cp015,2,1,True,0.9441774860000001,0.9519636439999999,0.94173285,0.940120434,1,0.9519636439999999,0.007786157999999821
physiological_features,sub-cp015_ses-20210504_level-02B_run-010,sub-cp015,2,1,True,0.94399289,0.9488378839999999,0.9425114280000001,0.9413242,1,0.9488378839999999,0.004844993999999936
physiological_features,sub-cp015_ses-20210504_level-03B_run-002,sub-cp015,2,2,True,0.9341982999999999,0.939102178,0.9362986579999999,0.93253637,1,0.939102178,0.0028035200000000593
physiological_features,sub-cp015_ses-20210504_level-03B_run-005,sub-cp015,2,2,True,0.947761682,0.9639953240000001,0.949980368,0.9488130379999999,1,0.9639953240000001,0.014014956000000134
physiological_features,sub-cp015_ses-20210504_level-03B_run-011,sub-cp015,2,2,True,0.952114256,0.955786644,0.9406220120000001,0.946160044,1,0.955786644,0.0036723880000000264
physiological_features,sub-cp015_ses-20210504_level-04B_run-004,sub-cp015,2,3,True,0.9162936580000001,0.9204034520000001,0.9220847759999999,0.9231912640000001,3,0.9231912640000001,0.0011064880000001276
physiological_features,sub-cp015_ses-20210504_level-04B_run-006,sub-cp015,2,3,True,0.93070647,0.95081486,0.943120746,0.951352312,3,0.951352312,0.0005374519999999938
physiological_features,sub-cp015_ses-20210504_level-04B_run-009,sub-cp015,2,3,True,0.9342249380000001,0.93585481,0.930866824,0.932858914,1,0.93585481,0.0016298719999999767
physiological_features,sub-cp016_ses-20210528_level-01B_run-001,sub-cp016,1,0,True,0.940392532,0.929692434,0.9219854,0.9169395640000001,0,0.940392532,0.010700097999999936
physiological_features,sub-cp016_ses-20210528_level-01B_run-007,sub-cp016,1,0,True,0.900501974,0.919570884,0.9020033919999999,0.92297262,3,0.92297262,0.003401736000000044
physiological_features,sub-cp016_ses-20210528_level-01B_run-012,sub-cp016,1,0,True,0.93288788,0.914605634,0.9078700239999999,0.919707052,0,0.93288788,0.013180827999999978
physiological_features,sub-cp016_ses-20210528_level-02B_run-003,sub-cp016,1,1,True,0.92243575,0.9337071079999999,0.9237107019999999,0.93268039,1,0.9337071079999999,0.001026717999999871
physiological_features,sub-cp016_ses-20210528_level-02B_run-008,sub-cp016,1,1,True,0.874053762,0.91000408,0.894369888,0.8874618999999999,1,0.91000408,0.015634192000000047
physiological_features,sub-cp016_ses-20210528_level-02B_run-010,sub-cp016,1,1,True,0.9140924800000001,0.9257039260000001,0.9251291460000001,0.9205216039999999,1,0.9257039260000001,0.000574779999999997
physiological_features,sub-cp016_ses-20210528_level-03B_run-002,sub-cp016,1,2,True,0.9064775879999999,0.93425636,0.941011846,0.93953854,2,0.941011846,0.001473305999999952
physiological_features,sub-cp016_ses-20210528_level-03B_run-005,sub-cp016,1,2,True,0.9146237640000001,0.949047638,0.9416446199999999,0.93034432,1,0.949047638,0.0074030180000000945
physiological_features,sub-cp016_ses-20210528_level-03B_run-011,sub-cp016,1,2,True,0.907134202,0.927553254,0.92224532,0.9261113599999999,1,0.927553254,0.0014418940000000546
physiological_features,sub-cp016_ses-20210528_level-04B_run-004,sub-cp016,1,3,True,0.922641664,0.9296531699999999,0.9183319539999999,0.9330782980000001,3,0.9330782980000001,0.003425128000000166
physiological_features,sub-cp016_ses-20210528_level-04B_run-006,sub-cp016,1,3,True,0.913993202,0.9091355059999999,0.8986981079999999,0.917060618,3,0.917060618,0.003067416000000045
physiological_features,sub-cp016_ses-20210528_level-04B_run-009,sub-cp016,1,3,True,0.923598286,0.900731618,0.892752862,0.916944354,0,0.923598286,0.0066539320000000846
physiological_features,sub-cp017_ses-20210521_level-01B_run-001,sub-cp017,5,0,True,0.918226666,0.923113584,0.9262298899999999,0.9336346719999999,3,0.9336346719999999,0.007404782000000054
physiological_features,sub-cp017_ses-20210521_level-01B_run-007,sub-cp017,5,0,True,0.91810024,0.9080560999999999,0.918062584,0.92726947,3,0.92726947,0.009169230000000028
physiological_features,sub-cp017_ses-20210521_level-01B_run-012,sub-cp017,5,0,True,0.8702079359999999,0.8444009899999999,0.868297978,0.858491968,0,0.8702079359999999,0.0019099579999999339
physiological_features,sub-cp017_ses-20210521_level-02B_run-003,sub-cp017,5,1,True,0.906210864,0.900790872,0.8950722000000001,0.897699724,0,0.906210864,0.005419991999999985
physiological_features,sub-cp017_ses-20210521_level-02B_run-008,sub-cp017,5,1,True,0.9022504259999999,0.8986181780000001,0.898509226,0.902137804,0,0.9022504259999999,0.00011262199999995115
physiological_features,sub-cp017_ses-20210521_level-02B_run-010,sub-cp017,5,1,True,0.896063414,0.873300242,0.89217656,0.889154738,0,0.896063414,0.003886853999999995
physiological_features,sub-cp017_ses-20210521_level-03B_run-002,sub-cp017,5,2,True,0.9035705740000001,0.89841666,0.906399028,0.911006212,3,0.911006212,0.004607183999999931
physiological_features,sub-cp017_ses-20210521_level-03B_run-005,sub-cp017,5,2,True,0.873042632,0.867207848,0.88159293,0.8661449019999999,2,0.88159293,0.008550298000000067
physiological_features,sub-cp017_ses-20210521_level-03B_run-011,sub-cp017,5,2,True,0.927429446,0.9137796460000001,0.927282934,0.939841068,3,0.939841068,0.012411622000000011
physiological_features,sub-cp017_ses-20210521_level-04B_run-004,sub-cp017,5,3,True,0.914747596,0.9184133899999999,0.922230596,0.924614852,3,0.924614852,0.002384256000000029
physiological_features,sub-cp017_ses-20210521_level-04B_run-006,sub-cp017,5,3,True,0.921508272,0.91808819,0.9266192480000001,0.9324496200000001,3,0.9324496200000001,0.005830372000000028
physiological_features,sub-cp017_ses-20210521_level-04B_run-009,sub-cp017,5,3,True,0.889542026,0.8585053300000001,0.8958141239999999,0.8708918520000001,2,0.8958141239999999,0.006272097999999948
physiological_features,sub-cp018_ses-20210709_level-01B_run-001,sub-cp018,4,0,True,0.558149478,0.56424276,0.536842852,0.560591426,1,0.56424276,0.0036513339999999506
physiological_features,sub-cp018_ses-20210709_level-01B_run-007,sub-cp018,4,0,True,0.510335234,0.44396903600000004,0.45206376600000003,0.430119112,0,0.510335234,0.05827146799999999
physiological_features,sub-cp018_ses-20210709_level-01B_run-012,sub-cp018,4,0,True,0.565555228,0.6054670339999999,0.553981438,0.561055706,1,0.6054670339999999,0.03991180599999988
physiological_features,sub-cp018_ses-20210709_level-02B_run-003,sub-cp018,4,1,True,0.502574608,0.45915919,0.44747518199999997,0.421276634,0,0.502574608,0.04341541799999998
physiological_features,sub-cp018_ses-20210709_level-02B_run-008,sub-cp018,4,1,True,0.4975878959999999,0.57749818,0.522929774,0.550803822,1,0.57749818,0.026694357999999974
physiological_features,sub-cp018_ses-20210709_level-02B_run-010,sub-cp018,4,1,True,0.545632636,0.5876489680000001,0.5542001240000001,0.55973144,1,0.5876489680000001,0.027917528000000136
physiological_features,sub-cp018_ses-20210709_level-03B_run-002,sub-cp018,4,2,True,0.521640596,0.48121022399999996,0.51830256,0.48448032999999996,0,0.521640596,0.003338036000000044
physiological_features,sub-cp018_ses-20210709_level-03B_run-005,sub-cp018,4,2,True,0.5655205540000001,0.551608638,0.5301215100000001,0.522187394,0,0.5655205540000001,0.01391191600000008
physiological_features,sub-cp018_ses-20210709_level-03B_run-011,sub-cp018,4,2,True,0.5125836340000001,0.539224412,0.549154686,0.53455861,2,0.549154686,0.009930273999999906
physiological_features,sub-cp018_ses-20210709_level-04B_run-004,sub-cp018,4,3,True,0.50544121,0.450143034,0.45783474599999996,0.427542628,0,0.50544121,0.047606464000000015
physiological_features,sub-cp018_ses-20210709_level-04B_run-006,sub-cp018,4,3,True,0.4989875,0.44861474599999995,0.450162264,0.415064502,0,0.4989875,0.048825235999999994
physiological_features,sub-cp018_ses-20210709_level-04B_run-009,sub-cp018,4,3,True,0.5482577940000001,0.54899315,0.551889864,0.5660986880000001,3,0.5660986880000001,0.01420882400000012
physiological_features,sub-cp019_ses-20210625_level-01B_run-001,sub-cp019,3,0,True,0.7883291299999999,0.8128149459999999,0.804787388,0.800287722,1,0.8128149459999999,0.00802755799999988
physiological_features,sub-cp019_ses-20210625_level-01B_run-007,sub-cp019,3,0,True,0.794231216,0.863584182,0.8583410600000001,0.85891183,1,0.863584182,0.004672351999999935
physiological_features,sub-cp019_ses-20210625_level-01B_run-012,sub-cp019,3,0,True,0.80721045,0.85591546,0.8486071199999999,0.857751882,3,0.857751882,0.0018364220000000042
physiological_features,sub-cp019_ses-20210625_level-02B_run-003,sub-cp019,3,1,True,0.771263782,0.7548634059999999,0.8066843880000001,0.7976525640000001,2,0.8066843880000001,0.009031824000000022
physiological_features,sub-cp019_ses-20210625_level-02B_run-008,sub-cp019,3,1,True,0.7754549040000001,0.786914828,0.790475314,0.775866382,2,0.790475314,0.0035604860000000293
physiological_features,sub-cp019_ses-20210625_level-02B_run-010,sub-cp019,3,1,True,0.825230944,0.82917673,0.84250548,0.836317676,2,0.84250548,0.0061878040000000745
physiological_features,sub-cp019_ses-20210625_level-03B_run-002,sub-cp019,3,2,True,0.812472412,0.8063345160000001,0.85188354,0.8338257139999999,2,0.85188354,0.018057826000000055
physiological_features,sub-cp019_ses-20210625_level-03B_run-005,sub-cp019,3,2,True,0.80184162,0.8341466180000001,0.8608794120000001,0.8544348060000001,2,0.8608794120000001,0.006444605999999964
physiological_features,sub-cp019_ses-20210625_level-03B_run-011,sub-cp019,3,2,True,0.832408308,0.8214958920000001,0.8312067519999999,0.8390440939999999,3,0.8390440939999999,0.006635785999999921
physiological_features,sub-cp019_ses-20210625_level-04B_run-004,sub-cp019,3,3,True,0.796292008,0.8404399,0.8555088639999999,0.864987738,3,0.864987738,0.009478874000000026
physiological_features,sub-cp019_ses-20210625_level-04B_run-006,sub-cp019,3,3,True,0.799288694,0.862170692,0.8505670860000001,0.86486248,3,0.86486248,0.0026917880000000283
physiological_features,sub-cp019_ses-20210625_level-04B_run-009,sub-cp019,3,3,True,0.794345126,0.847613728,0.845809618,0.8704536199999999,3,0.8704536199999999,0.022839891999999917
physiological_features,sub-cp020_ses-20210604_level-01B_run-001,sub-cp020,2,0,True,0.949115134,0.96055588,0.9454600299999999,0.947538376,1,0.96055588,0.011440746000000002
physiological_features,sub-cp020_ses-20210604_level-01B_run-007,sub-cp020,2,0,True,0.912568186,0.91643181,0.930703568,0.9206612100000001,2,0.930703568,0.010042357999999862
physiological_features,sub-cp020_ses-20210604_level-01B_run-012,sub-cp020,2,0,True,0.895596454,0.8949637899999999,0.907428272,0.89816629,2,0.907428272,0.009261981999999946
physiological_features,sub-cp020_ses-20210604_level-02B_run-003,sub-cp020,2,1,True,0.932295266,0.9464610419999999,0.9457688839999999,0.94149526,1,0.9464610419999999,0.0006921579999999983
physiological_features,sub-cp020_ses-20210604_level-02B_run-008,sub-cp020,2,1,True,0.9347295360000001,0.9585384680000001,0.952351502,0.9511718800000001,1,0.9585384680000001,0.006186966000000127
physiological_features,sub-cp020_ses-20210604_level-02B_run-010,sub-cp020,2,1,True,0.879618944,0.881932742,0.889927092,0.879429972,2,0.889927092,0.007994349999999928
physiological_features,sub-cp020_ses-20210604_level-03B_run-002,sub-cp020,2,2,True,0.9029553399999999,0.90197688,0.89803259,0.9067942,3,0.9067942,0.0038388600000001105
physiological_features,sub-cp020_ses-20210604_level-03B_run-005,sub-cp020,2,2,True,0.937567954,0.947420252,0.9444197839999999,0.94476436,1,0.947420252,0.0026558920000000485
physiological_features,sub-cp020_ses-20210604_level-03B_run-011,sub-cp020,2,2,True,0.9301147439999999,0.94934762,0.951929246,0.9455086680000001,2,0.951929246,0.0025816260000000035
physiological_features,sub-cp020_ses-20210604_level-04B_run-004,sub-cp020,2,3,True,0.934582436,0.945050342,0.9412276160000002,0.9514710000000001,3,0.9514710000000001,0.0064206580000000235
physiological_features,sub-cp020_ses-20210604_level-04B_run-006,sub-cp020,2,3,True,0.9453190320000001,0.94907126,0.9422962079999999,0.9517606000000001,3,0.9517606000000001,0.0026893400000000955
physiological_features,sub-cp020_ses-20210604_level-04B_run-009,sub-cp020,2,3,True,0.9193837800000001,0.92969597,0.93623791,0.937764636,3,0.937764636,0.0015267260000000338
physiological_features,sub-cp022_ses-20210621_level-01B_run-001,sub-cp022,5,0,True,0.8914362280000001,0.9020015320000001,0.89952732,0.8970256539999999,1,0.9020015320000001,0.0024742120000000867
physiological_features,sub-cp022_ses-20210621_level-01B_run-007,sub-cp022,5,0,True,0.8884085479999999,0.89133618,0.8915719120000001,0.897727848,3,0.897727848,0.006155935999999973
physiological_features,sub-cp022_ses-20210621_level-01B_run-012,sub-cp022,5,0,True,0.899402272,0.895655022,0.8963111680000001,0.91046554,3,0.91046554,0.011063268000000015
physiological_features,sub-cp022_ses-20210621_level-02B_run-003,sub-cp022,5,1,True,0.9189731160000001,0.898155776,0.898273964,0.9045366680000001,0,0.9189731160000001,0.01443644799999999
physiological_features,sub-cp022_ses-20210621_level-02B_run-008,sub-cp022,5,1,True,0.872294296,0.878782116,0.873991148,0.8736561,1,0.878782116,0.0047909680000000066
physiological_features,sub-cp022_ses-20210621_level-02B_run-010,sub-cp022,5,1,True,0.912970866,0.901586874,0.911202192,0.9174510760000001,3,0.9174510760000001,0.0044802100000000955
physiological_features,sub-cp022_ses-20210621_level-03B_run-002,sub-cp022,5,2,True,0.9074545159999999,0.9041263300000001,0.8999197840000001,0.9151815360000001,3,0.9151815360000001,0.00772702000000014
physiological_features,sub-cp022_ses-20210621_level-03B_run-005,sub-cp022,5,2,True,0.8996796400000001,0.8979808739999999,0.888380892,0.9033934779999999,3,0.9033934779999999,0.003713837999999803
physiological_features,sub-cp022_ses-20210621_level-03B_run-011,sub-cp022,5,2,True,0.87519812,0.8803411560000001,0.867344924,0.890646804,3,0.890646804,0.01030564799999989
physiological_features,sub-cp022_ses-20210621_level-04B_run-004,sub-cp022,5,3,True,0.905470712,0.90882559,0.909423776,0.912678002,3,0.912678002,0.0032542260000000267
physiological_features,sub-cp022_ses-20210621_level-04B_run-006,sub-cp022,5,3,True,0.904572856,0.90263308,0.9060494739999999,0.9148166420000001,3,0.9148166420000001,0.008767168000000214
physiological_features,sub-cp022_ses-20210621_level-04B_run-009,sub-cp022,5,3,True,0.882248662,0.8892354140000001,0.89074732,0.895271628,3,0.895271628,0.004524308000000032
physiological_features,sub-cp023_ses-20210628_level-01B_run-001,sub-cp023,3,0,True,0.793817154,0.842377748,0.836950766,0.839333588,1,0.842377748,0.0030441599999999625
physiological_features,sub-cp023_ses-20210628_level-01B_run-007,sub-cp023,3,0,True,0.805842878,0.8626429119999999,0.847260948,0.8626150280000001,1,0.8626429119999999,2.7883999999755993e-05
physiological_features,sub-cp023_ses-20210628_level-01B_run-012,sub-cp023,3,0,True,0.82044686,0.839370108,0.830565086,0.86919878,3,0.86919878,0.029828671999999945
physiological_features,sub-cp023_ses-20210628_level-02B_run-003,sub-cp023,3,1,True,0.7931302899999999,0.874548648,0.850979804,0.8589739639999999,1,0.874548648,0.01557468400000006
physiological_features,sub-cp023_ses-20210628_level-02B_run-008,sub-cp023,3,1,True,0.789699912,0.872875312,0.8558794000000001,0.8637883219999999,1,0.872875312,0.009086990000000128
physiological_features,sub-cp023_ses-20210628_level-02B_run-010,sub-cp023,3,1,True,0.7904543119999999,0.84080482,0.855194328,0.854090906,2,0.855194328,0.0011034219999999095
physiological_features,sub-cp023_ses-20210628_level-03B_run-002,sub-cp023,3,2,True,0.793306984,0.866621228,0.8646186419999999,0.866160968,1,0.866621228,0.0004602599999999901
physiological_features,sub-cp023_ses-20210628_level-03B_run-005,sub-cp023,3,2,True,0.82308486,0.8552758199999999,0.8247578799999999,0.84092101,1,0.8552758199999999,0.01435480999999994
physiological_features,sub-cp023_ses-20210628_level-03B_run-011,sub-cp023,3,2,True,0.81737426,0.849786072,0.835131492,0.8636591279999999,3,0.8636591279999999,0.013873055999999884
physiological_features,sub-cp023_ses-20210628_level-04B_run-004,sub-cp023,3,3,True,0.7977873019999999,0.86119024,0.8587465099999999,0.8608165360000001,1,0.86119024,0.0003737039999999192
physiological_features,sub-cp023_ses-20210628_level-04B_run-006,sub-cp023,3,3,True,0.819652198,0.8401630219999999,0.834897752,0.8574375740000001,3,0.8574375740000001,0.017274552000000165
physiological_features,sub-cp023_ses-20210628_level-04B_run-009,sub-cp023,3,3,True,0.793634016,0.873887928,0.8616460220000001,0.85990743,1,0.873887928,0.012241905999999969
physiological_features,sub-cp024_ses-20210629_level-01B_run-001,sub-cp024,3,0,True,0.798372276,0.795189998,0.819284152,0.8238275099999999,3,0.8238275099999999,0.004543357999999831
physiological_features,sub-cp024_ses-20210629_level-01B_run-007,sub-cp024,3,0,True,0.7885412,0.833882716,0.82910322,0.826801328,1,0.833882716,0.004779495999999939
physiological_features,sub-cp024_ses-20210629_level-01B_run-012,sub-cp024,3,0,True,0.807175148,0.863603508,0.848995532,0.865079734,3,0.865079734,0.0014762260000000804
physiological_features,sub-cp024_ses-20210629_level-02B_run-003,sub-cp024,3,1,True,0.795389632,0.859121916,0.844498386,0.8643800479999999,3,0.8643800479999999,0.005258131999999915
physiological_features,sub-cp024_ses-20210629_level-02B_run-008,sub-cp024,3,1,True,0.8256692579999999,0.8252945260000001,0.8364647279999999,0.8432098719999999,3,0.8432098719999999,0.006745143999999925
physiological_features,sub-cp024_ses-20210629_level-02B_run-010,sub-cp024,3,1,True,0.791909942,0.874435604,0.8575335839999999,0.856398012,1,0.874435604,0.016902020000000073
physiological_features,sub-cp024_ses-20210629_level-03B_run-002,sub-cp024,3,2,True,0.792749828,0.83640714,0.8414035139999999,0.8277322399999999,2,0.8414035139999999,0.004996373999999859
physiological_features,sub-cp024_ses-20210629_level-03B_run-005,sub-cp024,3,2,True,0.795249026,0.8419925279999999,0.8469619460000001,0.854839382,3,0.854839382,0.007877435999999904
physiological_features,sub-cp024_ses-20210629_level-03B_run-011,sub-cp024,3,2,True,0.81975537,0.8236609859999999,0.833816882,0.833227108,2,0.833816882,0.0005897740000000429
physiological_features,sub-cp024_ses-20210629_level-04B_run-004,sub-cp024,3,3,True,0.8288233720000001,0.8327543399999999,0.8335676519999999,0.848154134,3,0.848154134,0.014586482000000012
physiological_features,sub-cp024_ses-20210629_level-04B_run-006,sub-cp024,3,3,True,0.830462532,0.8309963,0.81911491,0.82599366,1,0.8309963,0.0005337680000000455
physiological_features,sub-cp024_ses-20210629_level-04B_run-009,sub-cp024,3,3,True,0.807520912,0.7974725460000001,0.8181066080000001,0.8334503980000001,3,0.8334503980000001,0.015343789999999968
physiological_features,sub-cp025_ses-20210820_level-01B_run-001,sub-cp025,3,0,True,0.786519628,0.832630372,0.814620058,0.8280741600000001,1,0.832630372,0.004556211999999893
physiological_features,sub-cp025_ses-20210820_level-01B_run-007,sub-cp025,3,0,True,0.81301346,0.82540947,0.818207392,0.8240184660000001,1,0.82540947,0.001391003999999918
physiological_features,sub-cp025_ses-20210820_level-01B_run-012,sub-cp025,3,0,True,0.796652252,0.8622794880000001,0.8364075599999999,0.8453990579999999,1,0.8622794880000001,0.01688043000000017
physiological_features,sub-cp025_ses-20210820_level-02B_run-003,sub-cp025,3,1,True,0.777704196,0.831985814,0.827337752,0.820674734,1,0.831985814,0.004648062000000008
physiological_features,sub-cp025_ses-20210820_level-02B_run-008,sub-cp025,3,1,True,0.791818712,0.8423680360000001,0.831479868,0.83173099,1,0.8423680360000001,0.01063704600000015
physiological_features,sub-cp025_ses-20210820_level-02B_run-010,sub-cp025,3,1,True,0.808455754,0.86451633,0.831486894,0.8415062719999999,1,0.86451633,0.02301005800000011
physiological_features,sub-cp025_ses-20210820_level-03B_run-002,sub-cp025,3,2,True,0.779260908,0.8548161320000001,0.8374041240000001,0.847859226,1,0.8548161320000001,0.006956906000000096
physiological_features,sub-cp025_ses-20210820_level-03B_run-005,sub-cp025,3,2,True,0.778222006,0.861200294,0.859507728,0.847173654,1,0.861200294,0.0016925660000000065
physiological_features,sub-cp025_ses-20210820_level-03B_run-011,sub-cp025,3,2,True,0.791274048,0.84430852,0.846061948,0.8363386399999999,2,0.846061948,0.0017534280000000013
physiological_features,sub-cp025_ses-20210820_level-04B_run-004,sub-cp025,3,3,True,0.787326048,0.8663074820000001,0.836823534,0.8475327,1,0.8663074820000001,0.018774782000000045
physiological_features,sub-cp025_ses-20210820_level-04B_run-006,sub-cp025,3,3,True,0.8031729200000001,0.8446210620000001,0.84252552,0.843070064,1,0.8446210620000001,0.0015509980000001367
physiological_features,sub-cp025_ses-20210820_level-04B_run-009,sub-cp025,3,3,True,0.777050868,0.8333041120000001,0.84129056,0.827112734,2,0.84129056,0.007986447999999924
physiological_features,sub-cp026_ses-20210716_level-01B_run-001,sub-cp026,2,0,True,0.92922156,0.933921542,0.930189612,0.9249309740000001,1,0.933921542,0.003731929999999939
physiological_features,sub-cp026_ses-20210716_level-01B_run-007,sub-cp026,2,0,True,0.92185378,0.92499915,0.925981378,0.92210164,2,0.925981378,0.0009822280000000294
physiological_features,sub-cp026_ses-20210716_level-01B_run-012,sub-cp026,2,0,True,0.9271121680000001,0.9257730439999999,0.923586856,0.922960486,0,0.9271121680000001,0.0013391240000001359
physiological_features,sub-cp026_ses-20210716_level-02B_run-003,sub-cp026,2,1,True,0.9186297339999999,0.9237372240000001,0.9250750919999999,0.9286145319999999,3,0.9286145319999999,0.0035394399999999493
physiological_features,sub-cp026_ses-20210716_level-02B_run-008,sub-cp026,2,1,True,0.9126160320000001,0.923313192,0.9234800099999999,0.91970022,2,0.9234800099999999,0.0001668179999999575
physiological_features,sub-cp026_ses-20210716_level-02B_run-010,sub-cp026,2,1,True,0.9215225520000001,0.930943306,0.926983248,0.9283766800000001,1,0.930943306,0.0025666259999999053
physiological_features,sub-cp026_ses-20210716_level-03B_run-002,sub-cp026,2,2,True,0.92922682,0.940656124,0.949693502,0.95680985,3,0.95680985,0.007116347999999939
physiological_features,sub-cp026_ses-20210716_level-03B_run-005,sub-cp026,2,2,True,0.929222414,0.937466708,0.9416117740000001,0.9429056900000001,3,0.9429056900000001,0.0012939160000000616
physiological_features,sub-cp026_ses-20210716_level-03B_run-011,sub-cp026,2,2,True,0.929955554,0.9297787740000001,0.9296217240000001,0.936432846,3,0.936432846,0.006477292000000023
physiological_features,sub-cp026_ses-20210716_level-04B_run-004,sub-cp026,2,3,True,0.9201973179999999,0.929169992,0.93064195,0.9341861939999999,3,0.9341861939999999,0.003544243999999863
physiological_features,sub-cp026_ses-20210716_level-04B_run-006,sub-cp026,2,3,True,0.9465906759999999,0.9569209940000001,0.952857814,0.95981332,3,0.95981332,0.0028923259999998896
physiological_features,sub-cp026_ses-20210716_level-04B_run-009,sub-cp026,2,3,True,0.925866682,0.9290355979999999,0.92596295,0.933249386,3,0.933249386,0.004213788000000052
physiological_features,sub-cp027_ses-20210722_level-01B_run-001,sub-cp027,1,0,True,0.924148918,0.9198716900000001,0.9105576599999999,0.9170446999999999,0,0.924148918,0.004277227999999855
physiological_features,sub-cp027_ses-20210722_level-01B_run-007,sub-cp027,1,0,True,0.924722382,0.92770969,0.9203380680000001,0.930694218,3,0.930694218,0.002984527999999931
physiological_features,sub-cp027_ses-20210722_level-01B_run-012,sub-cp027,1,0,True,0.923790992,0.93211687,0.926245222,0.93565567,3,0.93565567,0.003538800000000064
physiological_features,sub-cp027_ses-20210722_level-02B_run-003,sub-cp027,1,1,True,0.904039088,0.9326696800000001,0.934495832,0.91839792,2,0.934495832,0.0018261519999999143
physiological_features,sub-cp027_ses-20210722_level-02B_run-008,sub-cp027,1,1,True,0.905366176,0.935329712,0.935619208,0.9190415599999999,2,0.935619208,0.0002894959999999447
physiological_features,sub-cp027_ses-20210722_level-02B_run-010,sub-cp027,1,1,True,0.882567978,0.9108658540000001,0.8952563899999999,0.89850148,1,0.9108658540000001,0.012364374000000122
physiological_features,sub-cp027_ses-20210722_level-03B_run-002,sub-cp027,1,2,True,0.885661976,0.924052438,0.9061304419999999,0.906121956,1,0.924052438,0.017921996000000107
physiological_features,sub-cp027_ses-20210722_level-03B_run-005,sub-cp027,1,2,True,0.91251489,0.9325538160000001,0.9373274200000001,0.909834204,2,0.9373274200000001,0.004773604000000042
physiological_features,sub-cp027_ses-20210722_level-03B_run-011,sub-cp027,1,2,True,0.893089242,0.919327738,0.92022008,0.9251035,3,0.9251035,0.004883419999999972
physiological_features,sub-cp027_ses-20210722_level-04B_run-004,sub-cp027,1,3,True,0.914479618,0.916304212,0.92302382,0.905940706,2,0.92302382,0.0067196080000000435
physiological_features,sub-cp027_ses-20210722_level-04B_run-006,sub-cp027,1,3,True,0.8869471539999999,0.9118445919999999,0.913492372,0.9004418019999999,2,0.913492372,0.0016477800000000986
physiological_features,sub-cp027_ses-20210722_level-04B_run-009,sub-cp027,1,3,True,0.919288788,0.918684628,0.929757374,0.93801803,3,0.93801803,0.008260655999999922
physiological_features,sub-cp028_ses-20211214_level-01B_run-001,sub-cp028,5,0,True,0.876079758,0.8945675100000001,0.891320622,0.8827515619999999,1,0.8945675100000001,0.00324688800000017
physiological_features,sub-cp028_ses-20211214_level-01B_run-007,sub-cp028,5,0,True,0.8357642240000001,0.8119214859999999,0.8118153100000001,0.8184525539999999,0,0.8357642240000001,0.017311670000000112
physiological_features,sub-cp028_ses-20211214_level-01B_run-012,sub-cp028,5,0,True,0.8902365,0.881701494,0.8812979439999999,0.8943697820000001,3,0.8943697820000001,0.004133282000000071
physiological_features,sub-cp028_ses-20211214_level-02B_run-003,sub-cp028,5,1,True,0.8724550499999999,0.85082707,0.8523415160000001,0.8646125579999999,0,0.8724550499999999,0.007842491999999979
physiological_features,sub-cp028_ses-20211214_level-02B_run-008,sub-cp028,5,1,True,0.9069432300000001,0.8828178680000001,0.884207964,0.898877162,0,0.9069432300000001,0.008066068000000093
physiological_features,sub-cp028_ses-20211214_level-02B_run-010,sub-cp028,5,1,True,0.8751961679999999,0.867018492,0.8651494599999999,0.870906866,0,0.8751961679999999,0.004289301999999884
physiological_features,sub-cp028_ses-20211214_level-03B_run-002,sub-cp028,5,2,True,0.8708803679999999,0.8678322700000001,0.863311996,0.874471346,3,0.874471346,0.003590978000000078
physiological_features,sub-cp028_ses-20211214_level-03B_run-005,sub-cp028,5,2,True,0.8772033799999999,0.859213488,0.853371096,0.862247008,0,0.8772033799999999,0.014956371999999885
physiological_features,sub-cp028_ses-20211214_level-03B_run-011,sub-cp028,5,2,True,0.8383102320000001,0.8430801960000001,0.8495347219999999,0.83745422,2,0.8495347219999999,0.0064545259999998494
physiological_features,sub-cp028_ses-20211214_level-04B_run-004,sub-cp028,5,3,True,0.901419486,0.8957180299999999,0.886793798,0.9080990979999999,3,0.9080990979999999,0.00667961199999989
physiological_features,sub-cp028_ses-20211214_level-04B_run-006,sub-cp028,5,3,True,0.8798881460000001,0.864584804,0.86198048,0.87361234,0,0.8798881460000001,0.006275806000000106
physiological_features,sub-cp028_ses-20211214_level-04B_run-009,sub-cp028,5,3,True,0.8912923859999999,0.89191111,0.8917059,0.89551056,3,0.89551056,0.0035994499999999485
physiological_features,sub-cp029_ses-20220119_level-01B_run-001,sub-cp029,4,0,True,0.55083017,0.56593597,0.570713126,0.5506184559999999,2,0.570713126,0.00477715600000006
physiological_features,sub-cp029_ses-20220119_level-01B_run-007,sub-cp029,4,0,True,0.5849194900000001,0.589714234,0.540042038,0.55445705,1,0.589714234,0.004794743999999906
physiological_features,sub-cp029_ses-20220119_level-01B_run-012,sub-cp029,4,0,True,0.58864968,0.55164022,0.541712374,0.5685067659999999,0,0.58864968,0.020142914000000012
physiological_features,sub-cp029_ses-20220119_level-02B_run-003,sub-cp029,4,1,True,0.5289876920000001,0.547932208,0.559104562,0.5675649079999999,3,0.5675649079999999,0.008460345999999896
physiological_features,sub-cp029_ses-20220119_level-02B_run-008,sub-cp029,4,1,True,0.570498046,0.5749654399999999,0.5496580919999999,0.564201398,1,0.5749654399999999,0.004467393999999958
physiological_features,sub-cp029_ses-20220119_level-02B_run-010,sub-cp029,4,1,True,0.5692778620000001,0.568142334,0.557134332,0.57632003,3,0.57632003,0.007042167999999904
physiological_features,sub-cp029_ses-20220119_level-03B_run-002,sub-cp029,4,2,True,0.493180834,0.515975964,0.530696748,0.564860424,3,0.564860424,0.03416367600000003
physiological_features,sub-cp029_ses-20220119_level-03B_run-005,sub-cp029,4,2,True,0.556886982,0.5542128639999999,0.564304962,0.562623302,2,0.564304962,0.0016816600000000292
physiological_features,sub-cp029_ses-20220119_level-03B_run-011,sub-cp029,4,2,True,0.553216612,0.557381158,0.557278346,0.5737400060000001,3,0.5737400060000001,0.016358848000000092
physiological_features,sub-cp029_ses-20220119_level-04B_run-004,sub-cp029,4,3,True,0.5297807179999999,0.51033985,0.5429450499999999,0.574884262,3,0.574884262,0.03193921200000005
physiological_features,sub-cp029_ses-20220119_level-04B_run-006,sub-cp029,4,3,True,0.582968476,0.560910302,0.54109237,0.5686070599999999,0,0.582968476,0.014361416000000071
physiological_features,sub-cp029_ses-20220119_level-04B_run-009,sub-cp029,4,3,True,0.516067036,0.542014744,0.51726154,0.5988238260000001,3,0.5988238260000001,0.05680908200000001
physiological_features,sub-cp030_ses-20211025_level-01B_run-001,sub-cp030,5,0,True,0.8813070780000001,0.868097212,0.879882686,0.893806662,3,0.893806662,0.012499583999999953
physiological_features,sub-cp030_ses-20211025_level-01B_run-007,sub-cp030,5,0,True,0.88976778,0.8787664,0.886473062,0.9043727699999999,3,0.9043727699999999,0.014604989999999929
physiological_features,sub-cp030_ses-20211025_level-01B_run-012,sub-cp030,5,0,True,0.94153124,0.9287124560000001,0.9408375899999999,0.925213486,0,0.94153124,0.0006936500000001011
physiological_features,sub-cp030_ses-20211025_level-02B_run-003,sub-cp030,5,1,True,0.8798340119999999,0.8824204959999999,0.873388666,0.8723201960000001,1,0.8824204959999999,0.0025864840000000555
physiological_features,sub-cp030_ses-20211025_level-02B_run-008,sub-cp030,5,1,True,0.9181465899999999,0.9111180320000001,0.924120798,0.928386828,3,0.928386828,0.004266030000000032
physiological_features,sub-cp030_ses-20211025_level-02B_run-010,sub-cp030,5,1,True,0.916378154,0.906246312,0.9212724399999999,0.929089602,3,0.929089602,0.007817162000000155
physiological_features,sub-cp030_ses-20211025_level-03B_run-002,sub-cp030,5,2,True,0.911209,0.89853419,0.91509401,0.919802972,3,0.919802972,0.004708962000000039
physiological_features,sub-cp030_ses-20211025_level-03B_run-011,sub-cp030,5,2,True,0.9238546400000001,0.909458424,0.9247878760000001,0.928081444,3,0.928081444,0.0032935679999999135
physiological_features,sub-cp030_ses-20211025_level-04B_run-004,sub-cp030,5,3,True,0.8917680000000001,0.8873258719999999,0.8892107380000001,0.889624818,0,0.8917680000000001,0.0021431820000000767
physiological_features,sub-cp030_ses-20211025_level-04B_run-006,sub-cp030,5,3,True,0.901497064,0.8909358300000001,0.9014168680000001,0.9106201540000001,3,0.9106201540000001,0.009123090000000111
physiological_features,sub-cp030_ses-20211025_level-04B_run-009,sub-cp030,5,3,True,0.8967196599999999,0.9025160700000001,0.9065774299999999,0.91142056,3,0.91142056,0.00484313000000014
physiological_features,sub-cp031_ses-20211216_level-01B_run-001,sub-cp031,2,0,True,0.907808534,0.91403206,0.93395257,0.931516118,2,0.93395257,0.002436451999999978
physiological_features,sub-cp031_ses-20211216_level-01B_run-007,sub-cp031,2,0,True,0.9227058360000001,0.9316698320000001,0.93015264,0.9340472280000001,3,0.9340472280000001,0.002377395999999976
physiological_features,sub-cp031_ses-20211216_level-02B_run-003,sub-cp031,2,1,True,0.9268559599999999,0.93760639,0.947974862,0.9412830299999999,2,0.947974862,0.00669183200000012
physiological_features,sub-cp031_ses-20211216_level-02B_run-008,sub-cp031,2,1,True,0.9251553900000001,0.94973459,0.943138372,0.931481436,1,0.94973459,0.006596218000000098
physiological_features,sub-cp031_ses-20211216_level-02B_run-010,sub-cp031,2,1,True,0.947741564,0.9612647299999999,0.951119746,0.9505024539999999,1,0.9612647299999999,0.010144983999999857
physiological_features,sub-cp031_ses-20211216_level-02B_run-012,sub-cp031,2,1,True,0.8995817,0.9043431820000001,0.907189858,0.8989240300000001,2,0.907189858,0.0028466759999998814
physiological_features,sub-cp031_ses-20211216_level-03B_run-002,sub-cp031,2,2,True,0.92667015,0.945262254,0.943457882,0.936060648,1,0.945262254,0.001804371999999943
physiological_features,sub-cp031_ses-20211216_level-03B_run-005,sub-cp031,2,2,True,0.9147809880000001,0.919114618,0.9257126299999999,0.9251368080000001,2,0.9257126299999999,0.0005758219999998371
physiological_features,sub-cp031_ses-20211216_level-03B_run-011,sub-cp031,2,2,True,0.9233337699999999,0.936256288,0.931593256,0.92923164,1,0.936256288,0.004663032000000067
physiological_features,sub-cp031_ses-20211216_level-04B_run-004,sub-cp031,2,3,True,0.9288588799999999,0.93913589,0.9479150519999999,0.9476327440000001,2,0.9479150519999999,0.00028230799999984235
physiological_features,sub-cp031_ses-20211216_level-04B_run-006,sub-cp031,2,3,True,0.9154480899999999,0.914736796,0.9122363200000001,0.9077824339999999,0,0.9154480899999999,0.0007112939999999179
physiological_features,sub-cp031_ses-20211216_level-04B_run-009,sub-cp031,2,3,True,0.938804606,0.9544159539999999,0.946083818,0.94131129,1,0.9544159539999999,0.008332135999999934
physiological_features,sub-cp032_ses-20211105_level-01B_run-001,sub-cp032,5,0,True,0.927111436,0.9232116140000001,0.9204652,0.91112026,0,0.927111436,0.0038998219999999417
physiological_features,sub-cp032_ses-20211105_level-01B_run-007,sub-cp032,5,0,True,0.9193289499999999,0.9126675819999999,0.9234879420000001,0.9123770560000001,2,0.9234879420000001,0.004158992000000139
physiological_features,sub-cp032_ses-20211105_level-01B_run-012,sub-cp032,5,0,True,0.9067349840000001,0.90917598,0.913644076,0.911922608,2,0.913644076,0.0017214679999999483
physiological_features,sub-cp032_ses-20211105_level-02B_run-003,sub-cp032,5,1,True,0.912350244,0.91790658,0.9187852,0.9030872679999999,2,0.9187852,0.0008786199999999411
physiological_features,sub-cp032_ses-20211105_level-02B_run-008,sub-cp032,5,1,True,0.915771756,0.9180028,0.9183370399999999,0.9065156419999999,2,0.9183370399999999,0.00033423999999993015
physiological_features,sub-cp032_ses-20211105_level-02B_run-010,sub-cp032,5,1,True,0.923200548,0.923835764,0.9344025300000001,0.92752952,2,0.9344025300000001,0.006873010000000068
physiological_features,sub-cp032_ses-20211105_level-03B_run-002,sub-cp032,5,2,True,0.910696446,0.913704428,0.9130351300000001,0.906637524,1,0.913704428,0.0006692979999998183
physiological_features,sub-cp032_ses-20211105_level-03B_run-005,sub-cp032,5,2,True,0.9293127560000001,0.9250781700000001,0.92750456,0.924428116,0,0.9293127560000001,0.0018081960000000397
physiological_features,sub-cp032_ses-20211105_level-03B_run-011,sub-cp032,5,2,True,0.9116098300000001,0.920332628,0.916772482,0.9056319399999999,1,0.920332628,0.0035601459999999863
physiological_features,sub-cp032_ses-20211105_level-04B_run-004,sub-cp032,5,3,True,0.91733738,0.910188812,0.926820934,0.9308743180000001,3,0.9308743180000001,0.004053384000000104
physiological_features,sub-cp032_ses-20211105_level-04B_run-006,sub-cp032,5,3,True,0.901731388,0.9058480379999999,0.90230464,0.9125621020000001,3,0.9125621020000001,0.006714064000000186
physiological_features,sub-cp032_ses-20211105_level-04B_run-009,sub-cp032,5,3,True,0.9136496080000001,0.8964348000000001,0.91516558,0.899335242,2,0.91516558,0.0015159719999999766
physiological_features,sub-cp033_ses-20211215_level-01B_run-001,sub-cp033,1,0,True,0.9058457820000001,0.934256912,0.934583168,0.920407268,2,0.934583168,0.0003262559999999137
physiological_features,sub-cp033_ses-20211215_level-01B_run-007,sub-cp033,1,0,True,0.915700178,0.924203776,0.90549098,0.931136624,3,0.931136624,0.006932847999999936
physiological_features,sub-cp033_ses-20211215_level-01B_run-012,sub-cp033,1,0,True,0.933786016,0.907493232,0.9020355280000001,0.9191347220000001,0,0.933786016,0.01465129399999987
physiological_features,sub-cp033_ses-20211215_level-02B_run-003,sub-cp033,1,1,True,0.9131483960000001,0.934849668,0.9441457160000001,0.9167247780000001,2,0.9441457160000001,0.009296048000000057
physiological_features,sub-cp033_ses-20211215_level-02B_run-008,sub-cp033,1,1,True,0.918524272,0.93797282,0.92001475,0.929114166,1,0.93797282,0.008858654000000077
physiological_features,sub-cp033_ses-20211215_level-02B_run-010,sub-cp033,1,1,True,0.900359108,0.910589384,0.898915826,0.911102914,3,0.911102914,0.0005135299999999843
physiological_features,sub-cp033_ses-20211215_level-03B_run-002,sub-cp033,1,2,True,0.88941906,0.9171356239999999,0.932873052,0.930563402,2,0.932873052,0.002309650000000052
physiological_features,sub-cp033_ses-20211215_level-03B_run-005,sub-cp033,1,2,True,0.8957155760000001,0.9223353440000001,0.9377129180000001,0.909811432,2,0.9377129180000001,0.01537757400000006
physiological_features,sub-cp033_ses-20211215_level-03B_run-011,sub-cp033,1,2,True,0.93348435,0.924057984,0.916082368,0.937015086,3,0.937015086,0.00353073600000009
physiological_features,sub-cp033_ses-20211215_level-04B_run-004,sub-cp033,1,3,True,0.9335250719999999,0.9341119539999999,0.929935678,0.928010008,1,0.9341119539999999,0.0005868820000000108
physiological_features,sub-cp033_ses-20211215_level-04B_run-006,sub-cp033,1,3,True,0.9023739120000001,0.91952158,0.898028916,0.913487368,1,0.91952158,0.006034211999999983
physiological_features,sub-cp033_ses-20211215_level-04B_run-009,sub-cp033,1,3,True,0.9241220240000001,0.9383237259999999,0.9180322000000001,0.93427439,1,0.9383237259999999,0.0040493359999999035
physiological_features,sub-cp035_ses-20220125_level-01B_run-001,sub-cp035,5,0,True,0.913253496,0.9226192879999999,0.916316404,0.9042782600000001,1,0.9226192879999999,0.006302883999999898
physiological_features,sub-cp035_ses-20220125_level-01B_run-007,sub-cp035,5,0,True,0.915760172,0.919797844,0.915984756,0.905263866,1,0.919797844,0.00381308800000002
physiological_features,sub-cp035_ses-20220125_level-01B_run-012,sub-cp035,5,0,True,0.915432936,0.9165962499999999,0.9056836300000001,0.8901556380000001,1,0.9165962499999999,0.0011633139999999154
physiological_features,sub-cp035_ses-20220125_level-02B_run-003,sub-cp035,5,1,True,0.918522106,0.921206072,0.925900468,0.91691088,2,0.925900468,0.00469439599999999
physiological_features,sub-cp035_ses-20220125_level-02B_run-008,sub-cp035,5,1,True,0.9257276219999999,0.92176551,0.9266035479999999,0.9177247359999999,2,0.9266035479999999,0.0008759259999999713
physiological_features,sub-cp035_ses-20220125_level-02B_run-010,sub-cp035,5,1,True,0.908887504,0.9014918460000001,0.9155380579999999,0.914523556,2,0.9155380579999999,0.0010145019999998617
physiological_features,sub-cp035_ses-20220125_level-03B_run-002,sub-cp035,5,2,True,0.900977166,0.8976220639999999,0.8914026639999999,0.902996176,3,0.902996176,0.0020190100000000433
physiological_features,sub-cp035_ses-20220125_level-03B_run-005,sub-cp035,5,2,True,0.921971692,0.915386292,0.922481958,0.9153398060000001,2,0.922481958,0.000510266000000037
physiological_features,sub-cp035_ses-20220125_level-03B_run-011,sub-cp035,5,2,True,0.900715952,0.9046522080000001,0.905667044,0.904361786,2,0.905667044,0.0010148359999998524
physiological_features,sub-cp035_ses-20220125_level-04B_run-004,sub-cp035,5,3,True,0.9184243280000001,0.9183332460000001,0.929458498,0.9273559,2,0.929458498,0.002102598000000011
physiological_features,sub-cp035_ses-20220125_level-04B_run-006,sub-cp035,5,3,True,0.913950914,0.914512606,0.92938794,0.9199618879999999,2,0.92938794,0.009426052000000129
physiological_features,sub-cp035_ses-20220125_level-04B_run-009,sub-cp035,5,3,True,0.9078368619999999,0.904799858,0.8982055580000001,0.895038696,0,0.9078368619999999,0.0030370039999999543
physiological_features,sub-cp036_ses-20211218_level-01B_run-001,sub-cp036,4,0,True,0.52262962,0.5025734359999999,0.5500830480000001,0.570300662,3,0.570300662,0.020217613999999884
physiological_features,sub-cp036_ses-20211218_level-01B_run-007,sub-cp036,4,0,True,0.47538380199999997,0.496178702,0.46773710199999996,0.45247352999999996,1,0.496178702,0.02079490000000006
physiological_features,sub-cp036_ses-20211218_level-01B_run-012,sub-cp036,4,0,True,0.48689677600000003,0.5009887239999999,0.46421514799999997,0.497128426,1,0.5009887239999999,0.0038602979999999287
physiological_features,sub-cp036_ses-20211218_level-02B_run-003,sub-cp036,4,1,True,0.507288536,0.505682982,0.516744474,0.561200978,3,0.561200978,0.04445650400000001
physiological_features,sub-cp036_ses-20211218_level-02B_run-008,sub-cp036,4,1,True,0.473485564,0.49727797799999995,0.449830826,0.45991187,1,0.49727797799999995,0.02379241399999993
physiological_features,sub-cp036_ses-20211218_level-02B_run-010,sub-cp036,4,1,True,0.488690348,0.481672618,0.43055802200000004,0.43874910400000006,0,0.488690348,0.00701773
physiological_features,sub-cp036_ses-20211218_level-03B_run-002,sub-cp036,4,2,True,0.49353929799999996,0.503524118,0.49775481599999993,0.519117324,3,0.519117324,0.015593206000000026
physiological_features,sub-cp036_ses-20211218_level-03B_run-005,sub-cp036,4,2,True,0.47966650599999994,0.505705578,0.490405144,0.505300952,1,0.505705578,0.000404626000000019
physiological_features,sub-cp036_ses-20211218_level-03B_run-011,sub-cp036,4,2,True,0.492128914,0.5004881579999999,0.457215902,0.48720845599999996,1,0.5004881579999999,0.008359243999999932
physiological_features,sub-cp036_ses-20211218_level-04B_run-004,sub-cp036,4,3,True,0.491141718,0.5103450439999999,0.48388529199999997,0.523100852,3,0.523100852,0.01275580800000009
physiological_features,sub-cp036_ses-20211218_level-04B_run-006,sub-cp036,4,3,True,0.493507614,0.47778248999999995,0.496807506,0.514670882,3,0.514670882,0.017863375999999986
physiological_features,sub-cp036_ses-20211218_level-04B_run-009,sub-cp036,4,3,True,0.5018105800000001,0.47725853,0.470599914,0.507105904,3,0.507105904,0.005295323999999879
physiological_features,sub-cp037_ses-20210113_level-01B_run-001,sub-cp037,3,0,True,0.8294412640000001,0.8121633320000001,0.826307068,0.832147072,3,0.832147072,0.0027058079999999762
physiological_features,sub-cp037_ses-20210113_level-01B_run-007,sub-cp037,3,0,True,0.8188708800000001,0.857563578,0.8330423180000001,0.868789108,3,0.868789108,0.011225529999999928
physiological_features,sub-cp037_ses-20210113_level-01B_run-012,sub-cp037,3,0,True,0.8196186539999999,0.858192134,0.834515992,0.854635472,1,0.858192134,0.0035566620000000437
physiological_features,sub-cp037_ses-20210113_level-02B_run-003,sub-cp037,3,1,True,0.81850807,0.8160420399999999,0.8302406120000001,0.831984166,3,0.831984166,0.001743553999999925
physiological_features,sub-cp037_ses-20210113_level-02B_run-008,sub-cp037,3,1,True,0.7805101459999999,0.83805251,0.8506475800000001,0.8507008299999999,3,0.8507008299999999,5.324999999978264e-05
physiological_features,sub-cp037_ses-20210113_level-02B_run-010,sub-cp037,3,1,True,0.801094142,0.8430047220000001,0.8470466739999999,0.8510376980000001,3,0.8510376980000001,0.003991024000000176
physiological_features,sub-cp037_ses-20210113_level-03B_run-002,sub-cp037,3,2,True,0.79130693,0.8194658880000001,0.8383602440000001,0.8450244960000001,3,0.8450244960000001,0.006664251999999982
physiological_features,sub-cp037_ses-20210113_level-03B_run-005,sub-cp037,3,2,True,0.833342738,0.8181958699999999,0.825426648,0.824148832,0,0.833342738,0.007916090000000042
physiological_features,sub-cp037_ses-20210113_level-03B_run-011,sub-cp037,3,2,True,0.79737422,0.8477790940000001,0.8484552300000001,0.8633348999999999,3,0.8633348999999999,0.01487966999999979
physiological_features,sub-cp037_ses-20210113_level-04B_run-004,sub-cp037,3,3,True,0.794934628,0.827319024,0.849406994,0.8406786860000001,2,0.849406994,0.008728307999999907
physiological_features,sub-cp037_ses-20210113_level-04B_run-006,sub-cp037,3,3,True,0.792342212,0.8263695180000001,0.845851072,0.8477754619999999,3,0.8477754619999999,0.001924389999999887
physiological_features,sub-cp037_ses-20210113_level-04B_run-009,sub-cp037,3,3,True,0.810401532,0.8191994599999999,0.83116466,0.8422432900000001,3,0.8422432900000001,0.01107863000000009
physiological_features,sub-cp038_ses-20220112_level-01B_run-001,sub-cp038,2,0,True,0.8947033600000001,0.915389274,0.91255703,0.908979336,1,0.915389274,0.0028322440000000393
physiological_features,sub-cp038_ses-20220112_level-01B_run-007,sub-cp038,2,0,True,0.9408321940000001,0.9236045839999999,0.922363198,0.92355824,0,0.9408321940000001,0.01722761000000017
physiological_features,sub-cp038_ses-20220112_level-01B_run-012,sub-cp038,2,0,True,0.9442236559999999,0.934214008,0.9271223040000001,0.927888738,0,0.9442236559999999,0.010009647999999927
physiological_features,sub-cp038_ses-20220112_level-02B_run-003,sub-cp038,2,1,True,0.9212138400000001,0.934620192,0.9422973819999999,0.93760046,2,0.9422973819999999,0.004696921999999937
physiological_features,sub-cp038_ses-20220112_level-02B_run-008,sub-cp038,2,1,True,0.9246234839999999,0.91602725,0.9098702880000001,0.918866066,0,0.9246234839999999,0.005757417999999959
physiological_features,sub-cp038_ses-20220112_level-02B_run-010,sub-cp038,2,1,True,0.942834632,0.932882032,0.9323087300000001,0.925436768,0,0.942834632,0.009952599999999978
physiological_features,sub-cp038_ses-20220112_level-03B_run-002,sub-cp038,2,2,True,0.918660702,0.9245251400000001,0.922526034,0.92850954,3,0.92850954,0.003984399999999888
physiological_features,sub-cp038_ses-20220112_level-03B_run-005,sub-cp038,2,2,True,0.9294811920000001,0.93798699,0.9406443619999999,0.940956106,3,0.940956106,0.0003117440000001137
physiological_features,sub-cp038_ses-20220112_level-03B_run-011,sub-cp038,2,2,True,0.933183254,0.926227336,0.9234724,0.921691776,0,0.933183254,0.006955918000000061
physiological_features,sub-cp038_ses-20220112_level-04B_run-004,sub-cp038,2,3,True,0.9166453860000001,0.920938056,0.921070694,0.925811862,3,0.925811862,0.004741168000000018
physiological_features,sub-cp038_ses-20220112_level-04B_run-006,sub-cp038,2,3,True,0.944458504,0.948095304,0.945275316,0.9485621280000001,3,0.9485621280000001,0.00046682400000008784
physiological_features,sub-cp038_ses-20220112_level-04B_run-009,sub-cp038,2,3,True,0.946317962,0.9354693900000001,0.9339205359999999,0.927580906,0,0.946317962,0.01084857199999989
physiological_features,sub-cp039_ses-20211219_level-01B_run-001,sub-cp039,1,0,True,0.8707204660000001,0.8514795320000001,0.8425808619999999,0.843752072,0,0.8707204660000001,0.019240933999999932
physiological_features,sub-cp039_ses-20211219_level-01B_run-007,sub-cp039,1,0,True,0.875798086,0.885447082,0.8743560739999999,0.87771194,1,0.885447082,0.007735142000000028
physiological_features,sub-cp039_ses-20211219_level-01B_run-012,sub-cp039,1,0,True,0.876409976,0.897305688,0.913524794,0.900798154,2,0.913524794,0.012726640000000011
physiological_features,sub-cp039_ses-20211219_level-02B_run-003,sub-cp039,1,1,True,0.8649934699999999,0.856737858,0.859737748,0.868419144,3,0.868419144,0.003425674000000045
physiological_features,sub-cp039_ses-20211219_level-02B_run-008,sub-cp039,1,1,True,0.81578666,0.8151174400000001,0.813312692,0.821461096,3,0.821461096,0.005674435999999949
physiological_features,sub-cp039_ses-20211219_level-02B_run-010,sub-cp039,1,1,True,0.845050932,0.83884062,0.827422294,0.843044662,0,0.845050932,0.0020062700000000877
physiological_features,sub-cp039_ses-20211219_level-03B_run-002,sub-cp039,1,2,True,0.82458737,0.827948124,0.8198836899999999,0.82590159,1,0.827948124,0.0020465339999999888
physiological_features,sub-cp039_ses-20211219_level-03B_run-005,sub-cp039,1,2,True,0.86789889,0.876367074,0.8560433700000001,0.86442208,1,0.876367074,0.008468184000000045
physiological_features,sub-cp039_ses-20211219_level-03B_run-011,sub-cp039,1,2,True,0.8431702299999999,0.8451767780000001,0.824312828,0.8443665599999999,1,0.8451767780000001,0.0008102180000002512
physiological_features,sub-cp039_ses-20211219_level-04B_run-004,sub-cp039,1,3,True,0.8488973339999999,0.842815588,0.83371973,0.8489412700000001,3,0.8489412700000001,4.393600000018871e-05
physiological_features,sub-cp039_ses-20211219_level-04B_run-006,sub-cp039,1,3,True,0.870081048,0.886624576,0.891919666,0.8914803179999999,2,0.891919666,0.0004393480000001171
physiological_features,sub-cp039_ses-20211219_level-04B_run-009,sub-cp039,1,3,True,0.858112752,0.852821258,0.844712768,0.8608711,3,0.8608711,0.002758347999999966
physiological_features,sub-cp042_ses-20220111_level-01B_run-001,sub-cp042,4,0,True,0.54624802,0.543148846,0.545191266,0.480467246,0,0.54624802,0.0010567539999999376
physiological_features,sub-cp042_ses-20220111_level-01B_run-007,sub-cp042,4,0,True,0.511566276,0.54248659,0.544421454,0.528320154,2,0.544421454,0.0019348639999999806
physiological_features,sub-cp042_ses-20220111_level-01B_run-012,sub-cp042,4,0,True,0.500968216,0.502962306,0.493356024,0.54695099,3,0.54695099,0.043988684
physiological_features,sub-cp042_ses-20220111_level-02B_run-003,sub-cp042,4,1,True,0.582842928,0.5435522199999999,0.550838586,0.56881761,0,0.582842928,0.014025318000000064
physiological_features,sub-cp042_ses-20220111_level-02B_run-008,sub-cp042,4,1,True,0.501622096,0.497665404,0.530797278,0.564787806,3,0.564787806,0.03399052800000002
physiological_features,sub-cp042_ses-20220111_level-02B_run-010,sub-cp042,4,1,True,0.51617076,0.493300588,0.53868063,0.519156818,2,0.53868063,0.019523811999999974
physiological_features,sub-cp042_ses-20220111_level-03B_run-002,sub-cp042,4,2,True,0.523642948,0.551983156,0.54780153,0.567464266,3,0.567464266,0.015481109999999965
physiological_features,sub-cp042_ses-20220111_level-03B_run-005,sub-cp042,4,2,True,0.497433426,0.48438574999999995,0.5271829840000001,0.591372664,3,0.591372664,0.06418967999999992
physiological_features,sub-cp042_ses-20220111_level-03B_run-011,sub-cp042,4,2,True,0.49496819,0.508355692,0.527078186,0.562369492,3,0.562369492,0.03529130599999997
physiological_features,sub-cp042_ses-20220111_level-04B_run-004,sub-cp042,4,3,True,0.555286594,0.54582732,0.5408905660000001,0.586352674,3,0.586352674,0.031066079999999996
physiological_features,sub-cp042_ses-20220111_level-04B_run-006,sub-cp042,4,3,True,0.57416586,0.5432296539999999,0.51949867,0.5356459659999999,0,0.57416586,0.030936206000000133
physiological_features,sub-cp042_ses-20220111_level-04B_run-009,sub-cp042,4,3,True,0.55880416,0.48275952999999994,0.508778212,0.5047435419999999,0,0.55880416,0.05002594800000004
physiological_features,sub-cp043_ses-20220127_level-01B_run-001,sub-cp043,1,0,True,0.9038280459999999,0.8987223820000001,0.882345888,0.8931833859999999,0,0.9038280459999999,0.005105663999999788
physiological_features,sub-cp043_ses-20220127_level-01B_run-007,sub-cp043,1,0,True,0.912716968,0.92752435,0.913940618,0.91833226,1,0.92752435,0.009192089999999986
physiological_features,sub-cp043_ses-20220127_level-01B_run-012,sub-cp043,1,0,True,0.917501748,0.9182237579999999,0.8927754999999999,0.9090100060000001,1,0.9182237579999999,0.0007220099999999396
physiological_features,sub-cp043_ses-20220127_level-02B_run-003,sub-cp043,1,1,True,0.941912112,0.9428758800000001,0.9223383860000001,0.9284852600000001,1,0.9428758800000001,0.000963768000000087
physiological_features,sub-cp043_ses-20220127_level-02B_run-008,sub-cp043,1,1,True,0.9230394719999999,0.922685338,0.899682462,0.933385118,3,0.933385118,0.010345646000000097
physiological_features,sub-cp043_ses-20220127_level-02B_run-010,sub-cp043,1,1,True,0.9047068100000001,0.9179572479999999,0.906752008,0.906737676,1,0.9179572479999999,0.011205239999999894
physiological_features,sub-cp043_ses-20220127_level-03B_run-002,sub-cp043,1,2,True,0.89230268,0.9222594879999999,0.92603256,0.917809862,2,0.92603256,0.0037730720000000995
physiological_features,sub-cp043_ses-20220127_level-03B_run-005,sub-cp043,1,2,True,0.905512992,0.93303764,0.9245548680000001,0.922866844,1,0.93303764,0.008482771999999916
physiological_features,sub-cp043_ses-20220127_level-03B_run-011,sub-cp043,1,2,True,0.9213109740000001,0.9408178660000001,0.9297898759999998,0.9264564820000001,1,0.9408178660000001,0.01102799000000021
physiological_features,sub-cp043_ses-20220127_level-04B_run-004,sub-cp043,1,3,True,0.8989783880000001,0.941958928,0.922148196,0.9219291479999999,1,0.941958928,0.019810732000000053
physiological_features,sub-cp043_ses-20220127_level-04B_run-006,sub-cp043,1,3,True,0.8856379679999999,0.91534984,0.9114296,0.9107259400000001,1,0.91534984,0.003920240000000019
physiological_features,sub-cp043_ses-20220127_level-04B_run-009,sub-cp043,1,3,True,0.8980547939999999,0.927023498,0.917470354,0.92332166,1,0.927023498,0.003701837999999902
