run_key,subject_id,outer_fold,target_score,prediction_raw,prediction_bounded,residual_bounded,model,source_path,source_sha256,derived_readonly_reference
sub-cp003_ses-20210206_level-01B_run-001,sub-cp003,4,1.0,0.7596298786910483,1.0,0.0,multimodal_reference,E:\hdc-vr-pilot\experiments\phase_05_basic_dual_output_hdc\results\oof\vanilla_hdc_ridge_regression_oof.csv,a449d8f43a0935f0a3fcf8cf901894e426a83e552807dcef9551bc983ba22758,True
sub-cp003_ses-20210206_level-01B_run-007,sub-cp003,4,1.0,1.2017482420343455,1.2017482420343455,-0.2017482420343455,multimodal_reference,E:\hdc-vr-pilot\experiments\phase_05_basic_dual_output_hdc\results\oof\vanilla_hdc_ridge_regression_oof.csv,a449d8f43a0935f0a3fcf8cf901894e426a83e552807dcef9551bc983ba22758,True
sub-cp003_ses-20210206_level-01B_run-012,sub-cp003,4,1.0,0.9585754721740833,1.0,0.0,multimodal_reference,E:\hdc-vr-pilot\experiments\phase_05_basic_dual_output_hdc\results\oof\vanilla_hdc_ridge_regression_oof.csv,a449d8f43a0935f0a3fcf8cf901894e426a83e552807dcef9551bc983ba22758,True
sub-cp003_ses-20210206_level-02B_run-003,sub-cp003,4,2.0,1.9677782811859696,1.9677782811859696,0.03222171881403035,multimodal_reference,E:\hdc-vr-pilot\experiments\phase_05_basic_dual_output_hdc\results\oof\vanilla_hdc_ridge_regression_oof.csv,a449d8f43a0935f0a3fcf8cf901894e426a83e552807dcef9551bc983ba22758,True
sub-cp003_ses-20210206_level-02B_run-008,sub-cp003,4,2.0,2.1072476831920395,2.1072476831920395,-0.10724768319203948,multimodal_reference,E:\hdc-vr-pilot\experiments\phase_05_basic_dual_output_hdc\results\oof\vanilla_hdc_ridge_regression_oof.csv,a449d8f43a0935f0a3fcf8cf901894e426a83e552807dcef9551bc983ba22758,True
sub-cp003_ses-20210206_level-02B_run-010,sub-cp003,4,2.0,2.07395896603535,2.07395896603535,-0.07395896603535013,multimodal_reference,E:\hdc-vr-pilot\experiments\phase_05_basic_dual_output_hdc\results\oof\vanilla_hdc_ridge_regression_oof.csv,a449d8f43a0935f0a3fcf8cf901894e426a83e552807dcef9551bc983ba22758,True
sub-cp003_ses-20210206_level-03B_run-002,sub-cp003,4,3.0,2.86367536264778,2.86367536264778,0.13632463735222,multimodal_reference,E:\hdc-vr-pilot\experiments\phase_05_basic_dual_output_hdc\results\oof\vanilla_hdc_ridge_regression_oof.csv,a449d8f43a0935f0a3fcf8cf901894e426a83e552807dcef9551bc983ba22758,True
sub-cp003_ses-20210206_level-03B_run-005,sub-cp003,4,3.0,3.1739592196475073,3.1739592196475073,-0.17395921964750727,multimodal_reference,E:\hdc-vr-pilot\experiments\phase_05_basic_dual_output_hdc\results\oof\vanilla_hdc_ridge_regression_oof.csv,a449d8f43a0935f0a3fcf8cf901894e426a83e552807dcef9551bc983ba22758,True
sub-cp003_ses-20210206_level-03B_run-011,sub-cp003,4,3.0,3.064708767211599,3.064708767211599,-0.06470876721159913,multimodal_reference,E:\hdc-vr-pilot\experiments\phase_05_basic_dual_output_hdc\results\oof\vanilla_hdc_ridge_regression_oof.csv,a449d8f43a0935f0a3fcf8cf901894e426a83e552807dcef9551bc983ba22758,True
sub-cp003_ses-20210206_level-04B_run-004,sub-cp003,4,4.0,3.970353175309948,3.970353175309948,0.029646824690051865,multimodal_reference,E:\hdc-vr-pilot\experiments\phase_05_basic_dual_output_hdc\results\oof\vanilla_hdc_ridge_regression_oof.csv,a449d8f43a0935f0a3fcf8cf901894e426a83e552807dcef9551bc983ba22758,True
sub-cp003_ses-20210206_level-04B_run-006,sub-cp003,4,4.0,4.037832107544183,4.0,0.0,multimodal_reference,E:\hdc-vr-pilot\experiments\phase_05_basic_dual_output_hdc\results\oof\vanilla_hdc_ridge_regression_oof.csv,a449d8f43a0935f0a3fcf8cf901894e426a83e552807dcef9551bc983ba22758,True
sub-cp003_ses-20210206_level-04B_run-009,sub-cp003,4,4.0,3.826622784676952,3.826622784676952,0.17337721532304817,multimodal_reference,E:\hdc-vr-pilot\experiments\phase_05_basic_dual_output_hdc\results\oof\vanilla_hdc_ridge_regression_oof.csv,a449d8f43a0935f0a3fcf8cf901894e426a83e552807dcef9551bc983ba22758,True
sub-cp004_ses-20210330_level-01B_run-001,sub-cp004,1,1.0,1.028086062889074,1.028086062889074,-0.028086062889074004,multimodal_reference,E:\hdc-vr-pilot\experiments\phase_05_basic_dual_output_hdc\results\oof\vanilla_hdc_ridge_regression_oof.csv,a449d8f43a0935f0a3fcf8cf901894e426a83e552807dcef9551bc983ba22758,True
sub-cp004_ses-20210330_level-01B_run-007,sub-cp004,1,1.0,1.0548638250320235,1.0548638250320235,-0.05486382503202347,multimodal_reference,E:\hdc-vr-pilot\experiments\phase_05_basic_dual_output_hdc\results\oof\vanilla_hdc_ridge_regression_oof.csv,a449d8f43a0935f0a3fcf8cf901894e426a83e552807dcef9551bc983ba22758,True
sub-cp004_ses-20210330_level-01B_run-012,sub-cp004,1,1.0,1.0959460190892172,1.0959460190892172,-0.09594601908921718,multimodal_reference,E:\hdc-vr-pilot\experiments\phase_05_basic_dual_output_hdc\results\oof\vanilla_hdc_ridge_regression_oof.csv,a449d8f43a0935f0a3fcf8cf901894e426a83e552807dcef9551bc983ba22758,True
sub-cp004_ses-20210330_level-02B_run-003,sub-cp004,1,2.0,2.0428670398958757,2.0428670398958757,-0.0428670398958757,multimodal_reference,E:\hdc-vr-pilot\experiments\phase_05_basic_dual_output_hdc\results\oof\vanilla_hdc_ridge_regression_oof.csv,a449d8f43a0935f0a3fcf8cf901894e426a83e552807dcef9551bc983ba22758,True
sub-cp004_ses-20210330_level-02B_run-008,sub-cp004,1,2.0,1.8954476028660714,1.8954476028660714,0.10455239713392861,multimodal_reference,E:\hdc-vr-pilot\experiments\phase_05_basic_dual_output_hdc\results\oof\vanilla_hdc_ridge_regression_oof.csv,a449d8f43a0935f0a3fcf8cf901894e426a83e552807dcef9551bc983ba22758,True
sub-cp004_ses-20210330_level-02B_run-010,sub-cp004,1,2.0,2.0989139598504125,2.0989139598504125,-0.09891395985041251,multimodal_reference,E:\hdc-vr-pilot\experiments\phase_05_basic_dual_output_hdc\results\oof\vanilla_hdc_ridge_regression_oof.csv,a449d8f43a0935f0a3fcf8cf901894e426a83e552807dcef9551bc983ba22758,True
sub-cp004_ses-20210330_level-03B_run-002,sub-cp004,1,3.0,2.9292782360482885,2.9292782360482885,0.07072176395171148,multimodal_reference,E:\hdc-vr-pilot\experiments\phase_05_basic_dual_output_hdc\results\oof\vanilla_hdc_ridge_regression_oof.csv,a449d8f43a0935f0a3fcf8cf901894e426a83e552807dcef9551bc983ba22758,True
sub-cp004_ses-20210330_level-03B_run-005,sub-cp004,1,3.0,3.1049143324507127,3.1049143324507127,-0.10491433245071269,multimodal_reference,E:\hdc-vr-pilot\experiments\phase_05_basic_dual_output_hdc\results\oof\vanilla_hdc_ridge_regression_oof.csv,a449d8f43a0935f0a3fcf8cf901894e426a83e552807dcef9551bc983ba22758,True
sub-cp004_ses-20210330_level-03B_run-011,sub-cp004,1,3.0,2.9852205754285626,2.9852205754285626,0.014779424571437438,multimodal_reference,E:\hdc-vr-pilot\experiments\phase_05_basic_dual_output_hdc\results\oof\vanilla_hdc_ridge_regression_oof.csv,a449d8f43a0935f0a3fcf8cf901894e426a83e552807dcef9551bc983ba22758,True
sub-cp004_ses-20210330_level-04B_run-004,sub-cp004,1,4.0,4.193192408416822,4.0,0.0,multimodal_reference,E:\hdc-vr-pilot\experiments\phase_05_basic_dual_output_hdc\results\oof\vanilla_hdc_ridge_regression_oof.csv,a449d8f43a0935f0a3fcf8cf901894e426a83e552807dcef9551bc983ba22758,True
sub-cp004_ses-20210330_level-04B_run-006,sub-cp004,1,4.0,3.9464613977635823,3.9464613977635823,0.05353860223641771,multimodal_reference,E:\hdc-vr-pilot\experiments\phase_05_basic_dual_output_hdc\results\oof\vanilla_hdc_ridge_regression_oof.csv,a449d8f43a0935f0a3fcf8cf901894e426a83e552807dcef9551bc983ba22758,True
sub-cp004_ses-20210330_level-04B_run-009,sub-cp004,1,4.0,3.705513844187771,3.705513844187771,0.2944861558122289,multimodal_reference,E:\hdc-vr-pilot\experiments\phase_05_basic_dual_output_hdc\results\oof\vanilla_hdc_ridge_regression_oof.csv,a449d8f43a0935f0a3fcf8cf901894e426a83e552807dcef9551bc983ba22758,True
sub-cp005_ses-20210226_level-01B_run-001,sub-cp005,5,1.0,1.3910558744299606,1.3910558744299606,-0.3910558744299606,multimodal_reference,E:\hdc-vr-pilot\experiments\phase_05_basic_dual_output_hdc\results\oof\vanilla_hdc_ridge_regression_oof.csv,a449d8f43a0935f0a3fcf8cf901894e426a83e552807dcef9551bc983ba22758,True
sub-cp005_ses-20210226_level-01B_run-007,sub-cp005,5,1.0,1.6871351411113698,1.6871351411113698,-0.6871351411113698,multimodal_reference,E:\hdc-vr-pilot\experiments\phase_05_basic_dual_output_hdc\results\oof\vanilla_hdc_ridge_regression_oof.csv,a449d8f43a0935f0a3fcf8cf901894e426a83e552807dcef9551bc983ba22758,True
sub-cp005_ses-20210226_level-01B_run-012,sub-cp005,5,1.0,1.167898077065702,1.167898077065702,-0.16789807706570192,multimodal_reference,E:\hdc-vr-pilot\experiments\phase_05_basic_dual_output_hdc\results\oof\vanilla_hdc_ridge_regression_oof.csv,a449d8f43a0935f0a3fcf8cf901894e426a83e552807dcef9551bc983ba22758,True
sub-cp005_ses-20210226_level-02B_run-003,sub-cp005,5,2.0,2.4461778956808344,2.4461778956808344,-0.44617789568083444,multimodal_reference,E:\hdc-vr-pilot\experiments\phase_05_basic_dual_output_hdc\results\oof\vanilla_hdc_ridge_regression_oof.csv,a449d8f43a0935f0a3fcf8cf901894e426a83e552807dcef9551bc983ba22758,True
sub-cp005_ses-20210226_level-02B_run-008,sub-cp005,5,2.0,2.1489851812438223,2.1489851812438223,-0.14898518124382232,multimodal_reference,E:\hdc-vr-pilot\experiments\phase_05_basic_dual_output_hdc\results\oof\vanilla_hdc_ridge_regression_oof.csv,a449d8f43a0935f0a3fcf8cf901894e426a83e552807dcef9551bc983ba22758,True
sub-cp005_ses-20210226_level-02B_run-010,sub-cp005,5,2.0,1.9877213623101624,1.9877213623101624,0.012278637689837613,multimodal_reference,E:\hdc-vr-pilot\experiments\phase_05_basic_dual_output_hdc\results\oof\vanilla_hdc_ridge_regression_oof.csv,a449d8f43a0935f0a3fcf8cf901894e426a83e552807dcef9551bc983ba22758,True
sub-cp005_ses-20210226_level-03B_run-002,sub-cp005,5,3.0,3.0716525803618113,3.0716525803618113,-0.07165258036181132,multimodal_reference,E:\hdc-vr-pilot\experiments\phase_05_basic_dual_output_hdc\results\oof\vanilla_hdc_ridge_regression_oof.csv,a449d8f43a0935f0a3fcf8cf901894e426a83e552807dcef9551bc983ba22758,True
sub-cp005_ses-20210226_level-03B_run-005,sub-cp005,5,3.0,3.4509787322493337,3.4509787322493337,-0.4509787322493337,multimodal_reference,E:\hdc-vr-pilot\experiments\phase_05_basic_dual_output_hdc\results\oof\vanilla_hdc_ridge_regression_oof.csv,a449d8f43a0935f0a3fcf8cf901894e426a83e552807dcef9551bc983ba22758,True
sub-cp005_ses-20210226_level-03B_run-011,sub-cp005,5,3.0,3.1131250235976853,3.1131250235976853,-0.11312502359768528,multimodal_reference,E:\hdc-vr-pilot\experiments\phase_05_basic_dual_output_hdc\results\oof\vanilla_hdc_ridge_regression_oof.csv,a449d8f43a0935f0a3fcf8cf901894e426a83e552807dcef9551bc983ba22758,True
sub-cp005_ses-20210226_level-04B_run-004,sub-cp005,5,4.0,3.5536911266825797,3.5536911266825797,0.4463088733174203,multimodal_reference,E:\hdc-vr-pilot\experiments\phase_05_basic_dual_output_hdc\results\oof\vanilla_hdc_ridge_regression_oof.csv,a449d8f43a0935f0a3fcf8cf901894e426a83e552807dcef9551bc983ba22758,True
sub-cp005_ses-20210226_level-04B_run-006,sub-cp005,5,4.0,4.343207182669399,4.0,0.0,multimodal_reference,E:\hdc-vr-pilot\experiments\phase_05_basic_dual_output_hdc\results\oof\vanilla_hdc_ridge_regression_oof.csv,a449d8f43a0935f0a3fcf8cf901894e426a83e552807dcef9551bc983ba22758,True
sub-cp005_ses-20210226_level-04B_run-009,sub-cp005,5,4.0,3.7493041169618193,3.7493041169618193,0.2506958830381807,multimodal_reference,E:\hdc-vr-pilot\experiments\phase_05_basic_dual_output_hdc\results\oof\vanilla_hdc_ridge_regression_oof.csv,a449d8f43a0935f0a3fcf8cf901894e426a83e552807dcef9551bc983ba22758,True
sub-cp006_ses-20210324_level-01B_run-001,sub-cp006,4,1.0,1.3845524433480834,1.3845524433480834,-0.38455244334808336,multimodal_reference,E:\hdc-vr-pilot\experiments\phase_05_basic_dual_output_hdc\results\oof\vanilla_hdc_ridge_regression_oof.csv,a449d8f43a0935f0a3fcf8cf901894e426a83e552807dcef9551bc983ba22758,True
sub-cp006_ses-20210324_level-01B_run-007,sub-cp006,4,1.0,1.0771324833908653,1.0771324833908653,-0.07713248339086531,multimodal_reference,E:\hdc-vr-pilot\experiments\phase_05_basic_dual_output_hdc\results\oof\vanilla_hdc_ridge_regression_oof.csv,a449d8f43a0935f0a3fcf8cf901894e426a83e552807dcef9551bc983ba22758,True
sub-cp006_ses-20210324_level-01B_run-012,sub-cp006,4,1.0,1.0424518372168057,1.0424518372168057,-0.04245183721680568,multimodal_reference,E:\hdc-vr-pilot\experiments\phase_05_basic_dual_output_hdc\results\oof\vanilla_hdc_ridge_regression_oof.csv,a449d8f43a0935f0a3fcf8cf901894e426a83e552807dcef9551bc983ba22758,True
sub-cp006_ses-20210324_level-02B_run-003,sub-cp006,4,2.0,1.8985886916584271,1.8985886916584271,0.10141130834157286,multimodal_reference,E:\hdc-vr-pilot\experiments\phase_05_basic_dual_output_hdc\results\oof\vanilla_hdc_ridge_regression_oof.csv,a449d8f43a0935f0a3fcf8cf901894e426a83e552807dcef9551bc983ba22758,True
sub-cp006_ses-20210324_level-02B_run-008,sub-cp006,4,2.0,2.1221286297096356,2.1221286297096356,-0.12212862970963556,multimodal_reference,E:\hdc-vr-pilot\experiments\phase_05_basic_dual_output_hdc\results\oof\vanilla_hdc_ridge_regression_oof.csv,a449d8f43a0935f0a3fcf8cf901894e426a83e552807dcef9551bc983ba22758,True
sub-cp006_ses-20210324_level-02B_run-010,sub-cp006,4,2.0,1.717747136322312,1.717747136322312,0.282252863677688,multimodal_reference,E:\hdc-vr-pilot\experiments\phase_05_basic_dual_output_hdc\results\oof\vanilla_hdc_ridge_regression_oof.csv,a449d8f43a0935f0a3fcf8cf901894e426a83e552807dcef9551bc983ba22758,True
sub-cp006_ses-20210324_level-03B_run-002,sub-cp006,4,3.0,2.98267799745966,2.98267799745966,0.017322002540339998,multimodal_reference,E:\hdc-vr-pilot\experiments\phase_05_basic_dual_output_hdc\results\oof\vanilla_hdc_ridge_regression_oof.csv,a449d8f43a0935f0a3fcf8cf901894e426a83e552807dcef9551bc983ba22758,True
sub-cp006_ses-20210324_level-03B_run-005,sub-cp006,4,3.0,2.800237967691867,2.800237967691867,0.19976203230813283,multimodal_reference,E:\hdc-vr-pilot\experiments\phase_05_basic_dual_output_hdc\results\oof\vanilla_hdc_ridge_regression_oof.csv,a449d8f43a0935f0a3fcf8cf901894e426a83e552807dcef9551bc983ba22758,True
sub-cp006_ses-20210324_level-03B_run-011,sub-cp006,4,3.0,2.930453037643406,2.930453037643406,0.06954696235659386,multimodal_reference,E:\hdc-vr-pilot\experiments\phase_05_basic_dual_output_hdc\results\oof\vanilla_hdc_ridge_regression_oof.csv,a449d8f43a0935f0a3fcf8cf901894e426a83e552807dcef9551bc983ba22758,True
sub-cp006_ses-20210324_level-04B_run-004,sub-cp006,4,4.0,4.179276712300535,4.0,0.0,multimodal_reference,E:\hdc-vr-pilot\experiments\phase_05_basic_dual_output_hdc\results\oof\vanilla_hdc_ridge_regression_oof.csv,a449d8f43a0935f0a3fcf8cf901894e426a83e552807dcef9551bc983ba22758,True
sub-cp006_ses-20210324_level-04B_run-006,sub-cp006,4,4.0,3.624090352895377,3.624090352895377,0.3759096471046228,multimodal_reference,E:\hdc-vr-pilot\experiments\phase_05_basic_dual_output_hdc\results\oof\vanilla_hdc_ridge_regression_oof.csv,a449d8f43a0935f0a3fcf8cf901894e426a83e552807dcef9551bc983ba22758,True
sub-cp006_ses-20210324_level-04B_run-009,sub-cp006,4,4.0,3.6627243717242655,3.6627243717242655,0.33727562827573454,multimodal_reference,E:\hdc-vr-pilot\experiments\phase_05_basic_dual_output_hdc\results\oof\vanilla_hdc_ridge_regression_oof.csv,a449d8f43a0935f0a3fcf8cf901894e426a83e552807dcef9551bc983ba22758,True
sub-cp008_ses-20210503_level-01B_run-001,sub-cp008,3,1.0,1.744305682754534,1.744305682754534,-0.744305682754534,multimodal_reference,E:\hdc-vr-pilot\experiments\phase_05_basic_dual_output_hdc\results\oof\vanilla_hdc_ridge_regression_oof.csv,a449d8f43a0935f0a3fcf8cf901894e426a83e552807dcef9551bc983ba22758,True
sub-cp008_ses-20210503_level-01B_run-007,sub-cp008,3,1.0,1.224378229568543,1.224378229568543,-0.22437822956854303,multimodal_reference,E:\hdc-vr-pilot\experiments\phase_05_basic_dual_output_hdc\results\oof\vanilla_hdc_ridge_regression_oof.csv,a449d8f43a0935f0a3fcf8cf901894e426a83e552807dcef9551bc983ba22758,True
sub-cp008_ses-20210503_level-01B_run-012,sub-cp008,3,1.0,1.0112269550713213,1.0112269550713213,-0.01122695507132132,multimodal_reference,E:\hdc-vr-pilot\experiments\phase_05_basic_dual_output_hdc\results\oof\vanilla_hdc_ridge_regression_oof.csv,a449d8f43a0935f0a3fcf8cf901894e426a83e552807dcef9551bc983ba22758,True
sub-cp008_ses-20210503_level-02B_run-003,sub-cp008,3,2.0,1.9811723604337554,1.9811723604337554,0.01882763956624456,multimodal_reference,E:\hdc-vr-pilot\experiments\phase_05_basic_dual_output_hdc\results\oof\vanilla_hdc_ridge_regression_oof.csv,a449d8f43a0935f0a3fcf8cf901894e426a83e552807dcef9551bc983ba22758,True
sub-cp008_ses-20210503_level-02B_run-008,sub-cp008,3,2.0,1.8541247196906592,1.8541247196906592,0.14587528030934083,multimodal_reference,E:\hdc-vr-pilot\experiments\phase_05_basic_dual_output_hdc\results\oof\vanilla_hdc_ridge_regression_oof.csv,a449d8f43a0935f0a3fcf8cf901894e426a83e552807dcef9551bc983ba22758,True
sub-cp008_ses-20210503_level-02B_run-010,sub-cp008,3,2.0,1.456203827221255,1.456203827221255,0.543796172778745,multimodal_reference,E:\hdc-vr-pilot\experiments\phase_05_basic_dual_output_hdc\results\oof\vanilla_hdc_ridge_regression_oof.csv,a449d8f43a0935f0a3fcf8cf901894e426a83e552807dcef9551bc983ba22758,True
sub-cp008_ses-20210503_level-03B_run-002,sub-cp008,3,3.0,2.8252183310439585,2.8252183310439585,0.17478166895604152,multimodal_reference,E:\hdc-vr-pilot\experiments\phase_05_basic_dual_output_hdc\results\oof\vanilla_hdc_ridge_regression_oof.csv,a449d8f43a0935f0a3fcf8cf901894e426a83e552807dcef9551bc983ba22758,True
sub-cp008_ses-20210503_level-03B_run-005,sub-cp008,3,3.0,2.823868439787345,2.823868439787345,0.1761315602126552,multimodal_reference,E:\hdc-vr-pilot\experiments\phase_05_basic_dual_output_hdc\results\oof\vanilla_hdc_ridge_regression_oof.csv,a449d8f43a0935f0a3fcf8cf901894e426a83e552807dcef9551bc983ba22758,True
sub-cp008_ses-20210503_level-03B_run-011,sub-cp008,3,3.0,2.8622353730900167,2.8622353730900167,0.13776462690998326,multimodal_reference,E:\hdc-vr-pilot\experiments\phase_05_basic_dual_output_hdc\results\oof\vanilla_hdc_ridge_regression_oof.csv,a449d8f43a0935f0a3fcf8cf901894e426a83e552807dcef9551bc983ba22758,True
sub-cp008_ses-20210503_level-04B_run-004,sub-cp008,3,4.0,3.8984908330824823,3.8984908330824823,0.10150916691751766,multimodal_reference,E:\hdc-vr-pilot\experiments\phase_05_basic_dual_output_hdc\results\oof\vanilla_hdc_ridge_regression_oof.csv,a449d8f43a0935f0a3fcf8cf901894e426a83e552807dcef9551bc983ba22758,True
sub-cp008_ses-20210503_level-04B_run-006,sub-cp008,3,4.0,3.9975452844558332,3.9975452844558332,0.0024547155441667634,multimodal_reference,E:\hdc-vr-pilot\experiments\phase_05_basic_dual_output_hdc\results\oof\vanilla_hdc_ridge_regression_oof.csv,a449d8f43a0935f0a3fcf8cf901894e426a83e552807dcef9551bc983ba22758,True
sub-cp008_ses-20210503_level-04B_run-009,sub-cp008,3,4.0,4.096063263127898,4.0,0.0,multimodal_reference,E:\hdc-vr-pilot\experiments\phase_05_basic_dual_output_hdc\results\oof\vanilla_hdc_ridge_regression_oof.csv,a449d8f43a0935f0a3fcf8cf901894e426a83e552807dcef9551bc983ba22758,True
sub-cp009_ses-20210129_level-01B_run-001,sub-cp009,2,1.0,1.5530464894894034,1.5530464894894034,-0.5530464894894034,multimodal_reference,E:\hdc-vr-pilot\experiments\phase_05_basic_dual_output_hdc\results\oof\vanilla_hdc_ridge_regression_oof.csv,a449d8f43a0935f0a3fcf8cf901894e426a83e552807dcef9551bc983ba22758,True
sub-cp009_ses-20210129_level-01B_run-007,sub-cp009,2,1.0,1.4908285612138257,1.4908285612138257,-0.4908285612138257,multimodal_reference,E:\hdc-vr-pilot\experiments\phase_05_basic_dual_output_hdc\results\oof\vanilla_hdc_ridge_regression_oof.csv,a449d8f43a0935f0a3fcf8cf901894e426a83e552807dcef9551bc983ba22758,True
sub-cp009_ses-20210129_level-01B_run-012,sub-cp009,2,1.0,1.6698510507293272,1.6698510507293272,-0.6698510507293272,multimodal_reference,E:\hdc-vr-pilot\experiments\phase_05_basic_dual_output_hdc\results\oof\vanilla_hdc_ridge_regression_oof.csv,a449d8f43a0935f0a3fcf8cf901894e426a83e552807dcef9551bc983ba22758,True
sub-cp009_ses-20210129_level-02B_run-003,sub-cp009,2,2.0,1.531863325251409,1.531863325251409,0.4681366747485911,multimodal_reference,E:\hdc-vr-pilot\experiments\phase_05_basic_dual_output_hdc\results\oof\vanilla_hdc_ridge_regression_oof.csv,a449d8f43a0935f0a3fcf8cf901894e426a83e552807dcef9551bc983ba22758,True
sub-cp009_ses-20210129_level-02B_run-008,sub-cp009,2,2.0,1.8217260093296006,1.8217260093296006,0.1782739906703994,multimodal_reference,E:\hdc-vr-pilot\experiments\phase_05_basic_dual_output_hdc\results\oof\vanilla_hdc_ridge_regression_oof.csv,a449d8f43a0935f0a3fcf8cf901894e426a83e552807dcef9551bc983ba22758,True
sub-cp009_ses-20210129_level-02B_run-010,sub-cp009,2,2.0,1.5255169643322493,1.5255169643322493,0.47448303566775074,multimodal_reference,E:\hdc-vr-pilot\experiments\phase_05_basic_dual_output_hdc\results\oof\vanilla_hdc_ridge_regression_oof.csv,a449d8f43a0935f0a3fcf8cf901894e426a83e552807dcef9551bc983ba22758,True
sub-cp009_ses-20210129_level-03B_run-002,sub-cp009,2,3.0,2.87280259114473,2.87280259114473,0.12719740885526987,multimodal_reference,E:\hdc-vr-pilot\experiments\phase_05_basic_dual_output_hdc\results\oof\vanilla_hdc_ridge_regression_oof.csv,a449d8f43a0935f0a3fcf8cf901894e426a83e552807dcef9551bc983ba22758,True
sub-cp009_ses-20210129_level-03B_run-005,sub-cp009,2,3.0,2.692535812973968,2.692535812973968,0.30746418702603195,multimodal_reference,E:\hdc-vr-pilot\experiments\phase_05_basic_dual_output_hdc\results\oof\vanilla_hdc_ridge_regression_oof.csv,a449d8f43a0935f0a3fcf8cf901894e426a83e552807dcef9551bc983ba22758,True
sub-cp009_ses-20210129_level-03B_run-011,sub-cp009,2,3.0,2.637076823029993,2.637076823029993,0.362923176970007,multimodal_reference,E:\hdc-vr-pilot\experiments\phase_05_basic_dual_output_hdc\results\oof\vanilla_hdc_ridge_regression_oof.csv,a449d8f43a0935f0a3fcf8cf901894e426a83e552807dcef9551bc983ba22758,True
sub-cp009_ses-20210129_level-04B_run-004,sub-cp009,2,4.0,3.3349558851475427,3.3349558851475427,0.6650441148524573,multimodal_reference,E:\hdc-vr-pilot\experiments\phase_05_basic_dual_output_hdc\results\oof\vanilla_hdc_ridge_regression_oof.csv,a449d8f43a0935f0a3fcf8cf901894e426a83e552807dcef9551bc983ba22758,True
sub-cp009_ses-20210129_level-04B_run-006,sub-cp009,2,4.0,3.8514017707911234,3.8514017707911234,0.14859822920887655,multimodal_reference,E:\hdc-vr-pilot\experiments\phase_05_basic_dual_output_hdc\results\oof\vanilla_hdc_ridge_regression_oof.csv,a449d8f43a0935f0a3fcf8cf901894e426a83e552807dcef9551bc983ba22758,True
sub-cp009_ses-20210129_level-04B_run-009,sub-cp009,2,4.0,3.6029324003943786,3.6029324003943786,0.39706759960562144,multimodal_reference,E:\hdc-vr-pilot\experiments\phase_05_basic_dual_output_hdc\results\oof\vanilla_hdc_ridge_regression_oof.csv,a449d8f43a0935f0a3fcf8cf901894e426a83e552807dcef9551bc983ba22758,True
sub-cp011_ses-20210408_level-01B_run-001,sub-cp011,1,1.0,1.7409588514530423,1.7409588514530423,-0.7409588514530423,multimodal_reference,E:\hdc-vr-pilot\experiments\phase_05_basic_dual_output_hdc\results\oof\vanilla_hdc_ridge_regression_oof.csv,a449d8f43a0935f0a3fcf8cf901894e426a83e552807dcef9551bc983ba22758,True
sub-cp011_ses-20210408_level-01B_run-007,sub-cp011,1,1.0,1.346712531200519,1.346712531200519,-0.34671253120051904,multimodal_reference,E:\hdc-vr-pilot\experiments\phase_05_basic_dual_output_hdc\results\oof\vanilla_hdc_ridge_regression_oof.csv,a449d8f43a0935f0a3fcf8cf901894e426a83e552807dcef9551bc983ba22758,True
sub-cp011_ses-20210408_level-01B_run-012,sub-cp011,1,1.0,1.7011989817913378,1.7011989817913378,-0.7011989817913378,multimodal_reference,E:\hdc-vr-pilot\experiments\phase_05_basic_dual_output_hdc\results\oof\vanilla_hdc_ridge_regression_oof.csv,a449d8f43a0935f0a3fcf8cf901894e426a83e552807dcef9551bc983ba22758,True
sub-cp011_ses-20210408_level-02B_run-003,sub-cp011,1,2.0,2.9260413447361513,2.9260413447361513,-0.9260413447361513,multimodal_reference,E:\hdc-vr-pilot\experiments\phase_05_basic_dual_output_hdc\results\oof\vanilla_hdc_ridge_regression_oof.csv,a449d8f43a0935f0a3fcf8cf901894e426a83e552807dcef9551bc983ba22758,True
sub-cp011_ses-20210408_level-02B_run-008,sub-cp011,1,2.0,1.7287462125784365,1.7287462125784365,0.2712537874215635,multimodal_reference,E:\hdc-vr-pilot\experiments\phase_05_basic_dual_output_hdc\results\oof\vanilla_hdc_ridge_regression_oof.csv,a449d8f43a0935f0a3fcf8cf901894e426a83e552807dcef9551bc983ba22758,True
sub-cp011_ses-20210408_level-02B_run-010,sub-cp011,1,2.0,2.423360592232899,2.423360592232899,-0.4233605922328989,multimodal_reference,E:\hdc-vr-pilot\experiments\phase_05_basic_dual_output_hdc\results\oof\vanilla_hdc_ridge_regression_oof.csv,a449d8f43a0935f0a3fcf8cf901894e426a83e552807dcef9551bc983ba22758,True
sub-cp011_ses-20210408_level-03B_run-002,sub-cp011,1,3.0,3.0371156918158557,3.0371156918158557,-0.03711569181585572,multimodal_reference,E:\hdc-vr-pilot\experiments\phase_05_basic_dual_output_hdc\results\oof\vanilla_hdc_ridge_regression_oof.csv,a449d8f43a0935f0a3fcf8cf901894e426a83e552807dcef9551bc983ba22758,True
sub-cp011_ses-20210408_level-03B_run-005,sub-cp011,1,3.0,3.064563049519701,3.064563049519701,-0.06456304951970093,multimodal_reference,E:\hdc-vr-pilot\experiments\phase_05_basic_dual_output_hdc\results\oof\vanilla_hdc_ridge_regression_oof.csv,a449d8f43a0935f0a3fcf8cf901894e426a83e552807dcef9551bc983ba22758,True
sub-cp011_ses-20210408_level-03B_run-011,sub-cp011,1,3.0,3.025455593086897,3.025455593086897,-0.025455593086896933,multimodal_reference,E:\hdc-vr-pilot\experiments\phase_05_basic_dual_output_hdc\results\oof\vanilla_hdc_ridge_regression_oof.csv,a449d8f43a0935f0a3fcf8cf901894e426a83e552807dcef9551bc983ba22758,True
sub-cp011_ses-20210408_level-04B_run-004,sub-cp011,1,4.0,2.995675426788539,2.995675426788539,1.004324573211461,multimodal_reference,E:\hdc-vr-pilot\experiments\phase_05_basic_dual_output_hdc\results\oof\vanilla_hdc_ridge_regression_oof.csv,a449d8f43a0935f0a3fcf8cf901894e426a83e552807dcef9551bc983ba22758,True
sub-cp011_ses-20210408_level-04B_run-006,sub-cp011,1,4.0,3.700364881460593,3.700364881460593,0.29963511853940705,multimodal_reference,E:\hdc-vr-pilot\experiments\phase_05_basic_dual_output_hdc\results\oof\vanilla_hdc_ridge_regression_oof.csv,a449d8f43a0935f0a3fcf8cf901894e426a83e552807dcef9551bc983ba22758,True
sub-cp011_ses-20210408_level-04B_run-009,sub-cp011,1,4.0,3.3098745364441355,3.3098745364441355,0.6901254635558645,multimodal_reference,E:\hdc-vr-pilot\experiments\phase_05_basic_dual_output_hdc\results\oof\vanilla_hdc_ridge_regression_oof.csv,a449d8f43a0935f0a3fcf8cf901894e426a83e552807dcef9551bc983ba22758,True
sub-cp012_ses-20210723_level-01B_run-001,sub-cp012,4,1.0,1.2740538916019442,1.2740538916019442,-0.27405389160194416,multimodal_reference,E:\hdc-vr-pilot\experiments\phase_05_basic_dual_output_hdc\results\oof\vanilla_hdc_ridge_regression_oof.csv,a449d8f43a0935f0a3fcf8cf901894e426a83e552807dcef9551bc983ba22758,True
sub-cp012_ses-20210723_level-01B_run-007,sub-cp012,4,1.0,1.3480400705235485,1.3480400705235485,-0.34804007052354846,multimodal_reference,E:\hdc-vr-pilot\experiments\phase_05_basic_dual_output_hdc\results\oof\vanilla_hdc_ridge_regression_oof.csv,a449d8f43a0935f0a3fcf8cf901894e426a83e552807dcef9551bc983ba22758,True
sub-cp012_ses-20210723_level-01B_run-012,sub-cp012,4,1.0,1.2950375866418338,1.2950375866418338,-0.29503758664183377,multimodal_reference,E:\hdc-vr-pilot\experiments\phase_05_basic_dual_output_hdc\results\oof\vanilla_hdc_ridge_regression_oof.csv,a449d8f43a0935f0a3fcf8cf901894e426a83e552807dcef9551bc983ba22758,True
sub-cp012_ses-20210723_level-02B_run-003,sub-cp012,4,2.0,2.1621937050935496,2.1621937050935496,-0.16219370509354958,multimodal_reference,E:\hdc-vr-pilot\experiments\phase_05_basic_dual_output_hdc\results\oof\vanilla_hdc_ridge_regression_oof.csv,a449d8f43a0935f0a3fcf8cf901894e426a83e552807dcef9551bc983ba22758,True
sub-cp012_ses-20210723_level-02B_run-008,sub-cp012,4,2.0,2.1227433442440082,2.1227433442440082,-0.12274334424400823,multimodal_reference,E:\hdc-vr-pilot\experiments\phase_05_basic_dual_output_hdc\results\oof\vanilla_hdc_ridge_regression_oof.csv,a449d8f43a0935f0a3fcf8cf901894e426a83e552807dcef9551bc983ba22758,True
sub-cp012_ses-20210723_level-02B_run-010,sub-cp012,4,2.0,1.9774306080328379,1.9774306080328379,0.022569391967162122,multimodal_reference,E:\hdc-vr-pilot\experiments\phase_05_basic_dual_output_hdc\results\oof\vanilla_hdc_ridge_regression_oof.csv,a449d8f43a0935f0a3fcf8cf901894e426a83e552807dcef9551bc983ba22758,True
sub-cp012_ses-20210723_level-03B_run-002,sub-cp012,4,3.0,3.019850870984148,3.019850870984148,-0.01985087098414784,multimodal_reference,E:\hdc-vr-pilot\experiments\phase_05_basic_dual_output_hdc\results\oof\vanilla_hdc_ridge_regression_oof.csv,a449d8f43a0935f0a3fcf8cf901894e426a83e552807dcef9551bc983ba22758,True
sub-cp012_ses-20210723_level-03B_run-005,sub-cp012,4,3.0,2.939941166046153,2.939941166046153,0.060058833953847035,multimodal_reference,E:\hdc-vr-pilot\experiments\phase_05_basic_dual_output_hdc\results\oof\vanilla_hdc_ridge_regression_oof.csv,a449d8f43a0935f0a3fcf8cf901894e426a83e552807dcef9551bc983ba22758,True
sub-cp012_ses-20210723_level-03B_run-011,sub-cp012,4,3.0,3.034288013708516,3.034288013708516,-0.034288013708516196,multimodal_reference,E:\hdc-vr-pilot\experiments\phase_05_basic_dual_output_hdc\results\oof\vanilla_hdc_ridge_regression_oof.csv,a449d8f43a0935f0a3fcf8cf901894e426a83e552807dcef9551bc983ba22758,True
sub-cp012_ses-20210723_level-04B_run-004,sub-cp012,4,4.0,3.998927532408979,3.998927532408979,0.0010724675910211978,multimodal_reference,E:\hdc-vr-pilot\experiments\phase_05_basic_dual_output_hdc\results\oof\vanilla_hdc_ridge_regression_oof.csv,a449d8f43a0935f0a3fcf8cf901894e426a83e552807dcef9551bc983ba22758,True
sub-cp012_ses-20210723_level-04B_run-006,sub-cp012,4,4.0,3.8551716492405204,3.8551716492405204,0.14482835075947964,multimodal_reference,E:\hdc-vr-pilot\experiments\phase_05_basic_dual_output_hdc\results\oof\vanilla_hdc_ridge_regression_oof.csv,a449d8f43a0935f0a3fcf8cf901894e426a83e552807dcef9551bc983ba22758,True
sub-cp012_ses-20210723_level-04B_run-009,sub-cp012,4,4.0,3.726373694882966,3.726373694882966,0.273626305117034,multimodal_reference,E:\hdc-vr-pilot\experiments\phase_05_basic_dual_output_hdc\results\oof\vanilla_hdc_ridge_regression_oof.csv,a449d8f43a0935f0a3fcf8cf901894e426a83e552807dcef9551bc983ba22758,True
sub-cp013_ses-20210319_level-01B_run-001,sub-cp013,2,1.0,2.67959703743833,2.67959703743833,-1.67959703743833,multimodal_reference,E:\hdc-vr-pilot\experiments\phase_05_basic_dual_output_hdc\results\oof\vanilla_hdc_ridge_regression_oof.csv,a449d8f43a0935f0a3fcf8cf901894e426a83e552807dcef9551bc983ba22758,True
sub-cp013_ses-20210319_level-01B_run-007,sub-cp013,2,1.0,2.1242089441738705,2.1242089441738705,-1.1242089441738705,multimodal_reference,E:\hdc-vr-pilot\experiments\phase_05_basic_dual_output_hdc\results\oof\vanilla_hdc_ridge_regression_oof.csv,a449d8f43a0935f0a3fcf8cf901894e426a83e552807dcef9551bc983ba22758,True
sub-cp013_ses-20210319_level-01B_run-012,sub-cp013,2,1.0,1.6863861764249388,1.6863861764249388,-0.6863861764249388,multimodal_reference,E:\hdc-vr-pilot\experiments\phase_05_basic_dual_output_hdc\results\oof\vanilla_hdc_ridge_regression_oof.csv,a449d8f43a0935f0a3fcf8cf901894e426a83e552807dcef9551bc983ba22758,True
sub-cp013_ses-20210319_level-02B_run-003,sub-cp013,2,2.0,2.9931507649724898,2.9931507649724898,-0.9931507649724898,multimodal_reference,E:\hdc-vr-pilot\experiments\phase_05_basic_dual_output_hdc\results\oof\vanilla_hdc_ridge_regression_oof.csv,a449d8f43a0935f0a3fcf8cf901894e426a83e552807dcef9551bc983ba22758,True
sub-cp013_ses-20210319_level-02B_run-008,sub-cp013,2,2.0,3.3670905967908396,3.3670905967908396,-1.3670905967908396,multimodal_reference,E:\hdc-vr-pilot\experiments\phase_05_basic_dual_output_hdc\results\oof\vanilla_hdc_ridge_regression_oof.csv,a449d8f43a0935f0a3fcf8cf901894e426a83e552807dcef9551bc983ba22758,True
sub-cp013_ses-20210319_level-02B_run-010,sub-cp013,2,2.0,2.5996504848833384,2.5996504848833384,-0.5996504848833384,multimodal_reference,E:\hdc-vr-pilot\experiments\phase_05_basic_dual_output_hdc\results\oof\vanilla_hdc_ridge_regression_oof.csv,a449d8f43a0935f0a3fcf8cf901894e426a83e552807dcef9551bc983ba22758,True
sub-cp013_ses-20210319_level-03B_run-002,sub-cp013,2,3.0,2.919667303885501,2.919667303885501,0.08033269611449878,multimodal_reference,E:\hdc-vr-pilot\experiments\phase_05_basic_dual_output_hdc\results\oof\vanilla_hdc_ridge_regression_oof.csv,a449d8f43a0935f0a3fcf8cf901894e426a83e552807dcef9551bc983ba22758,True
sub-cp013_ses-20210319_level-03B_run-005,sub-cp013,2,3.0,3.7654670132698747,3.7654670132698747,-0.7654670132698747,multimodal_reference,E:\hdc-vr-pilot\experiments\phase_05_basic_dual_output_hdc\results\oof\vanilla_hdc_ridge_regression_oof.csv,a449d8f43a0935f0a3fcf8cf901894e426a83e552807dcef9551bc983ba22758,True
sub-cp013_ses-20210319_level-03B_run-011,sub-cp013,2,3.0,3.584380290359438,3.584380290359438,-0.5843802903594382,multimodal_reference,E:\hdc-vr-pilot\experiments\phase_05_basic_dual_output_hdc\results\oof\vanilla_hdc_ridge_regression_oof.csv,a449d8f43a0935f0a3fcf8cf901894e426a83e552807dcef9551bc983ba22758,True
sub-cp013_ses-20210319_level-04B_run-004,sub-cp013,2,4.0,3.764313575614936,3.764313575614936,0.23568642438506382,multimodal_reference,E:\hdc-vr-pilot\experiments\phase_05_basic_dual_output_hdc\results\oof\vanilla_hdc_ridge_regression_oof.csv,a449d8f43a0935f0a3fcf8cf901894e426a83e552807dcef9551bc983ba22758,True
sub-cp013_ses-20210319_level-04B_run-006,sub-cp013,2,4.0,3.4534037561263218,3.4534037561263218,0.5465962438736782,multimodal_reference,E:\hdc-vr-pilot\experiments\phase_05_basic_dual_output_hdc\results\oof\vanilla_hdc_ridge_regression_oof.csv,a449d8f43a0935f0a3fcf8cf901894e426a83e552807dcef9551bc983ba22758,True
sub-cp013_ses-20210319_level-04B_run-009,sub-cp013,2,4.0,3.4268918969975153,3.4268918969975153,0.5731081030024847,multimodal_reference,E:\hdc-vr-pilot\experiments\phase_05_basic_dual_output_hdc\results\oof\vanilla_hdc_ridge_regression_oof.csv,a449d8f43a0935f0a3fcf8cf901894e426a83e552807dcef9551bc983ba22758,True
sub-cp014_ses-20211112_level-01B_run-001,sub-cp014,3,1.0,1.282858325247578,1.282858325247578,-0.28285832524757804,multimodal_reference,E:\hdc-vr-pilot\experiments\phase_05_basic_dual_output_hdc\results\oof\vanilla_hdc_ridge_regression_oof.csv,a449d8f43a0935f0a3fcf8cf901894e426a83e552807dcef9551bc983ba22758,True
sub-cp014_ses-20211112_level-01B_run-007,sub-cp014,3,1.0,1.183468423774861,1.183468423774861,-0.18346842377486094,multimodal_reference,E:\hdc-vr-pilot\experiments\phase_05_basic_dual_output_hdc\results\oof\vanilla_hdc_ridge_regression_oof.csv,a449d8f43a0935f0a3fcf8cf901894e426a83e552807dcef9551bc983ba22758,True
sub-cp014_ses-20211112_level-01B_run-012,sub-cp014,3,1.0,1.1646865663976047,1.1646865663976047,-0.1646865663976047,multimodal_reference,E:\hdc-vr-pilot\experiments\phase_05_basic_dual_output_hdc\results\oof\vanilla_hdc_ridge_regression_oof.csv,a449d8f43a0935f0a3fcf8cf901894e426a83e552807dcef9551bc983ba22758,True
sub-cp014_ses-20211112_level-02B_run-003,sub-cp014,3,2.0,1.8638786914901708,1.8638786914901708,0.13612130850982918,multimodal_reference,E:\hdc-vr-pilot\experiments\phase_05_basic_dual_output_hdc\results\oof\vanilla_hdc_ridge_regression_oof.csv,a449d8f43a0935f0a3fcf8cf901894e426a83e552807dcef9551bc983ba22758,True
sub-cp014_ses-20211112_level-02B_run-008,sub-cp014,3,2.0,2.285882746335037,2.285882746335037,-0.28588274633503685,multimodal_reference,E:\hdc-vr-pilot\experiments\phase_05_basic_dual_output_hdc\results\oof\vanilla_hdc_ridge_regression_oof.csv,a449d8f43a0935f0a3fcf8cf901894e426a83e552807dcef9551bc983ba22758,True
sub-cp014_ses-20211112_level-02B_run-010,sub-cp014,3,2.0,1.770346833632546,1.770346833632546,0.22965316636745392,multimodal_reference,E:\hdc-vr-pilot\experiments\phase_05_basic_dual_output_hdc\results\oof\vanilla_hdc_ridge_regression_oof.csv,a449d8f43a0935f0a3fcf8cf901894e426a83e552807dcef9551bc983ba22758,True
sub-cp014_ses-20211112_level-03B_run-002,sub-cp014,3,3.0,2.9045002472617965,2.9045002472617965,0.09549975273820355,multimodal_reference,E:\hdc-vr-pilot\experiments\phase_05_basic_dual_output_hdc\results\oof\vanilla_hdc_ridge_regression_oof.csv,a449d8f43a0935f0a3fcf8cf901894e426a83e552807dcef9551bc983ba22758,True
sub-cp014_ses-20211112_level-03B_run-005,sub-cp014,3,3.0,3.343205748749137,3.343205748749137,-0.3432057487491371,multimodal_reference,E:\hdc-vr-pilot\experiments\phase_05_basic_dual_output_hdc\results\oof\vanilla_hdc_ridge_regression_oof.csv,a449d8f43a0935f0a3fcf8cf901894e426a83e552807dcef9551bc983ba22758,True
sub-cp014_ses-20211112_level-03B_run-011,sub-cp014,3,3.0,3.172177318932771,3.172177318932771,-0.17217731893277088,multimodal_reference,E:\hdc-vr-pilot\experiments\phase_05_basic_dual_output_hdc\results\oof\vanilla_hdc_ridge_regression_oof.csv,a449d8f43a0935f0a3fcf8cf901894e426a83e552807dcef9551bc983ba22758,True
sub-cp014_ses-20211112_level-04B_run-004,sub-cp014,3,4.0,3.629964133695313,3.629964133695313,0.3700358663046872,multimodal_reference,E:\hdc-vr-pilot\experiments\phase_05_basic_dual_output_hdc\results\oof\vanilla_hdc_ridge_regression_oof.csv,a449d8f43a0935f0a3fcf8cf901894e426a83e552807dcef9551bc983ba22758,True
sub-cp014_ses-20211112_level-04B_run-006,sub-cp014,3,4.0,3.933843097944871,3.933843097944871,0.06615690205512914,multimodal_reference,E:\hdc-vr-pilot\experiments\phase_05_basic_dual_output_hdc\results\oof\vanilla_hdc_ridge_regression_oof.csv,a449d8f43a0935f0a3fcf8cf901894e426a83e552807dcef9551bc983ba22758,True
sub-cp014_ses-20211112_level-04B_run-009,sub-cp014,3,4.0,3.8589785644500494,3.8589785644500494,0.1410214355499506,multimodal_reference,E:\hdc-vr-pilot\experiments\phase_05_basic_dual_output_hdc\results\oof\vanilla_hdc_ridge_regression_oof.csv,a449d8f43a0935f0a3fcf8cf901894e426a83e552807dcef9551bc983ba22758,True
sub-cp015_ses-20210504_level-01B_run-001,sub-cp015,2,1.0,0.716883271194228,1.0,0.0,multimodal_reference,E:\hdc-vr-pilot\experiments\phase_05_basic_dual_output_hdc\results\oof\vanilla_hdc_ridge_regression_oof.csv,a449d8f43a0935f0a3fcf8cf901894e426a83e552807dcef9551bc983ba22758,True
sub-cp015_ses-20210504_level-01B_run-007,sub-cp015,2,1.0,1.0591635365495475,1.0591635365495475,-0.059163536549547535,multimodal_reference,E:\hdc-vr-pilot\experiments\phase_05_basic_dual_output_hdc\results\oof\vanilla_hdc_ridge_regression_oof.csv,a449d8f43a0935f0a3fcf8cf901894e426a83e552807dcef9551bc983ba22758,True
sub-cp015_ses-20210504_level-01B_run-012,sub-cp015,2,1.0,1.2263366032235736,1.2263366032235736,-0.22633660322357363,multimodal_reference,E:\hdc-vr-pilot\experiments\phase_05_basic_dual_output_hdc\results\oof\vanilla_hdc_ridge_regression_oof.csv,a449d8f43a0935f0a3fcf8cf901894e426a83e552807dcef9551bc983ba22758,True
sub-cp015_ses-20210504_level-02B_run-003,sub-cp015,2,2.0,1.8750140617023068,1.8750140617023068,0.12498593829769322,multimodal_reference,E:\hdc-vr-pilot\experiments\phase_05_basic_dual_output_hdc\results\oof\vanilla_hdc_ridge_regression_oof.csv,a449d8f43a0935f0a3fcf8cf901894e426a83e552807dcef9551bc983ba22758,True
sub-cp015_ses-20210504_level-02B_run-008,sub-cp015,2,2.0,1.6295802361206366,1.6295802361206366,0.3704197638793634,multimodal_reference,E:\hdc-vr-pilot\experiments\phase_05_basic_dual_output_hdc\results\oof\vanilla_hdc_ridge_regression_oof.csv,a449d8f43a0935f0a3fcf8cf901894e426a83e552807dcef9551bc983ba22758,True
sub-cp015_ses-20210504_level-02B_run-010,sub-cp015,2,2.0,1.5763677707550499,1.5763677707550499,0.42363222924495014,multimodal_reference,E:\hdc-vr-pilot\experiments\phase_05_basic_dual_output_hdc\results\oof\vanilla_hdc_ridge_regression_oof.csv,a449d8f43a0935f0a3fcf8cf901894e426a83e552807dcef9551bc983ba22758,True
sub-cp015_ses-20210504_level-03B_run-002,sub-cp015,2,3.0,2.817261014339565,2.817261014339565,0.18273898566043512,multimodal_reference,E:\hdc-vr-pilot\experiments\phase_05_basic_dual_output_hdc\results\oof\vanilla_hdc_ridge_regression_oof.csv,a449d8f43a0935f0a3fcf8cf901894e426a83e552807dcef9551bc983ba22758,True
sub-cp015_ses-20210504_level-03B_run-005,sub-cp015,2,3.0,2.893387357500766,2.893387357500766,0.10661264249923397,multimodal_reference,E:\hdc-vr-pilot\experiments\phase_05_basic_dual_output_hdc\results\oof\vanilla_hdc_ridge_regression_oof.csv,a449d8f43a0935f0a3fcf8cf901894e426a83e552807dcef9551bc983ba22758,True
sub-cp015_ses-20210504_level-03B_run-011,sub-cp015,2,3.0,2.1773462741591865,2.1773462741591865,0.8226537258408135,multimodal_reference,E:\hdc-vr-pilot\experiments\phase_05_basic_dual_output_hdc\results\oof\vanilla_hdc_ridge_regression_oof.csv,a449d8f43a0935f0a3fcf8cf901894e426a83e552807dcef9551bc983ba22758,True
sub-cp015_ses-20210504_level-04B_run-004,sub-cp015,2,4.0,4.256085383956624,4.0,0.0,multimodal_reference,E:\hdc-vr-pilot\experiments\phase_05_basic_dual_output_hdc\results\oof\vanilla_hdc_ridge_regression_oof.csv,a449d8f43a0935f0a3fcf8cf901894e426a83e552807dcef9551bc983ba22758,True
sub-cp015_ses-20210504_level-04B_run-006,sub-cp015,2,4.0,3.4641207656564794,3.4641207656564794,0.5358792343435206,multimodal_reference,E:\hdc-vr-pilot\experiments\phase_05_basic_dual_output_hdc\results\oof\vanilla_hdc_ridge_regression_oof.csv,a449d8f43a0935f0a3fcf8cf901894e426a83e552807dcef9551bc983ba22758,True
sub-cp015_ses-20210504_level-04B_run-009,sub-cp015,2,4.0,3.899513619245044,3.899513619245044,0.10048638075495608,multimodal_reference,E:\hdc-vr-pilot\experiments\phase_05_basic_dual_output_hdc\results\oof\vanilla_hdc_ridge_regression_oof.csv,a449d8f43a0935f0a3fcf8cf901894e426a83e552807dcef9551bc983ba22758,True
sub-cp016_ses-20210528_level-01B_run-001,sub-cp016,1,1.0,1.0154906922138935,1.0154906922138935,-0.015490692213893542,multimodal_reference,E:\hdc-vr-pilot\experiments\phase_05_basic_dual_output_hdc\results\oof\vanilla_hdc_ridge_regression_oof.csv,a449d8f43a0935f0a3fcf8cf901894e426a83e552807dcef9551bc983ba22758,True
sub-cp016_ses-20210528_level-01B_run-007,sub-cp016,1,1.0,0.8410565523870271,1.0,0.0,multimodal_reference,E:\hdc-vr-pilot\experiments\phase_05_basic_dual_output_hdc\results\oof\vanilla_hdc_ridge_regression_oof.csv,a449d8f43a0935f0a3fcf8cf901894e426a83e552807dcef9551bc983ba22758,True
sub-cp016_ses-20210528_level-01B_run-012,sub-cp016,1,1.0,1.0617298737212189,1.0617298737212189,-0.06172987372121885,multimodal_reference,E:\hdc-vr-pilot\experiments\phase_05_basic_dual_output_hdc\results\oof\vanilla_hdc_ridge_regression_oof.csv,a449d8f43a0935f0a3fcf8cf901894e426a83e552807dcef9551bc983ba22758,True
sub-cp016_ses-20210528_level-02B_run-003,sub-cp016,1,2.0,1.5189104094752133,1.5189104094752133,0.4810895905247867,multimodal_reference,E:\hdc-vr-pilot\experiments\phase_05_basic_dual_output_hdc\results\oof\vanilla_hdc_ridge_regression_oof.csv,a449d8f43a0935f0a3fcf8cf901894e426a83e552807dcef9551bc983ba22758,True
sub-cp016_ses-20210528_level-02B_run-008,sub-cp016,1,2.0,1.7973157644949591,1.7973157644949591,0.2026842355050409,multimodal_reference,E:\hdc-vr-pilot\experiments\phase_05_basic_dual_output_hdc\results\oof\vanilla_hdc_ridge_regression_oof.csv,a449d8f43a0935f0a3fcf8cf901894e426a83e552807dcef9551bc983ba22758,True
sub-cp016_ses-20210528_level-02B_run-010,sub-cp016,1,2.0,2.1199742583309016,2.1199742583309016,-0.11997425833090158,multimodal_reference,E:\hdc-vr-pilot\experiments\phase_05_basic_dual_output_hdc\results\oof\vanilla_hdc_ridge_regression_oof.csv,a449d8f43a0935f0a3fcf8cf901894e426a83e552807dcef9551bc983ba22758,True
sub-cp016_ses-20210528_level-03B_run-002,sub-cp016,1,3.0,3.1107807591037684,3.1107807591037684,-0.11078075910376839,multimodal_reference,E:\hdc-vr-pilot\experiments\phase_05_basic_dual_output_hdc\results\oof\vanilla_hdc_ridge_regression_oof.csv,a449d8f43a0935f0a3fcf8cf901894e426a83e552807dcef9551bc983ba22758,True
sub-cp016_ses-20210528_level-03B_run-005,sub-cp016,1,3.0,3.035076878257238,3.035076878257238,-0.03507687825723815,multimodal_reference,E:\hdc-vr-pilot\experiments\phase_05_basic_dual_output_hdc\results\oof\vanilla_hdc_ridge_regression_oof.csv,a449d8f43a0935f0a3fcf8cf901894e426a83e552807dcef9551bc983ba22758,True
sub-cp016_ses-20210528_level-03B_run-011,sub-cp016,1,3.0,2.873578070279801,2.873578070279801,0.12642192972019917,multimodal_reference,E:\hdc-vr-pilot\experiments\phase_05_basic_dual_output_hdc\results\oof\vanilla_hdc_ridge_regression_oof.csv,a449d8f43a0935f0a3fcf8cf901894e426a83e552807dcef9551bc983ba22758,True
sub-cp016_ses-20210528_level-04B_run-004,sub-cp016,1,4.0,3.8291007669702317,3.8291007669702317,0.17089923302976828,multimodal_reference,E:\hdc-vr-pilot\experiments\phase_05_basic_dual_output_hdc\results\oof\vanilla_hdc_ridge_regression_oof.csv,a449d8f43a0935f0a3fcf8cf901894e426a83e552807dcef9551bc983ba22758,True
sub-cp016_ses-20210528_level-04B_run-006,sub-cp016,1,4.0,4.053768438316775,4.0,0.0,multimodal_reference,E:\hdc-vr-pilot\experiments\phase_05_basic_dual_output_hdc\results\oof\vanilla_hdc_ridge_regression_oof.csv,a449d8f43a0935f0a3fcf8cf901894e426a83e552807dcef9551bc983ba22758,True
sub-cp016_ses-20210528_level-04B_run-009,sub-cp016,1,4.0,3.693597452574063,3.693597452574063,0.30640254742593687,multimodal_reference,E:\hdc-vr-pilot\experiments\phase_05_basic_dual_output_hdc\results\oof\vanilla_hdc_ridge_regression_oof.csv,a449d8f43a0935f0a3fcf8cf901894e426a83e552807dcef9551bc983ba22758,True
sub-cp017_ses-20210521_level-01B_run-001,sub-cp017,5,1.0,1.4077665102673111,1.4077665102673111,-0.40776651026731114,multimodal_reference,E:\hdc-vr-pilot\experiments\phase_05_basic_dual_output_hdc\results\oof\vanilla_hdc_ridge_regression_oof.csv,a449d8f43a0935f0a3fcf8cf901894e426a83e552807dcef9551bc983ba22758,True
sub-cp017_ses-20210521_level-01B_run-007,sub-cp017,5,1.0,1.2433993597026647,1.2433993597026647,-0.24339935970266469,multimodal_reference,E:\hdc-vr-pilot\experiments\phase_05_basic_dual_output_hdc\results\oof\vanilla_hdc_ridge_regression_oof.csv,a449d8f43a0935f0a3fcf8cf901894e426a83e552807dcef9551bc983ba22758,True
sub-cp017_ses-20210521_level-01B_run-012,sub-cp017,5,1.0,1.2761716553098228,1.2761716553098228,-0.2761716553098228,multimodal_reference,E:\hdc-vr-pilot\experiments\phase_05_basic_dual_output_hdc\results\oof\vanilla_hdc_ridge_regression_oof.csv,a449d8f43a0935f0a3fcf8cf901894e426a83e552807dcef9551bc983ba22758,True
sub-cp017_ses-20210521_level-02B_run-003,sub-cp017,5,2.0,2.2324485294249246,2.2324485294249246,-0.23244852942492455,multimodal_reference,E:\hdc-vr-pilot\experiments\phase_05_basic_dual_output_hdc\results\oof\vanilla_hdc_ridge_regression_oof.csv,a449d8f43a0935f0a3fcf8cf901894e426a83e552807dcef9551bc983ba22758,True
sub-cp017_ses-20210521_level-02B_run-008,sub-cp017,5,2.0,2.2437817095043933,2.2437817095043933,-0.24378170950439326,multimodal_reference,E:\hdc-vr-pilot\experiments\phase_05_basic_dual_output_hdc\results\oof\vanilla_hdc_ridge_regression_oof.csv,a449d8f43a0935f0a3fcf8cf901894e426a83e552807dcef9551bc983ba22758,True
sub-cp017_ses-20210521_level-02B_run-010,sub-cp017,5,2.0,1.9592937716423027,1.9592937716423027,0.04070622835769733,multimodal_reference,E:\hdc-vr-pilot\experiments\phase_05_basic_dual_output_hdc\results\oof\vanilla_hdc_ridge_regression_oof.csv,a449d8f43a0935f0a3fcf8cf901894e426a83e552807dcef9551bc983ba22758,True
sub-cp017_ses-20210521_level-03B_run-002,sub-cp017,5,3.0,3.1754305417920095,3.1754305417920095,-0.17543054179200945,multimodal_reference,E:\hdc-vr-pilot\experiments\phase_05_basic_dual_output_hdc\results\oof\vanilla_hdc_ridge_regression_oof.csv,a449d8f43a0935f0a3fcf8cf901894e426a83e552807dcef9551bc983ba22758,True
sub-cp017_ses-20210521_level-03B_run-005,sub-cp017,5,3.0,2.6453247680402816,2.6453247680402816,0.3546752319597184,multimodal_reference,E:\hdc-vr-pilot\experiments\phase_05_basic_dual_output_hdc\results\oof\vanilla_hdc_ridge_regression_oof.csv,a449d8f43a0935f0a3fcf8cf901894e426a83e552807dcef9551bc983ba22758,True
sub-cp017_ses-20210521_level-03B_run-011,sub-cp017,5,3.0,2.965488310211022,2.965488310211022,0.03451168978897812,multimodal_reference,E:\hdc-vr-pilot\experiments\phase_05_basic_dual_output_hdc\results\oof\vanilla_hdc_ridge_regression_oof.csv,a449d8f43a0935f0a3fcf8cf901894e426a83e552807dcef9551bc983ba22758,True
sub-cp017_ses-20210521_level-04B_run-004,sub-cp017,5,4.0,3.8723218722014456,3.8723218722014456,0.12767812779855436,multimodal_reference,E:\hdc-vr-pilot\experiments\phase_05_basic_dual_output_hdc\results\oof\vanilla_hdc_ridge_regression_oof.csv,a449d8f43a0935f0a3fcf8cf901894e426a83e552807dcef9551bc983ba22758,True
sub-cp017_ses-20210521_level-04B_run-006,sub-cp017,5,4.0,4.298927512881282,4.0,0.0,multimodal_reference,E:\hdc-vr-pilot\experiments\phase_05_basic_dual_output_hdc\results\oof\vanilla_hdc_ridge_regression_oof.csv,a449d8f43a0935f0a3fcf8cf901894e426a83e552807dcef9551bc983ba22758,True
sub-cp017_ses-20210521_level-04B_run-009,sub-cp017,5,4.0,4.00529502943945,4.0,0.0,multimodal_reference,E:\hdc-vr-pilot\experiments\phase_05_basic_dual_output_hdc\results\oof\vanilla_hdc_ridge_regression_oof.csv,a449d8f43a0935f0a3fcf8cf901894e426a83e552807dcef9551bc983ba22758,True
sub-cp018_ses-20210709_level-01B_run-001,sub-cp018,4,1.0,1.2098502377544684,1.2098502377544684,-0.20985023775446843,multimodal_reference,E:\hdc-vr-pilot\experiments\phase_05_basic_dual_output_hdc\results\oof\vanilla_hdc_ridge_regression_oof.csv,a449d8f43a0935f0a3fcf8cf901894e426a83e552807dcef9551bc983ba22758,True
sub-cp018_ses-20210709_level-01B_run-007,sub-cp018,4,1.0,1.088801842148213,1.088801842148213,-0.08880184214821307,multimodal_reference,E:\hdc-vr-pilot\experiments\phase_05_basic_dual_output_hdc\results\oof\vanilla_hdc_ridge_regression_oof.csv,a449d8f43a0935f0a3fcf8cf901894e426a83e552807dcef9551bc983ba22758,True
sub-cp018_ses-20210709_level-01B_run-012,sub-cp018,4,1.0,0.8359920539566972,1.0,0.0,multimodal_reference,E:\hdc-vr-pilot\experiments\phase_05_basic_dual_output_hdc\results\oof\vanilla_hdc_ridge_regression_oof.csv,a449d8f43a0935f0a3fcf8cf901894e426a83e552807dcef9551bc983ba22758,True
sub-cp018_ses-20210709_level-02B_run-003,sub-cp018,4,2.0,1.9245852433644146,1.9245852433644146,0.07541475663558539,multimodal_reference,E:\hdc-vr-pilot\experiments\phase_05_basic_dual_output_hdc\results\oof\vanilla_hdc_ridge_regression_oof.csv,a449d8f43a0935f0a3fcf8cf901894e426a83e552807dcef9551bc983ba22758,True
sub-cp018_ses-20210709_level-02B_run-008,sub-cp018,4,2.0,1.8537683828230525,1.8537683828230525,0.14623161717694755,multimodal_reference,E:\hdc-vr-pilot\experiments\phase_05_basic_dual_output_hdc\results\oof\vanilla_hdc_ridge_regression_oof.csv,a449d8f43a0935f0a3fcf8cf901894e426a83e552807dcef9551bc983ba22758,True
sub-cp018_ses-20210709_level-02B_run-010,sub-cp018,4,2.0,1.713831564255035,1.713831564255035,0.286168435744965,multimodal_reference,E:\hdc-vr-pilot\experiments\phase_05_basic_dual_output_hdc\results\oof\vanilla_hdc_ridge_regression_oof.csv,a449d8f43a0935f0a3fcf8cf901894e426a83e552807dcef9551bc983ba22758,True
sub-cp018_ses-20210709_level-03B_run-002,sub-cp018,4,3.0,2.9611572958393224,2.9611572958393224,0.03884270416067759,multimodal_reference,E:\hdc-vr-pilot\experiments\phase_05_basic_dual_output_hdc\results\oof\vanilla_hdc_ridge_regression_oof.csv,a449d8f43a0935f0a3fcf8cf901894e426a83e552807dcef9551bc983ba22758,True
sub-cp018_ses-20210709_level-03B_run-005,sub-cp018,4,3.0,2.9429428823541586,2.9429428823541586,0.057057117645841426,multimodal_reference,E:\hdc-vr-pilot\experiments\phase_05_basic_dual_output_hdc\results\oof\vanilla_hdc_ridge_regression_oof.csv,a449d8f43a0935f0a3fcf8cf901894e426a83e552807dcef9551bc983ba22758,True
sub-cp018_ses-20210709_level-03B_run-011,sub-cp018,4,3.0,2.724421183218996,2.724421183218996,0.27557881678100404,multimodal_reference,E:\hdc-vr-pilot\experiments\phase_05_basic_dual_output_hdc\results\oof\vanilla_hdc_ridge_regression_oof.csv,a449d8f43a0935f0a3fcf8cf901894e426a83e552807dcef9551bc983ba22758,True
sub-cp018_ses-20210709_level-04B_run-004,sub-cp018,4,4.0,4.118409358597155,4.0,0.0,multimodal_reference,E:\hdc-vr-pilot\experiments\phase_05_basic_dual_output_hdc\results\oof\vanilla_hdc_ridge_regression_oof.csv,a449d8f43a0935f0a3fcf8cf901894e426a83e552807dcef9551bc983ba22758,True
sub-cp018_ses-20210709_level-04B_run-006,sub-cp018,4,4.0,4.047219691701771,4.0,0.0,multimodal_reference,E:\hdc-vr-pilot\experiments\phase_05_basic_dual_output_hdc\results\oof\vanilla_hdc_ridge_regression_oof.csv,a449d8f43a0935f0a3fcf8cf901894e426a83e552807dcef9551bc983ba22758,True
sub-cp018_ses-20210709_level-04B_run-009,sub-cp018,4,4.0,3.892722116348209,3.892722116348209,0.10727788365179114,multimodal_reference,E:\hdc-vr-pilot\experiments\phase_05_basic_dual_output_hdc\results\oof\vanilla_hdc_ridge_regression_oof.csv,a449d8f43a0935f0a3fcf8cf901894e426a83e552807dcef9551bc983ba22758,True
sub-cp019_ses-20210625_level-01B_run-001,sub-cp019,3,1.0,1.374476669049708,1.374476669049708,-0.3744766690497081,multimodal_reference,E:\hdc-vr-pilot\experiments\phase_05_basic_dual_output_hdc\results\oof\vanilla_hdc_ridge_regression_oof.csv,a449d8f43a0935f0a3fcf8cf901894e426a83e552807dcef9551bc983ba22758,True
sub-cp019_ses-20210625_level-01B_run-007,sub-cp019,3,1.0,0.7597453019813751,1.0,0.0,multimodal_reference,E:\hdc-vr-pilot\experiments\phase_05_basic_dual_output_hdc\results\oof\vanilla_hdc_ridge_regression_oof.csv,a449d8f43a0935f0a3fcf8cf901894e426a83e552807dcef9551bc983ba22758,True
sub-cp019_ses-20210625_level-01B_run-012,sub-cp019,3,1.0,1.3896301491125929,1.3896301491125929,-0.38963014911259286,multimodal_reference,E:\hdc-vr-pilot\experiments\phase_05_basic_dual_output_hdc\results\oof\vanilla_hdc_ridge_regression_oof.csv,a449d8f43a0935f0a3fcf8cf901894e426a83e552807dcef9551bc983ba22758,True
sub-cp019_ses-20210625_level-02B_run-003,sub-cp019,3,2.0,1.335551218209541,1.335551218209541,0.664448781790459,multimodal_reference,E:\hdc-vr-pilot\experiments\phase_05_basic_dual_output_hdc\results\oof\vanilla_hdc_ridge_regression_oof.csv,a449d8f43a0935f0a3fcf8cf901894e426a83e552807dcef9551bc983ba22758,True
sub-cp019_ses-20210625_level-02B_run-008,sub-cp019,3,2.0,2.185278199751847,2.185278199751847,-0.1852781997518469,multimodal_reference,E:\hdc-vr-pilot\experiments\phase_05_basic_dual_output_hdc\results\oof\vanilla_hdc_ridge_regression_oof.csv,a449d8f43a0935f0a3fcf8cf901894e426a83e552807dcef9551bc983ba22758,True
sub-cp019_ses-20210625_level-02B_run-010,sub-cp019,3,2.0,1.6690403446248485,1.6690403446248485,0.3309596553751515,multimodal_reference,E:\hdc-vr-pilot\experiments\phase_05_basic_dual_output_hdc\results\oof\vanilla_hdc_ridge_regression_oof.csv,a449d8f43a0935f0a3fcf8cf901894e426a83e552807dcef9551bc983ba22758,True
sub-cp019_ses-20210625_level-03B_run-002,sub-cp019,3,3.0,2.973111634719561,2.973111634719561,0.02688836528043881,multimodal_reference,E:\hdc-vr-pilot\experiments\phase_05_basic_dual_output_hdc\results\oof\vanilla_hdc_ridge_regression_oof.csv,a449d8f43a0935f0a3fcf8cf901894e426a83e552807dcef9551bc983ba22758,True
sub-cp019_ses-20210625_level-03B_run-005,sub-cp019,3,3.0,2.8688854902690144,2.8688854902690144,0.1311145097309856,multimodal_reference,E:\hdc-vr-pilot\experiments\phase_05_basic_dual_output_hdc\results\oof\vanilla_hdc_ridge_regression_oof.csv,a449d8f43a0935f0a3fcf8cf901894e426a83e552807dcef9551bc983ba22758,True
sub-cp019_ses-20210625_level-03B_run-011,sub-cp019,3,3.0,2.8830471908304025,2.8830471908304025,0.1169528091695975,multimodal_reference,E:\hdc-vr-pilot\experiments\phase_05_basic_dual_output_hdc\results\oof\vanilla_hdc_ridge_regression_oof.csv,a449d8f43a0935f0a3fcf8cf901894e426a83e552807dcef9551bc983ba22758,True
sub-cp019_ses-20210625_level-04B_run-004,sub-cp019,3,4.0,3.844303935912511,3.844303935912511,0.15569606408748893,multimodal_reference,E:\hdc-vr-pilot\experiments\phase_05_basic_dual_output_hdc\results\oof\vanilla_hdc_ridge_regression_oof.csv,a449d8f43a0935f0a3fcf8cf901894e426a83e552807dcef9551bc983ba22758,True
sub-cp019_ses-20210625_level-04B_run-006,sub-cp019,3,4.0,3.8650449871257315,3.8650449871257315,0.13495501287426848,multimodal_reference,E:\hdc-vr-pilot\experiments\phase_05_basic_dual_output_hdc\results\oof\vanilla_hdc_ridge_regression_oof.csv,a449d8f43a0935f0a3fcf8cf901894e426a83e552807dcef9551bc983ba22758,True
sub-cp019_ses-20210625_level-04B_run-009,sub-cp019,3,4.0,3.9202306001795195,3.9202306001795195,0.07976939982048048,multimodal_reference,E:\hdc-vr-pilot\experiments\phase_05_basic_dual_output_hdc\results\oof\vanilla_hdc_ridge_regression_oof.csv,a449d8f43a0935f0a3fcf8cf901894e426a83e552807dcef9551bc983ba22758,True
sub-cp020_ses-20210604_level-01B_run-001,sub-cp020,2,1.0,1.480997626400414,1.480997626400414,-0.4809976264004141,multimodal_reference,E:\hdc-vr-pilot\experiments\phase_05_basic_dual_output_hdc\results\oof\vanilla_hdc_ridge_regression_oof.csv,a449d8f43a0935f0a3fcf8cf901894e426a83e552807dcef9551bc983ba22758,True
sub-cp020_ses-20210604_level-01B_run-007,sub-cp020,2,1.0,1.426011212631646,1.426011212631646,-0.426011212631646,multimodal_reference,E:\hdc-vr-pilot\experiments\phase_05_basic_dual_output_hdc\results\oof\vanilla_hdc_ridge_regression_oof.csv,a449d8f43a0935f0a3fcf8cf901894e426a83e552807dcef9551bc983ba22758,True
sub-cp020_ses-20210604_level-01B_run-012,sub-cp020,2,1.0,1.3412606665366975,1.3412606665366975,-0.3412606665366975,multimodal_reference,E:\hdc-vr-pilot\experiments\phase_05_basic_dual_output_hdc\results\oof\vanilla_hdc_ridge_regression_oof.csv,a449d8f43a0935f0a3fcf8cf901894e426a83e552807dcef9551bc983ba22758,True
sub-cp020_ses-20210604_level-02B_run-003,sub-cp020,2,2.0,2.08987393505547,2.08987393505547,-0.08987393505546981,multimodal_reference,E:\hdc-vr-pilot\experiments\phase_05_basic_dual_output_hdc\results\oof\vanilla_hdc_ridge_regression_oof.csv,a449d8f43a0935f0a3fcf8cf901894e426a83e552807dcef9551bc983ba22758,True
sub-cp020_ses-20210604_level-02B_run-008,sub-cp020,2,2.0,1.8069930257115572,1.8069930257115572,0.19300697428844282,multimodal_reference,E:\hdc-vr-pilot\experiments\phase_05_basic_dual_output_hdc\results\oof\vanilla_hdc_ridge_regression_oof.csv,a449d8f43a0935f0a3fcf8cf901894e426a83e552807dcef9551bc983ba22758,True
sub-cp020_ses-20210604_level-02B_run-010,sub-cp020,2,2.0,2.1352907229957894,2.1352907229957894,-0.13529072299578937,multimodal_reference,E:\hdc-vr-pilot\experiments\phase_05_basic_dual_output_hdc\results\oof\vanilla_hdc_ridge_regression_oof.csv,a449d8f43a0935f0a3fcf8cf901894e426a83e552807dcef9551bc983ba22758,True
sub-cp020_ses-20210604_level-03B_run-002,sub-cp020,2,3.0,3.2577731467041247,3.2577731467041247,-0.25777314670412466,multimodal_reference,E:\hdc-vr-pilot\experiments\phase_05_basic_dual_output_hdc\results\oof\vanilla_hdc_ridge_regression_oof.csv,a449d8f43a0935f0a3fcf8cf901894e426a83e552807dcef9551bc983ba22758,True
sub-cp020_ses-20210604_level-03B_run-005,sub-cp020,2,3.0,2.8374529332634566,2.8374529332634566,0.1625470667365434,multimodal_reference,E:\hdc-vr-pilot\experiments\phase_05_basic_dual_output_hdc\results\oof\vanilla_hdc_ridge_regression_oof.csv,a449d8f43a0935f0a3fcf8cf901894e426a83e552807dcef9551bc983ba22758,True
sub-cp020_ses-20210604_level-03B_run-011,sub-cp020,2,3.0,3.070577100512497,3.070577100512497,-0.0705771005124971,multimodal_reference,E:\hdc-vr-pilot\experiments\phase_05_basic_dual_output_hdc\results\oof\vanilla_hdc_ridge_regression_oof.csv,a449d8f43a0935f0a3fcf8cf901894e426a83e552807dcef9551bc983ba22758,True
sub-cp020_ses-20210604_level-04B_run-004,sub-cp020,2,4.0,3.88308858047602,3.88308858047602,0.11691141952397999,multimodal_reference,E:\hdc-vr-pilot\experiments\phase_05_basic_dual_output_hdc\results\oof\vanilla_hdc_ridge_regression_oof.csv,a449d8f43a0935f0a3fcf8cf901894e426a83e552807dcef9551bc983ba22758,True
sub-cp020_ses-20210604_level-04B_run-006,sub-cp020,2,4.0,4.088591378661545,4.0,0.0,multimodal_reference,E:\hdc-vr-pilot\experiments\phase_05_basic_dual_output_hdc\results\oof\vanilla_hdc_ridge_regression_oof.csv,a449d8f43a0935f0a3fcf8cf901894e426a83e552807dcef9551bc983ba22758,True
sub-cp020_ses-20210604_level-04B_run-009,sub-cp020,2,4.0,3.911533425005343,3.911533425005343,0.08846657499465715,multimodal_reference,E:\hdc-vr-pilot\experiments\phase_05_basic_dual_output_hdc\results\oof\vanilla_hdc_ridge_regression_oof.csv,a449d8f43a0935f0a3fcf8cf901894e426a83e552807dcef9551bc983ba22758,True
sub-cp022_ses-20210621_level-01B_run-001,sub-cp022,5,1.0,1.9245849876398444,1.9245849876398444,-0.9245849876398444,multimodal_reference,E:\hdc-vr-pilot\experiments\phase_05_basic_dual_output_hdc\results\oof\vanilla_hdc_ridge_regression_oof.csv,a449d8f43a0935f0a3fcf8cf901894e426a83e552807dcef9551bc983ba22758,True
sub-cp022_ses-20210621_level-01B_run-007,sub-cp022,5,1.0,1.6463407946124804,1.6463407946124804,-0.6463407946124804,multimodal_reference,E:\hdc-vr-pilot\experiments\phase_05_basic_dual_output_hdc\results\oof\vanilla_hdc_ridge_regression_oof.csv,a449d8f43a0935f0a3fcf8cf901894e426a83e552807dcef9551bc983ba22758,True
sub-cp022_ses-20210621_level-01B_run-012,sub-cp022,5,1.0,1.605653244352504,1.605653244352504,-0.605653244352504,multimodal_reference,E:\hdc-vr-pilot\experiments\phase_05_basic_dual_output_hdc\results\oof\vanilla_hdc_ridge_regression_oof.csv,a449d8f43a0935f0a3fcf8cf901894e426a83e552807dcef9551bc983ba22758,True
sub-cp022_ses-20210621_level-02B_run-003,sub-cp022,5,2.0,2.0140989899714925,2.0140989899714925,-0.014098989971492504,multimodal_reference,E:\hdc-vr-pilot\experiments\phase_05_basic_dual_output_hdc\results\oof\vanilla_hdc_ridge_regression_oof.csv,a449d8f43a0935f0a3fcf8cf901894e426a83e552807dcef9551bc983ba22758,True
sub-cp022_ses-20210621_level-02B_run-008,sub-cp022,5,2.0,2.485321169164206,2.485321169164206,-0.4853211691642061,multimodal_reference,E:\hdc-vr-pilot\experiments\phase_05_basic_dual_output_hdc\results\oof\vanilla_hdc_ridge_regression_oof.csv,a449d8f43a0935f0a3fcf8cf901894e426a83e552807dcef9551bc983ba22758,True
sub-cp022_ses-20210621_level-02B_run-010,sub-cp022,5,2.0,2.2938429174133317,2.2938429174133317,-0.2938429174133317,multimodal_reference,E:\hdc-vr-pilot\experiments\phase_05_basic_dual_output_hdc\results\oof\vanilla_hdc_ridge_regression_oof.csv,a449d8f43a0935f0a3fcf8cf901894e426a83e552807dcef9551bc983ba22758,True
sub-cp022_ses-20210621_level-03B_run-002,sub-cp022,5,3.0,3.4307901717855516,3.4307901717855516,-0.43079017178555157,multimodal_reference,E:\hdc-vr-pilot\experiments\phase_05_basic_dual_output_hdc\results\oof\vanilla_hdc_ridge_regression_oof.csv,a449d8f43a0935f0a3fcf8cf901894e426a83e552807dcef9551bc983ba22758,True
sub-cp022_ses-20210621_level-03B_run-005,sub-cp022,5,3.0,3.0007447334802664,3.0007447334802664,-0.0007447334802663796,multimodal_reference,E:\hdc-vr-pilot\experiments\phase_05_basic_dual_output_hdc\results\oof\vanilla_hdc_ridge_regression_oof.csv,a449d8f43a0935f0a3fcf8cf901894e426a83e552807dcef9551bc983ba22758,True
sub-cp022_ses-20210621_level-03B_run-011,sub-cp022,5,3.0,2.875015433838924,2.875015433838924,0.12498456616107578,multimodal_reference,E:\hdc-vr-pilot\experiments\phase_05_basic_dual_output_hdc\results\oof\vanilla_hdc_ridge_regression_oof.csv,a449d8f43a0935f0a3fcf8cf901894e426a83e552807dcef9551bc983ba22758,True
sub-cp022_ses-20210621_level-04B_run-004,sub-cp022,5,4.0,3.841764381463741,3.841764381463741,0.158235618536259,multimodal_reference,E:\hdc-vr-pilot\experiments\phase_05_basic_dual_output_hdc\results\oof\vanilla_hdc_ridge_regression_oof.csv,a449d8f43a0935f0a3fcf8cf901894e426a83e552807dcef9551bc983ba22758,True
sub-cp022_ses-20210621_level-04B_run-006,sub-cp022,5,4.0,4.125492833408094,4.0,0.0,multimodal_reference,E:\hdc-vr-pilot\experiments\phase_05_basic_dual_output_hdc\results\oof\vanilla_hdc_ridge_regression_oof.csv,a449d8f43a0935f0a3fcf8cf901894e426a83e552807dcef9551bc983ba22758,True
sub-cp022_ses-20210621_level-04B_run-009,sub-cp022,5,4.0,4.024011859978284,4.0,0.0,multimodal_reference,E:\hdc-vr-pilot\experiments\phase_05_basic_dual_output_hdc\results\oof\vanilla_hdc_ridge_regression_oof.csv,a449d8f43a0935f0a3fcf8cf901894e426a83e552807dcef9551bc983ba22758,True
sub-cp023_ses-20210628_level-01B_run-001,sub-cp023,3,1.0,1.2023236430775222,1.2023236430775222,-0.20232364307752215,multimodal_reference,E:\hdc-vr-pilot\experiments\phase_05_basic_dual_output_hdc\results\oof\vanilla_hdc_ridge_regression_oof.csv,a449d8f43a0935f0a3fcf8cf901894e426a83e552807dcef9551bc983ba22758,True
sub-cp023_ses-20210628_level-01B_run-007,sub-cp023,3,1.0,1.2884873523692177,1.2884873523692177,-0.28848735236921774,multimodal_reference,E:\hdc-vr-pilot\experiments\phase_05_basic_dual_output_hdc\results\oof\vanilla_hdc_ridge_regression_oof.csv,a449d8f43a0935f0a3fcf8cf901894e426a83e552807dcef9551bc983ba22758,True
sub-cp023_ses-20210628_level-01B_run-012,sub-cp023,3,1.0,1.844895024848197,1.844895024848197,-0.844895024848197,multimodal_reference,E:\hdc-vr-pilot\experiments\phase_05_basic_dual_output_hdc\results\oof\vanilla_hdc_ridge_regression_oof.csv,a449d8f43a0935f0a3fcf8cf901894e426a83e552807dcef9551bc983ba22758,True
sub-cp023_ses-20210628_level-02B_run-003,sub-cp023,3,2.0,2.0956716602732204,2.0956716602732204,-0.09567166027322038,multimodal_reference,E:\hdc-vr-pilot\experiments\phase_05_basic_dual_output_hdc\results\oof\vanilla_hdc_ridge_regression_oof.csv,a449d8f43a0935f0a3fcf8cf901894e426a83e552807dcef9551bc983ba22758,True
sub-cp023_ses-20210628_level-02B_run-008,sub-cp023,3,2.0,1.5969039665377374,1.5969039665377374,0.40309603346226264,multimodal_reference,E:\hdc-vr-pilot\experiments\phase_05_basic_dual_output_hdc\results\oof\vanilla_hdc_ridge_regression_oof.csv,a449d8f43a0935f0a3fcf8cf901894e426a83e552807dcef9551bc983ba22758,True
sub-cp023_ses-20210628_level-02B_run-010,sub-cp023,3,2.0,2.5614584621315295,2.5614584621315295,-0.5614584621315295,multimodal_reference,E:\hdc-vr-pilot\experiments\phase_05_basic_dual_output_hdc\results\oof\vanilla_hdc_ridge_regression_oof.csv,a449d8f43a0935f0a3fcf8cf901894e426a83e552807dcef9551bc983ba22758,True
sub-cp023_ses-20210628_level-03B_run-002,sub-cp023,3,3.0,2.827174374585687,2.827174374585687,0.1728256254143128,multimodal_reference,E:\hdc-vr-pilot\experiments\phase_05_basic_dual_output_hdc\results\oof\vanilla_hdc_ridge_regression_oof.csv,a449d8f43a0935f0a3fcf8cf901894e426a83e552807dcef9551bc983ba22758,True
sub-cp023_ses-20210628_level-03B_run-005,sub-cp023,3,3.0,2.703500596533604,2.703500596533604,0.29649940346639614,multimodal_reference,E:\hdc-vr-pilot\experiments\phase_05_basic_dual_output_hdc\results\oof\vanilla_hdc_ridge_regression_oof.csv,a449d8f43a0935f0a3fcf8cf901894e426a83e552807dcef9551bc983ba22758,True
sub-cp023_ses-20210628_level-03B_run-011,sub-cp023,3,3.0,1.366250814849244,1.366250814849244,1.633749185150756,multimodal_reference,E:\hdc-vr-pilot\experiments\phase_05_basic_dual_output_hdc\results\oof\vanilla_hdc_ridge_regression_oof.csv,a449d8f43a0935f0a3fcf8cf901894e426a83e552807dcef9551bc983ba22758,True
sub-cp023_ses-20210628_level-04B_run-004,sub-cp023,3,4.0,4.254864946409297,4.0,0.0,multimodal_reference,E:\hdc-vr-pilot\experiments\phase_05_basic_dual_output_hdc\results\oof\vanilla_hdc_ridge_regression_oof.csv,a449d8f43a0935f0a3fcf8cf901894e426a83e552807dcef9551bc983ba22758,True
sub-cp023_ses-20210628_level-04B_run-006,sub-cp023,3,4.0,3.829137370847346,3.829137370847346,0.17086262915265404,multimodal_reference,E:\hdc-vr-pilot\experiments\phase_05_basic_dual_output_hdc\results\oof\vanilla_hdc_ridge_regression_oof.csv,a449d8f43a0935f0a3fcf8cf901894e426a83e552807dcef9551bc983ba22758,True
sub-cp023_ses-20210628_level-04B_run-009,sub-cp023,3,4.0,3.8000667873245497,3.8000667873245497,0.19993321267545028,multimodal_reference,E:\hdc-vr-pilot\experiments\phase_05_basic_dual_output_hdc\results\oof\vanilla_hdc_ridge_regression_oof.csv,a449d8f43a0935f0a3fcf8cf901894e426a83e552807dcef9551bc983ba22758,True
sub-cp024_ses-20210629_level-01B_run-001,sub-cp024,3,1.0,1.217092745843081,1.217092745843081,-0.21709274584308091,multimodal_reference,E:\hdc-vr-pilot\experiments\phase_05_basic_dual_output_hdc\results\oof\vanilla_hdc_ridge_regression_oof.csv,a449d8f43a0935f0a3fcf8cf901894e426a83e552807dcef9551bc983ba22758,True
sub-cp024_ses-20210629_level-01B_run-007,sub-cp024,3,1.0,1.1658506152357737,1.1658506152357737,-0.1658506152357737,multimodal_reference,E:\hdc-vr-pilot\experiments\phase_05_basic_dual_output_hdc\results\oof\vanilla_hdc_ridge_regression_oof.csv,a449d8f43a0935f0a3fcf8cf901894e426a83e552807dcef9551bc983ba22758,True
sub-cp024_ses-20210629_level-01B_run-012,sub-cp024,3,1.0,0.9138395209519986,1.0,0.0,multimodal_reference,E:\hdc-vr-pilot\experiments\phase_05_basic_dual_output_hdc\results\oof\vanilla_hdc_ridge_regression_oof.csv,a449d8f43a0935f0a3fcf8cf901894e426a83e552807dcef9551bc983ba22758,True
sub-cp024_ses-20210629_level-02B_run-003,sub-cp024,3,2.0,1.763299512611723,1.763299512611723,0.23670048738827698,multimodal_reference,E:\hdc-vr-pilot\experiments\phase_05_basic_dual_output_hdc\results\oof\vanilla_hdc_ridge_regression_oof.csv,a449d8f43a0935f0a3fcf8cf901894e426a83e552807dcef9551bc983ba22758,True
sub-cp024_ses-20210629_level-02B_run-008,sub-cp024,3,2.0,1.5605017351879726,1.5605017351879726,0.43949826481202736,multimodal_reference,E:\hdc-vr-pilot\experiments\phase_05_basic_dual_output_hdc\results\oof\vanilla_hdc_ridge_regression_oof.csv,a449d8f43a0935f0a3fcf8cf901894e426a83e552807dcef9551bc983ba22758,True
sub-cp024_ses-20210629_level-02B_run-010,sub-cp024,3,2.0,2.005377894239586,2.005377894239586,-0.005377894239586123,multimodal_reference,E:\hdc-vr-pilot\experiments\phase_05_basic_dual_output_hdc\results\oof\vanilla_hdc_ridge_regression_oof.csv,a449d8f43a0935f0a3fcf8cf901894e426a83e552807dcef9551bc983ba22758,True
sub-cp024_ses-20210629_level-03B_run-002,sub-cp024,3,3.0,2.801568129393927,2.801568129393927,0.1984318706060728,multimodal_reference,E:\hdc-vr-pilot\experiments\phase_05_basic_dual_output_hdc\results\oof\vanilla_hdc_ridge_regression_oof.csv,a449d8f43a0935f0a3fcf8cf901894e426a83e552807dcef9551bc983ba22758,True
sub-cp024_ses-20210629_level-03B_run-005,sub-cp024,3,3.0,2.7916491723786097,2.7916491723786097,0.20835082762139034,multimodal_reference,E:\hdc-vr-pilot\experiments\phase_05_basic_dual_output_hdc\results\oof\vanilla_hdc_ridge_regression_oof.csv,a449d8f43a0935f0a3fcf8cf901894e426a83e552807dcef9551bc983ba22758,True
sub-cp024_ses-20210629_level-03B_run-011,sub-cp024,3,3.0,2.759891490169276,2.759891490169276,0.24010850983072407,multimodal_reference,E:\hdc-vr-pilot\experiments\phase_05_basic_dual_output_hdc\results\oof\vanilla_hdc_ridge_regression_oof.csv,a449d8f43a0935f0a3fcf8cf901894e426a83e552807dcef9551bc983ba22758,True
sub-cp024_ses-20210629_level-04B_run-004,sub-cp024,3,4.0,3.37665748833939,3.37665748833939,0.6233425116606099,multimodal_reference,E:\hdc-vr-pilot\experiments\phase_05_basic_dual_output_hdc\results\oof\vanilla_hdc_ridge_regression_oof.csv,a449d8f43a0935f0a3fcf8cf901894e426a83e552807dcef9551bc983ba22758,True
sub-cp024_ses-20210629_level-04B_run-006,sub-cp024,3,4.0,3.6742199135014033,3.6742199135014033,0.3257800864985967,multimodal_reference,E:\hdc-vr-pilot\experiments\phase_05_basic_dual_output_hdc\results\oof\vanilla_hdc_ridge_regression_oof.csv,a449d8f43a0935f0a3fcf8cf901894e426a83e552807dcef9551bc983ba22758,True
sub-cp024_ses-20210629_level-04B_run-009,sub-cp024,3,4.0,2.9084835632553827,2.9084835632553827,1.0915164367446173,multimodal_reference,E:\hdc-vr-pilot\experiments\phase_05_basic_dual_output_hdc\results\oof\vanilla_hdc_ridge_regression_oof.csv,a449d8f43a0935f0a3fcf8cf901894e426a83e552807dcef9551bc983ba22758,True
sub-cp025_ses-20210820_level-01B_run-001,sub-cp025,3,1.0,1.2075640783773034,1.2075640783773034,-0.2075640783773034,multimodal_reference,E:\hdc-vr-pilot\experiments\phase_05_basic_dual_output_hdc\results\oof\vanilla_hdc_ridge_regression_oof.csv,a449d8f43a0935f0a3fcf8cf901894e426a83e552807dcef9551bc983ba22758,True
sub-cp025_ses-20210820_level-01B_run-007,sub-cp025,3,1.0,0.49813531012546114,1.0,0.0,multimodal_reference,E:\hdc-vr-pilot\experiments\phase_05_basic_dual_output_hdc\results\oof\vanilla_hdc_ridge_regression_oof.csv,a449d8f43a0935f0a3fcf8cf901894e426a83e552807dcef9551bc983ba22758,True
sub-cp025_ses-20210820_level-01B_run-012,sub-cp025,3,1.0,1.0798046936342172,1.0798046936342172,-0.07980469363421716,multimodal_reference,E:\hdc-vr-pilot\experiments\phase_05_basic_dual_output_hdc\results\oof\vanilla_hdc_ridge_regression_oof.csv,a449d8f43a0935f0a3fcf8cf901894e426a83e552807dcef9551bc983ba22758,True
sub-cp025_ses-20210820_level-02B_run-003,sub-cp025,3,2.0,1.7999000466387987,1.7999000466387987,0.20009995336120134,multimodal_reference,E:\hdc-vr-pilot\experiments\phase_05_basic_dual_output_hdc\results\oof\vanilla_hdc_ridge_regression_oof.csv,a449d8f43a0935f0a3fcf8cf901894e426a83e552807dcef9551bc983ba22758,True
sub-cp025_ses-20210820_level-02B_run-008,sub-cp025,3,2.0,1.9290866611562258,1.9290866611562258,0.07091333884377415,multimodal_reference,E:\hdc-vr-pilot\experiments\phase_05_basic_dual_output_hdc\results\oof\vanilla_hdc_ridge_regression_oof.csv,a449d8f43a0935f0a3fcf8cf901894e426a83e552807dcef9551bc983ba22758,True
sub-cp025_ses-20210820_level-02B_run-010,sub-cp025,3,2.0,1.5912963443620085,1.5912963443620085,0.4087036556379915,multimodal_reference,E:\hdc-vr-pilot\experiments\phase_05_basic_dual_output_hdc\results\oof\vanilla_hdc_ridge_regression_oof.csv,a449d8f43a0935f0a3fcf8cf901894e426a83e552807dcef9551bc983ba22758,True
sub-cp025_ses-20210820_level-03B_run-002,sub-cp025,3,3.0,2.9705866359536537,2.9705866359536537,0.029413364046346313,multimodal_reference,E:\hdc-vr-pilot\experiments\phase_05_basic_dual_output_hdc\results\oof\vanilla_hdc_ridge_regression_oof.csv,a449d8f43a0935f0a3fcf8cf901894e426a83e552807dcef9551bc983ba22758,True
sub-cp025_ses-20210820_level-03B_run-005,sub-cp025,3,3.0,2.9202814607916325,2.9202814607916325,0.07971853920836747,multimodal_reference,E:\hdc-vr-pilot\experiments\phase_05_basic_dual_output_hdc\results\oof\vanilla_hdc_ridge_regression_oof.csv,a449d8f43a0935f0a3fcf8cf901894e426a83e552807dcef9551bc983ba22758,True
sub-cp025_ses-20210820_level-03B_run-011,sub-cp025,3,3.0,2.943063746160251,2.943063746160251,0.056936253839749096,multimodal_reference,E:\hdc-vr-pilot\experiments\phase_05_basic_dual_output_hdc\results\oof\vanilla_hdc_ridge_regression_oof.csv,a449d8f43a0935f0a3fcf8cf901894e426a83e552807dcef9551bc983ba22758,True
sub-cp025_ses-20210820_level-04B_run-004,sub-cp025,3,4.0,4.0829609653849115,4.0,0.0,multimodal_reference,E:\hdc-vr-pilot\experiments\phase_05_basic_dual_output_hdc\results\oof\vanilla_hdc_ridge_regression_oof.csv,a449d8f43a0935f0a3fcf8cf901894e426a83e552807dcef9551bc983ba22758,True
sub-cp025_ses-20210820_level-04B_run-006,sub-cp025,3,4.0,4.261107243816642,4.0,0.0,multimodal_reference,E:\hdc-vr-pilot\experiments\phase_05_basic_dual_output_hdc\results\oof\vanilla_hdc_ridge_regression_oof.csv,a449d8f43a0935f0a3fcf8cf901894e426a83e552807dcef9551bc983ba22758,True
sub-cp025_ses-20210820_level-04B_run-009,sub-cp025,3,4.0,4.153896446106637,4.0,0.0,multimodal_reference,E:\hdc-vr-pilot\experiments\phase_05_basic_dual_output_hdc\results\oof\vanilla_hdc_ridge_regression_oof.csv,a449d8f43a0935f0a3fcf8cf901894e426a83e552807dcef9551bc983ba22758,True
sub-cp026_ses-20210716_level-01B_run-001,sub-cp026,2,1.0,0.9977166900663293,1.0,0.0,multimodal_reference,E:\hdc-vr-pilot\experiments\phase_05_basic_dual_output_hdc\results\oof\vanilla_hdc_ridge_regression_oof.csv,a449d8f43a0935f0a3fcf8cf901894e426a83e552807dcef9551bc983ba22758,True
sub-cp026_ses-20210716_level-01B_run-007,sub-cp026,2,1.0,0.9390283985346566,1.0,0.0,multimodal_reference,E:\hdc-vr-pilot\experiments\phase_05_basic_dual_output_hdc\results\oof\vanilla_hdc_ridge_regression_oof.csv,a449d8f43a0935f0a3fcf8cf901894e426a83e552807dcef9551bc983ba22758,True
sub-cp026_ses-20210716_level-01B_run-012,sub-cp026,2,1.0,0.9766068310446745,1.0,0.0,multimodal_reference,E:\hdc-vr-pilot\experiments\phase_05_basic_dual_output_hdc\results\oof\vanilla_hdc_ridge_regression_oof.csv,a449d8f43a0935f0a3fcf8cf901894e426a83e552807dcef9551bc983ba22758,True
sub-cp026_ses-20210716_level-02B_run-003,sub-cp026,2,2.0,1.837086623379842,1.837086623379842,0.16291337662015803,multimodal_reference,E:\hdc-vr-pilot\experiments\phase_05_basic_dual_output_hdc\results\oof\vanilla_hdc_ridge_regression_oof.csv,a449d8f43a0935f0a3fcf8cf901894e426a83e552807dcef9551bc983ba22758,True
sub-cp026_ses-20210716_level-02B_run-008,sub-cp026,2,2.0,1.6958343222725063,1.6958343222725063,0.3041656777274937,multimodal_reference,E:\hdc-vr-pilot\experiments\phase_05_basic_dual_output_hdc\results\oof\vanilla_hdc_ridge_regression_oof.csv,a449d8f43a0935f0a3fcf8cf901894e426a83e552807dcef9551bc983ba22758,True
sub-cp026_ses-20210716_level-02B_run-010,sub-cp026,2,2.0,1.6879048472001337,1.6879048472001337,0.3120951527998663,multimodal_reference,E:\hdc-vr-pilot\experiments\phase_05_basic_dual_output_hdc\results\oof\vanilla_hdc_ridge_regression_oof.csv,a449d8f43a0935f0a3fcf8cf901894e426a83e552807dcef9551bc983ba22758,True
sub-cp026_ses-20210716_level-03B_run-002,sub-cp026,2,3.0,3.1883281500117873,3.1883281500117873,-0.18832815001178727,multimodal_reference,E:\hdc-vr-pilot\experiments\phase_05_basic_dual_output_hdc\results\oof\vanilla_hdc_ridge_regression_oof.csv,a449d8f43a0935f0a3fcf8cf901894e426a83e552807dcef9551bc983ba22758,True
sub-cp026_ses-20210716_level-03B_run-005,sub-cp026,2,3.0,2.807978693262987,2.807978693262987,0.19202130673701312,multimodal_reference,E:\hdc-vr-pilot\experiments\phase_05_basic_dual_output_hdc\results\oof\vanilla_hdc_ridge_regression_oof.csv,a449d8f43a0935f0a3fcf8cf901894e426a83e552807dcef9551bc983ba22758,True
sub-cp026_ses-20210716_level-03B_run-011,sub-cp026,2,3.0,2.7719199625234436,2.7719199625234436,0.22808003747655636,multimodal_reference,E:\hdc-vr-pilot\experiments\phase_05_basic_dual_output_hdc\results\oof\vanilla_hdc_ridge_regression_oof.csv,a449d8f43a0935f0a3fcf8cf901894e426a83e552807dcef9551bc983ba22758,True
sub-cp026_ses-20210716_level-04B_run-004,sub-cp026,2,4.0,4.113921161210061,4.0,0.0,multimodal_reference,E:\hdc-vr-pilot\experiments\phase_05_basic_dual_output_hdc\results\oof\vanilla_hdc_ridge_regression_oof.csv,a449d8f43a0935f0a3fcf8cf901894e426a83e552807dcef9551bc983ba22758,True
sub-cp026_ses-20210716_level-04B_run-006,sub-cp026,2,4.0,3.7385864222926566,3.7385864222926566,0.2614135777073434,multimodal_reference,E:\hdc-vr-pilot\experiments\phase_05_basic_dual_output_hdc\results\oof\vanilla_hdc_ridge_regression_oof.csv,a449d8f43a0935f0a3fcf8cf901894e426a83e552807dcef9551bc983ba22758,True
sub-cp026_ses-20210716_level-04B_run-009,sub-cp026,2,4.0,4.0035249361512095,4.0,0.0,multimodal_reference,E:\hdc-vr-pilot\experiments\phase_05_basic_dual_output_hdc\results\oof\vanilla_hdc_ridge_regression_oof.csv,a449d8f43a0935f0a3fcf8cf901894e426a83e552807dcef9551bc983ba22758,True
sub-cp027_ses-20210722_level-01B_run-001,sub-cp027,1,1.0,1.0111749788627113,1.0111749788627113,-0.011174978862711349,multimodal_reference,E:\hdc-vr-pilot\experiments\phase_05_basic_dual_output_hdc\results\oof\vanilla_hdc_ridge_regression_oof.csv,a449d8f43a0935f0a3fcf8cf901894e426a83e552807dcef9551bc983ba22758,True
sub-cp027_ses-20210722_level-01B_run-007,sub-cp027,1,1.0,1.113406474075988,1.113406474075988,-0.11340647407598792,multimodal_reference,E:\hdc-vr-pilot\experiments\phase_05_basic_dual_output_hdc\results\oof\vanilla_hdc_ridge_regression_oof.csv,a449d8f43a0935f0a3fcf8cf901894e426a83e552807dcef9551bc983ba22758,True
sub-cp027_ses-20210722_level-01B_run-012,sub-cp027,1,1.0,1.0352213153719336,1.0352213153719336,-0.035221315371933626,multimodal_reference,E:\hdc-vr-pilot\experiments\phase_05_basic_dual_output_hdc\results\oof\vanilla_hdc_ridge_regression_oof.csv,a449d8f43a0935f0a3fcf8cf901894e426a83e552807dcef9551bc983ba22758,True
sub-cp027_ses-20210722_level-02B_run-003,sub-cp027,1,2.0,2.0354439764415737,2.0354439764415737,-0.03544397644157371,multimodal_reference,E:\hdc-vr-pilot\experiments\phase_05_basic_dual_output_hdc\results\oof\vanilla_hdc_ridge_regression_oof.csv,a449d8f43a0935f0a3fcf8cf901894e426a83e552807dcef9551bc983ba22758,True
sub-cp027_ses-20210722_level-02B_run-008,sub-cp027,1,2.0,2.056354843028342,2.056354843028342,-0.05635484302834204,multimodal_reference,E:\hdc-vr-pilot\experiments\phase_05_basic_dual_output_hdc\results\oof\vanilla_hdc_ridge_regression_oof.csv,a449d8f43a0935f0a3fcf8cf901894e426a83e552807dcef9551bc983ba22758,True
sub-cp027_ses-20210722_level-02B_run-010,sub-cp027,1,2.0,2.032776950767915,2.032776950767915,-0.0327769507679152,multimodal_reference,E:\hdc-vr-pilot\experiments\phase_05_basic_dual_output_hdc\results\oof\vanilla_hdc_ridge_regression_oof.csv,a449d8f43a0935f0a3fcf8cf901894e426a83e552807dcef9551bc983ba22758,True
sub-cp027_ses-20210722_level-03B_run-002,sub-cp027,1,3.0,2.7264244392934236,2.7264244392934236,0.2735755607065764,multimodal_reference,E:\hdc-vr-pilot\experiments\phase_05_basic_dual_output_hdc\results\oof\vanilla_hdc_ridge_regression_oof.csv,a449d8f43a0935f0a3fcf8cf901894e426a83e552807dcef9551bc983ba22758,True
sub-cp027_ses-20210722_level-03B_run-005,sub-cp027,1,3.0,2.580939431814882,2.580939431814882,0.41906056818511805,multimodal_reference,E:\hdc-vr-pilot\experiments\phase_05_basic_dual_output_hdc\results\oof\vanilla_hdc_ridge_regression_oof.csv,a449d8f43a0935f0a3fcf8cf901894e426a83e552807dcef9551bc983ba22758,True
sub-cp027_ses-20210722_level-03B_run-011,sub-cp027,1,3.0,2.836113274435102,2.836113274435102,0.16388672556489814,multimodal_reference,E:\hdc-vr-pilot\experiments\phase_05_basic_dual_output_hdc\results\oof\vanilla_hdc_ridge_regression_oof.csv,a449d8f43a0935f0a3fcf8cf901894e426a83e552807dcef9551bc983ba22758,True
sub-cp027_ses-20210722_level-04B_run-004,sub-cp027,1,4.0,4.100033714707201,4.0,0.0,multimodal_reference,E:\hdc-vr-pilot\experiments\phase_05_basic_dual_output_hdc\results\oof\vanilla_hdc_ridge_regression_oof.csv,a449d8f43a0935f0a3fcf8cf901894e426a83e552807dcef9551bc983ba22758,True
sub-cp027_ses-20210722_level-04B_run-006,sub-cp027,1,4.0,4.010370306943605,4.0,0.0,multimodal_reference,E:\hdc-vr-pilot\experiments\phase_05_basic_dual_output_hdc\results\oof\vanilla_hdc_ridge_regression_oof.csv,a449d8f43a0935f0a3fcf8cf901894e426a83e552807dcef9551bc983ba22758,True
sub-cp027_ses-20210722_level-04B_run-009,sub-cp027,1,4.0,4.165146951931508,4.0,0.0,multimodal_reference,E:\hdc-vr-pilot\experiments\phase_05_basic_dual_output_hdc\results\oof\vanilla_hdc_ridge_regression_oof.csv,a449d8f43a0935f0a3fcf8cf901894e426a83e552807dcef9551bc983ba22758,True
sub-cp028_ses-20211214_level-01B_run-001,sub-cp028,5,1.0,1.3974819751212342,1.3974819751212342,-0.3974819751212342,multimodal_reference,E:\hdc-vr-pilot\experiments\phase_05_basic_dual_output_hdc\results\oof\vanilla_hdc_ridge_regression_oof.csv,a449d8f43a0935f0a3fcf8cf901894e426a83e552807dcef9551bc983ba22758,True
sub-cp028_ses-20211214_level-01B_run-007,sub-cp028,5,1.0,1.199477518576363,1.199477518576363,-0.1994775185763631,multimodal_reference,E:\hdc-vr-pilot\experiments\phase_05_basic_dual_output_hdc\results\oof\vanilla_hdc_ridge_regression_oof.csv,a449d8f43a0935f0a3fcf8cf901894e426a83e552807dcef9551bc983ba22758,True
sub-cp028_ses-20211214_level-01B_run-012,sub-cp028,5,1.0,1.2325026566403703,1.2325026566403703,-0.2325026566403703,multimodal_reference,E:\hdc-vr-pilot\experiments\phase_05_basic_dual_output_hdc\results\oof\vanilla_hdc_ridge_regression_oof.csv,a449d8f43a0935f0a3fcf8cf901894e426a83e552807dcef9551bc983ba22758,True
sub-cp028_ses-20211214_level-02B_run-003,sub-cp028,5,2.0,2.0886871971721397,2.0886871971721397,-0.08868719717213969,multimodal_reference,E:\hdc-vr-pilot\experiments\phase_05_basic_dual_output_hdc\results\oof\vanilla_hdc_ridge_regression_oof.csv,a449d8f43a0935f0a3fcf8cf901894e426a83e552807dcef9551bc983ba22758,True
sub-cp028_ses-20211214_level-02B_run-008,sub-cp028,5,2.0,1.909702896906343,1.909702896906343,0.09029710309365702,multimodal_reference,E:\hdc-vr-pilot\experiments\phase_05_basic_dual_output_hdc\results\oof\vanilla_hdc_ridge_regression_oof.csv,a449d8f43a0935f0a3fcf8cf901894e426a83e552807dcef9551bc983ba22758,True
sub-cp028_ses-20211214_level-02B_run-010,sub-cp028,5,2.0,1.4979367538056843,1.4979367538056843,0.5020632461943157,multimodal_reference,E:\hdc-vr-pilot\experiments\phase_05_basic_dual_output_hdc\results\oof\vanilla_hdc_ridge_regression_oof.csv,a449d8f43a0935f0a3fcf8cf901894e426a83e552807dcef9551bc983ba22758,True
sub-cp028_ses-20211214_level-03B_run-002,sub-cp028,5,3.0,2.881835134788362,2.881835134788362,0.11816486521163805,multimodal_reference,E:\hdc-vr-pilot\experiments\phase_05_basic_dual_output_hdc\results\oof\vanilla_hdc_ridge_regression_oof.csv,a449d8f43a0935f0a3fcf8cf901894e426a83e552807dcef9551bc983ba22758,True
sub-cp028_ses-20211214_level-03B_run-005,sub-cp028,5,3.0,2.9777165386557845,2.9777165386557845,0.02228346134421555,multimodal_reference,E:\hdc-vr-pilot\experiments\phase_05_basic_dual_output_hdc\results\oof\vanilla_hdc_ridge_regression_oof.csv,a449d8f43a0935f0a3fcf8cf901894e426a83e552807dcef9551bc983ba22758,True
sub-cp028_ses-20211214_level-03B_run-011,sub-cp028,5,3.0,2.6822866781088943,2.6822866781088943,0.3177133218911057,multimodal_reference,E:\hdc-vr-pilot\experiments\phase_05_basic_dual_output_hdc\results\oof\vanilla_hdc_ridge_regression_oof.csv,a449d8f43a0935f0a3fcf8cf901894e426a83e552807dcef9551bc983ba22758,True
sub-cp028_ses-20211214_level-04B_run-004,sub-cp028,5,4.0,4.091329822873325,4.0,0.0,multimodal_reference,E:\hdc-vr-pilot\experiments\phase_05_basic_dual_output_hdc\results\oof\vanilla_hdc_ridge_regression_oof.csv,a449d8f43a0935f0a3fcf8cf901894e426a83e552807dcef9551bc983ba22758,True
sub-cp028_ses-20211214_level-04B_run-006,sub-cp028,5,4.0,3.845523697606633,3.845523697606633,0.15447630239336707,multimodal_reference,E:\hdc-vr-pilot\experiments\phase_05_basic_dual_output_hdc\results\oof\vanilla_hdc_ridge_regression_oof.csv,a449d8f43a0935f0a3fcf8cf901894e426a83e552807dcef9551bc983ba22758,True
sub-cp028_ses-20211214_level-04B_run-009,sub-cp028,5,4.0,3.7804396549719117,3.7804396549719117,0.2195603450280883,multimodal_reference,E:\hdc-vr-pilot\experiments\phase_05_basic_dual_output_hdc\results\oof\vanilla_hdc_ridge_regression_oof.csv,a449d8f43a0935f0a3fcf8cf901894e426a83e552807dcef9551bc983ba22758,True
sub-cp029_ses-20220119_level-01B_run-001,sub-cp029,4,1.0,1.310976142930212,1.310976142930212,-0.31097614293021203,multimodal_reference,E:\hdc-vr-pilot\experiments\phase_05_basic_dual_output_hdc\results\oof\vanilla_hdc_ridge_regression_oof.csv,a449d8f43a0935f0a3fcf8cf901894e426a83e552807dcef9551bc983ba22758,True
sub-cp029_ses-20220119_level-01B_run-007,sub-cp029,4,1.0,1.112763033032485,1.112763033032485,-0.11276303303248492,multimodal_reference,E:\hdc-vr-pilot\experiments\phase_05_basic_dual_output_hdc\results\oof\vanilla_hdc_ridge_regression_oof.csv,a449d8f43a0935f0a3fcf8cf901894e426a83e552807dcef9551bc983ba22758,True
sub-cp029_ses-20220119_level-01B_run-012,sub-cp029,4,1.0,1.4325023503740733,1.4325023503740733,-0.43250235037407325,multimodal_reference,E:\hdc-vr-pilot\experiments\phase_05_basic_dual_output_hdc\results\oof\vanilla_hdc_ridge_regression_oof.csv,a449d8f43a0935f0a3fcf8cf901894e426a83e552807dcef9551bc983ba22758,True
sub-cp029_ses-20220119_level-02B_run-003,sub-cp029,4,2.0,1.7396423312758678,1.7396423312758678,0.26035766872413224,multimodal_reference,E:\hdc-vr-pilot\experiments\phase_05_basic_dual_output_hdc\results\oof\vanilla_hdc_ridge_regression_oof.csv,a449d8f43a0935f0a3fcf8cf901894e426a83e552807dcef9551bc983ba22758,True
sub-cp029_ses-20220119_level-02B_run-008,sub-cp029,4,2.0,1.9571944631408846,1.9571944631408846,0.04280553685911537,multimodal_reference,E:\hdc-vr-pilot\experiments\phase_05_basic_dual_output_hdc\results\oof\vanilla_hdc_ridge_regression_oof.csv,a449d8f43a0935f0a3fcf8cf901894e426a83e552807dcef9551bc983ba22758,True
sub-cp029_ses-20220119_level-02B_run-010,sub-cp029,4,2.0,1.8308602125113886,1.8308602125113886,0.16913978748861136,multimodal_reference,E:\hdc-vr-pilot\experiments\phase_05_basic_dual_output_hdc\results\oof\vanilla_hdc_ridge_regression_oof.csv,a449d8f43a0935f0a3fcf8cf901894e426a83e552807dcef9551bc983ba22758,True
sub-cp029_ses-20220119_level-03B_run-002,sub-cp029,4,3.0,2.52597967023357,2.52597967023357,0.47402032976643005,multimodal_reference,E:\hdc-vr-pilot\experiments\phase_05_basic_dual_output_hdc\results\oof\vanilla_hdc_ridge_regression_oof.csv,a449d8f43a0935f0a3fcf8cf901894e426a83e552807dcef9551bc983ba22758,True
sub-cp029_ses-20220119_level-03B_run-005,sub-cp029,4,3.0,2.9339105484363794,2.9339105484363794,0.06608945156362056,multimodal_reference,E:\hdc-vr-pilot\experiments\phase_05_basic_dual_output_hdc\results\oof\vanilla_hdc_ridge_regression_oof.csv,a449d8f43a0935f0a3fcf8cf901894e426a83e552807dcef9551bc983ba22758,True
sub-cp029_ses-20220119_level-03B_run-011,sub-cp029,4,3.0,2.8840190140279462,2.8840190140279462,0.11598098597205375,multimodal_reference,E:\hdc-vr-pilot\experiments\phase_05_basic_dual_output_hdc\results\oof\vanilla_hdc_ridge_regression_oof.csv,a449d8f43a0935f0a3fcf8cf901894e426a83e552807dcef9551bc983ba22758,True
sub-cp029_ses-20220119_level-04B_run-004,sub-cp029,4,4.0,4.229484065830135,4.0,0.0,multimodal_reference,E:\hdc-vr-pilot\experiments\phase_05_basic_dual_output_hdc\results\oof\vanilla_hdc_ridge_regression_oof.csv,a449d8f43a0935f0a3fcf8cf901894e426a83e552807dcef9551bc983ba22758,True
sub-cp029_ses-20220119_level-04B_run-006,sub-cp029,4,4.0,3.975811951790341,3.975811951790341,0.02418804820965903,multimodal_reference,E:\hdc-vr-pilot\experiments\phase_05_basic_dual_output_hdc\results\oof\vanilla_hdc_ridge_regression_oof.csv,a449d8f43a0935f0a3fcf8cf901894e426a83e552807dcef9551bc983ba22758,True
sub-cp029_ses-20220119_level-04B_run-009,sub-cp029,4,4.0,4.189588664106576,4.0,0.0,multimodal_reference,E:\hdc-vr-pilot\experiments\phase_05_basic_dual_output_hdc\results\oof\vanilla_hdc_ridge_regression_oof.csv,a449d8f43a0935f0a3fcf8cf901894e426a83e552807dcef9551bc983ba22758,True
sub-cp030_ses-20211025_level-01B_run-001,sub-cp030,5,1.0,1.4571664493198795,1.4571664493198795,-0.4571664493198795,multimodal_reference,E:\hdc-vr-pilot\experiments\phase_05_basic_dual_output_hdc\results\oof\vanilla_hdc_ridge_regression_oof.csv,a449d8f43a0935f0a3fcf8cf901894e426a83e552807dcef9551bc983ba22758,True
sub-cp030_ses-20211025_level-01B_run-007,sub-cp030,5,1.0,0.9188574771292887,1.0,0.0,multimodal_reference,E:\hdc-vr-pilot\experiments\phase_05_basic_dual_output_hdc\results\oof\vanilla_hdc_ridge_regression_oof.csv,a449d8f43a0935f0a3fcf8cf901894e426a83e552807dcef9551bc983ba22758,True
sub-cp030_ses-20211025_level-01B_run-012,sub-cp030,5,1.0,0.6944840699802796,1.0,0.0,multimodal_reference,E:\hdc-vr-pilot\experiments\phase_05_basic_dual_output_hdc\results\oof\vanilla_hdc_ridge_regression_oof.csv,a449d8f43a0935f0a3fcf8cf901894e426a83e552807dcef9551bc983ba22758,True
sub-cp030_ses-20211025_level-02B_run-003,sub-cp030,5,2.0,1.9551546387572807,1.9551546387572807,0.04484536124271932,multimodal_reference,E:\hdc-vr-pilot\experiments\phase_05_basic_dual_output_hdc\results\oof\vanilla_hdc_ridge_regression_oof.csv,a449d8f43a0935f0a3fcf8cf901894e426a83e552807dcef9551bc983ba22758,True
sub-cp030_ses-20211025_level-02B_run-008,sub-cp030,5,2.0,1.9846795771441925,1.9846795771441925,0.01532042285580748,multimodal_reference,E:\hdc-vr-pilot\experiments\phase_05_basic_dual_output_hdc\results\oof\vanilla_hdc_ridge_regression_oof.csv,a449d8f43a0935f0a3fcf8cf901894e426a83e552807dcef9551bc983ba22758,True
sub-cp030_ses-20211025_level-02B_run-010,sub-cp030,5,2.0,1.49798074449668,1.49798074449668,0.50201925550332,multimodal_reference,E:\hdc-vr-pilot\experiments\phase_05_basic_dual_output_hdc\results\oof\vanilla_hdc_ridge_regression_oof.csv,a449d8f43a0935f0a3fcf8cf901894e426a83e552807dcef9551bc983ba22758,True
sub-cp030_ses-20211025_level-03B_run-002,sub-cp030,5,3.0,2.6833006273776037,2.6833006273776037,0.31669937262239634,multimodal_reference,E:\hdc-vr-pilot\experiments\phase_05_basic_dual_output_hdc\results\oof\vanilla_hdc_ridge_regression_oof.csv,a449d8f43a0935f0a3fcf8cf901894e426a83e552807dcef9551bc983ba22758,True
sub-cp030_ses-20211025_level-03B_run-011,sub-cp030,5,3.0,3.2200616450001553,3.2200616450001553,-0.22006164500015535,multimodal_reference,E:\hdc-vr-pilot\experiments\phase_05_basic_dual_output_hdc\results\oof\vanilla_hdc_ridge_regression_oof.csv,a449d8f43a0935f0a3fcf8cf901894e426a83e552807dcef9551bc983ba22758,True
sub-cp030_ses-20211025_level-04B_run-004,sub-cp030,5,4.0,3.220256361717941,3.220256361717941,0.7797436382820591,multimodal_reference,E:\hdc-vr-pilot\experiments\phase_05_basic_dual_output_hdc\results\oof\vanilla_hdc_ridge_regression_oof.csv,a449d8f43a0935f0a3fcf8cf901894e426a83e552807dcef9551bc983ba22758,True
sub-cp030_ses-20211025_level-04B_run-006,sub-cp030,5,4.0,3.5618025565928293,3.5618025565928293,0.4381974434071707,multimodal_reference,E:\hdc-vr-pilot\experiments\phase_05_basic_dual_output_hdc\results\oof\vanilla_hdc_ridge_regression_oof.csv,a449d8f43a0935f0a3fcf8cf901894e426a83e552807dcef9551bc983ba22758,True
sub-cp030_ses-20211025_level-04B_run-009,sub-cp030,5,4.0,3.7843199443463518,3.7843199443463518,0.21568005565364823,multimodal_reference,E:\hdc-vr-pilot\experiments\phase_05_basic_dual_output_hdc\results\oof\vanilla_hdc_ridge_regression_oof.csv,a449d8f43a0935f0a3fcf8cf901894e426a83e552807dcef9551bc983ba22758,True
sub-cp031_ses-20211216_level-01B_run-001,sub-cp031,2,1.0,1.4643154282741824,1.4643154282741824,-0.4643154282741824,multimodal_reference,E:\hdc-vr-pilot\experiments\phase_05_basic_dual_output_hdc\results\oof\vanilla_hdc_ridge_regression_oof.csv,a449d8f43a0935f0a3fcf8cf901894e426a83e552807dcef9551bc983ba22758,True
sub-cp031_ses-20211216_level-01B_run-007,sub-cp031,2,1.0,0.8072012392152192,1.0,0.0,multimodal_reference,E:\hdc-vr-pilot\experiments\phase_05_basic_dual_output_hdc\results\oof\vanilla_hdc_ridge_regression_oof.csv,a449d8f43a0935f0a3fcf8cf901894e426a83e552807dcef9551bc983ba22758,True
sub-cp031_ses-20211216_level-02B_run-003,sub-cp031,2,2.0,2.0858876620857996,2.0858876620857996,-0.08588766208579957,multimodal_reference,E:\hdc-vr-pilot\experiments\phase_05_basic_dual_output_hdc\results\oof\vanilla_hdc_ridge_regression_oof.csv,a449d8f43a0935f0a3fcf8cf901894e426a83e552807dcef9551bc983ba22758,True
sub-cp031_ses-20211216_level-02B_run-008,sub-cp031,2,2.0,1.8812268536518761,1.8812268536518761,0.11877314634812386,multimodal_reference,E:\hdc-vr-pilot\experiments\phase_05_basic_dual_output_hdc\results\oof\vanilla_hdc_ridge_regression_oof.csv,a449d8f43a0935f0a3fcf8cf901894e426a83e552807dcef9551bc983ba22758,True
sub-cp031_ses-20211216_level-02B_run-010,sub-cp031,2,2.0,1.7078336423736258,1.7078336423736258,0.2921663576263742,multimodal_reference,E:\hdc-vr-pilot\experiments\phase_05_basic_dual_output_hdc\results\oof\vanilla_hdc_ridge_regression_oof.csv,a449d8f43a0935f0a3fcf8cf901894e426a83e552807dcef9551bc983ba22758,True
sub-cp031_ses-20211216_level-02B_run-012,sub-cp031,2,2.0,0.917586268510217,1.0,1.0,multimodal_reference,E:\hdc-vr-pilot\experiments\phase_05_basic_dual_output_hdc\results\oof\vanilla_hdc_ridge_regression_oof.csv,a449d8f43a0935f0a3fcf8cf901894e426a83e552807dcef9551bc983ba22758,True
sub-cp031_ses-20211216_level-03B_run-002,sub-cp031,2,3.0,3.3143401762663203,3.3143401762663203,-0.31434017626632027,multimodal_reference,E:\hdc-vr-pilot\experiments\phase_05_basic_dual_output_hdc\results\oof\vanilla_hdc_ridge_regression_oof.csv,a449d8f43a0935f0a3fcf8cf901894e426a83e552807dcef9551bc983ba22758,True
sub-cp031_ses-20211216_level-03B_run-005,sub-cp031,2,3.0,2.8555302358057864,2.8555302358057864,0.14446976419421365,multimodal_reference,E:\hdc-vr-pilot\experiments\phase_05_basic_dual_output_hdc\results\oof\vanilla_hdc_ridge_regression_oof.csv,a449d8f43a0935f0a3fcf8cf901894e426a83e552807dcef9551bc983ba22758,True
sub-cp031_ses-20211216_level-03B_run-011,sub-cp031,2,3.0,2.90760119707151,2.90760119707151,0.09239880292849012,multimodal_reference,E:\hdc-vr-pilot\experiments\phase_05_basic_dual_output_hdc\results\oof\vanilla_hdc_ridge_regression_oof.csv,a449d8f43a0935f0a3fcf8cf901894e426a83e552807dcef9551bc983ba22758,True
sub-cp031_ses-20211216_level-04B_run-004,sub-cp031,2,4.0,4.233742208020724,4.0,0.0,multimodal_reference,E:\hdc-vr-pilot\experiments\phase_05_basic_dual_output_hdc\results\oof\vanilla_hdc_ridge_regression_oof.csv,a449d8f43a0935f0a3fcf8cf901894e426a83e552807dcef9551bc983ba22758,True
sub-cp031_ses-20211216_level-04B_run-006,sub-cp031,2,4.0,3.9101859178952596,3.9101859178952596,0.0898140821047404,multimodal_reference,E:\hdc-vr-pilot\experiments\phase_05_basic_dual_output_hdc\results\oof\vanilla_hdc_ridge_regression_oof.csv,a449d8f43a0935f0a3fcf8cf901894e426a83e552807dcef9551bc983ba22758,True
sub-cp031_ses-20211216_level-04B_run-009,sub-cp031,2,4.0,4.0085195551620085,4.0,0.0,multimodal_reference,E:\hdc-vr-pilot\experiments\phase_05_basic_dual_output_hdc\results\oof\vanilla_hdc_ridge_regression_oof.csv,a449d8f43a0935f0a3fcf8cf901894e426a83e552807dcef9551bc983ba22758,True
sub-cp032_ses-20211105_level-01B_run-001,sub-cp032,5,1.0,1.785954211601786,1.785954211601786,-0.7859542116017859,multimodal_reference,E:\hdc-vr-pilot\experiments\phase_05_basic_dual_output_hdc\results\oof\vanilla_hdc_ridge_regression_oof.csv,a449d8f43a0935f0a3fcf8cf901894e426a83e552807dcef9551bc983ba22758,True
sub-cp032_ses-20211105_level-01B_run-007,sub-cp032,5,1.0,1.7664346133878446,1.7664346133878446,-0.7664346133878446,multimodal_reference,E:\hdc-vr-pilot\experiments\phase_05_basic_dual_output_hdc\results\oof\vanilla_hdc_ridge_regression_oof.csv,a449d8f43a0935f0a3fcf8cf901894e426a83e552807dcef9551bc983ba22758,True
sub-cp032_ses-20211105_level-01B_run-012,sub-cp032,5,1.0,1.4351506412565924,1.4351506412565924,-0.4351506412565924,multimodal_reference,E:\hdc-vr-pilot\experiments\phase_05_basic_dual_output_hdc\results\oof\vanilla_hdc_ridge_regression_oof.csv,a449d8f43a0935f0a3fcf8cf901894e426a83e552807dcef9551bc983ba22758,True
sub-cp032_ses-20211105_level-02B_run-003,sub-cp032,5,2.0,2.0122263614058142,2.0122263614058142,-0.012226361405814234,multimodal_reference,E:\hdc-vr-pilot\experiments\phase_05_basic_dual_output_hdc\results\oof\vanilla_hdc_ridge_regression_oof.csv,a449d8f43a0935f0a3fcf8cf901894e426a83e552807dcef9551bc983ba22758,True
sub-cp032_ses-20211105_level-02B_run-008,sub-cp032,5,2.0,2.160742808232655,2.160742808232655,-0.16074280823265497,multimodal_reference,E:\hdc-vr-pilot\experiments\phase_05_basic_dual_output_hdc\results\oof\vanilla_hdc_ridge_regression_oof.csv,a449d8f43a0935f0a3fcf8cf901894e426a83e552807dcef9551bc983ba22758,True
sub-cp032_ses-20211105_level-02B_run-010,sub-cp032,5,2.0,2.1034575218770053,2.1034575218770053,-0.1034575218770053,multimodal_reference,E:\hdc-vr-pilot\experiments\phase_05_basic_dual_output_hdc\results\oof\vanilla_hdc_ridge_regression_oof.csv,a449d8f43a0935f0a3fcf8cf901894e426a83e552807dcef9551bc983ba22758,True
sub-cp032_ses-20211105_level-03B_run-002,sub-cp032,5,3.0,2.9556648024506167,2.9556648024506167,0.04433519754938331,multimodal_reference,E:\hdc-vr-pilot\experiments\phase_05_basic_dual_output_hdc\results\oof\vanilla_hdc_ridge_regression_oof.csv,a449d8f43a0935f0a3fcf8cf901894e426a83e552807dcef9551bc983ba22758,True
sub-cp032_ses-20211105_level-03B_run-005,sub-cp032,5,3.0,2.691377967092284,2.691377967092284,0.30862203290771584,multimodal_reference,E:\hdc-vr-pilot\experiments\phase_05_basic_dual_output_hdc\results\oof\vanilla_hdc_ridge_regression_oof.csv,a449d8f43a0935f0a3fcf8cf901894e426a83e552807dcef9551bc983ba22758,True
sub-cp032_ses-20211105_level-03B_run-011,sub-cp032,5,3.0,2.872211275511238,2.872211275511238,0.1277887244887621,multimodal_reference,E:\hdc-vr-pilot\experiments\phase_05_basic_dual_output_hdc\results\oof\vanilla_hdc_ridge_regression_oof.csv,a449d8f43a0935f0a3fcf8cf901894e426a83e552807dcef9551bc983ba22758,True
sub-cp032_ses-20211105_level-04B_run-004,sub-cp032,5,4.0,3.7374057884617846,3.7374057884617846,0.2625942115382154,multimodal_reference,E:\hdc-vr-pilot\experiments\phase_05_basic_dual_output_hdc\results\oof\vanilla_hdc_ridge_regression_oof.csv,a449d8f43a0935f0a3fcf8cf901894e426a83e552807dcef9551bc983ba22758,True
sub-cp032_ses-20211105_level-04B_run-006,sub-cp032,5,4.0,3.9478426631785957,3.9478426631785957,0.05215733682140433,multimodal_reference,E:\hdc-vr-pilot\experiments\phase_05_basic_dual_output_hdc\results\oof\vanilla_hdc_ridge_regression_oof.csv,a449d8f43a0935f0a3fcf8cf901894e426a83e552807dcef9551bc983ba22758,True
sub-cp032_ses-20211105_level-04B_run-009,sub-cp032,5,4.0,3.700522647025411,3.700522647025411,0.2994773529745891,multimodal_reference,E:\hdc-vr-pilot\experiments\phase_05_basic_dual_output_hdc\results\oof\vanilla_hdc_ridge_regression_oof.csv,a449d8f43a0935f0a3fcf8cf901894e426a83e552807dcef9551bc983ba22758,True
sub-cp033_ses-20211215_level-01B_run-001,sub-cp033,1,1.0,1.844724556951466,1.844724556951466,-0.8447245569514661,multimodal_reference,E:\hdc-vr-pilot\experiments\phase_05_basic_dual_output_hdc\results\oof\vanilla_hdc_ridge_regression_oof.csv,a449d8f43a0935f0a3fcf8cf901894e426a83e552807dcef9551bc983ba22758,True
sub-cp033_ses-20211215_level-01B_run-007,sub-cp033,1,1.0,1.5558278170794364,1.5558278170794364,-0.5558278170794364,multimodal_reference,E:\hdc-vr-pilot\experiments\phase_05_basic_dual_output_hdc\results\oof\vanilla_hdc_ridge_regression_oof.csv,a449d8f43a0935f0a3fcf8cf901894e426a83e552807dcef9551bc983ba22758,True
sub-cp033_ses-20211215_level-01B_run-012,sub-cp033,1,1.0,1.464869378931931,1.464869378931931,-0.4648693789319309,multimodal_reference,E:\hdc-vr-pilot\experiments\phase_05_basic_dual_output_hdc\results\oof\vanilla_hdc_ridge_regression_oof.csv,a449d8f43a0935f0a3fcf8cf901894e426a83e552807dcef9551bc983ba22758,True
sub-cp033_ses-20211215_level-02B_run-003,sub-cp033,1,2.0,2.7793279818227536,2.7793279818227536,-0.7793279818227536,multimodal_reference,E:\hdc-vr-pilot\experiments\phase_05_basic_dual_output_hdc\results\oof\vanilla_hdc_ridge_regression_oof.csv,a449d8f43a0935f0a3fcf8cf901894e426a83e552807dcef9551bc983ba22758,True
sub-cp033_ses-20211215_level-02B_run-008,sub-cp033,1,2.0,1.7314542024194484,1.7314542024194484,0.26854579758055164,multimodal_reference,E:\hdc-vr-pilot\experiments\phase_05_basic_dual_output_hdc\results\oof\vanilla_hdc_ridge_regression_oof.csv,a449d8f43a0935f0a3fcf8cf901894e426a83e552807dcef9551bc983ba22758,True
sub-cp033_ses-20211215_level-02B_run-010,sub-cp033,1,2.0,1.6836438981684883,1.6836438981684883,0.31635610183151175,multimodal_reference,E:\hdc-vr-pilot\experiments\phase_05_basic_dual_output_hdc\results\oof\vanilla_hdc_ridge_regression_oof.csv,a449d8f43a0935f0a3fcf8cf901894e426a83e552807dcef9551bc983ba22758,True
sub-cp033_ses-20211215_level-03B_run-002,sub-cp033,1,3.0,2.426799013609801,2.426799013609801,0.5732009863901988,multimodal_reference,E:\hdc-vr-pilot\experiments\phase_05_basic_dual_output_hdc\results\oof\vanilla_hdc_ridge_regression_oof.csv,a449d8f43a0935f0a3fcf8cf901894e426a83e552807dcef9551bc983ba22758,True
sub-cp033_ses-20211215_level-03B_run-005,sub-cp033,1,3.0,2.6066886541971015,2.6066886541971015,0.3933113458028985,multimodal_reference,E:\hdc-vr-pilot\experiments\phase_05_basic_dual_output_hdc\results\oof\vanilla_hdc_ridge_regression_oof.csv,a449d8f43a0935f0a3fcf8cf901894e426a83e552807dcef9551bc983ba22758,True
sub-cp033_ses-20211215_level-03B_run-011,sub-cp033,1,3.0,2.527226519498771,2.527226519498771,0.47277348050122914,multimodal_reference,E:\hdc-vr-pilot\experiments\phase_05_basic_dual_output_hdc\results\oof\vanilla_hdc_ridge_regression_oof.csv,a449d8f43a0935f0a3fcf8cf901894e426a83e552807dcef9551bc983ba22758,True
sub-cp033_ses-20211215_level-04B_run-004,sub-cp033,1,4.0,3.9233634052427724,3.9233634052427724,0.07663659475722762,multimodal_reference,E:\hdc-vr-pilot\experiments\phase_05_basic_dual_output_hdc\results\oof\vanilla_hdc_ridge_regression_oof.csv,a449d8f43a0935f0a3fcf8cf901894e426a83e552807dcef9551bc983ba22758,True
sub-cp033_ses-20211215_level-04B_run-006,sub-cp033,1,4.0,4.096249684239815,4.0,0.0,multimodal_reference,E:\hdc-vr-pilot\experiments\phase_05_basic_dual_output_hdc\results\oof\vanilla_hdc_ridge_regression_oof.csv,a449d8f43a0935f0a3fcf8cf901894e426a83e552807dcef9551bc983ba22758,True
sub-cp033_ses-20211215_level-04B_run-009,sub-cp033,1,4.0,3.928611138829001,3.928611138829001,0.07138886117099918,multimodal_reference,E:\hdc-vr-pilot\experiments\phase_05_basic_dual_output_hdc\results\oof\vanilla_hdc_ridge_regression_oof.csv,a449d8f43a0935f0a3fcf8cf901894e426a83e552807dcef9551bc983ba22758,True
sub-cp035_ses-20220125_level-01B_run-001,sub-cp035,5,1.0,1.8085183940492933,1.8085183940492933,-0.8085183940492933,multimodal_reference,E:\hdc-vr-pilot\experiments\phase_05_basic_dual_output_hdc\results\oof\vanilla_hdc_ridge_regression_oof.csv,a449d8f43a0935f0a3fcf8cf901894e426a83e552807dcef9551bc983ba22758,True
sub-cp035_ses-20220125_level-01B_run-007,sub-cp035,5,1.0,1.1108351441901292,1.1108351441901292,-0.11083514419012919,multimodal_reference,E:\hdc-vr-pilot\experiments\phase_05_basic_dual_output_hdc\results\oof\vanilla_hdc_ridge_regression_oof.csv,a449d8f43a0935f0a3fcf8cf901894e426a83e552807dcef9551bc983ba22758,True
sub-cp035_ses-20220125_level-01B_run-012,sub-cp035,5,1.0,1.6212819710110469,1.6212819710110469,-0.6212819710110469,multimodal_reference,E:\hdc-vr-pilot\experiments\phase_05_basic_dual_output_hdc\results\oof\vanilla_hdc_ridge_regression_oof.csv,a449d8f43a0935f0a3fcf8cf901894e426a83e552807dcef9551bc983ba22758,True
sub-cp035_ses-20220125_level-02B_run-003,sub-cp035,5,2.0,2.227832056512991,2.227832056512991,-0.227832056512991,multimodal_reference,E:\hdc-vr-pilot\experiments\phase_05_basic_dual_output_hdc\results\oof\vanilla_hdc_ridge_regression_oof.csv,a449d8f43a0935f0a3fcf8cf901894e426a83e552807dcef9551bc983ba22758,True
sub-cp035_ses-20220125_level-02B_run-008,sub-cp035,5,2.0,2.2201392776295124,2.2201392776295124,-0.22013927762951235,multimodal_reference,E:\hdc-vr-pilot\experiments\phase_05_basic_dual_output_hdc\results\oof\vanilla_hdc_ridge_regression_oof.csv,a449d8f43a0935f0a3fcf8cf901894e426a83e552807dcef9551bc983ba22758,True
sub-cp035_ses-20220125_level-02B_run-010,sub-cp035,5,2.0,2.025038015096344,2.025038015096344,-0.02503801509634407,multimodal_reference,E:\hdc-vr-pilot\experiments\phase_05_basic_dual_output_hdc\results\oof\vanilla_hdc_ridge_regression_oof.csv,a449d8f43a0935f0a3fcf8cf901894e426a83e552807dcef9551bc983ba22758,True
sub-cp035_ses-20220125_level-03B_run-002,sub-cp035,5,3.0,2.8584979225049865,2.8584979225049865,0.14150207749501353,multimodal_reference,E:\hdc-vr-pilot\experiments\phase_05_basic_dual_output_hdc\results\oof\vanilla_hdc_ridge_regression_oof.csv,a449d8f43a0935f0a3fcf8cf901894e426a83e552807dcef9551bc983ba22758,True
sub-cp035_ses-20220125_level-03B_run-005,sub-cp035,5,3.0,3.164897237671786,3.164897237671786,-0.1648972376717861,multimodal_reference,E:\hdc-vr-pilot\experiments\phase_05_basic_dual_output_hdc\results\oof\vanilla_hdc_ridge_regression_oof.csv,a449d8f43a0935f0a3fcf8cf901894e426a83e552807dcef9551bc983ba22758,True
sub-cp035_ses-20220125_level-03B_run-011,sub-cp035,5,3.0,2.9267265607604545,2.9267265607604545,0.07327343923954555,multimodal_reference,E:\hdc-vr-pilot\experiments\phase_05_basic_dual_output_hdc\results\oof\vanilla_hdc_ridge_regression_oof.csv,a449d8f43a0935f0a3fcf8cf901894e426a83e552807dcef9551bc983ba22758,True
sub-cp035_ses-20220125_level-04B_run-004,sub-cp035,5,4.0,4.190920331143006,4.0,0.0,multimodal_reference,E:\hdc-vr-pilot\experiments\phase_05_basic_dual_output_hdc\results\oof\vanilla_hdc_ridge_regression_oof.csv,a449d8f43a0935f0a3fcf8cf901894e426a83e552807dcef9551bc983ba22758,True
sub-cp035_ses-20220125_level-04B_run-006,sub-cp035,5,4.0,4.2339826607048305,4.0,0.0,multimodal_reference,E:\hdc-vr-pilot\experiments\phase_05_basic_dual_output_hdc\results\oof\vanilla_hdc_ridge_regression_oof.csv,a449d8f43a0935f0a3fcf8cf901894e426a83e552807dcef9551bc983ba22758,True
sub-cp035_ses-20220125_level-04B_run-009,sub-cp035,5,4.0,4.225933278443329,4.0,0.0,multimodal_reference,E:\hdc-vr-pilot\experiments\phase_05_basic_dual_output_hdc\results\oof\vanilla_hdc_ridge_regression_oof.csv,a449d8f43a0935f0a3fcf8cf901894e426a83e552807dcef9551bc983ba22758,True
sub-cp036_ses-20211218_level-01B_run-001,sub-cp036,4,1.0,1.4504302938046956,1.4504302938046956,-0.45043029380469557,multimodal_reference,E:\hdc-vr-pilot\experiments\phase_05_basic_dual_output_hdc\results\oof\vanilla_hdc_ridge_regression_oof.csv,a449d8f43a0935f0a3fcf8cf901894e426a83e552807dcef9551bc983ba22758,True
sub-cp036_ses-20211218_level-01B_run-007,sub-cp036,4,1.0,1.8174565092971136,1.8174565092971136,-0.8174565092971136,multimodal_reference,E:\hdc-vr-pilot\experiments\phase_05_basic_dual_output_hdc\results\oof\vanilla_hdc_ridge_regression_oof.csv,a449d8f43a0935f0a3fcf8cf901894e426a83e552807dcef9551bc983ba22758,True
sub-cp036_ses-20211218_level-01B_run-012,sub-cp036,4,1.0,1.56065616151674,1.56065616151674,-0.56065616151674,multimodal_reference,E:\hdc-vr-pilot\experiments\phase_05_basic_dual_output_hdc\results\oof\vanilla_hdc_ridge_regression_oof.csv,a449d8f43a0935f0a3fcf8cf901894e426a83e552807dcef9551bc983ba22758,True
sub-cp036_ses-20211218_level-02B_run-003,sub-cp036,4,2.0,1.7106782346351306,1.7106782346351306,0.2893217653648694,multimodal_reference,E:\hdc-vr-pilot\experiments\phase_05_basic_dual_output_hdc\results\oof\vanilla_hdc_ridge_regression_oof.csv,a449d8f43a0935f0a3fcf8cf901894e426a83e552807dcef9551bc983ba22758,True
sub-cp036_ses-20211218_level-02B_run-008,sub-cp036,4,2.0,1.920437845272394,1.920437845272394,0.07956215472760597,multimodal_reference,E:\hdc-vr-pilot\experiments\phase_05_basic_dual_output_hdc\results\oof\vanilla_hdc_ridge_regression_oof.csv,a449d8f43a0935f0a3fcf8cf901894e426a83e552807dcef9551bc983ba22758,True
sub-cp036_ses-20211218_level-02B_run-010,sub-cp036,4,2.0,1.7199369970951075,1.7199369970951075,0.2800630029048925,multimodal_reference,E:\hdc-vr-pilot\experiments\phase_05_basic_dual_output_hdc\results\oof\vanilla_hdc_ridge_regression_oof.csv,a449d8f43a0935f0a3fcf8cf901894e426a83e552807dcef9551bc983ba22758,True
sub-cp036_ses-20211218_level-03B_run-002,sub-cp036,4,3.0,2.7685154302539585,2.7685154302539585,0.23148456974604148,multimodal_reference,E:\hdc-vr-pilot\experiments\phase_05_basic_dual_output_hdc\results\oof\vanilla_hdc_ridge_regression_oof.csv,a449d8f43a0935f0a3fcf8cf901894e426a83e552807dcef9551bc983ba22758,True
sub-cp036_ses-20211218_level-03B_run-005,sub-cp036,4,3.0,2.445502065033522,2.445502065033522,0.554497934966478,multimodal_reference,E:\hdc-vr-pilot\experiments\phase_05_basic_dual_output_hdc\results\oof\vanilla_hdc_ridge_regression_oof.csv,a449d8f43a0935f0a3fcf8cf901894e426a83e552807dcef9551bc983ba22758,True
sub-cp036_ses-20211218_level-03B_run-011,sub-cp036,4,3.0,2.6615885212478605,2.6615885212478605,0.3384114787521395,multimodal_reference,E:\hdc-vr-pilot\experiments\phase_05_basic_dual_output_hdc\results\oof\vanilla_hdc_ridge_regression_oof.csv,a449d8f43a0935f0a3fcf8cf901894e426a83e552807dcef9551bc983ba22758,True
sub-cp036_ses-20211218_level-04B_run-004,sub-cp036,4,4.0,3.3313116813119104,3.3313116813119104,0.6686883186880896,multimodal_reference,E:\hdc-vr-pilot\experiments\phase_05_basic_dual_output_hdc\results\oof\vanilla_hdc_ridge_regression_oof.csv,a449d8f43a0935f0a3fcf8cf901894e426a83e552807dcef9551bc983ba22758,True
sub-cp036_ses-20211218_level-04B_run-006,sub-cp036,4,4.0,3.635843915406331,3.635843915406331,0.3641560845936689,multimodal_reference,E:\hdc-vr-pilot\experiments\phase_05_basic_dual_output_hdc\results\oof\vanilla_hdc_ridge_regression_oof.csv,a449d8f43a0935f0a3fcf8cf901894e426a83e552807dcef9551bc983ba22758,True
sub-cp036_ses-20211218_level-04B_run-009,sub-cp036,4,4.0,3.701697892821054,3.701697892821054,0.2983021071789458,multimodal_reference,E:\hdc-vr-pilot\experiments\phase_05_basic_dual_output_hdc\results\oof\vanilla_hdc_ridge_regression_oof.csv,a449d8f43a0935f0a3fcf8cf901894e426a83e552807dcef9551bc983ba22758,True
sub-cp037_ses-20210113_level-01B_run-001,sub-cp037,3,1.0,1.0972937111665668,1.0972937111665668,-0.09729371116656682,multimodal_reference,E:\hdc-vr-pilot\experiments\phase_05_basic_dual_output_hdc\results\oof\vanilla_hdc_ridge_regression_oof.csv,a449d8f43a0935f0a3fcf8cf901894e426a83e552807dcef9551bc983ba22758,True
sub-cp037_ses-20210113_level-01B_run-007,sub-cp037,3,1.0,1.146534434641239,1.146534434641239,-0.14653443464123894,multimodal_reference,E:\hdc-vr-pilot\experiments\phase_05_basic_dual_output_hdc\results\oof\vanilla_hdc_ridge_regression_oof.csv,a449d8f43a0935f0a3fcf8cf901894e426a83e552807dcef9551bc983ba22758,True
sub-cp037_ses-20210113_level-01B_run-012,sub-cp037,3,1.0,1.113478835178612,1.113478835178612,-0.11347883517861201,multimodal_reference,E:\hdc-vr-pilot\experiments\phase_05_basic_dual_output_hdc\results\oof\vanilla_hdc_ridge_regression_oof.csv,a449d8f43a0935f0a3fcf8cf901894e426a83e552807dcef9551bc983ba22758,True
sub-cp037_ses-20210113_level-02B_run-003,sub-cp037,3,2.0,1.7561672415261704,1.7561672415261704,0.24383275847382957,multimodal_reference,E:\hdc-vr-pilot\experiments\phase_05_basic_dual_output_hdc\results\oof\vanilla_hdc_ridge_regression_oof.csv,a449d8f43a0935f0a3fcf8cf901894e426a83e552807dcef9551bc983ba22758,True
sub-cp037_ses-20210113_level-02B_run-008,sub-cp037,3,2.0,1.8116049167270063,1.8116049167270063,0.1883950832729937,multimodal_reference,E:\hdc-vr-pilot\experiments\phase_05_basic_dual_output_hdc\results\oof\vanilla_hdc_ridge_regression_oof.csv,a449d8f43a0935f0a3fcf8cf901894e426a83e552807dcef9551bc983ba22758,True
sub-cp037_ses-20210113_level-02B_run-010,sub-cp037,3,2.0,1.787741202484744,1.787741202484744,0.2122587975152559,multimodal_reference,E:\hdc-vr-pilot\experiments\phase_05_basic_dual_output_hdc\results\oof\vanilla_hdc_ridge_regression_oof.csv,a449d8f43a0935f0a3fcf8cf901894e426a83e552807dcef9551bc983ba22758,True
sub-cp037_ses-20210113_level-03B_run-002,sub-cp037,3,3.0,2.8305987847258165,2.8305987847258165,0.1694012152741835,multimodal_reference,E:\hdc-vr-pilot\experiments\phase_05_basic_dual_output_hdc\results\oof\vanilla_hdc_ridge_regression_oof.csv,a449d8f43a0935f0a3fcf8cf901894e426a83e552807dcef9551bc983ba22758,True
sub-cp037_ses-20210113_level-03B_run-005,sub-cp037,3,3.0,2.9913533062824578,2.9913533062824578,0.008646693717542231,multimodal_reference,E:\hdc-vr-pilot\experiments\phase_05_basic_dual_output_hdc\results\oof\vanilla_hdc_ridge_regression_oof.csv,a449d8f43a0935f0a3fcf8cf901894e426a83e552807dcef9551bc983ba22758,True
sub-cp037_ses-20210113_level-03B_run-011,sub-cp037,3,3.0,3.0298363039441254,3.0298363039441254,-0.029836303944125397,multimodal_reference,E:\hdc-vr-pilot\experiments\phase_05_basic_dual_output_hdc\results\oof\vanilla_hdc_ridge_regression_oof.csv,a449d8f43a0935f0a3fcf8cf901894e426a83e552807dcef9551bc983ba22758,True
sub-cp037_ses-20210113_level-04B_run-004,sub-cp037,3,4.0,4.076895147670376,4.0,0.0,multimodal_reference,E:\hdc-vr-pilot\experiments\phase_05_basic_dual_output_hdc\results\oof\vanilla_hdc_ridge_regression_oof.csv,a449d8f43a0935f0a3fcf8cf901894e426a83e552807dcef9551bc983ba22758,True
sub-cp037_ses-20210113_level-04B_run-006,sub-cp037,3,4.0,3.9678049567212907,3.9678049567212907,0.03219504327870926,multimodal_reference,E:\hdc-vr-pilot\experiments\phase_05_basic_dual_output_hdc\results\oof\vanilla_hdc_ridge_regression_oof.csv,a449d8f43a0935f0a3fcf8cf901894e426a83e552807dcef9551bc983ba22758,True
sub-cp037_ses-20210113_level-04B_run-009,sub-cp037,3,4.0,4.395850313228172,4.0,0.0,multimodal_reference,E:\hdc-vr-pilot\experiments\phase_05_basic_dual_output_hdc\results\oof\vanilla_hdc_ridge_regression_oof.csv,a449d8f43a0935f0a3fcf8cf901894e426a83e552807dcef9551bc983ba22758,True
sub-cp038_ses-20220112_level-01B_run-001,sub-cp038,2,1.0,1.5947964737531017,1.5947964737531017,-0.5947964737531017,multimodal_reference,E:\hdc-vr-pilot\experiments\phase_05_basic_dual_output_hdc\results\oof\vanilla_hdc_ridge_regression_oof.csv,a449d8f43a0935f0a3fcf8cf901894e426a83e552807dcef9551bc983ba22758,True
sub-cp038_ses-20220112_level-01B_run-007,sub-cp038,2,1.0,1.1654922673466979,1.1654922673466979,-0.16549226734669786,multimodal_reference,E:\hdc-vr-pilot\experiments\phase_05_basic_dual_output_hdc\results\oof\vanilla_hdc_ridge_regression_oof.csv,a449d8f43a0935f0a3fcf8cf901894e426a83e552807dcef9551bc983ba22758,True
sub-cp038_ses-20220112_level-01B_run-012,sub-cp038,2,1.0,1.2798113813340157,1.2798113813340157,-0.27981138133401573,multimodal_reference,E:\hdc-vr-pilot\experiments\phase_05_basic_dual_output_hdc\results\oof\vanilla_hdc_ridge_regression_oof.csv,a449d8f43a0935f0a3fcf8cf901894e426a83e552807dcef9551bc983ba22758,True
sub-cp038_ses-20220112_level-02B_run-003,sub-cp038,2,2.0,1.3849697567583035,1.3849697567583035,0.6150302432416965,multimodal_reference,E:\hdc-vr-pilot\experiments\phase_05_basic_dual_output_hdc\results\oof\vanilla_hdc_ridge_regression_oof.csv,a449d8f43a0935f0a3fcf8cf901894e426a83e552807dcef9551bc983ba22758,True
sub-cp038_ses-20220112_level-02B_run-008,sub-cp038,2,2.0,1.5299325832602952,1.5299325832602952,0.47006741673970476,multimodal_reference,E:\hdc-vr-pilot\experiments\phase_05_basic_dual_output_hdc\results\oof\vanilla_hdc_ridge_regression_oof.csv,a449d8f43a0935f0a3fcf8cf901894e426a83e552807dcef9551bc983ba22758,True
sub-cp038_ses-20220112_level-02B_run-010,sub-cp038,2,2.0,1.1889995063662897,1.1889995063662897,0.8110004936337103,multimodal_reference,E:\hdc-vr-pilot\experiments\phase_05_basic_dual_output_hdc\results\oof\vanilla_hdc_ridge_regression_oof.csv,a449d8f43a0935f0a3fcf8cf901894e426a83e552807dcef9551bc983ba22758,True
sub-cp038_ses-20220112_level-03B_run-002,sub-cp038,2,3.0,2.2343236307318994,2.2343236307318994,0.7656763692681006,multimodal_reference,E:\hdc-vr-pilot\experiments\phase_05_basic_dual_output_hdc\results\oof\vanilla_hdc_ridge_regression_oof.csv,a449d8f43a0935f0a3fcf8cf901894e426a83e552807dcef9551bc983ba22758,True
sub-cp038_ses-20220112_level-03B_run-005,sub-cp038,2,3.0,2.109098290073004,2.109098290073004,0.8909017099269958,multimodal_reference,E:\hdc-vr-pilot\experiments\phase_05_basic_dual_output_hdc\results\oof\vanilla_hdc_ridge_regression_oof.csv,a449d8f43a0935f0a3fcf8cf901894e426a83e552807dcef9551bc983ba22758,True
sub-cp038_ses-20220112_level-03B_run-011,sub-cp038,2,3.0,2.88016782274881,2.88016782274881,0.11983217725118989,multimodal_reference,E:\hdc-vr-pilot\experiments\phase_05_basic_dual_output_hdc\results\oof\vanilla_hdc_ridge_regression_oof.csv,a449d8f43a0935f0a3fcf8cf901894e426a83e552807dcef9551bc983ba22758,True
sub-cp038_ses-20220112_level-04B_run-004,sub-cp038,2,4.0,3.786459326718984,3.786459326718984,0.2135406732810159,multimodal_reference,E:\hdc-vr-pilot\experiments\phase_05_basic_dual_output_hdc\results\oof\vanilla_hdc_ridge_regression_oof.csv,a449d8f43a0935f0a3fcf8cf901894e426a83e552807dcef9551bc983ba22758,True
sub-cp038_ses-20220112_level-04B_run-006,sub-cp038,2,4.0,3.794214717467151,3.794214717467151,0.20578528253284878,multimodal_reference,E:\hdc-vr-pilot\experiments\phase_05_basic_dual_output_hdc\results\oof\vanilla_hdc_ridge_regression_oof.csv,a449d8f43a0935f0a3fcf8cf901894e426a83e552807dcef9551bc983ba22758,True
sub-cp038_ses-20220112_level-04B_run-009,sub-cp038,2,4.0,3.3040487669921723,3.3040487669921723,0.6959512330078277,multimodal_reference,E:\hdc-vr-pilot\experiments\phase_05_basic_dual_output_hdc\results\oof\vanilla_hdc_ridge_regression_oof.csv,a449d8f43a0935f0a3fcf8cf901894e426a83e552807dcef9551bc983ba22758,True
sub-cp039_ses-20211219_level-01B_run-001,sub-cp039,1,1.0,2.968043734167505,2.968043734167505,-1.9680437341675052,multimodal_reference,E:\hdc-vr-pilot\experiments\phase_05_basic_dual_output_hdc\results\oof\vanilla_hdc_ridge_regression_oof.csv,a449d8f43a0935f0a3fcf8cf901894e426a83e552807dcef9551bc983ba22758,True
sub-cp039_ses-20211219_level-01B_run-007,sub-cp039,1,1.0,2.5584906764452406,2.5584906764452406,-1.5584906764452406,multimodal_reference,E:\hdc-vr-pilot\experiments\phase_05_basic_dual_output_hdc\results\oof\vanilla_hdc_ridge_regression_oof.csv,a449d8f43a0935f0a3fcf8cf901894e426a83e552807dcef9551bc983ba22758,True
sub-cp039_ses-20211219_level-01B_run-012,sub-cp039,1,1.0,2.26604027050926,2.26604027050926,-1.2660402705092602,multimodal_reference,E:\hdc-vr-pilot\experiments\phase_05_basic_dual_output_hdc\results\oof\vanilla_hdc_ridge_regression_oof.csv,a449d8f43a0935f0a3fcf8cf901894e426a83e552807dcef9551bc983ba22758,True
sub-cp039_ses-20211219_level-02B_run-003,sub-cp039,1,2.0,3.166744562723383,3.166744562723383,-1.166744562723383,multimodal_reference,E:\hdc-vr-pilot\experiments\phase_05_basic_dual_output_hdc\results\oof\vanilla_hdc_ridge_regression_oof.csv,a449d8f43a0935f0a3fcf8cf901894e426a83e552807dcef9551bc983ba22758,True
sub-cp039_ses-20211219_level-02B_run-008,sub-cp039,1,2.0,1.966065044508929,1.966065044508929,0.03393495549107106,multimodal_reference,E:\hdc-vr-pilot\experiments\phase_05_basic_dual_output_hdc\results\oof\vanilla_hdc_ridge_regression_oof.csv,a449d8f43a0935f0a3fcf8cf901894e426a83e552807dcef9551bc983ba22758,True
sub-cp039_ses-20211219_level-02B_run-010,sub-cp039,1,2.0,3.0600140649368215,3.0600140649368215,-1.0600140649368215,multimodal_reference,E:\hdc-vr-pilot\experiments\phase_05_basic_dual_output_hdc\results\oof\vanilla_hdc_ridge_regression_oof.csv,a449d8f43a0935f0a3fcf8cf901894e426a83e552807dcef9551bc983ba22758,True
sub-cp039_ses-20211219_level-03B_run-002,sub-cp039,1,3.0,3.5737961223854797,3.5737961223854797,-0.5737961223854797,multimodal_reference,E:\hdc-vr-pilot\experiments\phase_05_basic_dual_output_hdc\results\oof\vanilla_hdc_ridge_regression_oof.csv,a449d8f43a0935f0a3fcf8cf901894e426a83e552807dcef9551bc983ba22758,True
sub-cp039_ses-20211219_level-03B_run-005,sub-cp039,1,3.0,2.933202852345352,2.933202852345352,0.06679714765464784,multimodal_reference,E:\hdc-vr-pilot\experiments\phase_05_basic_dual_output_hdc\results\oof\vanilla_hdc_ridge_regression_oof.csv,a449d8f43a0935f0a3fcf8cf901894e426a83e552807dcef9551bc983ba22758,True
sub-cp039_ses-20211219_level-03B_run-011,sub-cp039,1,3.0,3.0251221397494867,3.0251221397494867,-0.025122139749486738,multimodal_reference,E:\hdc-vr-pilot\experiments\phase_05_basic_dual_output_hdc\results\oof\vanilla_hdc_ridge_regression_oof.csv,a449d8f43a0935f0a3fcf8cf901894e426a83e552807dcef9551bc983ba22758,True
sub-cp039_ses-20211219_level-04B_run-004,sub-cp039,1,4.0,3.032314331825404,3.032314331825404,0.967685668174596,multimodal_reference,E:\hdc-vr-pilot\experiments\phase_05_basic_dual_output_hdc\results\oof\vanilla_hdc_ridge_regression_oof.csv,a449d8f43a0935f0a3fcf8cf901894e426a83e552807dcef9551bc983ba22758,True
sub-cp039_ses-20211219_level-04B_run-006,sub-cp039,1,4.0,3.2224524170253623,3.2224524170253623,0.7775475829746377,multimodal_reference,E:\hdc-vr-pilot\experiments\phase_05_basic_dual_output_hdc\results\oof\vanilla_hdc_ridge_regression_oof.csv,a449d8f43a0935f0a3fcf8cf901894e426a83e552807dcef9551bc983ba22758,True
sub-cp039_ses-20211219_level-04B_run-009,sub-cp039,1,4.0,3.4276633637553005,3.4276633637553005,0.5723366362446995,multimodal_reference,E:\hdc-vr-pilot\experiments\phase_05_basic_dual_output_hdc\results\oof\vanilla_hdc_ridge_regression_oof.csv,a449d8f43a0935f0a3fcf8cf901894e426a83e552807dcef9551bc983ba22758,True
sub-cp042_ses-20220111_level-01B_run-001,sub-cp042,4,1.0,0.9931453966364409,1.0,0.0,multimodal_reference,E:\hdc-vr-pilot\experiments\phase_05_basic_dual_output_hdc\results\oof\vanilla_hdc_ridge_regression_oof.csv,a449d8f43a0935f0a3fcf8cf901894e426a83e552807dcef9551bc983ba22758,True
sub-cp042_ses-20220111_level-01B_run-007,sub-cp042,4,1.0,1.035294601241293,1.035294601241293,-0.03529460124129291,multimodal_reference,E:\hdc-vr-pilot\experiments\phase_05_basic_dual_output_hdc\results\oof\vanilla_hdc_ridge_regression_oof.csv,a449d8f43a0935f0a3fcf8cf901894e426a83e552807dcef9551bc983ba22758,True
sub-cp042_ses-20220111_level-01B_run-012,sub-cp042,4,1.0,1.6734868334731001,1.6734868334731001,-0.6734868334731001,multimodal_reference,E:\hdc-vr-pilot\experiments\phase_05_basic_dual_output_hdc\results\oof\vanilla_hdc_ridge_regression_oof.csv,a449d8f43a0935f0a3fcf8cf901894e426a83e552807dcef9551bc983ba22758,True
sub-cp042_ses-20220111_level-02B_run-003,sub-cp042,4,2.0,2.209337224658039,2.209337224658039,-0.20933722465803895,multimodal_reference,E:\hdc-vr-pilot\experiments\phase_05_basic_dual_output_hdc\results\oof\vanilla_hdc_ridge_regression_oof.csv,a449d8f43a0935f0a3fcf8cf901894e426a83e552807dcef9551bc983ba22758,True
sub-cp042_ses-20220111_level-02B_run-008,sub-cp042,4,2.0,1.9267749235040206,1.9267749235040206,0.07322507649597942,multimodal_reference,E:\hdc-vr-pilot\experiments\phase_05_basic_dual_output_hdc\results\oof\vanilla_hdc_ridge_regression_oof.csv,a449d8f43a0935f0a3fcf8cf901894e426a83e552807dcef9551bc983ba22758,True
sub-cp042_ses-20220111_level-02B_run-010,sub-cp042,4,2.0,1.7832418747088308,1.7832418747088308,0.21675812529116922,multimodal_reference,E:\hdc-vr-pilot\experiments\phase_05_basic_dual_output_hdc\results\oof\vanilla_hdc_ridge_regression_oof.csv,a449d8f43a0935f0a3fcf8cf901894e426a83e552807dcef9551bc983ba22758,True
sub-cp042_ses-20220111_level-03B_run-002,sub-cp042,4,3.0,3.266805523089135,3.266805523089135,-0.26680552308913486,multimodal_reference,E:\hdc-vr-pilot\experiments\phase_05_basic_dual_output_hdc\results\oof\vanilla_hdc_ridge_regression_oof.csv,a449d8f43a0935f0a3fcf8cf901894e426a83e552807dcef9551bc983ba22758,True
sub-cp042_ses-20220111_level-03B_run-005,sub-cp042,4,3.0,3.0267843084103476,3.0267843084103476,-0.026784308410347624,multimodal_reference,E:\hdc-vr-pilot\experiments\phase_05_basic_dual_output_hdc\results\oof\vanilla_hdc_ridge_regression_oof.csv,a449d8f43a0935f0a3fcf8cf901894e426a83e552807dcef9551bc983ba22758,True
sub-cp042_ses-20220111_level-03B_run-011,sub-cp042,4,3.0,2.648771779838964,2.648771779838964,0.35122822016103594,multimodal_reference,E:\hdc-vr-pilot\experiments\phase_05_basic_dual_output_hdc\results\oof\vanilla_hdc_ridge_regression_oof.csv,a449d8f43a0935f0a3fcf8cf901894e426a83e552807dcef9551bc983ba22758,True
sub-cp042_ses-20220111_level-04B_run-004,sub-cp042,4,4.0,4.026831090900465,4.0,0.0,multimodal_reference,E:\hdc-vr-pilot\experiments\phase_05_basic_dual_output_hdc\results\oof\vanilla_hdc_ridge_regression_oof.csv,a449d8f43a0935f0a3fcf8cf901894e426a83e552807dcef9551bc983ba22758,True
sub-cp042_ses-20220111_level-04B_run-006,sub-cp042,4,4.0,3.8567253615439454,3.8567253615439454,0.1432746384560546,multimodal_reference,E:\hdc-vr-pilot\experiments\phase_05_basic_dual_output_hdc\results\oof\vanilla_hdc_ridge_regression_oof.csv,a449d8f43a0935f0a3fcf8cf901894e426a83e552807dcef9551bc983ba22758,True
sub-cp042_ses-20220111_level-04B_run-009,sub-cp042,4,4.0,3.6983726552120757,3.6983726552120757,0.3016273447879243,multimodal_reference,E:\hdc-vr-pilot\experiments\phase_05_basic_dual_output_hdc\results\oof\vanilla_hdc_ridge_regression_oof.csv,a449d8f43a0935f0a3fcf8cf901894e426a83e552807dcef9551bc983ba22758,True
sub-cp043_ses-20220127_level-01B_run-001,sub-cp043,1,1.0,1.4961612666809758,1.4961612666809758,-0.4961612666809758,multimodal_reference,E:\hdc-vr-pilot\experiments\phase_05_basic_dual_output_hdc\results\oof\vanilla_hdc_ridge_regression_oof.csv,a449d8f43a0935f0a3fcf8cf901894e426a83e552807dcef9551bc983ba22758,True
sub-cp043_ses-20220127_level-01B_run-007,sub-cp043,1,1.0,1.451552758131842,1.451552758131842,-0.4515527581318419,multimodal_reference,E:\hdc-vr-pilot\experiments\phase_05_basic_dual_output_hdc\results\oof\vanilla_hdc_ridge_regression_oof.csv,a449d8f43a0935f0a3fcf8cf901894e426a83e552807dcef9551bc983ba22758,True
sub-cp043_ses-20220127_level-01B_run-012,sub-cp043,1,1.0,1.5149197106607752,1.5149197106607752,-0.5149197106607752,multimodal_reference,E:\hdc-vr-pilot\experiments\phase_05_basic_dual_output_hdc\results\oof\vanilla_hdc_ridge_regression_oof.csv,a449d8f43a0935f0a3fcf8cf901894e426a83e552807dcef9551bc983ba22758,True
sub-cp043_ses-20220127_level-02B_run-003,sub-cp043,1,2.0,1.4908184781529878,1.4908184781529878,0.5091815218470122,multimodal_reference,E:\hdc-vr-pilot\experiments\phase_05_basic_dual_output_hdc\results\oof\vanilla_hdc_ridge_regression_oof.csv,a449d8f43a0935f0a3fcf8cf901894e426a83e552807dcef9551bc983ba22758,True
sub-cp043_ses-20220127_level-02B_run-008,sub-cp043,1,2.0,1.612717517348423,1.612717517348423,0.38728248265157705,multimodal_reference,E:\hdc-vr-pilot\experiments\phase_05_basic_dual_output_hdc\results\oof\vanilla_hdc_ridge_regression_oof.csv,a449d8f43a0935f0a3fcf8cf901894e426a83e552807dcef9551bc983ba22758,True
sub-cp043_ses-20220127_level-02B_run-010,sub-cp043,1,2.0,1.552141636530253,1.552141636530253,0.44785836346974706,multimodal_reference,E:\hdc-vr-pilot\experiments\phase_05_basic_dual_output_hdc\results\oof\vanilla_hdc_ridge_regression_oof.csv,a449d8f43a0935f0a3fcf8cf901894e426a83e552807dcef9551bc983ba22758,True
sub-cp043_ses-20220127_level-03B_run-002,sub-cp043,1,3.0,3.242794792481967,3.242794792481967,-0.24279479248196711,multimodal_reference,E:\hdc-vr-pilot\experiments\phase_05_basic_dual_output_hdc\results\oof\vanilla_hdc_ridge_regression_oof.csv,a449d8f43a0935f0a3fcf8cf901894e426a83e552807dcef9551bc983ba22758,True
sub-cp043_ses-20220127_level-03B_run-005,sub-cp043,1,3.0,2.8998909976547678,2.8998909976547678,0.10010900234523223,multimodal_reference,E:\hdc-vr-pilot\experiments\phase_05_basic_dual_output_hdc\results\oof\vanilla_hdc_ridge_regression_oof.csv,a449d8f43a0935f0a3fcf8cf901894e426a83e552807dcef9551bc983ba22758,True
sub-cp043_ses-20220127_level-03B_run-011,sub-cp043,1,3.0,3.4050349020947666,3.4050349020947666,-0.40503490209476656,multimodal_reference,E:\hdc-vr-pilot\experiments\phase_05_basic_dual_output_hdc\results\oof\vanilla_hdc_ridge_regression_oof.csv,a449d8f43a0935f0a3fcf8cf901894e426a83e552807dcef9551bc983ba22758,True
sub-cp043_ses-20220127_level-04B_run-004,sub-cp043,1,4.0,4.212575455474969,4.0,0.0,multimodal_reference,E:\hdc-vr-pilot\experiments\phase_05_basic_dual_output_hdc\results\oof\vanilla_hdc_ridge_regression_oof.csv,a449d8f43a0935f0a3fcf8cf901894e426a83e552807dcef9551bc983ba22758,True
sub-cp043_ses-20220127_level-04B_run-006,sub-cp043,1,4.0,3.892623870792842,3.892623870792842,0.10737612920715822,multimodal_reference,E:\hdc-vr-pilot\experiments\phase_05_basic_dual_output_hdc\results\oof\vanilla_hdc_ridge_regression_oof.csv,a449d8f43a0935f0a3fcf8cf901894e426a83e552807dcef9551bc983ba22758,True
sub-cp043_ses-20220127_level-04B_run-009,sub-cp043,1,4.0,3.632361020927025,3.632361020927025,0.36763897907297505,multimodal_reference,E:\hdc-vr-pilot\experiments\phase_05_basic_dual_output_hdc\results\oof\vanilla_hdc_ridge_regression_oof.csv,a449d8f43a0935f0a3fcf8cf901894e426a83e552807dcef9551bc983ba22758,True
