task,subject_id,session_id,difficulty_level,run_id,run_key,source_run_path,source_file_count,readable_file_count,signal_data_file_count,verified_signal_file_count,has_physiological_signals,has_eye_tracking,eye_tracking_source_paths,has_ecg,ecg_source_paths,has_eda,eda_source_paths,has_emg,emg_source_paths,has_respiration,respiration_source_paths,has_head_movement,head_movement_source_paths,has_xplane,xplane_source_paths,has_performance,performance_source_paths,has_torso_body_accelerometer,torso_body_accelerometer_source_paths,has_control_input,control_input_source_paths,available_modality_count,available_modalities,missing_modalities,abnormal_file_count,abnormal_files,unresolved_file_count,unresolved_files
ils,sub-cp003,ses-20210206,level-01B,run-001,sub-cp003_ses-20210206_level-01B_run-001,task-ils/sub-cp003/ses-20210206/level-01B_run-001,15,15,8,7,True,False,,True,task-ils/sub-cp003/ses-20210206/level-01B_run-001/sub-cp003_ses-20210206_task-ils_stream-lslshimmerecg_feat-chunk_level-01B_run-001_dat.csv,True,task-ils/sub-cp003/ses-20210206/level-01B_run-001/sub-cp003_ses-20210206_task-ils_stream-lslshimmereda_feat-chunk_level-01B_run-001_dat.csv,True,task-ils/sub-cp003/ses-20210206/level-01B_run-001/sub-cp003_ses-20210206_task-ils_stream-lslshimmeremg_feat-chunk_level-01B_run-001_dat.csv,True,task-ils/sub-cp003/ses-20210206/level-01B_run-001/sub-cp003_ses-20210206_task-ils_stream-lslshimmerresp_feat-chunk_level-01B_run-001_dat.csv,True,task-ils/sub-cp003/ses-20210206/level-01B_run-001/sub-cp003_ses-20210206_task-ils_stream-lslxp11xpcplt_feat-chunk_level-01B_run-001_dat.csv,True,task-ils/sub-cp003/ses-20210206/level-01B_run-001/sub-cp003_ses-20210206_task-ils_stream-lslxp11xpcac_feat-chunk_level-01B_run-001_dat.csv,True,task-ils/sub-cp003/ses-20210206/level-01B_run-001/sub-cp003_ses-20210206_task-ils_stream-lslxp11_feat-perfmetric_level-01B_run-001.csv,False,,False,,7,ecg;eda;emg;head_movement;performance;respiration;xplane,control_input;eye_tracking;torso_body_accelerometer,5,invalid_effective_rate:task-ils/sub-cp003/ses-20210206/level-01B_run-001/sub-cp003_ses-20210206_task-ils_stream-lslhtcviveeye_feat-chunk_level-01B_run-001_hea.csv:NaN | invalid_effective_rate:task-ils/sub-cp003/ses-20210206/level-01B_run-001/sub-cp003_ses-20210206_task-ils_stream-lslxp11xpcac_feat-chunk_level-01B_run-001_hea.csv:NaN | invalid_effective_rate:task-ils/sub-cp003/ses-20210206/level-01B_run-001/sub-cp003_ses-20210206_task-ils_stream-lslxp11xpcplt_feat-chunk_level-01B_run-001_hea.csv:NaN | invalid_sample_count:task-ils/sub-cp003/ses-20210206/level-01B_run-001/sub-cp003_ses-20210206_task-ils_stream-lslhtcviveeye_feat-chunk_level-01B_run-001_hea.csv:0 | placeholder_data_with_zero_samples:task-ils/sub-cp003/ses-20210206/level-01B_run-001/sub-cp003_ses-20210206_task-ils_stream-lslhtcviveeye_feat-chunk_level-01B_run-001_dat.csv,0,
ils,sub-cp003,ses-20210206,level-01B,run-007,sub-cp003_ses-20210206_level-01B_run-007,task-ils/sub-cp003/ses-20210206/level-01B_run-007,15,15,8,7,True,False,,True,task-ils/sub-cp003/ses-20210206/level-01B_run-007/sub-cp003_ses-20210206_task-ils_stream-lslshimmerecg_feat-chunk_level-01B_run-007_dat.csv,True,task-ils/sub-cp003/ses-20210206/level-01B_run-007/sub-cp003_ses-20210206_task-ils_stream-lslshimmereda_feat-chunk_level-01B_run-007_dat.csv,True,task-ils/sub-cp003/ses-20210206/level-01B_run-007/sub-cp003_ses-20210206_task-ils_stream-lslshimmeremg_feat-chunk_level-01B_run-007_dat.csv,True,task-ils/sub-cp003/ses-20210206/level-01B_run-007/sub-cp003_ses-20210206_task-ils_stream-lslshimmerresp_feat-chunk_level-01B_run-007_dat.csv,True,task-ils/sub-cp003/ses-20210206/level-01B_run-007/sub-cp003_ses-20210206_task-ils_stream-lslxp11xpcplt_feat-chunk_level-01B_run-007_dat.csv,True,task-ils/sub-cp003/ses-20210206/level-01B_run-007/sub-cp003_ses-20210206_task-ils_stream-lslxp11xpcac_feat-chunk_level-01B_run-007_dat.csv,True,task-ils/sub-cp003/ses-20210206/level-01B_run-007/sub-cp003_ses-20210206_task-ils_stream-lslxp11_feat-perfmetric_level-01B_run-007.csv,False,,False,,7,ecg;eda;emg;head_movement;performance;respiration;xplane,control_input;eye_tracking;torso_body_accelerometer,3,invalid_effective_rate:task-ils/sub-cp003/ses-20210206/level-01B_run-007/sub-cp003_ses-20210206_task-ils_stream-lslhtcviveeye_feat-chunk_level-01B_run-007_hea.csv:NaN | invalid_sample_count:task-ils/sub-cp003/ses-20210206/level-01B_run-007/sub-cp003_ses-20210206_task-ils_stream-lslhtcviveeye_feat-chunk_level-01B_run-007_hea.csv:0 | placeholder_data_with_zero_samples:task-ils/sub-cp003/ses-20210206/level-01B_run-007/sub-cp003_ses-20210206_task-ils_stream-lslhtcviveeye_feat-chunk_level-01B_run-007_dat.csv,0,
ils,sub-cp003,ses-20210206,level-01B,run-012,sub-cp003_ses-20210206_level-01B_run-012,task-ils/sub-cp003/ses-20210206/level-01B_run-012,15,15,8,7,True,False,,True,task-ils/sub-cp003/ses-20210206/level-01B_run-012/sub-cp003_ses-20210206_task-ils_stream-lslshimmerecg_feat-chunk_level-01B_run-012_dat.csv,True,task-ils/sub-cp003/ses-20210206/level-01B_run-012/sub-cp003_ses-20210206_task-ils_stream-lslshimmereda_feat-chunk_level-01B_run-012_dat.csv,True,task-ils/sub-cp003/ses-20210206/level-01B_run-012/sub-cp003_ses-20210206_task-ils_stream-lslshimmeremg_feat-chunk_level-01B_run-012_dat.csv,True,task-ils/sub-cp003/ses-20210206/level-01B_run-012/sub-cp003_ses-20210206_task-ils_stream-lslshimmerresp_feat-chunk_level-01B_run-012_dat.csv,True,task-ils/sub-cp003/ses-20210206/level-01B_run-012/sub-cp003_ses-20210206_task-ils_stream-lslxp11xpcplt_feat-chunk_level-01B_run-012_dat.csv,True,task-ils/sub-cp003/ses-20210206/level-01B_run-012/sub-cp003_ses-20210206_task-ils_stream-lslxp11xpcac_feat-chunk_level-01B_run-012_dat.csv,True,task-ils/sub-cp003/ses-20210206/level-01B_run-012/sub-cp003_ses-20210206_task-ils_stream-lslxp11_feat-perfmetric_level-01B_run-012.csv,False,,False,,7,ecg;eda;emg;head_movement;performance;respiration;xplane,control_input;eye_tracking;torso_body_accelerometer,3,invalid_effective_rate:task-ils/sub-cp003/ses-20210206/level-01B_run-012/sub-cp003_ses-20210206_task-ils_stream-lslhtcviveeye_feat-chunk_level-01B_run-012_hea.csv:NaN | invalid_sample_count:task-ils/sub-cp003/ses-20210206/level-01B_run-012/sub-cp003_ses-20210206_task-ils_stream-lslhtcviveeye_feat-chunk_level-01B_run-012_hea.csv:0 | placeholder_data_with_zero_samples:task-ils/sub-cp003/ses-20210206/level-01B_run-012/sub-cp003_ses-20210206_task-ils_stream-lslhtcviveeye_feat-chunk_level-01B_run-012_dat.csv,0,
ils,sub-cp003,ses-20210206,level-02B,run-003,sub-cp003_ses-20210206_level-02B_run-003,task-ils/sub-cp003/ses-20210206/level-02B_run-003,15,15,8,7,True,False,,True,task-ils/sub-cp003/ses-20210206/level-02B_run-003/sub-cp003_ses-20210206_task-ils_stream-lslshimmerecg_feat-chunk_level-02B_run-003_dat.csv,True,task-ils/sub-cp003/ses-20210206/level-02B_run-003/sub-cp003_ses-20210206_task-ils_stream-lslshimmereda_feat-chunk_level-02B_run-003_dat.csv,True,task-ils/sub-cp003/ses-20210206/level-02B_run-003/sub-cp003_ses-20210206_task-ils_stream-lslshimmeremg_feat-chunk_level-02B_run-003_dat.csv,True,task-ils/sub-cp003/ses-20210206/level-02B_run-003/sub-cp003_ses-20210206_task-ils_stream-lslshimmerresp_feat-chunk_level-02B_run-003_dat.csv,True,task-ils/sub-cp003/ses-20210206/level-02B_run-003/sub-cp003_ses-20210206_task-ils_stream-lslxp11xpcplt_feat-chunk_level-02B_run-003_dat.csv,True,task-ils/sub-cp003/ses-20210206/level-02B_run-003/sub-cp003_ses-20210206_task-ils_stream-lslxp11xpcac_feat-chunk_level-02B_run-003_dat.csv,True,task-ils/sub-cp003/ses-20210206/level-02B_run-003/sub-cp003_ses-20210206_task-ils_stream-lslxp11_feat-perfmetric_level-02B_run-003.csv,False,,False,,7,ecg;eda;emg;head_movement;performance;respiration;xplane,control_input;eye_tracking;torso_body_accelerometer,3,invalid_effective_rate:task-ils/sub-cp003/ses-20210206/level-02B_run-003/sub-cp003_ses-20210206_task-ils_stream-lslhtcviveeye_feat-chunk_level-02B_run-003_hea.csv:NaN | invalid_sample_count:task-ils/sub-cp003/ses-20210206/level-02B_run-003/sub-cp003_ses-20210206_task-ils_stream-lslhtcviveeye_feat-chunk_level-02B_run-003_hea.csv:0 | placeholder_data_with_zero_samples:task-ils/sub-cp003/ses-20210206/level-02B_run-003/sub-cp003_ses-20210206_task-ils_stream-lslhtcviveeye_feat-chunk_level-02B_run-003_dat.csv,0,
ils,sub-cp003,ses-20210206,level-02B,run-008,sub-cp003_ses-20210206_level-02B_run-008,task-ils/sub-cp003/ses-20210206/level-02B_run-008,15,15,8,7,True,False,,True,task-ils/sub-cp003/ses-20210206/level-02B_run-008/sub-cp003_ses-20210206_task-ils_stream-lslshimmerecg_feat-chunk_level-02B_run-008_dat.csv,True,task-ils/sub-cp003/ses-20210206/level-02B_run-008/sub-cp003_ses-20210206_task-ils_stream-lslshimmereda_feat-chunk_level-02B_run-008_dat.csv,True,task-ils/sub-cp003/ses-20210206/level-02B_run-008/sub-cp003_ses-20210206_task-ils_stream-lslshimmeremg_feat-chunk_level-02B_run-008_dat.csv,True,task-ils/sub-cp003/ses-20210206/level-02B_run-008/sub-cp003_ses-20210206_task-ils_stream-lslshimmerresp_feat-chunk_level-02B_run-008_dat.csv,True,task-ils/sub-cp003/ses-20210206/level-02B_run-008/sub-cp003_ses-20210206_task-ils_stream-lslxp11xpcplt_feat-chunk_level-02B_run-008_dat.csv,True,task-ils/sub-cp003/ses-20210206/level-02B_run-008/sub-cp003_ses-20210206_task-ils_stream-lslxp11xpcac_feat-chunk_level-02B_run-008_dat.csv,True,task-ils/sub-cp003/ses-20210206/level-02B_run-008/sub-cp003_ses-20210206_task-ils_stream-lslxp11_feat-perfmetric_level-02B_run-008.csv,False,,False,,7,ecg;eda;emg;head_movement;performance;respiration;xplane,control_input;eye_tracking;torso_body_accelerometer,3,invalid_effective_rate:task-ils/sub-cp003/ses-20210206/level-02B_run-008/sub-cp003_ses-20210206_task-ils_stream-lslhtcviveeye_feat-chunk_level-02B_run-008_hea.csv:NaN | invalid_sample_count:task-ils/sub-cp003/ses-20210206/level-02B_run-008/sub-cp003_ses-20210206_task-ils_stream-lslhtcviveeye_feat-chunk_level-02B_run-008_hea.csv:0 | placeholder_data_with_zero_samples:task-ils/sub-cp003/ses-20210206/level-02B_run-008/sub-cp003_ses-20210206_task-ils_stream-lslhtcviveeye_feat-chunk_level-02B_run-008_dat.csv,0,
ils,sub-cp003,ses-20210206,level-02B,run-010,sub-cp003_ses-20210206_level-02B_run-010,task-ils/sub-cp003/ses-20210206/level-02B_run-010,15,15,8,7,True,False,,True,task-ils/sub-cp003/ses-20210206/level-02B_run-010/sub-cp003_ses-20210206_task-ils_stream-lslshimmerecg_feat-chunk_level-02B_run-010_dat.csv,True,task-ils/sub-cp003/ses-20210206/level-02B_run-010/sub-cp003_ses-20210206_task-ils_stream-lslshimmereda_feat-chunk_level-02B_run-010_dat.csv,True,task-ils/sub-cp003/ses-20210206/level-02B_run-010/sub-cp003_ses-20210206_task-ils_stream-lslshimmeremg_feat-chunk_level-02B_run-010_dat.csv,True,task-ils/sub-cp003/ses-20210206/level-02B_run-010/sub-cp003_ses-20210206_task-ils_stream-lslshimmerresp_feat-chunk_level-02B_run-010_dat.csv,True,task-ils/sub-cp003/ses-20210206/level-02B_run-010/sub-cp003_ses-20210206_task-ils_stream-lslxp11xpcplt_feat-chunk_level-02B_run-010_dat.csv,True,task-ils/sub-cp003/ses-20210206/level-02B_run-010/sub-cp003_ses-20210206_task-ils_stream-lslxp11xpcac_feat-chunk_level-02B_run-010_dat.csv,True,task-ils/sub-cp003/ses-20210206/level-02B_run-010/sub-cp003_ses-20210206_task-ils_stream-lslxp11_feat-perfmetric_level-02B_run-010.csv,False,,False,,7,ecg;eda;emg;head_movement;performance;respiration;xplane,control_input;eye_tracking;torso_body_accelerometer,3,invalid_effective_rate:task-ils/sub-cp003/ses-20210206/level-02B_run-010/sub-cp003_ses-20210206_task-ils_stream-lslhtcviveeye_feat-chunk_level-02B_run-010_hea.csv:NaN | invalid_sample_count:task-ils/sub-cp003/ses-20210206/level-02B_run-010/sub-cp003_ses-20210206_task-ils_stream-lslhtcviveeye_feat-chunk_level-02B_run-010_hea.csv:0 | placeholder_data_with_zero_samples:task-ils/sub-cp003/ses-20210206/level-02B_run-010/sub-cp003_ses-20210206_task-ils_stream-lslhtcviveeye_feat-chunk_level-02B_run-010_dat.csv,0,
ils,sub-cp003,ses-20210206,level-03B,run-002,sub-cp003_ses-20210206_level-03B_run-002,task-ils/sub-cp003/ses-20210206/level-03B_run-002,15,15,8,7,True,False,,True,task-ils/sub-cp003/ses-20210206/level-03B_run-002/sub-cp003_ses-20210206_task-ils_stream-lslshimmerecg_feat-chunk_level-03B_run-002_dat.csv,True,task-ils/sub-cp003/ses-20210206/level-03B_run-002/sub-cp003_ses-20210206_task-ils_stream-lslshimmereda_feat-chunk_level-03B_run-002_dat.csv,True,task-ils/sub-cp003/ses-20210206/level-03B_run-002/sub-cp003_ses-20210206_task-ils_stream-lslshimmeremg_feat-chunk_level-03B_run-002_dat.csv,True,task-ils/sub-cp003/ses-20210206/level-03B_run-002/sub-cp003_ses-20210206_task-ils_stream-lslshimmerresp_feat-chunk_level-03B_run-002_dat.csv,True,task-ils/sub-cp003/ses-20210206/level-03B_run-002/sub-cp003_ses-20210206_task-ils_stream-lslxp11xpcplt_feat-chunk_level-03B_run-002_dat.csv,True,task-ils/sub-cp003/ses-20210206/level-03B_run-002/sub-cp003_ses-20210206_task-ils_stream-lslxp11xpcac_feat-chunk_level-03B_run-002_dat.csv,True,task-ils/sub-cp003/ses-20210206/level-03B_run-002/sub-cp003_ses-20210206_task-ils_stream-lslxp11_feat-perfmetric_level-03B_run-002.csv,False,,False,,7,ecg;eda;emg;head_movement;performance;respiration;xplane,control_input;eye_tracking;torso_body_accelerometer,3,invalid_effective_rate:task-ils/sub-cp003/ses-20210206/level-03B_run-002/sub-cp003_ses-20210206_task-ils_stream-lslhtcviveeye_feat-chunk_level-03B_run-002_hea.csv:NaN | invalid_sample_count:task-ils/sub-cp003/ses-20210206/level-03B_run-002/sub-cp003_ses-20210206_task-ils_stream-lslhtcviveeye_feat-chunk_level-03B_run-002_hea.csv:0 | placeholder_data_with_zero_samples:task-ils/sub-cp003/ses-20210206/level-03B_run-002/sub-cp003_ses-20210206_task-ils_stream-lslhtcviveeye_feat-chunk_level-03B_run-002_dat.csv,0,
ils,sub-cp003,ses-20210206,level-03B,run-005,sub-cp003_ses-20210206_level-03B_run-005,task-ils/sub-cp003/ses-20210206/level-03B_run-005,15,15,8,7,True,False,,True,task-ils/sub-cp003/ses-20210206/level-03B_run-005/sub-cp003_ses-20210206_task-ils_stream-lslshimmerecg_feat-chunk_level-03B_run-005_dat.csv,True,task-ils/sub-cp003/ses-20210206/level-03B_run-005/sub-cp003_ses-20210206_task-ils_stream-lslshimmereda_feat-chunk_level-03B_run-005_dat.csv,True,task-ils/sub-cp003/ses-20210206/level-03B_run-005/sub-cp003_ses-20210206_task-ils_stream-lslshimmeremg_feat-chunk_level-03B_run-005_dat.csv,True,task-ils/sub-cp003/ses-20210206/level-03B_run-005/sub-cp003_ses-20210206_task-ils_stream-lslshimmerresp_feat-chunk_level-03B_run-005_dat.csv,True,task-ils/sub-cp003/ses-20210206/level-03B_run-005/sub-cp003_ses-20210206_task-ils_stream-lslxp11xpcplt_feat-chunk_level-03B_run-005_dat.csv,True,task-ils/sub-cp003/ses-20210206/level-03B_run-005/sub-cp003_ses-20210206_task-ils_stream-lslxp11xpcac_feat-chunk_level-03B_run-005_dat.csv,True,task-ils/sub-cp003/ses-20210206/level-03B_run-005/sub-cp003_ses-20210206_task-ils_stream-lslxp11_feat-perfmetric_level-03B_run-005.csv,False,,False,,7,ecg;eda;emg;head_movement;performance;respiration;xplane,control_input;eye_tracking;torso_body_accelerometer,3,invalid_effective_rate:task-ils/sub-cp003/ses-20210206/level-03B_run-005/sub-cp003_ses-20210206_task-ils_stream-lslhtcviveeye_feat-chunk_level-03B_run-005_hea.csv:NaN | invalid_sample_count:task-ils/sub-cp003/ses-20210206/level-03B_run-005/sub-cp003_ses-20210206_task-ils_stream-lslhtcviveeye_feat-chunk_level-03B_run-005_hea.csv:0 | placeholder_data_with_zero_samples:task-ils/sub-cp003/ses-20210206/level-03B_run-005/sub-cp003_ses-20210206_task-ils_stream-lslhtcviveeye_feat-chunk_level-03B_run-005_dat.csv,0,
ils,sub-cp003,ses-20210206,level-03B,run-011,sub-cp003_ses-20210206_level-03B_run-011,task-ils/sub-cp003/ses-20210206/level-03B_run-011,15,15,8,7,True,False,,True,task-ils/sub-cp003/ses-20210206/level-03B_run-011/sub-cp003_ses-20210206_task-ils_stream-lslshimmerecg_feat-chunk_level-03B_run-011_dat.csv,True,task-ils/sub-cp003/ses-20210206/level-03B_run-011/sub-cp003_ses-20210206_task-ils_stream-lslshimmereda_feat-chunk_level-03B_run-011_dat.csv,True,task-ils/sub-cp003/ses-20210206/level-03B_run-011/sub-cp003_ses-20210206_task-ils_stream-lslshimmeremg_feat-chunk_level-03B_run-011_dat.csv,True,task-ils/sub-cp003/ses-20210206/level-03B_run-011/sub-cp003_ses-20210206_task-ils_stream-lslshimmerresp_feat-chunk_level-03B_run-011_dat.csv,True,task-ils/sub-cp003/ses-20210206/level-03B_run-011/sub-cp003_ses-20210206_task-ils_stream-lslxp11xpcplt_feat-chunk_level-03B_run-011_dat.csv,True,task-ils/sub-cp003/ses-20210206/level-03B_run-011/sub-cp003_ses-20210206_task-ils_stream-lslxp11xpcac_feat-chunk_level-03B_run-011_dat.csv,True,task-ils/sub-cp003/ses-20210206/level-03B_run-011/sub-cp003_ses-20210206_task-ils_stream-lslxp11_feat-perfmetric_level-03B_run-011.csv,False,,False,,7,ecg;eda;emg;head_movement;performance;respiration;xplane,control_input;eye_tracking;torso_body_accelerometer,3,invalid_effective_rate:task-ils/sub-cp003/ses-20210206/level-03B_run-011/sub-cp003_ses-20210206_task-ils_stream-lslhtcviveeye_feat-chunk_level-03B_run-011_hea.csv:NaN | invalid_sample_count:task-ils/sub-cp003/ses-20210206/level-03B_run-011/sub-cp003_ses-20210206_task-ils_stream-lslhtcviveeye_feat-chunk_level-03B_run-011_hea.csv:0 | placeholder_data_with_zero_samples:task-ils/sub-cp003/ses-20210206/level-03B_run-011/sub-cp003_ses-20210206_task-ils_stream-lslhtcviveeye_feat-chunk_level-03B_run-011_dat.csv,0,
ils,sub-cp003,ses-20210206,level-04B,run-004,sub-cp003_ses-20210206_level-04B_run-004,task-ils/sub-cp003/ses-20210206/level-04B_run-004,15,15,8,7,True,False,,True,task-ils/sub-cp003/ses-20210206/level-04B_run-004/sub-cp003_ses-20210206_task-ils_stream-lslshimmerecg_feat-chunk_level-04B_run-004_dat.csv,True,task-ils/sub-cp003/ses-20210206/level-04B_run-004/sub-cp003_ses-20210206_task-ils_stream-lslshimmereda_feat-chunk_level-04B_run-004_dat.csv,True,task-ils/sub-cp003/ses-20210206/level-04B_run-004/sub-cp003_ses-20210206_task-ils_stream-lslshimmeremg_feat-chunk_level-04B_run-004_dat.csv,True,task-ils/sub-cp003/ses-20210206/level-04B_run-004/sub-cp003_ses-20210206_task-ils_stream-lslshimmerresp_feat-chunk_level-04B_run-004_dat.csv,True,task-ils/sub-cp003/ses-20210206/level-04B_run-004/sub-cp003_ses-20210206_task-ils_stream-lslxp11xpcplt_feat-chunk_level-04B_run-004_dat.csv,True,task-ils/sub-cp003/ses-20210206/level-04B_run-004/sub-cp003_ses-20210206_task-ils_stream-lslxp11xpcac_feat-chunk_level-04B_run-004_dat.csv,True,task-ils/sub-cp003/ses-20210206/level-04B_run-004/sub-cp003_ses-20210206_task-ils_stream-lslxp11_feat-perfmetric_level-04B_run-004.csv,False,,False,,7,ecg;eda;emg;head_movement;performance;respiration;xplane,control_input;eye_tracking;torso_body_accelerometer,3,invalid_effective_rate:task-ils/sub-cp003/ses-20210206/level-04B_run-004/sub-cp003_ses-20210206_task-ils_stream-lslhtcviveeye_feat-chunk_level-04B_run-004_hea.csv:NaN | invalid_sample_count:task-ils/sub-cp003/ses-20210206/level-04B_run-004/sub-cp003_ses-20210206_task-ils_stream-lslhtcviveeye_feat-chunk_level-04B_run-004_hea.csv:0 | placeholder_data_with_zero_samples:task-ils/sub-cp003/ses-20210206/level-04B_run-004/sub-cp003_ses-20210206_task-ils_stream-lslhtcviveeye_feat-chunk_level-04B_run-004_dat.csv,0,
ils,sub-cp003,ses-20210206,level-04B,run-006,sub-cp003_ses-20210206_level-04B_run-006,task-ils/sub-cp003/ses-20210206/level-04B_run-006,15,15,8,7,True,False,,True,task-ils/sub-cp003/ses-20210206/level-04B_run-006/sub-cp003_ses-20210206_task-ils_stream-lslshimmerecg_feat-chunk_level-04B_run-006_dat.csv,True,task-ils/sub-cp003/ses-20210206/level-04B_run-006/sub-cp003_ses-20210206_task-ils_stream-lslshimmereda_feat-chunk_level-04B_run-006_dat.csv,True,task-ils/sub-cp003/ses-20210206/level-04B_run-006/sub-cp003_ses-20210206_task-ils_stream-lslshimmeremg_feat-chunk_level-04B_run-006_dat.csv,True,task-ils/sub-cp003/ses-20210206/level-04B_run-006/sub-cp003_ses-20210206_task-ils_stream-lslshimmerresp_feat-chunk_level-04B_run-006_dat.csv,True,task-ils/sub-cp003/ses-20210206/level-04B_run-006/sub-cp003_ses-20210206_task-ils_stream-lslxp11xpcplt_feat-chunk_level-04B_run-006_dat.csv,True,task-ils/sub-cp003/ses-20210206/level-04B_run-006/sub-cp003_ses-20210206_task-ils_stream-lslxp11xpcac_feat-chunk_level-04B_run-006_dat.csv,True,task-ils/sub-cp003/ses-20210206/level-04B_run-006/sub-cp003_ses-20210206_task-ils_stream-lslxp11_feat-perfmetric_level-04B_run-006.csv,False,,False,,7,ecg;eda;emg;head_movement;performance;respiration;xplane,control_input;eye_tracking;torso_body_accelerometer,3,invalid_effective_rate:task-ils/sub-cp003/ses-20210206/level-04B_run-006/sub-cp003_ses-20210206_task-ils_stream-lslhtcviveeye_feat-chunk_level-04B_run-006_hea.csv:NaN | invalid_sample_count:task-ils/sub-cp003/ses-20210206/level-04B_run-006/sub-cp003_ses-20210206_task-ils_stream-lslhtcviveeye_feat-chunk_level-04B_run-006_hea.csv:0 | placeholder_data_with_zero_samples:task-ils/sub-cp003/ses-20210206/level-04B_run-006/sub-cp003_ses-20210206_task-ils_stream-lslhtcviveeye_feat-chunk_level-04B_run-006_dat.csv,0,
ils,sub-cp003,ses-20210206,level-04B,run-009,sub-cp003_ses-20210206_level-04B_run-009,task-ils/sub-cp003/ses-20210206/level-04B_run-009,15,15,8,7,True,False,,True,task-ils/sub-cp003/ses-20210206/level-04B_run-009/sub-cp003_ses-20210206_task-ils_stream-lslshimmerecg_feat-chunk_level-04B_run-009_dat.csv,True,task-ils/sub-cp003/ses-20210206/level-04B_run-009/sub-cp003_ses-20210206_task-ils_stream-lslshimmereda_feat-chunk_level-04B_run-009_dat.csv,True,task-ils/sub-cp003/ses-20210206/level-04B_run-009/sub-cp003_ses-20210206_task-ils_stream-lslshimmeremg_feat-chunk_level-04B_run-009_dat.csv,True,task-ils/sub-cp003/ses-20210206/level-04B_run-009/sub-cp003_ses-20210206_task-ils_stream-lslshimmerresp_feat-chunk_level-04B_run-009_dat.csv,True,task-ils/sub-cp003/ses-20210206/level-04B_run-009/sub-cp003_ses-20210206_task-ils_stream-lslxp11xpcplt_feat-chunk_level-04B_run-009_dat.csv,True,task-ils/sub-cp003/ses-20210206/level-04B_run-009/sub-cp003_ses-20210206_task-ils_stream-lslxp11xpcac_feat-chunk_level-04B_run-009_dat.csv,True,task-ils/sub-cp003/ses-20210206/level-04B_run-009/sub-cp003_ses-20210206_task-ils_stream-lslxp11_feat-perfmetric_level-04B_run-009.csv,False,,False,,7,ecg;eda;emg;head_movement;performance;respiration;xplane,control_input;eye_tracking;torso_body_accelerometer,5,invalid_effective_rate:task-ils/sub-cp003/ses-20210206/level-04B_run-009/sub-cp003_ses-20210206_task-ils_stream-lslhtcviveeye_feat-chunk_level-04B_run-009_hea.csv:NaN | invalid_effective_rate:task-ils/sub-cp003/ses-20210206/level-04B_run-009/sub-cp003_ses-20210206_task-ils_stream-lslxp11xpcac_feat-chunk_level-04B_run-009_hea.csv:NaN | invalid_effective_rate:task-ils/sub-cp003/ses-20210206/level-04B_run-009/sub-cp003_ses-20210206_task-ils_stream-lslxp11xpcplt_feat-chunk_level-04B_run-009_hea.csv:NaN | invalid_sample_count:task-ils/sub-cp003/ses-20210206/level-04B_run-009/sub-cp003_ses-20210206_task-ils_stream-lslhtcviveeye_feat-chunk_level-04B_run-009_hea.csv:0 | placeholder_data_with_zero_samples:task-ils/sub-cp003/ses-20210206/level-04B_run-009/sub-cp003_ses-20210206_task-ils_stream-lslhtcviveeye_feat-chunk_level-04B_run-009_dat.csv,0,
ils,sub-cp004,ses-20210330,level-01B,run-001,sub-cp004_ses-20210330_level-01B_run-001,task-ils/sub-cp004/ses-20210330/level-01B_run-001,18,18,10,10,True,True,task-ils/sub-cp004/ses-20210330/level-01B_run-001/sub-cp004_ses-20210330_ocuevts_level-01B_run-001.csv;task-ils/sub-cp004/ses-20210330/level-01B_run-001/sub-cp004_ses-20210330_task-ils_stream-lslhtcviveeye_feat-chunk_level-01B_run-001_dat.csv,True,task-ils/sub-cp004/ses-20210330/level-01B_run-001/sub-cp004_ses-20210330_task-ils_stream-lslshimmerecg_feat-chunk_level-01B_run-001_dat.csv,True,task-ils/sub-cp004/ses-20210330/level-01B_run-001/sub-cp004_ses-20210330_task-ils_stream-lslshimmereda_feat-chunk_level-01B_run-001_dat.csv,True,task-ils/sub-cp004/ses-20210330/level-01B_run-001/sub-cp004_ses-20210330_task-ils_stream-lslshimmeremg_feat-chunk_level-01B_run-001_dat.csv,True,task-ils/sub-cp004/ses-20210330/level-01B_run-001/sub-cp004_ses-20210330_task-ils_stream-lslshimmerresp_feat-chunk_level-01B_run-001_dat.csv,True,task-ils/sub-cp004/ses-20210330/level-01B_run-001/sub-cp004_ses-20210330_task-ils_stream-lslxp11xpcplt_feat-chunk_level-01B_run-001_dat.csv,True,task-ils/sub-cp004/ses-20210330/level-01B_run-001/sub-cp004_ses-20210330_task-ils_stream-lslxp11xpcac_feat-chunk_level-01B_run-001_dat.csv,True,task-ils/sub-cp004/ses-20210330/level-01B_run-001/sub-cp004_ses-20210330_task-ils_stream-lslxp11_feat-perfmetric_level-01B_run-001.csv,True,task-ils/sub-cp004/ses-20210330/level-01B_run-001/sub-cp004_ses-20210330_task-ils_stream-lslshimmertorsoacc_feat-chunk_level-01B_run-001_dat.csv,False,,9,ecg;eda;emg;eye_tracking;head_movement;performance;respiration;torso_body_accelerometer;xplane,control_input,0,,0,
ils,sub-cp004,ses-20210330,level-01B,run-007,sub-cp004_ses-20210330_level-01B_run-007,task-ils/sub-cp004/ses-20210330/level-01B_run-007,18,18,10,10,True,True,task-ils/sub-cp004/ses-20210330/level-01B_run-007/sub-cp004_ses-20210330_ocuevts_level-01B_run-007.csv;task-ils/sub-cp004/ses-20210330/level-01B_run-007/sub-cp004_ses-20210330_task-ils_stream-lslhtcviveeye_feat-chunk_level-01B_run-007_dat.csv,True,task-ils/sub-cp004/ses-20210330/level-01B_run-007/sub-cp004_ses-20210330_task-ils_stream-lslshimmerecg_feat-chunk_level-01B_run-007_dat.csv,True,task-ils/sub-cp004/ses-20210330/level-01B_run-007/sub-cp004_ses-20210330_task-ils_stream-lslshimmereda_feat-chunk_level-01B_run-007_dat.csv,True,task-ils/sub-cp004/ses-20210330/level-01B_run-007/sub-cp004_ses-20210330_task-ils_stream-lslshimmeremg_feat-chunk_level-01B_run-007_dat.csv,True,task-ils/sub-cp004/ses-20210330/level-01B_run-007/sub-cp004_ses-20210330_task-ils_stream-lslshimmerresp_feat-chunk_level-01B_run-007_dat.csv,True,task-ils/sub-cp004/ses-20210330/level-01B_run-007/sub-cp004_ses-20210330_task-ils_stream-lslxp11xpcplt_feat-chunk_level-01B_run-007_dat.csv,True,task-ils/sub-cp004/ses-20210330/level-01B_run-007/sub-cp004_ses-20210330_task-ils_stream-lslxp11xpcac_feat-chunk_level-01B_run-007_dat.csv,True,task-ils/sub-cp004/ses-20210330/level-01B_run-007/sub-cp004_ses-20210330_task-ils_stream-lslxp11_feat-perfmetric_level-01B_run-007.csv,True,task-ils/sub-cp004/ses-20210330/level-01B_run-007/sub-cp004_ses-20210330_task-ils_stream-lslshimmertorsoacc_feat-chunk_level-01B_run-007_dat.csv,False,,9,ecg;eda;emg;eye_tracking;head_movement;performance;respiration;torso_body_accelerometer;xplane,control_input,0,,0,
ils,sub-cp004,ses-20210330,level-01B,run-012,sub-cp004_ses-20210330_level-01B_run-012,task-ils/sub-cp004/ses-20210330/level-01B_run-012,18,18,10,10,True,True,task-ils/sub-cp004/ses-20210330/level-01B_run-012/sub-cp004_ses-20210330_ocuevts_level-01B_run-012.csv;task-ils/sub-cp004/ses-20210330/level-01B_run-012/sub-cp004_ses-20210330_task-ils_stream-lslhtcviveeye_feat-chunk_level-01B_run-012_dat.csv,True,task-ils/sub-cp004/ses-20210330/level-01B_run-012/sub-cp004_ses-20210330_task-ils_stream-lslshimmerecg_feat-chunk_level-01B_run-012_dat.csv,True,task-ils/sub-cp004/ses-20210330/level-01B_run-012/sub-cp004_ses-20210330_task-ils_stream-lslshimmereda_feat-chunk_level-01B_run-012_dat.csv,True,task-ils/sub-cp004/ses-20210330/level-01B_run-012/sub-cp004_ses-20210330_task-ils_stream-lslshimmeremg_feat-chunk_level-01B_run-012_dat.csv,True,task-ils/sub-cp004/ses-20210330/level-01B_run-012/sub-cp004_ses-20210330_task-ils_stream-lslshimmerresp_feat-chunk_level-01B_run-012_dat.csv,True,task-ils/sub-cp004/ses-20210330/level-01B_run-012/sub-cp004_ses-20210330_task-ils_stream-lslxp11xpcplt_feat-chunk_level-01B_run-012_dat.csv,True,task-ils/sub-cp004/ses-20210330/level-01B_run-012/sub-cp004_ses-20210330_task-ils_stream-lslxp11xpcac_feat-chunk_level-01B_run-012_dat.csv,True,task-ils/sub-cp004/ses-20210330/level-01B_run-012/sub-cp004_ses-20210330_task-ils_stream-lslxp11_feat-perfmetric_level-01B_run-012.csv,True,task-ils/sub-cp004/ses-20210330/level-01B_run-012/sub-cp004_ses-20210330_task-ils_stream-lslshimmertorsoacc_feat-chunk_level-01B_run-012_dat.csv,False,,9,ecg;eda;emg;eye_tracking;head_movement;performance;respiration;torso_body_accelerometer;xplane,control_input,0,,0,
ils,sub-cp004,ses-20210330,level-02B,run-003,sub-cp004_ses-20210330_level-02B_run-003,task-ils/sub-cp004/ses-20210330/level-02B_run-003,18,18,10,10,True,True,task-ils/sub-cp004/ses-20210330/level-02B_run-003/sub-cp004_ses-20210330_ocuevts_level-02B_run-003.csv;task-ils/sub-cp004/ses-20210330/level-02B_run-003/sub-cp004_ses-20210330_task-ils_stream-lslhtcviveeye_feat-chunk_level-02B_run-003_dat.csv,True,task-ils/sub-cp004/ses-20210330/level-02B_run-003/sub-cp004_ses-20210330_task-ils_stream-lslshimmerecg_feat-chunk_level-02B_run-003_dat.csv,True,task-ils/sub-cp004/ses-20210330/level-02B_run-003/sub-cp004_ses-20210330_task-ils_stream-lslshimmereda_feat-chunk_level-02B_run-003_dat.csv,True,task-ils/sub-cp004/ses-20210330/level-02B_run-003/sub-cp004_ses-20210330_task-ils_stream-lslshimmeremg_feat-chunk_level-02B_run-003_dat.csv,True,task-ils/sub-cp004/ses-20210330/level-02B_run-003/sub-cp004_ses-20210330_task-ils_stream-lslshimmerresp_feat-chunk_level-02B_run-003_dat.csv,True,task-ils/sub-cp004/ses-20210330/level-02B_run-003/sub-cp004_ses-20210330_task-ils_stream-lslxp11xpcplt_feat-chunk_level-02B_run-003_dat.csv,True,task-ils/sub-cp004/ses-20210330/level-02B_run-003/sub-cp004_ses-20210330_task-ils_stream-lslxp11xpcac_feat-chunk_level-02B_run-003_dat.csv,True,task-ils/sub-cp004/ses-20210330/level-02B_run-003/sub-cp004_ses-20210330_task-ils_stream-lslxp11_feat-perfmetric_level-02B_run-003.csv,True,task-ils/sub-cp004/ses-20210330/level-02B_run-003/sub-cp004_ses-20210330_task-ils_stream-lslshimmertorsoacc_feat-chunk_level-02B_run-003_dat.csv,False,,9,ecg;eda;emg;eye_tracking;head_movement;performance;respiration;torso_body_accelerometer;xplane,control_input,0,,0,
ils,sub-cp004,ses-20210330,level-02B,run-008,sub-cp004_ses-20210330_level-02B_run-008,task-ils/sub-cp004/ses-20210330/level-02B_run-008,18,18,10,10,True,True,task-ils/sub-cp004/ses-20210330/level-02B_run-008/sub-cp004_ses-20210330_ocuevts_level-02B_run-008.csv;task-ils/sub-cp004/ses-20210330/level-02B_run-008/sub-cp004_ses-20210330_task-ils_stream-lslhtcviveeye_feat-chunk_level-02B_run-008_dat.csv,True,task-ils/sub-cp004/ses-20210330/level-02B_run-008/sub-cp004_ses-20210330_task-ils_stream-lslshimmerecg_feat-chunk_level-02B_run-008_dat.csv,True,task-ils/sub-cp004/ses-20210330/level-02B_run-008/sub-cp004_ses-20210330_task-ils_stream-lslshimmereda_feat-chunk_level-02B_run-008_dat.csv,True,task-ils/sub-cp004/ses-20210330/level-02B_run-008/sub-cp004_ses-20210330_task-ils_stream-lslshimmeremg_feat-chunk_level-02B_run-008_dat.csv,True,task-ils/sub-cp004/ses-20210330/level-02B_run-008/sub-cp004_ses-20210330_task-ils_stream-lslshimmerresp_feat-chunk_level-02B_run-008_dat.csv,True,task-ils/sub-cp004/ses-20210330/level-02B_run-008/sub-cp004_ses-20210330_task-ils_stream-lslxp11xpcplt_feat-chunk_level-02B_run-008_dat.csv,True,task-ils/sub-cp004/ses-20210330/level-02B_run-008/sub-cp004_ses-20210330_task-ils_stream-lslxp11xpcac_feat-chunk_level-02B_run-008_dat.csv,True,task-ils/sub-cp004/ses-20210330/level-02B_run-008/sub-cp004_ses-20210330_task-ils_stream-lslxp11_feat-perfmetric_level-02B_run-008.csv,True,task-ils/sub-cp004/ses-20210330/level-02B_run-008/sub-cp004_ses-20210330_task-ils_stream-lslshimmertorsoacc_feat-chunk_level-02B_run-008_dat.csv,False,,9,ecg;eda;emg;eye_tracking;head_movement;performance;respiration;torso_body_accelerometer;xplane,control_input,0,,0,
ils,sub-cp004,ses-20210330,level-02B,run-010,sub-cp004_ses-20210330_level-02B_run-010,task-ils/sub-cp004/ses-20210330/level-02B_run-010,18,18,10,10,True,True,task-ils/sub-cp004/ses-20210330/level-02B_run-010/sub-cp004_ses-20210330_ocuevts_level-02B_run-010.csv;task-ils/sub-cp004/ses-20210330/level-02B_run-010/sub-cp004_ses-20210330_task-ils_stream-lslhtcviveeye_feat-chunk_level-02B_run-010_dat.csv,True,task-ils/sub-cp004/ses-20210330/level-02B_run-010/sub-cp004_ses-20210330_task-ils_stream-lslshimmerecg_feat-chunk_level-02B_run-010_dat.csv,True,task-ils/sub-cp004/ses-20210330/level-02B_run-010/sub-cp004_ses-20210330_task-ils_stream-lslshimmereda_feat-chunk_level-02B_run-010_dat.csv,True,task-ils/sub-cp004/ses-20210330/level-02B_run-010/sub-cp004_ses-20210330_task-ils_stream-lslshimmeremg_feat-chunk_level-02B_run-010_dat.csv,True,task-ils/sub-cp004/ses-20210330/level-02B_run-010/sub-cp004_ses-20210330_task-ils_stream-lslshimmerresp_feat-chunk_level-02B_run-010_dat.csv,True,task-ils/sub-cp004/ses-20210330/level-02B_run-010/sub-cp004_ses-20210330_task-ils_stream-lslxp11xpcplt_feat-chunk_level-02B_run-010_dat.csv,True,task-ils/sub-cp004/ses-20210330/level-02B_run-010/sub-cp004_ses-20210330_task-ils_stream-lslxp11xpcac_feat-chunk_level-02B_run-010_dat.csv,True,task-ils/sub-cp004/ses-20210330/level-02B_run-010/sub-cp004_ses-20210330_task-ils_stream-lslxp11_feat-perfmetric_level-02B_run-010.csv,True,task-ils/sub-cp004/ses-20210330/level-02B_run-010/sub-cp004_ses-20210330_task-ils_stream-lslshimmertorsoacc_feat-chunk_level-02B_run-010_dat.csv,False,,9,ecg;eda;emg;eye_tracking;head_movement;performance;respiration;torso_body_accelerometer;xplane,control_input,0,,0,
ils,sub-cp004,ses-20210330,level-03B,run-002,sub-cp004_ses-20210330_level-03B_run-002,task-ils/sub-cp004/ses-20210330/level-03B_run-002,18,18,10,10,True,True,task-ils/sub-cp004/ses-20210330/level-03B_run-002/sub-cp004_ses-20210330_ocuevts_level-03B_run-002.csv;task-ils/sub-cp004/ses-20210330/level-03B_run-002/sub-cp004_ses-20210330_task-ils_stream-lslhtcviveeye_feat-chunk_level-03B_run-002_dat.csv,True,task-ils/sub-cp004/ses-20210330/level-03B_run-002/sub-cp004_ses-20210330_task-ils_stream-lslshimmerecg_feat-chunk_level-03B_run-002_dat.csv,True,task-ils/sub-cp004/ses-20210330/level-03B_run-002/sub-cp004_ses-20210330_task-ils_stream-lslshimmereda_feat-chunk_level-03B_run-002_dat.csv,True,task-ils/sub-cp004/ses-20210330/level-03B_run-002/sub-cp004_ses-20210330_task-ils_stream-lslshimmeremg_feat-chunk_level-03B_run-002_dat.csv,True,task-ils/sub-cp004/ses-20210330/level-03B_run-002/sub-cp004_ses-20210330_task-ils_stream-lslshimmerresp_feat-chunk_level-03B_run-002_dat.csv,True,task-ils/sub-cp004/ses-20210330/level-03B_run-002/sub-cp004_ses-20210330_task-ils_stream-lslxp11xpcplt_feat-chunk_level-03B_run-002_dat.csv,True,task-ils/sub-cp004/ses-20210330/level-03B_run-002/sub-cp004_ses-20210330_task-ils_stream-lslxp11xpcac_feat-chunk_level-03B_run-002_dat.csv,True,task-ils/sub-cp004/ses-20210330/level-03B_run-002/sub-cp004_ses-20210330_task-ils_stream-lslxp11_feat-perfmetric_level-03B_run-002.csv,True,task-ils/sub-cp004/ses-20210330/level-03B_run-002/sub-cp004_ses-20210330_task-ils_stream-lslshimmertorsoacc_feat-chunk_level-03B_run-002_dat.csv,False,,9,ecg;eda;emg;eye_tracking;head_movement;performance;respiration;torso_body_accelerometer;xplane,control_input,0,,0,
ils,sub-cp004,ses-20210330,level-03B,run-005,sub-cp004_ses-20210330_level-03B_run-005,task-ils/sub-cp004/ses-20210330/level-03B_run-005,18,18,10,10,True,True,task-ils/sub-cp004/ses-20210330/level-03B_run-005/sub-cp004_ses-20210330_ocuevts_level-03B_run-005.csv;task-ils/sub-cp004/ses-20210330/level-03B_run-005/sub-cp004_ses-20210330_task-ils_stream-lslhtcviveeye_feat-chunk_level-03B_run-005_dat.csv,True,task-ils/sub-cp004/ses-20210330/level-03B_run-005/sub-cp004_ses-20210330_task-ils_stream-lslshimmerecg_feat-chunk_level-03B_run-005_dat.csv,True,task-ils/sub-cp004/ses-20210330/level-03B_run-005/sub-cp004_ses-20210330_task-ils_stream-lslshimmereda_feat-chunk_level-03B_run-005_dat.csv,True,task-ils/sub-cp004/ses-20210330/level-03B_run-005/sub-cp004_ses-20210330_task-ils_stream-lslshimmeremg_feat-chunk_level-03B_run-005_dat.csv,True,task-ils/sub-cp004/ses-20210330/level-03B_run-005/sub-cp004_ses-20210330_task-ils_stream-lslshimmerresp_feat-chunk_level-03B_run-005_dat.csv,True,task-ils/sub-cp004/ses-20210330/level-03B_run-005/sub-cp004_ses-20210330_task-ils_stream-lslxp11xpcplt_feat-chunk_level-03B_run-005_dat.csv,True,task-ils/sub-cp004/ses-20210330/level-03B_run-005/sub-cp004_ses-20210330_task-ils_stream-lslxp11xpcac_feat-chunk_level-03B_run-005_dat.csv,True,task-ils/sub-cp004/ses-20210330/level-03B_run-005/sub-cp004_ses-20210330_task-ils_stream-lslxp11_feat-perfmetric_level-03B_run-005.csv,True,task-ils/sub-cp004/ses-20210330/level-03B_run-005/sub-cp004_ses-20210330_task-ils_stream-lslshimmertorsoacc_feat-chunk_level-03B_run-005_dat.csv,False,,9,ecg;eda;emg;eye_tracking;head_movement;performance;respiration;torso_body_accelerometer;xplane,control_input,0,,0,
ils,sub-cp004,ses-20210330,level-03B,run-011,sub-cp004_ses-20210330_level-03B_run-011,task-ils/sub-cp004/ses-20210330/level-03B_run-011,18,18,10,10,True,True,task-ils/sub-cp004/ses-20210330/level-03B_run-011/sub-cp004_ses-20210330_ocuevts_level-03B_run-011.csv;task-ils/sub-cp004/ses-20210330/level-03B_run-011/sub-cp004_ses-20210330_task-ils_stream-lslhtcviveeye_feat-chunk_level-03B_run-011_dat.csv,True,task-ils/sub-cp004/ses-20210330/level-03B_run-011/sub-cp004_ses-20210330_task-ils_stream-lslshimmerecg_feat-chunk_level-03B_run-011_dat.csv,True,task-ils/sub-cp004/ses-20210330/level-03B_run-011/sub-cp004_ses-20210330_task-ils_stream-lslshimmereda_feat-chunk_level-03B_run-011_dat.csv,True,task-ils/sub-cp004/ses-20210330/level-03B_run-011/sub-cp004_ses-20210330_task-ils_stream-lslshimmeremg_feat-chunk_level-03B_run-011_dat.csv,True,task-ils/sub-cp004/ses-20210330/level-03B_run-011/sub-cp004_ses-20210330_task-ils_stream-lslshimmerresp_feat-chunk_level-03B_run-011_dat.csv,True,task-ils/sub-cp004/ses-20210330/level-03B_run-011/sub-cp004_ses-20210330_task-ils_stream-lslxp11xpcplt_feat-chunk_level-03B_run-011_dat.csv,True,task-ils/sub-cp004/ses-20210330/level-03B_run-011/sub-cp004_ses-20210330_task-ils_stream-lslxp11xpcac_feat-chunk_level-03B_run-011_dat.csv,True,task-ils/sub-cp004/ses-20210330/level-03B_run-011/sub-cp004_ses-20210330_task-ils_stream-lslxp11_feat-perfmetric_level-03B_run-011.csv,True,task-ils/sub-cp004/ses-20210330/level-03B_run-011/sub-cp004_ses-20210330_task-ils_stream-lslshimmertorsoacc_feat-chunk_level-03B_run-011_dat.csv,False,,9,ecg;eda;emg;eye_tracking;head_movement;performance;respiration;torso_body_accelerometer;xplane,control_input,0,,0,
ils,sub-cp004,ses-20210330,level-04B,run-004,sub-cp004_ses-20210330_level-04B_run-004,task-ils/sub-cp004/ses-20210330/level-04B_run-004,18,18,10,10,True,True,task-ils/sub-cp004/ses-20210330/level-04B_run-004/sub-cp004_ses-20210330_ocuevts_level-04B_run-004.csv;task-ils/sub-cp004/ses-20210330/level-04B_run-004/sub-cp004_ses-20210330_task-ils_stream-lslhtcviveeye_feat-chunk_level-04B_run-004_dat.csv,True,task-ils/sub-cp004/ses-20210330/level-04B_run-004/sub-cp004_ses-20210330_task-ils_stream-lslshimmerecg_feat-chunk_level-04B_run-004_dat.csv,True,task-ils/sub-cp004/ses-20210330/level-04B_run-004/sub-cp004_ses-20210330_task-ils_stream-lslshimmereda_feat-chunk_level-04B_run-004_dat.csv,True,task-ils/sub-cp004/ses-20210330/level-04B_run-004/sub-cp004_ses-20210330_task-ils_stream-lslshimmeremg_feat-chunk_level-04B_run-004_dat.csv,True,task-ils/sub-cp004/ses-20210330/level-04B_run-004/sub-cp004_ses-20210330_task-ils_stream-lslshimmerresp_feat-chunk_level-04B_run-004_dat.csv,True,task-ils/sub-cp004/ses-20210330/level-04B_run-004/sub-cp004_ses-20210330_task-ils_stream-lslxp11xpcplt_feat-chunk_level-04B_run-004_dat.csv,True,task-ils/sub-cp004/ses-20210330/level-04B_run-004/sub-cp004_ses-20210330_task-ils_stream-lslxp11xpcac_feat-chunk_level-04B_run-004_dat.csv,True,task-ils/sub-cp004/ses-20210330/level-04B_run-004/sub-cp004_ses-20210330_task-ils_stream-lslxp11_feat-perfmetric_level-04B_run-004.csv,True,task-ils/sub-cp004/ses-20210330/level-04B_run-004/sub-cp004_ses-20210330_task-ils_stream-lslshimmertorsoacc_feat-chunk_level-04B_run-004_dat.csv,False,,9,ecg;eda;emg;eye_tracking;head_movement;performance;respiration;torso_body_accelerometer;xplane,control_input,0,,0,
ils,sub-cp004,ses-20210330,level-04B,run-006,sub-cp004_ses-20210330_level-04B_run-006,task-ils/sub-cp004/ses-20210330/level-04B_run-006,18,18,10,10,True,True,task-ils/sub-cp004/ses-20210330/level-04B_run-006/sub-cp004_ses-20210330_ocuevts_level-04B_run-006.csv;task-ils/sub-cp004/ses-20210330/level-04B_run-006/sub-cp004_ses-20210330_task-ils_stream-lslhtcviveeye_feat-chunk_level-04B_run-006_dat.csv,True,task-ils/sub-cp004/ses-20210330/level-04B_run-006/sub-cp004_ses-20210330_task-ils_stream-lslshimmerecg_feat-chunk_level-04B_run-006_dat.csv,True,task-ils/sub-cp004/ses-20210330/level-04B_run-006/sub-cp004_ses-20210330_task-ils_stream-lslshimmereda_feat-chunk_level-04B_run-006_dat.csv,True,task-ils/sub-cp004/ses-20210330/level-04B_run-006/sub-cp004_ses-20210330_task-ils_stream-lslshimmeremg_feat-chunk_level-04B_run-006_dat.csv,True,task-ils/sub-cp004/ses-20210330/level-04B_run-006/sub-cp004_ses-20210330_task-ils_stream-lslshimmerresp_feat-chunk_level-04B_run-006_dat.csv,True,task-ils/sub-cp004/ses-20210330/level-04B_run-006/sub-cp004_ses-20210330_task-ils_stream-lslxp11xpcplt_feat-chunk_level-04B_run-006_dat.csv,True,task-ils/sub-cp004/ses-20210330/level-04B_run-006/sub-cp004_ses-20210330_task-ils_stream-lslxp11xpcac_feat-chunk_level-04B_run-006_dat.csv,True,task-ils/sub-cp004/ses-20210330/level-04B_run-006/sub-cp004_ses-20210330_task-ils_stream-lslxp11_feat-perfmetric_level-04B_run-006.csv,True,task-ils/sub-cp004/ses-20210330/level-04B_run-006/sub-cp004_ses-20210330_task-ils_stream-lslshimmertorsoacc_feat-chunk_level-04B_run-006_dat.csv,False,,9,ecg;eda;emg;eye_tracking;head_movement;performance;respiration;torso_body_accelerometer;xplane,control_input,0,,0,
ils,sub-cp004,ses-20210330,level-04B,run-009,sub-cp004_ses-20210330_level-04B_run-009,task-ils/sub-cp004/ses-20210330/level-04B_run-009,18,18,10,10,True,True,task-ils/sub-cp004/ses-20210330/level-04B_run-009/sub-cp004_ses-20210330_ocuevts_level-04B_run-009.csv;task-ils/sub-cp004/ses-20210330/level-04B_run-009/sub-cp004_ses-20210330_task-ils_stream-lslhtcviveeye_feat-chunk_level-04B_run-009_dat.csv,True,task-ils/sub-cp004/ses-20210330/level-04B_run-009/sub-cp004_ses-20210330_task-ils_stream-lslshimmerecg_feat-chunk_level-04B_run-009_dat.csv,True,task-ils/sub-cp004/ses-20210330/level-04B_run-009/sub-cp004_ses-20210330_task-ils_stream-lslshimmereda_feat-chunk_level-04B_run-009_dat.csv,True,task-ils/sub-cp004/ses-20210330/level-04B_run-009/sub-cp004_ses-20210330_task-ils_stream-lslshimmeremg_feat-chunk_level-04B_run-009_dat.csv,True,task-ils/sub-cp004/ses-20210330/level-04B_run-009/sub-cp004_ses-20210330_task-ils_stream-lslshimmerresp_feat-chunk_level-04B_run-009_dat.csv,True,task-ils/sub-cp004/ses-20210330/level-04B_run-009/sub-cp004_ses-20210330_task-ils_stream-lslxp11xpcplt_feat-chunk_level-04B_run-009_dat.csv,True,task-ils/sub-cp004/ses-20210330/level-04B_run-009/sub-cp004_ses-20210330_task-ils_stream-lslxp11xpcac_feat-chunk_level-04B_run-009_dat.csv,True,task-ils/sub-cp004/ses-20210330/level-04B_run-009/sub-cp004_ses-20210330_task-ils_stream-lslxp11_feat-perfmetric_level-04B_run-009.csv,True,task-ils/sub-cp004/ses-20210330/level-04B_run-009/sub-cp004_ses-20210330_task-ils_stream-lslshimmertorsoacc_feat-chunk_level-04B_run-009_dat.csv,False,,9,ecg;eda;emg;eye_tracking;head_movement;performance;respiration;torso_body_accelerometer;xplane,control_input,0,,0,
ils,sub-cp005,ses-20210226,level-01B,run-001,sub-cp005_ses-20210226_level-01B_run-001,task-ils/sub-cp005/ses-20210226/level-01B_run-001,18,18,10,10,True,True,task-ils/sub-cp005/ses-20210226/level-01B_run-001/sub-cp005_ses-20210226_ocuevts_level-01B_run-001.csv;task-ils/sub-cp005/ses-20210226/level-01B_run-001/sub-cp005_ses-20210226_task-ils_stream-lslhtcviveeye_feat-chunk_level-01B_run-001_dat.csv,True,task-ils/sub-cp005/ses-20210226/level-01B_run-001/sub-cp005_ses-20210226_task-ils_stream-lslshimmerecg_feat-chunk_level-01B_run-001_dat.csv,True,task-ils/sub-cp005/ses-20210226/level-01B_run-001/sub-cp005_ses-20210226_task-ils_stream-lslshimmereda_feat-chunk_level-01B_run-001_dat.csv,True,task-ils/sub-cp005/ses-20210226/level-01B_run-001/sub-cp005_ses-20210226_task-ils_stream-lslshimmeremg_feat-chunk_level-01B_run-001_dat.csv,True,task-ils/sub-cp005/ses-20210226/level-01B_run-001/sub-cp005_ses-20210226_task-ils_stream-lslshimmerresp_feat-chunk_level-01B_run-001_dat.csv,True,task-ils/sub-cp005/ses-20210226/level-01B_run-001/sub-cp005_ses-20210226_task-ils_stream-lslxp11xpcplt_feat-chunk_level-01B_run-001_dat.csv,True,task-ils/sub-cp005/ses-20210226/level-01B_run-001/sub-cp005_ses-20210226_task-ils_stream-lslxp11xpcac_feat-chunk_level-01B_run-001_dat.csv,True,task-ils/sub-cp005/ses-20210226/level-01B_run-001/sub-cp005_ses-20210226_task-ils_stream-lslxp11_feat-perfmetric_level-01B_run-001.csv,True,task-ils/sub-cp005/ses-20210226/level-01B_run-001/sub-cp005_ses-20210226_task-ils_stream-lslshimmertorsoacc_feat-chunk_level-01B_run-001_dat.csv,False,,9,ecg;eda;emg;eye_tracking;head_movement;performance;respiration;torso_body_accelerometer;xplane,control_input,0,,0,
ils,sub-cp005,ses-20210226,level-01B,run-007,sub-cp005_ses-20210226_level-01B_run-007,task-ils/sub-cp005/ses-20210226/level-01B_run-007,16,16,9,9,True,True,task-ils/sub-cp005/ses-20210226/level-01B_run-007/sub-cp005_ses-20210226_ocuevts_level-01B_run-007.csv;task-ils/sub-cp005/ses-20210226/level-01B_run-007/sub-cp005_ses-20210226_task-ils_stream-lslhtcviveeye_feat-chunk_level-01B_run-007_dat.csv,True,task-ils/sub-cp005/ses-20210226/level-01B_run-007/sub-cp005_ses-20210226_task-ils_stream-lslshimmerecg_feat-chunk_level-01B_run-007_dat.csv,False,,True,task-ils/sub-cp005/ses-20210226/level-01B_run-007/sub-cp005_ses-20210226_task-ils_stream-lslshimmeremg_feat-chunk_level-01B_run-007_dat.csv,True,task-ils/sub-cp005/ses-20210226/level-01B_run-007/sub-cp005_ses-20210226_task-ils_stream-lslshimmerresp_feat-chunk_level-01B_run-007_dat.csv,True,task-ils/sub-cp005/ses-20210226/level-01B_run-007/sub-cp005_ses-20210226_task-ils_stream-lslxp11xpcplt_feat-chunk_level-01B_run-007_dat.csv,True,task-ils/sub-cp005/ses-20210226/level-01B_run-007/sub-cp005_ses-20210226_task-ils_stream-lslxp11xpcac_feat-chunk_level-01B_run-007_dat.csv,True,task-ils/sub-cp005/ses-20210226/level-01B_run-007/sub-cp005_ses-20210226_task-ils_stream-lslxp11_feat-perfmetric_level-01B_run-007.csv,True,task-ils/sub-cp005/ses-20210226/level-01B_run-007/sub-cp005_ses-20210226_task-ils_stream-lslshimmertorsoacc_feat-chunk_level-01B_run-007_dat.csv,False,,8,ecg;emg;eye_tracking;head_movement;performance;respiration;torso_body_accelerometer;xplane,control_input;eda,0,,0,
ils,sub-cp005,ses-20210226,level-01B,run-012,sub-cp005_ses-20210226_level-01B_run-012,task-ils/sub-cp005/ses-20210226/level-01B_run-012,16,16,9,9,True,True,task-ils/sub-cp005/ses-20210226/level-01B_run-012/sub-cp005_ses-20210226_ocuevts_level-01B_run-012.csv;task-ils/sub-cp005/ses-20210226/level-01B_run-012/sub-cp005_ses-20210226_task-ils_stream-lslhtcviveeye_feat-chunk_level-01B_run-012_dat.csv,True,task-ils/sub-cp005/ses-20210226/level-01B_run-012/sub-cp005_ses-20210226_task-ils_stream-lslshimmerecg_feat-chunk_level-01B_run-012_dat.csv,False,,True,task-ils/sub-cp005/ses-20210226/level-01B_run-012/sub-cp005_ses-20210226_task-ils_stream-lslshimmeremg_feat-chunk_level-01B_run-012_dat.csv,True,task-ils/sub-cp005/ses-20210226/level-01B_run-012/sub-cp005_ses-20210226_task-ils_stream-lslshimmerresp_feat-chunk_level-01B_run-012_dat.csv,True,task-ils/sub-cp005/ses-20210226/level-01B_run-012/sub-cp005_ses-20210226_task-ils_stream-lslxp11xpcplt_feat-chunk_level-01B_run-012_dat.csv,True,task-ils/sub-cp005/ses-20210226/level-01B_run-012/sub-cp005_ses-20210226_task-ils_stream-lslxp11xpcac_feat-chunk_level-01B_run-012_dat.csv,True,task-ils/sub-cp005/ses-20210226/level-01B_run-012/sub-cp005_ses-20210226_task-ils_stream-lslxp11_feat-perfmetric_level-01B_run-012.csv,True,task-ils/sub-cp005/ses-20210226/level-01B_run-012/sub-cp005_ses-20210226_task-ils_stream-lslshimmertorsoacc_feat-chunk_level-01B_run-012_dat.csv,False,,8,ecg;emg;eye_tracking;head_movement;performance;respiration;torso_body_accelerometer;xplane,control_input;eda,0,,0,
ils,sub-cp005,ses-20210226,level-02B,run-003,sub-cp005_ses-20210226_level-02B_run-003,task-ils/sub-cp005/ses-20210226/level-02B_run-003,16,16,9,9,True,True,task-ils/sub-cp005/ses-20210226/level-02B_run-003/sub-cp005_ses-20210226_ocuevts_level-02B_run-003.csv;task-ils/sub-cp005/ses-20210226/level-02B_run-003/sub-cp005_ses-20210226_task-ils_stream-lslhtcviveeye_feat-chunk_level-02B_run-003_dat.csv,True,task-ils/sub-cp005/ses-20210226/level-02B_run-003/sub-cp005_ses-20210226_task-ils_stream-lslshimmerecg_feat-chunk_level-02B_run-003_dat.csv,False,,True,task-ils/sub-cp005/ses-20210226/level-02B_run-003/sub-cp005_ses-20210226_task-ils_stream-lslshimmeremg_feat-chunk_level-02B_run-003_dat.csv,True,task-ils/sub-cp005/ses-20210226/level-02B_run-003/sub-cp005_ses-20210226_task-ils_stream-lslshimmerresp_feat-chunk_level-02B_run-003_dat.csv,True,task-ils/sub-cp005/ses-20210226/level-02B_run-003/sub-cp005_ses-20210226_task-ils_stream-lslxp11xpcplt_feat-chunk_level-02B_run-003_dat.csv,True,task-ils/sub-cp005/ses-20210226/level-02B_run-003/sub-cp005_ses-20210226_task-ils_stream-lslxp11xpcac_feat-chunk_level-02B_run-003_dat.csv,True,task-ils/sub-cp005/ses-20210226/level-02B_run-003/sub-cp005_ses-20210226_task-ils_stream-lslxp11_feat-perfmetric_level-02B_run-003.csv,True,task-ils/sub-cp005/ses-20210226/level-02B_run-003/sub-cp005_ses-20210226_task-ils_stream-lslshimmertorsoacc_feat-chunk_level-02B_run-003_dat.csv,False,,8,ecg;emg;eye_tracking;head_movement;performance;respiration;torso_body_accelerometer;xplane,control_input;eda,0,,0,
ils,sub-cp005,ses-20210226,level-02B,run-008,sub-cp005_ses-20210226_level-02B_run-008,task-ils/sub-cp005/ses-20210226/level-02B_run-008,16,16,9,9,True,True,task-ils/sub-cp005/ses-20210226/level-02B_run-008/sub-cp005_ses-20210226_ocuevts_level-02B_run-008.csv;task-ils/sub-cp005/ses-20210226/level-02B_run-008/sub-cp005_ses-20210226_task-ils_stream-lslhtcviveeye_feat-chunk_level-02B_run-008_dat.csv,True,task-ils/sub-cp005/ses-20210226/level-02B_run-008/sub-cp005_ses-20210226_task-ils_stream-lslshimmerecg_feat-chunk_level-02B_run-008_dat.csv,False,,True,task-ils/sub-cp005/ses-20210226/level-02B_run-008/sub-cp005_ses-20210226_task-ils_stream-lslshimmeremg_feat-chunk_level-02B_run-008_dat.csv,True,task-ils/sub-cp005/ses-20210226/level-02B_run-008/sub-cp005_ses-20210226_task-ils_stream-lslshimmerresp_feat-chunk_level-02B_run-008_dat.csv,True,task-ils/sub-cp005/ses-20210226/level-02B_run-008/sub-cp005_ses-20210226_task-ils_stream-lslxp11xpcplt_feat-chunk_level-02B_run-008_dat.csv,True,task-ils/sub-cp005/ses-20210226/level-02B_run-008/sub-cp005_ses-20210226_task-ils_stream-lslxp11xpcac_feat-chunk_level-02B_run-008_dat.csv,True,task-ils/sub-cp005/ses-20210226/level-02B_run-008/sub-cp005_ses-20210226_task-ils_stream-lslxp11_feat-perfmetric_level-02B_run-008.csv,True,task-ils/sub-cp005/ses-20210226/level-02B_run-008/sub-cp005_ses-20210226_task-ils_stream-lslshimmertorsoacc_feat-chunk_level-02B_run-008_dat.csv,False,,8,ecg;emg;eye_tracking;head_movement;performance;respiration;torso_body_accelerometer;xplane,control_input;eda,0,,0,
ils,sub-cp005,ses-20210226,level-02B,run-010,sub-cp005_ses-20210226_level-02B_run-010,task-ils/sub-cp005/ses-20210226/level-02B_run-010,16,16,9,9,True,True,task-ils/sub-cp005/ses-20210226/level-02B_run-010/sub-cp005_ses-20210226_ocuevts_level-02B_run-010.csv;task-ils/sub-cp005/ses-20210226/level-02B_run-010/sub-cp005_ses-20210226_task-ils_stream-lslhtcviveeye_feat-chunk_level-02B_run-010_dat.csv,True,task-ils/sub-cp005/ses-20210226/level-02B_run-010/sub-cp005_ses-20210226_task-ils_stream-lslshimmerecg_feat-chunk_level-02B_run-010_dat.csv,False,,True,task-ils/sub-cp005/ses-20210226/level-02B_run-010/sub-cp005_ses-20210226_task-ils_stream-lslshimmeremg_feat-chunk_level-02B_run-010_dat.csv,True,task-ils/sub-cp005/ses-20210226/level-02B_run-010/sub-cp005_ses-20210226_task-ils_stream-lslshimmerresp_feat-chunk_level-02B_run-010_dat.csv,True,task-ils/sub-cp005/ses-20210226/level-02B_run-010/sub-cp005_ses-20210226_task-ils_stream-lslxp11xpcplt_feat-chunk_level-02B_run-010_dat.csv,True,task-ils/sub-cp005/ses-20210226/level-02B_run-010/sub-cp005_ses-20210226_task-ils_stream-lslxp11xpcac_feat-chunk_level-02B_run-010_dat.csv,True,task-ils/sub-cp005/ses-20210226/level-02B_run-010/sub-cp005_ses-20210226_task-ils_stream-lslxp11_feat-perfmetric_level-02B_run-010.csv,True,task-ils/sub-cp005/ses-20210226/level-02B_run-010/sub-cp005_ses-20210226_task-ils_stream-lslshimmertorsoacc_feat-chunk_level-02B_run-010_dat.csv,False,,8,ecg;emg;eye_tracking;head_movement;performance;respiration;torso_body_accelerometer;xplane,control_input;eda,0,,0,
ils,sub-cp005,ses-20210226,level-03B,run-002,sub-cp005_ses-20210226_level-03B_run-002,task-ils/sub-cp005/ses-20210226/level-03B_run-002,16,16,9,9,True,True,task-ils/sub-cp005/ses-20210226/level-03B_run-002/sub-cp005_ses-20210226_ocuevts_level-03B_run-002.csv;task-ils/sub-cp005/ses-20210226/level-03B_run-002/sub-cp005_ses-20210226_task-ils_stream-lslhtcviveeye_feat-chunk_level-03B_run-002_dat.csv,True,task-ils/sub-cp005/ses-20210226/level-03B_run-002/sub-cp005_ses-20210226_task-ils_stream-lslshimmerecg_feat-chunk_level-03B_run-002_dat.csv,False,,True,task-ils/sub-cp005/ses-20210226/level-03B_run-002/sub-cp005_ses-20210226_task-ils_stream-lslshimmeremg_feat-chunk_level-03B_run-002_dat.csv,True,task-ils/sub-cp005/ses-20210226/level-03B_run-002/sub-cp005_ses-20210226_task-ils_stream-lslshimmerresp_feat-chunk_level-03B_run-002_dat.csv,True,task-ils/sub-cp005/ses-20210226/level-03B_run-002/sub-cp005_ses-20210226_task-ils_stream-lslxp11xpcplt_feat-chunk_level-03B_run-002_dat.csv,True,task-ils/sub-cp005/ses-20210226/level-03B_run-002/sub-cp005_ses-20210226_task-ils_stream-lslxp11xpcac_feat-chunk_level-03B_run-002_dat.csv,True,task-ils/sub-cp005/ses-20210226/level-03B_run-002/sub-cp005_ses-20210226_task-ils_stream-lslxp11_feat-perfmetric_level-03B_run-002.csv,True,task-ils/sub-cp005/ses-20210226/level-03B_run-002/sub-cp005_ses-20210226_task-ils_stream-lslshimmertorsoacc_feat-chunk_level-03B_run-002_dat.csv,False,,8,ecg;emg;eye_tracking;head_movement;performance;respiration;torso_body_accelerometer;xplane,control_input;eda,0,,0,
ils,sub-cp005,ses-20210226,level-03B,run-005,sub-cp005_ses-20210226_level-03B_run-005,task-ils/sub-cp005/ses-20210226/level-03B_run-005,16,16,9,9,True,True,task-ils/sub-cp005/ses-20210226/level-03B_run-005/sub-cp005_ses-20210226_ocuevts_level-03B_run-005.csv;task-ils/sub-cp005/ses-20210226/level-03B_run-005/sub-cp005_ses-20210226_task-ils_stream-lslhtcviveeye_feat-chunk_level-03B_run-005_dat.csv,True,task-ils/sub-cp005/ses-20210226/level-03B_run-005/sub-cp005_ses-20210226_task-ils_stream-lslshimmerecg_feat-chunk_level-03B_run-005_dat.csv,False,,True,task-ils/sub-cp005/ses-20210226/level-03B_run-005/sub-cp005_ses-20210226_task-ils_stream-lslshimmeremg_feat-chunk_level-03B_run-005_dat.csv,True,task-ils/sub-cp005/ses-20210226/level-03B_run-005/sub-cp005_ses-20210226_task-ils_stream-lslshimmerresp_feat-chunk_level-03B_run-005_dat.csv,True,task-ils/sub-cp005/ses-20210226/level-03B_run-005/sub-cp005_ses-20210226_task-ils_stream-lslxp11xpcplt_feat-chunk_level-03B_run-005_dat.csv,True,task-ils/sub-cp005/ses-20210226/level-03B_run-005/sub-cp005_ses-20210226_task-ils_stream-lslxp11xpcac_feat-chunk_level-03B_run-005_dat.csv,True,task-ils/sub-cp005/ses-20210226/level-03B_run-005/sub-cp005_ses-20210226_task-ils_stream-lslxp11_feat-perfmetric_level-03B_run-005.csv,True,task-ils/sub-cp005/ses-20210226/level-03B_run-005/sub-cp005_ses-20210226_task-ils_stream-lslshimmertorsoacc_feat-chunk_level-03B_run-005_dat.csv,False,,8,ecg;emg;eye_tracking;head_movement;performance;respiration;torso_body_accelerometer;xplane,control_input;eda,0,,0,
ils,sub-cp005,ses-20210226,level-03B,run-011,sub-cp005_ses-20210226_level-03B_run-011,task-ils/sub-cp005/ses-20210226/level-03B_run-011,16,16,9,9,True,True,task-ils/sub-cp005/ses-20210226/level-03B_run-011/sub-cp005_ses-20210226_ocuevts_level-03B_run-011.csv;task-ils/sub-cp005/ses-20210226/level-03B_run-011/sub-cp005_ses-20210226_task-ils_stream-lslhtcviveeye_feat-chunk_level-03B_run-011_dat.csv,True,task-ils/sub-cp005/ses-20210226/level-03B_run-011/sub-cp005_ses-20210226_task-ils_stream-lslshimmerecg_feat-chunk_level-03B_run-011_dat.csv,False,,True,task-ils/sub-cp005/ses-20210226/level-03B_run-011/sub-cp005_ses-20210226_task-ils_stream-lslshimmeremg_feat-chunk_level-03B_run-011_dat.csv,True,task-ils/sub-cp005/ses-20210226/level-03B_run-011/sub-cp005_ses-20210226_task-ils_stream-lslshimmerresp_feat-chunk_level-03B_run-011_dat.csv,True,task-ils/sub-cp005/ses-20210226/level-03B_run-011/sub-cp005_ses-20210226_task-ils_stream-lslxp11xpcplt_feat-chunk_level-03B_run-011_dat.csv,True,task-ils/sub-cp005/ses-20210226/level-03B_run-011/sub-cp005_ses-20210226_task-ils_stream-lslxp11xpcac_feat-chunk_level-03B_run-011_dat.csv,True,task-ils/sub-cp005/ses-20210226/level-03B_run-011/sub-cp005_ses-20210226_task-ils_stream-lslxp11_feat-perfmetric_level-03B_run-011.csv,True,task-ils/sub-cp005/ses-20210226/level-03B_run-011/sub-cp005_ses-20210226_task-ils_stream-lslshimmertorsoacc_feat-chunk_level-03B_run-011_dat.csv,False,,8,ecg;emg;eye_tracking;head_movement;performance;respiration;torso_body_accelerometer;xplane,control_input;eda,0,,0,
ils,sub-cp005,ses-20210226,level-04B,run-004,sub-cp005_ses-20210226_level-04B_run-004,task-ils/sub-cp005/ses-20210226/level-04B_run-004,16,16,9,9,True,True,task-ils/sub-cp005/ses-20210226/level-04B_run-004/sub-cp005_ses-20210226_ocuevts_level-04B_run-004.csv;task-ils/sub-cp005/ses-20210226/level-04B_run-004/sub-cp005_ses-20210226_task-ils_stream-lslhtcviveeye_feat-chunk_level-04B_run-004_dat.csv,True,task-ils/sub-cp005/ses-20210226/level-04B_run-004/sub-cp005_ses-20210226_task-ils_stream-lslshimmerecg_feat-chunk_level-04B_run-004_dat.csv,False,,True,task-ils/sub-cp005/ses-20210226/level-04B_run-004/sub-cp005_ses-20210226_task-ils_stream-lslshimmeremg_feat-chunk_level-04B_run-004_dat.csv,True,task-ils/sub-cp005/ses-20210226/level-04B_run-004/sub-cp005_ses-20210226_task-ils_stream-lslshimmerresp_feat-chunk_level-04B_run-004_dat.csv,True,task-ils/sub-cp005/ses-20210226/level-04B_run-004/sub-cp005_ses-20210226_task-ils_stream-lslxp11xpcplt_feat-chunk_level-04B_run-004_dat.csv,True,task-ils/sub-cp005/ses-20210226/level-04B_run-004/sub-cp005_ses-20210226_task-ils_stream-lslxp11xpcac_feat-chunk_level-04B_run-004_dat.csv,True,task-ils/sub-cp005/ses-20210226/level-04B_run-004/sub-cp005_ses-20210226_task-ils_stream-lslxp11_feat-perfmetric_level-04B_run-004.csv,True,task-ils/sub-cp005/ses-20210226/level-04B_run-004/sub-cp005_ses-20210226_task-ils_stream-lslshimmertorsoacc_feat-chunk_level-04B_run-004_dat.csv,False,,8,ecg;emg;eye_tracking;head_movement;performance;respiration;torso_body_accelerometer;xplane,control_input;eda,0,,0,
ils,sub-cp005,ses-20210226,level-04B,run-006,sub-cp005_ses-20210226_level-04B_run-006,task-ils/sub-cp005/ses-20210226/level-04B_run-006,16,16,9,9,True,True,task-ils/sub-cp005/ses-20210226/level-04B_run-006/sub-cp005_ses-20210226_ocuevts_level-04B_run-006.csv;task-ils/sub-cp005/ses-20210226/level-04B_run-006/sub-cp005_ses-20210226_task-ils_stream-lslhtcviveeye_feat-chunk_level-04B_run-006_dat.csv,True,task-ils/sub-cp005/ses-20210226/level-04B_run-006/sub-cp005_ses-20210226_task-ils_stream-lslshimmerecg_feat-chunk_level-04B_run-006_dat.csv,False,,True,task-ils/sub-cp005/ses-20210226/level-04B_run-006/sub-cp005_ses-20210226_task-ils_stream-lslshimmeremg_feat-chunk_level-04B_run-006_dat.csv,True,task-ils/sub-cp005/ses-20210226/level-04B_run-006/sub-cp005_ses-20210226_task-ils_stream-lslshimmerresp_feat-chunk_level-04B_run-006_dat.csv,True,task-ils/sub-cp005/ses-20210226/level-04B_run-006/sub-cp005_ses-20210226_task-ils_stream-lslxp11xpcplt_feat-chunk_level-04B_run-006_dat.csv,True,task-ils/sub-cp005/ses-20210226/level-04B_run-006/sub-cp005_ses-20210226_task-ils_stream-lslxp11xpcac_feat-chunk_level-04B_run-006_dat.csv,True,task-ils/sub-cp005/ses-20210226/level-04B_run-006/sub-cp005_ses-20210226_task-ils_stream-lslxp11_feat-perfmetric_level-04B_run-006.csv,True,task-ils/sub-cp005/ses-20210226/level-04B_run-006/sub-cp005_ses-20210226_task-ils_stream-lslshimmertorsoacc_feat-chunk_level-04B_run-006_dat.csv,False,,8,ecg;emg;eye_tracking;head_movement;performance;respiration;torso_body_accelerometer;xplane,control_input;eda,0,,0,
ils,sub-cp005,ses-20210226,level-04B,run-009,sub-cp005_ses-20210226_level-04B_run-009,task-ils/sub-cp005/ses-20210226/level-04B_run-009,16,16,9,9,True,True,task-ils/sub-cp005/ses-20210226/level-04B_run-009/sub-cp005_ses-20210226_ocuevts_level-04B_run-009.csv;task-ils/sub-cp005/ses-20210226/level-04B_run-009/sub-cp005_ses-20210226_task-ils_stream-lslhtcviveeye_feat-chunk_level-04B_run-009_dat.csv,True,task-ils/sub-cp005/ses-20210226/level-04B_run-009/sub-cp005_ses-20210226_task-ils_stream-lslshimmerecg_feat-chunk_level-04B_run-009_dat.csv,False,,True,task-ils/sub-cp005/ses-20210226/level-04B_run-009/sub-cp005_ses-20210226_task-ils_stream-lslshimmeremg_feat-chunk_level-04B_run-009_dat.csv,True,task-ils/sub-cp005/ses-20210226/level-04B_run-009/sub-cp005_ses-20210226_task-ils_stream-lslshimmerresp_feat-chunk_level-04B_run-009_dat.csv,True,task-ils/sub-cp005/ses-20210226/level-04B_run-009/sub-cp005_ses-20210226_task-ils_stream-lslxp11xpcplt_feat-chunk_level-04B_run-009_dat.csv,True,task-ils/sub-cp005/ses-20210226/level-04B_run-009/sub-cp005_ses-20210226_task-ils_stream-lslxp11xpcac_feat-chunk_level-04B_run-009_dat.csv,True,task-ils/sub-cp005/ses-20210226/level-04B_run-009/sub-cp005_ses-20210226_task-ils_stream-lslxp11_feat-perfmetric_level-04B_run-009.csv,True,task-ils/sub-cp005/ses-20210226/level-04B_run-009/sub-cp005_ses-20210226_task-ils_stream-lslshimmertorsoacc_feat-chunk_level-04B_run-009_dat.csv,False,,8,ecg;emg;eye_tracking;head_movement;performance;respiration;torso_body_accelerometer;xplane,control_input;eda,0,,0,
ils,sub-cp006,ses-20210324,level-01B,run-001,sub-cp006_ses-20210324_level-01B_run-001,task-ils/sub-cp006/ses-20210324/level-01B_run-001,18,18,10,10,True,True,task-ils/sub-cp006/ses-20210324/level-01B_run-001/sub-cp006_ses-20210324_ocuevts_level-01B_run-001.csv;task-ils/sub-cp006/ses-20210324/level-01B_run-001/sub-cp006_ses-20210324_task-ils_stream-lslhtcviveeye_feat-chunk_level-01B_run-001_dat.csv,True,task-ils/sub-cp006/ses-20210324/level-01B_run-001/sub-cp006_ses-20210324_task-ils_stream-lslshimmerecg_feat-chunk_level-01B_run-001_dat.csv,True,task-ils/sub-cp006/ses-20210324/level-01B_run-001/sub-cp006_ses-20210324_task-ils_stream-lslshimmereda_feat-chunk_level-01B_run-001_dat.csv,True,task-ils/sub-cp006/ses-20210324/level-01B_run-001/sub-cp006_ses-20210324_task-ils_stream-lslshimmeremg_feat-chunk_level-01B_run-001_dat.csv,True,task-ils/sub-cp006/ses-20210324/level-01B_run-001/sub-cp006_ses-20210324_task-ils_stream-lslshimmerresp_feat-chunk_level-01B_run-001_dat.csv,True,task-ils/sub-cp006/ses-20210324/level-01B_run-001/sub-cp006_ses-20210324_task-ils_stream-lslxp11xpcplt_feat-chunk_level-01B_run-001_dat.csv,True,task-ils/sub-cp006/ses-20210324/level-01B_run-001/sub-cp006_ses-20210324_task-ils_stream-lslxp11xpcac_feat-chunk_level-01B_run-001_dat.csv,True,task-ils/sub-cp006/ses-20210324/level-01B_run-001/sub-cp006_ses-20210324_task-ils_stream-lslxp11_feat-perfmetric_level-01B_run-001.csv,True,task-ils/sub-cp006/ses-20210324/level-01B_run-001/sub-cp006_ses-20210324_task-ils_stream-lslshimmertorsoacc_feat-chunk_level-01B_run-001_dat.csv,False,,9,ecg;eda;emg;eye_tracking;head_movement;performance;respiration;torso_body_accelerometer;xplane,control_input,0,,0,
ils,sub-cp006,ses-20210324,level-01B,run-007,sub-cp006_ses-20210324_level-01B_run-007,task-ils/sub-cp006/ses-20210324/level-01B_run-007,18,18,10,10,True,True,task-ils/sub-cp006/ses-20210324/level-01B_run-007/sub-cp006_ses-20210324_ocuevts_level-01B_run-007.csv;task-ils/sub-cp006/ses-20210324/level-01B_run-007/sub-cp006_ses-20210324_task-ils_stream-lslhtcviveeye_feat-chunk_level-01B_run-007_dat.csv,True,task-ils/sub-cp006/ses-20210324/level-01B_run-007/sub-cp006_ses-20210324_task-ils_stream-lslshimmerecg_feat-chunk_level-01B_run-007_dat.csv,True,task-ils/sub-cp006/ses-20210324/level-01B_run-007/sub-cp006_ses-20210324_task-ils_stream-lslshimmereda_feat-chunk_level-01B_run-007_dat.csv,True,task-ils/sub-cp006/ses-20210324/level-01B_run-007/sub-cp006_ses-20210324_task-ils_stream-lslshimmeremg_feat-chunk_level-01B_run-007_dat.csv,True,task-ils/sub-cp006/ses-20210324/level-01B_run-007/sub-cp006_ses-20210324_task-ils_stream-lslshimmerresp_feat-chunk_level-01B_run-007_dat.csv,True,task-ils/sub-cp006/ses-20210324/level-01B_run-007/sub-cp006_ses-20210324_task-ils_stream-lslxp11xpcplt_feat-chunk_level-01B_run-007_dat.csv,True,task-ils/sub-cp006/ses-20210324/level-01B_run-007/sub-cp006_ses-20210324_task-ils_stream-lslxp11xpcac_feat-chunk_level-01B_run-007_dat.csv,True,task-ils/sub-cp006/ses-20210324/level-01B_run-007/sub-cp006_ses-20210324_task-ils_stream-lslxp11_feat-perfmetric_level-01B_run-007.csv,True,task-ils/sub-cp006/ses-20210324/level-01B_run-007/sub-cp006_ses-20210324_task-ils_stream-lslshimmertorsoacc_feat-chunk_level-01B_run-007_dat.csv,False,,9,ecg;eda;emg;eye_tracking;head_movement;performance;respiration;torso_body_accelerometer;xplane,control_input,0,,0,
ils,sub-cp006,ses-20210324,level-01B,run-012,sub-cp006_ses-20210324_level-01B_run-012,task-ils/sub-cp006/ses-20210324/level-01B_run-012,18,18,10,10,True,True,task-ils/sub-cp006/ses-20210324/level-01B_run-012/sub-cp006_ses-20210324_ocuevts_level-01B_run-012.csv;task-ils/sub-cp006/ses-20210324/level-01B_run-012/sub-cp006_ses-20210324_task-ils_stream-lslhtcviveeye_feat-chunk_level-01B_run-012_dat.csv,True,task-ils/sub-cp006/ses-20210324/level-01B_run-012/sub-cp006_ses-20210324_task-ils_stream-lslshimmerecg_feat-chunk_level-01B_run-012_dat.csv,True,task-ils/sub-cp006/ses-20210324/level-01B_run-012/sub-cp006_ses-20210324_task-ils_stream-lslshimmereda_feat-chunk_level-01B_run-012_dat.csv,True,task-ils/sub-cp006/ses-20210324/level-01B_run-012/sub-cp006_ses-20210324_task-ils_stream-lslshimmeremg_feat-chunk_level-01B_run-012_dat.csv,True,task-ils/sub-cp006/ses-20210324/level-01B_run-012/sub-cp006_ses-20210324_task-ils_stream-lslshimmerresp_feat-chunk_level-01B_run-012_dat.csv,True,task-ils/sub-cp006/ses-20210324/level-01B_run-012/sub-cp006_ses-20210324_task-ils_stream-lslxp11xpcplt_feat-chunk_level-01B_run-012_dat.csv,True,task-ils/sub-cp006/ses-20210324/level-01B_run-012/sub-cp006_ses-20210324_task-ils_stream-lslxp11xpcac_feat-chunk_level-01B_run-012_dat.csv,True,task-ils/sub-cp006/ses-20210324/level-01B_run-012/sub-cp006_ses-20210324_task-ils_stream-lslxp11_feat-perfmetric_level-01B_run-012.csv,True,task-ils/sub-cp006/ses-20210324/level-01B_run-012/sub-cp006_ses-20210324_task-ils_stream-lslshimmertorsoacc_feat-chunk_level-01B_run-012_dat.csv,False,,9,ecg;eda;emg;eye_tracking;head_movement;performance;respiration;torso_body_accelerometer;xplane,control_input,0,,0,
ils,sub-cp006,ses-20210324,level-02B,run-003,sub-cp006_ses-20210324_level-02B_run-003,task-ils/sub-cp006/ses-20210324/level-02B_run-003,18,18,10,10,True,True,task-ils/sub-cp006/ses-20210324/level-02B_run-003/sub-cp006_ses-20210324_ocuevts_level-02B_run-003.csv;task-ils/sub-cp006/ses-20210324/level-02B_run-003/sub-cp006_ses-20210324_task-ils_stream-lslhtcviveeye_feat-chunk_level-02B_run-003_dat.csv,True,task-ils/sub-cp006/ses-20210324/level-02B_run-003/sub-cp006_ses-20210324_task-ils_stream-lslshimmerecg_feat-chunk_level-02B_run-003_dat.csv,True,task-ils/sub-cp006/ses-20210324/level-02B_run-003/sub-cp006_ses-20210324_task-ils_stream-lslshimmereda_feat-chunk_level-02B_run-003_dat.csv,True,task-ils/sub-cp006/ses-20210324/level-02B_run-003/sub-cp006_ses-20210324_task-ils_stream-lslshimmeremg_feat-chunk_level-02B_run-003_dat.csv,True,task-ils/sub-cp006/ses-20210324/level-02B_run-003/sub-cp006_ses-20210324_task-ils_stream-lslshimmerresp_feat-chunk_level-02B_run-003_dat.csv,True,task-ils/sub-cp006/ses-20210324/level-02B_run-003/sub-cp006_ses-20210324_task-ils_stream-lslxp11xpcplt_feat-chunk_level-02B_run-003_dat.csv,True,task-ils/sub-cp006/ses-20210324/level-02B_run-003/sub-cp006_ses-20210324_task-ils_stream-lslxp11xpcac_feat-chunk_level-02B_run-003_dat.csv,True,task-ils/sub-cp006/ses-20210324/level-02B_run-003/sub-cp006_ses-20210324_task-ils_stream-lslxp11_feat-perfmetric_level-02B_run-003.csv,True,task-ils/sub-cp006/ses-20210324/level-02B_run-003/sub-cp006_ses-20210324_task-ils_stream-lslshimmertorsoacc_feat-chunk_level-02B_run-003_dat.csv,False,,9,ecg;eda;emg;eye_tracking;head_movement;performance;respiration;torso_body_accelerometer;xplane,control_input,0,,0,
ils,sub-cp006,ses-20210324,level-02B,run-008,sub-cp006_ses-20210324_level-02B_run-008,task-ils/sub-cp006/ses-20210324/level-02B_run-008,18,18,10,10,True,True,task-ils/sub-cp006/ses-20210324/level-02B_run-008/sub-cp006_ses-20210324_ocuevts_level-02B_run-008.csv;task-ils/sub-cp006/ses-20210324/level-02B_run-008/sub-cp006_ses-20210324_task-ils_stream-lslhtcviveeye_feat-chunk_level-02B_run-008_dat.csv,True,task-ils/sub-cp006/ses-20210324/level-02B_run-008/sub-cp006_ses-20210324_task-ils_stream-lslshimmerecg_feat-chunk_level-02B_run-008_dat.csv,True,task-ils/sub-cp006/ses-20210324/level-02B_run-008/sub-cp006_ses-20210324_task-ils_stream-lslshimmereda_feat-chunk_level-02B_run-008_dat.csv,True,task-ils/sub-cp006/ses-20210324/level-02B_run-008/sub-cp006_ses-20210324_task-ils_stream-lslshimmeremg_feat-chunk_level-02B_run-008_dat.csv,True,task-ils/sub-cp006/ses-20210324/level-02B_run-008/sub-cp006_ses-20210324_task-ils_stream-lslshimmerresp_feat-chunk_level-02B_run-008_dat.csv,True,task-ils/sub-cp006/ses-20210324/level-02B_run-008/sub-cp006_ses-20210324_task-ils_stream-lslxp11xpcplt_feat-chunk_level-02B_run-008_dat.csv,True,task-ils/sub-cp006/ses-20210324/level-02B_run-008/sub-cp006_ses-20210324_task-ils_stream-lslxp11xpcac_feat-chunk_level-02B_run-008_dat.csv,True,task-ils/sub-cp006/ses-20210324/level-02B_run-008/sub-cp006_ses-20210324_task-ils_stream-lslxp11_feat-perfmetric_level-02B_run-008.csv,True,task-ils/sub-cp006/ses-20210324/level-02B_run-008/sub-cp006_ses-20210324_task-ils_stream-lslshimmertorsoacc_feat-chunk_level-02B_run-008_dat.csv,False,,9,ecg;eda;emg;eye_tracking;head_movement;performance;respiration;torso_body_accelerometer;xplane,control_input,0,,0,
ils,sub-cp006,ses-20210324,level-02B,run-010,sub-cp006_ses-20210324_level-02B_run-010,task-ils/sub-cp006/ses-20210324/level-02B_run-010,18,18,10,10,True,True,task-ils/sub-cp006/ses-20210324/level-02B_run-010/sub-cp006_ses-20210324_ocuevts_level-02B_run-010.csv;task-ils/sub-cp006/ses-20210324/level-02B_run-010/sub-cp006_ses-20210324_task-ils_stream-lslhtcviveeye_feat-chunk_level-02B_run-010_dat.csv,True,task-ils/sub-cp006/ses-20210324/level-02B_run-010/sub-cp006_ses-20210324_task-ils_stream-lslshimmerecg_feat-chunk_level-02B_run-010_dat.csv,True,task-ils/sub-cp006/ses-20210324/level-02B_run-010/sub-cp006_ses-20210324_task-ils_stream-lslshimmereda_feat-chunk_level-02B_run-010_dat.csv,True,task-ils/sub-cp006/ses-20210324/level-02B_run-010/sub-cp006_ses-20210324_task-ils_stream-lslshimmeremg_feat-chunk_level-02B_run-010_dat.csv,True,task-ils/sub-cp006/ses-20210324/level-02B_run-010/sub-cp006_ses-20210324_task-ils_stream-lslshimmerresp_feat-chunk_level-02B_run-010_dat.csv,True,task-ils/sub-cp006/ses-20210324/level-02B_run-010/sub-cp006_ses-20210324_task-ils_stream-lslxp11xpcplt_feat-chunk_level-02B_run-010_dat.csv,True,task-ils/sub-cp006/ses-20210324/level-02B_run-010/sub-cp006_ses-20210324_task-ils_stream-lslxp11xpcac_feat-chunk_level-02B_run-010_dat.csv,True,task-ils/sub-cp006/ses-20210324/level-02B_run-010/sub-cp006_ses-20210324_task-ils_stream-lslxp11_feat-perfmetric_level-02B_run-010.csv,True,task-ils/sub-cp006/ses-20210324/level-02B_run-010/sub-cp006_ses-20210324_task-ils_stream-lslshimmertorsoacc_feat-chunk_level-02B_run-010_dat.csv,False,,9,ecg;eda;emg;eye_tracking;head_movement;performance;respiration;torso_body_accelerometer;xplane,control_input,0,,0,
ils,sub-cp006,ses-20210324,level-03B,run-002,sub-cp006_ses-20210324_level-03B_run-002,task-ils/sub-cp006/ses-20210324/level-03B_run-002,18,18,10,10,True,True,task-ils/sub-cp006/ses-20210324/level-03B_run-002/sub-cp006_ses-20210324_ocuevts_level-03B_run-002.csv;task-ils/sub-cp006/ses-20210324/level-03B_run-002/sub-cp006_ses-20210324_task-ils_stream-lslhtcviveeye_feat-chunk_level-03B_run-002_dat.csv,True,task-ils/sub-cp006/ses-20210324/level-03B_run-002/sub-cp006_ses-20210324_task-ils_stream-lslshimmerecg_feat-chunk_level-03B_run-002_dat.csv,True,task-ils/sub-cp006/ses-20210324/level-03B_run-002/sub-cp006_ses-20210324_task-ils_stream-lslshimmereda_feat-chunk_level-03B_run-002_dat.csv,True,task-ils/sub-cp006/ses-20210324/level-03B_run-002/sub-cp006_ses-20210324_task-ils_stream-lslshimmeremg_feat-chunk_level-03B_run-002_dat.csv,True,task-ils/sub-cp006/ses-20210324/level-03B_run-002/sub-cp006_ses-20210324_task-ils_stream-lslshimmerresp_feat-chunk_level-03B_run-002_dat.csv,True,task-ils/sub-cp006/ses-20210324/level-03B_run-002/sub-cp006_ses-20210324_task-ils_stream-lslxp11xpcplt_feat-chunk_level-03B_run-002_dat.csv,True,task-ils/sub-cp006/ses-20210324/level-03B_run-002/sub-cp006_ses-20210324_task-ils_stream-lslxp11xpcac_feat-chunk_level-03B_run-002_dat.csv,True,task-ils/sub-cp006/ses-20210324/level-03B_run-002/sub-cp006_ses-20210324_task-ils_stream-lslxp11_feat-perfmetric_level-03B_run-002.csv,True,task-ils/sub-cp006/ses-20210324/level-03B_run-002/sub-cp006_ses-20210324_task-ils_stream-lslshimmertorsoacc_feat-chunk_level-03B_run-002_dat.csv,False,,9,ecg;eda;emg;eye_tracking;head_movement;performance;respiration;torso_body_accelerometer;xplane,control_input,0,,0,
ils,sub-cp006,ses-20210324,level-03B,run-005,sub-cp006_ses-20210324_level-03B_run-005,task-ils/sub-cp006/ses-20210324/level-03B_run-005,18,18,10,10,True,True,task-ils/sub-cp006/ses-20210324/level-03B_run-005/sub-cp006_ses-20210324_ocuevts_level-03B_run-005.csv;task-ils/sub-cp006/ses-20210324/level-03B_run-005/sub-cp006_ses-20210324_task-ils_stream-lslhtcviveeye_feat-chunk_level-03B_run-005_dat.csv,True,task-ils/sub-cp006/ses-20210324/level-03B_run-005/sub-cp006_ses-20210324_task-ils_stream-lslshimmerecg_feat-chunk_level-03B_run-005_dat.csv,True,task-ils/sub-cp006/ses-20210324/level-03B_run-005/sub-cp006_ses-20210324_task-ils_stream-lslshimmereda_feat-chunk_level-03B_run-005_dat.csv,True,task-ils/sub-cp006/ses-20210324/level-03B_run-005/sub-cp006_ses-20210324_task-ils_stream-lslshimmeremg_feat-chunk_level-03B_run-005_dat.csv,True,task-ils/sub-cp006/ses-20210324/level-03B_run-005/sub-cp006_ses-20210324_task-ils_stream-lslshimmerresp_feat-chunk_level-03B_run-005_dat.csv,True,task-ils/sub-cp006/ses-20210324/level-03B_run-005/sub-cp006_ses-20210324_task-ils_stream-lslxp11xpcplt_feat-chunk_level-03B_run-005_dat.csv,True,task-ils/sub-cp006/ses-20210324/level-03B_run-005/sub-cp006_ses-20210324_task-ils_stream-lslxp11xpcac_feat-chunk_level-03B_run-005_dat.csv,True,task-ils/sub-cp006/ses-20210324/level-03B_run-005/sub-cp006_ses-20210324_task-ils_stream-lslxp11_feat-perfmetric_level-03B_run-005.csv,True,task-ils/sub-cp006/ses-20210324/level-03B_run-005/sub-cp006_ses-20210324_task-ils_stream-lslshimmertorsoacc_feat-chunk_level-03B_run-005_dat.csv,False,,9,ecg;eda;emg;eye_tracking;head_movement;performance;respiration;torso_body_accelerometer;xplane,control_input,0,,0,
ils,sub-cp006,ses-20210324,level-03B,run-011,sub-cp006_ses-20210324_level-03B_run-011,task-ils/sub-cp006/ses-20210324/level-03B_run-011,18,18,10,10,True,True,task-ils/sub-cp006/ses-20210324/level-03B_run-011/sub-cp006_ses-20210324_ocuevts_level-03B_run-011.csv;task-ils/sub-cp006/ses-20210324/level-03B_run-011/sub-cp006_ses-20210324_task-ils_stream-lslhtcviveeye_feat-chunk_level-03B_run-011_dat.csv,True,task-ils/sub-cp006/ses-20210324/level-03B_run-011/sub-cp006_ses-20210324_task-ils_stream-lslshimmerecg_feat-chunk_level-03B_run-011_dat.csv,True,task-ils/sub-cp006/ses-20210324/level-03B_run-011/sub-cp006_ses-20210324_task-ils_stream-lslshimmereda_feat-chunk_level-03B_run-011_dat.csv,True,task-ils/sub-cp006/ses-20210324/level-03B_run-011/sub-cp006_ses-20210324_task-ils_stream-lslshimmeremg_feat-chunk_level-03B_run-011_dat.csv,True,task-ils/sub-cp006/ses-20210324/level-03B_run-011/sub-cp006_ses-20210324_task-ils_stream-lslshimmerresp_feat-chunk_level-03B_run-011_dat.csv,True,task-ils/sub-cp006/ses-20210324/level-03B_run-011/sub-cp006_ses-20210324_task-ils_stream-lslxp11xpcplt_feat-chunk_level-03B_run-011_dat.csv,True,task-ils/sub-cp006/ses-20210324/level-03B_run-011/sub-cp006_ses-20210324_task-ils_stream-lslxp11xpcac_feat-chunk_level-03B_run-011_dat.csv,True,task-ils/sub-cp006/ses-20210324/level-03B_run-011/sub-cp006_ses-20210324_task-ils_stream-lslxp11_feat-perfmetric_level-03B_run-011.csv,True,task-ils/sub-cp006/ses-20210324/level-03B_run-011/sub-cp006_ses-20210324_task-ils_stream-lslshimmertorsoacc_feat-chunk_level-03B_run-011_dat.csv,False,,9,ecg;eda;emg;eye_tracking;head_movement;performance;respiration;torso_body_accelerometer;xplane,control_input,0,,0,
ils,sub-cp006,ses-20210324,level-04B,run-004,sub-cp006_ses-20210324_level-04B_run-004,task-ils/sub-cp006/ses-20210324/level-04B_run-004,18,18,10,10,True,True,task-ils/sub-cp006/ses-20210324/level-04B_run-004/sub-cp006_ses-20210324_ocuevts_level-04B_run-004.csv;task-ils/sub-cp006/ses-20210324/level-04B_run-004/sub-cp006_ses-20210324_task-ils_stream-lslhtcviveeye_feat-chunk_level-04B_run-004_dat.csv,True,task-ils/sub-cp006/ses-20210324/level-04B_run-004/sub-cp006_ses-20210324_task-ils_stream-lslshimmerecg_feat-chunk_level-04B_run-004_dat.csv,True,task-ils/sub-cp006/ses-20210324/level-04B_run-004/sub-cp006_ses-20210324_task-ils_stream-lslshimmereda_feat-chunk_level-04B_run-004_dat.csv,True,task-ils/sub-cp006/ses-20210324/level-04B_run-004/sub-cp006_ses-20210324_task-ils_stream-lslshimmeremg_feat-chunk_level-04B_run-004_dat.csv,True,task-ils/sub-cp006/ses-20210324/level-04B_run-004/sub-cp006_ses-20210324_task-ils_stream-lslshimmerresp_feat-chunk_level-04B_run-004_dat.csv,True,task-ils/sub-cp006/ses-20210324/level-04B_run-004/sub-cp006_ses-20210324_task-ils_stream-lslxp11xpcplt_feat-chunk_level-04B_run-004_dat.csv,True,task-ils/sub-cp006/ses-20210324/level-04B_run-004/sub-cp006_ses-20210324_task-ils_stream-lslxp11xpcac_feat-chunk_level-04B_run-004_dat.csv,True,task-ils/sub-cp006/ses-20210324/level-04B_run-004/sub-cp006_ses-20210324_task-ils_stream-lslxp11_feat-perfmetric_level-04B_run-004.csv,True,task-ils/sub-cp006/ses-20210324/level-04B_run-004/sub-cp006_ses-20210324_task-ils_stream-lslshimmertorsoacc_feat-chunk_level-04B_run-004_dat.csv,False,,9,ecg;eda;emg;eye_tracking;head_movement;performance;respiration;torso_body_accelerometer;xplane,control_input,0,,0,
ils,sub-cp006,ses-20210324,level-04B,run-006,sub-cp006_ses-20210324_level-04B_run-006,task-ils/sub-cp006/ses-20210324/level-04B_run-006,18,18,10,10,True,True,task-ils/sub-cp006/ses-20210324/level-04B_run-006/sub-cp006_ses-20210324_ocuevts_level-04B_run-006.csv;task-ils/sub-cp006/ses-20210324/level-04B_run-006/sub-cp006_ses-20210324_task-ils_stream-lslhtcviveeye_feat-chunk_level-04B_run-006_dat.csv,True,task-ils/sub-cp006/ses-20210324/level-04B_run-006/sub-cp006_ses-20210324_task-ils_stream-lslshimmerecg_feat-chunk_level-04B_run-006_dat.csv,True,task-ils/sub-cp006/ses-20210324/level-04B_run-006/sub-cp006_ses-20210324_task-ils_stream-lslshimmereda_feat-chunk_level-04B_run-006_dat.csv,True,task-ils/sub-cp006/ses-20210324/level-04B_run-006/sub-cp006_ses-20210324_task-ils_stream-lslshimmeremg_feat-chunk_level-04B_run-006_dat.csv,True,task-ils/sub-cp006/ses-20210324/level-04B_run-006/sub-cp006_ses-20210324_task-ils_stream-lslshimmerresp_feat-chunk_level-04B_run-006_dat.csv,True,task-ils/sub-cp006/ses-20210324/level-04B_run-006/sub-cp006_ses-20210324_task-ils_stream-lslxp11xpcplt_feat-chunk_level-04B_run-006_dat.csv,True,task-ils/sub-cp006/ses-20210324/level-04B_run-006/sub-cp006_ses-20210324_task-ils_stream-lslxp11xpcac_feat-chunk_level-04B_run-006_dat.csv,True,task-ils/sub-cp006/ses-20210324/level-04B_run-006/sub-cp006_ses-20210324_task-ils_stream-lslxp11_feat-perfmetric_level-04B_run-006.csv,True,task-ils/sub-cp006/ses-20210324/level-04B_run-006/sub-cp006_ses-20210324_task-ils_stream-lslshimmertorsoacc_feat-chunk_level-04B_run-006_dat.csv,False,,9,ecg;eda;emg;eye_tracking;head_movement;performance;respiration;torso_body_accelerometer;xplane,control_input,0,,0,
ils,sub-cp006,ses-20210324,level-04B,run-009,sub-cp006_ses-20210324_level-04B_run-009,task-ils/sub-cp006/ses-20210324/level-04B_run-009,18,18,10,10,True,True,task-ils/sub-cp006/ses-20210324/level-04B_run-009/sub-cp006_ses-20210324_ocuevts_level-04B_run-009.csv;task-ils/sub-cp006/ses-20210324/level-04B_run-009/sub-cp006_ses-20210324_task-ils_stream-lslhtcviveeye_feat-chunk_level-04B_run-009_dat.csv,True,task-ils/sub-cp006/ses-20210324/level-04B_run-009/sub-cp006_ses-20210324_task-ils_stream-lslshimmerecg_feat-chunk_level-04B_run-009_dat.csv,True,task-ils/sub-cp006/ses-20210324/level-04B_run-009/sub-cp006_ses-20210324_task-ils_stream-lslshimmereda_feat-chunk_level-04B_run-009_dat.csv,True,task-ils/sub-cp006/ses-20210324/level-04B_run-009/sub-cp006_ses-20210324_task-ils_stream-lslshimmeremg_feat-chunk_level-04B_run-009_dat.csv,True,task-ils/sub-cp006/ses-20210324/level-04B_run-009/sub-cp006_ses-20210324_task-ils_stream-lslshimmerresp_feat-chunk_level-04B_run-009_dat.csv,True,task-ils/sub-cp006/ses-20210324/level-04B_run-009/sub-cp006_ses-20210324_task-ils_stream-lslxp11xpcplt_feat-chunk_level-04B_run-009_dat.csv,True,task-ils/sub-cp006/ses-20210324/level-04B_run-009/sub-cp006_ses-20210324_task-ils_stream-lslxp11xpcac_feat-chunk_level-04B_run-009_dat.csv,True,task-ils/sub-cp006/ses-20210324/level-04B_run-009/sub-cp006_ses-20210324_task-ils_stream-lslxp11_feat-perfmetric_level-04B_run-009.csv,True,task-ils/sub-cp006/ses-20210324/level-04B_run-009/sub-cp006_ses-20210324_task-ils_stream-lslshimmertorsoacc_feat-chunk_level-04B_run-009_dat.csv,False,,9,ecg;eda;emg;eye_tracking;head_movement;performance;respiration;torso_body_accelerometer;xplane,control_input,0,,0,
ils,sub-cp008,ses-20210503,level-01B,run-001,sub-cp008_ses-20210503_level-01B_run-001,task-ils/sub-cp008/ses-20210503/level-01B_run-001,16,16,9,9,True,True,task-ils/sub-cp008/ses-20210503/level-01B_run-001/sub-cp008_ses-20210503_ocuevts_level-01B_run-001.csv;task-ils/sub-cp008/ses-20210503/level-01B_run-001/sub-cp008_ses-20210503_task-ils_stream-lslhtcviveeye_feat-chunk_level-01B_run-001_dat.csv,True,task-ils/sub-cp008/ses-20210503/level-01B_run-001/sub-cp008_ses-20210503_task-ils_stream-lslshimmerecg_feat-chunk_level-01B_run-001_dat.csv,True,task-ils/sub-cp008/ses-20210503/level-01B_run-001/sub-cp008_ses-20210503_task-ils_stream-lslshimmereda_feat-chunk_level-01B_run-001_dat.csv,True,task-ils/sub-cp008/ses-20210503/level-01B_run-001/sub-cp008_ses-20210503_task-ils_stream-lslshimmeremg_feat-chunk_level-01B_run-001_dat.csv,True,task-ils/sub-cp008/ses-20210503/level-01B_run-001/sub-cp008_ses-20210503_task-ils_stream-lslshimmerresp_feat-chunk_level-01B_run-001_dat.csv,True,task-ils/sub-cp008/ses-20210503/level-01B_run-001/sub-cp008_ses-20210503_task-ils_stream-lslxp11xpcplt_feat-chunk_level-01B_run-001_dat.csv,True,task-ils/sub-cp008/ses-20210503/level-01B_run-001/sub-cp008_ses-20210503_task-ils_stream-lslxp11xpcac_feat-chunk_level-01B_run-001_dat.csv,True,task-ils/sub-cp008/ses-20210503/level-01B_run-001/sub-cp008_ses-20210503_task-ils_stream-lslxp11_feat-perfmetric_level-01B_run-001.csv,False,,False,,8,ecg;eda;emg;eye_tracking;head_movement;performance;respiration;xplane,control_input;torso_body_accelerometer,0,,0,
ils,sub-cp008,ses-20210503,level-01B,run-007,sub-cp008_ses-20210503_level-01B_run-007,task-ils/sub-cp008/ses-20210503/level-01B_run-007,18,18,10,10,True,True,task-ils/sub-cp008/ses-20210503/level-01B_run-007/sub-cp008_ses-20210503_ocuevts_level-01B_run-007.csv;task-ils/sub-cp008/ses-20210503/level-01B_run-007/sub-cp008_ses-20210503_task-ils_stream-lslhtcviveeye_feat-chunk_level-01B_run-007_dat.csv,True,task-ils/sub-cp008/ses-20210503/level-01B_run-007/sub-cp008_ses-20210503_task-ils_stream-lslshimmerecg_feat-chunk_level-01B_run-007_dat.csv,True,task-ils/sub-cp008/ses-20210503/level-01B_run-007/sub-cp008_ses-20210503_task-ils_stream-lslshimmereda_feat-chunk_level-01B_run-007_dat.csv,True,task-ils/sub-cp008/ses-20210503/level-01B_run-007/sub-cp008_ses-20210503_task-ils_stream-lslshimmeremg_feat-chunk_level-01B_run-007_dat.csv,True,task-ils/sub-cp008/ses-20210503/level-01B_run-007/sub-cp008_ses-20210503_task-ils_stream-lslshimmerresp_feat-chunk_level-01B_run-007_dat.csv,True,task-ils/sub-cp008/ses-20210503/level-01B_run-007/sub-cp008_ses-20210503_task-ils_stream-lslxp11xpcplt_feat-chunk_level-01B_run-007_dat.csv,True,task-ils/sub-cp008/ses-20210503/level-01B_run-007/sub-cp008_ses-20210503_task-ils_stream-lslxp11xpcac_feat-chunk_level-01B_run-007_dat.csv,True,task-ils/sub-cp008/ses-20210503/level-01B_run-007/sub-cp008_ses-20210503_task-ils_stream-lslxp11_feat-perfmetric_level-01B_run-007.csv,True,task-ils/sub-cp008/ses-20210503/level-01B_run-007/sub-cp008_ses-20210503_task-ils_stream-lslshimmertorsoacc_feat-chunk_level-01B_run-007_dat.csv,False,,9,ecg;eda;emg;eye_tracking;head_movement;performance;respiration;torso_body_accelerometer;xplane,control_input,0,,0,
ils,sub-cp008,ses-20210503,level-01B,run-012,sub-cp008_ses-20210503_level-01B_run-012,task-ils/sub-cp008/ses-20210503/level-01B_run-012,18,18,10,10,True,True,task-ils/sub-cp008/ses-20210503/level-01B_run-012/sub-cp008_ses-20210503_ocuevts_level-01B_run-012.csv;task-ils/sub-cp008/ses-20210503/level-01B_run-012/sub-cp008_ses-20210503_task-ils_stream-lslhtcviveeye_feat-chunk_level-01B_run-012_dat.csv,True,task-ils/sub-cp008/ses-20210503/level-01B_run-012/sub-cp008_ses-20210503_task-ils_stream-lslshimmerecg_feat-chunk_level-01B_run-012_dat.csv,True,task-ils/sub-cp008/ses-20210503/level-01B_run-012/sub-cp008_ses-20210503_task-ils_stream-lslshimmereda_feat-chunk_level-01B_run-012_dat.csv,True,task-ils/sub-cp008/ses-20210503/level-01B_run-012/sub-cp008_ses-20210503_task-ils_stream-lslshimmeremg_feat-chunk_level-01B_run-012_dat.csv,True,task-ils/sub-cp008/ses-20210503/level-01B_run-012/sub-cp008_ses-20210503_task-ils_stream-lslshimmerresp_feat-chunk_level-01B_run-012_dat.csv,True,task-ils/sub-cp008/ses-20210503/level-01B_run-012/sub-cp008_ses-20210503_task-ils_stream-lslxp11xpcplt_feat-chunk_level-01B_run-012_dat.csv,True,task-ils/sub-cp008/ses-20210503/level-01B_run-012/sub-cp008_ses-20210503_task-ils_stream-lslxp11xpcac_feat-chunk_level-01B_run-012_dat.csv,True,task-ils/sub-cp008/ses-20210503/level-01B_run-012/sub-cp008_ses-20210503_task-ils_stream-lslxp11_feat-perfmetric_level-01B_run-012.csv,True,task-ils/sub-cp008/ses-20210503/level-01B_run-012/sub-cp008_ses-20210503_task-ils_stream-lslshimmertorsoacc_feat-chunk_level-01B_run-012_dat.csv,False,,9,ecg;eda;emg;eye_tracking;head_movement;performance;respiration;torso_body_accelerometer;xplane,control_input,0,,0,
ils,sub-cp008,ses-20210503,level-02B,run-003,sub-cp008_ses-20210503_level-02B_run-003,task-ils/sub-cp008/ses-20210503/level-02B_run-003,16,16,9,9,True,True,task-ils/sub-cp008/ses-20210503/level-02B_run-003/sub-cp008_ses-20210503_ocuevts_level-02B_run-003.csv;task-ils/sub-cp008/ses-20210503/level-02B_run-003/sub-cp008_ses-20210503_task-ils_stream-lslhtcviveeye_feat-chunk_level-02B_run-003_dat.csv,True,task-ils/sub-cp008/ses-20210503/level-02B_run-003/sub-cp008_ses-20210503_task-ils_stream-lslshimmerecg_feat-chunk_level-02B_run-003_dat.csv,True,task-ils/sub-cp008/ses-20210503/level-02B_run-003/sub-cp008_ses-20210503_task-ils_stream-lslshimmereda_feat-chunk_level-02B_run-003_dat.csv,True,task-ils/sub-cp008/ses-20210503/level-02B_run-003/sub-cp008_ses-20210503_task-ils_stream-lslshimmeremg_feat-chunk_level-02B_run-003_dat.csv,True,task-ils/sub-cp008/ses-20210503/level-02B_run-003/sub-cp008_ses-20210503_task-ils_stream-lslshimmerresp_feat-chunk_level-02B_run-003_dat.csv,True,task-ils/sub-cp008/ses-20210503/level-02B_run-003/sub-cp008_ses-20210503_task-ils_stream-lslxp11xpcplt_feat-chunk_level-02B_run-003_dat.csv,True,task-ils/sub-cp008/ses-20210503/level-02B_run-003/sub-cp008_ses-20210503_task-ils_stream-lslxp11xpcac_feat-chunk_level-02B_run-003_dat.csv,True,task-ils/sub-cp008/ses-20210503/level-02B_run-003/sub-cp008_ses-20210503_task-ils_stream-lslxp11_feat-perfmetric_level-02B_run-003.csv,False,,False,,8,ecg;eda;emg;eye_tracking;head_movement;performance;respiration;xplane,control_input;torso_body_accelerometer,0,,0,
ils,sub-cp008,ses-20210503,level-02B,run-008,sub-cp008_ses-20210503_level-02B_run-008,task-ils/sub-cp008/ses-20210503/level-02B_run-008,18,18,10,10,True,True,task-ils/sub-cp008/ses-20210503/level-02B_run-008/sub-cp008_ses-20210503_ocuevts_level-02B_run-008.csv;task-ils/sub-cp008/ses-20210503/level-02B_run-008/sub-cp008_ses-20210503_task-ils_stream-lslhtcviveeye_feat-chunk_level-02B_run-008_dat.csv,True,task-ils/sub-cp008/ses-20210503/level-02B_run-008/sub-cp008_ses-20210503_task-ils_stream-lslshimmerecg_feat-chunk_level-02B_run-008_dat.csv,True,task-ils/sub-cp008/ses-20210503/level-02B_run-008/sub-cp008_ses-20210503_task-ils_stream-lslshimmereda_feat-chunk_level-02B_run-008_dat.csv,True,task-ils/sub-cp008/ses-20210503/level-02B_run-008/sub-cp008_ses-20210503_task-ils_stream-lslshimmeremg_feat-chunk_level-02B_run-008_dat.csv,True,task-ils/sub-cp008/ses-20210503/level-02B_run-008/sub-cp008_ses-20210503_task-ils_stream-lslshimmerresp_feat-chunk_level-02B_run-008_dat.csv,True,task-ils/sub-cp008/ses-20210503/level-02B_run-008/sub-cp008_ses-20210503_task-ils_stream-lslxp11xpcplt_feat-chunk_level-02B_run-008_dat.csv,True,task-ils/sub-cp008/ses-20210503/level-02B_run-008/sub-cp008_ses-20210503_task-ils_stream-lslxp11xpcac_feat-chunk_level-02B_run-008_dat.csv,True,task-ils/sub-cp008/ses-20210503/level-02B_run-008/sub-cp008_ses-20210503_task-ils_stream-lslxp11_feat-perfmetric_level-02B_run-008.csv,True,task-ils/sub-cp008/ses-20210503/level-02B_run-008/sub-cp008_ses-20210503_task-ils_stream-lslshimmertorsoacc_feat-chunk_level-02B_run-008_dat.csv,False,,9,ecg;eda;emg;eye_tracking;head_movement;performance;respiration;torso_body_accelerometer;xplane,control_input,0,,0,
ils,sub-cp008,ses-20210503,level-02B,run-010,sub-cp008_ses-20210503_level-02B_run-010,task-ils/sub-cp008/ses-20210503/level-02B_run-010,18,18,10,10,True,True,task-ils/sub-cp008/ses-20210503/level-02B_run-010/sub-cp008_ses-20210503_ocuevts_level-02B_run-010.csv;task-ils/sub-cp008/ses-20210503/level-02B_run-010/sub-cp008_ses-20210503_task-ils_stream-lslhtcviveeye_feat-chunk_level-02B_run-010_dat.csv,True,task-ils/sub-cp008/ses-20210503/level-02B_run-010/sub-cp008_ses-20210503_task-ils_stream-lslshimmerecg_feat-chunk_level-02B_run-010_dat.csv,True,task-ils/sub-cp008/ses-20210503/level-02B_run-010/sub-cp008_ses-20210503_task-ils_stream-lslshimmereda_feat-chunk_level-02B_run-010_dat.csv,True,task-ils/sub-cp008/ses-20210503/level-02B_run-010/sub-cp008_ses-20210503_task-ils_stream-lslshimmeremg_feat-chunk_level-02B_run-010_dat.csv,True,task-ils/sub-cp008/ses-20210503/level-02B_run-010/sub-cp008_ses-20210503_task-ils_stream-lslshimmerresp_feat-chunk_level-02B_run-010_dat.csv,True,task-ils/sub-cp008/ses-20210503/level-02B_run-010/sub-cp008_ses-20210503_task-ils_stream-lslxp11xpcplt_feat-chunk_level-02B_run-010_dat.csv,True,task-ils/sub-cp008/ses-20210503/level-02B_run-010/sub-cp008_ses-20210503_task-ils_stream-lslxp11xpcac_feat-chunk_level-02B_run-010_dat.csv,True,task-ils/sub-cp008/ses-20210503/level-02B_run-010/sub-cp008_ses-20210503_task-ils_stream-lslxp11_feat-perfmetric_level-02B_run-010.csv,True,task-ils/sub-cp008/ses-20210503/level-02B_run-010/sub-cp008_ses-20210503_task-ils_stream-lslshimmertorsoacc_feat-chunk_level-02B_run-010_dat.csv,False,,9,ecg;eda;emg;eye_tracking;head_movement;performance;respiration;torso_body_accelerometer;xplane,control_input,0,,0,
ils,sub-cp008,ses-20210503,level-03B,run-002,sub-cp008_ses-20210503_level-03B_run-002,task-ils/sub-cp008/ses-20210503/level-03B_run-002,16,16,9,9,True,True,task-ils/sub-cp008/ses-20210503/level-03B_run-002/sub-cp008_ses-20210503_ocuevts_level-03B_run-002.csv;task-ils/sub-cp008/ses-20210503/level-03B_run-002/sub-cp008_ses-20210503_task-ils_stream-lslhtcviveeye_feat-chunk_level-03B_run-002_dat.csv,True,task-ils/sub-cp008/ses-20210503/level-03B_run-002/sub-cp008_ses-20210503_task-ils_stream-lslshimmerecg_feat-chunk_level-03B_run-002_dat.csv,True,task-ils/sub-cp008/ses-20210503/level-03B_run-002/sub-cp008_ses-20210503_task-ils_stream-lslshimmereda_feat-chunk_level-03B_run-002_dat.csv,True,task-ils/sub-cp008/ses-20210503/level-03B_run-002/sub-cp008_ses-20210503_task-ils_stream-lslshimmeremg_feat-chunk_level-03B_run-002_dat.csv,True,task-ils/sub-cp008/ses-20210503/level-03B_run-002/sub-cp008_ses-20210503_task-ils_stream-lslshimmerresp_feat-chunk_level-03B_run-002_dat.csv,True,task-ils/sub-cp008/ses-20210503/level-03B_run-002/sub-cp008_ses-20210503_task-ils_stream-lslxp11xpcplt_feat-chunk_level-03B_run-002_dat.csv,True,task-ils/sub-cp008/ses-20210503/level-03B_run-002/sub-cp008_ses-20210503_task-ils_stream-lslxp11xpcac_feat-chunk_level-03B_run-002_dat.csv,True,task-ils/sub-cp008/ses-20210503/level-03B_run-002/sub-cp008_ses-20210503_task-ils_stream-lslxp11_feat-perfmetric_level-03B_run-002.csv,False,,False,,8,ecg;eda;emg;eye_tracking;head_movement;performance;respiration;xplane,control_input;torso_body_accelerometer,0,,0,
ils,sub-cp008,ses-20210503,level-03B,run-005,sub-cp008_ses-20210503_level-03B_run-005,task-ils/sub-cp008/ses-20210503/level-03B_run-005,16,16,9,9,True,True,task-ils/sub-cp008/ses-20210503/level-03B_run-005/sub-cp008_ses-20210503_ocuevts_level-03B_run-005.csv;task-ils/sub-cp008/ses-20210503/level-03B_run-005/sub-cp008_ses-20210503_task-ils_stream-lslhtcviveeye_feat-chunk_level-03B_run-005_dat.csv,True,task-ils/sub-cp008/ses-20210503/level-03B_run-005/sub-cp008_ses-20210503_task-ils_stream-lslshimmerecg_feat-chunk_level-03B_run-005_dat.csv,True,task-ils/sub-cp008/ses-20210503/level-03B_run-005/sub-cp008_ses-20210503_task-ils_stream-lslshimmereda_feat-chunk_level-03B_run-005_dat.csv,True,task-ils/sub-cp008/ses-20210503/level-03B_run-005/sub-cp008_ses-20210503_task-ils_stream-lslshimmeremg_feat-chunk_level-03B_run-005_dat.csv,True,task-ils/sub-cp008/ses-20210503/level-03B_run-005/sub-cp008_ses-20210503_task-ils_stream-lslshimmerresp_feat-chunk_level-03B_run-005_dat.csv,True,task-ils/sub-cp008/ses-20210503/level-03B_run-005/sub-cp008_ses-20210503_task-ils_stream-lslxp11xpcplt_feat-chunk_level-03B_run-005_dat.csv,True,task-ils/sub-cp008/ses-20210503/level-03B_run-005/sub-cp008_ses-20210503_task-ils_stream-lslxp11xpcac_feat-chunk_level-03B_run-005_dat.csv,True,task-ils/sub-cp008/ses-20210503/level-03B_run-005/sub-cp008_ses-20210503_task-ils_stream-lslxp11_feat-perfmetric_level-03B_run-005.csv,False,,False,,8,ecg;eda;emg;eye_tracking;head_movement;performance;respiration;xplane,control_input;torso_body_accelerometer,0,,0,
ils,sub-cp008,ses-20210503,level-03B,run-011,sub-cp008_ses-20210503_level-03B_run-011,task-ils/sub-cp008/ses-20210503/level-03B_run-011,18,18,10,10,True,True,task-ils/sub-cp008/ses-20210503/level-03B_run-011/sub-cp008_ses-20210503_ocuevts_level-03B_run-011.csv;task-ils/sub-cp008/ses-20210503/level-03B_run-011/sub-cp008_ses-20210503_task-ils_stream-lslhtcviveeye_feat-chunk_level-03B_run-011_dat.csv,True,task-ils/sub-cp008/ses-20210503/level-03B_run-011/sub-cp008_ses-20210503_task-ils_stream-lslshimmerecg_feat-chunk_level-03B_run-011_dat.csv,True,task-ils/sub-cp008/ses-20210503/level-03B_run-011/sub-cp008_ses-20210503_task-ils_stream-lslshimmereda_feat-chunk_level-03B_run-011_dat.csv,True,task-ils/sub-cp008/ses-20210503/level-03B_run-011/sub-cp008_ses-20210503_task-ils_stream-lslshimmeremg_feat-chunk_level-03B_run-011_dat.csv,True,task-ils/sub-cp008/ses-20210503/level-03B_run-011/sub-cp008_ses-20210503_task-ils_stream-lslshimmerresp_feat-chunk_level-03B_run-011_dat.csv,True,task-ils/sub-cp008/ses-20210503/level-03B_run-011/sub-cp008_ses-20210503_task-ils_stream-lslxp11xpcplt_feat-chunk_level-03B_run-011_dat.csv,True,task-ils/sub-cp008/ses-20210503/level-03B_run-011/sub-cp008_ses-20210503_task-ils_stream-lslxp11xpcac_feat-chunk_level-03B_run-011_dat.csv,True,task-ils/sub-cp008/ses-20210503/level-03B_run-011/sub-cp008_ses-20210503_task-ils_stream-lslxp11_feat-perfmetric_level-03B_run-011.csv,True,task-ils/sub-cp008/ses-20210503/level-03B_run-011/sub-cp008_ses-20210503_task-ils_stream-lslshimmertorsoacc_feat-chunk_level-03B_run-011_dat.csv,False,,9,ecg;eda;emg;eye_tracking;head_movement;performance;respiration;torso_body_accelerometer;xplane,control_input,0,,0,
ils,sub-cp008,ses-20210503,level-04B,run-004,sub-cp008_ses-20210503_level-04B_run-004,task-ils/sub-cp008/ses-20210503/level-04B_run-004,16,16,9,9,True,True,task-ils/sub-cp008/ses-20210503/level-04B_run-004/sub-cp008_ses-20210503_ocuevts_level-04B_run-004.csv;task-ils/sub-cp008/ses-20210503/level-04B_run-004/sub-cp008_ses-20210503_task-ils_stream-lslhtcviveeye_feat-chunk_level-04B_run-004_dat.csv,True,task-ils/sub-cp008/ses-20210503/level-04B_run-004/sub-cp008_ses-20210503_task-ils_stream-lslshimmerecg_feat-chunk_level-04B_run-004_dat.csv,True,task-ils/sub-cp008/ses-20210503/level-04B_run-004/sub-cp008_ses-20210503_task-ils_stream-lslshimmereda_feat-chunk_level-04B_run-004_dat.csv,True,task-ils/sub-cp008/ses-20210503/level-04B_run-004/sub-cp008_ses-20210503_task-ils_stream-lslshimmeremg_feat-chunk_level-04B_run-004_dat.csv,True,task-ils/sub-cp008/ses-20210503/level-04B_run-004/sub-cp008_ses-20210503_task-ils_stream-lslshimmerresp_feat-chunk_level-04B_run-004_dat.csv,True,task-ils/sub-cp008/ses-20210503/level-04B_run-004/sub-cp008_ses-20210503_task-ils_stream-lslxp11xpcplt_feat-chunk_level-04B_run-004_dat.csv,True,task-ils/sub-cp008/ses-20210503/level-04B_run-004/sub-cp008_ses-20210503_task-ils_stream-lslxp11xpcac_feat-chunk_level-04B_run-004_dat.csv,True,task-ils/sub-cp008/ses-20210503/level-04B_run-004/sub-cp008_ses-20210503_task-ils_stream-lslxp11_feat-perfmetric_level-04B_run-004.csv,False,,False,,8,ecg;eda;emg;eye_tracking;head_movement;performance;respiration;xplane,control_input;torso_body_accelerometer,0,,0,
ils,sub-cp008,ses-20210503,level-04B,run-006,sub-cp008_ses-20210503_level-04B_run-006,task-ils/sub-cp008/ses-20210503/level-04B_run-006,18,18,10,10,True,True,task-ils/sub-cp008/ses-20210503/level-04B_run-006/sub-cp008_ses-20210503_ocuevts_level-04B_run-006.csv;task-ils/sub-cp008/ses-20210503/level-04B_run-006/sub-cp008_ses-20210503_task-ils_stream-lslhtcviveeye_feat-chunk_level-04B_run-006_dat.csv,True,task-ils/sub-cp008/ses-20210503/level-04B_run-006/sub-cp008_ses-20210503_task-ils_stream-lslshimmerecg_feat-chunk_level-04B_run-006_dat.csv,True,task-ils/sub-cp008/ses-20210503/level-04B_run-006/sub-cp008_ses-20210503_task-ils_stream-lslshimmereda_feat-chunk_level-04B_run-006_dat.csv,True,task-ils/sub-cp008/ses-20210503/level-04B_run-006/sub-cp008_ses-20210503_task-ils_stream-lslshimmeremg_feat-chunk_level-04B_run-006_dat.csv,True,task-ils/sub-cp008/ses-20210503/level-04B_run-006/sub-cp008_ses-20210503_task-ils_stream-lslshimmerresp_feat-chunk_level-04B_run-006_dat.csv,True,task-ils/sub-cp008/ses-20210503/level-04B_run-006/sub-cp008_ses-20210503_task-ils_stream-lslxp11xpcplt_feat-chunk_level-04B_run-006_dat.csv,True,task-ils/sub-cp008/ses-20210503/level-04B_run-006/sub-cp008_ses-20210503_task-ils_stream-lslxp11xpcac_feat-chunk_level-04B_run-006_dat.csv,True,task-ils/sub-cp008/ses-20210503/level-04B_run-006/sub-cp008_ses-20210503_task-ils_stream-lslxp11_feat-perfmetric_level-04B_run-006.csv,True,task-ils/sub-cp008/ses-20210503/level-04B_run-006/sub-cp008_ses-20210503_task-ils_stream-lslshimmertorsoacc_feat-chunk_level-04B_run-006_dat.csv,False,,9,ecg;eda;emg;eye_tracking;head_movement;performance;respiration;torso_body_accelerometer;xplane,control_input,0,,0,
ils,sub-cp008,ses-20210503,level-04B,run-009,sub-cp008_ses-20210503_level-04B_run-009,task-ils/sub-cp008/ses-20210503/level-04B_run-009,18,18,10,10,True,True,task-ils/sub-cp008/ses-20210503/level-04B_run-009/sub-cp008_ses-20210503_ocuevts_level-04B_run-009.csv;task-ils/sub-cp008/ses-20210503/level-04B_run-009/sub-cp008_ses-20210503_task-ils_stream-lslhtcviveeye_feat-chunk_level-04B_run-009_dat.csv,True,task-ils/sub-cp008/ses-20210503/level-04B_run-009/sub-cp008_ses-20210503_task-ils_stream-lslshimmerecg_feat-chunk_level-04B_run-009_dat.csv,True,task-ils/sub-cp008/ses-20210503/level-04B_run-009/sub-cp008_ses-20210503_task-ils_stream-lslshimmereda_feat-chunk_level-04B_run-009_dat.csv,True,task-ils/sub-cp008/ses-20210503/level-04B_run-009/sub-cp008_ses-20210503_task-ils_stream-lslshimmeremg_feat-chunk_level-04B_run-009_dat.csv,True,task-ils/sub-cp008/ses-20210503/level-04B_run-009/sub-cp008_ses-20210503_task-ils_stream-lslshimmerresp_feat-chunk_level-04B_run-009_dat.csv,True,task-ils/sub-cp008/ses-20210503/level-04B_run-009/sub-cp008_ses-20210503_task-ils_stream-lslxp11xpcplt_feat-chunk_level-04B_run-009_dat.csv,True,task-ils/sub-cp008/ses-20210503/level-04B_run-009/sub-cp008_ses-20210503_task-ils_stream-lslxp11xpcac_feat-chunk_level-04B_run-009_dat.csv,True,task-ils/sub-cp008/ses-20210503/level-04B_run-009/sub-cp008_ses-20210503_task-ils_stream-lslxp11_feat-perfmetric_level-04B_run-009.csv,True,task-ils/sub-cp008/ses-20210503/level-04B_run-009/sub-cp008_ses-20210503_task-ils_stream-lslshimmertorsoacc_feat-chunk_level-04B_run-009_dat.csv,False,,9,ecg;eda;emg;eye_tracking;head_movement;performance;respiration;torso_body_accelerometer;xplane,control_input,0,,0,
ils,sub-cp009,ses-20210129,level-01B,run-001,sub-cp009_ses-20210129_level-01B_run-001,task-ils/sub-cp009/ses-20210129/level-01B_run-001,16,16,9,6,True,True,task-ils/sub-cp009/ses-20210129/level-01B_run-001/sub-cp009_ses-20210129_ocuevts_level-01B_run-001.csv;task-ils/sub-cp009/ses-20210129/level-01B_run-001/sub-cp009_ses-20210129_task-ils_stream-lslhtcviveeye_feat-chunk_level-01B_run-001_dat.csv,False,,False,,True,task-ils/sub-cp009/ses-20210129/level-01B_run-001/sub-cp009_ses-20210129_task-ils_stream-lslshimmeremg_feat-chunk_level-01B_run-001_dat.csv,False,,True,task-ils/sub-cp009/ses-20210129/level-01B_run-001/sub-cp009_ses-20210129_task-ils_stream-lslxp11xpcplt_feat-chunk_level-01B_run-001_dat.csv,True,task-ils/sub-cp009/ses-20210129/level-01B_run-001/sub-cp009_ses-20210129_task-ils_stream-lslxp11xpcac_feat-chunk_level-01B_run-001_dat.csv,True,task-ils/sub-cp009/ses-20210129/level-01B_run-001/sub-cp009_ses-20210129_task-ils_stream-lslxp11_feat-perfmetric_level-01B_run-001.csv,False,,False,,5,emg;eye_tracking;head_movement;performance;xplane,control_input;ecg;eda;respiration;torso_body_accelerometer,9,invalid_effective_rate:task-ils/sub-cp009/ses-20210129/level-01B_run-001/sub-cp009_ses-20210129_task-ils_stream-lslshimmerecg_feat-chunk_level-01B_run-001_hea.csv:NaN | invalid_effective_rate:task-ils/sub-cp009/ses-20210129/level-01B_run-001/sub-cp009_ses-20210129_task-ils_stream-lslshimmereda_feat-chunk_level-01B_run-001_hea.csv:NaN | invalid_effective_rate:task-ils/sub-cp009/ses-20210129/level-01B_run-001/sub-cp009_ses-20210129_task-ils_stream-lslshimmerresp_feat-chunk_level-01B_run-001_hea.csv:NaN | invalid_sample_count:task-ils/sub-cp009/ses-20210129/level-01B_run-001/sub-cp009_ses-20210129_task-ils_stream-lslshimmerecg_feat-chunk_level-01B_run-001_hea.csv:0 | invalid_sample_count:task-ils/sub-cp009/ses-20210129/level-01B_run-001/sub-cp009_ses-20210129_task-ils_stream-lslshimmereda_feat-chunk_level-01B_run-001_hea.csv:0 | invalid_sample_count:task-ils/sub-cp009/ses-20210129/level-01B_run-001/sub-cp009_ses-20210129_task-ils_stream-lslshimmerresp_feat-chunk_level-01B_run-001_hea.csv:0 | placeholder_data_with_zero_samples:task-ils/sub-cp009/ses-20210129/level-01B_run-001/sub-cp009_ses-20210129_task-ils_stream-lslshimmerecg_feat-chunk_level-01B_run-001_dat.csv | placeholder_data_with_zero_samples:task-ils/sub-cp009/ses-20210129/level-01B_run-001/sub-cp009_ses-20210129_task-ils_stream-lslshimmereda_feat-chunk_level-01B_run-001_dat.csv | placeholder_data_with_zero_samples:task-ils/sub-cp009/ses-20210129/level-01B_run-001/sub-cp009_ses-20210129_task-ils_stream-lslshimmerresp_feat-chunk_level-01B_run-001_dat.csv,0,
ils,sub-cp009,ses-20210129,level-01B,run-007,sub-cp009_ses-20210129_level-01B_run-007,task-ils/sub-cp009/ses-20210129/level-01B_run-007,16,16,9,9,True,True,task-ils/sub-cp009/ses-20210129/level-01B_run-007/sub-cp009_ses-20210129_ocuevts_level-01B_run-007.csv;task-ils/sub-cp009/ses-20210129/level-01B_run-007/sub-cp009_ses-20210129_task-ils_stream-lslhtcviveeye_feat-chunk_level-01B_run-007_dat.csv,True,task-ils/sub-cp009/ses-20210129/level-01B_run-007/sub-cp009_ses-20210129_task-ils_stream-lslshimmerecg_feat-chunk_level-01B_run-007_dat.csv,True,task-ils/sub-cp009/ses-20210129/level-01B_run-007/sub-cp009_ses-20210129_task-ils_stream-lslshimmereda_feat-chunk_level-01B_run-007_dat.csv,True,task-ils/sub-cp009/ses-20210129/level-01B_run-007/sub-cp009_ses-20210129_task-ils_stream-lslshimmeremg_feat-chunk_level-01B_run-007_dat.csv,True,task-ils/sub-cp009/ses-20210129/level-01B_run-007/sub-cp009_ses-20210129_task-ils_stream-lslshimmerresp_feat-chunk_level-01B_run-007_dat.csv,True,task-ils/sub-cp009/ses-20210129/level-01B_run-007/sub-cp009_ses-20210129_task-ils_stream-lslxp11xpcplt_feat-chunk_level-01B_run-007_dat.csv,True,task-ils/sub-cp009/ses-20210129/level-01B_run-007/sub-cp009_ses-20210129_task-ils_stream-lslxp11xpcac_feat-chunk_level-01B_run-007_dat.csv,True,task-ils/sub-cp009/ses-20210129/level-01B_run-007/sub-cp009_ses-20210129_task-ils_stream-lslxp11_feat-perfmetric_level-01B_run-007.csv,False,,False,,8,ecg;eda;emg;eye_tracking;head_movement;performance;respiration;xplane,control_input;torso_body_accelerometer,0,,0,
ils,sub-cp009,ses-20210129,level-01B,run-012,sub-cp009_ses-20210129_level-01B_run-012,task-ils/sub-cp009/ses-20210129/level-01B_run-012,16,16,9,9,True,True,task-ils/sub-cp009/ses-20210129/level-01B_run-012/sub-cp009_ses-20210129_ocuevts_level-01B_run-012.csv;task-ils/sub-cp009/ses-20210129/level-01B_run-012/sub-cp009_ses-20210129_task-ils_stream-lslhtcviveeye_feat-chunk_level-01B_run-012_dat.csv,True,task-ils/sub-cp009/ses-20210129/level-01B_run-012/sub-cp009_ses-20210129_task-ils_stream-lslshimmerecg_feat-chunk_level-01B_run-012_dat.csv,True,task-ils/sub-cp009/ses-20210129/level-01B_run-012/sub-cp009_ses-20210129_task-ils_stream-lslshimmereda_feat-chunk_level-01B_run-012_dat.csv,True,task-ils/sub-cp009/ses-20210129/level-01B_run-012/sub-cp009_ses-20210129_task-ils_stream-lslshimmeremg_feat-chunk_level-01B_run-012_dat.csv,True,task-ils/sub-cp009/ses-20210129/level-01B_run-012/sub-cp009_ses-20210129_task-ils_stream-lslshimmerresp_feat-chunk_level-01B_run-012_dat.csv,True,task-ils/sub-cp009/ses-20210129/level-01B_run-012/sub-cp009_ses-20210129_task-ils_stream-lslxp11xpcplt_feat-chunk_level-01B_run-012_dat.csv,True,task-ils/sub-cp009/ses-20210129/level-01B_run-012/sub-cp009_ses-20210129_task-ils_stream-lslxp11xpcac_feat-chunk_level-01B_run-012_dat.csv,True,task-ils/sub-cp009/ses-20210129/level-01B_run-012/sub-cp009_ses-20210129_task-ils_stream-lslxp11_feat-perfmetric_level-01B_run-012.csv,False,,False,,8,ecg;eda;emg;eye_tracking;head_movement;performance;respiration;xplane,control_input;torso_body_accelerometer,0,,0,
ils,sub-cp009,ses-20210129,level-02B,run-003,sub-cp009_ses-20210129_level-02B_run-003,task-ils/sub-cp009/ses-20210129/level-02B_run-003,16,16,9,6,True,True,task-ils/sub-cp009/ses-20210129/level-02B_run-003/sub-cp009_ses-20210129_ocuevts_level-02B_run-003.csv;task-ils/sub-cp009/ses-20210129/level-02B_run-003/sub-cp009_ses-20210129_task-ils_stream-lslhtcviveeye_feat-chunk_level-02B_run-003_dat.csv,False,,False,,True,task-ils/sub-cp009/ses-20210129/level-02B_run-003/sub-cp009_ses-20210129_task-ils_stream-lslshimmeremg_feat-chunk_level-02B_run-003_dat.csv,False,,True,task-ils/sub-cp009/ses-20210129/level-02B_run-003/sub-cp009_ses-20210129_task-ils_stream-lslxp11xpcplt_feat-chunk_level-02B_run-003_dat.csv,True,task-ils/sub-cp009/ses-20210129/level-02B_run-003/sub-cp009_ses-20210129_task-ils_stream-lslxp11xpcac_feat-chunk_level-02B_run-003_dat.csv,True,task-ils/sub-cp009/ses-20210129/level-02B_run-003/sub-cp009_ses-20210129_task-ils_stream-lslxp11_feat-perfmetric_level-02B_run-003.csv,False,,False,,5,emg;eye_tracking;head_movement;performance;xplane,control_input;ecg;eda;respiration;torso_body_accelerometer,9,invalid_effective_rate:task-ils/sub-cp009/ses-20210129/level-02B_run-003/sub-cp009_ses-20210129_task-ils_stream-lslshimmerecg_feat-chunk_level-02B_run-003_hea.csv:NaN | invalid_effective_rate:task-ils/sub-cp009/ses-20210129/level-02B_run-003/sub-cp009_ses-20210129_task-ils_stream-lslshimmereda_feat-chunk_level-02B_run-003_hea.csv:NaN | invalid_effective_rate:task-ils/sub-cp009/ses-20210129/level-02B_run-003/sub-cp009_ses-20210129_task-ils_stream-lslshimmerresp_feat-chunk_level-02B_run-003_hea.csv:NaN | invalid_sample_count:task-ils/sub-cp009/ses-20210129/level-02B_run-003/sub-cp009_ses-20210129_task-ils_stream-lslshimmerecg_feat-chunk_level-02B_run-003_hea.csv:0 | invalid_sample_count:task-ils/sub-cp009/ses-20210129/level-02B_run-003/sub-cp009_ses-20210129_task-ils_stream-lslshimmereda_feat-chunk_level-02B_run-003_hea.csv:0 | invalid_sample_count:task-ils/sub-cp009/ses-20210129/level-02B_run-003/sub-cp009_ses-20210129_task-ils_stream-lslshimmerresp_feat-chunk_level-02B_run-003_hea.csv:0 | placeholder_data_with_zero_samples:task-ils/sub-cp009/ses-20210129/level-02B_run-003/sub-cp009_ses-20210129_task-ils_stream-lslshimmerecg_feat-chunk_level-02B_run-003_dat.csv | placeholder_data_with_zero_samples:task-ils/sub-cp009/ses-20210129/level-02B_run-003/sub-cp009_ses-20210129_task-ils_stream-lslshimmereda_feat-chunk_level-02B_run-003_dat.csv | placeholder_data_with_zero_samples:task-ils/sub-cp009/ses-20210129/level-02B_run-003/sub-cp009_ses-20210129_task-ils_stream-lslshimmerresp_feat-chunk_level-02B_run-003_dat.csv,0,
ils,sub-cp009,ses-20210129,level-02B,run-008,sub-cp009_ses-20210129_level-02B_run-008,task-ils/sub-cp009/ses-20210129/level-02B_run-008,16,16,9,9,True,True,task-ils/sub-cp009/ses-20210129/level-02B_run-008/sub-cp009_ses-20210129_ocuevts_level-02B_run-008.csv;task-ils/sub-cp009/ses-20210129/level-02B_run-008/sub-cp009_ses-20210129_task-ils_stream-lslhtcviveeye_feat-chunk_level-02B_run-008_dat.csv,True,task-ils/sub-cp009/ses-20210129/level-02B_run-008/sub-cp009_ses-20210129_task-ils_stream-lslshimmerecg_feat-chunk_level-02B_run-008_dat.csv,True,task-ils/sub-cp009/ses-20210129/level-02B_run-008/sub-cp009_ses-20210129_task-ils_stream-lslshimmereda_feat-chunk_level-02B_run-008_dat.csv,True,task-ils/sub-cp009/ses-20210129/level-02B_run-008/sub-cp009_ses-20210129_task-ils_stream-lslshimmeremg_feat-chunk_level-02B_run-008_dat.csv,True,task-ils/sub-cp009/ses-20210129/level-02B_run-008/sub-cp009_ses-20210129_task-ils_stream-lslshimmerresp_feat-chunk_level-02B_run-008_dat.csv,True,task-ils/sub-cp009/ses-20210129/level-02B_run-008/sub-cp009_ses-20210129_task-ils_stream-lslxp11xpcplt_feat-chunk_level-02B_run-008_dat.csv,True,task-ils/sub-cp009/ses-20210129/level-02B_run-008/sub-cp009_ses-20210129_task-ils_stream-lslxp11xpcac_feat-chunk_level-02B_run-008_dat.csv,True,task-ils/sub-cp009/ses-20210129/level-02B_run-008/sub-cp009_ses-20210129_task-ils_stream-lslxp11_feat-perfmetric_level-02B_run-008.csv,False,,False,,8,ecg;eda;emg;eye_tracking;head_movement;performance;respiration;xplane,control_input;torso_body_accelerometer,0,,0,
ils,sub-cp009,ses-20210129,level-02B,run-010,sub-cp009_ses-20210129_level-02B_run-010,task-ils/sub-cp009/ses-20210129/level-02B_run-010,16,16,9,9,True,True,task-ils/sub-cp009/ses-20210129/level-02B_run-010/sub-cp009_ses-20210129_ocuevts_level-02B_run-010.csv;task-ils/sub-cp009/ses-20210129/level-02B_run-010/sub-cp009_ses-20210129_task-ils_stream-lslhtcviveeye_feat-chunk_level-02B_run-010_dat.csv,True,task-ils/sub-cp009/ses-20210129/level-02B_run-010/sub-cp009_ses-20210129_task-ils_stream-lslshimmerecg_feat-chunk_level-02B_run-010_dat.csv,True,task-ils/sub-cp009/ses-20210129/level-02B_run-010/sub-cp009_ses-20210129_task-ils_stream-lslshimmereda_feat-chunk_level-02B_run-010_dat.csv,True,task-ils/sub-cp009/ses-20210129/level-02B_run-010/sub-cp009_ses-20210129_task-ils_stream-lslshimmeremg_feat-chunk_level-02B_run-010_dat.csv,True,task-ils/sub-cp009/ses-20210129/level-02B_run-010/sub-cp009_ses-20210129_task-ils_stream-lslshimmerresp_feat-chunk_level-02B_run-010_dat.csv,True,task-ils/sub-cp009/ses-20210129/level-02B_run-010/sub-cp009_ses-20210129_task-ils_stream-lslxp11xpcplt_feat-chunk_level-02B_run-010_dat.csv,True,task-ils/sub-cp009/ses-20210129/level-02B_run-010/sub-cp009_ses-20210129_task-ils_stream-lslxp11xpcac_feat-chunk_level-02B_run-010_dat.csv,True,task-ils/sub-cp009/ses-20210129/level-02B_run-010/sub-cp009_ses-20210129_task-ils_stream-lslxp11_feat-perfmetric_level-02B_run-010.csv,False,,False,,8,ecg;eda;emg;eye_tracking;head_movement;performance;respiration;xplane,control_input;torso_body_accelerometer,0,,0,
ils,sub-cp009,ses-20210129,level-03B,run-002,sub-cp009_ses-20210129_level-03B_run-002,task-ils/sub-cp009/ses-20210129/level-03B_run-002,16,16,9,6,True,True,task-ils/sub-cp009/ses-20210129/level-03B_run-002/sub-cp009_ses-20210129_ocuevts_level-03B_run-002.csv;task-ils/sub-cp009/ses-20210129/level-03B_run-002/sub-cp009_ses-20210129_task-ils_stream-lslhtcviveeye_feat-chunk_level-03B_run-002_dat.csv,False,,False,,True,task-ils/sub-cp009/ses-20210129/level-03B_run-002/sub-cp009_ses-20210129_task-ils_stream-lslshimmeremg_feat-chunk_level-03B_run-002_dat.csv,False,,True,task-ils/sub-cp009/ses-20210129/level-03B_run-002/sub-cp009_ses-20210129_task-ils_stream-lslxp11xpcplt_feat-chunk_level-03B_run-002_dat.csv,True,task-ils/sub-cp009/ses-20210129/level-03B_run-002/sub-cp009_ses-20210129_task-ils_stream-lslxp11xpcac_feat-chunk_level-03B_run-002_dat.csv,True,task-ils/sub-cp009/ses-20210129/level-03B_run-002/sub-cp009_ses-20210129_task-ils_stream-lslxp11_feat-perfmetric_level-03B_run-002.csv,False,,False,,5,emg;eye_tracking;head_movement;performance;xplane,control_input;ecg;eda;respiration;torso_body_accelerometer,9,invalid_effective_rate:task-ils/sub-cp009/ses-20210129/level-03B_run-002/sub-cp009_ses-20210129_task-ils_stream-lslshimmerecg_feat-chunk_level-03B_run-002_hea.csv:NaN | invalid_effective_rate:task-ils/sub-cp009/ses-20210129/level-03B_run-002/sub-cp009_ses-20210129_task-ils_stream-lslshimmereda_feat-chunk_level-03B_run-002_hea.csv:NaN | invalid_effective_rate:task-ils/sub-cp009/ses-20210129/level-03B_run-002/sub-cp009_ses-20210129_task-ils_stream-lslshimmerresp_feat-chunk_level-03B_run-002_hea.csv:NaN | invalid_sample_count:task-ils/sub-cp009/ses-20210129/level-03B_run-002/sub-cp009_ses-20210129_task-ils_stream-lslshimmerecg_feat-chunk_level-03B_run-002_hea.csv:0 | invalid_sample_count:task-ils/sub-cp009/ses-20210129/level-03B_run-002/sub-cp009_ses-20210129_task-ils_stream-lslshimmereda_feat-chunk_level-03B_run-002_hea.csv:0 | invalid_sample_count:task-ils/sub-cp009/ses-20210129/level-03B_run-002/sub-cp009_ses-20210129_task-ils_stream-lslshimmerresp_feat-chunk_level-03B_run-002_hea.csv:0 | placeholder_data_with_zero_samples:task-ils/sub-cp009/ses-20210129/level-03B_run-002/sub-cp009_ses-20210129_task-ils_stream-lslshimmerecg_feat-chunk_level-03B_run-002_dat.csv | placeholder_data_with_zero_samples:task-ils/sub-cp009/ses-20210129/level-03B_run-002/sub-cp009_ses-20210129_task-ils_stream-lslshimmereda_feat-chunk_level-03B_run-002_dat.csv | placeholder_data_with_zero_samples:task-ils/sub-cp009/ses-20210129/level-03B_run-002/sub-cp009_ses-20210129_task-ils_stream-lslshimmerresp_feat-chunk_level-03B_run-002_dat.csv,0,
ils,sub-cp009,ses-20210129,level-03B,run-005,sub-cp009_ses-20210129_level-03B_run-005,task-ils/sub-cp009/ses-20210129/level-03B_run-005,16,16,9,9,True,True,task-ils/sub-cp009/ses-20210129/level-03B_run-005/sub-cp009_ses-20210129_ocuevts_level-03B_run-005.csv;task-ils/sub-cp009/ses-20210129/level-03B_run-005/sub-cp009_ses-20210129_task-ils_stream-lslhtcviveeye_feat-chunk_level-03B_run-005_dat.csv,True,task-ils/sub-cp009/ses-20210129/level-03B_run-005/sub-cp009_ses-20210129_task-ils_stream-lslshimmerecg_feat-chunk_level-03B_run-005_dat.csv,True,task-ils/sub-cp009/ses-20210129/level-03B_run-005/sub-cp009_ses-20210129_task-ils_stream-lslshimmereda_feat-chunk_level-03B_run-005_dat.csv,True,task-ils/sub-cp009/ses-20210129/level-03B_run-005/sub-cp009_ses-20210129_task-ils_stream-lslshimmeremg_feat-chunk_level-03B_run-005_dat.csv,True,task-ils/sub-cp009/ses-20210129/level-03B_run-005/sub-cp009_ses-20210129_task-ils_stream-lslshimmerresp_feat-chunk_level-03B_run-005_dat.csv,True,task-ils/sub-cp009/ses-20210129/level-03B_run-005/sub-cp009_ses-20210129_task-ils_stream-lslxp11xpcplt_feat-chunk_level-03B_run-005_dat.csv,True,task-ils/sub-cp009/ses-20210129/level-03B_run-005/sub-cp009_ses-20210129_task-ils_stream-lslxp11xpcac_feat-chunk_level-03B_run-005_dat.csv,True,task-ils/sub-cp009/ses-20210129/level-03B_run-005/sub-cp009_ses-20210129_task-ils_stream-lslxp11_feat-perfmetric_level-03B_run-005.csv,False,,False,,8,ecg;eda;emg;eye_tracking;head_movement;performance;respiration;xplane,control_input;torso_body_accelerometer,0,,0,
ils,sub-cp009,ses-20210129,level-03B,run-011,sub-cp009_ses-20210129_level-03B_run-011,task-ils/sub-cp009/ses-20210129/level-03B_run-011,16,16,9,9,True,True,task-ils/sub-cp009/ses-20210129/level-03B_run-011/sub-cp009_ses-20210129_ocuevts_level-03B_run-011.csv;task-ils/sub-cp009/ses-20210129/level-03B_run-011/sub-cp009_ses-20210129_task-ils_stream-lslhtcviveeye_feat-chunk_level-03B_run-011_dat.csv,True,task-ils/sub-cp009/ses-20210129/level-03B_run-011/sub-cp009_ses-20210129_task-ils_stream-lslshimmerecg_feat-chunk_level-03B_run-011_dat.csv,True,task-ils/sub-cp009/ses-20210129/level-03B_run-011/sub-cp009_ses-20210129_task-ils_stream-lslshimmereda_feat-chunk_level-03B_run-011_dat.csv,True,task-ils/sub-cp009/ses-20210129/level-03B_run-011/sub-cp009_ses-20210129_task-ils_stream-lslshimmeremg_feat-chunk_level-03B_run-011_dat.csv,True,task-ils/sub-cp009/ses-20210129/level-03B_run-011/sub-cp009_ses-20210129_task-ils_stream-lslshimmerresp_feat-chunk_level-03B_run-011_dat.csv,True,task-ils/sub-cp009/ses-20210129/level-03B_run-011/sub-cp009_ses-20210129_task-ils_stream-lslxp11xpcplt_feat-chunk_level-03B_run-011_dat.csv,True,task-ils/sub-cp009/ses-20210129/level-03B_run-011/sub-cp009_ses-20210129_task-ils_stream-lslxp11xpcac_feat-chunk_level-03B_run-011_dat.csv,True,task-ils/sub-cp009/ses-20210129/level-03B_run-011/sub-cp009_ses-20210129_task-ils_stream-lslxp11_feat-perfmetric_level-03B_run-011.csv,False,,False,,8,ecg;eda;emg;eye_tracking;head_movement;performance;respiration;xplane,control_input;torso_body_accelerometer,0,,0,
ils,sub-cp009,ses-20210129,level-04B,run-004,sub-cp009_ses-20210129_level-04B_run-004,task-ils/sub-cp009/ses-20210129/level-04B_run-004,16,16,9,6,True,True,task-ils/sub-cp009/ses-20210129/level-04B_run-004/sub-cp009_ses-20210129_ocuevts_level-04B_run-004.csv;task-ils/sub-cp009/ses-20210129/level-04B_run-004/sub-cp009_ses-20210129_task-ils_stream-lslhtcviveeye_feat-chunk_level-04B_run-004_dat.csv,False,,False,,True,task-ils/sub-cp009/ses-20210129/level-04B_run-004/sub-cp009_ses-20210129_task-ils_stream-lslshimmeremg_feat-chunk_level-04B_run-004_dat.csv,False,,True,task-ils/sub-cp009/ses-20210129/level-04B_run-004/sub-cp009_ses-20210129_task-ils_stream-lslxp11xpcplt_feat-chunk_level-04B_run-004_dat.csv,True,task-ils/sub-cp009/ses-20210129/level-04B_run-004/sub-cp009_ses-20210129_task-ils_stream-lslxp11xpcac_feat-chunk_level-04B_run-004_dat.csv,True,task-ils/sub-cp009/ses-20210129/level-04B_run-004/sub-cp009_ses-20210129_task-ils_stream-lslxp11_feat-perfmetric_level-04B_run-004.csv,False,,False,,5,emg;eye_tracking;head_movement;performance;xplane,control_input;ecg;eda;respiration;torso_body_accelerometer,9,invalid_effective_rate:task-ils/sub-cp009/ses-20210129/level-04B_run-004/sub-cp009_ses-20210129_task-ils_stream-lslshimmerecg_feat-chunk_level-04B_run-004_hea.csv:NaN | invalid_effective_rate:task-ils/sub-cp009/ses-20210129/level-04B_run-004/sub-cp009_ses-20210129_task-ils_stream-lslshimmereda_feat-chunk_level-04B_run-004_hea.csv:NaN | invalid_effective_rate:task-ils/sub-cp009/ses-20210129/level-04B_run-004/sub-cp009_ses-20210129_task-ils_stream-lslshimmerresp_feat-chunk_level-04B_run-004_hea.csv:NaN | invalid_sample_count:task-ils/sub-cp009/ses-20210129/level-04B_run-004/sub-cp009_ses-20210129_task-ils_stream-lslshimmerecg_feat-chunk_level-04B_run-004_hea.csv:0 | invalid_sample_count:task-ils/sub-cp009/ses-20210129/level-04B_run-004/sub-cp009_ses-20210129_task-ils_stream-lslshimmereda_feat-chunk_level-04B_run-004_hea.csv:0 | invalid_sample_count:task-ils/sub-cp009/ses-20210129/level-04B_run-004/sub-cp009_ses-20210129_task-ils_stream-lslshimmerresp_feat-chunk_level-04B_run-004_hea.csv:0 | placeholder_data_with_zero_samples:task-ils/sub-cp009/ses-20210129/level-04B_run-004/sub-cp009_ses-20210129_task-ils_stream-lslshimmerecg_feat-chunk_level-04B_run-004_dat.csv | placeholder_data_with_zero_samples:task-ils/sub-cp009/ses-20210129/level-04B_run-004/sub-cp009_ses-20210129_task-ils_stream-lslshimmereda_feat-chunk_level-04B_run-004_dat.csv | placeholder_data_with_zero_samples:task-ils/sub-cp009/ses-20210129/level-04B_run-004/sub-cp009_ses-20210129_task-ils_stream-lslshimmerresp_feat-chunk_level-04B_run-004_dat.csv,0,
ils,sub-cp009,ses-20210129,level-04B,run-006,sub-cp009_ses-20210129_level-04B_run-006,task-ils/sub-cp009/ses-20210129/level-04B_run-006,16,16,9,9,True,True,task-ils/sub-cp009/ses-20210129/level-04B_run-006/sub-cp009_ses-20210129_ocuevts_level-04B_run-006.csv;task-ils/sub-cp009/ses-20210129/level-04B_run-006/sub-cp009_ses-20210129_task-ils_stream-lslhtcviveeye_feat-chunk_level-04B_run-006_dat.csv,True,task-ils/sub-cp009/ses-20210129/level-04B_run-006/sub-cp009_ses-20210129_task-ils_stream-lslshimmerecg_feat-chunk_level-04B_run-006_dat.csv,True,task-ils/sub-cp009/ses-20210129/level-04B_run-006/sub-cp009_ses-20210129_task-ils_stream-lslshimmereda_feat-chunk_level-04B_run-006_dat.csv,True,task-ils/sub-cp009/ses-20210129/level-04B_run-006/sub-cp009_ses-20210129_task-ils_stream-lslshimmeremg_feat-chunk_level-04B_run-006_dat.csv,True,task-ils/sub-cp009/ses-20210129/level-04B_run-006/sub-cp009_ses-20210129_task-ils_stream-lslshimmerresp_feat-chunk_level-04B_run-006_dat.csv,True,task-ils/sub-cp009/ses-20210129/level-04B_run-006/sub-cp009_ses-20210129_task-ils_stream-lslxp11xpcplt_feat-chunk_level-04B_run-006_dat.csv,True,task-ils/sub-cp009/ses-20210129/level-04B_run-006/sub-cp009_ses-20210129_task-ils_stream-lslxp11xpcac_feat-chunk_level-04B_run-006_dat.csv,True,task-ils/sub-cp009/ses-20210129/level-04B_run-006/sub-cp009_ses-20210129_task-ils_stream-lslxp11_feat-perfmetric_level-04B_run-006.csv,False,,False,,8,ecg;eda;emg;eye_tracking;head_movement;performance;respiration;xplane,control_input;torso_body_accelerometer,0,,0,
ils,sub-cp009,ses-20210129,level-04B,run-009,sub-cp009_ses-20210129_level-04B_run-009,task-ils/sub-cp009/ses-20210129/level-04B_run-009,16,16,9,9,True,True,task-ils/sub-cp009/ses-20210129/level-04B_run-009/sub-cp009_ses-20210129_ocuevts_level-04B_run-009.csv;task-ils/sub-cp009/ses-20210129/level-04B_run-009/sub-cp009_ses-20210129_task-ils_stream-lslhtcviveeye_feat-chunk_level-04B_run-009_dat.csv,True,task-ils/sub-cp009/ses-20210129/level-04B_run-009/sub-cp009_ses-20210129_task-ils_stream-lslshimmerecg_feat-chunk_level-04B_run-009_dat.csv,True,task-ils/sub-cp009/ses-20210129/level-04B_run-009/sub-cp009_ses-20210129_task-ils_stream-lslshimmereda_feat-chunk_level-04B_run-009_dat.csv,True,task-ils/sub-cp009/ses-20210129/level-04B_run-009/sub-cp009_ses-20210129_task-ils_stream-lslshimmeremg_feat-chunk_level-04B_run-009_dat.csv,True,task-ils/sub-cp009/ses-20210129/level-04B_run-009/sub-cp009_ses-20210129_task-ils_stream-lslshimmerresp_feat-chunk_level-04B_run-009_dat.csv,True,task-ils/sub-cp009/ses-20210129/level-04B_run-009/sub-cp009_ses-20210129_task-ils_stream-lslxp11xpcplt_feat-chunk_level-04B_run-009_dat.csv,True,task-ils/sub-cp009/ses-20210129/level-04B_run-009/sub-cp009_ses-20210129_task-ils_stream-lslxp11xpcac_feat-chunk_level-04B_run-009_dat.csv,True,task-ils/sub-cp009/ses-20210129/level-04B_run-009/sub-cp009_ses-20210129_task-ils_stream-lslxp11_feat-perfmetric_level-04B_run-009.csv,False,,False,,8,ecg;eda;emg;eye_tracking;head_movement;performance;respiration;xplane,control_input;torso_body_accelerometer,0,,0,
ils,sub-cp011,ses-20210408,level-01B,run-001,sub-cp011_ses-20210408_level-01B_run-001,task-ils/sub-cp011/ses-20210408/level-01B_run-001,18,18,10,10,True,True,task-ils/sub-cp011/ses-20210408/level-01B_run-001/sub-cp011_ses-20210408_ocuevts_level-01B_run-001.csv;task-ils/sub-cp011/ses-20210408/level-01B_run-001/sub-cp011_ses-20210408_task-ils_stream-lslhtcviveeye_feat-chunk_level-01B_run-001_dat.csv,True,task-ils/sub-cp011/ses-20210408/level-01B_run-001/sub-cp011_ses-20210408_task-ils_stream-lslshimmerecg_feat-chunk_level-01B_run-001_dat.csv,True,task-ils/sub-cp011/ses-20210408/level-01B_run-001/sub-cp011_ses-20210408_task-ils_stream-lslshimmereda_feat-chunk_level-01B_run-001_dat.csv,True,task-ils/sub-cp011/ses-20210408/level-01B_run-001/sub-cp011_ses-20210408_task-ils_stream-lslshimmeremg_feat-chunk_level-01B_run-001_dat.csv,True,task-ils/sub-cp011/ses-20210408/level-01B_run-001/sub-cp011_ses-20210408_task-ils_stream-lslshimmerresp_feat-chunk_level-01B_run-001_dat.csv,True,task-ils/sub-cp011/ses-20210408/level-01B_run-001/sub-cp011_ses-20210408_task-ils_stream-lslxp11xpcplt_feat-chunk_level-01B_run-001_dat.csv,True,task-ils/sub-cp011/ses-20210408/level-01B_run-001/sub-cp011_ses-20210408_task-ils_stream-lslxp11xpcac_feat-chunk_level-01B_run-001_dat.csv,True,task-ils/sub-cp011/ses-20210408/level-01B_run-001/sub-cp011_ses-20210408_task-ils_stream-lslxp11_feat-perfmetric_level-01B_run-001.csv,True,task-ils/sub-cp011/ses-20210408/level-01B_run-001/sub-cp011_ses-20210408_task-ils_stream-lslshimmertorsoacc_feat-chunk_level-01B_run-001_dat.csv,False,,9,ecg;eda;emg;eye_tracking;head_movement;performance;respiration;torso_body_accelerometer;xplane,control_input,0,,0,
ils,sub-cp011,ses-20210408,level-01B,run-007,sub-cp011_ses-20210408_level-01B_run-007,task-ils/sub-cp011/ses-20210408/level-01B_run-007,18,18,10,10,True,True,task-ils/sub-cp011/ses-20210408/level-01B_run-007/sub-cp011_ses-20210408_ocuevts_level-01B_run-007.csv;task-ils/sub-cp011/ses-20210408/level-01B_run-007/sub-cp011_ses-20210408_task-ils_stream-lslhtcviveeye_feat-chunk_level-01B_run-007_dat.csv,True,task-ils/sub-cp011/ses-20210408/level-01B_run-007/sub-cp011_ses-20210408_task-ils_stream-lslshimmerecg_feat-chunk_level-01B_run-007_dat.csv,True,task-ils/sub-cp011/ses-20210408/level-01B_run-007/sub-cp011_ses-20210408_task-ils_stream-lslshimmereda_feat-chunk_level-01B_run-007_dat.csv,True,task-ils/sub-cp011/ses-20210408/level-01B_run-007/sub-cp011_ses-20210408_task-ils_stream-lslshimmeremg_feat-chunk_level-01B_run-007_dat.csv,True,task-ils/sub-cp011/ses-20210408/level-01B_run-007/sub-cp011_ses-20210408_task-ils_stream-lslshimmerresp_feat-chunk_level-01B_run-007_dat.csv,True,task-ils/sub-cp011/ses-20210408/level-01B_run-007/sub-cp011_ses-20210408_task-ils_stream-lslxp11xpcplt_feat-chunk_level-01B_run-007_dat.csv,True,task-ils/sub-cp011/ses-20210408/level-01B_run-007/sub-cp011_ses-20210408_task-ils_stream-lslxp11xpcac_feat-chunk_level-01B_run-007_dat.csv,True,task-ils/sub-cp011/ses-20210408/level-01B_run-007/sub-cp011_ses-20210408_task-ils_stream-lslxp11_feat-perfmetric_level-01B_run-007.csv,True,task-ils/sub-cp011/ses-20210408/level-01B_run-007/sub-cp011_ses-20210408_task-ils_stream-lslshimmertorsoacc_feat-chunk_level-01B_run-007_dat.csv,False,,9,ecg;eda;emg;eye_tracking;head_movement;performance;respiration;torso_body_accelerometer;xplane,control_input,0,,0,
ils,sub-cp011,ses-20210408,level-01B,run-012,sub-cp011_ses-20210408_level-01B_run-012,task-ils/sub-cp011/ses-20210408/level-01B_run-012,18,18,10,10,True,True,task-ils/sub-cp011/ses-20210408/level-01B_run-012/sub-cp011_ses-20210408_ocuevts_level-01B_run-012.csv;task-ils/sub-cp011/ses-20210408/level-01B_run-012/sub-cp011_ses-20210408_task-ils_stream-lslhtcviveeye_feat-chunk_level-01B_run-012_dat.csv,True,task-ils/sub-cp011/ses-20210408/level-01B_run-012/sub-cp011_ses-20210408_task-ils_stream-lslshimmerecg_feat-chunk_level-01B_run-012_dat.csv,True,task-ils/sub-cp011/ses-20210408/level-01B_run-012/sub-cp011_ses-20210408_task-ils_stream-lslshimmereda_feat-chunk_level-01B_run-012_dat.csv,True,task-ils/sub-cp011/ses-20210408/level-01B_run-012/sub-cp011_ses-20210408_task-ils_stream-lslshimmeremg_feat-chunk_level-01B_run-012_dat.csv,True,task-ils/sub-cp011/ses-20210408/level-01B_run-012/sub-cp011_ses-20210408_task-ils_stream-lslshimmerresp_feat-chunk_level-01B_run-012_dat.csv,True,task-ils/sub-cp011/ses-20210408/level-01B_run-012/sub-cp011_ses-20210408_task-ils_stream-lslxp11xpcplt_feat-chunk_level-01B_run-012_dat.csv,True,task-ils/sub-cp011/ses-20210408/level-01B_run-012/sub-cp011_ses-20210408_task-ils_stream-lslxp11xpcac_feat-chunk_level-01B_run-012_dat.csv,True,task-ils/sub-cp011/ses-20210408/level-01B_run-012/sub-cp011_ses-20210408_task-ils_stream-lslxp11_feat-perfmetric_level-01B_run-012.csv,True,task-ils/sub-cp011/ses-20210408/level-01B_run-012/sub-cp011_ses-20210408_task-ils_stream-lslshimmertorsoacc_feat-chunk_level-01B_run-012_dat.csv,False,,9,ecg;eda;emg;eye_tracking;head_movement;performance;respiration;torso_body_accelerometer;xplane,control_input,0,,0,
ils,sub-cp011,ses-20210408,level-02B,run-003,sub-cp011_ses-20210408_level-02B_run-003,task-ils/sub-cp011/ses-20210408/level-02B_run-003,18,18,10,10,True,True,task-ils/sub-cp011/ses-20210408/level-02B_run-003/sub-cp011_ses-20210408_ocuevts_level-02B_run-003.csv;task-ils/sub-cp011/ses-20210408/level-02B_run-003/sub-cp011_ses-20210408_task-ils_stream-lslhtcviveeye_feat-chunk_level-02B_run-003_dat.csv,True,task-ils/sub-cp011/ses-20210408/level-02B_run-003/sub-cp011_ses-20210408_task-ils_stream-lslshimmerecg_feat-chunk_level-02B_run-003_dat.csv,True,task-ils/sub-cp011/ses-20210408/level-02B_run-003/sub-cp011_ses-20210408_task-ils_stream-lslshimmereda_feat-chunk_level-02B_run-003_dat.csv,True,task-ils/sub-cp011/ses-20210408/level-02B_run-003/sub-cp011_ses-20210408_task-ils_stream-lslshimmeremg_feat-chunk_level-02B_run-003_dat.csv,True,task-ils/sub-cp011/ses-20210408/level-02B_run-003/sub-cp011_ses-20210408_task-ils_stream-lslshimmerresp_feat-chunk_level-02B_run-003_dat.csv,True,task-ils/sub-cp011/ses-20210408/level-02B_run-003/sub-cp011_ses-20210408_task-ils_stream-lslxp11xpcplt_feat-chunk_level-02B_run-003_dat.csv,True,task-ils/sub-cp011/ses-20210408/level-02B_run-003/sub-cp011_ses-20210408_task-ils_stream-lslxp11xpcac_feat-chunk_level-02B_run-003_dat.csv,True,task-ils/sub-cp011/ses-20210408/level-02B_run-003/sub-cp011_ses-20210408_task-ils_stream-lslxp11_feat-perfmetric_level-02B_run-003.csv,True,task-ils/sub-cp011/ses-20210408/level-02B_run-003/sub-cp011_ses-20210408_task-ils_stream-lslshimmertorsoacc_feat-chunk_level-02B_run-003_dat.csv,False,,9,ecg;eda;emg;eye_tracking;head_movement;performance;respiration;torso_body_accelerometer;xplane,control_input,0,,0,
ils,sub-cp011,ses-20210408,level-02B,run-008,sub-cp011_ses-20210408_level-02B_run-008,task-ils/sub-cp011/ses-20210408/level-02B_run-008,18,18,10,10,True,True,task-ils/sub-cp011/ses-20210408/level-02B_run-008/sub-cp011_ses-20210408_ocuevts_level-02B_run-008.csv;task-ils/sub-cp011/ses-20210408/level-02B_run-008/sub-cp011_ses-20210408_task-ils_stream-lslhtcviveeye_feat-chunk_level-02B_run-008_dat.csv,True,task-ils/sub-cp011/ses-20210408/level-02B_run-008/sub-cp011_ses-20210408_task-ils_stream-lslshimmerecg_feat-chunk_level-02B_run-008_dat.csv,True,task-ils/sub-cp011/ses-20210408/level-02B_run-008/sub-cp011_ses-20210408_task-ils_stream-lslshimmereda_feat-chunk_level-02B_run-008_dat.csv,True,task-ils/sub-cp011/ses-20210408/level-02B_run-008/sub-cp011_ses-20210408_task-ils_stream-lslshimmeremg_feat-chunk_level-02B_run-008_dat.csv,True,task-ils/sub-cp011/ses-20210408/level-02B_run-008/sub-cp011_ses-20210408_task-ils_stream-lslshimmerresp_feat-chunk_level-02B_run-008_dat.csv,True,task-ils/sub-cp011/ses-20210408/level-02B_run-008/sub-cp011_ses-20210408_task-ils_stream-lslxp11xpcplt_feat-chunk_level-02B_run-008_dat.csv,True,task-ils/sub-cp011/ses-20210408/level-02B_run-008/sub-cp011_ses-20210408_task-ils_stream-lslxp11xpcac_feat-chunk_level-02B_run-008_dat.csv,True,task-ils/sub-cp011/ses-20210408/level-02B_run-008/sub-cp011_ses-20210408_task-ils_stream-lslxp11_feat-perfmetric_level-02B_run-008.csv,True,task-ils/sub-cp011/ses-20210408/level-02B_run-008/sub-cp011_ses-20210408_task-ils_stream-lslshimmertorsoacc_feat-chunk_level-02B_run-008_dat.csv,False,,9,ecg;eda;emg;eye_tracking;head_movement;performance;respiration;torso_body_accelerometer;xplane,control_input,0,,0,
ils,sub-cp011,ses-20210408,level-02B,run-010,sub-cp011_ses-20210408_level-02B_run-010,task-ils/sub-cp011/ses-20210408/level-02B_run-010,18,18,10,10,True,True,task-ils/sub-cp011/ses-20210408/level-02B_run-010/sub-cp011_ses-20210408_ocuevts_level-02B_run-010.csv;task-ils/sub-cp011/ses-20210408/level-02B_run-010/sub-cp011_ses-20210408_task-ils_stream-lslhtcviveeye_feat-chunk_level-02B_run-010_dat.csv,True,task-ils/sub-cp011/ses-20210408/level-02B_run-010/sub-cp011_ses-20210408_task-ils_stream-lslshimmerecg_feat-chunk_level-02B_run-010_dat.csv,True,task-ils/sub-cp011/ses-20210408/level-02B_run-010/sub-cp011_ses-20210408_task-ils_stream-lslshimmereda_feat-chunk_level-02B_run-010_dat.csv,True,task-ils/sub-cp011/ses-20210408/level-02B_run-010/sub-cp011_ses-20210408_task-ils_stream-lslshimmeremg_feat-chunk_level-02B_run-010_dat.csv,True,task-ils/sub-cp011/ses-20210408/level-02B_run-010/sub-cp011_ses-20210408_task-ils_stream-lslshimmerresp_feat-chunk_level-02B_run-010_dat.csv,True,task-ils/sub-cp011/ses-20210408/level-02B_run-010/sub-cp011_ses-20210408_task-ils_stream-lslxp11xpcplt_feat-chunk_level-02B_run-010_dat.csv,True,task-ils/sub-cp011/ses-20210408/level-02B_run-010/sub-cp011_ses-20210408_task-ils_stream-lslxp11xpcac_feat-chunk_level-02B_run-010_dat.csv,True,task-ils/sub-cp011/ses-20210408/level-02B_run-010/sub-cp011_ses-20210408_task-ils_stream-lslxp11_feat-perfmetric_level-02B_run-010.csv,True,task-ils/sub-cp011/ses-20210408/level-02B_run-010/sub-cp011_ses-20210408_task-ils_stream-lslshimmertorsoacc_feat-chunk_level-02B_run-010_dat.csv,False,,9,ecg;eda;emg;eye_tracking;head_movement;performance;respiration;torso_body_accelerometer;xplane,control_input,0,,0,
ils,sub-cp011,ses-20210408,level-03B,run-002,sub-cp011_ses-20210408_level-03B_run-002,task-ils/sub-cp011/ses-20210408/level-03B_run-002,18,18,10,10,True,True,task-ils/sub-cp011/ses-20210408/level-03B_run-002/sub-cp011_ses-20210408_ocuevts_level-03B_run-002.csv;task-ils/sub-cp011/ses-20210408/level-03B_run-002/sub-cp011_ses-20210408_task-ils_stream-lslhtcviveeye_feat-chunk_level-03B_run-002_dat.csv,True,task-ils/sub-cp011/ses-20210408/level-03B_run-002/sub-cp011_ses-20210408_task-ils_stream-lslshimmerecg_feat-chunk_level-03B_run-002_dat.csv,True,task-ils/sub-cp011/ses-20210408/level-03B_run-002/sub-cp011_ses-20210408_task-ils_stream-lslshimmereda_feat-chunk_level-03B_run-002_dat.csv,True,task-ils/sub-cp011/ses-20210408/level-03B_run-002/sub-cp011_ses-20210408_task-ils_stream-lslshimmeremg_feat-chunk_level-03B_run-002_dat.csv,True,task-ils/sub-cp011/ses-20210408/level-03B_run-002/sub-cp011_ses-20210408_task-ils_stream-lslshimmerresp_feat-chunk_level-03B_run-002_dat.csv,True,task-ils/sub-cp011/ses-20210408/level-03B_run-002/sub-cp011_ses-20210408_task-ils_stream-lslxp11xpcplt_feat-chunk_level-03B_run-002_dat.csv,True,task-ils/sub-cp011/ses-20210408/level-03B_run-002/sub-cp011_ses-20210408_task-ils_stream-lslxp11xpcac_feat-chunk_level-03B_run-002_dat.csv,True,task-ils/sub-cp011/ses-20210408/level-03B_run-002/sub-cp011_ses-20210408_task-ils_stream-lslxp11_feat-perfmetric_level-03B_run-002.csv,True,task-ils/sub-cp011/ses-20210408/level-03B_run-002/sub-cp011_ses-20210408_task-ils_stream-lslshimmertorsoacc_feat-chunk_level-03B_run-002_dat.csv,False,,9,ecg;eda;emg;eye_tracking;head_movement;performance;respiration;torso_body_accelerometer;xplane,control_input,0,,0,
ils,sub-cp011,ses-20210408,level-03B,run-005,sub-cp011_ses-20210408_level-03B_run-005,task-ils/sub-cp011/ses-20210408/level-03B_run-005,18,18,10,10,True,True,task-ils/sub-cp011/ses-20210408/level-03B_run-005/sub-cp011_ses-20210408_ocuevts_level-03B_run-005.csv;task-ils/sub-cp011/ses-20210408/level-03B_run-005/sub-cp011_ses-20210408_task-ils_stream-lslhtcviveeye_feat-chunk_level-03B_run-005_dat.csv,True,task-ils/sub-cp011/ses-20210408/level-03B_run-005/sub-cp011_ses-20210408_task-ils_stream-lslshimmerecg_feat-chunk_level-03B_run-005_dat.csv,True,task-ils/sub-cp011/ses-20210408/level-03B_run-005/sub-cp011_ses-20210408_task-ils_stream-lslshimmereda_feat-chunk_level-03B_run-005_dat.csv,True,task-ils/sub-cp011/ses-20210408/level-03B_run-005/sub-cp011_ses-20210408_task-ils_stream-lslshimmeremg_feat-chunk_level-03B_run-005_dat.csv,True,task-ils/sub-cp011/ses-20210408/level-03B_run-005/sub-cp011_ses-20210408_task-ils_stream-lslshimmerresp_feat-chunk_level-03B_run-005_dat.csv,True,task-ils/sub-cp011/ses-20210408/level-03B_run-005/sub-cp011_ses-20210408_task-ils_stream-lslxp11xpcplt_feat-chunk_level-03B_run-005_dat.csv,True,task-ils/sub-cp011/ses-20210408/level-03B_run-005/sub-cp011_ses-20210408_task-ils_stream-lslxp11xpcac_feat-chunk_level-03B_run-005_dat.csv,True,task-ils/sub-cp011/ses-20210408/level-03B_run-005/sub-cp011_ses-20210408_task-ils_stream-lslxp11_feat-perfmetric_level-03B_run-005.csv,True,task-ils/sub-cp011/ses-20210408/level-03B_run-005/sub-cp011_ses-20210408_task-ils_stream-lslshimmertorsoacc_feat-chunk_level-03B_run-005_dat.csv,False,,9,ecg;eda;emg;eye_tracking;head_movement;performance;respiration;torso_body_accelerometer;xplane,control_input,0,,0,
ils,sub-cp011,ses-20210408,level-03B,run-011,sub-cp011_ses-20210408_level-03B_run-011,task-ils/sub-cp011/ses-20210408/level-03B_run-011,18,18,10,10,True,True,task-ils/sub-cp011/ses-20210408/level-03B_run-011/sub-cp011_ses-20210408_ocuevts_level-03B_run-011.csv;task-ils/sub-cp011/ses-20210408/level-03B_run-011/sub-cp011_ses-20210408_task-ils_stream-lslhtcviveeye_feat-chunk_level-03B_run-011_dat.csv,True,task-ils/sub-cp011/ses-20210408/level-03B_run-011/sub-cp011_ses-20210408_task-ils_stream-lslshimmerecg_feat-chunk_level-03B_run-011_dat.csv,True,task-ils/sub-cp011/ses-20210408/level-03B_run-011/sub-cp011_ses-20210408_task-ils_stream-lslshimmereda_feat-chunk_level-03B_run-011_dat.csv,True,task-ils/sub-cp011/ses-20210408/level-03B_run-011/sub-cp011_ses-20210408_task-ils_stream-lslshimmeremg_feat-chunk_level-03B_run-011_dat.csv,True,task-ils/sub-cp011/ses-20210408/level-03B_run-011/sub-cp011_ses-20210408_task-ils_stream-lslshimmerresp_feat-chunk_level-03B_run-011_dat.csv,True,task-ils/sub-cp011/ses-20210408/level-03B_run-011/sub-cp011_ses-20210408_task-ils_stream-lslxp11xpcplt_feat-chunk_level-03B_run-011_dat.csv,True,task-ils/sub-cp011/ses-20210408/level-03B_run-011/sub-cp011_ses-20210408_task-ils_stream-lslxp11xpcac_feat-chunk_level-03B_run-011_dat.csv,True,task-ils/sub-cp011/ses-20210408/level-03B_run-011/sub-cp011_ses-20210408_task-ils_stream-lslxp11_feat-perfmetric_level-03B_run-011.csv,True,task-ils/sub-cp011/ses-20210408/level-03B_run-011/sub-cp011_ses-20210408_task-ils_stream-lslshimmertorsoacc_feat-chunk_level-03B_run-011_dat.csv,False,,9,ecg;eda;emg;eye_tracking;head_movement;performance;respiration;torso_body_accelerometer;xplane,control_input,0,,0,
ils,sub-cp011,ses-20210408,level-04B,run-004,sub-cp011_ses-20210408_level-04B_run-004,task-ils/sub-cp011/ses-20210408/level-04B_run-004,18,18,10,10,True,True,task-ils/sub-cp011/ses-20210408/level-04B_run-004/sub-cp011_ses-20210408_ocuevts_level-04B_run-004.csv;task-ils/sub-cp011/ses-20210408/level-04B_run-004/sub-cp011_ses-20210408_task-ils_stream-lslhtcviveeye_feat-chunk_level-04B_run-004_dat.csv,True,task-ils/sub-cp011/ses-20210408/level-04B_run-004/sub-cp011_ses-20210408_task-ils_stream-lslshimmerecg_feat-chunk_level-04B_run-004_dat.csv,True,task-ils/sub-cp011/ses-20210408/level-04B_run-004/sub-cp011_ses-20210408_task-ils_stream-lslshimmereda_feat-chunk_level-04B_run-004_dat.csv,True,task-ils/sub-cp011/ses-20210408/level-04B_run-004/sub-cp011_ses-20210408_task-ils_stream-lslshimmeremg_feat-chunk_level-04B_run-004_dat.csv,True,task-ils/sub-cp011/ses-20210408/level-04B_run-004/sub-cp011_ses-20210408_task-ils_stream-lslshimmerresp_feat-chunk_level-04B_run-004_dat.csv,True,task-ils/sub-cp011/ses-20210408/level-04B_run-004/sub-cp011_ses-20210408_task-ils_stream-lslxp11xpcplt_feat-chunk_level-04B_run-004_dat.csv,True,task-ils/sub-cp011/ses-20210408/level-04B_run-004/sub-cp011_ses-20210408_task-ils_stream-lslxp11xpcac_feat-chunk_level-04B_run-004_dat.csv,True,task-ils/sub-cp011/ses-20210408/level-04B_run-004/sub-cp011_ses-20210408_task-ils_stream-lslxp11_feat-perfmetric_level-04B_run-004.csv,True,task-ils/sub-cp011/ses-20210408/level-04B_run-004/sub-cp011_ses-20210408_task-ils_stream-lslshimmertorsoacc_feat-chunk_level-04B_run-004_dat.csv,False,,9,ecg;eda;emg;eye_tracking;head_movement;performance;respiration;torso_body_accelerometer;xplane,control_input,0,,0,
ils,sub-cp011,ses-20210408,level-04B,run-006,sub-cp011_ses-20210408_level-04B_run-006,task-ils/sub-cp011/ses-20210408/level-04B_run-006,18,18,10,10,True,True,task-ils/sub-cp011/ses-20210408/level-04B_run-006/sub-cp011_ses-20210408_ocuevts_level-04B_run-006.csv;task-ils/sub-cp011/ses-20210408/level-04B_run-006/sub-cp011_ses-20210408_task-ils_stream-lslhtcviveeye_feat-chunk_level-04B_run-006_dat.csv,True,task-ils/sub-cp011/ses-20210408/level-04B_run-006/sub-cp011_ses-20210408_task-ils_stream-lslshimmerecg_feat-chunk_level-04B_run-006_dat.csv,True,task-ils/sub-cp011/ses-20210408/level-04B_run-006/sub-cp011_ses-20210408_task-ils_stream-lslshimmereda_feat-chunk_level-04B_run-006_dat.csv,True,task-ils/sub-cp011/ses-20210408/level-04B_run-006/sub-cp011_ses-20210408_task-ils_stream-lslshimmeremg_feat-chunk_level-04B_run-006_dat.csv,True,task-ils/sub-cp011/ses-20210408/level-04B_run-006/sub-cp011_ses-20210408_task-ils_stream-lslshimmerresp_feat-chunk_level-04B_run-006_dat.csv,True,task-ils/sub-cp011/ses-20210408/level-04B_run-006/sub-cp011_ses-20210408_task-ils_stream-lslxp11xpcplt_feat-chunk_level-04B_run-006_dat.csv,True,task-ils/sub-cp011/ses-20210408/level-04B_run-006/sub-cp011_ses-20210408_task-ils_stream-lslxp11xpcac_feat-chunk_level-04B_run-006_dat.csv,True,task-ils/sub-cp011/ses-20210408/level-04B_run-006/sub-cp011_ses-20210408_task-ils_stream-lslxp11_feat-perfmetric_level-04B_run-006.csv,True,task-ils/sub-cp011/ses-20210408/level-04B_run-006/sub-cp011_ses-20210408_task-ils_stream-lslshimmertorsoacc_feat-chunk_level-04B_run-006_dat.csv,False,,9,ecg;eda;emg;eye_tracking;head_movement;performance;respiration;torso_body_accelerometer;xplane,control_input,0,,0,
ils,sub-cp011,ses-20210408,level-04B,run-009,sub-cp011_ses-20210408_level-04B_run-009,task-ils/sub-cp011/ses-20210408/level-04B_run-009,18,18,10,10,True,True,task-ils/sub-cp011/ses-20210408/level-04B_run-009/sub-cp011_ses-20210408_ocuevts_level-04B_run-009.csv;task-ils/sub-cp011/ses-20210408/level-04B_run-009/sub-cp011_ses-20210408_task-ils_stream-lslhtcviveeye_feat-chunk_level-04B_run-009_dat.csv,True,task-ils/sub-cp011/ses-20210408/level-04B_run-009/sub-cp011_ses-20210408_task-ils_stream-lslshimmerecg_feat-chunk_level-04B_run-009_dat.csv,True,task-ils/sub-cp011/ses-20210408/level-04B_run-009/sub-cp011_ses-20210408_task-ils_stream-lslshimmereda_feat-chunk_level-04B_run-009_dat.csv,True,task-ils/sub-cp011/ses-20210408/level-04B_run-009/sub-cp011_ses-20210408_task-ils_stream-lslshimmeremg_feat-chunk_level-04B_run-009_dat.csv,True,task-ils/sub-cp011/ses-20210408/level-04B_run-009/sub-cp011_ses-20210408_task-ils_stream-lslshimmerresp_feat-chunk_level-04B_run-009_dat.csv,True,task-ils/sub-cp011/ses-20210408/level-04B_run-009/sub-cp011_ses-20210408_task-ils_stream-lslxp11xpcplt_feat-chunk_level-04B_run-009_dat.csv,True,task-ils/sub-cp011/ses-20210408/level-04B_run-009/sub-cp011_ses-20210408_task-ils_stream-lslxp11xpcac_feat-chunk_level-04B_run-009_dat.csv,True,task-ils/sub-cp011/ses-20210408/level-04B_run-009/sub-cp011_ses-20210408_task-ils_stream-lslxp11_feat-perfmetric_level-04B_run-009.csv,True,task-ils/sub-cp011/ses-20210408/level-04B_run-009/sub-cp011_ses-20210408_task-ils_stream-lslshimmertorsoacc_feat-chunk_level-04B_run-009_dat.csv,False,,9,ecg;eda;emg;eye_tracking;head_movement;performance;respiration;torso_body_accelerometer;xplane,control_input,0,,0,
ils,sub-cp012,ses-20210723,level-01B,run-001,sub-cp012_ses-20210723_level-01B_run-001,task-ils/sub-cp012/ses-20210723/level-01B_run-001,18,18,10,10,True,True,task-ils/sub-cp012/ses-20210723/level-01B_run-001/sub-cp012_ses-20210723_ocuevts_level-01B_run-001.csv;task-ils/sub-cp012/ses-20210723/level-01B_run-001/sub-cp012_ses-20210723_task-ils_stream-lslhtcviveeye_feat-chunk_level-01B_run-001_dat.csv,True,task-ils/sub-cp012/ses-20210723/level-01B_run-001/sub-cp012_ses-20210723_task-ils_stream-lslshimmerecg_feat-chunk_level-01B_run-001_dat.csv,True,task-ils/sub-cp012/ses-20210723/level-01B_run-001/sub-cp012_ses-20210723_task-ils_stream-lslshimmereda_feat-chunk_level-01B_run-001_dat.csv,True,task-ils/sub-cp012/ses-20210723/level-01B_run-001/sub-cp012_ses-20210723_task-ils_stream-lslshimmeremg_feat-chunk_level-01B_run-001_dat.csv,True,task-ils/sub-cp012/ses-20210723/level-01B_run-001/sub-cp012_ses-20210723_task-ils_stream-lslshimmerresp_feat-chunk_level-01B_run-001_dat.csv,True,task-ils/sub-cp012/ses-20210723/level-01B_run-001/sub-cp012_ses-20210723_task-ils_stream-lslxp11xpcplt_feat-chunk_level-01B_run-001_dat.csv,True,task-ils/sub-cp012/ses-20210723/level-01B_run-001/sub-cp012_ses-20210723_task-ils_stream-lslxp11xpcac_feat-chunk_level-01B_run-001_dat.csv,True,task-ils/sub-cp012/ses-20210723/level-01B_run-001/sub-cp012_ses-20210723_task-ils_stream-lslxp11_feat-perfmetric_level-01B_run-001.csv,True,task-ils/sub-cp012/ses-20210723/level-01B_run-001/sub-cp012_ses-20210723_task-ils_stream-lslshimmertorsoacc_feat-chunk_level-01B_run-001_dat.csv,False,,9,ecg;eda;emg;eye_tracking;head_movement;performance;respiration;torso_body_accelerometer;xplane,control_input,0,,0,
ils,sub-cp012,ses-20210723,level-01B,run-007,sub-cp012_ses-20210723_level-01B_run-007,task-ils/sub-cp012/ses-20210723/level-01B_run-007,18,18,10,10,True,True,task-ils/sub-cp012/ses-20210723/level-01B_run-007/sub-cp012_ses-20210723_ocuevts_level-01B_run-007.csv;task-ils/sub-cp012/ses-20210723/level-01B_run-007/sub-cp012_ses-20210723_task-ils_stream-lslhtcviveeye_feat-chunk_level-01B_run-007_dat.csv,True,task-ils/sub-cp012/ses-20210723/level-01B_run-007/sub-cp012_ses-20210723_task-ils_stream-lslshimmerecg_feat-chunk_level-01B_run-007_dat.csv,True,task-ils/sub-cp012/ses-20210723/level-01B_run-007/sub-cp012_ses-20210723_task-ils_stream-lslshimmereda_feat-chunk_level-01B_run-007_dat.csv,True,task-ils/sub-cp012/ses-20210723/level-01B_run-007/sub-cp012_ses-20210723_task-ils_stream-lslshimmeremg_feat-chunk_level-01B_run-007_dat.csv,True,task-ils/sub-cp012/ses-20210723/level-01B_run-007/sub-cp012_ses-20210723_task-ils_stream-lslshimmerresp_feat-chunk_level-01B_run-007_dat.csv,True,task-ils/sub-cp012/ses-20210723/level-01B_run-007/sub-cp012_ses-20210723_task-ils_stream-lslxp11xpcplt_feat-chunk_level-01B_run-007_dat.csv,True,task-ils/sub-cp012/ses-20210723/level-01B_run-007/sub-cp012_ses-20210723_task-ils_stream-lslxp11xpcac_feat-chunk_level-01B_run-007_dat.csv,True,task-ils/sub-cp012/ses-20210723/level-01B_run-007/sub-cp012_ses-20210723_task-ils_stream-lslxp11_feat-perfmetric_level-01B_run-007.csv,True,task-ils/sub-cp012/ses-20210723/level-01B_run-007/sub-cp012_ses-20210723_task-ils_stream-lslshimmertorsoacc_feat-chunk_level-01B_run-007_dat.csv,False,,9,ecg;eda;emg;eye_tracking;head_movement;performance;respiration;torso_body_accelerometer;xplane,control_input,0,,0,
ils,sub-cp012,ses-20210723,level-01B,run-012,sub-cp012_ses-20210723_level-01B_run-012,task-ils/sub-cp012/ses-20210723/level-01B_run-012,18,18,10,10,True,True,task-ils/sub-cp012/ses-20210723/level-01B_run-012/sub-cp012_ses-20210723_ocuevts_level-01B_run-012.csv;task-ils/sub-cp012/ses-20210723/level-01B_run-012/sub-cp012_ses-20210723_task-ils_stream-lslhtcviveeye_feat-chunk_level-01B_run-012_dat.csv,True,task-ils/sub-cp012/ses-20210723/level-01B_run-012/sub-cp012_ses-20210723_task-ils_stream-lslshimmerecg_feat-chunk_level-01B_run-012_dat.csv,True,task-ils/sub-cp012/ses-20210723/level-01B_run-012/sub-cp012_ses-20210723_task-ils_stream-lslshimmereda_feat-chunk_level-01B_run-012_dat.csv,True,task-ils/sub-cp012/ses-20210723/level-01B_run-012/sub-cp012_ses-20210723_task-ils_stream-lslshimmeremg_feat-chunk_level-01B_run-012_dat.csv,True,task-ils/sub-cp012/ses-20210723/level-01B_run-012/sub-cp012_ses-20210723_task-ils_stream-lslshimmerresp_feat-chunk_level-01B_run-012_dat.csv,True,task-ils/sub-cp012/ses-20210723/level-01B_run-012/sub-cp012_ses-20210723_task-ils_stream-lslxp11xpcplt_feat-chunk_level-01B_run-012_dat.csv,True,task-ils/sub-cp012/ses-20210723/level-01B_run-012/sub-cp012_ses-20210723_task-ils_stream-lslxp11xpcac_feat-chunk_level-01B_run-012_dat.csv,True,task-ils/sub-cp012/ses-20210723/level-01B_run-012/sub-cp012_ses-20210723_task-ils_stream-lslxp11_feat-perfmetric_level-01B_run-012.csv,True,task-ils/sub-cp012/ses-20210723/level-01B_run-012/sub-cp012_ses-20210723_task-ils_stream-lslshimmertorsoacc_feat-chunk_level-01B_run-012_dat.csv,False,,9,ecg;eda;emg;eye_tracking;head_movement;performance;respiration;torso_body_accelerometer;xplane,control_input,0,,0,
ils,sub-cp012,ses-20210723,level-02B,run-003,sub-cp012_ses-20210723_level-02B_run-003,task-ils/sub-cp012/ses-20210723/level-02B_run-003,18,18,10,10,True,True,task-ils/sub-cp012/ses-20210723/level-02B_run-003/sub-cp012_ses-20210723_ocuevts_level-02B_run-003.csv;task-ils/sub-cp012/ses-20210723/level-02B_run-003/sub-cp012_ses-20210723_task-ils_stream-lslhtcviveeye_feat-chunk_level-02B_run-003_dat.csv,True,task-ils/sub-cp012/ses-20210723/level-02B_run-003/sub-cp012_ses-20210723_task-ils_stream-lslshimmerecg_feat-chunk_level-02B_run-003_dat.csv,True,task-ils/sub-cp012/ses-20210723/level-02B_run-003/sub-cp012_ses-20210723_task-ils_stream-lslshimmereda_feat-chunk_level-02B_run-003_dat.csv,True,task-ils/sub-cp012/ses-20210723/level-02B_run-003/sub-cp012_ses-20210723_task-ils_stream-lslshimmeremg_feat-chunk_level-02B_run-003_dat.csv,True,task-ils/sub-cp012/ses-20210723/level-02B_run-003/sub-cp012_ses-20210723_task-ils_stream-lslshimmerresp_feat-chunk_level-02B_run-003_dat.csv,True,task-ils/sub-cp012/ses-20210723/level-02B_run-003/sub-cp012_ses-20210723_task-ils_stream-lslxp11xpcplt_feat-chunk_level-02B_run-003_dat.csv,True,task-ils/sub-cp012/ses-20210723/level-02B_run-003/sub-cp012_ses-20210723_task-ils_stream-lslxp11xpcac_feat-chunk_level-02B_run-003_dat.csv,True,task-ils/sub-cp012/ses-20210723/level-02B_run-003/sub-cp012_ses-20210723_task-ils_stream-lslxp11_feat-perfmetric_level-02B_run-003.csv,True,task-ils/sub-cp012/ses-20210723/level-02B_run-003/sub-cp012_ses-20210723_task-ils_stream-lslshimmertorsoacc_feat-chunk_level-02B_run-003_dat.csv,False,,9,ecg;eda;emg;eye_tracking;head_movement;performance;respiration;torso_body_accelerometer;xplane,control_input,0,,0,
ils,sub-cp012,ses-20210723,level-02B,run-008,sub-cp012_ses-20210723_level-02B_run-008,task-ils/sub-cp012/ses-20210723/level-02B_run-008,18,18,10,10,True,True,task-ils/sub-cp012/ses-20210723/level-02B_run-008/sub-cp012_ses-20210723_ocuevts_level-02B_run-008.csv;task-ils/sub-cp012/ses-20210723/level-02B_run-008/sub-cp012_ses-20210723_task-ils_stream-lslhtcviveeye_feat-chunk_level-02B_run-008_dat.csv,True,task-ils/sub-cp012/ses-20210723/level-02B_run-008/sub-cp012_ses-20210723_task-ils_stream-lslshimmerecg_feat-chunk_level-02B_run-008_dat.csv,True,task-ils/sub-cp012/ses-20210723/level-02B_run-008/sub-cp012_ses-20210723_task-ils_stream-lslshimmereda_feat-chunk_level-02B_run-008_dat.csv,True,task-ils/sub-cp012/ses-20210723/level-02B_run-008/sub-cp012_ses-20210723_task-ils_stream-lslshimmeremg_feat-chunk_level-02B_run-008_dat.csv,True,task-ils/sub-cp012/ses-20210723/level-02B_run-008/sub-cp012_ses-20210723_task-ils_stream-lslshimmerresp_feat-chunk_level-02B_run-008_dat.csv,True,task-ils/sub-cp012/ses-20210723/level-02B_run-008/sub-cp012_ses-20210723_task-ils_stream-lslxp11xpcplt_feat-chunk_level-02B_run-008_dat.csv,True,task-ils/sub-cp012/ses-20210723/level-02B_run-008/sub-cp012_ses-20210723_task-ils_stream-lslxp11xpcac_feat-chunk_level-02B_run-008_dat.csv,True,task-ils/sub-cp012/ses-20210723/level-02B_run-008/sub-cp012_ses-20210723_task-ils_stream-lslxp11_feat-perfmetric_level-02B_run-008.csv,True,task-ils/sub-cp012/ses-20210723/level-02B_run-008/sub-cp012_ses-20210723_task-ils_stream-lslshimmertorsoacc_feat-chunk_level-02B_run-008_dat.csv,False,,9,ecg;eda;emg;eye_tracking;head_movement;performance;respiration;torso_body_accelerometer;xplane,control_input,0,,0,
ils,sub-cp012,ses-20210723,level-02B,run-010,sub-cp012_ses-20210723_level-02B_run-010,task-ils/sub-cp012/ses-20210723/level-02B_run-010,18,18,10,10,True,True,task-ils/sub-cp012/ses-20210723/level-02B_run-010/sub-cp012_ses-20210723_ocuevts_level-02B_run-010.csv;task-ils/sub-cp012/ses-20210723/level-02B_run-010/sub-cp012_ses-20210723_task-ils_stream-lslhtcviveeye_feat-chunk_level-02B_run-010_dat.csv,True,task-ils/sub-cp012/ses-20210723/level-02B_run-010/sub-cp012_ses-20210723_task-ils_stream-lslshimmerecg_feat-chunk_level-02B_run-010_dat.csv,True,task-ils/sub-cp012/ses-20210723/level-02B_run-010/sub-cp012_ses-20210723_task-ils_stream-lslshimmereda_feat-chunk_level-02B_run-010_dat.csv,True,task-ils/sub-cp012/ses-20210723/level-02B_run-010/sub-cp012_ses-20210723_task-ils_stream-lslshimmeremg_feat-chunk_level-02B_run-010_dat.csv,True,task-ils/sub-cp012/ses-20210723/level-02B_run-010/sub-cp012_ses-20210723_task-ils_stream-lslshimmerresp_feat-chunk_level-02B_run-010_dat.csv,True,task-ils/sub-cp012/ses-20210723/level-02B_run-010/sub-cp012_ses-20210723_task-ils_stream-lslxp11xpcplt_feat-chunk_level-02B_run-010_dat.csv,True,task-ils/sub-cp012/ses-20210723/level-02B_run-010/sub-cp012_ses-20210723_task-ils_stream-lslxp11xpcac_feat-chunk_level-02B_run-010_dat.csv,True,task-ils/sub-cp012/ses-20210723/level-02B_run-010/sub-cp012_ses-20210723_task-ils_stream-lslxp11_feat-perfmetric_level-02B_run-010.csv,True,task-ils/sub-cp012/ses-20210723/level-02B_run-010/sub-cp012_ses-20210723_task-ils_stream-lslshimmertorsoacc_feat-chunk_level-02B_run-010_dat.csv,False,,9,ecg;eda;emg;eye_tracking;head_movement;performance;respiration;torso_body_accelerometer;xplane,control_input,0,,0,
ils,sub-cp012,ses-20210723,level-03B,run-002,sub-cp012_ses-20210723_level-03B_run-002,task-ils/sub-cp012/ses-20210723/level-03B_run-002,18,18,10,10,True,True,task-ils/sub-cp012/ses-20210723/level-03B_run-002/sub-cp012_ses-20210723_ocuevts_level-03B_run-002.csv;task-ils/sub-cp012/ses-20210723/level-03B_run-002/sub-cp012_ses-20210723_task-ils_stream-lslhtcviveeye_feat-chunk_level-03B_run-002_dat.csv,True,task-ils/sub-cp012/ses-20210723/level-03B_run-002/sub-cp012_ses-20210723_task-ils_stream-lslshimmerecg_feat-chunk_level-03B_run-002_dat.csv,True,task-ils/sub-cp012/ses-20210723/level-03B_run-002/sub-cp012_ses-20210723_task-ils_stream-lslshimmereda_feat-chunk_level-03B_run-002_dat.csv,True,task-ils/sub-cp012/ses-20210723/level-03B_run-002/sub-cp012_ses-20210723_task-ils_stream-lslshimmeremg_feat-chunk_level-03B_run-002_dat.csv,True,task-ils/sub-cp012/ses-20210723/level-03B_run-002/sub-cp012_ses-20210723_task-ils_stream-lslshimmerresp_feat-chunk_level-03B_run-002_dat.csv,True,task-ils/sub-cp012/ses-20210723/level-03B_run-002/sub-cp012_ses-20210723_task-ils_stream-lslxp11xpcplt_feat-chunk_level-03B_run-002_dat.csv,True,task-ils/sub-cp012/ses-20210723/level-03B_run-002/sub-cp012_ses-20210723_task-ils_stream-lslxp11xpcac_feat-chunk_level-03B_run-002_dat.csv,True,task-ils/sub-cp012/ses-20210723/level-03B_run-002/sub-cp012_ses-20210723_task-ils_stream-lslxp11_feat-perfmetric_level-03B_run-002.csv,True,task-ils/sub-cp012/ses-20210723/level-03B_run-002/sub-cp012_ses-20210723_task-ils_stream-lslshimmertorsoacc_feat-chunk_level-03B_run-002_dat.csv,False,,9,ecg;eda;emg;eye_tracking;head_movement;performance;respiration;torso_body_accelerometer;xplane,control_input,0,,0,
ils,sub-cp012,ses-20210723,level-03B,run-005,sub-cp012_ses-20210723_level-03B_run-005,task-ils/sub-cp012/ses-20210723/level-03B_run-005,18,18,10,10,True,True,task-ils/sub-cp012/ses-20210723/level-03B_run-005/sub-cp012_ses-20210723_ocuevts_level-03B_run-005.csv;task-ils/sub-cp012/ses-20210723/level-03B_run-005/sub-cp012_ses-20210723_task-ils_stream-lslhtcviveeye_feat-chunk_level-03B_run-005_dat.csv,True,task-ils/sub-cp012/ses-20210723/level-03B_run-005/sub-cp012_ses-20210723_task-ils_stream-lslshimmerecg_feat-chunk_level-03B_run-005_dat.csv,True,task-ils/sub-cp012/ses-20210723/level-03B_run-005/sub-cp012_ses-20210723_task-ils_stream-lslshimmereda_feat-chunk_level-03B_run-005_dat.csv,True,task-ils/sub-cp012/ses-20210723/level-03B_run-005/sub-cp012_ses-20210723_task-ils_stream-lslshimmeremg_feat-chunk_level-03B_run-005_dat.csv,True,task-ils/sub-cp012/ses-20210723/level-03B_run-005/sub-cp012_ses-20210723_task-ils_stream-lslshimmerresp_feat-chunk_level-03B_run-005_dat.csv,True,task-ils/sub-cp012/ses-20210723/level-03B_run-005/sub-cp012_ses-20210723_task-ils_stream-lslxp11xpcplt_feat-chunk_level-03B_run-005_dat.csv,True,task-ils/sub-cp012/ses-20210723/level-03B_run-005/sub-cp012_ses-20210723_task-ils_stream-lslxp11xpcac_feat-chunk_level-03B_run-005_dat.csv,True,task-ils/sub-cp012/ses-20210723/level-03B_run-005/sub-cp012_ses-20210723_task-ils_stream-lslxp11_feat-perfmetric_level-03B_run-005.csv,True,task-ils/sub-cp012/ses-20210723/level-03B_run-005/sub-cp012_ses-20210723_task-ils_stream-lslshimmertorsoacc_feat-chunk_level-03B_run-005_dat.csv,False,,9,ecg;eda;emg;eye_tracking;head_movement;performance;respiration;torso_body_accelerometer;xplane,control_input,0,,0,
ils,sub-cp012,ses-20210723,level-03B,run-011,sub-cp012_ses-20210723_level-03B_run-011,task-ils/sub-cp012/ses-20210723/level-03B_run-011,18,18,10,10,True,True,task-ils/sub-cp012/ses-20210723/level-03B_run-011/sub-cp012_ses-20210723_ocuevts_level-03B_run-011.csv;task-ils/sub-cp012/ses-20210723/level-03B_run-011/sub-cp012_ses-20210723_task-ils_stream-lslhtcviveeye_feat-chunk_level-03B_run-011_dat.csv,True,task-ils/sub-cp012/ses-20210723/level-03B_run-011/sub-cp012_ses-20210723_task-ils_stream-lslshimmerecg_feat-chunk_level-03B_run-011_dat.csv,True,task-ils/sub-cp012/ses-20210723/level-03B_run-011/sub-cp012_ses-20210723_task-ils_stream-lslshimmereda_feat-chunk_level-03B_run-011_dat.csv,True,task-ils/sub-cp012/ses-20210723/level-03B_run-011/sub-cp012_ses-20210723_task-ils_stream-lslshimmeremg_feat-chunk_level-03B_run-011_dat.csv,True,task-ils/sub-cp012/ses-20210723/level-03B_run-011/sub-cp012_ses-20210723_task-ils_stream-lslshimmerresp_feat-chunk_level-03B_run-011_dat.csv,True,task-ils/sub-cp012/ses-20210723/level-03B_run-011/sub-cp012_ses-20210723_task-ils_stream-lslxp11xpcplt_feat-chunk_level-03B_run-011_dat.csv,True,task-ils/sub-cp012/ses-20210723/level-03B_run-011/sub-cp012_ses-20210723_task-ils_stream-lslxp11xpcac_feat-chunk_level-03B_run-011_dat.csv,True,task-ils/sub-cp012/ses-20210723/level-03B_run-011/sub-cp012_ses-20210723_task-ils_stream-lslxp11_feat-perfmetric_level-03B_run-011.csv,True,task-ils/sub-cp012/ses-20210723/level-03B_run-011/sub-cp012_ses-20210723_task-ils_stream-lslshimmertorsoacc_feat-chunk_level-03B_run-011_dat.csv,False,,9,ecg;eda;emg;eye_tracking;head_movement;performance;respiration;torso_body_accelerometer;xplane,control_input,0,,0,
ils,sub-cp012,ses-20210723,level-04B,run-004,sub-cp012_ses-20210723_level-04B_run-004,task-ils/sub-cp012/ses-20210723/level-04B_run-004,18,18,10,10,True,True,task-ils/sub-cp012/ses-20210723/level-04B_run-004/sub-cp012_ses-20210723_ocuevts_level-04B_run-004.csv;task-ils/sub-cp012/ses-20210723/level-04B_run-004/sub-cp012_ses-20210723_task-ils_stream-lslhtcviveeye_feat-chunk_level-04B_run-004_dat.csv,True,task-ils/sub-cp012/ses-20210723/level-04B_run-004/sub-cp012_ses-20210723_task-ils_stream-lslshimmerecg_feat-chunk_level-04B_run-004_dat.csv,True,task-ils/sub-cp012/ses-20210723/level-04B_run-004/sub-cp012_ses-20210723_task-ils_stream-lslshimmereda_feat-chunk_level-04B_run-004_dat.csv,True,task-ils/sub-cp012/ses-20210723/level-04B_run-004/sub-cp012_ses-20210723_task-ils_stream-lslshimmeremg_feat-chunk_level-04B_run-004_dat.csv,True,task-ils/sub-cp012/ses-20210723/level-04B_run-004/sub-cp012_ses-20210723_task-ils_stream-lslshimmerresp_feat-chunk_level-04B_run-004_dat.csv,True,task-ils/sub-cp012/ses-20210723/level-04B_run-004/sub-cp012_ses-20210723_task-ils_stream-lslxp11xpcplt_feat-chunk_level-04B_run-004_dat.csv,True,task-ils/sub-cp012/ses-20210723/level-04B_run-004/sub-cp012_ses-20210723_task-ils_stream-lslxp11xpcac_feat-chunk_level-04B_run-004_dat.csv,True,task-ils/sub-cp012/ses-20210723/level-04B_run-004/sub-cp012_ses-20210723_task-ils_stream-lslxp11_feat-perfmetric_level-04B_run-004.csv,True,task-ils/sub-cp012/ses-20210723/level-04B_run-004/sub-cp012_ses-20210723_task-ils_stream-lslshimmertorsoacc_feat-chunk_level-04B_run-004_dat.csv,False,,9,ecg;eda;emg;eye_tracking;head_movement;performance;respiration;torso_body_accelerometer;xplane,control_input,0,,0,
ils,sub-cp012,ses-20210723,level-04B,run-006,sub-cp012_ses-20210723_level-04B_run-006,task-ils/sub-cp012/ses-20210723/level-04B_run-006,18,18,10,10,True,True,task-ils/sub-cp012/ses-20210723/level-04B_run-006/sub-cp012_ses-20210723_ocuevts_level-04B_run-006.csv;task-ils/sub-cp012/ses-20210723/level-04B_run-006/sub-cp012_ses-20210723_task-ils_stream-lslhtcviveeye_feat-chunk_level-04B_run-006_dat.csv,True,task-ils/sub-cp012/ses-20210723/level-04B_run-006/sub-cp012_ses-20210723_task-ils_stream-lslshimmerecg_feat-chunk_level-04B_run-006_dat.csv,True,task-ils/sub-cp012/ses-20210723/level-04B_run-006/sub-cp012_ses-20210723_task-ils_stream-lslshimmereda_feat-chunk_level-04B_run-006_dat.csv,True,task-ils/sub-cp012/ses-20210723/level-04B_run-006/sub-cp012_ses-20210723_task-ils_stream-lslshimmeremg_feat-chunk_level-04B_run-006_dat.csv,True,task-ils/sub-cp012/ses-20210723/level-04B_run-006/sub-cp012_ses-20210723_task-ils_stream-lslshimmerresp_feat-chunk_level-04B_run-006_dat.csv,True,task-ils/sub-cp012/ses-20210723/level-04B_run-006/sub-cp012_ses-20210723_task-ils_stream-lslxp11xpcplt_feat-chunk_level-04B_run-006_dat.csv,True,task-ils/sub-cp012/ses-20210723/level-04B_run-006/sub-cp012_ses-20210723_task-ils_stream-lslxp11xpcac_feat-chunk_level-04B_run-006_dat.csv,True,task-ils/sub-cp012/ses-20210723/level-04B_run-006/sub-cp012_ses-20210723_task-ils_stream-lslxp11_feat-perfmetric_level-04B_run-006.csv,True,task-ils/sub-cp012/ses-20210723/level-04B_run-006/sub-cp012_ses-20210723_task-ils_stream-lslshimmertorsoacc_feat-chunk_level-04B_run-006_dat.csv,False,,9,ecg;eda;emg;eye_tracking;head_movement;performance;respiration;torso_body_accelerometer;xplane,control_input,0,,0,
ils,sub-cp012,ses-20210723,level-04B,run-009,sub-cp012_ses-20210723_level-04B_run-009,task-ils/sub-cp012/ses-20210723/level-04B_run-009,18,18,10,10,True,True,task-ils/sub-cp012/ses-20210723/level-04B_run-009/sub-cp012_ses-20210723_ocuevts_level-04B_run-009.csv;task-ils/sub-cp012/ses-20210723/level-04B_run-009/sub-cp012_ses-20210723_task-ils_stream-lslhtcviveeye_feat-chunk_level-04B_run-009_dat.csv,True,task-ils/sub-cp012/ses-20210723/level-04B_run-009/sub-cp012_ses-20210723_task-ils_stream-lslshimmerecg_feat-chunk_level-04B_run-009_dat.csv,True,task-ils/sub-cp012/ses-20210723/level-04B_run-009/sub-cp012_ses-20210723_task-ils_stream-lslshimmereda_feat-chunk_level-04B_run-009_dat.csv,True,task-ils/sub-cp012/ses-20210723/level-04B_run-009/sub-cp012_ses-20210723_task-ils_stream-lslshimmeremg_feat-chunk_level-04B_run-009_dat.csv,True,task-ils/sub-cp012/ses-20210723/level-04B_run-009/sub-cp012_ses-20210723_task-ils_stream-lslshimmerresp_feat-chunk_level-04B_run-009_dat.csv,True,task-ils/sub-cp012/ses-20210723/level-04B_run-009/sub-cp012_ses-20210723_task-ils_stream-lslxp11xpcplt_feat-chunk_level-04B_run-009_dat.csv,True,task-ils/sub-cp012/ses-20210723/level-04B_run-009/sub-cp012_ses-20210723_task-ils_stream-lslxp11xpcac_feat-chunk_level-04B_run-009_dat.csv,True,task-ils/sub-cp012/ses-20210723/level-04B_run-009/sub-cp012_ses-20210723_task-ils_stream-lslxp11_feat-perfmetric_level-04B_run-009.csv,True,task-ils/sub-cp012/ses-20210723/level-04B_run-009/sub-cp012_ses-20210723_task-ils_stream-lslshimmertorsoacc_feat-chunk_level-04B_run-009_dat.csv,False,,9,ecg;eda;emg;eye_tracking;head_movement;performance;respiration;torso_body_accelerometer;xplane,control_input,0,,0,
ils,sub-cp013,ses-20210319,level-01B,run-001,sub-cp013_ses-20210319_level-01B_run-001,task-ils/sub-cp013/ses-20210319/level-01B_run-001,18,18,10,10,True,True,task-ils/sub-cp013/ses-20210319/level-01B_run-001/sub-cp013_ses-20210319_ocuevts_level-01B_run-001.csv;task-ils/sub-cp013/ses-20210319/level-01B_run-001/sub-cp013_ses-20210319_task-ils_stream-lslhtcviveeye_feat-chunk_level-01B_run-001_dat.csv,True,task-ils/sub-cp013/ses-20210319/level-01B_run-001/sub-cp013_ses-20210319_task-ils_stream-lslshimmerecg_feat-chunk_level-01B_run-001_dat.csv,True,task-ils/sub-cp013/ses-20210319/level-01B_run-001/sub-cp013_ses-20210319_task-ils_stream-lslshimmereda_feat-chunk_level-01B_run-001_dat.csv,True,task-ils/sub-cp013/ses-20210319/level-01B_run-001/sub-cp013_ses-20210319_task-ils_stream-lslshimmeremg_feat-chunk_level-01B_run-001_dat.csv,True,task-ils/sub-cp013/ses-20210319/level-01B_run-001/sub-cp013_ses-20210319_task-ils_stream-lslshimmerresp_feat-chunk_level-01B_run-001_dat.csv,True,task-ils/sub-cp013/ses-20210319/level-01B_run-001/sub-cp013_ses-20210319_task-ils_stream-lslxp11xpcplt_feat-chunk_level-01B_run-001_dat.csv,True,task-ils/sub-cp013/ses-20210319/level-01B_run-001/sub-cp013_ses-20210319_task-ils_stream-lslxp11xpcac_feat-chunk_level-01B_run-001_dat.csv,True,task-ils/sub-cp013/ses-20210319/level-01B_run-001/sub-cp013_ses-20210319_task-ils_stream-lslxp11_feat-perfmetric_level-01B_run-001.csv,True,task-ils/sub-cp013/ses-20210319/level-01B_run-001/sub-cp013_ses-20210319_task-ils_stream-lslshimmertorsoacc_feat-chunk_level-01B_run-001_dat.csv,False,,9,ecg;eda;emg;eye_tracking;head_movement;performance;respiration;torso_body_accelerometer;xplane,control_input,0,,0,
ils,sub-cp013,ses-20210319,level-01B,run-007,sub-cp013_ses-20210319_level-01B_run-007,task-ils/sub-cp013/ses-20210319/level-01B_run-007,18,18,10,10,True,True,task-ils/sub-cp013/ses-20210319/level-01B_run-007/sub-cp013_ses-20210319_ocuevts_level-01B_run-007.csv;task-ils/sub-cp013/ses-20210319/level-01B_run-007/sub-cp013_ses-20210319_task-ils_stream-lslhtcviveeye_feat-chunk_level-01B_run-007_dat.csv,True,task-ils/sub-cp013/ses-20210319/level-01B_run-007/sub-cp013_ses-20210319_task-ils_stream-lslshimmerecg_feat-chunk_level-01B_run-007_dat.csv,True,task-ils/sub-cp013/ses-20210319/level-01B_run-007/sub-cp013_ses-20210319_task-ils_stream-lslshimmereda_feat-chunk_level-01B_run-007_dat.csv,True,task-ils/sub-cp013/ses-20210319/level-01B_run-007/sub-cp013_ses-20210319_task-ils_stream-lslshimmeremg_feat-chunk_level-01B_run-007_dat.csv,True,task-ils/sub-cp013/ses-20210319/level-01B_run-007/sub-cp013_ses-20210319_task-ils_stream-lslshimmerresp_feat-chunk_level-01B_run-007_dat.csv,True,task-ils/sub-cp013/ses-20210319/level-01B_run-007/sub-cp013_ses-20210319_task-ils_stream-lslxp11xpcplt_feat-chunk_level-01B_run-007_dat.csv,True,task-ils/sub-cp013/ses-20210319/level-01B_run-007/sub-cp013_ses-20210319_task-ils_stream-lslxp11xpcac_feat-chunk_level-01B_run-007_dat.csv,True,task-ils/sub-cp013/ses-20210319/level-01B_run-007/sub-cp013_ses-20210319_task-ils_stream-lslxp11_feat-perfmetric_level-01B_run-007.csv,True,task-ils/sub-cp013/ses-20210319/level-01B_run-007/sub-cp013_ses-20210319_task-ils_stream-lslshimmertorsoacc_feat-chunk_level-01B_run-007_dat.csv,False,,9,ecg;eda;emg;eye_tracking;head_movement;performance;respiration;torso_body_accelerometer;xplane,control_input,0,,0,
ils,sub-cp013,ses-20210319,level-01B,run-012,sub-cp013_ses-20210319_level-01B_run-012,task-ils/sub-cp013/ses-20210319/level-01B_run-012,18,18,10,10,True,True,task-ils/sub-cp013/ses-20210319/level-01B_run-012/sub-cp013_ses-20210319_ocuevts_level-01B_run-012.csv;task-ils/sub-cp013/ses-20210319/level-01B_run-012/sub-cp013_ses-20210319_task-ils_stream-lslhtcviveeye_feat-chunk_level-01B_run-012_dat.csv,True,task-ils/sub-cp013/ses-20210319/level-01B_run-012/sub-cp013_ses-20210319_task-ils_stream-lslshimmerecg_feat-chunk_level-01B_run-012_dat.csv,True,task-ils/sub-cp013/ses-20210319/level-01B_run-012/sub-cp013_ses-20210319_task-ils_stream-lslshimmereda_feat-chunk_level-01B_run-012_dat.csv,True,task-ils/sub-cp013/ses-20210319/level-01B_run-012/sub-cp013_ses-20210319_task-ils_stream-lslshimmeremg_feat-chunk_level-01B_run-012_dat.csv,True,task-ils/sub-cp013/ses-20210319/level-01B_run-012/sub-cp013_ses-20210319_task-ils_stream-lslshimmerresp_feat-chunk_level-01B_run-012_dat.csv,True,task-ils/sub-cp013/ses-20210319/level-01B_run-012/sub-cp013_ses-20210319_task-ils_stream-lslxp11xpcplt_feat-chunk_level-01B_run-012_dat.csv,True,task-ils/sub-cp013/ses-20210319/level-01B_run-012/sub-cp013_ses-20210319_task-ils_stream-lslxp11xpcac_feat-chunk_level-01B_run-012_dat.csv,True,task-ils/sub-cp013/ses-20210319/level-01B_run-012/sub-cp013_ses-20210319_task-ils_stream-lslxp11_feat-perfmetric_level-01B_run-012.csv,True,task-ils/sub-cp013/ses-20210319/level-01B_run-012/sub-cp013_ses-20210319_task-ils_stream-lslshimmertorsoacc_feat-chunk_level-01B_run-012_dat.csv,False,,9,ecg;eda;emg;eye_tracking;head_movement;performance;respiration;torso_body_accelerometer;xplane,control_input,0,,0,
ils,sub-cp013,ses-20210319,level-02B,run-003,sub-cp013_ses-20210319_level-02B_run-003,task-ils/sub-cp013/ses-20210319/level-02B_run-003,18,18,10,10,True,True,task-ils/sub-cp013/ses-20210319/level-02B_run-003/sub-cp013_ses-20210319_ocuevts_level-02B_run-003.csv;task-ils/sub-cp013/ses-20210319/level-02B_run-003/sub-cp013_ses-20210319_task-ils_stream-lslhtcviveeye_feat-chunk_level-02B_run-003_dat.csv,True,task-ils/sub-cp013/ses-20210319/level-02B_run-003/sub-cp013_ses-20210319_task-ils_stream-lslshimmerecg_feat-chunk_level-02B_run-003_dat.csv,True,task-ils/sub-cp013/ses-20210319/level-02B_run-003/sub-cp013_ses-20210319_task-ils_stream-lslshimmereda_feat-chunk_level-02B_run-003_dat.csv,True,task-ils/sub-cp013/ses-20210319/level-02B_run-003/sub-cp013_ses-20210319_task-ils_stream-lslshimmeremg_feat-chunk_level-02B_run-003_dat.csv,True,task-ils/sub-cp013/ses-20210319/level-02B_run-003/sub-cp013_ses-20210319_task-ils_stream-lslshimmerresp_feat-chunk_level-02B_run-003_dat.csv,True,task-ils/sub-cp013/ses-20210319/level-02B_run-003/sub-cp013_ses-20210319_task-ils_stream-lslxp11xpcplt_feat-chunk_level-02B_run-003_dat.csv,True,task-ils/sub-cp013/ses-20210319/level-02B_run-003/sub-cp013_ses-20210319_task-ils_stream-lslxp11xpcac_feat-chunk_level-02B_run-003_dat.csv,True,task-ils/sub-cp013/ses-20210319/level-02B_run-003/sub-cp013_ses-20210319_task-ils_stream-lslxp11_feat-perfmetric_level-02B_run-003.csv,True,task-ils/sub-cp013/ses-20210319/level-02B_run-003/sub-cp013_ses-20210319_task-ils_stream-lslshimmertorsoacc_feat-chunk_level-02B_run-003_dat.csv,False,,9,ecg;eda;emg;eye_tracking;head_movement;performance;respiration;torso_body_accelerometer;xplane,control_input,0,,0,
ils,sub-cp013,ses-20210319,level-02B,run-008,sub-cp013_ses-20210319_level-02B_run-008,task-ils/sub-cp013/ses-20210319/level-02B_run-008,18,18,10,10,True,True,task-ils/sub-cp013/ses-20210319/level-02B_run-008/sub-cp013_ses-20210319_ocuevts_level-02B_run-008.csv;task-ils/sub-cp013/ses-20210319/level-02B_run-008/sub-cp013_ses-20210319_task-ils_stream-lslhtcviveeye_feat-chunk_level-02B_run-008_dat.csv,True,task-ils/sub-cp013/ses-20210319/level-02B_run-008/sub-cp013_ses-20210319_task-ils_stream-lslshimmerecg_feat-chunk_level-02B_run-008_dat.csv,True,task-ils/sub-cp013/ses-20210319/level-02B_run-008/sub-cp013_ses-20210319_task-ils_stream-lslshimmereda_feat-chunk_level-02B_run-008_dat.csv,True,task-ils/sub-cp013/ses-20210319/level-02B_run-008/sub-cp013_ses-20210319_task-ils_stream-lslshimmeremg_feat-chunk_level-02B_run-008_dat.csv,True,task-ils/sub-cp013/ses-20210319/level-02B_run-008/sub-cp013_ses-20210319_task-ils_stream-lslshimmerresp_feat-chunk_level-02B_run-008_dat.csv,True,task-ils/sub-cp013/ses-20210319/level-02B_run-008/sub-cp013_ses-20210319_task-ils_stream-lslxp11xpcplt_feat-chunk_level-02B_run-008_dat.csv,True,task-ils/sub-cp013/ses-20210319/level-02B_run-008/sub-cp013_ses-20210319_task-ils_stream-lslxp11xpcac_feat-chunk_level-02B_run-008_dat.csv,True,task-ils/sub-cp013/ses-20210319/level-02B_run-008/sub-cp013_ses-20210319_task-ils_stream-lslxp11_feat-perfmetric_level-02B_run-008.csv,True,task-ils/sub-cp013/ses-20210319/level-02B_run-008/sub-cp013_ses-20210319_task-ils_stream-lslshimmertorsoacc_feat-chunk_level-02B_run-008_dat.csv,False,,9,ecg;eda;emg;eye_tracking;head_movement;performance;respiration;torso_body_accelerometer;xplane,control_input,0,,0,
ils,sub-cp013,ses-20210319,level-02B,run-010,sub-cp013_ses-20210319_level-02B_run-010,task-ils/sub-cp013/ses-20210319/level-02B_run-010,18,18,10,10,True,True,task-ils/sub-cp013/ses-20210319/level-02B_run-010/sub-cp013_ses-20210319_ocuevts_level-02B_run-010.csv;task-ils/sub-cp013/ses-20210319/level-02B_run-010/sub-cp013_ses-20210319_task-ils_stream-lslhtcviveeye_feat-chunk_level-02B_run-010_dat.csv,True,task-ils/sub-cp013/ses-20210319/level-02B_run-010/sub-cp013_ses-20210319_task-ils_stream-lslshimmerecg_feat-chunk_level-02B_run-010_dat.csv,True,task-ils/sub-cp013/ses-20210319/level-02B_run-010/sub-cp013_ses-20210319_task-ils_stream-lslshimmereda_feat-chunk_level-02B_run-010_dat.csv,True,task-ils/sub-cp013/ses-20210319/level-02B_run-010/sub-cp013_ses-20210319_task-ils_stream-lslshimmeremg_feat-chunk_level-02B_run-010_dat.csv,True,task-ils/sub-cp013/ses-20210319/level-02B_run-010/sub-cp013_ses-20210319_task-ils_stream-lslshimmerresp_feat-chunk_level-02B_run-010_dat.csv,True,task-ils/sub-cp013/ses-20210319/level-02B_run-010/sub-cp013_ses-20210319_task-ils_stream-lslxp11xpcplt_feat-chunk_level-02B_run-010_dat.csv,True,task-ils/sub-cp013/ses-20210319/level-02B_run-010/sub-cp013_ses-20210319_task-ils_stream-lslxp11xpcac_feat-chunk_level-02B_run-010_dat.csv,True,task-ils/sub-cp013/ses-20210319/level-02B_run-010/sub-cp013_ses-20210319_task-ils_stream-lslxp11_feat-perfmetric_level-02B_run-010.csv,True,task-ils/sub-cp013/ses-20210319/level-02B_run-010/sub-cp013_ses-20210319_task-ils_stream-lslshimmertorsoacc_feat-chunk_level-02B_run-010_dat.csv,False,,9,ecg;eda;emg;eye_tracking;head_movement;performance;respiration;torso_body_accelerometer;xplane,control_input,0,,0,
ils,sub-cp013,ses-20210319,level-03B,run-002,sub-cp013_ses-20210319_level-03B_run-002,task-ils/sub-cp013/ses-20210319/level-03B_run-002,18,18,10,10,True,True,task-ils/sub-cp013/ses-20210319/level-03B_run-002/sub-cp013_ses-20210319_ocuevts_level-03B_run-002.csv;task-ils/sub-cp013/ses-20210319/level-03B_run-002/sub-cp013_ses-20210319_task-ils_stream-lslhtcviveeye_feat-chunk_level-03B_run-002_dat.csv,True,task-ils/sub-cp013/ses-20210319/level-03B_run-002/sub-cp013_ses-20210319_task-ils_stream-lslshimmerecg_feat-chunk_level-03B_run-002_dat.csv,True,task-ils/sub-cp013/ses-20210319/level-03B_run-002/sub-cp013_ses-20210319_task-ils_stream-lslshimmereda_feat-chunk_level-03B_run-002_dat.csv,True,task-ils/sub-cp013/ses-20210319/level-03B_run-002/sub-cp013_ses-20210319_task-ils_stream-lslshimmeremg_feat-chunk_level-03B_run-002_dat.csv,True,task-ils/sub-cp013/ses-20210319/level-03B_run-002/sub-cp013_ses-20210319_task-ils_stream-lslshimmerresp_feat-chunk_level-03B_run-002_dat.csv,True,task-ils/sub-cp013/ses-20210319/level-03B_run-002/sub-cp013_ses-20210319_task-ils_stream-lslxp11xpcplt_feat-chunk_level-03B_run-002_dat.csv,True,task-ils/sub-cp013/ses-20210319/level-03B_run-002/sub-cp013_ses-20210319_task-ils_stream-lslxp11xpcac_feat-chunk_level-03B_run-002_dat.csv,True,task-ils/sub-cp013/ses-20210319/level-03B_run-002/sub-cp013_ses-20210319_task-ils_stream-lslxp11_feat-perfmetric_level-03B_run-002.csv,True,task-ils/sub-cp013/ses-20210319/level-03B_run-002/sub-cp013_ses-20210319_task-ils_stream-lslshimmertorsoacc_feat-chunk_level-03B_run-002_dat.csv,False,,9,ecg;eda;emg;eye_tracking;head_movement;performance;respiration;torso_body_accelerometer;xplane,control_input,0,,0,
ils,sub-cp013,ses-20210319,level-03B,run-005,sub-cp013_ses-20210319_level-03B_run-005,task-ils/sub-cp013/ses-20210319/level-03B_run-005,18,18,10,10,True,True,task-ils/sub-cp013/ses-20210319/level-03B_run-005/sub-cp013_ses-20210319_ocuevts_level-03B_run-005.csv;task-ils/sub-cp013/ses-20210319/level-03B_run-005/sub-cp013_ses-20210319_task-ils_stream-lslhtcviveeye_feat-chunk_level-03B_run-005_dat.csv,True,task-ils/sub-cp013/ses-20210319/level-03B_run-005/sub-cp013_ses-20210319_task-ils_stream-lslshimmerecg_feat-chunk_level-03B_run-005_dat.csv,True,task-ils/sub-cp013/ses-20210319/level-03B_run-005/sub-cp013_ses-20210319_task-ils_stream-lslshimmereda_feat-chunk_level-03B_run-005_dat.csv,True,task-ils/sub-cp013/ses-20210319/level-03B_run-005/sub-cp013_ses-20210319_task-ils_stream-lslshimmeremg_feat-chunk_level-03B_run-005_dat.csv,True,task-ils/sub-cp013/ses-20210319/level-03B_run-005/sub-cp013_ses-20210319_task-ils_stream-lslshimmerresp_feat-chunk_level-03B_run-005_dat.csv,True,task-ils/sub-cp013/ses-20210319/level-03B_run-005/sub-cp013_ses-20210319_task-ils_stream-lslxp11xpcplt_feat-chunk_level-03B_run-005_dat.csv,True,task-ils/sub-cp013/ses-20210319/level-03B_run-005/sub-cp013_ses-20210319_task-ils_stream-lslxp11xpcac_feat-chunk_level-03B_run-005_dat.csv,True,task-ils/sub-cp013/ses-20210319/level-03B_run-005/sub-cp013_ses-20210319_task-ils_stream-lslxp11_feat-perfmetric_level-03B_run-005.csv,True,task-ils/sub-cp013/ses-20210319/level-03B_run-005/sub-cp013_ses-20210319_task-ils_stream-lslshimmertorsoacc_feat-chunk_level-03B_run-005_dat.csv,False,,9,ecg;eda;emg;eye_tracking;head_movement;performance;respiration;torso_body_accelerometer;xplane,control_input,0,,0,
ils,sub-cp013,ses-20210319,level-03B,run-011,sub-cp013_ses-20210319_level-03B_run-011,task-ils/sub-cp013/ses-20210319/level-03B_run-011,18,18,10,10,True,True,task-ils/sub-cp013/ses-20210319/level-03B_run-011/sub-cp013_ses-20210319_ocuevts_level-03B_run-011.csv;task-ils/sub-cp013/ses-20210319/level-03B_run-011/sub-cp013_ses-20210319_task-ils_stream-lslhtcviveeye_feat-chunk_level-03B_run-011_dat.csv,True,task-ils/sub-cp013/ses-20210319/level-03B_run-011/sub-cp013_ses-20210319_task-ils_stream-lslshimmerecg_feat-chunk_level-03B_run-011_dat.csv,True,task-ils/sub-cp013/ses-20210319/level-03B_run-011/sub-cp013_ses-20210319_task-ils_stream-lslshimmereda_feat-chunk_level-03B_run-011_dat.csv,True,task-ils/sub-cp013/ses-20210319/level-03B_run-011/sub-cp013_ses-20210319_task-ils_stream-lslshimmeremg_feat-chunk_level-03B_run-011_dat.csv,True,task-ils/sub-cp013/ses-20210319/level-03B_run-011/sub-cp013_ses-20210319_task-ils_stream-lslshimmerresp_feat-chunk_level-03B_run-011_dat.csv,True,task-ils/sub-cp013/ses-20210319/level-03B_run-011/sub-cp013_ses-20210319_task-ils_stream-lslxp11xpcplt_feat-chunk_level-03B_run-011_dat.csv,True,task-ils/sub-cp013/ses-20210319/level-03B_run-011/sub-cp013_ses-20210319_task-ils_stream-lslxp11xpcac_feat-chunk_level-03B_run-011_dat.csv,True,task-ils/sub-cp013/ses-20210319/level-03B_run-011/sub-cp013_ses-20210319_task-ils_stream-lslxp11_feat-perfmetric_level-03B_run-011.csv,True,task-ils/sub-cp013/ses-20210319/level-03B_run-011/sub-cp013_ses-20210319_task-ils_stream-lslshimmertorsoacc_feat-chunk_level-03B_run-011_dat.csv,False,,9,ecg;eda;emg;eye_tracking;head_movement;performance;respiration;torso_body_accelerometer;xplane,control_input,0,,0,
ils,sub-cp013,ses-20210319,level-04B,run-004,sub-cp013_ses-20210319_level-04B_run-004,task-ils/sub-cp013/ses-20210319/level-04B_run-004,18,18,10,10,True,True,task-ils/sub-cp013/ses-20210319/level-04B_run-004/sub-cp013_ses-20210319_ocuevts_level-04B_run-004.csv;task-ils/sub-cp013/ses-20210319/level-04B_run-004/sub-cp013_ses-20210319_task-ils_stream-lslhtcviveeye_feat-chunk_level-04B_run-004_dat.csv,True,task-ils/sub-cp013/ses-20210319/level-04B_run-004/sub-cp013_ses-20210319_task-ils_stream-lslshimmerecg_feat-chunk_level-04B_run-004_dat.csv,True,task-ils/sub-cp013/ses-20210319/level-04B_run-004/sub-cp013_ses-20210319_task-ils_stream-lslshimmereda_feat-chunk_level-04B_run-004_dat.csv,True,task-ils/sub-cp013/ses-20210319/level-04B_run-004/sub-cp013_ses-20210319_task-ils_stream-lslshimmeremg_feat-chunk_level-04B_run-004_dat.csv,True,task-ils/sub-cp013/ses-20210319/level-04B_run-004/sub-cp013_ses-20210319_task-ils_stream-lslshimmerresp_feat-chunk_level-04B_run-004_dat.csv,True,task-ils/sub-cp013/ses-20210319/level-04B_run-004/sub-cp013_ses-20210319_task-ils_stream-lslxp11xpcplt_feat-chunk_level-04B_run-004_dat.csv,True,task-ils/sub-cp013/ses-20210319/level-04B_run-004/sub-cp013_ses-20210319_task-ils_stream-lslxp11xpcac_feat-chunk_level-04B_run-004_dat.csv,True,task-ils/sub-cp013/ses-20210319/level-04B_run-004/sub-cp013_ses-20210319_task-ils_stream-lslxp11_feat-perfmetric_level-04B_run-004.csv,True,task-ils/sub-cp013/ses-20210319/level-04B_run-004/sub-cp013_ses-20210319_task-ils_stream-lslshimmertorsoacc_feat-chunk_level-04B_run-004_dat.csv,False,,9,ecg;eda;emg;eye_tracking;head_movement;performance;respiration;torso_body_accelerometer;xplane,control_input,0,,0,
ils,sub-cp013,ses-20210319,level-04B,run-006,sub-cp013_ses-20210319_level-04B_run-006,task-ils/sub-cp013/ses-20210319/level-04B_run-006,18,18,10,10,True,True,task-ils/sub-cp013/ses-20210319/level-04B_run-006/sub-cp013_ses-20210319_ocuevts_level-04B_run-006.csv;task-ils/sub-cp013/ses-20210319/level-04B_run-006/sub-cp013_ses-20210319_task-ils_stream-lslhtcviveeye_feat-chunk_level-04B_run-006_dat.csv,True,task-ils/sub-cp013/ses-20210319/level-04B_run-006/sub-cp013_ses-20210319_task-ils_stream-lslshimmerecg_feat-chunk_level-04B_run-006_dat.csv,True,task-ils/sub-cp013/ses-20210319/level-04B_run-006/sub-cp013_ses-20210319_task-ils_stream-lslshimmereda_feat-chunk_level-04B_run-006_dat.csv,True,task-ils/sub-cp013/ses-20210319/level-04B_run-006/sub-cp013_ses-20210319_task-ils_stream-lslshimmeremg_feat-chunk_level-04B_run-006_dat.csv,True,task-ils/sub-cp013/ses-20210319/level-04B_run-006/sub-cp013_ses-20210319_task-ils_stream-lslshimmerresp_feat-chunk_level-04B_run-006_dat.csv,True,task-ils/sub-cp013/ses-20210319/level-04B_run-006/sub-cp013_ses-20210319_task-ils_stream-lslxp11xpcplt_feat-chunk_level-04B_run-006_dat.csv,True,task-ils/sub-cp013/ses-20210319/level-04B_run-006/sub-cp013_ses-20210319_task-ils_stream-lslxp11xpcac_feat-chunk_level-04B_run-006_dat.csv,True,task-ils/sub-cp013/ses-20210319/level-04B_run-006/sub-cp013_ses-20210319_task-ils_stream-lslxp11_feat-perfmetric_level-04B_run-006.csv,True,task-ils/sub-cp013/ses-20210319/level-04B_run-006/sub-cp013_ses-20210319_task-ils_stream-lslshimmertorsoacc_feat-chunk_level-04B_run-006_dat.csv,False,,9,ecg;eda;emg;eye_tracking;head_movement;performance;respiration;torso_body_accelerometer;xplane,control_input,0,,0,
ils,sub-cp013,ses-20210319,level-04B,run-009,sub-cp013_ses-20210319_level-04B_run-009,task-ils/sub-cp013/ses-20210319/level-04B_run-009,18,18,10,10,True,True,task-ils/sub-cp013/ses-20210319/level-04B_run-009/sub-cp013_ses-20210319_ocuevts_level-04B_run-009.csv;task-ils/sub-cp013/ses-20210319/level-04B_run-009/sub-cp013_ses-20210319_task-ils_stream-lslhtcviveeye_feat-chunk_level-04B_run-009_dat.csv,True,task-ils/sub-cp013/ses-20210319/level-04B_run-009/sub-cp013_ses-20210319_task-ils_stream-lslshimmerecg_feat-chunk_level-04B_run-009_dat.csv,True,task-ils/sub-cp013/ses-20210319/level-04B_run-009/sub-cp013_ses-20210319_task-ils_stream-lslshimmereda_feat-chunk_level-04B_run-009_dat.csv,True,task-ils/sub-cp013/ses-20210319/level-04B_run-009/sub-cp013_ses-20210319_task-ils_stream-lslshimmeremg_feat-chunk_level-04B_run-009_dat.csv,True,task-ils/sub-cp013/ses-20210319/level-04B_run-009/sub-cp013_ses-20210319_task-ils_stream-lslshimmerresp_feat-chunk_level-04B_run-009_dat.csv,True,task-ils/sub-cp013/ses-20210319/level-04B_run-009/sub-cp013_ses-20210319_task-ils_stream-lslxp11xpcplt_feat-chunk_level-04B_run-009_dat.csv,True,task-ils/sub-cp013/ses-20210319/level-04B_run-009/sub-cp013_ses-20210319_task-ils_stream-lslxp11xpcac_feat-chunk_level-04B_run-009_dat.csv,True,task-ils/sub-cp013/ses-20210319/level-04B_run-009/sub-cp013_ses-20210319_task-ils_stream-lslxp11_feat-perfmetric_level-04B_run-009.csv,True,task-ils/sub-cp013/ses-20210319/level-04B_run-009/sub-cp013_ses-20210319_task-ils_stream-lslshimmertorsoacc_feat-chunk_level-04B_run-009_dat.csv,False,,9,ecg;eda;emg;eye_tracking;head_movement;performance;respiration;torso_body_accelerometer;xplane,control_input,0,,0,
ils,sub-cp014,ses-20211112,level-01B,run-001,sub-cp014_ses-20211112_level-01B_run-001,task-ils/sub-cp014/ses-20211112/level-01B_run-001,20,20,11,11,True,True,task-ils/sub-cp014/ses-20211112/level-01B_run-001/sub-cp014_ses-20211112_ocuevts_level-01B_run-001.csv;task-ils/sub-cp014/ses-20211112/level-01B_run-001/sub-cp014_ses-20211112_task-ils_stream-lslhtcviveeye_feat-chunk_level-01B_run-001_dat.csv,True,task-ils/sub-cp014/ses-20211112/level-01B_run-001/sub-cp014_ses-20211112_task-ils_stream-lslshimmerecg_feat-chunk_level-01B_run-001_dat.csv,True,task-ils/sub-cp014/ses-20211112/level-01B_run-001/sub-cp014_ses-20211112_task-ils_stream-lslshimmereda_feat-chunk_level-01B_run-001_dat.csv,True,task-ils/sub-cp014/ses-20211112/level-01B_run-001/sub-cp014_ses-20211112_task-ils_stream-lslshimmeremg_feat-chunk_level-01B_run-001_dat.csv,True,task-ils/sub-cp014/ses-20211112/level-01B_run-001/sub-cp014_ses-20211112_task-ils_stream-lslrespitrace_feat-chunk_level-01B_run-001_dat.csv;task-ils/sub-cp014/ses-20211112/level-01B_run-001/sub-cp014_ses-20211112_task-ils_stream-lslshimmerresp_feat-chunk_level-01B_run-001_dat.csv,True,task-ils/sub-cp014/ses-20211112/level-01B_run-001/sub-cp014_ses-20211112_task-ils_stream-lslxp11xpcplt_feat-chunk_level-01B_run-001_dat.csv,True,task-ils/sub-cp014/ses-20211112/level-01B_run-001/sub-cp014_ses-20211112_task-ils_stream-lslxp11xpcac_feat-chunk_level-01B_run-001_dat.csv,True,task-ils/sub-cp014/ses-20211112/level-01B_run-001/sub-cp014_ses-20211112_task-ils_stream-lslxp11_feat-perfmetric_level-01B_run-001.csv,True,task-ils/sub-cp014/ses-20211112/level-01B_run-001/sub-cp014_ses-20211112_task-ils_stream-lslshimmertorsoacc_feat-chunk_level-01B_run-001_dat.csv,False,,9,ecg;eda;emg;eye_tracking;head_movement;performance;respiration;torso_body_accelerometer;xplane,control_input,0,,0,
ils,sub-cp014,ses-20211112,level-01B,run-007,sub-cp014_ses-20211112_level-01B_run-007,task-ils/sub-cp014/ses-20211112/level-01B_run-007,20,20,11,11,True,True,task-ils/sub-cp014/ses-20211112/level-01B_run-007/sub-cp014_ses-20211112_ocuevts_level-01B_run-007.csv;task-ils/sub-cp014/ses-20211112/level-01B_run-007/sub-cp014_ses-20211112_task-ils_stream-lslhtcviveeye_feat-chunk_level-01B_run-007_dat.csv,True,task-ils/sub-cp014/ses-20211112/level-01B_run-007/sub-cp014_ses-20211112_task-ils_stream-lslshimmerecg_feat-chunk_level-01B_run-007_dat.csv,True,task-ils/sub-cp014/ses-20211112/level-01B_run-007/sub-cp014_ses-20211112_task-ils_stream-lslshimmereda_feat-chunk_level-01B_run-007_dat.csv,True,task-ils/sub-cp014/ses-20211112/level-01B_run-007/sub-cp014_ses-20211112_task-ils_stream-lslshimmeremg_feat-chunk_level-01B_run-007_dat.csv,True,task-ils/sub-cp014/ses-20211112/level-01B_run-007/sub-cp014_ses-20211112_task-ils_stream-lslrespitrace_feat-chunk_level-01B_run-007_dat.csv;task-ils/sub-cp014/ses-20211112/level-01B_run-007/sub-cp014_ses-20211112_task-ils_stream-lslshimmerresp_feat-chunk_level-01B_run-007_dat.csv,True,task-ils/sub-cp014/ses-20211112/level-01B_run-007/sub-cp014_ses-20211112_task-ils_stream-lslxp11xpcplt_feat-chunk_level-01B_run-007_dat.csv,True,task-ils/sub-cp014/ses-20211112/level-01B_run-007/sub-cp014_ses-20211112_task-ils_stream-lslxp11xpcac_feat-chunk_level-01B_run-007_dat.csv,True,task-ils/sub-cp014/ses-20211112/level-01B_run-007/sub-cp014_ses-20211112_task-ils_stream-lslxp11_feat-perfmetric_level-01B_run-007.csv,True,task-ils/sub-cp014/ses-20211112/level-01B_run-007/sub-cp014_ses-20211112_task-ils_stream-lslshimmertorsoacc_feat-chunk_level-01B_run-007_dat.csv,False,,9,ecg;eda;emg;eye_tracking;head_movement;performance;respiration;torso_body_accelerometer;xplane,control_input,0,,0,
ils,sub-cp014,ses-20211112,level-01B,run-012,sub-cp014_ses-20211112_level-01B_run-012,task-ils/sub-cp014/ses-20211112/level-01B_run-012,20,20,11,11,True,True,task-ils/sub-cp014/ses-20211112/level-01B_run-012/sub-cp014_ses-20211112_ocuevts_level-01B_run-012.csv;task-ils/sub-cp014/ses-20211112/level-01B_run-012/sub-cp014_ses-20211112_task-ils_stream-lslhtcviveeye_feat-chunk_level-01B_run-012_dat.csv,True,task-ils/sub-cp014/ses-20211112/level-01B_run-012/sub-cp014_ses-20211112_task-ils_stream-lslshimmerecg_feat-chunk_level-01B_run-012_dat.csv,True,task-ils/sub-cp014/ses-20211112/level-01B_run-012/sub-cp014_ses-20211112_task-ils_stream-lslshimmereda_feat-chunk_level-01B_run-012_dat.csv,True,task-ils/sub-cp014/ses-20211112/level-01B_run-012/sub-cp014_ses-20211112_task-ils_stream-lslshimmeremg_feat-chunk_level-01B_run-012_dat.csv,True,task-ils/sub-cp014/ses-20211112/level-01B_run-012/sub-cp014_ses-20211112_task-ils_stream-lslrespitrace_feat-chunk_level-01B_run-012_dat.csv;task-ils/sub-cp014/ses-20211112/level-01B_run-012/sub-cp014_ses-20211112_task-ils_stream-lslshimmerresp_feat-chunk_level-01B_run-012_dat.csv,True,task-ils/sub-cp014/ses-20211112/level-01B_run-012/sub-cp014_ses-20211112_task-ils_stream-lslxp11xpcplt_feat-chunk_level-01B_run-012_dat.csv,True,task-ils/sub-cp014/ses-20211112/level-01B_run-012/sub-cp014_ses-20211112_task-ils_stream-lslxp11xpcac_feat-chunk_level-01B_run-012_dat.csv,True,task-ils/sub-cp014/ses-20211112/level-01B_run-012/sub-cp014_ses-20211112_task-ils_stream-lslxp11_feat-perfmetric_level-01B_run-012.csv,True,task-ils/sub-cp014/ses-20211112/level-01B_run-012/sub-cp014_ses-20211112_task-ils_stream-lslshimmertorsoacc_feat-chunk_level-01B_run-012_dat.csv,False,,9,ecg;eda;emg;eye_tracking;head_movement;performance;respiration;torso_body_accelerometer;xplane,control_input,0,,0,
ils,sub-cp014,ses-20211112,level-02B,run-003,sub-cp014_ses-20211112_level-02B_run-003,task-ils/sub-cp014/ses-20211112/level-02B_run-003,20,20,11,11,True,True,task-ils/sub-cp014/ses-20211112/level-02B_run-003/sub-cp014_ses-20211112_ocuevts_level-02B_run-003.csv;task-ils/sub-cp014/ses-20211112/level-02B_run-003/sub-cp014_ses-20211112_task-ils_stream-lslhtcviveeye_feat-chunk_level-02B_run-003_dat.csv,True,task-ils/sub-cp014/ses-20211112/level-02B_run-003/sub-cp014_ses-20211112_task-ils_stream-lslshimmerecg_feat-chunk_level-02B_run-003_dat.csv,True,task-ils/sub-cp014/ses-20211112/level-02B_run-003/sub-cp014_ses-20211112_task-ils_stream-lslshimmereda_feat-chunk_level-02B_run-003_dat.csv,True,task-ils/sub-cp014/ses-20211112/level-02B_run-003/sub-cp014_ses-20211112_task-ils_stream-lslshimmeremg_feat-chunk_level-02B_run-003_dat.csv,True,task-ils/sub-cp014/ses-20211112/level-02B_run-003/sub-cp014_ses-20211112_task-ils_stream-lslrespitrace_feat-chunk_level-02B_run-003_dat.csv;task-ils/sub-cp014/ses-20211112/level-02B_run-003/sub-cp014_ses-20211112_task-ils_stream-lslshimmerresp_feat-chunk_level-02B_run-003_dat.csv,True,task-ils/sub-cp014/ses-20211112/level-02B_run-003/sub-cp014_ses-20211112_task-ils_stream-lslxp11xpcplt_feat-chunk_level-02B_run-003_dat.csv,True,task-ils/sub-cp014/ses-20211112/level-02B_run-003/sub-cp014_ses-20211112_task-ils_stream-lslxp11xpcac_feat-chunk_level-02B_run-003_dat.csv,True,task-ils/sub-cp014/ses-20211112/level-02B_run-003/sub-cp014_ses-20211112_task-ils_stream-lslxp11_feat-perfmetric_level-02B_run-003.csv,True,task-ils/sub-cp014/ses-20211112/level-02B_run-003/sub-cp014_ses-20211112_task-ils_stream-lslshimmertorsoacc_feat-chunk_level-02B_run-003_dat.csv,False,,9,ecg;eda;emg;eye_tracking;head_movement;performance;respiration;torso_body_accelerometer;xplane,control_input,0,,0,
ils,sub-cp014,ses-20211112,level-02B,run-008,sub-cp014_ses-20211112_level-02B_run-008,task-ils/sub-cp014/ses-20211112/level-02B_run-008,20,20,11,11,True,True,task-ils/sub-cp014/ses-20211112/level-02B_run-008/sub-cp014_ses-20211112_ocuevts_level-02B_run-008.csv;task-ils/sub-cp014/ses-20211112/level-02B_run-008/sub-cp014_ses-20211112_task-ils_stream-lslhtcviveeye_feat-chunk_level-02B_run-008_dat.csv,True,task-ils/sub-cp014/ses-20211112/level-02B_run-008/sub-cp014_ses-20211112_task-ils_stream-lslshimmerecg_feat-chunk_level-02B_run-008_dat.csv,True,task-ils/sub-cp014/ses-20211112/level-02B_run-008/sub-cp014_ses-20211112_task-ils_stream-lslshimmereda_feat-chunk_level-02B_run-008_dat.csv,True,task-ils/sub-cp014/ses-20211112/level-02B_run-008/sub-cp014_ses-20211112_task-ils_stream-lslshimmeremg_feat-chunk_level-02B_run-008_dat.csv,True,task-ils/sub-cp014/ses-20211112/level-02B_run-008/sub-cp014_ses-20211112_task-ils_stream-lslrespitrace_feat-chunk_level-02B_run-008_dat.csv;task-ils/sub-cp014/ses-20211112/level-02B_run-008/sub-cp014_ses-20211112_task-ils_stream-lslshimmerresp_feat-chunk_level-02B_run-008_dat.csv,True,task-ils/sub-cp014/ses-20211112/level-02B_run-008/sub-cp014_ses-20211112_task-ils_stream-lslxp11xpcplt_feat-chunk_level-02B_run-008_dat.csv,True,task-ils/sub-cp014/ses-20211112/level-02B_run-008/sub-cp014_ses-20211112_task-ils_stream-lslxp11xpcac_feat-chunk_level-02B_run-008_dat.csv,True,task-ils/sub-cp014/ses-20211112/level-02B_run-008/sub-cp014_ses-20211112_task-ils_stream-lslxp11_feat-perfmetric_level-02B_run-008.csv,True,task-ils/sub-cp014/ses-20211112/level-02B_run-008/sub-cp014_ses-20211112_task-ils_stream-lslshimmertorsoacc_feat-chunk_level-02B_run-008_dat.csv,False,,9,ecg;eda;emg;eye_tracking;head_movement;performance;respiration;torso_body_accelerometer;xplane,control_input,0,,0,
ils,sub-cp014,ses-20211112,level-02B,run-010,sub-cp014_ses-20211112_level-02B_run-010,task-ils/sub-cp014/ses-20211112/level-02B_run-010,20,20,11,11,True,True,task-ils/sub-cp014/ses-20211112/level-02B_run-010/sub-cp014_ses-20211112_ocuevts_level-02B_run-010.csv;task-ils/sub-cp014/ses-20211112/level-02B_run-010/sub-cp014_ses-20211112_task-ils_stream-lslhtcviveeye_feat-chunk_level-02B_run-010_dat.csv,True,task-ils/sub-cp014/ses-20211112/level-02B_run-010/sub-cp014_ses-20211112_task-ils_stream-lslshimmerecg_feat-chunk_level-02B_run-010_dat.csv,True,task-ils/sub-cp014/ses-20211112/level-02B_run-010/sub-cp014_ses-20211112_task-ils_stream-lslshimmereda_feat-chunk_level-02B_run-010_dat.csv,True,task-ils/sub-cp014/ses-20211112/level-02B_run-010/sub-cp014_ses-20211112_task-ils_stream-lslshimmeremg_feat-chunk_level-02B_run-010_dat.csv,True,task-ils/sub-cp014/ses-20211112/level-02B_run-010/sub-cp014_ses-20211112_task-ils_stream-lslrespitrace_feat-chunk_level-02B_run-010_dat.csv;task-ils/sub-cp014/ses-20211112/level-02B_run-010/sub-cp014_ses-20211112_task-ils_stream-lslshimmerresp_feat-chunk_level-02B_run-010_dat.csv,True,task-ils/sub-cp014/ses-20211112/level-02B_run-010/sub-cp014_ses-20211112_task-ils_stream-lslxp11xpcplt_feat-chunk_level-02B_run-010_dat.csv,True,task-ils/sub-cp014/ses-20211112/level-02B_run-010/sub-cp014_ses-20211112_task-ils_stream-lslxp11xpcac_feat-chunk_level-02B_run-010_dat.csv,True,task-ils/sub-cp014/ses-20211112/level-02B_run-010/sub-cp014_ses-20211112_task-ils_stream-lslxp11_feat-perfmetric_level-02B_run-010.csv,True,task-ils/sub-cp014/ses-20211112/level-02B_run-010/sub-cp014_ses-20211112_task-ils_stream-lslshimmertorsoacc_feat-chunk_level-02B_run-010_dat.csv,False,,9,ecg;eda;emg;eye_tracking;head_movement;performance;respiration;torso_body_accelerometer;xplane,control_input,0,,0,
ils,sub-cp014,ses-20211112,level-03B,run-002,sub-cp014_ses-20211112_level-03B_run-002,task-ils/sub-cp014/ses-20211112/level-03B_run-002,20,20,11,11,True,True,task-ils/sub-cp014/ses-20211112/level-03B_run-002/sub-cp014_ses-20211112_ocuevts_level-03B_run-002.csv;task-ils/sub-cp014/ses-20211112/level-03B_run-002/sub-cp014_ses-20211112_task-ils_stream-lslhtcviveeye_feat-chunk_level-03B_run-002_dat.csv,True,task-ils/sub-cp014/ses-20211112/level-03B_run-002/sub-cp014_ses-20211112_task-ils_stream-lslshimmerecg_feat-chunk_level-03B_run-002_dat.csv,True,task-ils/sub-cp014/ses-20211112/level-03B_run-002/sub-cp014_ses-20211112_task-ils_stream-lslshimmereda_feat-chunk_level-03B_run-002_dat.csv,True,task-ils/sub-cp014/ses-20211112/level-03B_run-002/sub-cp014_ses-20211112_task-ils_stream-lslshimmeremg_feat-chunk_level-03B_run-002_dat.csv,True,task-ils/sub-cp014/ses-20211112/level-03B_run-002/sub-cp014_ses-20211112_task-ils_stream-lslrespitrace_feat-chunk_level-03B_run-002_dat.csv;task-ils/sub-cp014/ses-20211112/level-03B_run-002/sub-cp014_ses-20211112_task-ils_stream-lslshimmerresp_feat-chunk_level-03B_run-002_dat.csv,True,task-ils/sub-cp014/ses-20211112/level-03B_run-002/sub-cp014_ses-20211112_task-ils_stream-lslxp11xpcplt_feat-chunk_level-03B_run-002_dat.csv,True,task-ils/sub-cp014/ses-20211112/level-03B_run-002/sub-cp014_ses-20211112_task-ils_stream-lslxp11xpcac_feat-chunk_level-03B_run-002_dat.csv,True,task-ils/sub-cp014/ses-20211112/level-03B_run-002/sub-cp014_ses-20211112_task-ils_stream-lslxp11_feat-perfmetric_level-03B_run-002.csv,True,task-ils/sub-cp014/ses-20211112/level-03B_run-002/sub-cp014_ses-20211112_task-ils_stream-lslshimmertorsoacc_feat-chunk_level-03B_run-002_dat.csv,False,,9,ecg;eda;emg;eye_tracking;head_movement;performance;respiration;torso_body_accelerometer;xplane,control_input,0,,0,
ils,sub-cp014,ses-20211112,level-03B,run-005,sub-cp014_ses-20211112_level-03B_run-005,task-ils/sub-cp014/ses-20211112/level-03B_run-005,20,20,11,11,True,True,task-ils/sub-cp014/ses-20211112/level-03B_run-005/sub-cp014_ses-20211112_ocuevts_level-03B_run-005.csv;task-ils/sub-cp014/ses-20211112/level-03B_run-005/sub-cp014_ses-20211112_task-ils_stream-lslhtcviveeye_feat-chunk_level-03B_run-005_dat.csv,True,task-ils/sub-cp014/ses-20211112/level-03B_run-005/sub-cp014_ses-20211112_task-ils_stream-lslshimmerecg_feat-chunk_level-03B_run-005_dat.csv,True,task-ils/sub-cp014/ses-20211112/level-03B_run-005/sub-cp014_ses-20211112_task-ils_stream-lslshimmereda_feat-chunk_level-03B_run-005_dat.csv,True,task-ils/sub-cp014/ses-20211112/level-03B_run-005/sub-cp014_ses-20211112_task-ils_stream-lslshimmeremg_feat-chunk_level-03B_run-005_dat.csv,True,task-ils/sub-cp014/ses-20211112/level-03B_run-005/sub-cp014_ses-20211112_task-ils_stream-lslrespitrace_feat-chunk_level-03B_run-005_dat.csv;task-ils/sub-cp014/ses-20211112/level-03B_run-005/sub-cp014_ses-20211112_task-ils_stream-lslshimmerresp_feat-chunk_level-03B_run-005_dat.csv,True,task-ils/sub-cp014/ses-20211112/level-03B_run-005/sub-cp014_ses-20211112_task-ils_stream-lslxp11xpcplt_feat-chunk_level-03B_run-005_dat.csv,True,task-ils/sub-cp014/ses-20211112/level-03B_run-005/sub-cp014_ses-20211112_task-ils_stream-lslxp11xpcac_feat-chunk_level-03B_run-005_dat.csv,True,task-ils/sub-cp014/ses-20211112/level-03B_run-005/sub-cp014_ses-20211112_task-ils_stream-lslxp11_feat-perfmetric_level-03B_run-005.csv,True,task-ils/sub-cp014/ses-20211112/level-03B_run-005/sub-cp014_ses-20211112_task-ils_stream-lslshimmertorsoacc_feat-chunk_level-03B_run-005_dat.csv,False,,9,ecg;eda;emg;eye_tracking;head_movement;performance;respiration;torso_body_accelerometer;xplane,control_input,0,,0,
ils,sub-cp014,ses-20211112,level-03B,run-011,sub-cp014_ses-20211112_level-03B_run-011,task-ils/sub-cp014/ses-20211112/level-03B_run-011,20,20,11,11,True,True,task-ils/sub-cp014/ses-20211112/level-03B_run-011/sub-cp014_ses-20211112_ocuevts_level-03B_run-011.csv;task-ils/sub-cp014/ses-20211112/level-03B_run-011/sub-cp014_ses-20211112_task-ils_stream-lslhtcviveeye_feat-chunk_level-03B_run-011_dat.csv,True,task-ils/sub-cp014/ses-20211112/level-03B_run-011/sub-cp014_ses-20211112_task-ils_stream-lslshimmerecg_feat-chunk_level-03B_run-011_dat.csv,True,task-ils/sub-cp014/ses-20211112/level-03B_run-011/sub-cp014_ses-20211112_task-ils_stream-lslshimmereda_feat-chunk_level-03B_run-011_dat.csv,True,task-ils/sub-cp014/ses-20211112/level-03B_run-011/sub-cp014_ses-20211112_task-ils_stream-lslshimmeremg_feat-chunk_level-03B_run-011_dat.csv,True,task-ils/sub-cp014/ses-20211112/level-03B_run-011/sub-cp014_ses-20211112_task-ils_stream-lslrespitrace_feat-chunk_level-03B_run-011_dat.csv;task-ils/sub-cp014/ses-20211112/level-03B_run-011/sub-cp014_ses-20211112_task-ils_stream-lslshimmerresp_feat-chunk_level-03B_run-011_dat.csv,True,task-ils/sub-cp014/ses-20211112/level-03B_run-011/sub-cp014_ses-20211112_task-ils_stream-lslxp11xpcplt_feat-chunk_level-03B_run-011_dat.csv,True,task-ils/sub-cp014/ses-20211112/level-03B_run-011/sub-cp014_ses-20211112_task-ils_stream-lslxp11xpcac_feat-chunk_level-03B_run-011_dat.csv,True,task-ils/sub-cp014/ses-20211112/level-03B_run-011/sub-cp014_ses-20211112_task-ils_stream-lslxp11_feat-perfmetric_level-03B_run-011.csv,True,task-ils/sub-cp014/ses-20211112/level-03B_run-011/sub-cp014_ses-20211112_task-ils_stream-lslshimmertorsoacc_feat-chunk_level-03B_run-011_dat.csv,False,,9,ecg;eda;emg;eye_tracking;head_movement;performance;respiration;torso_body_accelerometer;xplane,control_input,0,,0,
ils,sub-cp014,ses-20211112,level-04B,run-004,sub-cp014_ses-20211112_level-04B_run-004,task-ils/sub-cp014/ses-20211112/level-04B_run-004,20,20,11,11,True,True,task-ils/sub-cp014/ses-20211112/level-04B_run-004/sub-cp014_ses-20211112_ocuevts_level-04B_run-004.csv;task-ils/sub-cp014/ses-20211112/level-04B_run-004/sub-cp014_ses-20211112_task-ils_stream-lslhtcviveeye_feat-chunk_level-04B_run-004_dat.csv,True,task-ils/sub-cp014/ses-20211112/level-04B_run-004/sub-cp014_ses-20211112_task-ils_stream-lslshimmerecg_feat-chunk_level-04B_run-004_dat.csv,True,task-ils/sub-cp014/ses-20211112/level-04B_run-004/sub-cp014_ses-20211112_task-ils_stream-lslshimmereda_feat-chunk_level-04B_run-004_dat.csv,True,task-ils/sub-cp014/ses-20211112/level-04B_run-004/sub-cp014_ses-20211112_task-ils_stream-lslshimmeremg_feat-chunk_level-04B_run-004_dat.csv,True,task-ils/sub-cp014/ses-20211112/level-04B_run-004/sub-cp014_ses-20211112_task-ils_stream-lslrespitrace_feat-chunk_level-04B_run-004_dat.csv;task-ils/sub-cp014/ses-20211112/level-04B_run-004/sub-cp014_ses-20211112_task-ils_stream-lslshimmerresp_feat-chunk_level-04B_run-004_dat.csv,True,task-ils/sub-cp014/ses-20211112/level-04B_run-004/sub-cp014_ses-20211112_task-ils_stream-lslxp11xpcplt_feat-chunk_level-04B_run-004_dat.csv,True,task-ils/sub-cp014/ses-20211112/level-04B_run-004/sub-cp014_ses-20211112_task-ils_stream-lslxp11xpcac_feat-chunk_level-04B_run-004_dat.csv,True,task-ils/sub-cp014/ses-20211112/level-04B_run-004/sub-cp014_ses-20211112_task-ils_stream-lslxp11_feat-perfmetric_level-04B_run-004.csv,True,task-ils/sub-cp014/ses-20211112/level-04B_run-004/sub-cp014_ses-20211112_task-ils_stream-lslshimmertorsoacc_feat-chunk_level-04B_run-004_dat.csv,False,,9,ecg;eda;emg;eye_tracking;head_movement;performance;respiration;torso_body_accelerometer;xplane,control_input,0,,0,
ils,sub-cp014,ses-20211112,level-04B,run-006,sub-cp014_ses-20211112_level-04B_run-006,task-ils/sub-cp014/ses-20211112/level-04B_run-006,20,20,11,11,True,True,task-ils/sub-cp014/ses-20211112/level-04B_run-006/sub-cp014_ses-20211112_ocuevts_level-04B_run-006.csv;task-ils/sub-cp014/ses-20211112/level-04B_run-006/sub-cp014_ses-20211112_task-ils_stream-lslhtcviveeye_feat-chunk_level-04B_run-006_dat.csv,True,task-ils/sub-cp014/ses-20211112/level-04B_run-006/sub-cp014_ses-20211112_task-ils_stream-lslshimmerecg_feat-chunk_level-04B_run-006_dat.csv,True,task-ils/sub-cp014/ses-20211112/level-04B_run-006/sub-cp014_ses-20211112_task-ils_stream-lslshimmereda_feat-chunk_level-04B_run-006_dat.csv,True,task-ils/sub-cp014/ses-20211112/level-04B_run-006/sub-cp014_ses-20211112_task-ils_stream-lslshimmeremg_feat-chunk_level-04B_run-006_dat.csv,True,task-ils/sub-cp014/ses-20211112/level-04B_run-006/sub-cp014_ses-20211112_task-ils_stream-lslrespitrace_feat-chunk_level-04B_run-006_dat.csv;task-ils/sub-cp014/ses-20211112/level-04B_run-006/sub-cp014_ses-20211112_task-ils_stream-lslshimmerresp_feat-chunk_level-04B_run-006_dat.csv,True,task-ils/sub-cp014/ses-20211112/level-04B_run-006/sub-cp014_ses-20211112_task-ils_stream-lslxp11xpcplt_feat-chunk_level-04B_run-006_dat.csv,True,task-ils/sub-cp014/ses-20211112/level-04B_run-006/sub-cp014_ses-20211112_task-ils_stream-lslxp11xpcac_feat-chunk_level-04B_run-006_dat.csv,True,task-ils/sub-cp014/ses-20211112/level-04B_run-006/sub-cp014_ses-20211112_task-ils_stream-lslxp11_feat-perfmetric_level-04B_run-006.csv,True,task-ils/sub-cp014/ses-20211112/level-04B_run-006/sub-cp014_ses-20211112_task-ils_stream-lslshimmertorsoacc_feat-chunk_level-04B_run-006_dat.csv,False,,9,ecg;eda;emg;eye_tracking;head_movement;performance;respiration;torso_body_accelerometer;xplane,control_input,0,,0,
ils,sub-cp014,ses-20211112,level-04B,run-009,sub-cp014_ses-20211112_level-04B_run-009,task-ils/sub-cp014/ses-20211112/level-04B_run-009,20,20,11,11,True,True,task-ils/sub-cp014/ses-20211112/level-04B_run-009/sub-cp014_ses-20211112_ocuevts_level-04B_run-009.csv;task-ils/sub-cp014/ses-20211112/level-04B_run-009/sub-cp014_ses-20211112_task-ils_stream-lslhtcviveeye_feat-chunk_level-04B_run-009_dat.csv,True,task-ils/sub-cp014/ses-20211112/level-04B_run-009/sub-cp014_ses-20211112_task-ils_stream-lslshimmerecg_feat-chunk_level-04B_run-009_dat.csv,True,task-ils/sub-cp014/ses-20211112/level-04B_run-009/sub-cp014_ses-20211112_task-ils_stream-lslshimmereda_feat-chunk_level-04B_run-009_dat.csv,True,task-ils/sub-cp014/ses-20211112/level-04B_run-009/sub-cp014_ses-20211112_task-ils_stream-lslshimmeremg_feat-chunk_level-04B_run-009_dat.csv,True,task-ils/sub-cp014/ses-20211112/level-04B_run-009/sub-cp014_ses-20211112_task-ils_stream-lslrespitrace_feat-chunk_level-04B_run-009_dat.csv;task-ils/sub-cp014/ses-20211112/level-04B_run-009/sub-cp014_ses-20211112_task-ils_stream-lslshimmerresp_feat-chunk_level-04B_run-009_dat.csv,True,task-ils/sub-cp014/ses-20211112/level-04B_run-009/sub-cp014_ses-20211112_task-ils_stream-lslxp11xpcplt_feat-chunk_level-04B_run-009_dat.csv,True,task-ils/sub-cp014/ses-20211112/level-04B_run-009/sub-cp014_ses-20211112_task-ils_stream-lslxp11xpcac_feat-chunk_level-04B_run-009_dat.csv,True,task-ils/sub-cp014/ses-20211112/level-04B_run-009/sub-cp014_ses-20211112_task-ils_stream-lslxp11_feat-perfmetric_level-04B_run-009.csv,True,task-ils/sub-cp014/ses-20211112/level-04B_run-009/sub-cp014_ses-20211112_task-ils_stream-lslshimmertorsoacc_feat-chunk_level-04B_run-009_dat.csv,False,,9,ecg;eda;emg;eye_tracking;head_movement;performance;respiration;torso_body_accelerometer;xplane,control_input,0,,0,
ils,sub-cp015,ses-20210504,level-01B,run-001,sub-cp015_ses-20210504_level-01B_run-001,task-ils/sub-cp015/ses-20210504/level-01B_run-001,18,18,10,10,True,True,task-ils/sub-cp015/ses-20210504/level-01B_run-001/sub-cp015_ses-20210504_ocuevts_level-01B_run-001.csv;task-ils/sub-cp015/ses-20210504/level-01B_run-001/sub-cp015_ses-20210504_task-ils_stream-lslhtcviveeye_feat-chunk_level-01B_run-001_dat.csv,True,task-ils/sub-cp015/ses-20210504/level-01B_run-001/sub-cp015_ses-20210504_task-ils_stream-lslshimmerecg_feat-chunk_level-01B_run-001_dat.csv,True,task-ils/sub-cp015/ses-20210504/level-01B_run-001/sub-cp015_ses-20210504_task-ils_stream-lslshimmereda_feat-chunk_level-01B_run-001_dat.csv,True,task-ils/sub-cp015/ses-20210504/level-01B_run-001/sub-cp015_ses-20210504_task-ils_stream-lslshimmeremg_feat-chunk_level-01B_run-001_dat.csv,True,task-ils/sub-cp015/ses-20210504/level-01B_run-001/sub-cp015_ses-20210504_task-ils_stream-lslshimmerresp_feat-chunk_level-01B_run-001_dat.csv,True,task-ils/sub-cp015/ses-20210504/level-01B_run-001/sub-cp015_ses-20210504_task-ils_stream-lslxp11xpcplt_feat-chunk_level-01B_run-001_dat.csv,True,task-ils/sub-cp015/ses-20210504/level-01B_run-001/sub-cp015_ses-20210504_task-ils_stream-lslxp11xpcac_feat-chunk_level-01B_run-001_dat.csv,True,task-ils/sub-cp015/ses-20210504/level-01B_run-001/sub-cp015_ses-20210504_task-ils_stream-lslxp11_feat-perfmetric_level-01B_run-001.csv,True,task-ils/sub-cp015/ses-20210504/level-01B_run-001/sub-cp015_ses-20210504_task-ils_stream-lslshimmertorsoacc_feat-chunk_level-01B_run-001_dat.csv,False,,9,ecg;eda;emg;eye_tracking;head_movement;performance;respiration;torso_body_accelerometer;xplane,control_input,0,,0,
ils,sub-cp015,ses-20210504,level-01B,run-007,sub-cp015_ses-20210504_level-01B_run-007,task-ils/sub-cp015/ses-20210504/level-01B_run-007,18,18,10,10,True,True,task-ils/sub-cp015/ses-20210504/level-01B_run-007/sub-cp015_ses-20210504_ocuevts_level-01B_run-007.csv;task-ils/sub-cp015/ses-20210504/level-01B_run-007/sub-cp015_ses-20210504_task-ils_stream-lslhtcviveeye_feat-chunk_level-01B_run-007_dat.csv,True,task-ils/sub-cp015/ses-20210504/level-01B_run-007/sub-cp015_ses-20210504_task-ils_stream-lslshimmerecg_feat-chunk_level-01B_run-007_dat.csv,True,task-ils/sub-cp015/ses-20210504/level-01B_run-007/sub-cp015_ses-20210504_task-ils_stream-lslshimmereda_feat-chunk_level-01B_run-007_dat.csv,True,task-ils/sub-cp015/ses-20210504/level-01B_run-007/sub-cp015_ses-20210504_task-ils_stream-lslshimmeremg_feat-chunk_level-01B_run-007_dat.csv,True,task-ils/sub-cp015/ses-20210504/level-01B_run-007/sub-cp015_ses-20210504_task-ils_stream-lslshimmerresp_feat-chunk_level-01B_run-007_dat.csv,True,task-ils/sub-cp015/ses-20210504/level-01B_run-007/sub-cp015_ses-20210504_task-ils_stream-lslxp11xpcplt_feat-chunk_level-01B_run-007_dat.csv,True,task-ils/sub-cp015/ses-20210504/level-01B_run-007/sub-cp015_ses-20210504_task-ils_stream-lslxp11xpcac_feat-chunk_level-01B_run-007_dat.csv,True,task-ils/sub-cp015/ses-20210504/level-01B_run-007/sub-cp015_ses-20210504_task-ils_stream-lslxp11_feat-perfmetric_level-01B_run-007.csv,True,task-ils/sub-cp015/ses-20210504/level-01B_run-007/sub-cp015_ses-20210504_task-ils_stream-lslshimmertorsoacc_feat-chunk_level-01B_run-007_dat.csv,False,,9,ecg;eda;emg;eye_tracking;head_movement;performance;respiration;torso_body_accelerometer;xplane,control_input,0,,0,
ils,sub-cp015,ses-20210504,level-01B,run-012,sub-cp015_ses-20210504_level-01B_run-012,task-ils/sub-cp015/ses-20210504/level-01B_run-012,18,18,10,10,True,True,task-ils/sub-cp015/ses-20210504/level-01B_run-012/sub-cp015_ses-20210504_ocuevts_level-01B_run-012.csv;task-ils/sub-cp015/ses-20210504/level-01B_run-012/sub-cp015_ses-20210504_task-ils_stream-lslhtcviveeye_feat-chunk_level-01B_run-012_dat.csv,True,task-ils/sub-cp015/ses-20210504/level-01B_run-012/sub-cp015_ses-20210504_task-ils_stream-lslshimmerecg_feat-chunk_level-01B_run-012_dat.csv,True,task-ils/sub-cp015/ses-20210504/level-01B_run-012/sub-cp015_ses-20210504_task-ils_stream-lslshimmereda_feat-chunk_level-01B_run-012_dat.csv,True,task-ils/sub-cp015/ses-20210504/level-01B_run-012/sub-cp015_ses-20210504_task-ils_stream-lslshimmeremg_feat-chunk_level-01B_run-012_dat.csv,True,task-ils/sub-cp015/ses-20210504/level-01B_run-012/sub-cp015_ses-20210504_task-ils_stream-lslshimmerresp_feat-chunk_level-01B_run-012_dat.csv,True,task-ils/sub-cp015/ses-20210504/level-01B_run-012/sub-cp015_ses-20210504_task-ils_stream-lslxp11xpcplt_feat-chunk_level-01B_run-012_dat.csv,True,task-ils/sub-cp015/ses-20210504/level-01B_run-012/sub-cp015_ses-20210504_task-ils_stream-lslxp11xpcac_feat-chunk_level-01B_run-012_dat.csv,True,task-ils/sub-cp015/ses-20210504/level-01B_run-012/sub-cp015_ses-20210504_task-ils_stream-lslxp11_feat-perfmetric_level-01B_run-012.csv,True,task-ils/sub-cp015/ses-20210504/level-01B_run-012/sub-cp015_ses-20210504_task-ils_stream-lslshimmertorsoacc_feat-chunk_level-01B_run-012_dat.csv,False,,9,ecg;eda;emg;eye_tracking;head_movement;performance;respiration;torso_body_accelerometer;xplane,control_input,0,,0,
ils,sub-cp015,ses-20210504,level-02B,run-003,sub-cp015_ses-20210504_level-02B_run-003,task-ils/sub-cp015/ses-20210504/level-02B_run-003,18,18,10,10,True,True,task-ils/sub-cp015/ses-20210504/level-02B_run-003/sub-cp015_ses-20210504_ocuevts_level-02B_run-003.csv;task-ils/sub-cp015/ses-20210504/level-02B_run-003/sub-cp015_ses-20210504_task-ils_stream-lslhtcviveeye_feat-chunk_level-02B_run-003_dat.csv,True,task-ils/sub-cp015/ses-20210504/level-02B_run-003/sub-cp015_ses-20210504_task-ils_stream-lslshimmerecg_feat-chunk_level-02B_run-003_dat.csv,True,task-ils/sub-cp015/ses-20210504/level-02B_run-003/sub-cp015_ses-20210504_task-ils_stream-lslshimmereda_feat-chunk_level-02B_run-003_dat.csv,True,task-ils/sub-cp015/ses-20210504/level-02B_run-003/sub-cp015_ses-20210504_task-ils_stream-lslshimmeremg_feat-chunk_level-02B_run-003_dat.csv,True,task-ils/sub-cp015/ses-20210504/level-02B_run-003/sub-cp015_ses-20210504_task-ils_stream-lslshimmerresp_feat-chunk_level-02B_run-003_dat.csv,True,task-ils/sub-cp015/ses-20210504/level-02B_run-003/sub-cp015_ses-20210504_task-ils_stream-lslxp11xpcplt_feat-chunk_level-02B_run-003_dat.csv,True,task-ils/sub-cp015/ses-20210504/level-02B_run-003/sub-cp015_ses-20210504_task-ils_stream-lslxp11xpcac_feat-chunk_level-02B_run-003_dat.csv,True,task-ils/sub-cp015/ses-20210504/level-02B_run-003/sub-cp015_ses-20210504_task-ils_stream-lslxp11_feat-perfmetric_level-02B_run-003.csv,True,task-ils/sub-cp015/ses-20210504/level-02B_run-003/sub-cp015_ses-20210504_task-ils_stream-lslshimmertorsoacc_feat-chunk_level-02B_run-003_dat.csv,False,,9,ecg;eda;emg;eye_tracking;head_movement;performance;respiration;torso_body_accelerometer;xplane,control_input,0,,0,
ils,sub-cp015,ses-20210504,level-02B,run-008,sub-cp015_ses-20210504_level-02B_run-008,task-ils/sub-cp015/ses-20210504/level-02B_run-008,18,18,10,10,True,True,task-ils/sub-cp015/ses-20210504/level-02B_run-008/sub-cp015_ses-20210504_ocuevts_level-02B_run-008.csv;task-ils/sub-cp015/ses-20210504/level-02B_run-008/sub-cp015_ses-20210504_task-ils_stream-lslhtcviveeye_feat-chunk_level-02B_run-008_dat.csv,True,task-ils/sub-cp015/ses-20210504/level-02B_run-008/sub-cp015_ses-20210504_task-ils_stream-lslshimmerecg_feat-chunk_level-02B_run-008_dat.csv,True,task-ils/sub-cp015/ses-20210504/level-02B_run-008/sub-cp015_ses-20210504_task-ils_stream-lslshimmereda_feat-chunk_level-02B_run-008_dat.csv,True,task-ils/sub-cp015/ses-20210504/level-02B_run-008/sub-cp015_ses-20210504_task-ils_stream-lslshimmeremg_feat-chunk_level-02B_run-008_dat.csv,True,task-ils/sub-cp015/ses-20210504/level-02B_run-008/sub-cp015_ses-20210504_task-ils_stream-lslshimmerresp_feat-chunk_level-02B_run-008_dat.csv,True,task-ils/sub-cp015/ses-20210504/level-02B_run-008/sub-cp015_ses-20210504_task-ils_stream-lslxp11xpcplt_feat-chunk_level-02B_run-008_dat.csv,True,task-ils/sub-cp015/ses-20210504/level-02B_run-008/sub-cp015_ses-20210504_task-ils_stream-lslxp11xpcac_feat-chunk_level-02B_run-008_dat.csv,True,task-ils/sub-cp015/ses-20210504/level-02B_run-008/sub-cp015_ses-20210504_task-ils_stream-lslxp11_feat-perfmetric_level-02B_run-008.csv,True,task-ils/sub-cp015/ses-20210504/level-02B_run-008/sub-cp015_ses-20210504_task-ils_stream-lslshimmertorsoacc_feat-chunk_level-02B_run-008_dat.csv,False,,9,ecg;eda;emg;eye_tracking;head_movement;performance;respiration;torso_body_accelerometer;xplane,control_input,0,,0,
ils,sub-cp015,ses-20210504,level-02B,run-010,sub-cp015_ses-20210504_level-02B_run-010,task-ils/sub-cp015/ses-20210504/level-02B_run-010,18,18,10,10,True,True,task-ils/sub-cp015/ses-20210504/level-02B_run-010/sub-cp015_ses-20210504_ocuevts_level-02B_run-010.csv;task-ils/sub-cp015/ses-20210504/level-02B_run-010/sub-cp015_ses-20210504_task-ils_stream-lslhtcviveeye_feat-chunk_level-02B_run-010_dat.csv,True,task-ils/sub-cp015/ses-20210504/level-02B_run-010/sub-cp015_ses-20210504_task-ils_stream-lslshimmerecg_feat-chunk_level-02B_run-010_dat.csv,True,task-ils/sub-cp015/ses-20210504/level-02B_run-010/sub-cp015_ses-20210504_task-ils_stream-lslshimmereda_feat-chunk_level-02B_run-010_dat.csv,True,task-ils/sub-cp015/ses-20210504/level-02B_run-010/sub-cp015_ses-20210504_task-ils_stream-lslshimmeremg_feat-chunk_level-02B_run-010_dat.csv,True,task-ils/sub-cp015/ses-20210504/level-02B_run-010/sub-cp015_ses-20210504_task-ils_stream-lslshimmerresp_feat-chunk_level-02B_run-010_dat.csv,True,task-ils/sub-cp015/ses-20210504/level-02B_run-010/sub-cp015_ses-20210504_task-ils_stream-lslxp11xpcplt_feat-chunk_level-02B_run-010_dat.csv,True,task-ils/sub-cp015/ses-20210504/level-02B_run-010/sub-cp015_ses-20210504_task-ils_stream-lslxp11xpcac_feat-chunk_level-02B_run-010_dat.csv,True,task-ils/sub-cp015/ses-20210504/level-02B_run-010/sub-cp015_ses-20210504_task-ils_stream-lslxp11_feat-perfmetric_level-02B_run-010.csv,True,task-ils/sub-cp015/ses-20210504/level-02B_run-010/sub-cp015_ses-20210504_task-ils_stream-lslshimmertorsoacc_feat-chunk_level-02B_run-010_dat.csv,False,,9,ecg;eda;emg;eye_tracking;head_movement;performance;respiration;torso_body_accelerometer;xplane,control_input,0,,0,
ils,sub-cp015,ses-20210504,level-03B,run-002,sub-cp015_ses-20210504_level-03B_run-002,task-ils/sub-cp015/ses-20210504/level-03B_run-002,18,18,10,10,True,True,task-ils/sub-cp015/ses-20210504/level-03B_run-002/sub-cp015_ses-20210504_ocuevts_level-03B_run-002.csv;task-ils/sub-cp015/ses-20210504/level-03B_run-002/sub-cp015_ses-20210504_task-ils_stream-lslhtcviveeye_feat-chunk_level-03B_run-002_dat.csv,True,task-ils/sub-cp015/ses-20210504/level-03B_run-002/sub-cp015_ses-20210504_task-ils_stream-lslshimmerecg_feat-chunk_level-03B_run-002_dat.csv,True,task-ils/sub-cp015/ses-20210504/level-03B_run-002/sub-cp015_ses-20210504_task-ils_stream-lslshimmereda_feat-chunk_level-03B_run-002_dat.csv,True,task-ils/sub-cp015/ses-20210504/level-03B_run-002/sub-cp015_ses-20210504_task-ils_stream-lslshimmeremg_feat-chunk_level-03B_run-002_dat.csv,True,task-ils/sub-cp015/ses-20210504/level-03B_run-002/sub-cp015_ses-20210504_task-ils_stream-lslshimmerresp_feat-chunk_level-03B_run-002_dat.csv,True,task-ils/sub-cp015/ses-20210504/level-03B_run-002/sub-cp015_ses-20210504_task-ils_stream-lslxp11xpcplt_feat-chunk_level-03B_run-002_dat.csv,True,task-ils/sub-cp015/ses-20210504/level-03B_run-002/sub-cp015_ses-20210504_task-ils_stream-lslxp11xpcac_feat-chunk_level-03B_run-002_dat.csv,True,task-ils/sub-cp015/ses-20210504/level-03B_run-002/sub-cp015_ses-20210504_task-ils_stream-lslxp11_feat-perfmetric_level-03B_run-002.csv,True,task-ils/sub-cp015/ses-20210504/level-03B_run-002/sub-cp015_ses-20210504_task-ils_stream-lslshimmertorsoacc_feat-chunk_level-03B_run-002_dat.csv,False,,9,ecg;eda;emg;eye_tracking;head_movement;performance;respiration;torso_body_accelerometer;xplane,control_input,0,,0,
ils,sub-cp015,ses-20210504,level-03B,run-005,sub-cp015_ses-20210504_level-03B_run-005,task-ils/sub-cp015/ses-20210504/level-03B_run-005,18,18,10,10,True,True,task-ils/sub-cp015/ses-20210504/level-03B_run-005/sub-cp015_ses-20210504_ocuevts_level-03B_run-005.csv;task-ils/sub-cp015/ses-20210504/level-03B_run-005/sub-cp015_ses-20210504_task-ils_stream-lslhtcviveeye_feat-chunk_level-03B_run-005_dat.csv,True,task-ils/sub-cp015/ses-20210504/level-03B_run-005/sub-cp015_ses-20210504_task-ils_stream-lslshimmerecg_feat-chunk_level-03B_run-005_dat.csv,True,task-ils/sub-cp015/ses-20210504/level-03B_run-005/sub-cp015_ses-20210504_task-ils_stream-lslshimmereda_feat-chunk_level-03B_run-005_dat.csv,True,task-ils/sub-cp015/ses-20210504/level-03B_run-005/sub-cp015_ses-20210504_task-ils_stream-lslshimmeremg_feat-chunk_level-03B_run-005_dat.csv,True,task-ils/sub-cp015/ses-20210504/level-03B_run-005/sub-cp015_ses-20210504_task-ils_stream-lslshimmerresp_feat-chunk_level-03B_run-005_dat.csv,True,task-ils/sub-cp015/ses-20210504/level-03B_run-005/sub-cp015_ses-20210504_task-ils_stream-lslxp11xpcplt_feat-chunk_level-03B_run-005_dat.csv,True,task-ils/sub-cp015/ses-20210504/level-03B_run-005/sub-cp015_ses-20210504_task-ils_stream-lslxp11xpcac_feat-chunk_level-03B_run-005_dat.csv,True,task-ils/sub-cp015/ses-20210504/level-03B_run-005/sub-cp015_ses-20210504_task-ils_stream-lslxp11_feat-perfmetric_level-03B_run-005.csv,True,task-ils/sub-cp015/ses-20210504/level-03B_run-005/sub-cp015_ses-20210504_task-ils_stream-lslshimmertorsoacc_feat-chunk_level-03B_run-005_dat.csv,False,,9,ecg;eda;emg;eye_tracking;head_movement;performance;respiration;torso_body_accelerometer;xplane,control_input,0,,0,
ils,sub-cp015,ses-20210504,level-03B,run-011,sub-cp015_ses-20210504_level-03B_run-011,task-ils/sub-cp015/ses-20210504/level-03B_run-011,18,18,10,10,True,True,task-ils/sub-cp015/ses-20210504/level-03B_run-011/sub-cp015_ses-20210504_ocuevts_level-03B_run-011.csv;task-ils/sub-cp015/ses-20210504/level-03B_run-011/sub-cp015_ses-20210504_task-ils_stream-lslhtcviveeye_feat-chunk_level-03B_run-011_dat.csv,True,task-ils/sub-cp015/ses-20210504/level-03B_run-011/sub-cp015_ses-20210504_task-ils_stream-lslshimmerecg_feat-chunk_level-03B_run-011_dat.csv,True,task-ils/sub-cp015/ses-20210504/level-03B_run-011/sub-cp015_ses-20210504_task-ils_stream-lslshimmereda_feat-chunk_level-03B_run-011_dat.csv,True,task-ils/sub-cp015/ses-20210504/level-03B_run-011/sub-cp015_ses-20210504_task-ils_stream-lslshimmeremg_feat-chunk_level-03B_run-011_dat.csv,True,task-ils/sub-cp015/ses-20210504/level-03B_run-011/sub-cp015_ses-20210504_task-ils_stream-lslshimmerresp_feat-chunk_level-03B_run-011_dat.csv,True,task-ils/sub-cp015/ses-20210504/level-03B_run-011/sub-cp015_ses-20210504_task-ils_stream-lslxp11xpcplt_feat-chunk_level-03B_run-011_dat.csv,True,task-ils/sub-cp015/ses-20210504/level-03B_run-011/sub-cp015_ses-20210504_task-ils_stream-lslxp11xpcac_feat-chunk_level-03B_run-011_dat.csv,True,task-ils/sub-cp015/ses-20210504/level-03B_run-011/sub-cp015_ses-20210504_task-ils_stream-lslxp11_feat-perfmetric_level-03B_run-011.csv,True,task-ils/sub-cp015/ses-20210504/level-03B_run-011/sub-cp015_ses-20210504_task-ils_stream-lslshimmertorsoacc_feat-chunk_level-03B_run-011_dat.csv,False,,9,ecg;eda;emg;eye_tracking;head_movement;performance;respiration;torso_body_accelerometer;xplane,control_input,0,,0,
ils,sub-cp015,ses-20210504,level-04B,run-004,sub-cp015_ses-20210504_level-04B_run-004,task-ils/sub-cp015/ses-20210504/level-04B_run-004,18,18,10,10,True,True,task-ils/sub-cp015/ses-20210504/level-04B_run-004/sub-cp015_ses-20210504_ocuevts_level-04B_run-004.csv;task-ils/sub-cp015/ses-20210504/level-04B_run-004/sub-cp015_ses-20210504_task-ils_stream-lslhtcviveeye_feat-chunk_level-04B_run-004_dat.csv,True,task-ils/sub-cp015/ses-20210504/level-04B_run-004/sub-cp015_ses-20210504_task-ils_stream-lslshimmerecg_feat-chunk_level-04B_run-004_dat.csv,True,task-ils/sub-cp015/ses-20210504/level-04B_run-004/sub-cp015_ses-20210504_task-ils_stream-lslshimmereda_feat-chunk_level-04B_run-004_dat.csv,True,task-ils/sub-cp015/ses-20210504/level-04B_run-004/sub-cp015_ses-20210504_task-ils_stream-lslshimmeremg_feat-chunk_level-04B_run-004_dat.csv,True,task-ils/sub-cp015/ses-20210504/level-04B_run-004/sub-cp015_ses-20210504_task-ils_stream-lslshimmerresp_feat-chunk_level-04B_run-004_dat.csv,True,task-ils/sub-cp015/ses-20210504/level-04B_run-004/sub-cp015_ses-20210504_task-ils_stream-lslxp11xpcplt_feat-chunk_level-04B_run-004_dat.csv,True,task-ils/sub-cp015/ses-20210504/level-04B_run-004/sub-cp015_ses-20210504_task-ils_stream-lslxp11xpcac_feat-chunk_level-04B_run-004_dat.csv,True,task-ils/sub-cp015/ses-20210504/level-04B_run-004/sub-cp015_ses-20210504_task-ils_stream-lslxp11_feat-perfmetric_level-04B_run-004.csv,True,task-ils/sub-cp015/ses-20210504/level-04B_run-004/sub-cp015_ses-20210504_task-ils_stream-lslshimmertorsoacc_feat-chunk_level-04B_run-004_dat.csv,False,,9,ecg;eda;emg;eye_tracking;head_movement;performance;respiration;torso_body_accelerometer;xplane,control_input,0,,0,
ils,sub-cp015,ses-20210504,level-04B,run-006,sub-cp015_ses-20210504_level-04B_run-006,task-ils/sub-cp015/ses-20210504/level-04B_run-006,18,18,10,10,True,True,task-ils/sub-cp015/ses-20210504/level-04B_run-006/sub-cp015_ses-20210504_ocuevts_level-04B_run-006.csv;task-ils/sub-cp015/ses-20210504/level-04B_run-006/sub-cp015_ses-20210504_task-ils_stream-lslhtcviveeye_feat-chunk_level-04B_run-006_dat.csv,True,task-ils/sub-cp015/ses-20210504/level-04B_run-006/sub-cp015_ses-20210504_task-ils_stream-lslshimmerecg_feat-chunk_level-04B_run-006_dat.csv,True,task-ils/sub-cp015/ses-20210504/level-04B_run-006/sub-cp015_ses-20210504_task-ils_stream-lslshimmereda_feat-chunk_level-04B_run-006_dat.csv,True,task-ils/sub-cp015/ses-20210504/level-04B_run-006/sub-cp015_ses-20210504_task-ils_stream-lslshimmeremg_feat-chunk_level-04B_run-006_dat.csv,True,task-ils/sub-cp015/ses-20210504/level-04B_run-006/sub-cp015_ses-20210504_task-ils_stream-lslshimmerresp_feat-chunk_level-04B_run-006_dat.csv,True,task-ils/sub-cp015/ses-20210504/level-04B_run-006/sub-cp015_ses-20210504_task-ils_stream-lslxp11xpcplt_feat-chunk_level-04B_run-006_dat.csv,True,task-ils/sub-cp015/ses-20210504/level-04B_run-006/sub-cp015_ses-20210504_task-ils_stream-lslxp11xpcac_feat-chunk_level-04B_run-006_dat.csv,True,task-ils/sub-cp015/ses-20210504/level-04B_run-006/sub-cp015_ses-20210504_task-ils_stream-lslxp11_feat-perfmetric_level-04B_run-006.csv,True,task-ils/sub-cp015/ses-20210504/level-04B_run-006/sub-cp015_ses-20210504_task-ils_stream-lslshimmertorsoacc_feat-chunk_level-04B_run-006_dat.csv,False,,9,ecg;eda;emg;eye_tracking;head_movement;performance;respiration;torso_body_accelerometer;xplane,control_input,0,,0,
ils,sub-cp015,ses-20210504,level-04B,run-009,sub-cp015_ses-20210504_level-04B_run-009,task-ils/sub-cp015/ses-20210504/level-04B_run-009,18,18,10,10,True,True,task-ils/sub-cp015/ses-20210504/level-04B_run-009/sub-cp015_ses-20210504_ocuevts_level-04B_run-009.csv;task-ils/sub-cp015/ses-20210504/level-04B_run-009/sub-cp015_ses-20210504_task-ils_stream-lslhtcviveeye_feat-chunk_level-04B_run-009_dat.csv,True,task-ils/sub-cp015/ses-20210504/level-04B_run-009/sub-cp015_ses-20210504_task-ils_stream-lslshimmerecg_feat-chunk_level-04B_run-009_dat.csv,True,task-ils/sub-cp015/ses-20210504/level-04B_run-009/sub-cp015_ses-20210504_task-ils_stream-lslshimmereda_feat-chunk_level-04B_run-009_dat.csv,True,task-ils/sub-cp015/ses-20210504/level-04B_run-009/sub-cp015_ses-20210504_task-ils_stream-lslshimmeremg_feat-chunk_level-04B_run-009_dat.csv,True,task-ils/sub-cp015/ses-20210504/level-04B_run-009/sub-cp015_ses-20210504_task-ils_stream-lslshimmerresp_feat-chunk_level-04B_run-009_dat.csv,True,task-ils/sub-cp015/ses-20210504/level-04B_run-009/sub-cp015_ses-20210504_task-ils_stream-lslxp11xpcplt_feat-chunk_level-04B_run-009_dat.csv,True,task-ils/sub-cp015/ses-20210504/level-04B_run-009/sub-cp015_ses-20210504_task-ils_stream-lslxp11xpcac_feat-chunk_level-04B_run-009_dat.csv,True,task-ils/sub-cp015/ses-20210504/level-04B_run-009/sub-cp015_ses-20210504_task-ils_stream-lslxp11_feat-perfmetric_level-04B_run-009.csv,True,task-ils/sub-cp015/ses-20210504/level-04B_run-009/sub-cp015_ses-20210504_task-ils_stream-lslshimmertorsoacc_feat-chunk_level-04B_run-009_dat.csv,False,,9,ecg;eda;emg;eye_tracking;head_movement;performance;respiration;torso_body_accelerometer;xplane,control_input,0,,0,
ils,sub-cp016,ses-20210528,level-01B,run-001,sub-cp016_ses-20210528_level-01B_run-001,task-ils/sub-cp016/ses-20210528/level-01B_run-001,18,18,10,10,True,True,task-ils/sub-cp016/ses-20210528/level-01B_run-001/sub-cp016_ses-20210528_ocuevts_level-01B_run-001.csv;task-ils/sub-cp016/ses-20210528/level-01B_run-001/sub-cp016_ses-20210528_task-ils_stream-lslhtcviveeye_feat-chunk_level-01B_run-001_dat.csv,True,task-ils/sub-cp016/ses-20210528/level-01B_run-001/sub-cp016_ses-20210528_task-ils_stream-lslshimmerecg_feat-chunk_level-01B_run-001_dat.csv,True,task-ils/sub-cp016/ses-20210528/level-01B_run-001/sub-cp016_ses-20210528_task-ils_stream-lslshimmereda_feat-chunk_level-01B_run-001_dat.csv,True,task-ils/sub-cp016/ses-20210528/level-01B_run-001/sub-cp016_ses-20210528_task-ils_stream-lslshimmeremg_feat-chunk_level-01B_run-001_dat.csv,True,task-ils/sub-cp016/ses-20210528/level-01B_run-001/sub-cp016_ses-20210528_task-ils_stream-lslshimmerresp_feat-chunk_level-01B_run-001_dat.csv,True,task-ils/sub-cp016/ses-20210528/level-01B_run-001/sub-cp016_ses-20210528_task-ils_stream-lslxp11xpcplt_feat-chunk_level-01B_run-001_dat.csv,True,task-ils/sub-cp016/ses-20210528/level-01B_run-001/sub-cp016_ses-20210528_task-ils_stream-lslxp11xpcac_feat-chunk_level-01B_run-001_dat.csv,True,task-ils/sub-cp016/ses-20210528/level-01B_run-001/sub-cp016_ses-20210528_task-ils_stream-lslxp11_feat-perfmetric_level-01B_run-001.csv,True,task-ils/sub-cp016/ses-20210528/level-01B_run-001/sub-cp016_ses-20210528_task-ils_stream-lslshimmertorsoacc_feat-chunk_level-01B_run-001_dat.csv,False,,9,ecg;eda;emg;eye_tracking;head_movement;performance;respiration;torso_body_accelerometer;xplane,control_input,0,,0,
ils,sub-cp016,ses-20210528,level-01B,run-007,sub-cp016_ses-20210528_level-01B_run-007,task-ils/sub-cp016/ses-20210528/level-01B_run-007,18,18,10,10,True,True,task-ils/sub-cp016/ses-20210528/level-01B_run-007/sub-cp016_ses-20210528_ocuevts_level-01B_run-007.csv;task-ils/sub-cp016/ses-20210528/level-01B_run-007/sub-cp016_ses-20210528_task-ils_stream-lslhtcviveeye_feat-chunk_level-01B_run-007_dat.csv,True,task-ils/sub-cp016/ses-20210528/level-01B_run-007/sub-cp016_ses-20210528_task-ils_stream-lslshimmerecg_feat-chunk_level-01B_run-007_dat.csv,True,task-ils/sub-cp016/ses-20210528/level-01B_run-007/sub-cp016_ses-20210528_task-ils_stream-lslshimmereda_feat-chunk_level-01B_run-007_dat.csv,True,task-ils/sub-cp016/ses-20210528/level-01B_run-007/sub-cp016_ses-20210528_task-ils_stream-lslshimmeremg_feat-chunk_level-01B_run-007_dat.csv,True,task-ils/sub-cp016/ses-20210528/level-01B_run-007/sub-cp016_ses-20210528_task-ils_stream-lslshimmerresp_feat-chunk_level-01B_run-007_dat.csv,True,task-ils/sub-cp016/ses-20210528/level-01B_run-007/sub-cp016_ses-20210528_task-ils_stream-lslxp11xpcplt_feat-chunk_level-01B_run-007_dat.csv,True,task-ils/sub-cp016/ses-20210528/level-01B_run-007/sub-cp016_ses-20210528_task-ils_stream-lslxp11xpcac_feat-chunk_level-01B_run-007_dat.csv,True,task-ils/sub-cp016/ses-20210528/level-01B_run-007/sub-cp016_ses-20210528_task-ils_stream-lslxp11_feat-perfmetric_level-01B_run-007.csv,True,task-ils/sub-cp016/ses-20210528/level-01B_run-007/sub-cp016_ses-20210528_task-ils_stream-lslshimmertorsoacc_feat-chunk_level-01B_run-007_dat.csv,False,,9,ecg;eda;emg;eye_tracking;head_movement;performance;respiration;torso_body_accelerometer;xplane,control_input,0,,0,
ils,sub-cp016,ses-20210528,level-01B,run-012,sub-cp016_ses-20210528_level-01B_run-012,task-ils/sub-cp016/ses-20210528/level-01B_run-012,18,18,10,10,True,True,task-ils/sub-cp016/ses-20210528/level-01B_run-012/sub-cp016_ses-20210528_ocuevts_level-01B_run-012.csv;task-ils/sub-cp016/ses-20210528/level-01B_run-012/sub-cp016_ses-20210528_task-ils_stream-lslhtcviveeye_feat-chunk_level-01B_run-012_dat.csv,True,task-ils/sub-cp016/ses-20210528/level-01B_run-012/sub-cp016_ses-20210528_task-ils_stream-lslshimmerecg_feat-chunk_level-01B_run-012_dat.csv,True,task-ils/sub-cp016/ses-20210528/level-01B_run-012/sub-cp016_ses-20210528_task-ils_stream-lslshimmereda_feat-chunk_level-01B_run-012_dat.csv,True,task-ils/sub-cp016/ses-20210528/level-01B_run-012/sub-cp016_ses-20210528_task-ils_stream-lslshimmeremg_feat-chunk_level-01B_run-012_dat.csv,True,task-ils/sub-cp016/ses-20210528/level-01B_run-012/sub-cp016_ses-20210528_task-ils_stream-lslshimmerresp_feat-chunk_level-01B_run-012_dat.csv,True,task-ils/sub-cp016/ses-20210528/level-01B_run-012/sub-cp016_ses-20210528_task-ils_stream-lslxp11xpcplt_feat-chunk_level-01B_run-012_dat.csv,True,task-ils/sub-cp016/ses-20210528/level-01B_run-012/sub-cp016_ses-20210528_task-ils_stream-lslxp11xpcac_feat-chunk_level-01B_run-012_dat.csv,True,task-ils/sub-cp016/ses-20210528/level-01B_run-012/sub-cp016_ses-20210528_task-ils_stream-lslxp11_feat-perfmetric_level-01B_run-012.csv,True,task-ils/sub-cp016/ses-20210528/level-01B_run-012/sub-cp016_ses-20210528_task-ils_stream-lslshimmertorsoacc_feat-chunk_level-01B_run-012_dat.csv,False,,9,ecg;eda;emg;eye_tracking;head_movement;performance;respiration;torso_body_accelerometer;xplane,control_input,0,,0,
ils,sub-cp016,ses-20210528,level-02B,run-003,sub-cp016_ses-20210528_level-02B_run-003,task-ils/sub-cp016/ses-20210528/level-02B_run-003,18,18,10,10,True,True,task-ils/sub-cp016/ses-20210528/level-02B_run-003/sub-cp016_ses-20210528_ocuevts_level-02B_run-003.csv;task-ils/sub-cp016/ses-20210528/level-02B_run-003/sub-cp016_ses-20210528_task-ils_stream-lslhtcviveeye_feat-chunk_level-02B_run-003_dat.csv,True,task-ils/sub-cp016/ses-20210528/level-02B_run-003/sub-cp016_ses-20210528_task-ils_stream-lslshimmerecg_feat-chunk_level-02B_run-003_dat.csv,True,task-ils/sub-cp016/ses-20210528/level-02B_run-003/sub-cp016_ses-20210528_task-ils_stream-lslshimmereda_feat-chunk_level-02B_run-003_dat.csv,True,task-ils/sub-cp016/ses-20210528/level-02B_run-003/sub-cp016_ses-20210528_task-ils_stream-lslshimmeremg_feat-chunk_level-02B_run-003_dat.csv,True,task-ils/sub-cp016/ses-20210528/level-02B_run-003/sub-cp016_ses-20210528_task-ils_stream-lslshimmerresp_feat-chunk_level-02B_run-003_dat.csv,True,task-ils/sub-cp016/ses-20210528/level-02B_run-003/sub-cp016_ses-20210528_task-ils_stream-lslxp11xpcplt_feat-chunk_level-02B_run-003_dat.csv,True,task-ils/sub-cp016/ses-20210528/level-02B_run-003/sub-cp016_ses-20210528_task-ils_stream-lslxp11xpcac_feat-chunk_level-02B_run-003_dat.csv,True,task-ils/sub-cp016/ses-20210528/level-02B_run-003/sub-cp016_ses-20210528_task-ils_stream-lslxp11_feat-perfmetric_level-02B_run-003.csv,True,task-ils/sub-cp016/ses-20210528/level-02B_run-003/sub-cp016_ses-20210528_task-ils_stream-lslshimmertorsoacc_feat-chunk_level-02B_run-003_dat.csv,False,,9,ecg;eda;emg;eye_tracking;head_movement;performance;respiration;torso_body_accelerometer;xplane,control_input,0,,0,
ils,sub-cp016,ses-20210528,level-02B,run-008,sub-cp016_ses-20210528_level-02B_run-008,task-ils/sub-cp016/ses-20210528/level-02B_run-008,18,18,10,10,True,True,task-ils/sub-cp016/ses-20210528/level-02B_run-008/sub-cp016_ses-20210528_ocuevts_level-02B_run-008.csv;task-ils/sub-cp016/ses-20210528/level-02B_run-008/sub-cp016_ses-20210528_task-ils_stream-lslhtcviveeye_feat-chunk_level-02B_run-008_dat.csv,True,task-ils/sub-cp016/ses-20210528/level-02B_run-008/sub-cp016_ses-20210528_task-ils_stream-lslshimmerecg_feat-chunk_level-02B_run-008_dat.csv,True,task-ils/sub-cp016/ses-20210528/level-02B_run-008/sub-cp016_ses-20210528_task-ils_stream-lslshimmereda_feat-chunk_level-02B_run-008_dat.csv,True,task-ils/sub-cp016/ses-20210528/level-02B_run-008/sub-cp016_ses-20210528_task-ils_stream-lslshimmeremg_feat-chunk_level-02B_run-008_dat.csv,True,task-ils/sub-cp016/ses-20210528/level-02B_run-008/sub-cp016_ses-20210528_task-ils_stream-lslshimmerresp_feat-chunk_level-02B_run-008_dat.csv,True,task-ils/sub-cp016/ses-20210528/level-02B_run-008/sub-cp016_ses-20210528_task-ils_stream-lslxp11xpcplt_feat-chunk_level-02B_run-008_dat.csv,True,task-ils/sub-cp016/ses-20210528/level-02B_run-008/sub-cp016_ses-20210528_task-ils_stream-lslxp11xpcac_feat-chunk_level-02B_run-008_dat.csv,True,task-ils/sub-cp016/ses-20210528/level-02B_run-008/sub-cp016_ses-20210528_task-ils_stream-lslxp11_feat-perfmetric_level-02B_run-008.csv,True,task-ils/sub-cp016/ses-20210528/level-02B_run-008/sub-cp016_ses-20210528_task-ils_stream-lslshimmertorsoacc_feat-chunk_level-02B_run-008_dat.csv,False,,9,ecg;eda;emg;eye_tracking;head_movement;performance;respiration;torso_body_accelerometer;xplane,control_input,0,,0,
ils,sub-cp016,ses-20210528,level-02B,run-010,sub-cp016_ses-20210528_level-02B_run-010,task-ils/sub-cp016/ses-20210528/level-02B_run-010,18,18,10,10,True,True,task-ils/sub-cp016/ses-20210528/level-02B_run-010/sub-cp016_ses-20210528_ocuevts_level-02B_run-010.csv;task-ils/sub-cp016/ses-20210528/level-02B_run-010/sub-cp016_ses-20210528_task-ils_stream-lslhtcviveeye_feat-chunk_level-02B_run-010_dat.csv,True,task-ils/sub-cp016/ses-20210528/level-02B_run-010/sub-cp016_ses-20210528_task-ils_stream-lslshimmerecg_feat-chunk_level-02B_run-010_dat.csv,True,task-ils/sub-cp016/ses-20210528/level-02B_run-010/sub-cp016_ses-20210528_task-ils_stream-lslshimmereda_feat-chunk_level-02B_run-010_dat.csv,True,task-ils/sub-cp016/ses-20210528/level-02B_run-010/sub-cp016_ses-20210528_task-ils_stream-lslshimmeremg_feat-chunk_level-02B_run-010_dat.csv,True,task-ils/sub-cp016/ses-20210528/level-02B_run-010/sub-cp016_ses-20210528_task-ils_stream-lslshimmerresp_feat-chunk_level-02B_run-010_dat.csv,True,task-ils/sub-cp016/ses-20210528/level-02B_run-010/sub-cp016_ses-20210528_task-ils_stream-lslxp11xpcplt_feat-chunk_level-02B_run-010_dat.csv,True,task-ils/sub-cp016/ses-20210528/level-02B_run-010/sub-cp016_ses-20210528_task-ils_stream-lslxp11xpcac_feat-chunk_level-02B_run-010_dat.csv,True,task-ils/sub-cp016/ses-20210528/level-02B_run-010/sub-cp016_ses-20210528_task-ils_stream-lslxp11_feat-perfmetric_level-02B_run-010.csv,True,task-ils/sub-cp016/ses-20210528/level-02B_run-010/sub-cp016_ses-20210528_task-ils_stream-lslshimmertorsoacc_feat-chunk_level-02B_run-010_dat.csv,False,,9,ecg;eda;emg;eye_tracking;head_movement;performance;respiration;torso_body_accelerometer;xplane,control_input,0,,0,
ils,sub-cp016,ses-20210528,level-03B,run-002,sub-cp016_ses-20210528_level-03B_run-002,task-ils/sub-cp016/ses-20210528/level-03B_run-002,18,18,10,10,True,True,task-ils/sub-cp016/ses-20210528/level-03B_run-002/sub-cp016_ses-20210528_ocuevts_level-03B_run-002.csv;task-ils/sub-cp016/ses-20210528/level-03B_run-002/sub-cp016_ses-20210528_task-ils_stream-lslhtcviveeye_feat-chunk_level-03B_run-002_dat.csv,True,task-ils/sub-cp016/ses-20210528/level-03B_run-002/sub-cp016_ses-20210528_task-ils_stream-lslshimmerecg_feat-chunk_level-03B_run-002_dat.csv,True,task-ils/sub-cp016/ses-20210528/level-03B_run-002/sub-cp016_ses-20210528_task-ils_stream-lslshimmereda_feat-chunk_level-03B_run-002_dat.csv,True,task-ils/sub-cp016/ses-20210528/level-03B_run-002/sub-cp016_ses-20210528_task-ils_stream-lslshimmeremg_feat-chunk_level-03B_run-002_dat.csv,True,task-ils/sub-cp016/ses-20210528/level-03B_run-002/sub-cp016_ses-20210528_task-ils_stream-lslshimmerresp_feat-chunk_level-03B_run-002_dat.csv,True,task-ils/sub-cp016/ses-20210528/level-03B_run-002/sub-cp016_ses-20210528_task-ils_stream-lslxp11xpcplt_feat-chunk_level-03B_run-002_dat.csv,True,task-ils/sub-cp016/ses-20210528/level-03B_run-002/sub-cp016_ses-20210528_task-ils_stream-lslxp11xpcac_feat-chunk_level-03B_run-002_dat.csv,True,task-ils/sub-cp016/ses-20210528/level-03B_run-002/sub-cp016_ses-20210528_task-ils_stream-lslxp11_feat-perfmetric_level-03B_run-002.csv,True,task-ils/sub-cp016/ses-20210528/level-03B_run-002/sub-cp016_ses-20210528_task-ils_stream-lslshimmertorsoacc_feat-chunk_level-03B_run-002_dat.csv,False,,9,ecg;eda;emg;eye_tracking;head_movement;performance;respiration;torso_body_accelerometer;xplane,control_input,0,,0,
ils,sub-cp016,ses-20210528,level-03B,run-005,sub-cp016_ses-20210528_level-03B_run-005,task-ils/sub-cp016/ses-20210528/level-03B_run-005,18,18,10,10,True,True,task-ils/sub-cp016/ses-20210528/level-03B_run-005/sub-cp016_ses-20210528_ocuevts_level-03B_run-005.csv;task-ils/sub-cp016/ses-20210528/level-03B_run-005/sub-cp016_ses-20210528_task-ils_stream-lslhtcviveeye_feat-chunk_level-03B_run-005_dat.csv,True,task-ils/sub-cp016/ses-20210528/level-03B_run-005/sub-cp016_ses-20210528_task-ils_stream-lslshimmerecg_feat-chunk_level-03B_run-005_dat.csv,True,task-ils/sub-cp016/ses-20210528/level-03B_run-005/sub-cp016_ses-20210528_task-ils_stream-lslshimmereda_feat-chunk_level-03B_run-005_dat.csv,True,task-ils/sub-cp016/ses-20210528/level-03B_run-005/sub-cp016_ses-20210528_task-ils_stream-lslshimmeremg_feat-chunk_level-03B_run-005_dat.csv,True,task-ils/sub-cp016/ses-20210528/level-03B_run-005/sub-cp016_ses-20210528_task-ils_stream-lslshimmerresp_feat-chunk_level-03B_run-005_dat.csv,True,task-ils/sub-cp016/ses-20210528/level-03B_run-005/sub-cp016_ses-20210528_task-ils_stream-lslxp11xpcplt_feat-chunk_level-03B_run-005_dat.csv,True,task-ils/sub-cp016/ses-20210528/level-03B_run-005/sub-cp016_ses-20210528_task-ils_stream-lslxp11xpcac_feat-chunk_level-03B_run-005_dat.csv,True,task-ils/sub-cp016/ses-20210528/level-03B_run-005/sub-cp016_ses-20210528_task-ils_stream-lslxp11_feat-perfmetric_level-03B_run-005.csv,True,task-ils/sub-cp016/ses-20210528/level-03B_run-005/sub-cp016_ses-20210528_task-ils_stream-lslshimmertorsoacc_feat-chunk_level-03B_run-005_dat.csv,False,,9,ecg;eda;emg;eye_tracking;head_movement;performance;respiration;torso_body_accelerometer;xplane,control_input,0,,0,
ils,sub-cp016,ses-20210528,level-03B,run-011,sub-cp016_ses-20210528_level-03B_run-011,task-ils/sub-cp016/ses-20210528/level-03B_run-011,18,18,10,10,True,True,task-ils/sub-cp016/ses-20210528/level-03B_run-011/sub-cp016_ses-20210528_ocuevts_level-03B_run-011.csv;task-ils/sub-cp016/ses-20210528/level-03B_run-011/sub-cp016_ses-20210528_task-ils_stream-lslhtcviveeye_feat-chunk_level-03B_run-011_dat.csv,True,task-ils/sub-cp016/ses-20210528/level-03B_run-011/sub-cp016_ses-20210528_task-ils_stream-lslshimmerecg_feat-chunk_level-03B_run-011_dat.csv,True,task-ils/sub-cp016/ses-20210528/level-03B_run-011/sub-cp016_ses-20210528_task-ils_stream-lslshimmereda_feat-chunk_level-03B_run-011_dat.csv,True,task-ils/sub-cp016/ses-20210528/level-03B_run-011/sub-cp016_ses-20210528_task-ils_stream-lslshimmeremg_feat-chunk_level-03B_run-011_dat.csv,True,task-ils/sub-cp016/ses-20210528/level-03B_run-011/sub-cp016_ses-20210528_task-ils_stream-lslshimmerresp_feat-chunk_level-03B_run-011_dat.csv,True,task-ils/sub-cp016/ses-20210528/level-03B_run-011/sub-cp016_ses-20210528_task-ils_stream-lslxp11xpcplt_feat-chunk_level-03B_run-011_dat.csv,True,task-ils/sub-cp016/ses-20210528/level-03B_run-011/sub-cp016_ses-20210528_task-ils_stream-lslxp11xpcac_feat-chunk_level-03B_run-011_dat.csv,True,task-ils/sub-cp016/ses-20210528/level-03B_run-011/sub-cp016_ses-20210528_task-ils_stream-lslxp11_feat-perfmetric_level-03B_run-011.csv,True,task-ils/sub-cp016/ses-20210528/level-03B_run-011/sub-cp016_ses-20210528_task-ils_stream-lslshimmertorsoacc_feat-chunk_level-03B_run-011_dat.csv,False,,9,ecg;eda;emg;eye_tracking;head_movement;performance;respiration;torso_body_accelerometer;xplane,control_input,0,,0,
ils,sub-cp016,ses-20210528,level-04B,run-004,sub-cp016_ses-20210528_level-04B_run-004,task-ils/sub-cp016/ses-20210528/level-04B_run-004,18,18,10,10,True,True,task-ils/sub-cp016/ses-20210528/level-04B_run-004/sub-cp016_ses-20210528_ocuevts_level-04B_run-004.csv;task-ils/sub-cp016/ses-20210528/level-04B_run-004/sub-cp016_ses-20210528_task-ils_stream-lslhtcviveeye_feat-chunk_level-04B_run-004_dat.csv,True,task-ils/sub-cp016/ses-20210528/level-04B_run-004/sub-cp016_ses-20210528_task-ils_stream-lslshimmerecg_feat-chunk_level-04B_run-004_dat.csv,True,task-ils/sub-cp016/ses-20210528/level-04B_run-004/sub-cp016_ses-20210528_task-ils_stream-lslshimmereda_feat-chunk_level-04B_run-004_dat.csv,True,task-ils/sub-cp016/ses-20210528/level-04B_run-004/sub-cp016_ses-20210528_task-ils_stream-lslshimmeremg_feat-chunk_level-04B_run-004_dat.csv,True,task-ils/sub-cp016/ses-20210528/level-04B_run-004/sub-cp016_ses-20210528_task-ils_stream-lslshimmerresp_feat-chunk_level-04B_run-004_dat.csv,True,task-ils/sub-cp016/ses-20210528/level-04B_run-004/sub-cp016_ses-20210528_task-ils_stream-lslxp11xpcplt_feat-chunk_level-04B_run-004_dat.csv,True,task-ils/sub-cp016/ses-20210528/level-04B_run-004/sub-cp016_ses-20210528_task-ils_stream-lslxp11xpcac_feat-chunk_level-04B_run-004_dat.csv,True,task-ils/sub-cp016/ses-20210528/level-04B_run-004/sub-cp016_ses-20210528_task-ils_stream-lslxp11_feat-perfmetric_level-04B_run-004.csv,True,task-ils/sub-cp016/ses-20210528/level-04B_run-004/sub-cp016_ses-20210528_task-ils_stream-lslshimmertorsoacc_feat-chunk_level-04B_run-004_dat.csv,False,,9,ecg;eda;emg;eye_tracking;head_movement;performance;respiration;torso_body_accelerometer;xplane,control_input,0,,0,
ils,sub-cp016,ses-20210528,level-04B,run-006,sub-cp016_ses-20210528_level-04B_run-006,task-ils/sub-cp016/ses-20210528/level-04B_run-006,18,18,10,10,True,True,task-ils/sub-cp016/ses-20210528/level-04B_run-006/sub-cp016_ses-20210528_ocuevts_level-04B_run-006.csv;task-ils/sub-cp016/ses-20210528/level-04B_run-006/sub-cp016_ses-20210528_task-ils_stream-lslhtcviveeye_feat-chunk_level-04B_run-006_dat.csv,True,task-ils/sub-cp016/ses-20210528/level-04B_run-006/sub-cp016_ses-20210528_task-ils_stream-lslshimmerecg_feat-chunk_level-04B_run-006_dat.csv,True,task-ils/sub-cp016/ses-20210528/level-04B_run-006/sub-cp016_ses-20210528_task-ils_stream-lslshimmereda_feat-chunk_level-04B_run-006_dat.csv,True,task-ils/sub-cp016/ses-20210528/level-04B_run-006/sub-cp016_ses-20210528_task-ils_stream-lslshimmeremg_feat-chunk_level-04B_run-006_dat.csv,True,task-ils/sub-cp016/ses-20210528/level-04B_run-006/sub-cp016_ses-20210528_task-ils_stream-lslshimmerresp_feat-chunk_level-04B_run-006_dat.csv,True,task-ils/sub-cp016/ses-20210528/level-04B_run-006/sub-cp016_ses-20210528_task-ils_stream-lslxp11xpcplt_feat-chunk_level-04B_run-006_dat.csv,True,task-ils/sub-cp016/ses-20210528/level-04B_run-006/sub-cp016_ses-20210528_task-ils_stream-lslxp11xpcac_feat-chunk_level-04B_run-006_dat.csv,True,task-ils/sub-cp016/ses-20210528/level-04B_run-006/sub-cp016_ses-20210528_task-ils_stream-lslxp11_feat-perfmetric_level-04B_run-006.csv,True,task-ils/sub-cp016/ses-20210528/level-04B_run-006/sub-cp016_ses-20210528_task-ils_stream-lslshimmertorsoacc_feat-chunk_level-04B_run-006_dat.csv,False,,9,ecg;eda;emg;eye_tracking;head_movement;performance;respiration;torso_body_accelerometer;xplane,control_input,0,,0,
ils,sub-cp016,ses-20210528,level-04B,run-009,sub-cp016_ses-20210528_level-04B_run-009,task-ils/sub-cp016/ses-20210528/level-04B_run-009,18,18,10,10,True,True,task-ils/sub-cp016/ses-20210528/level-04B_run-009/sub-cp016_ses-20210528_ocuevts_level-04B_run-009.csv;task-ils/sub-cp016/ses-20210528/level-04B_run-009/sub-cp016_ses-20210528_task-ils_stream-lslhtcviveeye_feat-chunk_level-04B_run-009_dat.csv,True,task-ils/sub-cp016/ses-20210528/level-04B_run-009/sub-cp016_ses-20210528_task-ils_stream-lslshimmerecg_feat-chunk_level-04B_run-009_dat.csv,True,task-ils/sub-cp016/ses-20210528/level-04B_run-009/sub-cp016_ses-20210528_task-ils_stream-lslshimmereda_feat-chunk_level-04B_run-009_dat.csv,True,task-ils/sub-cp016/ses-20210528/level-04B_run-009/sub-cp016_ses-20210528_task-ils_stream-lslshimmeremg_feat-chunk_level-04B_run-009_dat.csv,True,task-ils/sub-cp016/ses-20210528/level-04B_run-009/sub-cp016_ses-20210528_task-ils_stream-lslshimmerresp_feat-chunk_level-04B_run-009_dat.csv,True,task-ils/sub-cp016/ses-20210528/level-04B_run-009/sub-cp016_ses-20210528_task-ils_stream-lslxp11xpcplt_feat-chunk_level-04B_run-009_dat.csv,True,task-ils/sub-cp016/ses-20210528/level-04B_run-009/sub-cp016_ses-20210528_task-ils_stream-lslxp11xpcac_feat-chunk_level-04B_run-009_dat.csv,True,task-ils/sub-cp016/ses-20210528/level-04B_run-009/sub-cp016_ses-20210528_task-ils_stream-lslxp11_feat-perfmetric_level-04B_run-009.csv,True,task-ils/sub-cp016/ses-20210528/level-04B_run-009/sub-cp016_ses-20210528_task-ils_stream-lslshimmertorsoacc_feat-chunk_level-04B_run-009_dat.csv,False,,9,ecg;eda;emg;eye_tracking;head_movement;performance;respiration;torso_body_accelerometer;xplane,control_input,0,,0,
ils,sub-cp017,ses-20210521,level-01B,run-001,sub-cp017_ses-20210521_level-01B_run-001,task-ils/sub-cp017/ses-20210521/level-01B_run-001,18,18,10,10,True,True,task-ils/sub-cp017/ses-20210521/level-01B_run-001/sub-cp017_ses-20210521_ocuevts_level-01B_run-001.csv;task-ils/sub-cp017/ses-20210521/level-01B_run-001/sub-cp017_ses-20210521_task-ils_stream-lslhtcviveeye_feat-chunk_level-01B_run-001_dat.csv,True,task-ils/sub-cp017/ses-20210521/level-01B_run-001/sub-cp017_ses-20210521_task-ils_stream-lslshimmerecg_feat-chunk_level-01B_run-001_dat.csv,True,task-ils/sub-cp017/ses-20210521/level-01B_run-001/sub-cp017_ses-20210521_task-ils_stream-lslshimmereda_feat-chunk_level-01B_run-001_dat.csv,True,task-ils/sub-cp017/ses-20210521/level-01B_run-001/sub-cp017_ses-20210521_task-ils_stream-lslshimmeremg_feat-chunk_level-01B_run-001_dat.csv,True,task-ils/sub-cp017/ses-20210521/level-01B_run-001/sub-cp017_ses-20210521_task-ils_stream-lslshimmerresp_feat-chunk_level-01B_run-001_dat.csv,True,task-ils/sub-cp017/ses-20210521/level-01B_run-001/sub-cp017_ses-20210521_task-ils_stream-lslxp11xpcplt_feat-chunk_level-01B_run-001_dat.csv,True,task-ils/sub-cp017/ses-20210521/level-01B_run-001/sub-cp017_ses-20210521_task-ils_stream-lslxp11xpcac_feat-chunk_level-01B_run-001_dat.csv,True,task-ils/sub-cp017/ses-20210521/level-01B_run-001/sub-cp017_ses-20210521_task-ils_stream-lslxp11_feat-perfmetric_level-01B_run-001.csv,True,task-ils/sub-cp017/ses-20210521/level-01B_run-001/sub-cp017_ses-20210521_task-ils_stream-lslshimmertorsoacc_feat-chunk_level-01B_run-001_dat.csv,False,,9,ecg;eda;emg;eye_tracking;head_movement;performance;respiration;torso_body_accelerometer;xplane,control_input,0,,0,
ils,sub-cp017,ses-20210521,level-01B,run-007,sub-cp017_ses-20210521_level-01B_run-007,task-ils/sub-cp017/ses-20210521/level-01B_run-007,18,18,10,10,True,True,task-ils/sub-cp017/ses-20210521/level-01B_run-007/sub-cp017_ses-20210521_ocuevts_level-01B_run-007.csv;task-ils/sub-cp017/ses-20210521/level-01B_run-007/sub-cp017_ses-20210521_task-ils_stream-lslhtcviveeye_feat-chunk_level-01B_run-007_dat.csv,True,task-ils/sub-cp017/ses-20210521/level-01B_run-007/sub-cp017_ses-20210521_task-ils_stream-lslshimmerecg_feat-chunk_level-01B_run-007_dat.csv,True,task-ils/sub-cp017/ses-20210521/level-01B_run-007/sub-cp017_ses-20210521_task-ils_stream-lslshimmereda_feat-chunk_level-01B_run-007_dat.csv,True,task-ils/sub-cp017/ses-20210521/level-01B_run-007/sub-cp017_ses-20210521_task-ils_stream-lslshimmeremg_feat-chunk_level-01B_run-007_dat.csv,True,task-ils/sub-cp017/ses-20210521/level-01B_run-007/sub-cp017_ses-20210521_task-ils_stream-lslshimmerresp_feat-chunk_level-01B_run-007_dat.csv,True,task-ils/sub-cp017/ses-20210521/level-01B_run-007/sub-cp017_ses-20210521_task-ils_stream-lslxp11xpcplt_feat-chunk_level-01B_run-007_dat.csv,True,task-ils/sub-cp017/ses-20210521/level-01B_run-007/sub-cp017_ses-20210521_task-ils_stream-lslxp11xpcac_feat-chunk_level-01B_run-007_dat.csv,True,task-ils/sub-cp017/ses-20210521/level-01B_run-007/sub-cp017_ses-20210521_task-ils_stream-lslxp11_feat-perfmetric_level-01B_run-007.csv,True,task-ils/sub-cp017/ses-20210521/level-01B_run-007/sub-cp017_ses-20210521_task-ils_stream-lslshimmertorsoacc_feat-chunk_level-01B_run-007_dat.csv,False,,9,ecg;eda;emg;eye_tracking;head_movement;performance;respiration;torso_body_accelerometer;xplane,control_input,0,,0,
ils,sub-cp017,ses-20210521,level-01B,run-012,sub-cp017_ses-20210521_level-01B_run-012,task-ils/sub-cp017/ses-20210521/level-01B_run-012,18,18,10,10,True,True,task-ils/sub-cp017/ses-20210521/level-01B_run-012/sub-cp017_ses-20210521_ocuevts_level-01B_run-012.csv;task-ils/sub-cp017/ses-20210521/level-01B_run-012/sub-cp017_ses-20210521_task-ils_stream-lslhtcviveeye_feat-chunk_level-01B_run-012_dat.csv,True,task-ils/sub-cp017/ses-20210521/level-01B_run-012/sub-cp017_ses-20210521_task-ils_stream-lslshimmerecg_feat-chunk_level-01B_run-012_dat.csv,True,task-ils/sub-cp017/ses-20210521/level-01B_run-012/sub-cp017_ses-20210521_task-ils_stream-lslshimmereda_feat-chunk_level-01B_run-012_dat.csv,True,task-ils/sub-cp017/ses-20210521/level-01B_run-012/sub-cp017_ses-20210521_task-ils_stream-lslshimmeremg_feat-chunk_level-01B_run-012_dat.csv,True,task-ils/sub-cp017/ses-20210521/level-01B_run-012/sub-cp017_ses-20210521_task-ils_stream-lslshimmerresp_feat-chunk_level-01B_run-012_dat.csv,True,task-ils/sub-cp017/ses-20210521/level-01B_run-012/sub-cp017_ses-20210521_task-ils_stream-lslxp11xpcplt_feat-chunk_level-01B_run-012_dat.csv,True,task-ils/sub-cp017/ses-20210521/level-01B_run-012/sub-cp017_ses-20210521_task-ils_stream-lslxp11xpcac_feat-chunk_level-01B_run-012_dat.csv,True,task-ils/sub-cp017/ses-20210521/level-01B_run-012/sub-cp017_ses-20210521_task-ils_stream-lslxp11_feat-perfmetric_level-01B_run-012.csv,True,task-ils/sub-cp017/ses-20210521/level-01B_run-012/sub-cp017_ses-20210521_task-ils_stream-lslshimmertorsoacc_feat-chunk_level-01B_run-012_dat.csv,False,,9,ecg;eda;emg;eye_tracking;head_movement;performance;respiration;torso_body_accelerometer;xplane,control_input,0,,0,
ils,sub-cp017,ses-20210521,level-02B,run-003,sub-cp017_ses-20210521_level-02B_run-003,task-ils/sub-cp017/ses-20210521/level-02B_run-003,18,18,10,10,True,True,task-ils/sub-cp017/ses-20210521/level-02B_run-003/sub-cp017_ses-20210521_ocuevts_level-02B_run-003.csv;task-ils/sub-cp017/ses-20210521/level-02B_run-003/sub-cp017_ses-20210521_task-ils_stream-lslhtcviveeye_feat-chunk_level-02B_run-003_dat.csv,True,task-ils/sub-cp017/ses-20210521/level-02B_run-003/sub-cp017_ses-20210521_task-ils_stream-lslshimmerecg_feat-chunk_level-02B_run-003_dat.csv,True,task-ils/sub-cp017/ses-20210521/level-02B_run-003/sub-cp017_ses-20210521_task-ils_stream-lslshimmereda_feat-chunk_level-02B_run-003_dat.csv,True,task-ils/sub-cp017/ses-20210521/level-02B_run-003/sub-cp017_ses-20210521_task-ils_stream-lslshimmeremg_feat-chunk_level-02B_run-003_dat.csv,True,task-ils/sub-cp017/ses-20210521/level-02B_run-003/sub-cp017_ses-20210521_task-ils_stream-lslshimmerresp_feat-chunk_level-02B_run-003_dat.csv,True,task-ils/sub-cp017/ses-20210521/level-02B_run-003/sub-cp017_ses-20210521_task-ils_stream-lslxp11xpcplt_feat-chunk_level-02B_run-003_dat.csv,True,task-ils/sub-cp017/ses-20210521/level-02B_run-003/sub-cp017_ses-20210521_task-ils_stream-lslxp11xpcac_feat-chunk_level-02B_run-003_dat.csv,True,task-ils/sub-cp017/ses-20210521/level-02B_run-003/sub-cp017_ses-20210521_task-ils_stream-lslxp11_feat-perfmetric_level-02B_run-003.csv,True,task-ils/sub-cp017/ses-20210521/level-02B_run-003/sub-cp017_ses-20210521_task-ils_stream-lslshimmertorsoacc_feat-chunk_level-02B_run-003_dat.csv,False,,9,ecg;eda;emg;eye_tracking;head_movement;performance;respiration;torso_body_accelerometer;xplane,control_input,0,,0,
ils,sub-cp017,ses-20210521,level-02B,run-008,sub-cp017_ses-20210521_level-02B_run-008,task-ils/sub-cp017/ses-20210521/level-02B_run-008,18,18,10,10,True,True,task-ils/sub-cp017/ses-20210521/level-02B_run-008/sub-cp017_ses-20210521_ocuevts_level-02B_run-008.csv;task-ils/sub-cp017/ses-20210521/level-02B_run-008/sub-cp017_ses-20210521_task-ils_stream-lslhtcviveeye_feat-chunk_level-02B_run-008_dat.csv,True,task-ils/sub-cp017/ses-20210521/level-02B_run-008/sub-cp017_ses-20210521_task-ils_stream-lslshimmerecg_feat-chunk_level-02B_run-008_dat.csv,True,task-ils/sub-cp017/ses-20210521/level-02B_run-008/sub-cp017_ses-20210521_task-ils_stream-lslshimmereda_feat-chunk_level-02B_run-008_dat.csv,True,task-ils/sub-cp017/ses-20210521/level-02B_run-008/sub-cp017_ses-20210521_task-ils_stream-lslshimmeremg_feat-chunk_level-02B_run-008_dat.csv,True,task-ils/sub-cp017/ses-20210521/level-02B_run-008/sub-cp017_ses-20210521_task-ils_stream-lslshimmerresp_feat-chunk_level-02B_run-008_dat.csv,True,task-ils/sub-cp017/ses-20210521/level-02B_run-008/sub-cp017_ses-20210521_task-ils_stream-lslxp11xpcplt_feat-chunk_level-02B_run-008_dat.csv,True,task-ils/sub-cp017/ses-20210521/level-02B_run-008/sub-cp017_ses-20210521_task-ils_stream-lslxp11xpcac_feat-chunk_level-02B_run-008_dat.csv,True,task-ils/sub-cp017/ses-20210521/level-02B_run-008/sub-cp017_ses-20210521_task-ils_stream-lslxp11_feat-perfmetric_level-02B_run-008.csv,True,task-ils/sub-cp017/ses-20210521/level-02B_run-008/sub-cp017_ses-20210521_task-ils_stream-lslshimmertorsoacc_feat-chunk_level-02B_run-008_dat.csv,False,,9,ecg;eda;emg;eye_tracking;head_movement;performance;respiration;torso_body_accelerometer;xplane,control_input,0,,0,
ils,sub-cp017,ses-20210521,level-02B,run-010,sub-cp017_ses-20210521_level-02B_run-010,task-ils/sub-cp017/ses-20210521/level-02B_run-010,18,18,10,10,True,True,task-ils/sub-cp017/ses-20210521/level-02B_run-010/sub-cp017_ses-20210521_ocuevts_level-02B_run-010.csv;task-ils/sub-cp017/ses-20210521/level-02B_run-010/sub-cp017_ses-20210521_task-ils_stream-lslhtcviveeye_feat-chunk_level-02B_run-010_dat.csv,True,task-ils/sub-cp017/ses-20210521/level-02B_run-010/sub-cp017_ses-20210521_task-ils_stream-lslshimmerecg_feat-chunk_level-02B_run-010_dat.csv,True,task-ils/sub-cp017/ses-20210521/level-02B_run-010/sub-cp017_ses-20210521_task-ils_stream-lslshimmereda_feat-chunk_level-02B_run-010_dat.csv,True,task-ils/sub-cp017/ses-20210521/level-02B_run-010/sub-cp017_ses-20210521_task-ils_stream-lslshimmeremg_feat-chunk_level-02B_run-010_dat.csv,True,task-ils/sub-cp017/ses-20210521/level-02B_run-010/sub-cp017_ses-20210521_task-ils_stream-lslshimmerresp_feat-chunk_level-02B_run-010_dat.csv,True,task-ils/sub-cp017/ses-20210521/level-02B_run-010/sub-cp017_ses-20210521_task-ils_stream-lslxp11xpcplt_feat-chunk_level-02B_run-010_dat.csv,True,task-ils/sub-cp017/ses-20210521/level-02B_run-010/sub-cp017_ses-20210521_task-ils_stream-lslxp11xpcac_feat-chunk_level-02B_run-010_dat.csv,True,task-ils/sub-cp017/ses-20210521/level-02B_run-010/sub-cp017_ses-20210521_task-ils_stream-lslxp11_feat-perfmetric_level-02B_run-010.csv,True,task-ils/sub-cp017/ses-20210521/level-02B_run-010/sub-cp017_ses-20210521_task-ils_stream-lslshimmertorsoacc_feat-chunk_level-02B_run-010_dat.csv,False,,9,ecg;eda;emg;eye_tracking;head_movement;performance;respiration;torso_body_accelerometer;xplane,control_input,0,,0,
ils,sub-cp017,ses-20210521,level-03B,run-002,sub-cp017_ses-20210521_level-03B_run-002,task-ils/sub-cp017/ses-20210521/level-03B_run-002,18,18,10,10,True,True,task-ils/sub-cp017/ses-20210521/level-03B_run-002/sub-cp017_ses-20210521_ocuevts_level-03B_run-002.csv;task-ils/sub-cp017/ses-20210521/level-03B_run-002/sub-cp017_ses-20210521_task-ils_stream-lslhtcviveeye_feat-chunk_level-03B_run-002_dat.csv,True,task-ils/sub-cp017/ses-20210521/level-03B_run-002/sub-cp017_ses-20210521_task-ils_stream-lslshimmerecg_feat-chunk_level-03B_run-002_dat.csv,True,task-ils/sub-cp017/ses-20210521/level-03B_run-002/sub-cp017_ses-20210521_task-ils_stream-lslshimmereda_feat-chunk_level-03B_run-002_dat.csv,True,task-ils/sub-cp017/ses-20210521/level-03B_run-002/sub-cp017_ses-20210521_task-ils_stream-lslshimmeremg_feat-chunk_level-03B_run-002_dat.csv,True,task-ils/sub-cp017/ses-20210521/level-03B_run-002/sub-cp017_ses-20210521_task-ils_stream-lslshimmerresp_feat-chunk_level-03B_run-002_dat.csv,True,task-ils/sub-cp017/ses-20210521/level-03B_run-002/sub-cp017_ses-20210521_task-ils_stream-lslxp11xpcplt_feat-chunk_level-03B_run-002_dat.csv,True,task-ils/sub-cp017/ses-20210521/level-03B_run-002/sub-cp017_ses-20210521_task-ils_stream-lslxp11xpcac_feat-chunk_level-03B_run-002_dat.csv,True,task-ils/sub-cp017/ses-20210521/level-03B_run-002/sub-cp017_ses-20210521_task-ils_stream-lslxp11_feat-perfmetric_level-03B_run-002.csv,True,task-ils/sub-cp017/ses-20210521/level-03B_run-002/sub-cp017_ses-20210521_task-ils_stream-lslshimmertorsoacc_feat-chunk_level-03B_run-002_dat.csv,False,,9,ecg;eda;emg;eye_tracking;head_movement;performance;respiration;torso_body_accelerometer;xplane,control_input,0,,0,
ils,sub-cp017,ses-20210521,level-03B,run-005,sub-cp017_ses-20210521_level-03B_run-005,task-ils/sub-cp017/ses-20210521/level-03B_run-005,18,18,10,10,True,True,task-ils/sub-cp017/ses-20210521/level-03B_run-005/sub-cp017_ses-20210521_ocuevts_level-03B_run-005.csv;task-ils/sub-cp017/ses-20210521/level-03B_run-005/sub-cp017_ses-20210521_task-ils_stream-lslhtcviveeye_feat-chunk_level-03B_run-005_dat.csv,True,task-ils/sub-cp017/ses-20210521/level-03B_run-005/sub-cp017_ses-20210521_task-ils_stream-lslshimmerecg_feat-chunk_level-03B_run-005_dat.csv,True,task-ils/sub-cp017/ses-20210521/level-03B_run-005/sub-cp017_ses-20210521_task-ils_stream-lslshimmereda_feat-chunk_level-03B_run-005_dat.csv,True,task-ils/sub-cp017/ses-20210521/level-03B_run-005/sub-cp017_ses-20210521_task-ils_stream-lslshimmeremg_feat-chunk_level-03B_run-005_dat.csv,True,task-ils/sub-cp017/ses-20210521/level-03B_run-005/sub-cp017_ses-20210521_task-ils_stream-lslshimmerresp_feat-chunk_level-03B_run-005_dat.csv,True,task-ils/sub-cp017/ses-20210521/level-03B_run-005/sub-cp017_ses-20210521_task-ils_stream-lslxp11xpcplt_feat-chunk_level-03B_run-005_dat.csv,True,task-ils/sub-cp017/ses-20210521/level-03B_run-005/sub-cp017_ses-20210521_task-ils_stream-lslxp11xpcac_feat-chunk_level-03B_run-005_dat.csv,True,task-ils/sub-cp017/ses-20210521/level-03B_run-005/sub-cp017_ses-20210521_task-ils_stream-lslxp11_feat-perfmetric_level-03B_run-005.csv,True,task-ils/sub-cp017/ses-20210521/level-03B_run-005/sub-cp017_ses-20210521_task-ils_stream-lslshimmertorsoacc_feat-chunk_level-03B_run-005_dat.csv,False,,9,ecg;eda;emg;eye_tracking;head_movement;performance;respiration;torso_body_accelerometer;xplane,control_input,0,,0,
ils,sub-cp017,ses-20210521,level-03B,run-011,sub-cp017_ses-20210521_level-03B_run-011,task-ils/sub-cp017/ses-20210521/level-03B_run-011,18,18,10,10,True,True,task-ils/sub-cp017/ses-20210521/level-03B_run-011/sub-cp017_ses-20210521_ocuevts_level-03B_run-011.csv;task-ils/sub-cp017/ses-20210521/level-03B_run-011/sub-cp017_ses-20210521_task-ils_stream-lslhtcviveeye_feat-chunk_level-03B_run-011_dat.csv,True,task-ils/sub-cp017/ses-20210521/level-03B_run-011/sub-cp017_ses-20210521_task-ils_stream-lslshimmerecg_feat-chunk_level-03B_run-011_dat.csv,True,task-ils/sub-cp017/ses-20210521/level-03B_run-011/sub-cp017_ses-20210521_task-ils_stream-lslshimmereda_feat-chunk_level-03B_run-011_dat.csv,True,task-ils/sub-cp017/ses-20210521/level-03B_run-011/sub-cp017_ses-20210521_task-ils_stream-lslshimmeremg_feat-chunk_level-03B_run-011_dat.csv,True,task-ils/sub-cp017/ses-20210521/level-03B_run-011/sub-cp017_ses-20210521_task-ils_stream-lslshimmerresp_feat-chunk_level-03B_run-011_dat.csv,True,task-ils/sub-cp017/ses-20210521/level-03B_run-011/sub-cp017_ses-20210521_task-ils_stream-lslxp11xpcplt_feat-chunk_level-03B_run-011_dat.csv,True,task-ils/sub-cp017/ses-20210521/level-03B_run-011/sub-cp017_ses-20210521_task-ils_stream-lslxp11xpcac_feat-chunk_level-03B_run-011_dat.csv,True,task-ils/sub-cp017/ses-20210521/level-03B_run-011/sub-cp017_ses-20210521_task-ils_stream-lslxp11_feat-perfmetric_level-03B_run-011.csv,True,task-ils/sub-cp017/ses-20210521/level-03B_run-011/sub-cp017_ses-20210521_task-ils_stream-lslshimmertorsoacc_feat-chunk_level-03B_run-011_dat.csv,False,,9,ecg;eda;emg;eye_tracking;head_movement;performance;respiration;torso_body_accelerometer;xplane,control_input,0,,0,
ils,sub-cp017,ses-20210521,level-04B,run-004,sub-cp017_ses-20210521_level-04B_run-004,task-ils/sub-cp017/ses-20210521/level-04B_run-004,18,18,10,10,True,True,task-ils/sub-cp017/ses-20210521/level-04B_run-004/sub-cp017_ses-20210521_ocuevts_level-04B_run-004.csv;task-ils/sub-cp017/ses-20210521/level-04B_run-004/sub-cp017_ses-20210521_task-ils_stream-lslhtcviveeye_feat-chunk_level-04B_run-004_dat.csv,True,task-ils/sub-cp017/ses-20210521/level-04B_run-004/sub-cp017_ses-20210521_task-ils_stream-lslshimmerecg_feat-chunk_level-04B_run-004_dat.csv,True,task-ils/sub-cp017/ses-20210521/level-04B_run-004/sub-cp017_ses-20210521_task-ils_stream-lslshimmereda_feat-chunk_level-04B_run-004_dat.csv,True,task-ils/sub-cp017/ses-20210521/level-04B_run-004/sub-cp017_ses-20210521_task-ils_stream-lslshimmeremg_feat-chunk_level-04B_run-004_dat.csv,True,task-ils/sub-cp017/ses-20210521/level-04B_run-004/sub-cp017_ses-20210521_task-ils_stream-lslshimmerresp_feat-chunk_level-04B_run-004_dat.csv,True,task-ils/sub-cp017/ses-20210521/level-04B_run-004/sub-cp017_ses-20210521_task-ils_stream-lslxp11xpcplt_feat-chunk_level-04B_run-004_dat.csv,True,task-ils/sub-cp017/ses-20210521/level-04B_run-004/sub-cp017_ses-20210521_task-ils_stream-lslxp11xpcac_feat-chunk_level-04B_run-004_dat.csv,True,task-ils/sub-cp017/ses-20210521/level-04B_run-004/sub-cp017_ses-20210521_task-ils_stream-lslxp11_feat-perfmetric_level-04B_run-004.csv,True,task-ils/sub-cp017/ses-20210521/level-04B_run-004/sub-cp017_ses-20210521_task-ils_stream-lslshimmertorsoacc_feat-chunk_level-04B_run-004_dat.csv,False,,9,ecg;eda;emg;eye_tracking;head_movement;performance;respiration;torso_body_accelerometer;xplane,control_input,0,,0,
ils,sub-cp017,ses-20210521,level-04B,run-006,sub-cp017_ses-20210521_level-04B_run-006,task-ils/sub-cp017/ses-20210521/level-04B_run-006,18,18,10,10,True,True,task-ils/sub-cp017/ses-20210521/level-04B_run-006/sub-cp017_ses-20210521_ocuevts_level-04B_run-006.csv;task-ils/sub-cp017/ses-20210521/level-04B_run-006/sub-cp017_ses-20210521_task-ils_stream-lslhtcviveeye_feat-chunk_level-04B_run-006_dat.csv,True,task-ils/sub-cp017/ses-20210521/level-04B_run-006/sub-cp017_ses-20210521_task-ils_stream-lslshimmerecg_feat-chunk_level-04B_run-006_dat.csv,True,task-ils/sub-cp017/ses-20210521/level-04B_run-006/sub-cp017_ses-20210521_task-ils_stream-lslshimmereda_feat-chunk_level-04B_run-006_dat.csv,True,task-ils/sub-cp017/ses-20210521/level-04B_run-006/sub-cp017_ses-20210521_task-ils_stream-lslshimmeremg_feat-chunk_level-04B_run-006_dat.csv,True,task-ils/sub-cp017/ses-20210521/level-04B_run-006/sub-cp017_ses-20210521_task-ils_stream-lslshimmerresp_feat-chunk_level-04B_run-006_dat.csv,True,task-ils/sub-cp017/ses-20210521/level-04B_run-006/sub-cp017_ses-20210521_task-ils_stream-lslxp11xpcplt_feat-chunk_level-04B_run-006_dat.csv,True,task-ils/sub-cp017/ses-20210521/level-04B_run-006/sub-cp017_ses-20210521_task-ils_stream-lslxp11xpcac_feat-chunk_level-04B_run-006_dat.csv,True,task-ils/sub-cp017/ses-20210521/level-04B_run-006/sub-cp017_ses-20210521_task-ils_stream-lslxp11_feat-perfmetric_level-04B_run-006.csv,True,task-ils/sub-cp017/ses-20210521/level-04B_run-006/sub-cp017_ses-20210521_task-ils_stream-lslshimmertorsoacc_feat-chunk_level-04B_run-006_dat.csv,False,,9,ecg;eda;emg;eye_tracking;head_movement;performance;respiration;torso_body_accelerometer;xplane,control_input,0,,0,
ils,sub-cp017,ses-20210521,level-04B,run-009,sub-cp017_ses-20210521_level-04B_run-009,task-ils/sub-cp017/ses-20210521/level-04B_run-009,18,18,10,10,True,True,task-ils/sub-cp017/ses-20210521/level-04B_run-009/sub-cp017_ses-20210521_ocuevts_level-04B_run-009.csv;task-ils/sub-cp017/ses-20210521/level-04B_run-009/sub-cp017_ses-20210521_task-ils_stream-lslhtcviveeye_feat-chunk_level-04B_run-009_dat.csv,True,task-ils/sub-cp017/ses-20210521/level-04B_run-009/sub-cp017_ses-20210521_task-ils_stream-lslshimmerecg_feat-chunk_level-04B_run-009_dat.csv,True,task-ils/sub-cp017/ses-20210521/level-04B_run-009/sub-cp017_ses-20210521_task-ils_stream-lslshimmereda_feat-chunk_level-04B_run-009_dat.csv,True,task-ils/sub-cp017/ses-20210521/level-04B_run-009/sub-cp017_ses-20210521_task-ils_stream-lslshimmeremg_feat-chunk_level-04B_run-009_dat.csv,True,task-ils/sub-cp017/ses-20210521/level-04B_run-009/sub-cp017_ses-20210521_task-ils_stream-lslshimmerresp_feat-chunk_level-04B_run-009_dat.csv,True,task-ils/sub-cp017/ses-20210521/level-04B_run-009/sub-cp017_ses-20210521_task-ils_stream-lslxp11xpcplt_feat-chunk_level-04B_run-009_dat.csv,True,task-ils/sub-cp017/ses-20210521/level-04B_run-009/sub-cp017_ses-20210521_task-ils_stream-lslxp11xpcac_feat-chunk_level-04B_run-009_dat.csv,True,task-ils/sub-cp017/ses-20210521/level-04B_run-009/sub-cp017_ses-20210521_task-ils_stream-lslxp11_feat-perfmetric_level-04B_run-009.csv,True,task-ils/sub-cp017/ses-20210521/level-04B_run-009/sub-cp017_ses-20210521_task-ils_stream-lslshimmertorsoacc_feat-chunk_level-04B_run-009_dat.csv,False,,9,ecg;eda;emg;eye_tracking;head_movement;performance;respiration;torso_body_accelerometer;xplane,control_input,0,,0,
ils,sub-cp018,ses-20210709,level-01B,run-001,sub-cp018_ses-20210709_level-01B_run-001,task-ils/sub-cp018/ses-20210709/level-01B_run-001,18,18,10,10,True,True,task-ils/sub-cp018/ses-20210709/level-01B_run-001/sub-cp018_ses-20210709_ocuevts_level-01B_run-001.csv;task-ils/sub-cp018/ses-20210709/level-01B_run-001/sub-cp018_ses-20210709_task-ils_stream-lslhtcviveeye_feat-chunk_level-01B_run-001_dat.csv,True,task-ils/sub-cp018/ses-20210709/level-01B_run-001/sub-cp018_ses-20210709_task-ils_stream-lslshimmerecg_feat-chunk_level-01B_run-001_dat.csv,True,task-ils/sub-cp018/ses-20210709/level-01B_run-001/sub-cp018_ses-20210709_task-ils_stream-lslshimmereda_feat-chunk_level-01B_run-001_dat.csv,True,task-ils/sub-cp018/ses-20210709/level-01B_run-001/sub-cp018_ses-20210709_task-ils_stream-lslshimmeremg_feat-chunk_level-01B_run-001_dat.csv,True,task-ils/sub-cp018/ses-20210709/level-01B_run-001/sub-cp018_ses-20210709_task-ils_stream-lslshimmerresp_feat-chunk_level-01B_run-001_dat.csv,True,task-ils/sub-cp018/ses-20210709/level-01B_run-001/sub-cp018_ses-20210709_task-ils_stream-lslxp11xpcplt_feat-chunk_level-01B_run-001_dat.csv,True,task-ils/sub-cp018/ses-20210709/level-01B_run-001/sub-cp018_ses-20210709_task-ils_stream-lslxp11xpcac_feat-chunk_level-01B_run-001_dat.csv,True,task-ils/sub-cp018/ses-20210709/level-01B_run-001/sub-cp018_ses-20210709_task-ils_stream-lslxp11_feat-perfmetric_level-01B_run-001.csv,True,task-ils/sub-cp018/ses-20210709/level-01B_run-001/sub-cp018_ses-20210709_task-ils_stream-lslshimmertorsoacc_feat-chunk_level-01B_run-001_dat.csv,False,,9,ecg;eda;emg;eye_tracking;head_movement;performance;respiration;torso_body_accelerometer;xplane,control_input,0,,0,
ils,sub-cp018,ses-20210709,level-01B,run-007,sub-cp018_ses-20210709_level-01B_run-007,task-ils/sub-cp018/ses-20210709/level-01B_run-007,18,18,10,10,True,True,task-ils/sub-cp018/ses-20210709/level-01B_run-007/sub-cp018_ses-20210709_ocuevts_level-01B_run-007.csv;task-ils/sub-cp018/ses-20210709/level-01B_run-007/sub-cp018_ses-20210709_task-ils_stream-lslhtcviveeye_feat-chunk_level-01B_run-007_dat.csv,True,task-ils/sub-cp018/ses-20210709/level-01B_run-007/sub-cp018_ses-20210709_task-ils_stream-lslshimmerecg_feat-chunk_level-01B_run-007_dat.csv,True,task-ils/sub-cp018/ses-20210709/level-01B_run-007/sub-cp018_ses-20210709_task-ils_stream-lslshimmereda_feat-chunk_level-01B_run-007_dat.csv,True,task-ils/sub-cp018/ses-20210709/level-01B_run-007/sub-cp018_ses-20210709_task-ils_stream-lslshimmeremg_feat-chunk_level-01B_run-007_dat.csv,True,task-ils/sub-cp018/ses-20210709/level-01B_run-007/sub-cp018_ses-20210709_task-ils_stream-lslshimmerresp_feat-chunk_level-01B_run-007_dat.csv,True,task-ils/sub-cp018/ses-20210709/level-01B_run-007/sub-cp018_ses-20210709_task-ils_stream-lslxp11xpcplt_feat-chunk_level-01B_run-007_dat.csv,True,task-ils/sub-cp018/ses-20210709/level-01B_run-007/sub-cp018_ses-20210709_task-ils_stream-lslxp11xpcac_feat-chunk_level-01B_run-007_dat.csv,True,task-ils/sub-cp018/ses-20210709/level-01B_run-007/sub-cp018_ses-20210709_task-ils_stream-lslxp11_feat-perfmetric_level-01B_run-007.csv,True,task-ils/sub-cp018/ses-20210709/level-01B_run-007/sub-cp018_ses-20210709_task-ils_stream-lslshimmertorsoacc_feat-chunk_level-01B_run-007_dat.csv,False,,9,ecg;eda;emg;eye_tracking;head_movement;performance;respiration;torso_body_accelerometer;xplane,control_input,0,,0,
ils,sub-cp018,ses-20210709,level-01B,run-012,sub-cp018_ses-20210709_level-01B_run-012,task-ils/sub-cp018/ses-20210709/level-01B_run-012,18,18,10,10,True,True,task-ils/sub-cp018/ses-20210709/level-01B_run-012/sub-cp018_ses-20210709_ocuevts_level-01B_run-012.csv;task-ils/sub-cp018/ses-20210709/level-01B_run-012/sub-cp018_ses-20210709_task-ils_stream-lslhtcviveeye_feat-chunk_level-01B_run-012_dat.csv,True,task-ils/sub-cp018/ses-20210709/level-01B_run-012/sub-cp018_ses-20210709_task-ils_stream-lslshimmerecg_feat-chunk_level-01B_run-012_dat.csv,True,task-ils/sub-cp018/ses-20210709/level-01B_run-012/sub-cp018_ses-20210709_task-ils_stream-lslshimmereda_feat-chunk_level-01B_run-012_dat.csv,True,task-ils/sub-cp018/ses-20210709/level-01B_run-012/sub-cp018_ses-20210709_task-ils_stream-lslshimmeremg_feat-chunk_level-01B_run-012_dat.csv,True,task-ils/sub-cp018/ses-20210709/level-01B_run-012/sub-cp018_ses-20210709_task-ils_stream-lslshimmerresp_feat-chunk_level-01B_run-012_dat.csv,True,task-ils/sub-cp018/ses-20210709/level-01B_run-012/sub-cp018_ses-20210709_task-ils_stream-lslxp11xpcplt_feat-chunk_level-01B_run-012_dat.csv,True,task-ils/sub-cp018/ses-20210709/level-01B_run-012/sub-cp018_ses-20210709_task-ils_stream-lslxp11xpcac_feat-chunk_level-01B_run-012_dat.csv,True,task-ils/sub-cp018/ses-20210709/level-01B_run-012/sub-cp018_ses-20210709_task-ils_stream-lslxp11_feat-perfmetric_level-01B_run-012.csv,True,task-ils/sub-cp018/ses-20210709/level-01B_run-012/sub-cp018_ses-20210709_task-ils_stream-lslshimmertorsoacc_feat-chunk_level-01B_run-012_dat.csv,False,,9,ecg;eda;emg;eye_tracking;head_movement;performance;respiration;torso_body_accelerometer;xplane,control_input,0,,0,
ils,sub-cp018,ses-20210709,level-02B,run-003,sub-cp018_ses-20210709_level-02B_run-003,task-ils/sub-cp018/ses-20210709/level-02B_run-003,18,18,10,10,True,True,task-ils/sub-cp018/ses-20210709/level-02B_run-003/sub-cp018_ses-20210709_ocuevts_level-02B_run-003.csv;task-ils/sub-cp018/ses-20210709/level-02B_run-003/sub-cp018_ses-20210709_task-ils_stream-lslhtcviveeye_feat-chunk_level-02B_run-003_dat.csv,True,task-ils/sub-cp018/ses-20210709/level-02B_run-003/sub-cp018_ses-20210709_task-ils_stream-lslshimmerecg_feat-chunk_level-02B_run-003_dat.csv,True,task-ils/sub-cp018/ses-20210709/level-02B_run-003/sub-cp018_ses-20210709_task-ils_stream-lslshimmereda_feat-chunk_level-02B_run-003_dat.csv,True,task-ils/sub-cp018/ses-20210709/level-02B_run-003/sub-cp018_ses-20210709_task-ils_stream-lslshimmeremg_feat-chunk_level-02B_run-003_dat.csv,True,task-ils/sub-cp018/ses-20210709/level-02B_run-003/sub-cp018_ses-20210709_task-ils_stream-lslshimmerresp_feat-chunk_level-02B_run-003_dat.csv,True,task-ils/sub-cp018/ses-20210709/level-02B_run-003/sub-cp018_ses-20210709_task-ils_stream-lslxp11xpcplt_feat-chunk_level-02B_run-003_dat.csv,True,task-ils/sub-cp018/ses-20210709/level-02B_run-003/sub-cp018_ses-20210709_task-ils_stream-lslxp11xpcac_feat-chunk_level-02B_run-003_dat.csv,True,task-ils/sub-cp018/ses-20210709/level-02B_run-003/sub-cp018_ses-20210709_task-ils_stream-lslxp11_feat-perfmetric_level-02B_run-003.csv,True,task-ils/sub-cp018/ses-20210709/level-02B_run-003/sub-cp018_ses-20210709_task-ils_stream-lslshimmertorsoacc_feat-chunk_level-02B_run-003_dat.csv,False,,9,ecg;eda;emg;eye_tracking;head_movement;performance;respiration;torso_body_accelerometer;xplane,control_input,0,,0,
ils,sub-cp018,ses-20210709,level-02B,run-008,sub-cp018_ses-20210709_level-02B_run-008,task-ils/sub-cp018/ses-20210709/level-02B_run-008,18,18,10,10,True,True,task-ils/sub-cp018/ses-20210709/level-02B_run-008/sub-cp018_ses-20210709_ocuevts_level-02B_run-008.csv;task-ils/sub-cp018/ses-20210709/level-02B_run-008/sub-cp018_ses-20210709_task-ils_stream-lslhtcviveeye_feat-chunk_level-02B_run-008_dat.csv,True,task-ils/sub-cp018/ses-20210709/level-02B_run-008/sub-cp018_ses-20210709_task-ils_stream-lslshimmerecg_feat-chunk_level-02B_run-008_dat.csv,True,task-ils/sub-cp018/ses-20210709/level-02B_run-008/sub-cp018_ses-20210709_task-ils_stream-lslshimmereda_feat-chunk_level-02B_run-008_dat.csv,True,task-ils/sub-cp018/ses-20210709/level-02B_run-008/sub-cp018_ses-20210709_task-ils_stream-lslshimmeremg_feat-chunk_level-02B_run-008_dat.csv,True,task-ils/sub-cp018/ses-20210709/level-02B_run-008/sub-cp018_ses-20210709_task-ils_stream-lslshimmerresp_feat-chunk_level-02B_run-008_dat.csv,True,task-ils/sub-cp018/ses-20210709/level-02B_run-008/sub-cp018_ses-20210709_task-ils_stream-lslxp11xpcplt_feat-chunk_level-02B_run-008_dat.csv,True,task-ils/sub-cp018/ses-20210709/level-02B_run-008/sub-cp018_ses-20210709_task-ils_stream-lslxp11xpcac_feat-chunk_level-02B_run-008_dat.csv,True,task-ils/sub-cp018/ses-20210709/level-02B_run-008/sub-cp018_ses-20210709_task-ils_stream-lslxp11_feat-perfmetric_level-02B_run-008.csv,True,task-ils/sub-cp018/ses-20210709/level-02B_run-008/sub-cp018_ses-20210709_task-ils_stream-lslshimmertorsoacc_feat-chunk_level-02B_run-008_dat.csv,False,,9,ecg;eda;emg;eye_tracking;head_movement;performance;respiration;torso_body_accelerometer;xplane,control_input,0,,0,
ils,sub-cp018,ses-20210709,level-02B,run-010,sub-cp018_ses-20210709_level-02B_run-010,task-ils/sub-cp018/ses-20210709/level-02B_run-010,18,18,10,10,True,True,task-ils/sub-cp018/ses-20210709/level-02B_run-010/sub-cp018_ses-20210709_ocuevts_level-02B_run-010.csv;task-ils/sub-cp018/ses-20210709/level-02B_run-010/sub-cp018_ses-20210709_task-ils_stream-lslhtcviveeye_feat-chunk_level-02B_run-010_dat.csv,True,task-ils/sub-cp018/ses-20210709/level-02B_run-010/sub-cp018_ses-20210709_task-ils_stream-lslshimmerecg_feat-chunk_level-02B_run-010_dat.csv,True,task-ils/sub-cp018/ses-20210709/level-02B_run-010/sub-cp018_ses-20210709_task-ils_stream-lslshimmereda_feat-chunk_level-02B_run-010_dat.csv,True,task-ils/sub-cp018/ses-20210709/level-02B_run-010/sub-cp018_ses-20210709_task-ils_stream-lslshimmeremg_feat-chunk_level-02B_run-010_dat.csv,True,task-ils/sub-cp018/ses-20210709/level-02B_run-010/sub-cp018_ses-20210709_task-ils_stream-lslshimmerresp_feat-chunk_level-02B_run-010_dat.csv,True,task-ils/sub-cp018/ses-20210709/level-02B_run-010/sub-cp018_ses-20210709_task-ils_stream-lslxp11xpcplt_feat-chunk_level-02B_run-010_dat.csv,True,task-ils/sub-cp018/ses-20210709/level-02B_run-010/sub-cp018_ses-20210709_task-ils_stream-lslxp11xpcac_feat-chunk_level-02B_run-010_dat.csv,True,task-ils/sub-cp018/ses-20210709/level-02B_run-010/sub-cp018_ses-20210709_task-ils_stream-lslxp11_feat-perfmetric_level-02B_run-010.csv,True,task-ils/sub-cp018/ses-20210709/level-02B_run-010/sub-cp018_ses-20210709_task-ils_stream-lslshimmertorsoacc_feat-chunk_level-02B_run-010_dat.csv,False,,9,ecg;eda;emg;eye_tracking;head_movement;performance;respiration;torso_body_accelerometer;xplane,control_input,0,,0,
ils,sub-cp018,ses-20210709,level-03B,run-002,sub-cp018_ses-20210709_level-03B_run-002,task-ils/sub-cp018/ses-20210709/level-03B_run-002,18,18,10,10,True,True,task-ils/sub-cp018/ses-20210709/level-03B_run-002/sub-cp018_ses-20210709_ocuevts_level-03B_run-002.csv;task-ils/sub-cp018/ses-20210709/level-03B_run-002/sub-cp018_ses-20210709_task-ils_stream-lslhtcviveeye_feat-chunk_level-03B_run-002_dat.csv,True,task-ils/sub-cp018/ses-20210709/level-03B_run-002/sub-cp018_ses-20210709_task-ils_stream-lslshimmerecg_feat-chunk_level-03B_run-002_dat.csv,True,task-ils/sub-cp018/ses-20210709/level-03B_run-002/sub-cp018_ses-20210709_task-ils_stream-lslshimmereda_feat-chunk_level-03B_run-002_dat.csv,True,task-ils/sub-cp018/ses-20210709/level-03B_run-002/sub-cp018_ses-20210709_task-ils_stream-lslshimmeremg_feat-chunk_level-03B_run-002_dat.csv,True,task-ils/sub-cp018/ses-20210709/level-03B_run-002/sub-cp018_ses-20210709_task-ils_stream-lslshimmerresp_feat-chunk_level-03B_run-002_dat.csv,True,task-ils/sub-cp018/ses-20210709/level-03B_run-002/sub-cp018_ses-20210709_task-ils_stream-lslxp11xpcplt_feat-chunk_level-03B_run-002_dat.csv,True,task-ils/sub-cp018/ses-20210709/level-03B_run-002/sub-cp018_ses-20210709_task-ils_stream-lslxp11xpcac_feat-chunk_level-03B_run-002_dat.csv,True,task-ils/sub-cp018/ses-20210709/level-03B_run-002/sub-cp018_ses-20210709_task-ils_stream-lslxp11_feat-perfmetric_level-03B_run-002.csv,True,task-ils/sub-cp018/ses-20210709/level-03B_run-002/sub-cp018_ses-20210709_task-ils_stream-lslshimmertorsoacc_feat-chunk_level-03B_run-002_dat.csv,False,,9,ecg;eda;emg;eye_tracking;head_movement;performance;respiration;torso_body_accelerometer;xplane,control_input,0,,0,
ils,sub-cp018,ses-20210709,level-03B,run-005,sub-cp018_ses-20210709_level-03B_run-005,task-ils/sub-cp018/ses-20210709/level-03B_run-005,18,18,10,10,True,True,task-ils/sub-cp018/ses-20210709/level-03B_run-005/sub-cp018_ses-20210709_ocuevts_level-03B_run-005.csv;task-ils/sub-cp018/ses-20210709/level-03B_run-005/sub-cp018_ses-20210709_task-ils_stream-lslhtcviveeye_feat-chunk_level-03B_run-005_dat.csv,True,task-ils/sub-cp018/ses-20210709/level-03B_run-005/sub-cp018_ses-20210709_task-ils_stream-lslshimmerecg_feat-chunk_level-03B_run-005_dat.csv,True,task-ils/sub-cp018/ses-20210709/level-03B_run-005/sub-cp018_ses-20210709_task-ils_stream-lslshimmereda_feat-chunk_level-03B_run-005_dat.csv,True,task-ils/sub-cp018/ses-20210709/level-03B_run-005/sub-cp018_ses-20210709_task-ils_stream-lslshimmeremg_feat-chunk_level-03B_run-005_dat.csv,True,task-ils/sub-cp018/ses-20210709/level-03B_run-005/sub-cp018_ses-20210709_task-ils_stream-lslshimmerresp_feat-chunk_level-03B_run-005_dat.csv,True,task-ils/sub-cp018/ses-20210709/level-03B_run-005/sub-cp018_ses-20210709_task-ils_stream-lslxp11xpcplt_feat-chunk_level-03B_run-005_dat.csv,True,task-ils/sub-cp018/ses-20210709/level-03B_run-005/sub-cp018_ses-20210709_task-ils_stream-lslxp11xpcac_feat-chunk_level-03B_run-005_dat.csv,True,task-ils/sub-cp018/ses-20210709/level-03B_run-005/sub-cp018_ses-20210709_task-ils_stream-lslxp11_feat-perfmetric_level-03B_run-005.csv,True,task-ils/sub-cp018/ses-20210709/level-03B_run-005/sub-cp018_ses-20210709_task-ils_stream-lslshimmertorsoacc_feat-chunk_level-03B_run-005_dat.csv,False,,9,ecg;eda;emg;eye_tracking;head_movement;performance;respiration;torso_body_accelerometer;xplane,control_input,0,,0,
ils,sub-cp018,ses-20210709,level-03B,run-011,sub-cp018_ses-20210709_level-03B_run-011,task-ils/sub-cp018/ses-20210709/level-03B_run-011,18,18,10,10,True,True,task-ils/sub-cp018/ses-20210709/level-03B_run-011/sub-cp018_ses-20210709_ocuevts_level-03B_run-011.csv;task-ils/sub-cp018/ses-20210709/level-03B_run-011/sub-cp018_ses-20210709_task-ils_stream-lslhtcviveeye_feat-chunk_level-03B_run-011_dat.csv,True,task-ils/sub-cp018/ses-20210709/level-03B_run-011/sub-cp018_ses-20210709_task-ils_stream-lslshimmerecg_feat-chunk_level-03B_run-011_dat.csv,True,task-ils/sub-cp018/ses-20210709/level-03B_run-011/sub-cp018_ses-20210709_task-ils_stream-lslshimmereda_feat-chunk_level-03B_run-011_dat.csv,True,task-ils/sub-cp018/ses-20210709/level-03B_run-011/sub-cp018_ses-20210709_task-ils_stream-lslshimmeremg_feat-chunk_level-03B_run-011_dat.csv,True,task-ils/sub-cp018/ses-20210709/level-03B_run-011/sub-cp018_ses-20210709_task-ils_stream-lslshimmerresp_feat-chunk_level-03B_run-011_dat.csv,True,task-ils/sub-cp018/ses-20210709/level-03B_run-011/sub-cp018_ses-20210709_task-ils_stream-lslxp11xpcplt_feat-chunk_level-03B_run-011_dat.csv,True,task-ils/sub-cp018/ses-20210709/level-03B_run-011/sub-cp018_ses-20210709_task-ils_stream-lslxp11xpcac_feat-chunk_level-03B_run-011_dat.csv,True,task-ils/sub-cp018/ses-20210709/level-03B_run-011/sub-cp018_ses-20210709_task-ils_stream-lslxp11_feat-perfmetric_level-03B_run-011.csv,True,task-ils/sub-cp018/ses-20210709/level-03B_run-011/sub-cp018_ses-20210709_task-ils_stream-lslshimmertorsoacc_feat-chunk_level-03B_run-011_dat.csv,False,,9,ecg;eda;emg;eye_tracking;head_movement;performance;respiration;torso_body_accelerometer;xplane,control_input,0,,0,
ils,sub-cp018,ses-20210709,level-04B,run-004,sub-cp018_ses-20210709_level-04B_run-004,task-ils/sub-cp018/ses-20210709/level-04B_run-004,18,18,10,10,True,True,task-ils/sub-cp018/ses-20210709/level-04B_run-004/sub-cp018_ses-20210709_ocuevts_level-04B_run-004.csv;task-ils/sub-cp018/ses-20210709/level-04B_run-004/sub-cp018_ses-20210709_task-ils_stream-lslhtcviveeye_feat-chunk_level-04B_run-004_dat.csv,True,task-ils/sub-cp018/ses-20210709/level-04B_run-004/sub-cp018_ses-20210709_task-ils_stream-lslshimmerecg_feat-chunk_level-04B_run-004_dat.csv,True,task-ils/sub-cp018/ses-20210709/level-04B_run-004/sub-cp018_ses-20210709_task-ils_stream-lslshimmereda_feat-chunk_level-04B_run-004_dat.csv,True,task-ils/sub-cp018/ses-20210709/level-04B_run-004/sub-cp018_ses-20210709_task-ils_stream-lslshimmeremg_feat-chunk_level-04B_run-004_dat.csv,True,task-ils/sub-cp018/ses-20210709/level-04B_run-004/sub-cp018_ses-20210709_task-ils_stream-lslshimmerresp_feat-chunk_level-04B_run-004_dat.csv,True,task-ils/sub-cp018/ses-20210709/level-04B_run-004/sub-cp018_ses-20210709_task-ils_stream-lslxp11xpcplt_feat-chunk_level-04B_run-004_dat.csv,True,task-ils/sub-cp018/ses-20210709/level-04B_run-004/sub-cp018_ses-20210709_task-ils_stream-lslxp11xpcac_feat-chunk_level-04B_run-004_dat.csv,True,task-ils/sub-cp018/ses-20210709/level-04B_run-004/sub-cp018_ses-20210709_task-ils_stream-lslxp11_feat-perfmetric_level-04B_run-004.csv,True,task-ils/sub-cp018/ses-20210709/level-04B_run-004/sub-cp018_ses-20210709_task-ils_stream-lslshimmertorsoacc_feat-chunk_level-04B_run-004_dat.csv,False,,9,ecg;eda;emg;eye_tracking;head_movement;performance;respiration;torso_body_accelerometer;xplane,control_input,0,,0,
ils,sub-cp018,ses-20210709,level-04B,run-006,sub-cp018_ses-20210709_level-04B_run-006,task-ils/sub-cp018/ses-20210709/level-04B_run-006,18,18,10,10,True,True,task-ils/sub-cp018/ses-20210709/level-04B_run-006/sub-cp018_ses-20210709_ocuevts_level-04B_run-006.csv;task-ils/sub-cp018/ses-20210709/level-04B_run-006/sub-cp018_ses-20210709_task-ils_stream-lslhtcviveeye_feat-chunk_level-04B_run-006_dat.csv,True,task-ils/sub-cp018/ses-20210709/level-04B_run-006/sub-cp018_ses-20210709_task-ils_stream-lslshimmerecg_feat-chunk_level-04B_run-006_dat.csv,True,task-ils/sub-cp018/ses-20210709/level-04B_run-006/sub-cp018_ses-20210709_task-ils_stream-lslshimmereda_feat-chunk_level-04B_run-006_dat.csv,True,task-ils/sub-cp018/ses-20210709/level-04B_run-006/sub-cp018_ses-20210709_task-ils_stream-lslshimmeremg_feat-chunk_level-04B_run-006_dat.csv,True,task-ils/sub-cp018/ses-20210709/level-04B_run-006/sub-cp018_ses-20210709_task-ils_stream-lslshimmerresp_feat-chunk_level-04B_run-006_dat.csv,True,task-ils/sub-cp018/ses-20210709/level-04B_run-006/sub-cp018_ses-20210709_task-ils_stream-lslxp11xpcplt_feat-chunk_level-04B_run-006_dat.csv,True,task-ils/sub-cp018/ses-20210709/level-04B_run-006/sub-cp018_ses-20210709_task-ils_stream-lslxp11xpcac_feat-chunk_level-04B_run-006_dat.csv,True,task-ils/sub-cp018/ses-20210709/level-04B_run-006/sub-cp018_ses-20210709_task-ils_stream-lslxp11_feat-perfmetric_level-04B_run-006.csv,True,task-ils/sub-cp018/ses-20210709/level-04B_run-006/sub-cp018_ses-20210709_task-ils_stream-lslshimmertorsoacc_feat-chunk_level-04B_run-006_dat.csv,False,,9,ecg;eda;emg;eye_tracking;head_movement;performance;respiration;torso_body_accelerometer;xplane,control_input,0,,0,
ils,sub-cp018,ses-20210709,level-04B,run-009,sub-cp018_ses-20210709_level-04B_run-009,task-ils/sub-cp018/ses-20210709/level-04B_run-009,18,18,10,10,True,True,task-ils/sub-cp018/ses-20210709/level-04B_run-009/sub-cp018_ses-20210709_ocuevts_level-04B_run-009.csv;task-ils/sub-cp018/ses-20210709/level-04B_run-009/sub-cp018_ses-20210709_task-ils_stream-lslhtcviveeye_feat-chunk_level-04B_run-009_dat.csv,True,task-ils/sub-cp018/ses-20210709/level-04B_run-009/sub-cp018_ses-20210709_task-ils_stream-lslshimmerecg_feat-chunk_level-04B_run-009_dat.csv,True,task-ils/sub-cp018/ses-20210709/level-04B_run-009/sub-cp018_ses-20210709_task-ils_stream-lslshimmereda_feat-chunk_level-04B_run-009_dat.csv,True,task-ils/sub-cp018/ses-20210709/level-04B_run-009/sub-cp018_ses-20210709_task-ils_stream-lslshimmeremg_feat-chunk_level-04B_run-009_dat.csv,True,task-ils/sub-cp018/ses-20210709/level-04B_run-009/sub-cp018_ses-20210709_task-ils_stream-lslshimmerresp_feat-chunk_level-04B_run-009_dat.csv,True,task-ils/sub-cp018/ses-20210709/level-04B_run-009/sub-cp018_ses-20210709_task-ils_stream-lslxp11xpcplt_feat-chunk_level-04B_run-009_dat.csv,True,task-ils/sub-cp018/ses-20210709/level-04B_run-009/sub-cp018_ses-20210709_task-ils_stream-lslxp11xpcac_feat-chunk_level-04B_run-009_dat.csv,True,task-ils/sub-cp018/ses-20210709/level-04B_run-009/sub-cp018_ses-20210709_task-ils_stream-lslxp11_feat-perfmetric_level-04B_run-009.csv,True,task-ils/sub-cp018/ses-20210709/level-04B_run-009/sub-cp018_ses-20210709_task-ils_stream-lslshimmertorsoacc_feat-chunk_level-04B_run-009_dat.csv,False,,9,ecg;eda;emg;eye_tracking;head_movement;performance;respiration;torso_body_accelerometer;xplane,control_input,0,,0,
ils,sub-cp019,ses-20210625,level-01B,run-001,sub-cp019_ses-20210625_level-01B_run-001,task-ils/sub-cp019/ses-20210625/level-01B_run-001,18,18,10,10,True,True,task-ils/sub-cp019/ses-20210625/level-01B_run-001/sub-cp019_ses-20210625_ocuevts_level-01B_run-001.csv;task-ils/sub-cp019/ses-20210625/level-01B_run-001/sub-cp019_ses-20210625_task-ils_stream-lslhtcviveeye_feat-chunk_level-01B_run-001_dat.csv,True,task-ils/sub-cp019/ses-20210625/level-01B_run-001/sub-cp019_ses-20210625_task-ils_stream-lslshimmerecg_feat-chunk_level-01B_run-001_dat.csv,True,task-ils/sub-cp019/ses-20210625/level-01B_run-001/sub-cp019_ses-20210625_task-ils_stream-lslshimmereda_feat-chunk_level-01B_run-001_dat.csv,True,task-ils/sub-cp019/ses-20210625/level-01B_run-001/sub-cp019_ses-20210625_task-ils_stream-lslshimmeremg_feat-chunk_level-01B_run-001_dat.csv,True,task-ils/sub-cp019/ses-20210625/level-01B_run-001/sub-cp019_ses-20210625_task-ils_stream-lslshimmerresp_feat-chunk_level-01B_run-001_dat.csv,True,task-ils/sub-cp019/ses-20210625/level-01B_run-001/sub-cp019_ses-20210625_task-ils_stream-lslxp11xpcplt_feat-chunk_level-01B_run-001_dat.csv,True,task-ils/sub-cp019/ses-20210625/level-01B_run-001/sub-cp019_ses-20210625_task-ils_stream-lslxp11xpcac_feat-chunk_level-01B_run-001_dat.csv,True,task-ils/sub-cp019/ses-20210625/level-01B_run-001/sub-cp019_ses-20210625_task-ils_stream-lslxp11_feat-perfmetric_level-01B_run-001.csv,True,task-ils/sub-cp019/ses-20210625/level-01B_run-001/sub-cp019_ses-20210625_task-ils_stream-lslshimmertorsoacc_feat-chunk_level-01B_run-001_dat.csv,False,,9,ecg;eda;emg;eye_tracking;head_movement;performance;respiration;torso_body_accelerometer;xplane,control_input,0,,0,
ils,sub-cp019,ses-20210625,level-01B,run-007,sub-cp019_ses-20210625_level-01B_run-007,task-ils/sub-cp019/ses-20210625/level-01B_run-007,18,18,10,10,True,True,task-ils/sub-cp019/ses-20210625/level-01B_run-007/sub-cp019_ses-20210625_ocuevts_level-01B_run-007.csv;task-ils/sub-cp019/ses-20210625/level-01B_run-007/sub-cp019_ses-20210625_task-ils_stream-lslhtcviveeye_feat-chunk_level-01B_run-007_dat.csv,True,task-ils/sub-cp019/ses-20210625/level-01B_run-007/sub-cp019_ses-20210625_task-ils_stream-lslshimmerecg_feat-chunk_level-01B_run-007_dat.csv,True,task-ils/sub-cp019/ses-20210625/level-01B_run-007/sub-cp019_ses-20210625_task-ils_stream-lslshimmereda_feat-chunk_level-01B_run-007_dat.csv,True,task-ils/sub-cp019/ses-20210625/level-01B_run-007/sub-cp019_ses-20210625_task-ils_stream-lslshimmeremg_feat-chunk_level-01B_run-007_dat.csv,True,task-ils/sub-cp019/ses-20210625/level-01B_run-007/sub-cp019_ses-20210625_task-ils_stream-lslshimmerresp_feat-chunk_level-01B_run-007_dat.csv,True,task-ils/sub-cp019/ses-20210625/level-01B_run-007/sub-cp019_ses-20210625_task-ils_stream-lslxp11xpcplt_feat-chunk_level-01B_run-007_dat.csv,True,task-ils/sub-cp019/ses-20210625/level-01B_run-007/sub-cp019_ses-20210625_task-ils_stream-lslxp11xpcac_feat-chunk_level-01B_run-007_dat.csv,True,task-ils/sub-cp019/ses-20210625/level-01B_run-007/sub-cp019_ses-20210625_task-ils_stream-lslxp11_feat-perfmetric_level-01B_run-007.csv,True,task-ils/sub-cp019/ses-20210625/level-01B_run-007/sub-cp019_ses-20210625_task-ils_stream-lslshimmertorsoacc_feat-chunk_level-01B_run-007_dat.csv,False,,9,ecg;eda;emg;eye_tracking;head_movement;performance;respiration;torso_body_accelerometer;xplane,control_input,0,,0,
ils,sub-cp019,ses-20210625,level-01B,run-012,sub-cp019_ses-20210625_level-01B_run-012,task-ils/sub-cp019/ses-20210625/level-01B_run-012,18,18,10,10,True,True,task-ils/sub-cp019/ses-20210625/level-01B_run-012/sub-cp019_ses-20210625_ocuevts_level-01B_run-012.csv;task-ils/sub-cp019/ses-20210625/level-01B_run-012/sub-cp019_ses-20210625_task-ils_stream-lslhtcviveeye_feat-chunk_level-01B_run-012_dat.csv,True,task-ils/sub-cp019/ses-20210625/level-01B_run-012/sub-cp019_ses-20210625_task-ils_stream-lslshimmerecg_feat-chunk_level-01B_run-012_dat.csv,True,task-ils/sub-cp019/ses-20210625/level-01B_run-012/sub-cp019_ses-20210625_task-ils_stream-lslshimmereda_feat-chunk_level-01B_run-012_dat.csv,True,task-ils/sub-cp019/ses-20210625/level-01B_run-012/sub-cp019_ses-20210625_task-ils_stream-lslshimmeremg_feat-chunk_level-01B_run-012_dat.csv,True,task-ils/sub-cp019/ses-20210625/level-01B_run-012/sub-cp019_ses-20210625_task-ils_stream-lslshimmerresp_feat-chunk_level-01B_run-012_dat.csv,True,task-ils/sub-cp019/ses-20210625/level-01B_run-012/sub-cp019_ses-20210625_task-ils_stream-lslxp11xpcplt_feat-chunk_level-01B_run-012_dat.csv,True,task-ils/sub-cp019/ses-20210625/level-01B_run-012/sub-cp019_ses-20210625_task-ils_stream-lslxp11xpcac_feat-chunk_level-01B_run-012_dat.csv,True,task-ils/sub-cp019/ses-20210625/level-01B_run-012/sub-cp019_ses-20210625_task-ils_stream-lslxp11_feat-perfmetric_level-01B_run-012.csv,True,task-ils/sub-cp019/ses-20210625/level-01B_run-012/sub-cp019_ses-20210625_task-ils_stream-lslshimmertorsoacc_feat-chunk_level-01B_run-012_dat.csv,False,,9,ecg;eda;emg;eye_tracking;head_movement;performance;respiration;torso_body_accelerometer;xplane,control_input,0,,0,
ils,sub-cp019,ses-20210625,level-02B,run-003,sub-cp019_ses-20210625_level-02B_run-003,task-ils/sub-cp019/ses-20210625/level-02B_run-003,18,18,10,10,True,True,task-ils/sub-cp019/ses-20210625/level-02B_run-003/sub-cp019_ses-20210625_ocuevts_level-02B_run-003.csv;task-ils/sub-cp019/ses-20210625/level-02B_run-003/sub-cp019_ses-20210625_task-ils_stream-lslhtcviveeye_feat-chunk_level-02B_run-003_dat.csv,True,task-ils/sub-cp019/ses-20210625/level-02B_run-003/sub-cp019_ses-20210625_task-ils_stream-lslshimmerecg_feat-chunk_level-02B_run-003_dat.csv,True,task-ils/sub-cp019/ses-20210625/level-02B_run-003/sub-cp019_ses-20210625_task-ils_stream-lslshimmereda_feat-chunk_level-02B_run-003_dat.csv,True,task-ils/sub-cp019/ses-20210625/level-02B_run-003/sub-cp019_ses-20210625_task-ils_stream-lslshimmeremg_feat-chunk_level-02B_run-003_dat.csv,True,task-ils/sub-cp019/ses-20210625/level-02B_run-003/sub-cp019_ses-20210625_task-ils_stream-lslshimmerresp_feat-chunk_level-02B_run-003_dat.csv,True,task-ils/sub-cp019/ses-20210625/level-02B_run-003/sub-cp019_ses-20210625_task-ils_stream-lslxp11xpcplt_feat-chunk_level-02B_run-003_dat.csv,True,task-ils/sub-cp019/ses-20210625/level-02B_run-003/sub-cp019_ses-20210625_task-ils_stream-lslxp11xpcac_feat-chunk_level-02B_run-003_dat.csv,True,task-ils/sub-cp019/ses-20210625/level-02B_run-003/sub-cp019_ses-20210625_task-ils_stream-lslxp11_feat-perfmetric_level-02B_run-003.csv,True,task-ils/sub-cp019/ses-20210625/level-02B_run-003/sub-cp019_ses-20210625_task-ils_stream-lslshimmertorsoacc_feat-chunk_level-02B_run-003_dat.csv,False,,9,ecg;eda;emg;eye_tracking;head_movement;performance;respiration;torso_body_accelerometer;xplane,control_input,0,,0,
ils,sub-cp019,ses-20210625,level-02B,run-008,sub-cp019_ses-20210625_level-02B_run-008,task-ils/sub-cp019/ses-20210625/level-02B_run-008,18,18,10,10,True,True,task-ils/sub-cp019/ses-20210625/level-02B_run-008/sub-cp019_ses-20210625_ocuevts_level-02B_run-008.csv;task-ils/sub-cp019/ses-20210625/level-02B_run-008/sub-cp019_ses-20210625_task-ils_stream-lslhtcviveeye_feat-chunk_level-02B_run-008_dat.csv,True,task-ils/sub-cp019/ses-20210625/level-02B_run-008/sub-cp019_ses-20210625_task-ils_stream-lslshimmerecg_feat-chunk_level-02B_run-008_dat.csv,True,task-ils/sub-cp019/ses-20210625/level-02B_run-008/sub-cp019_ses-20210625_task-ils_stream-lslshimmereda_feat-chunk_level-02B_run-008_dat.csv,True,task-ils/sub-cp019/ses-20210625/level-02B_run-008/sub-cp019_ses-20210625_task-ils_stream-lslshimmeremg_feat-chunk_level-02B_run-008_dat.csv,True,task-ils/sub-cp019/ses-20210625/level-02B_run-008/sub-cp019_ses-20210625_task-ils_stream-lslshimmerresp_feat-chunk_level-02B_run-008_dat.csv,True,task-ils/sub-cp019/ses-20210625/level-02B_run-008/sub-cp019_ses-20210625_task-ils_stream-lslxp11xpcplt_feat-chunk_level-02B_run-008_dat.csv,True,task-ils/sub-cp019/ses-20210625/level-02B_run-008/sub-cp019_ses-20210625_task-ils_stream-lslxp11xpcac_feat-chunk_level-02B_run-008_dat.csv,True,task-ils/sub-cp019/ses-20210625/level-02B_run-008/sub-cp019_ses-20210625_task-ils_stream-lslxp11_feat-perfmetric_level-02B_run-008.csv,True,task-ils/sub-cp019/ses-20210625/level-02B_run-008/sub-cp019_ses-20210625_task-ils_stream-lslshimmertorsoacc_feat-chunk_level-02B_run-008_dat.csv,False,,9,ecg;eda;emg;eye_tracking;head_movement;performance;respiration;torso_body_accelerometer;xplane,control_input,0,,0,
ils,sub-cp019,ses-20210625,level-02B,run-010,sub-cp019_ses-20210625_level-02B_run-010,task-ils/sub-cp019/ses-20210625/level-02B_run-010,18,18,10,10,True,True,task-ils/sub-cp019/ses-20210625/level-02B_run-010/sub-cp019_ses-20210625_ocuevts_level-02B_run-010.csv;task-ils/sub-cp019/ses-20210625/level-02B_run-010/sub-cp019_ses-20210625_task-ils_stream-lslhtcviveeye_feat-chunk_level-02B_run-010_dat.csv,True,task-ils/sub-cp019/ses-20210625/level-02B_run-010/sub-cp019_ses-20210625_task-ils_stream-lslshimmerecg_feat-chunk_level-02B_run-010_dat.csv,True,task-ils/sub-cp019/ses-20210625/level-02B_run-010/sub-cp019_ses-20210625_task-ils_stream-lslshimmereda_feat-chunk_level-02B_run-010_dat.csv,True,task-ils/sub-cp019/ses-20210625/level-02B_run-010/sub-cp019_ses-20210625_task-ils_stream-lslshimmeremg_feat-chunk_level-02B_run-010_dat.csv,True,task-ils/sub-cp019/ses-20210625/level-02B_run-010/sub-cp019_ses-20210625_task-ils_stream-lslshimmerresp_feat-chunk_level-02B_run-010_dat.csv,True,task-ils/sub-cp019/ses-20210625/level-02B_run-010/sub-cp019_ses-20210625_task-ils_stream-lslxp11xpcplt_feat-chunk_level-02B_run-010_dat.csv,True,task-ils/sub-cp019/ses-20210625/level-02B_run-010/sub-cp019_ses-20210625_task-ils_stream-lslxp11xpcac_feat-chunk_level-02B_run-010_dat.csv,True,task-ils/sub-cp019/ses-20210625/level-02B_run-010/sub-cp019_ses-20210625_task-ils_stream-lslxp11_feat-perfmetric_level-02B_run-010.csv,True,task-ils/sub-cp019/ses-20210625/level-02B_run-010/sub-cp019_ses-20210625_task-ils_stream-lslshimmertorsoacc_feat-chunk_level-02B_run-010_dat.csv,False,,9,ecg;eda;emg;eye_tracking;head_movement;performance;respiration;torso_body_accelerometer;xplane,control_input,0,,0,
ils,sub-cp019,ses-20210625,level-03B,run-002,sub-cp019_ses-20210625_level-03B_run-002,task-ils/sub-cp019/ses-20210625/level-03B_run-002,18,18,10,10,True,True,task-ils/sub-cp019/ses-20210625/level-03B_run-002/sub-cp019_ses-20210625_ocuevts_level-03B_run-002.csv;task-ils/sub-cp019/ses-20210625/level-03B_run-002/sub-cp019_ses-20210625_task-ils_stream-lslhtcviveeye_feat-chunk_level-03B_run-002_dat.csv,True,task-ils/sub-cp019/ses-20210625/level-03B_run-002/sub-cp019_ses-20210625_task-ils_stream-lslshimmerecg_feat-chunk_level-03B_run-002_dat.csv,True,task-ils/sub-cp019/ses-20210625/level-03B_run-002/sub-cp019_ses-20210625_task-ils_stream-lslshimmereda_feat-chunk_level-03B_run-002_dat.csv,True,task-ils/sub-cp019/ses-20210625/level-03B_run-002/sub-cp019_ses-20210625_task-ils_stream-lslshimmeremg_feat-chunk_level-03B_run-002_dat.csv,True,task-ils/sub-cp019/ses-20210625/level-03B_run-002/sub-cp019_ses-20210625_task-ils_stream-lslshimmerresp_feat-chunk_level-03B_run-002_dat.csv,True,task-ils/sub-cp019/ses-20210625/level-03B_run-002/sub-cp019_ses-20210625_task-ils_stream-lslxp11xpcplt_feat-chunk_level-03B_run-002_dat.csv,True,task-ils/sub-cp019/ses-20210625/level-03B_run-002/sub-cp019_ses-20210625_task-ils_stream-lslxp11xpcac_feat-chunk_level-03B_run-002_dat.csv,True,task-ils/sub-cp019/ses-20210625/level-03B_run-002/sub-cp019_ses-20210625_task-ils_stream-lslxp11_feat-perfmetric_level-03B_run-002.csv,True,task-ils/sub-cp019/ses-20210625/level-03B_run-002/sub-cp019_ses-20210625_task-ils_stream-lslshimmertorsoacc_feat-chunk_level-03B_run-002_dat.csv,False,,9,ecg;eda;emg;eye_tracking;head_movement;performance;respiration;torso_body_accelerometer;xplane,control_input,0,,0,
ils,sub-cp019,ses-20210625,level-03B,run-005,sub-cp019_ses-20210625_level-03B_run-005,task-ils/sub-cp019/ses-20210625/level-03B_run-005,18,18,10,10,True,True,task-ils/sub-cp019/ses-20210625/level-03B_run-005/sub-cp019_ses-20210625_ocuevts_level-03B_run-005.csv;task-ils/sub-cp019/ses-20210625/level-03B_run-005/sub-cp019_ses-20210625_task-ils_stream-lslhtcviveeye_feat-chunk_level-03B_run-005_dat.csv,True,task-ils/sub-cp019/ses-20210625/level-03B_run-005/sub-cp019_ses-20210625_task-ils_stream-lslshimmerecg_feat-chunk_level-03B_run-005_dat.csv,True,task-ils/sub-cp019/ses-20210625/level-03B_run-005/sub-cp019_ses-20210625_task-ils_stream-lslshimmereda_feat-chunk_level-03B_run-005_dat.csv,True,task-ils/sub-cp019/ses-20210625/level-03B_run-005/sub-cp019_ses-20210625_task-ils_stream-lslshimmeremg_feat-chunk_level-03B_run-005_dat.csv,True,task-ils/sub-cp019/ses-20210625/level-03B_run-005/sub-cp019_ses-20210625_task-ils_stream-lslshimmerresp_feat-chunk_level-03B_run-005_dat.csv,True,task-ils/sub-cp019/ses-20210625/level-03B_run-005/sub-cp019_ses-20210625_task-ils_stream-lslxp11xpcplt_feat-chunk_level-03B_run-005_dat.csv,True,task-ils/sub-cp019/ses-20210625/level-03B_run-005/sub-cp019_ses-20210625_task-ils_stream-lslxp11xpcac_feat-chunk_level-03B_run-005_dat.csv,True,task-ils/sub-cp019/ses-20210625/level-03B_run-005/sub-cp019_ses-20210625_task-ils_stream-lslxp11_feat-perfmetric_level-03B_run-005.csv,True,task-ils/sub-cp019/ses-20210625/level-03B_run-005/sub-cp019_ses-20210625_task-ils_stream-lslshimmertorsoacc_feat-chunk_level-03B_run-005_dat.csv,False,,9,ecg;eda;emg;eye_tracking;head_movement;performance;respiration;torso_body_accelerometer;xplane,control_input,0,,0,
ils,sub-cp019,ses-20210625,level-03B,run-011,sub-cp019_ses-20210625_level-03B_run-011,task-ils/sub-cp019/ses-20210625/level-03B_run-011,18,18,10,10,True,True,task-ils/sub-cp019/ses-20210625/level-03B_run-011/sub-cp019_ses-20210625_ocuevts_level-03B_run-011.csv;task-ils/sub-cp019/ses-20210625/level-03B_run-011/sub-cp019_ses-20210625_task-ils_stream-lslhtcviveeye_feat-chunk_level-03B_run-011_dat.csv,True,task-ils/sub-cp019/ses-20210625/level-03B_run-011/sub-cp019_ses-20210625_task-ils_stream-lslshimmerecg_feat-chunk_level-03B_run-011_dat.csv,True,task-ils/sub-cp019/ses-20210625/level-03B_run-011/sub-cp019_ses-20210625_task-ils_stream-lslshimmereda_feat-chunk_level-03B_run-011_dat.csv,True,task-ils/sub-cp019/ses-20210625/level-03B_run-011/sub-cp019_ses-20210625_task-ils_stream-lslshimmeremg_feat-chunk_level-03B_run-011_dat.csv,True,task-ils/sub-cp019/ses-20210625/level-03B_run-011/sub-cp019_ses-20210625_task-ils_stream-lslshimmerresp_feat-chunk_level-03B_run-011_dat.csv,True,task-ils/sub-cp019/ses-20210625/level-03B_run-011/sub-cp019_ses-20210625_task-ils_stream-lslxp11xpcplt_feat-chunk_level-03B_run-011_dat.csv,True,task-ils/sub-cp019/ses-20210625/level-03B_run-011/sub-cp019_ses-20210625_task-ils_stream-lslxp11xpcac_feat-chunk_level-03B_run-011_dat.csv,True,task-ils/sub-cp019/ses-20210625/level-03B_run-011/sub-cp019_ses-20210625_task-ils_stream-lslxp11_feat-perfmetric_level-03B_run-011.csv,True,task-ils/sub-cp019/ses-20210625/level-03B_run-011/sub-cp019_ses-20210625_task-ils_stream-lslshimmertorsoacc_feat-chunk_level-03B_run-011_dat.csv,False,,9,ecg;eda;emg;eye_tracking;head_movement;performance;respiration;torso_body_accelerometer;xplane,control_input,0,,0,
ils,sub-cp019,ses-20210625,level-04B,run-004,sub-cp019_ses-20210625_level-04B_run-004,task-ils/sub-cp019/ses-20210625/level-04B_run-004,18,18,10,10,True,True,task-ils/sub-cp019/ses-20210625/level-04B_run-004/sub-cp019_ses-20210625_ocuevts_level-04B_run-004.csv;task-ils/sub-cp019/ses-20210625/level-04B_run-004/sub-cp019_ses-20210625_task-ils_stream-lslhtcviveeye_feat-chunk_level-04B_run-004_dat.csv,True,task-ils/sub-cp019/ses-20210625/level-04B_run-004/sub-cp019_ses-20210625_task-ils_stream-lslshimmerecg_feat-chunk_level-04B_run-004_dat.csv,True,task-ils/sub-cp019/ses-20210625/level-04B_run-004/sub-cp019_ses-20210625_task-ils_stream-lslshimmereda_feat-chunk_level-04B_run-004_dat.csv,True,task-ils/sub-cp019/ses-20210625/level-04B_run-004/sub-cp019_ses-20210625_task-ils_stream-lslshimmeremg_feat-chunk_level-04B_run-004_dat.csv,True,task-ils/sub-cp019/ses-20210625/level-04B_run-004/sub-cp019_ses-20210625_task-ils_stream-lslshimmerresp_feat-chunk_level-04B_run-004_dat.csv,True,task-ils/sub-cp019/ses-20210625/level-04B_run-004/sub-cp019_ses-20210625_task-ils_stream-lslxp11xpcplt_feat-chunk_level-04B_run-004_dat.csv,True,task-ils/sub-cp019/ses-20210625/level-04B_run-004/sub-cp019_ses-20210625_task-ils_stream-lslxp11xpcac_feat-chunk_level-04B_run-004_dat.csv,True,task-ils/sub-cp019/ses-20210625/level-04B_run-004/sub-cp019_ses-20210625_task-ils_stream-lslxp11_feat-perfmetric_level-04B_run-004.csv,True,task-ils/sub-cp019/ses-20210625/level-04B_run-004/sub-cp019_ses-20210625_task-ils_stream-lslshimmertorsoacc_feat-chunk_level-04B_run-004_dat.csv,False,,9,ecg;eda;emg;eye_tracking;head_movement;performance;respiration;torso_body_accelerometer;xplane,control_input,0,,0,
ils,sub-cp019,ses-20210625,level-04B,run-006,sub-cp019_ses-20210625_level-04B_run-006,task-ils/sub-cp019/ses-20210625/level-04B_run-006,18,18,10,10,True,True,task-ils/sub-cp019/ses-20210625/level-04B_run-006/sub-cp019_ses-20210625_ocuevts_level-04B_run-006.csv;task-ils/sub-cp019/ses-20210625/level-04B_run-006/sub-cp019_ses-20210625_task-ils_stream-lslhtcviveeye_feat-chunk_level-04B_run-006_dat.csv,True,task-ils/sub-cp019/ses-20210625/level-04B_run-006/sub-cp019_ses-20210625_task-ils_stream-lslshimmerecg_feat-chunk_level-04B_run-006_dat.csv,True,task-ils/sub-cp019/ses-20210625/level-04B_run-006/sub-cp019_ses-20210625_task-ils_stream-lslshimmereda_feat-chunk_level-04B_run-006_dat.csv,True,task-ils/sub-cp019/ses-20210625/level-04B_run-006/sub-cp019_ses-20210625_task-ils_stream-lslshimmeremg_feat-chunk_level-04B_run-006_dat.csv,True,task-ils/sub-cp019/ses-20210625/level-04B_run-006/sub-cp019_ses-20210625_task-ils_stream-lslshimmerresp_feat-chunk_level-04B_run-006_dat.csv,True,task-ils/sub-cp019/ses-20210625/level-04B_run-006/sub-cp019_ses-20210625_task-ils_stream-lslxp11xpcplt_feat-chunk_level-04B_run-006_dat.csv,True,task-ils/sub-cp019/ses-20210625/level-04B_run-006/sub-cp019_ses-20210625_task-ils_stream-lslxp11xpcac_feat-chunk_level-04B_run-006_dat.csv,True,task-ils/sub-cp019/ses-20210625/level-04B_run-006/sub-cp019_ses-20210625_task-ils_stream-lslxp11_feat-perfmetric_level-04B_run-006.csv,True,task-ils/sub-cp019/ses-20210625/level-04B_run-006/sub-cp019_ses-20210625_task-ils_stream-lslshimmertorsoacc_feat-chunk_level-04B_run-006_dat.csv,False,,9,ecg;eda;emg;eye_tracking;head_movement;performance;respiration;torso_body_accelerometer;xplane,control_input,0,,0,
ils,sub-cp019,ses-20210625,level-04B,run-009,sub-cp019_ses-20210625_level-04B_run-009,task-ils/sub-cp019/ses-20210625/level-04B_run-009,18,18,10,10,True,True,task-ils/sub-cp019/ses-20210625/level-04B_run-009/sub-cp019_ses-20210625_ocuevts_level-04B_run-009.csv;task-ils/sub-cp019/ses-20210625/level-04B_run-009/sub-cp019_ses-20210625_task-ils_stream-lslhtcviveeye_feat-chunk_level-04B_run-009_dat.csv,True,task-ils/sub-cp019/ses-20210625/level-04B_run-009/sub-cp019_ses-20210625_task-ils_stream-lslshimmerecg_feat-chunk_level-04B_run-009_dat.csv,True,task-ils/sub-cp019/ses-20210625/level-04B_run-009/sub-cp019_ses-20210625_task-ils_stream-lslshimmereda_feat-chunk_level-04B_run-009_dat.csv,True,task-ils/sub-cp019/ses-20210625/level-04B_run-009/sub-cp019_ses-20210625_task-ils_stream-lslshimmeremg_feat-chunk_level-04B_run-009_dat.csv,True,task-ils/sub-cp019/ses-20210625/level-04B_run-009/sub-cp019_ses-20210625_task-ils_stream-lslshimmerresp_feat-chunk_level-04B_run-009_dat.csv,True,task-ils/sub-cp019/ses-20210625/level-04B_run-009/sub-cp019_ses-20210625_task-ils_stream-lslxp11xpcplt_feat-chunk_level-04B_run-009_dat.csv,True,task-ils/sub-cp019/ses-20210625/level-04B_run-009/sub-cp019_ses-20210625_task-ils_stream-lslxp11xpcac_feat-chunk_level-04B_run-009_dat.csv,True,task-ils/sub-cp019/ses-20210625/level-04B_run-009/sub-cp019_ses-20210625_task-ils_stream-lslxp11_feat-perfmetric_level-04B_run-009.csv,True,task-ils/sub-cp019/ses-20210625/level-04B_run-009/sub-cp019_ses-20210625_task-ils_stream-lslshimmertorsoacc_feat-chunk_level-04B_run-009_dat.csv,False,,9,ecg;eda;emg;eye_tracking;head_movement;performance;respiration;torso_body_accelerometer;xplane,control_input,0,,0,
ils,sub-cp020,ses-20210604,level-01B,run-001,sub-cp020_ses-20210604_level-01B_run-001,task-ils/sub-cp020/ses-20210604/level-01B_run-001,18,18,10,10,True,True,task-ils/sub-cp020/ses-20210604/level-01B_run-001/sub-cp020_ses-20210604_ocuevts_level-01B_run-001.csv;task-ils/sub-cp020/ses-20210604/level-01B_run-001/sub-cp020_ses-20210604_task-ils_stream-lslhtcviveeye_feat-chunk_level-01B_run-001_dat.csv,True,task-ils/sub-cp020/ses-20210604/level-01B_run-001/sub-cp020_ses-20210604_task-ils_stream-lslshimmerecg_feat-chunk_level-01B_run-001_dat.csv,True,task-ils/sub-cp020/ses-20210604/level-01B_run-001/sub-cp020_ses-20210604_task-ils_stream-lslshimmereda_feat-chunk_level-01B_run-001_dat.csv,True,task-ils/sub-cp020/ses-20210604/level-01B_run-001/sub-cp020_ses-20210604_task-ils_stream-lslshimmeremg_feat-chunk_level-01B_run-001_dat.csv,True,task-ils/sub-cp020/ses-20210604/level-01B_run-001/sub-cp020_ses-20210604_task-ils_stream-lslshimmerresp_feat-chunk_level-01B_run-001_dat.csv,True,task-ils/sub-cp020/ses-20210604/level-01B_run-001/sub-cp020_ses-20210604_task-ils_stream-lslxp11xpcplt_feat-chunk_level-01B_run-001_dat.csv,True,task-ils/sub-cp020/ses-20210604/level-01B_run-001/sub-cp020_ses-20210604_task-ils_stream-lslxp11xpcac_feat-chunk_level-01B_run-001_dat.csv,True,task-ils/sub-cp020/ses-20210604/level-01B_run-001/sub-cp020_ses-20210604_task-ils_stream-lslxp11_feat-perfmetric_level-01B_run-001.csv,True,task-ils/sub-cp020/ses-20210604/level-01B_run-001/sub-cp020_ses-20210604_task-ils_stream-lslshimmertorsoacc_feat-chunk_level-01B_run-001_dat.csv,False,,9,ecg;eda;emg;eye_tracking;head_movement;performance;respiration;torso_body_accelerometer;xplane,control_input,0,,0,
ils,sub-cp020,ses-20210604,level-01B,run-007,sub-cp020_ses-20210604_level-01B_run-007,task-ils/sub-cp020/ses-20210604/level-01B_run-007,18,18,10,10,True,True,task-ils/sub-cp020/ses-20210604/level-01B_run-007/sub-cp020_ses-20210604_ocuevts_level-01B_run-007.csv;task-ils/sub-cp020/ses-20210604/level-01B_run-007/sub-cp020_ses-20210604_task-ils_stream-lslhtcviveeye_feat-chunk_level-01B_run-007_dat.csv,True,task-ils/sub-cp020/ses-20210604/level-01B_run-007/sub-cp020_ses-20210604_task-ils_stream-lslshimmerecg_feat-chunk_level-01B_run-007_dat.csv,True,task-ils/sub-cp020/ses-20210604/level-01B_run-007/sub-cp020_ses-20210604_task-ils_stream-lslshimmereda_feat-chunk_level-01B_run-007_dat.csv,True,task-ils/sub-cp020/ses-20210604/level-01B_run-007/sub-cp020_ses-20210604_task-ils_stream-lslshimmeremg_feat-chunk_level-01B_run-007_dat.csv,True,task-ils/sub-cp020/ses-20210604/level-01B_run-007/sub-cp020_ses-20210604_task-ils_stream-lslshimmerresp_feat-chunk_level-01B_run-007_dat.csv,True,task-ils/sub-cp020/ses-20210604/level-01B_run-007/sub-cp020_ses-20210604_task-ils_stream-lslxp11xpcplt_feat-chunk_level-01B_run-007_dat.csv,True,task-ils/sub-cp020/ses-20210604/level-01B_run-007/sub-cp020_ses-20210604_task-ils_stream-lslxp11xpcac_feat-chunk_level-01B_run-007_dat.csv,True,task-ils/sub-cp020/ses-20210604/level-01B_run-007/sub-cp020_ses-20210604_task-ils_stream-lslxp11_feat-perfmetric_level-01B_run-007.csv,True,task-ils/sub-cp020/ses-20210604/level-01B_run-007/sub-cp020_ses-20210604_task-ils_stream-lslshimmertorsoacc_feat-chunk_level-01B_run-007_dat.csv,False,,9,ecg;eda;emg;eye_tracking;head_movement;performance;respiration;torso_body_accelerometer;xplane,control_input,0,,0,
ils,sub-cp020,ses-20210604,level-01B,run-012,sub-cp020_ses-20210604_level-01B_run-012,task-ils/sub-cp020/ses-20210604/level-01B_run-012,18,18,10,10,True,True,task-ils/sub-cp020/ses-20210604/level-01B_run-012/sub-cp020_ses-20210604_ocuevts_level-01B_run-012.csv;task-ils/sub-cp020/ses-20210604/level-01B_run-012/sub-cp020_ses-20210604_task-ils_stream-lslhtcviveeye_feat-chunk_level-01B_run-012_dat.csv,True,task-ils/sub-cp020/ses-20210604/level-01B_run-012/sub-cp020_ses-20210604_task-ils_stream-lslshimmerecg_feat-chunk_level-01B_run-012_dat.csv,True,task-ils/sub-cp020/ses-20210604/level-01B_run-012/sub-cp020_ses-20210604_task-ils_stream-lslshimmereda_feat-chunk_level-01B_run-012_dat.csv,True,task-ils/sub-cp020/ses-20210604/level-01B_run-012/sub-cp020_ses-20210604_task-ils_stream-lslshimmeremg_feat-chunk_level-01B_run-012_dat.csv,True,task-ils/sub-cp020/ses-20210604/level-01B_run-012/sub-cp020_ses-20210604_task-ils_stream-lslshimmerresp_feat-chunk_level-01B_run-012_dat.csv,True,task-ils/sub-cp020/ses-20210604/level-01B_run-012/sub-cp020_ses-20210604_task-ils_stream-lslxp11xpcplt_feat-chunk_level-01B_run-012_dat.csv,True,task-ils/sub-cp020/ses-20210604/level-01B_run-012/sub-cp020_ses-20210604_task-ils_stream-lslxp11xpcac_feat-chunk_level-01B_run-012_dat.csv,True,task-ils/sub-cp020/ses-20210604/level-01B_run-012/sub-cp020_ses-20210604_task-ils_stream-lslxp11_feat-perfmetric_level-01B_run-012.csv,True,task-ils/sub-cp020/ses-20210604/level-01B_run-012/sub-cp020_ses-20210604_task-ils_stream-lslshimmertorsoacc_feat-chunk_level-01B_run-012_dat.csv,False,,9,ecg;eda;emg;eye_tracking;head_movement;performance;respiration;torso_body_accelerometer;xplane,control_input,0,,0,
ils,sub-cp020,ses-20210604,level-02B,run-003,sub-cp020_ses-20210604_level-02B_run-003,task-ils/sub-cp020/ses-20210604/level-02B_run-003,18,18,10,10,True,True,task-ils/sub-cp020/ses-20210604/level-02B_run-003/sub-cp020_ses-20210604_ocuevts_level-02B_run-003.csv;task-ils/sub-cp020/ses-20210604/level-02B_run-003/sub-cp020_ses-20210604_task-ils_stream-lslhtcviveeye_feat-chunk_level-02B_run-003_dat.csv,True,task-ils/sub-cp020/ses-20210604/level-02B_run-003/sub-cp020_ses-20210604_task-ils_stream-lslshimmerecg_feat-chunk_level-02B_run-003_dat.csv,True,task-ils/sub-cp020/ses-20210604/level-02B_run-003/sub-cp020_ses-20210604_task-ils_stream-lslshimmereda_feat-chunk_level-02B_run-003_dat.csv,True,task-ils/sub-cp020/ses-20210604/level-02B_run-003/sub-cp020_ses-20210604_task-ils_stream-lslshimmeremg_feat-chunk_level-02B_run-003_dat.csv,True,task-ils/sub-cp020/ses-20210604/level-02B_run-003/sub-cp020_ses-20210604_task-ils_stream-lslshimmerresp_feat-chunk_level-02B_run-003_dat.csv,True,task-ils/sub-cp020/ses-20210604/level-02B_run-003/sub-cp020_ses-20210604_task-ils_stream-lslxp11xpcplt_feat-chunk_level-02B_run-003_dat.csv,True,task-ils/sub-cp020/ses-20210604/level-02B_run-003/sub-cp020_ses-20210604_task-ils_stream-lslxp11xpcac_feat-chunk_level-02B_run-003_dat.csv,True,task-ils/sub-cp020/ses-20210604/level-02B_run-003/sub-cp020_ses-20210604_task-ils_stream-lslxp11_feat-perfmetric_level-02B_run-003.csv,True,task-ils/sub-cp020/ses-20210604/level-02B_run-003/sub-cp020_ses-20210604_task-ils_stream-lslshimmertorsoacc_feat-chunk_level-02B_run-003_dat.csv,False,,9,ecg;eda;emg;eye_tracking;head_movement;performance;respiration;torso_body_accelerometer;xplane,control_input,0,,0,
ils,sub-cp020,ses-20210604,level-02B,run-008,sub-cp020_ses-20210604_level-02B_run-008,task-ils/sub-cp020/ses-20210604/level-02B_run-008,18,18,10,10,True,True,task-ils/sub-cp020/ses-20210604/level-02B_run-008/sub-cp020_ses-20210604_ocuevts_level-02B_run-008.csv;task-ils/sub-cp020/ses-20210604/level-02B_run-008/sub-cp020_ses-20210604_task-ils_stream-lslhtcviveeye_feat-chunk_level-02B_run-008_dat.csv,True,task-ils/sub-cp020/ses-20210604/level-02B_run-008/sub-cp020_ses-20210604_task-ils_stream-lslshimmerecg_feat-chunk_level-02B_run-008_dat.csv,True,task-ils/sub-cp020/ses-20210604/level-02B_run-008/sub-cp020_ses-20210604_task-ils_stream-lslshimmereda_feat-chunk_level-02B_run-008_dat.csv,True,task-ils/sub-cp020/ses-20210604/level-02B_run-008/sub-cp020_ses-20210604_task-ils_stream-lslshimmeremg_feat-chunk_level-02B_run-008_dat.csv,True,task-ils/sub-cp020/ses-20210604/level-02B_run-008/sub-cp020_ses-20210604_task-ils_stream-lslshimmerresp_feat-chunk_level-02B_run-008_dat.csv,True,task-ils/sub-cp020/ses-20210604/level-02B_run-008/sub-cp020_ses-20210604_task-ils_stream-lslxp11xpcplt_feat-chunk_level-02B_run-008_dat.csv,True,task-ils/sub-cp020/ses-20210604/level-02B_run-008/sub-cp020_ses-20210604_task-ils_stream-lslxp11xpcac_feat-chunk_level-02B_run-008_dat.csv,True,task-ils/sub-cp020/ses-20210604/level-02B_run-008/sub-cp020_ses-20210604_task-ils_stream-lslxp11_feat-perfmetric_level-02B_run-008.csv,True,task-ils/sub-cp020/ses-20210604/level-02B_run-008/sub-cp020_ses-20210604_task-ils_stream-lslshimmertorsoacc_feat-chunk_level-02B_run-008_dat.csv,False,,9,ecg;eda;emg;eye_tracking;head_movement;performance;respiration;torso_body_accelerometer;xplane,control_input,0,,0,
ils,sub-cp020,ses-20210604,level-02B,run-010,sub-cp020_ses-20210604_level-02B_run-010,task-ils/sub-cp020/ses-20210604/level-02B_run-010,18,18,10,10,True,True,task-ils/sub-cp020/ses-20210604/level-02B_run-010/sub-cp020_ses-20210604_ocuevts_level-02B_run-010.csv;task-ils/sub-cp020/ses-20210604/level-02B_run-010/sub-cp020_ses-20210604_task-ils_stream-lslhtcviveeye_feat-chunk_level-02B_run-010_dat.csv,True,task-ils/sub-cp020/ses-20210604/level-02B_run-010/sub-cp020_ses-20210604_task-ils_stream-lslshimmerecg_feat-chunk_level-02B_run-010_dat.csv,True,task-ils/sub-cp020/ses-20210604/level-02B_run-010/sub-cp020_ses-20210604_task-ils_stream-lslshimmereda_feat-chunk_level-02B_run-010_dat.csv,True,task-ils/sub-cp020/ses-20210604/level-02B_run-010/sub-cp020_ses-20210604_task-ils_stream-lslshimmeremg_feat-chunk_level-02B_run-010_dat.csv,True,task-ils/sub-cp020/ses-20210604/level-02B_run-010/sub-cp020_ses-20210604_task-ils_stream-lslshimmerresp_feat-chunk_level-02B_run-010_dat.csv,True,task-ils/sub-cp020/ses-20210604/level-02B_run-010/sub-cp020_ses-20210604_task-ils_stream-lslxp11xpcplt_feat-chunk_level-02B_run-010_dat.csv,True,task-ils/sub-cp020/ses-20210604/level-02B_run-010/sub-cp020_ses-20210604_task-ils_stream-lslxp11xpcac_feat-chunk_level-02B_run-010_dat.csv,True,task-ils/sub-cp020/ses-20210604/level-02B_run-010/sub-cp020_ses-20210604_task-ils_stream-lslxp11_feat-perfmetric_level-02B_run-010.csv,True,task-ils/sub-cp020/ses-20210604/level-02B_run-010/sub-cp020_ses-20210604_task-ils_stream-lslshimmertorsoacc_feat-chunk_level-02B_run-010_dat.csv,False,,9,ecg;eda;emg;eye_tracking;head_movement;performance;respiration;torso_body_accelerometer;xplane,control_input,0,,0,
ils,sub-cp020,ses-20210604,level-03B,run-002,sub-cp020_ses-20210604_level-03B_run-002,task-ils/sub-cp020/ses-20210604/level-03B_run-002,18,18,10,10,True,True,task-ils/sub-cp020/ses-20210604/level-03B_run-002/sub-cp020_ses-20210604_ocuevts_level-03B_run-002.csv;task-ils/sub-cp020/ses-20210604/level-03B_run-002/sub-cp020_ses-20210604_task-ils_stream-lslhtcviveeye_feat-chunk_level-03B_run-002_dat.csv,True,task-ils/sub-cp020/ses-20210604/level-03B_run-002/sub-cp020_ses-20210604_task-ils_stream-lslshimmerecg_feat-chunk_level-03B_run-002_dat.csv,True,task-ils/sub-cp020/ses-20210604/level-03B_run-002/sub-cp020_ses-20210604_task-ils_stream-lslshimmereda_feat-chunk_level-03B_run-002_dat.csv,True,task-ils/sub-cp020/ses-20210604/level-03B_run-002/sub-cp020_ses-20210604_task-ils_stream-lslshimmeremg_feat-chunk_level-03B_run-002_dat.csv,True,task-ils/sub-cp020/ses-20210604/level-03B_run-002/sub-cp020_ses-20210604_task-ils_stream-lslshimmerresp_feat-chunk_level-03B_run-002_dat.csv,True,task-ils/sub-cp020/ses-20210604/level-03B_run-002/sub-cp020_ses-20210604_task-ils_stream-lslxp11xpcplt_feat-chunk_level-03B_run-002_dat.csv,True,task-ils/sub-cp020/ses-20210604/level-03B_run-002/sub-cp020_ses-20210604_task-ils_stream-lslxp11xpcac_feat-chunk_level-03B_run-002_dat.csv,True,task-ils/sub-cp020/ses-20210604/level-03B_run-002/sub-cp020_ses-20210604_task-ils_stream-lslxp11_feat-perfmetric_level-03B_run-002.csv,True,task-ils/sub-cp020/ses-20210604/level-03B_run-002/sub-cp020_ses-20210604_task-ils_stream-lslshimmertorsoacc_feat-chunk_level-03B_run-002_dat.csv,False,,9,ecg;eda;emg;eye_tracking;head_movement;performance;respiration;torso_body_accelerometer;xplane,control_input,0,,0,
ils,sub-cp020,ses-20210604,level-03B,run-005,sub-cp020_ses-20210604_level-03B_run-005,task-ils/sub-cp020/ses-20210604/level-03B_run-005,18,18,10,10,True,True,task-ils/sub-cp020/ses-20210604/level-03B_run-005/sub-cp020_ses-20210604_ocuevts_level-03B_run-005.csv;task-ils/sub-cp020/ses-20210604/level-03B_run-005/sub-cp020_ses-20210604_task-ils_stream-lslhtcviveeye_feat-chunk_level-03B_run-005_dat.csv,True,task-ils/sub-cp020/ses-20210604/level-03B_run-005/sub-cp020_ses-20210604_task-ils_stream-lslshimmerecg_feat-chunk_level-03B_run-005_dat.csv,True,task-ils/sub-cp020/ses-20210604/level-03B_run-005/sub-cp020_ses-20210604_task-ils_stream-lslshimmereda_feat-chunk_level-03B_run-005_dat.csv,True,task-ils/sub-cp020/ses-20210604/level-03B_run-005/sub-cp020_ses-20210604_task-ils_stream-lslshimmeremg_feat-chunk_level-03B_run-005_dat.csv,True,task-ils/sub-cp020/ses-20210604/level-03B_run-005/sub-cp020_ses-20210604_task-ils_stream-lslshimmerresp_feat-chunk_level-03B_run-005_dat.csv,True,task-ils/sub-cp020/ses-20210604/level-03B_run-005/sub-cp020_ses-20210604_task-ils_stream-lslxp11xpcplt_feat-chunk_level-03B_run-005_dat.csv,True,task-ils/sub-cp020/ses-20210604/level-03B_run-005/sub-cp020_ses-20210604_task-ils_stream-lslxp11xpcac_feat-chunk_level-03B_run-005_dat.csv,True,task-ils/sub-cp020/ses-20210604/level-03B_run-005/sub-cp020_ses-20210604_task-ils_stream-lslxp11_feat-perfmetric_level-03B_run-005.csv,True,task-ils/sub-cp020/ses-20210604/level-03B_run-005/sub-cp020_ses-20210604_task-ils_stream-lslshimmertorsoacc_feat-chunk_level-03B_run-005_dat.csv,False,,9,ecg;eda;emg;eye_tracking;head_movement;performance;respiration;torso_body_accelerometer;xplane,control_input,0,,0,
ils,sub-cp020,ses-20210604,level-03B,run-011,sub-cp020_ses-20210604_level-03B_run-011,task-ils/sub-cp020/ses-20210604/level-03B_run-011,18,18,10,10,True,True,task-ils/sub-cp020/ses-20210604/level-03B_run-011/sub-cp020_ses-20210604_ocuevts_level-03B_run-011.csv;task-ils/sub-cp020/ses-20210604/level-03B_run-011/sub-cp020_ses-20210604_task-ils_stream-lslhtcviveeye_feat-chunk_level-03B_run-011_dat.csv,True,task-ils/sub-cp020/ses-20210604/level-03B_run-011/sub-cp020_ses-20210604_task-ils_stream-lslshimmerecg_feat-chunk_level-03B_run-011_dat.csv,True,task-ils/sub-cp020/ses-20210604/level-03B_run-011/sub-cp020_ses-20210604_task-ils_stream-lslshimmereda_feat-chunk_level-03B_run-011_dat.csv,True,task-ils/sub-cp020/ses-20210604/level-03B_run-011/sub-cp020_ses-20210604_task-ils_stream-lslshimmeremg_feat-chunk_level-03B_run-011_dat.csv,True,task-ils/sub-cp020/ses-20210604/level-03B_run-011/sub-cp020_ses-20210604_task-ils_stream-lslshimmerresp_feat-chunk_level-03B_run-011_dat.csv,True,task-ils/sub-cp020/ses-20210604/level-03B_run-011/sub-cp020_ses-20210604_task-ils_stream-lslxp11xpcplt_feat-chunk_level-03B_run-011_dat.csv,True,task-ils/sub-cp020/ses-20210604/level-03B_run-011/sub-cp020_ses-20210604_task-ils_stream-lslxp11xpcac_feat-chunk_level-03B_run-011_dat.csv,True,task-ils/sub-cp020/ses-20210604/level-03B_run-011/sub-cp020_ses-20210604_task-ils_stream-lslxp11_feat-perfmetric_level-03B_run-011.csv,True,task-ils/sub-cp020/ses-20210604/level-03B_run-011/sub-cp020_ses-20210604_task-ils_stream-lslshimmertorsoacc_feat-chunk_level-03B_run-011_dat.csv,False,,9,ecg;eda;emg;eye_tracking;head_movement;performance;respiration;torso_body_accelerometer;xplane,control_input,0,,0,
ils,sub-cp020,ses-20210604,level-04B,run-004,sub-cp020_ses-20210604_level-04B_run-004,task-ils/sub-cp020/ses-20210604/level-04B_run-004,18,18,10,10,True,True,task-ils/sub-cp020/ses-20210604/level-04B_run-004/sub-cp020_ses-20210604_ocuevts_level-04B_run-004.csv;task-ils/sub-cp020/ses-20210604/level-04B_run-004/sub-cp020_ses-20210604_task-ils_stream-lslhtcviveeye_feat-chunk_level-04B_run-004_dat.csv,True,task-ils/sub-cp020/ses-20210604/level-04B_run-004/sub-cp020_ses-20210604_task-ils_stream-lslshimmerecg_feat-chunk_level-04B_run-004_dat.csv,True,task-ils/sub-cp020/ses-20210604/level-04B_run-004/sub-cp020_ses-20210604_task-ils_stream-lslshimmereda_feat-chunk_level-04B_run-004_dat.csv,True,task-ils/sub-cp020/ses-20210604/level-04B_run-004/sub-cp020_ses-20210604_task-ils_stream-lslshimmeremg_feat-chunk_level-04B_run-004_dat.csv,True,task-ils/sub-cp020/ses-20210604/level-04B_run-004/sub-cp020_ses-20210604_task-ils_stream-lslshimmerresp_feat-chunk_level-04B_run-004_dat.csv,True,task-ils/sub-cp020/ses-20210604/level-04B_run-004/sub-cp020_ses-20210604_task-ils_stream-lslxp11xpcplt_feat-chunk_level-04B_run-004_dat.csv,True,task-ils/sub-cp020/ses-20210604/level-04B_run-004/sub-cp020_ses-20210604_task-ils_stream-lslxp11xpcac_feat-chunk_level-04B_run-004_dat.csv,True,task-ils/sub-cp020/ses-20210604/level-04B_run-004/sub-cp020_ses-20210604_task-ils_stream-lslxp11_feat-perfmetric_level-04B_run-004.csv,True,task-ils/sub-cp020/ses-20210604/level-04B_run-004/sub-cp020_ses-20210604_task-ils_stream-lslshimmertorsoacc_feat-chunk_level-04B_run-004_dat.csv,False,,9,ecg;eda;emg;eye_tracking;head_movement;performance;respiration;torso_body_accelerometer;xplane,control_input,0,,0,
ils,sub-cp020,ses-20210604,level-04B,run-006,sub-cp020_ses-20210604_level-04B_run-006,task-ils/sub-cp020/ses-20210604/level-04B_run-006,18,18,10,10,True,True,task-ils/sub-cp020/ses-20210604/level-04B_run-006/sub-cp020_ses-20210604_ocuevts_level-04B_run-006.csv;task-ils/sub-cp020/ses-20210604/level-04B_run-006/sub-cp020_ses-20210604_task-ils_stream-lslhtcviveeye_feat-chunk_level-04B_run-006_dat.csv,True,task-ils/sub-cp020/ses-20210604/level-04B_run-006/sub-cp020_ses-20210604_task-ils_stream-lslshimmerecg_feat-chunk_level-04B_run-006_dat.csv,True,task-ils/sub-cp020/ses-20210604/level-04B_run-006/sub-cp020_ses-20210604_task-ils_stream-lslshimmereda_feat-chunk_level-04B_run-006_dat.csv,True,task-ils/sub-cp020/ses-20210604/level-04B_run-006/sub-cp020_ses-20210604_task-ils_stream-lslshimmeremg_feat-chunk_level-04B_run-006_dat.csv,True,task-ils/sub-cp020/ses-20210604/level-04B_run-006/sub-cp020_ses-20210604_task-ils_stream-lslshimmerresp_feat-chunk_level-04B_run-006_dat.csv,True,task-ils/sub-cp020/ses-20210604/level-04B_run-006/sub-cp020_ses-20210604_task-ils_stream-lslxp11xpcplt_feat-chunk_level-04B_run-006_dat.csv,True,task-ils/sub-cp020/ses-20210604/level-04B_run-006/sub-cp020_ses-20210604_task-ils_stream-lslxp11xpcac_feat-chunk_level-04B_run-006_dat.csv,True,task-ils/sub-cp020/ses-20210604/level-04B_run-006/sub-cp020_ses-20210604_task-ils_stream-lslxp11_feat-perfmetric_level-04B_run-006.csv,True,task-ils/sub-cp020/ses-20210604/level-04B_run-006/sub-cp020_ses-20210604_task-ils_stream-lslshimmertorsoacc_feat-chunk_level-04B_run-006_dat.csv,False,,9,ecg;eda;emg;eye_tracking;head_movement;performance;respiration;torso_body_accelerometer;xplane,control_input,0,,0,
ils,sub-cp020,ses-20210604,level-04B,run-009,sub-cp020_ses-20210604_level-04B_run-009,task-ils/sub-cp020/ses-20210604/level-04B_run-009,18,18,10,10,True,True,task-ils/sub-cp020/ses-20210604/level-04B_run-009/sub-cp020_ses-20210604_ocuevts_level-04B_run-009.csv;task-ils/sub-cp020/ses-20210604/level-04B_run-009/sub-cp020_ses-20210604_task-ils_stream-lslhtcviveeye_feat-chunk_level-04B_run-009_dat.csv,True,task-ils/sub-cp020/ses-20210604/level-04B_run-009/sub-cp020_ses-20210604_task-ils_stream-lslshimmerecg_feat-chunk_level-04B_run-009_dat.csv,True,task-ils/sub-cp020/ses-20210604/level-04B_run-009/sub-cp020_ses-20210604_task-ils_stream-lslshimmereda_feat-chunk_level-04B_run-009_dat.csv,True,task-ils/sub-cp020/ses-20210604/level-04B_run-009/sub-cp020_ses-20210604_task-ils_stream-lslshimmeremg_feat-chunk_level-04B_run-009_dat.csv,True,task-ils/sub-cp020/ses-20210604/level-04B_run-009/sub-cp020_ses-20210604_task-ils_stream-lslshimmerresp_feat-chunk_level-04B_run-009_dat.csv,True,task-ils/sub-cp020/ses-20210604/level-04B_run-009/sub-cp020_ses-20210604_task-ils_stream-lslxp11xpcplt_feat-chunk_level-04B_run-009_dat.csv,True,task-ils/sub-cp020/ses-20210604/level-04B_run-009/sub-cp020_ses-20210604_task-ils_stream-lslxp11xpcac_feat-chunk_level-04B_run-009_dat.csv,True,task-ils/sub-cp020/ses-20210604/level-04B_run-009/sub-cp020_ses-20210604_task-ils_stream-lslxp11_feat-perfmetric_level-04B_run-009.csv,True,task-ils/sub-cp020/ses-20210604/level-04B_run-009/sub-cp020_ses-20210604_task-ils_stream-lslshimmertorsoacc_feat-chunk_level-04B_run-009_dat.csv,False,,9,ecg;eda;emg;eye_tracking;head_movement;performance;respiration;torso_body_accelerometer;xplane,control_input,0,,0,
ils,sub-cp022,ses-20210621,level-01B,run-001,sub-cp022_ses-20210621_level-01B_run-001,task-ils/sub-cp022/ses-20210621/level-01B_run-001,18,18,10,10,True,True,task-ils/sub-cp022/ses-20210621/level-01B_run-001/sub-cp022_ses-20210621_ocuevts_level-01B_run-001.csv;task-ils/sub-cp022/ses-20210621/level-01B_run-001/sub-cp022_ses-20210621_task-ils_stream-lslhtcviveeye_feat-chunk_level-01B_run-001_dat.csv,True,task-ils/sub-cp022/ses-20210621/level-01B_run-001/sub-cp022_ses-20210621_task-ils_stream-lslshimmerecg_feat-chunk_level-01B_run-001_dat.csv,True,task-ils/sub-cp022/ses-20210621/level-01B_run-001/sub-cp022_ses-20210621_task-ils_stream-lslshimmereda_feat-chunk_level-01B_run-001_dat.csv,True,task-ils/sub-cp022/ses-20210621/level-01B_run-001/sub-cp022_ses-20210621_task-ils_stream-lslshimmeremg_feat-chunk_level-01B_run-001_dat.csv,True,task-ils/sub-cp022/ses-20210621/level-01B_run-001/sub-cp022_ses-20210621_task-ils_stream-lslshimmerresp_feat-chunk_level-01B_run-001_dat.csv,True,task-ils/sub-cp022/ses-20210621/level-01B_run-001/sub-cp022_ses-20210621_task-ils_stream-lslxp11xpcplt_feat-chunk_level-01B_run-001_dat.csv,True,task-ils/sub-cp022/ses-20210621/level-01B_run-001/sub-cp022_ses-20210621_task-ils_stream-lslxp11xpcac_feat-chunk_level-01B_run-001_dat.csv,True,task-ils/sub-cp022/ses-20210621/level-01B_run-001/sub-cp022_ses-20210621_task-ils_stream-lslxp11_feat-perfmetric_level-01B_run-001.csv,True,task-ils/sub-cp022/ses-20210621/level-01B_run-001/sub-cp022_ses-20210621_task-ils_stream-lslshimmertorsoacc_feat-chunk_level-01B_run-001_dat.csv,False,,9,ecg;eda;emg;eye_tracking;head_movement;performance;respiration;torso_body_accelerometer;xplane,control_input,0,,0,
ils,sub-cp022,ses-20210621,level-01B,run-007,sub-cp022_ses-20210621_level-01B_run-007,task-ils/sub-cp022/ses-20210621/level-01B_run-007,18,18,10,10,True,True,task-ils/sub-cp022/ses-20210621/level-01B_run-007/sub-cp022_ses-20210621_ocuevts_level-01B_run-007.csv;task-ils/sub-cp022/ses-20210621/level-01B_run-007/sub-cp022_ses-20210621_task-ils_stream-lslhtcviveeye_feat-chunk_level-01B_run-007_dat.csv,True,task-ils/sub-cp022/ses-20210621/level-01B_run-007/sub-cp022_ses-20210621_task-ils_stream-lslshimmerecg_feat-chunk_level-01B_run-007_dat.csv,True,task-ils/sub-cp022/ses-20210621/level-01B_run-007/sub-cp022_ses-20210621_task-ils_stream-lslshimmereda_feat-chunk_level-01B_run-007_dat.csv,True,task-ils/sub-cp022/ses-20210621/level-01B_run-007/sub-cp022_ses-20210621_task-ils_stream-lslshimmeremg_feat-chunk_level-01B_run-007_dat.csv,True,task-ils/sub-cp022/ses-20210621/level-01B_run-007/sub-cp022_ses-20210621_task-ils_stream-lslshimmerresp_feat-chunk_level-01B_run-007_dat.csv,True,task-ils/sub-cp022/ses-20210621/level-01B_run-007/sub-cp022_ses-20210621_task-ils_stream-lslxp11xpcplt_feat-chunk_level-01B_run-007_dat.csv,True,task-ils/sub-cp022/ses-20210621/level-01B_run-007/sub-cp022_ses-20210621_task-ils_stream-lslxp11xpcac_feat-chunk_level-01B_run-007_dat.csv,True,task-ils/sub-cp022/ses-20210621/level-01B_run-007/sub-cp022_ses-20210621_task-ils_stream-lslxp11_feat-perfmetric_level-01B_run-007.csv,True,task-ils/sub-cp022/ses-20210621/level-01B_run-007/sub-cp022_ses-20210621_task-ils_stream-lslshimmertorsoacc_feat-chunk_level-01B_run-007_dat.csv,False,,9,ecg;eda;emg;eye_tracking;head_movement;performance;respiration;torso_body_accelerometer;xplane,control_input,0,,0,
ils,sub-cp022,ses-20210621,level-01B,run-012,sub-cp022_ses-20210621_level-01B_run-012,task-ils/sub-cp022/ses-20210621/level-01B_run-012,18,18,10,10,True,True,task-ils/sub-cp022/ses-20210621/level-01B_run-012/sub-cp022_ses-20210621_ocuevts_level-01B_run-012.csv;task-ils/sub-cp022/ses-20210621/level-01B_run-012/sub-cp022_ses-20210621_task-ils_stream-lslhtcviveeye_feat-chunk_level-01B_run-012_dat.csv,True,task-ils/sub-cp022/ses-20210621/level-01B_run-012/sub-cp022_ses-20210621_task-ils_stream-lslshimmerecg_feat-chunk_level-01B_run-012_dat.csv,True,task-ils/sub-cp022/ses-20210621/level-01B_run-012/sub-cp022_ses-20210621_task-ils_stream-lslshimmereda_feat-chunk_level-01B_run-012_dat.csv,True,task-ils/sub-cp022/ses-20210621/level-01B_run-012/sub-cp022_ses-20210621_task-ils_stream-lslshimmeremg_feat-chunk_level-01B_run-012_dat.csv,True,task-ils/sub-cp022/ses-20210621/level-01B_run-012/sub-cp022_ses-20210621_task-ils_stream-lslshimmerresp_feat-chunk_level-01B_run-012_dat.csv,True,task-ils/sub-cp022/ses-20210621/level-01B_run-012/sub-cp022_ses-20210621_task-ils_stream-lslxp11xpcplt_feat-chunk_level-01B_run-012_dat.csv,True,task-ils/sub-cp022/ses-20210621/level-01B_run-012/sub-cp022_ses-20210621_task-ils_stream-lslxp11xpcac_feat-chunk_level-01B_run-012_dat.csv,True,task-ils/sub-cp022/ses-20210621/level-01B_run-012/sub-cp022_ses-20210621_task-ils_stream-lslxp11_feat-perfmetric_level-01B_run-012.csv,True,task-ils/sub-cp022/ses-20210621/level-01B_run-012/sub-cp022_ses-20210621_task-ils_stream-lslshimmertorsoacc_feat-chunk_level-01B_run-012_dat.csv,False,,9,ecg;eda;emg;eye_tracking;head_movement;performance;respiration;torso_body_accelerometer;xplane,control_input,0,,0,
ils,sub-cp022,ses-20210621,level-02B,run-003,sub-cp022_ses-20210621_level-02B_run-003,task-ils/sub-cp022/ses-20210621/level-02B_run-003,18,18,10,10,True,True,task-ils/sub-cp022/ses-20210621/level-02B_run-003/sub-cp022_ses-20210621_ocuevts_level-02B_run-003.csv;task-ils/sub-cp022/ses-20210621/level-02B_run-003/sub-cp022_ses-20210621_task-ils_stream-lslhtcviveeye_feat-chunk_level-02B_run-003_dat.csv,True,task-ils/sub-cp022/ses-20210621/level-02B_run-003/sub-cp022_ses-20210621_task-ils_stream-lslshimmerecg_feat-chunk_level-02B_run-003_dat.csv,True,task-ils/sub-cp022/ses-20210621/level-02B_run-003/sub-cp022_ses-20210621_task-ils_stream-lslshimmereda_feat-chunk_level-02B_run-003_dat.csv,True,task-ils/sub-cp022/ses-20210621/level-02B_run-003/sub-cp022_ses-20210621_task-ils_stream-lslshimmeremg_feat-chunk_level-02B_run-003_dat.csv,True,task-ils/sub-cp022/ses-20210621/level-02B_run-003/sub-cp022_ses-20210621_task-ils_stream-lslshimmerresp_feat-chunk_level-02B_run-003_dat.csv,True,task-ils/sub-cp022/ses-20210621/level-02B_run-003/sub-cp022_ses-20210621_task-ils_stream-lslxp11xpcplt_feat-chunk_level-02B_run-003_dat.csv,True,task-ils/sub-cp022/ses-20210621/level-02B_run-003/sub-cp022_ses-20210621_task-ils_stream-lslxp11xpcac_feat-chunk_level-02B_run-003_dat.csv,True,task-ils/sub-cp022/ses-20210621/level-02B_run-003/sub-cp022_ses-20210621_task-ils_stream-lslxp11_feat-perfmetric_level-02B_run-003.csv,True,task-ils/sub-cp022/ses-20210621/level-02B_run-003/sub-cp022_ses-20210621_task-ils_stream-lslshimmertorsoacc_feat-chunk_level-02B_run-003_dat.csv,False,,9,ecg;eda;emg;eye_tracking;head_movement;performance;respiration;torso_body_accelerometer;xplane,control_input,0,,0,
ils,sub-cp022,ses-20210621,level-02B,run-008,sub-cp022_ses-20210621_level-02B_run-008,task-ils/sub-cp022/ses-20210621/level-02B_run-008,18,18,10,10,True,True,task-ils/sub-cp022/ses-20210621/level-02B_run-008/sub-cp022_ses-20210621_ocuevts_level-02B_run-008.csv;task-ils/sub-cp022/ses-20210621/level-02B_run-008/sub-cp022_ses-20210621_task-ils_stream-lslhtcviveeye_feat-chunk_level-02B_run-008_dat.csv,True,task-ils/sub-cp022/ses-20210621/level-02B_run-008/sub-cp022_ses-20210621_task-ils_stream-lslshimmerecg_feat-chunk_level-02B_run-008_dat.csv,True,task-ils/sub-cp022/ses-20210621/level-02B_run-008/sub-cp022_ses-20210621_task-ils_stream-lslshimmereda_feat-chunk_level-02B_run-008_dat.csv,True,task-ils/sub-cp022/ses-20210621/level-02B_run-008/sub-cp022_ses-20210621_task-ils_stream-lslshimmeremg_feat-chunk_level-02B_run-008_dat.csv,True,task-ils/sub-cp022/ses-20210621/level-02B_run-008/sub-cp022_ses-20210621_task-ils_stream-lslshimmerresp_feat-chunk_level-02B_run-008_dat.csv,True,task-ils/sub-cp022/ses-20210621/level-02B_run-008/sub-cp022_ses-20210621_task-ils_stream-lslxp11xpcplt_feat-chunk_level-02B_run-008_dat.csv,True,task-ils/sub-cp022/ses-20210621/level-02B_run-008/sub-cp022_ses-20210621_task-ils_stream-lslxp11xpcac_feat-chunk_level-02B_run-008_dat.csv,True,task-ils/sub-cp022/ses-20210621/level-02B_run-008/sub-cp022_ses-20210621_task-ils_stream-lslxp11_feat-perfmetric_level-02B_run-008.csv,True,task-ils/sub-cp022/ses-20210621/level-02B_run-008/sub-cp022_ses-20210621_task-ils_stream-lslshimmertorsoacc_feat-chunk_level-02B_run-008_dat.csv,False,,9,ecg;eda;emg;eye_tracking;head_movement;performance;respiration;torso_body_accelerometer;xplane,control_input,0,,0,
ils,sub-cp022,ses-20210621,level-02B,run-010,sub-cp022_ses-20210621_level-02B_run-010,task-ils/sub-cp022/ses-20210621/level-02B_run-010,18,18,10,10,True,True,task-ils/sub-cp022/ses-20210621/level-02B_run-010/sub-cp022_ses-20210621_ocuevts_level-02B_run-010.csv;task-ils/sub-cp022/ses-20210621/level-02B_run-010/sub-cp022_ses-20210621_task-ils_stream-lslhtcviveeye_feat-chunk_level-02B_run-010_dat.csv,True,task-ils/sub-cp022/ses-20210621/level-02B_run-010/sub-cp022_ses-20210621_task-ils_stream-lslshimmerecg_feat-chunk_level-02B_run-010_dat.csv,True,task-ils/sub-cp022/ses-20210621/level-02B_run-010/sub-cp022_ses-20210621_task-ils_stream-lslshimmereda_feat-chunk_level-02B_run-010_dat.csv,True,task-ils/sub-cp022/ses-20210621/level-02B_run-010/sub-cp022_ses-20210621_task-ils_stream-lslshimmeremg_feat-chunk_level-02B_run-010_dat.csv,True,task-ils/sub-cp022/ses-20210621/level-02B_run-010/sub-cp022_ses-20210621_task-ils_stream-lslshimmerresp_feat-chunk_level-02B_run-010_dat.csv,True,task-ils/sub-cp022/ses-20210621/level-02B_run-010/sub-cp022_ses-20210621_task-ils_stream-lslxp11xpcplt_feat-chunk_level-02B_run-010_dat.csv,True,task-ils/sub-cp022/ses-20210621/level-02B_run-010/sub-cp022_ses-20210621_task-ils_stream-lslxp11xpcac_feat-chunk_level-02B_run-010_dat.csv,True,task-ils/sub-cp022/ses-20210621/level-02B_run-010/sub-cp022_ses-20210621_task-ils_stream-lslxp11_feat-perfmetric_level-02B_run-010.csv,True,task-ils/sub-cp022/ses-20210621/level-02B_run-010/sub-cp022_ses-20210621_task-ils_stream-lslshimmertorsoacc_feat-chunk_level-02B_run-010_dat.csv,False,,9,ecg;eda;emg;eye_tracking;head_movement;performance;respiration;torso_body_accelerometer;xplane,control_input,0,,0,
ils,sub-cp022,ses-20210621,level-03B,run-002,sub-cp022_ses-20210621_level-03B_run-002,task-ils/sub-cp022/ses-20210621/level-03B_run-002,18,18,10,10,True,True,task-ils/sub-cp022/ses-20210621/level-03B_run-002/sub-cp022_ses-20210621_ocuevts_level-03B_run-002.csv;task-ils/sub-cp022/ses-20210621/level-03B_run-002/sub-cp022_ses-20210621_task-ils_stream-lslhtcviveeye_feat-chunk_level-03B_run-002_dat.csv,True,task-ils/sub-cp022/ses-20210621/level-03B_run-002/sub-cp022_ses-20210621_task-ils_stream-lslshimmerecg_feat-chunk_level-03B_run-002_dat.csv,True,task-ils/sub-cp022/ses-20210621/level-03B_run-002/sub-cp022_ses-20210621_task-ils_stream-lslshimmereda_feat-chunk_level-03B_run-002_dat.csv,True,task-ils/sub-cp022/ses-20210621/level-03B_run-002/sub-cp022_ses-20210621_task-ils_stream-lslshimmeremg_feat-chunk_level-03B_run-002_dat.csv,True,task-ils/sub-cp022/ses-20210621/level-03B_run-002/sub-cp022_ses-20210621_task-ils_stream-lslshimmerresp_feat-chunk_level-03B_run-002_dat.csv,True,task-ils/sub-cp022/ses-20210621/level-03B_run-002/sub-cp022_ses-20210621_task-ils_stream-lslxp11xpcplt_feat-chunk_level-03B_run-002_dat.csv,True,task-ils/sub-cp022/ses-20210621/level-03B_run-002/sub-cp022_ses-20210621_task-ils_stream-lslxp11xpcac_feat-chunk_level-03B_run-002_dat.csv,True,task-ils/sub-cp022/ses-20210621/level-03B_run-002/sub-cp022_ses-20210621_task-ils_stream-lslxp11_feat-perfmetric_level-03B_run-002.csv,True,task-ils/sub-cp022/ses-20210621/level-03B_run-002/sub-cp022_ses-20210621_task-ils_stream-lslshimmertorsoacc_feat-chunk_level-03B_run-002_dat.csv,False,,9,ecg;eda;emg;eye_tracking;head_movement;performance;respiration;torso_body_accelerometer;xplane,control_input,0,,0,
ils,sub-cp022,ses-20210621,level-03B,run-005,sub-cp022_ses-20210621_level-03B_run-005,task-ils/sub-cp022/ses-20210621/level-03B_run-005,18,18,10,10,True,True,task-ils/sub-cp022/ses-20210621/level-03B_run-005/sub-cp022_ses-20210621_ocuevts_level-03B_run-005.csv;task-ils/sub-cp022/ses-20210621/level-03B_run-005/sub-cp022_ses-20210621_task-ils_stream-lslhtcviveeye_feat-chunk_level-03B_run-005_dat.csv,True,task-ils/sub-cp022/ses-20210621/level-03B_run-005/sub-cp022_ses-20210621_task-ils_stream-lslshimmerecg_feat-chunk_level-03B_run-005_dat.csv,True,task-ils/sub-cp022/ses-20210621/level-03B_run-005/sub-cp022_ses-20210621_task-ils_stream-lslshimmereda_feat-chunk_level-03B_run-005_dat.csv,True,task-ils/sub-cp022/ses-20210621/level-03B_run-005/sub-cp022_ses-20210621_task-ils_stream-lslshimmeremg_feat-chunk_level-03B_run-005_dat.csv,True,task-ils/sub-cp022/ses-20210621/level-03B_run-005/sub-cp022_ses-20210621_task-ils_stream-lslshimmerresp_feat-chunk_level-03B_run-005_dat.csv,True,task-ils/sub-cp022/ses-20210621/level-03B_run-005/sub-cp022_ses-20210621_task-ils_stream-lslxp11xpcplt_feat-chunk_level-03B_run-005_dat.csv,True,task-ils/sub-cp022/ses-20210621/level-03B_run-005/sub-cp022_ses-20210621_task-ils_stream-lslxp11xpcac_feat-chunk_level-03B_run-005_dat.csv,True,task-ils/sub-cp022/ses-20210621/level-03B_run-005/sub-cp022_ses-20210621_task-ils_stream-lslxp11_feat-perfmetric_level-03B_run-005.csv,True,task-ils/sub-cp022/ses-20210621/level-03B_run-005/sub-cp022_ses-20210621_task-ils_stream-lslshimmertorsoacc_feat-chunk_level-03B_run-005_dat.csv,False,,9,ecg;eda;emg;eye_tracking;head_movement;performance;respiration;torso_body_accelerometer;xplane,control_input,0,,0,
ils,sub-cp022,ses-20210621,level-03B,run-011,sub-cp022_ses-20210621_level-03B_run-011,task-ils/sub-cp022/ses-20210621/level-03B_run-011,18,18,10,10,True,True,task-ils/sub-cp022/ses-20210621/level-03B_run-011/sub-cp022_ses-20210621_ocuevts_level-03B_run-011.csv;task-ils/sub-cp022/ses-20210621/level-03B_run-011/sub-cp022_ses-20210621_task-ils_stream-lslhtcviveeye_feat-chunk_level-03B_run-011_dat.csv,True,task-ils/sub-cp022/ses-20210621/level-03B_run-011/sub-cp022_ses-20210621_task-ils_stream-lslshimmerecg_feat-chunk_level-03B_run-011_dat.csv,True,task-ils/sub-cp022/ses-20210621/level-03B_run-011/sub-cp022_ses-20210621_task-ils_stream-lslshimmereda_feat-chunk_level-03B_run-011_dat.csv,True,task-ils/sub-cp022/ses-20210621/level-03B_run-011/sub-cp022_ses-20210621_task-ils_stream-lslshimmeremg_feat-chunk_level-03B_run-011_dat.csv,True,task-ils/sub-cp022/ses-20210621/level-03B_run-011/sub-cp022_ses-20210621_task-ils_stream-lslshimmerresp_feat-chunk_level-03B_run-011_dat.csv,True,task-ils/sub-cp022/ses-20210621/level-03B_run-011/sub-cp022_ses-20210621_task-ils_stream-lslxp11xpcplt_feat-chunk_level-03B_run-011_dat.csv,True,task-ils/sub-cp022/ses-20210621/level-03B_run-011/sub-cp022_ses-20210621_task-ils_stream-lslxp11xpcac_feat-chunk_level-03B_run-011_dat.csv,True,task-ils/sub-cp022/ses-20210621/level-03B_run-011/sub-cp022_ses-20210621_task-ils_stream-lslxp11_feat-perfmetric_level-03B_run-011.csv,True,task-ils/sub-cp022/ses-20210621/level-03B_run-011/sub-cp022_ses-20210621_task-ils_stream-lslshimmertorsoacc_feat-chunk_level-03B_run-011_dat.csv,False,,9,ecg;eda;emg;eye_tracking;head_movement;performance;respiration;torso_body_accelerometer;xplane,control_input,0,,0,
ils,sub-cp022,ses-20210621,level-04B,run-004,sub-cp022_ses-20210621_level-04B_run-004,task-ils/sub-cp022/ses-20210621/level-04B_run-004,18,18,10,10,True,True,task-ils/sub-cp022/ses-20210621/level-04B_run-004/sub-cp022_ses-20210621_ocuevts_level-04B_run-004.csv;task-ils/sub-cp022/ses-20210621/level-04B_run-004/sub-cp022_ses-20210621_task-ils_stream-lslhtcviveeye_feat-chunk_level-04B_run-004_dat.csv,True,task-ils/sub-cp022/ses-20210621/level-04B_run-004/sub-cp022_ses-20210621_task-ils_stream-lslshimmerecg_feat-chunk_level-04B_run-004_dat.csv,True,task-ils/sub-cp022/ses-20210621/level-04B_run-004/sub-cp022_ses-20210621_task-ils_stream-lslshimmereda_feat-chunk_level-04B_run-004_dat.csv,True,task-ils/sub-cp022/ses-20210621/level-04B_run-004/sub-cp022_ses-20210621_task-ils_stream-lslshimmeremg_feat-chunk_level-04B_run-004_dat.csv,True,task-ils/sub-cp022/ses-20210621/level-04B_run-004/sub-cp022_ses-20210621_task-ils_stream-lslshimmerresp_feat-chunk_level-04B_run-004_dat.csv,True,task-ils/sub-cp022/ses-20210621/level-04B_run-004/sub-cp022_ses-20210621_task-ils_stream-lslxp11xpcplt_feat-chunk_level-04B_run-004_dat.csv,True,task-ils/sub-cp022/ses-20210621/level-04B_run-004/sub-cp022_ses-20210621_task-ils_stream-lslxp11xpcac_feat-chunk_level-04B_run-004_dat.csv,True,task-ils/sub-cp022/ses-20210621/level-04B_run-004/sub-cp022_ses-20210621_task-ils_stream-lslxp11_feat-perfmetric_level-04B_run-004.csv,True,task-ils/sub-cp022/ses-20210621/level-04B_run-004/sub-cp022_ses-20210621_task-ils_stream-lslshimmertorsoacc_feat-chunk_level-04B_run-004_dat.csv,False,,9,ecg;eda;emg;eye_tracking;head_movement;performance;respiration;torso_body_accelerometer;xplane,control_input,0,,0,
ils,sub-cp022,ses-20210621,level-04B,run-006,sub-cp022_ses-20210621_level-04B_run-006,task-ils/sub-cp022/ses-20210621/level-04B_run-006,18,18,10,10,True,True,task-ils/sub-cp022/ses-20210621/level-04B_run-006/sub-cp022_ses-20210621_ocuevts_level-04B_run-006.csv;task-ils/sub-cp022/ses-20210621/level-04B_run-006/sub-cp022_ses-20210621_task-ils_stream-lslhtcviveeye_feat-chunk_level-04B_run-006_dat.csv,True,task-ils/sub-cp022/ses-20210621/level-04B_run-006/sub-cp022_ses-20210621_task-ils_stream-lslshimmerecg_feat-chunk_level-04B_run-006_dat.csv,True,task-ils/sub-cp022/ses-20210621/level-04B_run-006/sub-cp022_ses-20210621_task-ils_stream-lslshimmereda_feat-chunk_level-04B_run-006_dat.csv,True,task-ils/sub-cp022/ses-20210621/level-04B_run-006/sub-cp022_ses-20210621_task-ils_stream-lslshimmeremg_feat-chunk_level-04B_run-006_dat.csv,True,task-ils/sub-cp022/ses-20210621/level-04B_run-006/sub-cp022_ses-20210621_task-ils_stream-lslshimmerresp_feat-chunk_level-04B_run-006_dat.csv,True,task-ils/sub-cp022/ses-20210621/level-04B_run-006/sub-cp022_ses-20210621_task-ils_stream-lslxp11xpcplt_feat-chunk_level-04B_run-006_dat.csv,True,task-ils/sub-cp022/ses-20210621/level-04B_run-006/sub-cp022_ses-20210621_task-ils_stream-lslxp11xpcac_feat-chunk_level-04B_run-006_dat.csv,True,task-ils/sub-cp022/ses-20210621/level-04B_run-006/sub-cp022_ses-20210621_task-ils_stream-lslxp11_feat-perfmetric_level-04B_run-006.csv,True,task-ils/sub-cp022/ses-20210621/level-04B_run-006/sub-cp022_ses-20210621_task-ils_stream-lslshimmertorsoacc_feat-chunk_level-04B_run-006_dat.csv,False,,9,ecg;eda;emg;eye_tracking;head_movement;performance;respiration;torso_body_accelerometer;xplane,control_input,0,,0,
ils,sub-cp022,ses-20210621,level-04B,run-009,sub-cp022_ses-20210621_level-04B_run-009,task-ils/sub-cp022/ses-20210621/level-04B_run-009,18,18,10,10,True,True,task-ils/sub-cp022/ses-20210621/level-04B_run-009/sub-cp022_ses-20210621_ocuevts_level-04B_run-009.csv;task-ils/sub-cp022/ses-20210621/level-04B_run-009/sub-cp022_ses-20210621_task-ils_stream-lslhtcviveeye_feat-chunk_level-04B_run-009_dat.csv,True,task-ils/sub-cp022/ses-20210621/level-04B_run-009/sub-cp022_ses-20210621_task-ils_stream-lslshimmerecg_feat-chunk_level-04B_run-009_dat.csv,True,task-ils/sub-cp022/ses-20210621/level-04B_run-009/sub-cp022_ses-20210621_task-ils_stream-lslshimmereda_feat-chunk_level-04B_run-009_dat.csv,True,task-ils/sub-cp022/ses-20210621/level-04B_run-009/sub-cp022_ses-20210621_task-ils_stream-lslshimmeremg_feat-chunk_level-04B_run-009_dat.csv,True,task-ils/sub-cp022/ses-20210621/level-04B_run-009/sub-cp022_ses-20210621_task-ils_stream-lslshimmerresp_feat-chunk_level-04B_run-009_dat.csv,True,task-ils/sub-cp022/ses-20210621/level-04B_run-009/sub-cp022_ses-20210621_task-ils_stream-lslxp11xpcplt_feat-chunk_level-04B_run-009_dat.csv,True,task-ils/sub-cp022/ses-20210621/level-04B_run-009/sub-cp022_ses-20210621_task-ils_stream-lslxp11xpcac_feat-chunk_level-04B_run-009_dat.csv,True,task-ils/sub-cp022/ses-20210621/level-04B_run-009/sub-cp022_ses-20210621_task-ils_stream-lslxp11_feat-perfmetric_level-04B_run-009.csv,True,task-ils/sub-cp022/ses-20210621/level-04B_run-009/sub-cp022_ses-20210621_task-ils_stream-lslshimmertorsoacc_feat-chunk_level-04B_run-009_dat.csv,False,,9,ecg;eda;emg;eye_tracking;head_movement;performance;respiration;torso_body_accelerometer;xplane,control_input,0,,0,
ils,sub-cp023,ses-20210628,level-01B,run-001,sub-cp023_ses-20210628_level-01B_run-001,task-ils/sub-cp023/ses-20210628/level-01B_run-001,18,18,10,10,True,True,task-ils/sub-cp023/ses-20210628/level-01B_run-001/sub-cp023_ses-20210628_ocuevts_level-01B_run-001.csv;task-ils/sub-cp023/ses-20210628/level-01B_run-001/sub-cp023_ses-20210628_task-ils_stream-lslhtcviveeye_feat-chunk_level-01B_run-001_dat.csv,True,task-ils/sub-cp023/ses-20210628/level-01B_run-001/sub-cp023_ses-20210628_task-ils_stream-lslshimmerecg_feat-chunk_level-01B_run-001_dat.csv,True,task-ils/sub-cp023/ses-20210628/level-01B_run-001/sub-cp023_ses-20210628_task-ils_stream-lslshimmereda_feat-chunk_level-01B_run-001_dat.csv,True,task-ils/sub-cp023/ses-20210628/level-01B_run-001/sub-cp023_ses-20210628_task-ils_stream-lslshimmeremg_feat-chunk_level-01B_run-001_dat.csv,True,task-ils/sub-cp023/ses-20210628/level-01B_run-001/sub-cp023_ses-20210628_task-ils_stream-lslshimmerresp_feat-chunk_level-01B_run-001_dat.csv,True,task-ils/sub-cp023/ses-20210628/level-01B_run-001/sub-cp023_ses-20210628_task-ils_stream-lslxp11xpcplt_feat-chunk_level-01B_run-001_dat.csv,True,task-ils/sub-cp023/ses-20210628/level-01B_run-001/sub-cp023_ses-20210628_task-ils_stream-lslxp11xpcac_feat-chunk_level-01B_run-001_dat.csv,True,task-ils/sub-cp023/ses-20210628/level-01B_run-001/sub-cp023_ses-20210628_task-ils_stream-lslxp11_feat-perfmetric_level-01B_run-001.csv,True,task-ils/sub-cp023/ses-20210628/level-01B_run-001/sub-cp023_ses-20210628_task-ils_stream-lslshimmertorsoacc_feat-chunk_level-01B_run-001_dat.csv,False,,9,ecg;eda;emg;eye_tracking;head_movement;performance;respiration;torso_body_accelerometer;xplane,control_input,0,,0,
ils,sub-cp023,ses-20210628,level-01B,run-007,sub-cp023_ses-20210628_level-01B_run-007,task-ils/sub-cp023/ses-20210628/level-01B_run-007,18,18,10,10,True,True,task-ils/sub-cp023/ses-20210628/level-01B_run-007/sub-cp023_ses-20210628_ocuevts_level-01B_run-007.csv;task-ils/sub-cp023/ses-20210628/level-01B_run-007/sub-cp023_ses-20210628_task-ils_stream-lslhtcviveeye_feat-chunk_level-01B_run-007_dat.csv,True,task-ils/sub-cp023/ses-20210628/level-01B_run-007/sub-cp023_ses-20210628_task-ils_stream-lslshimmerecg_feat-chunk_level-01B_run-007_dat.csv,True,task-ils/sub-cp023/ses-20210628/level-01B_run-007/sub-cp023_ses-20210628_task-ils_stream-lslshimmereda_feat-chunk_level-01B_run-007_dat.csv,True,task-ils/sub-cp023/ses-20210628/level-01B_run-007/sub-cp023_ses-20210628_task-ils_stream-lslshimmeremg_feat-chunk_level-01B_run-007_dat.csv,True,task-ils/sub-cp023/ses-20210628/level-01B_run-007/sub-cp023_ses-20210628_task-ils_stream-lslshimmerresp_feat-chunk_level-01B_run-007_dat.csv,True,task-ils/sub-cp023/ses-20210628/level-01B_run-007/sub-cp023_ses-20210628_task-ils_stream-lslxp11xpcplt_feat-chunk_level-01B_run-007_dat.csv,True,task-ils/sub-cp023/ses-20210628/level-01B_run-007/sub-cp023_ses-20210628_task-ils_stream-lslxp11xpcac_feat-chunk_level-01B_run-007_dat.csv,True,task-ils/sub-cp023/ses-20210628/level-01B_run-007/sub-cp023_ses-20210628_task-ils_stream-lslxp11_feat-perfmetric_level-01B_run-007.csv,True,task-ils/sub-cp023/ses-20210628/level-01B_run-007/sub-cp023_ses-20210628_task-ils_stream-lslshimmertorsoacc_feat-chunk_level-01B_run-007_dat.csv,False,,9,ecg;eda;emg;eye_tracking;head_movement;performance;respiration;torso_body_accelerometer;xplane,control_input,0,,0,
ils,sub-cp023,ses-20210628,level-01B,run-012,sub-cp023_ses-20210628_level-01B_run-012,task-ils/sub-cp023/ses-20210628/level-01B_run-012,18,18,10,10,True,True,task-ils/sub-cp023/ses-20210628/level-01B_run-012/sub-cp023_ses-20210628_ocuevts_level-01B_run-012.csv;task-ils/sub-cp023/ses-20210628/level-01B_run-012/sub-cp023_ses-20210628_task-ils_stream-lslhtcviveeye_feat-chunk_level-01B_run-012_dat.csv,True,task-ils/sub-cp023/ses-20210628/level-01B_run-012/sub-cp023_ses-20210628_task-ils_stream-lslshimmerecg_feat-chunk_level-01B_run-012_dat.csv,True,task-ils/sub-cp023/ses-20210628/level-01B_run-012/sub-cp023_ses-20210628_task-ils_stream-lslshimmereda_feat-chunk_level-01B_run-012_dat.csv,True,task-ils/sub-cp023/ses-20210628/level-01B_run-012/sub-cp023_ses-20210628_task-ils_stream-lslshimmeremg_feat-chunk_level-01B_run-012_dat.csv,True,task-ils/sub-cp023/ses-20210628/level-01B_run-012/sub-cp023_ses-20210628_task-ils_stream-lslshimmerresp_feat-chunk_level-01B_run-012_dat.csv,True,task-ils/sub-cp023/ses-20210628/level-01B_run-012/sub-cp023_ses-20210628_task-ils_stream-lslxp11xpcplt_feat-chunk_level-01B_run-012_dat.csv,True,task-ils/sub-cp023/ses-20210628/level-01B_run-012/sub-cp023_ses-20210628_task-ils_stream-lslxp11xpcac_feat-chunk_level-01B_run-012_dat.csv,True,task-ils/sub-cp023/ses-20210628/level-01B_run-012/sub-cp023_ses-20210628_task-ils_stream-lslxp11_feat-perfmetric_level-01B_run-012.csv,True,task-ils/sub-cp023/ses-20210628/level-01B_run-012/sub-cp023_ses-20210628_task-ils_stream-lslshimmertorsoacc_feat-chunk_level-01B_run-012_dat.csv,False,,9,ecg;eda;emg;eye_tracking;head_movement;performance;respiration;torso_body_accelerometer;xplane,control_input,0,,0,
ils,sub-cp023,ses-20210628,level-02B,run-003,sub-cp023_ses-20210628_level-02B_run-003,task-ils/sub-cp023/ses-20210628/level-02B_run-003,18,18,10,10,True,True,task-ils/sub-cp023/ses-20210628/level-02B_run-003/sub-cp023_ses-20210628_ocuevts_level-02B_run-003.csv;task-ils/sub-cp023/ses-20210628/level-02B_run-003/sub-cp023_ses-20210628_task-ils_stream-lslhtcviveeye_feat-chunk_level-02B_run-003_dat.csv,True,task-ils/sub-cp023/ses-20210628/level-02B_run-003/sub-cp023_ses-20210628_task-ils_stream-lslshimmerecg_feat-chunk_level-02B_run-003_dat.csv,True,task-ils/sub-cp023/ses-20210628/level-02B_run-003/sub-cp023_ses-20210628_task-ils_stream-lslshimmereda_feat-chunk_level-02B_run-003_dat.csv,True,task-ils/sub-cp023/ses-20210628/level-02B_run-003/sub-cp023_ses-20210628_task-ils_stream-lslshimmeremg_feat-chunk_level-02B_run-003_dat.csv,True,task-ils/sub-cp023/ses-20210628/level-02B_run-003/sub-cp023_ses-20210628_task-ils_stream-lslshimmerresp_feat-chunk_level-02B_run-003_dat.csv,True,task-ils/sub-cp023/ses-20210628/level-02B_run-003/sub-cp023_ses-20210628_task-ils_stream-lslxp11xpcplt_feat-chunk_level-02B_run-003_dat.csv,True,task-ils/sub-cp023/ses-20210628/level-02B_run-003/sub-cp023_ses-20210628_task-ils_stream-lslxp11xpcac_feat-chunk_level-02B_run-003_dat.csv,True,task-ils/sub-cp023/ses-20210628/level-02B_run-003/sub-cp023_ses-20210628_task-ils_stream-lslxp11_feat-perfmetric_level-02B_run-003.csv,True,task-ils/sub-cp023/ses-20210628/level-02B_run-003/sub-cp023_ses-20210628_task-ils_stream-lslshimmertorsoacc_feat-chunk_level-02B_run-003_dat.csv,False,,9,ecg;eda;emg;eye_tracking;head_movement;performance;respiration;torso_body_accelerometer;xplane,control_input,0,,0,
ils,sub-cp023,ses-20210628,level-02B,run-008,sub-cp023_ses-20210628_level-02B_run-008,task-ils/sub-cp023/ses-20210628/level-02B_run-008,18,18,10,10,True,True,task-ils/sub-cp023/ses-20210628/level-02B_run-008/sub-cp023_ses-20210628_ocuevts_level-02B_run-008.csv;task-ils/sub-cp023/ses-20210628/level-02B_run-008/sub-cp023_ses-20210628_task-ils_stream-lslhtcviveeye_feat-chunk_level-02B_run-008_dat.csv,True,task-ils/sub-cp023/ses-20210628/level-02B_run-008/sub-cp023_ses-20210628_task-ils_stream-lslshimmerecg_feat-chunk_level-02B_run-008_dat.csv,True,task-ils/sub-cp023/ses-20210628/level-02B_run-008/sub-cp023_ses-20210628_task-ils_stream-lslshimmereda_feat-chunk_level-02B_run-008_dat.csv,True,task-ils/sub-cp023/ses-20210628/level-02B_run-008/sub-cp023_ses-20210628_task-ils_stream-lslshimmeremg_feat-chunk_level-02B_run-008_dat.csv,True,task-ils/sub-cp023/ses-20210628/level-02B_run-008/sub-cp023_ses-20210628_task-ils_stream-lslshimmerresp_feat-chunk_level-02B_run-008_dat.csv,True,task-ils/sub-cp023/ses-20210628/level-02B_run-008/sub-cp023_ses-20210628_task-ils_stream-lslxp11xpcplt_feat-chunk_level-02B_run-008_dat.csv,True,task-ils/sub-cp023/ses-20210628/level-02B_run-008/sub-cp023_ses-20210628_task-ils_stream-lslxp11xpcac_feat-chunk_level-02B_run-008_dat.csv,True,task-ils/sub-cp023/ses-20210628/level-02B_run-008/sub-cp023_ses-20210628_task-ils_stream-lslxp11_feat-perfmetric_level-02B_run-008.csv,True,task-ils/sub-cp023/ses-20210628/level-02B_run-008/sub-cp023_ses-20210628_task-ils_stream-lslshimmertorsoacc_feat-chunk_level-02B_run-008_dat.csv,False,,9,ecg;eda;emg;eye_tracking;head_movement;performance;respiration;torso_body_accelerometer;xplane,control_input,0,,0,
ils,sub-cp023,ses-20210628,level-02B,run-010,sub-cp023_ses-20210628_level-02B_run-010,task-ils/sub-cp023/ses-20210628/level-02B_run-010,18,18,10,10,True,True,task-ils/sub-cp023/ses-20210628/level-02B_run-010/sub-cp023_ses-20210628_ocuevts_level-02B_run-010.csv;task-ils/sub-cp023/ses-20210628/level-02B_run-010/sub-cp023_ses-20210628_task-ils_stream-lslhtcviveeye_feat-chunk_level-02B_run-010_dat.csv,True,task-ils/sub-cp023/ses-20210628/level-02B_run-010/sub-cp023_ses-20210628_task-ils_stream-lslshimmerecg_feat-chunk_level-02B_run-010_dat.csv,True,task-ils/sub-cp023/ses-20210628/level-02B_run-010/sub-cp023_ses-20210628_task-ils_stream-lslshimmereda_feat-chunk_level-02B_run-010_dat.csv,True,task-ils/sub-cp023/ses-20210628/level-02B_run-010/sub-cp023_ses-20210628_task-ils_stream-lslshimmeremg_feat-chunk_level-02B_run-010_dat.csv,True,task-ils/sub-cp023/ses-20210628/level-02B_run-010/sub-cp023_ses-20210628_task-ils_stream-lslshimmerresp_feat-chunk_level-02B_run-010_dat.csv,True,task-ils/sub-cp023/ses-20210628/level-02B_run-010/sub-cp023_ses-20210628_task-ils_stream-lslxp11xpcplt_feat-chunk_level-02B_run-010_dat.csv,True,task-ils/sub-cp023/ses-20210628/level-02B_run-010/sub-cp023_ses-20210628_task-ils_stream-lslxp11xpcac_feat-chunk_level-02B_run-010_dat.csv,True,task-ils/sub-cp023/ses-20210628/level-02B_run-010/sub-cp023_ses-20210628_task-ils_stream-lslxp11_feat-perfmetric_level-02B_run-010.csv,True,task-ils/sub-cp023/ses-20210628/level-02B_run-010/sub-cp023_ses-20210628_task-ils_stream-lslshimmertorsoacc_feat-chunk_level-02B_run-010_dat.csv,False,,9,ecg;eda;emg;eye_tracking;head_movement;performance;respiration;torso_body_accelerometer;xplane,control_input,0,,0,
ils,sub-cp023,ses-20210628,level-03B,run-002,sub-cp023_ses-20210628_level-03B_run-002,task-ils/sub-cp023/ses-20210628/level-03B_run-002,18,18,10,10,True,True,task-ils/sub-cp023/ses-20210628/level-03B_run-002/sub-cp023_ses-20210628_ocuevts_level-03B_run-002.csv;task-ils/sub-cp023/ses-20210628/level-03B_run-002/sub-cp023_ses-20210628_task-ils_stream-lslhtcviveeye_feat-chunk_level-03B_run-002_dat.csv,True,task-ils/sub-cp023/ses-20210628/level-03B_run-002/sub-cp023_ses-20210628_task-ils_stream-lslshimmerecg_feat-chunk_level-03B_run-002_dat.csv,True,task-ils/sub-cp023/ses-20210628/level-03B_run-002/sub-cp023_ses-20210628_task-ils_stream-lslshimmereda_feat-chunk_level-03B_run-002_dat.csv,True,task-ils/sub-cp023/ses-20210628/level-03B_run-002/sub-cp023_ses-20210628_task-ils_stream-lslshimmeremg_feat-chunk_level-03B_run-002_dat.csv,True,task-ils/sub-cp023/ses-20210628/level-03B_run-002/sub-cp023_ses-20210628_task-ils_stream-lslshimmerresp_feat-chunk_level-03B_run-002_dat.csv,True,task-ils/sub-cp023/ses-20210628/level-03B_run-002/sub-cp023_ses-20210628_task-ils_stream-lslxp11xpcplt_feat-chunk_level-03B_run-002_dat.csv,True,task-ils/sub-cp023/ses-20210628/level-03B_run-002/sub-cp023_ses-20210628_task-ils_stream-lslxp11xpcac_feat-chunk_level-03B_run-002_dat.csv,True,task-ils/sub-cp023/ses-20210628/level-03B_run-002/sub-cp023_ses-20210628_task-ils_stream-lslxp11_feat-perfmetric_level-03B_run-002.csv,True,task-ils/sub-cp023/ses-20210628/level-03B_run-002/sub-cp023_ses-20210628_task-ils_stream-lslshimmertorsoacc_feat-chunk_level-03B_run-002_dat.csv,False,,9,ecg;eda;emg;eye_tracking;head_movement;performance;respiration;torso_body_accelerometer;xplane,control_input,0,,0,
ils,sub-cp023,ses-20210628,level-03B,run-005,sub-cp023_ses-20210628_level-03B_run-005,task-ils/sub-cp023/ses-20210628/level-03B_run-005,18,18,10,10,True,True,task-ils/sub-cp023/ses-20210628/level-03B_run-005/sub-cp023_ses-20210628_ocuevts_level-03B_run-005.csv;task-ils/sub-cp023/ses-20210628/level-03B_run-005/sub-cp023_ses-20210628_task-ils_stream-lslhtcviveeye_feat-chunk_level-03B_run-005_dat.csv,True,task-ils/sub-cp023/ses-20210628/level-03B_run-005/sub-cp023_ses-20210628_task-ils_stream-lslshimmerecg_feat-chunk_level-03B_run-005_dat.csv,True,task-ils/sub-cp023/ses-20210628/level-03B_run-005/sub-cp023_ses-20210628_task-ils_stream-lslshimmereda_feat-chunk_level-03B_run-005_dat.csv,True,task-ils/sub-cp023/ses-20210628/level-03B_run-005/sub-cp023_ses-20210628_task-ils_stream-lslshimmeremg_feat-chunk_level-03B_run-005_dat.csv,True,task-ils/sub-cp023/ses-20210628/level-03B_run-005/sub-cp023_ses-20210628_task-ils_stream-lslshimmerresp_feat-chunk_level-03B_run-005_dat.csv,True,task-ils/sub-cp023/ses-20210628/level-03B_run-005/sub-cp023_ses-20210628_task-ils_stream-lslxp11xpcplt_feat-chunk_level-03B_run-005_dat.csv,True,task-ils/sub-cp023/ses-20210628/level-03B_run-005/sub-cp023_ses-20210628_task-ils_stream-lslxp11xpcac_feat-chunk_level-03B_run-005_dat.csv,True,task-ils/sub-cp023/ses-20210628/level-03B_run-005/sub-cp023_ses-20210628_task-ils_stream-lslxp11_feat-perfmetric_level-03B_run-005.csv,True,task-ils/sub-cp023/ses-20210628/level-03B_run-005/sub-cp023_ses-20210628_task-ils_stream-lslshimmertorsoacc_feat-chunk_level-03B_run-005_dat.csv,False,,9,ecg;eda;emg;eye_tracking;head_movement;performance;respiration;torso_body_accelerometer;xplane,control_input,0,,0,
ils,sub-cp023,ses-20210628,level-03B,run-011,sub-cp023_ses-20210628_level-03B_run-011,task-ils/sub-cp023/ses-20210628/level-03B_run-011,18,18,10,10,True,True,task-ils/sub-cp023/ses-20210628/level-03B_run-011/sub-cp023_ses-20210628_ocuevts_level-03B_run-011.csv;task-ils/sub-cp023/ses-20210628/level-03B_run-011/sub-cp023_ses-20210628_task-ils_stream-lslhtcviveeye_feat-chunk_level-03B_run-011_dat.csv,True,task-ils/sub-cp023/ses-20210628/level-03B_run-011/sub-cp023_ses-20210628_task-ils_stream-lslshimmerecg_feat-chunk_level-03B_run-011_dat.csv,True,task-ils/sub-cp023/ses-20210628/level-03B_run-011/sub-cp023_ses-20210628_task-ils_stream-lslshimmereda_feat-chunk_level-03B_run-011_dat.csv,True,task-ils/sub-cp023/ses-20210628/level-03B_run-011/sub-cp023_ses-20210628_task-ils_stream-lslshimmeremg_feat-chunk_level-03B_run-011_dat.csv,True,task-ils/sub-cp023/ses-20210628/level-03B_run-011/sub-cp023_ses-20210628_task-ils_stream-lslshimmerresp_feat-chunk_level-03B_run-011_dat.csv,True,task-ils/sub-cp023/ses-20210628/level-03B_run-011/sub-cp023_ses-20210628_task-ils_stream-lslxp11xpcplt_feat-chunk_level-03B_run-011_dat.csv,True,task-ils/sub-cp023/ses-20210628/level-03B_run-011/sub-cp023_ses-20210628_task-ils_stream-lslxp11xpcac_feat-chunk_level-03B_run-011_dat.csv,True,task-ils/sub-cp023/ses-20210628/level-03B_run-011/sub-cp023_ses-20210628_task-ils_stream-lslxp11_feat-perfmetric_level-03B_run-011.csv,True,task-ils/sub-cp023/ses-20210628/level-03B_run-011/sub-cp023_ses-20210628_task-ils_stream-lslshimmertorsoacc_feat-chunk_level-03B_run-011_dat.csv,False,,9,ecg;eda;emg;eye_tracking;head_movement;performance;respiration;torso_body_accelerometer;xplane,control_input,0,,0,
ils,sub-cp023,ses-20210628,level-04B,run-004,sub-cp023_ses-20210628_level-04B_run-004,task-ils/sub-cp023/ses-20210628/level-04B_run-004,18,18,10,10,True,True,task-ils/sub-cp023/ses-20210628/level-04B_run-004/sub-cp023_ses-20210628_ocuevts_level-04B_run-004.csv;task-ils/sub-cp023/ses-20210628/level-04B_run-004/sub-cp023_ses-20210628_task-ils_stream-lslhtcviveeye_feat-chunk_level-04B_run-004_dat.csv,True,task-ils/sub-cp023/ses-20210628/level-04B_run-004/sub-cp023_ses-20210628_task-ils_stream-lslshimmerecg_feat-chunk_level-04B_run-004_dat.csv,True,task-ils/sub-cp023/ses-20210628/level-04B_run-004/sub-cp023_ses-20210628_task-ils_stream-lslshimmereda_feat-chunk_level-04B_run-004_dat.csv,True,task-ils/sub-cp023/ses-20210628/level-04B_run-004/sub-cp023_ses-20210628_task-ils_stream-lslshimmeremg_feat-chunk_level-04B_run-004_dat.csv,True,task-ils/sub-cp023/ses-20210628/level-04B_run-004/sub-cp023_ses-20210628_task-ils_stream-lslshimmerresp_feat-chunk_level-04B_run-004_dat.csv,True,task-ils/sub-cp023/ses-20210628/level-04B_run-004/sub-cp023_ses-20210628_task-ils_stream-lslxp11xpcplt_feat-chunk_level-04B_run-004_dat.csv,True,task-ils/sub-cp023/ses-20210628/level-04B_run-004/sub-cp023_ses-20210628_task-ils_stream-lslxp11xpcac_feat-chunk_level-04B_run-004_dat.csv,True,task-ils/sub-cp023/ses-20210628/level-04B_run-004/sub-cp023_ses-20210628_task-ils_stream-lslxp11_feat-perfmetric_level-04B_run-004.csv,True,task-ils/sub-cp023/ses-20210628/level-04B_run-004/sub-cp023_ses-20210628_task-ils_stream-lslshimmertorsoacc_feat-chunk_level-04B_run-004_dat.csv,False,,9,ecg;eda;emg;eye_tracking;head_movement;performance;respiration;torso_body_accelerometer;xplane,control_input,0,,0,
ils,sub-cp023,ses-20210628,level-04B,run-006,sub-cp023_ses-20210628_level-04B_run-006,task-ils/sub-cp023/ses-20210628/level-04B_run-006,18,18,10,10,True,True,task-ils/sub-cp023/ses-20210628/level-04B_run-006/sub-cp023_ses-20210628_ocuevts_level-04B_run-006.csv;task-ils/sub-cp023/ses-20210628/level-04B_run-006/sub-cp023_ses-20210628_task-ils_stream-lslhtcviveeye_feat-chunk_level-04B_run-006_dat.csv,True,task-ils/sub-cp023/ses-20210628/level-04B_run-006/sub-cp023_ses-20210628_task-ils_stream-lslshimmerecg_feat-chunk_level-04B_run-006_dat.csv,True,task-ils/sub-cp023/ses-20210628/level-04B_run-006/sub-cp023_ses-20210628_task-ils_stream-lslshimmereda_feat-chunk_level-04B_run-006_dat.csv,True,task-ils/sub-cp023/ses-20210628/level-04B_run-006/sub-cp023_ses-20210628_task-ils_stream-lslshimmeremg_feat-chunk_level-04B_run-006_dat.csv,True,task-ils/sub-cp023/ses-20210628/level-04B_run-006/sub-cp023_ses-20210628_task-ils_stream-lslshimmerresp_feat-chunk_level-04B_run-006_dat.csv,True,task-ils/sub-cp023/ses-20210628/level-04B_run-006/sub-cp023_ses-20210628_task-ils_stream-lslxp11xpcplt_feat-chunk_level-04B_run-006_dat.csv,True,task-ils/sub-cp023/ses-20210628/level-04B_run-006/sub-cp023_ses-20210628_task-ils_stream-lslxp11xpcac_feat-chunk_level-04B_run-006_dat.csv,True,task-ils/sub-cp023/ses-20210628/level-04B_run-006/sub-cp023_ses-20210628_task-ils_stream-lslxp11_feat-perfmetric_level-04B_run-006.csv,True,task-ils/sub-cp023/ses-20210628/level-04B_run-006/sub-cp023_ses-20210628_task-ils_stream-lslshimmertorsoacc_feat-chunk_level-04B_run-006_dat.csv,False,,9,ecg;eda;emg;eye_tracking;head_movement;performance;respiration;torso_body_accelerometer;xplane,control_input,0,,0,
ils,sub-cp023,ses-20210628,level-04B,run-009,sub-cp023_ses-20210628_level-04B_run-009,task-ils/sub-cp023/ses-20210628/level-04B_run-009,18,18,10,10,True,True,task-ils/sub-cp023/ses-20210628/level-04B_run-009/sub-cp023_ses-20210628_ocuevts_level-04B_run-009.csv;task-ils/sub-cp023/ses-20210628/level-04B_run-009/sub-cp023_ses-20210628_task-ils_stream-lslhtcviveeye_feat-chunk_level-04B_run-009_dat.csv,True,task-ils/sub-cp023/ses-20210628/level-04B_run-009/sub-cp023_ses-20210628_task-ils_stream-lslshimmerecg_feat-chunk_level-04B_run-009_dat.csv,True,task-ils/sub-cp023/ses-20210628/level-04B_run-009/sub-cp023_ses-20210628_task-ils_stream-lslshimmereda_feat-chunk_level-04B_run-009_dat.csv,True,task-ils/sub-cp023/ses-20210628/level-04B_run-009/sub-cp023_ses-20210628_task-ils_stream-lslshimmeremg_feat-chunk_level-04B_run-009_dat.csv,True,task-ils/sub-cp023/ses-20210628/level-04B_run-009/sub-cp023_ses-20210628_task-ils_stream-lslshimmerresp_feat-chunk_level-04B_run-009_dat.csv,True,task-ils/sub-cp023/ses-20210628/level-04B_run-009/sub-cp023_ses-20210628_task-ils_stream-lslxp11xpcplt_feat-chunk_level-04B_run-009_dat.csv,True,task-ils/sub-cp023/ses-20210628/level-04B_run-009/sub-cp023_ses-20210628_task-ils_stream-lslxp11xpcac_feat-chunk_level-04B_run-009_dat.csv,True,task-ils/sub-cp023/ses-20210628/level-04B_run-009/sub-cp023_ses-20210628_task-ils_stream-lslxp11_feat-perfmetric_level-04B_run-009.csv,True,task-ils/sub-cp023/ses-20210628/level-04B_run-009/sub-cp023_ses-20210628_task-ils_stream-lslshimmertorsoacc_feat-chunk_level-04B_run-009_dat.csv,False,,9,ecg;eda;emg;eye_tracking;head_movement;performance;respiration;torso_body_accelerometer;xplane,control_input,0,,0,
ils,sub-cp024,ses-20210629,level-01B,run-001,sub-cp024_ses-20210629_level-01B_run-001,task-ils/sub-cp024/ses-20210629/level-01B_run-001,18,18,10,10,True,True,task-ils/sub-cp024/ses-20210629/level-01B_run-001/sub-cp024_ses-20210629_ocuevts_level-01B_run-001.csv;task-ils/sub-cp024/ses-20210629/level-01B_run-001/sub-cp024_ses-20210629_task-ils_stream-lslhtcviveeye_feat-chunk_level-01B_run-001_dat.csv,True,task-ils/sub-cp024/ses-20210629/level-01B_run-001/sub-cp024_ses-20210629_task-ils_stream-lslshimmerecg_feat-chunk_level-01B_run-001_dat.csv,True,task-ils/sub-cp024/ses-20210629/level-01B_run-001/sub-cp024_ses-20210629_task-ils_stream-lslshimmereda_feat-chunk_level-01B_run-001_dat.csv,True,task-ils/sub-cp024/ses-20210629/level-01B_run-001/sub-cp024_ses-20210629_task-ils_stream-lslshimmeremg_feat-chunk_level-01B_run-001_dat.csv,True,task-ils/sub-cp024/ses-20210629/level-01B_run-001/sub-cp024_ses-20210629_task-ils_stream-lslshimmerresp_feat-chunk_level-01B_run-001_dat.csv,True,task-ils/sub-cp024/ses-20210629/level-01B_run-001/sub-cp024_ses-20210629_task-ils_stream-lslxp11xpcplt_feat-chunk_level-01B_run-001_dat.csv,True,task-ils/sub-cp024/ses-20210629/level-01B_run-001/sub-cp024_ses-20210629_task-ils_stream-lslxp11xpcac_feat-chunk_level-01B_run-001_dat.csv,True,task-ils/sub-cp024/ses-20210629/level-01B_run-001/sub-cp024_ses-20210629_task-ils_stream-lslxp11_feat-perfmetric_level-01B_run-001.csv,True,task-ils/sub-cp024/ses-20210629/level-01B_run-001/sub-cp024_ses-20210629_task-ils_stream-lslshimmertorsoacc_feat-chunk_level-01B_run-001_dat.csv,False,,9,ecg;eda;emg;eye_tracking;head_movement;performance;respiration;torso_body_accelerometer;xplane,control_input,0,,0,
ils,sub-cp024,ses-20210629,level-01B,run-007,sub-cp024_ses-20210629_level-01B_run-007,task-ils/sub-cp024/ses-20210629/level-01B_run-007,18,18,10,10,True,True,task-ils/sub-cp024/ses-20210629/level-01B_run-007/sub-cp024_ses-20210629_ocuevts_level-01B_run-007.csv;task-ils/sub-cp024/ses-20210629/level-01B_run-007/sub-cp024_ses-20210629_task-ils_stream-lslhtcviveeye_feat-chunk_level-01B_run-007_dat.csv,True,task-ils/sub-cp024/ses-20210629/level-01B_run-007/sub-cp024_ses-20210629_task-ils_stream-lslshimmerecg_feat-chunk_level-01B_run-007_dat.csv,True,task-ils/sub-cp024/ses-20210629/level-01B_run-007/sub-cp024_ses-20210629_task-ils_stream-lslshimmereda_feat-chunk_level-01B_run-007_dat.csv,True,task-ils/sub-cp024/ses-20210629/level-01B_run-007/sub-cp024_ses-20210629_task-ils_stream-lslshimmeremg_feat-chunk_level-01B_run-007_dat.csv,True,task-ils/sub-cp024/ses-20210629/level-01B_run-007/sub-cp024_ses-20210629_task-ils_stream-lslshimmerresp_feat-chunk_level-01B_run-007_dat.csv,True,task-ils/sub-cp024/ses-20210629/level-01B_run-007/sub-cp024_ses-20210629_task-ils_stream-lslxp11xpcplt_feat-chunk_level-01B_run-007_dat.csv,True,task-ils/sub-cp024/ses-20210629/level-01B_run-007/sub-cp024_ses-20210629_task-ils_stream-lslxp11xpcac_feat-chunk_level-01B_run-007_dat.csv,True,task-ils/sub-cp024/ses-20210629/level-01B_run-007/sub-cp024_ses-20210629_task-ils_stream-lslxp11_feat-perfmetric_level-01B_run-007.csv,True,task-ils/sub-cp024/ses-20210629/level-01B_run-007/sub-cp024_ses-20210629_task-ils_stream-lslshimmertorsoacc_feat-chunk_level-01B_run-007_dat.csv,False,,9,ecg;eda;emg;eye_tracking;head_movement;performance;respiration;torso_body_accelerometer;xplane,control_input,0,,0,
ils,sub-cp024,ses-20210629,level-01B,run-012,sub-cp024_ses-20210629_level-01B_run-012,task-ils/sub-cp024/ses-20210629/level-01B_run-012,18,18,10,10,True,True,task-ils/sub-cp024/ses-20210629/level-01B_run-012/sub-cp024_ses-20210629_ocuevts_level-01B_run-012.csv;task-ils/sub-cp024/ses-20210629/level-01B_run-012/sub-cp024_ses-20210629_task-ils_stream-lslhtcviveeye_feat-chunk_level-01B_run-012_dat.csv,True,task-ils/sub-cp024/ses-20210629/level-01B_run-012/sub-cp024_ses-20210629_task-ils_stream-lslshimmerecg_feat-chunk_level-01B_run-012_dat.csv,True,task-ils/sub-cp024/ses-20210629/level-01B_run-012/sub-cp024_ses-20210629_task-ils_stream-lslshimmereda_feat-chunk_level-01B_run-012_dat.csv,True,task-ils/sub-cp024/ses-20210629/level-01B_run-012/sub-cp024_ses-20210629_task-ils_stream-lslshimmeremg_feat-chunk_level-01B_run-012_dat.csv,True,task-ils/sub-cp024/ses-20210629/level-01B_run-012/sub-cp024_ses-20210629_task-ils_stream-lslshimmerresp_feat-chunk_level-01B_run-012_dat.csv,True,task-ils/sub-cp024/ses-20210629/level-01B_run-012/sub-cp024_ses-20210629_task-ils_stream-lslxp11xpcplt_feat-chunk_level-01B_run-012_dat.csv,True,task-ils/sub-cp024/ses-20210629/level-01B_run-012/sub-cp024_ses-20210629_task-ils_stream-lslxp11xpcac_feat-chunk_level-01B_run-012_dat.csv,True,task-ils/sub-cp024/ses-20210629/level-01B_run-012/sub-cp024_ses-20210629_task-ils_stream-lslxp11_feat-perfmetric_level-01B_run-012.csv,True,task-ils/sub-cp024/ses-20210629/level-01B_run-012/sub-cp024_ses-20210629_task-ils_stream-lslshimmertorsoacc_feat-chunk_level-01B_run-012_dat.csv,False,,9,ecg;eda;emg;eye_tracking;head_movement;performance;respiration;torso_body_accelerometer;xplane,control_input,0,,0,
ils,sub-cp024,ses-20210629,level-02B,run-003,sub-cp024_ses-20210629_level-02B_run-003,task-ils/sub-cp024/ses-20210629/level-02B_run-003,18,18,10,10,True,True,task-ils/sub-cp024/ses-20210629/level-02B_run-003/sub-cp024_ses-20210629_ocuevts_level-02B_run-003.csv;task-ils/sub-cp024/ses-20210629/level-02B_run-003/sub-cp024_ses-20210629_task-ils_stream-lslhtcviveeye_feat-chunk_level-02B_run-003_dat.csv,True,task-ils/sub-cp024/ses-20210629/level-02B_run-003/sub-cp024_ses-20210629_task-ils_stream-lslshimmerecg_feat-chunk_level-02B_run-003_dat.csv,True,task-ils/sub-cp024/ses-20210629/level-02B_run-003/sub-cp024_ses-20210629_task-ils_stream-lslshimmereda_feat-chunk_level-02B_run-003_dat.csv,True,task-ils/sub-cp024/ses-20210629/level-02B_run-003/sub-cp024_ses-20210629_task-ils_stream-lslshimmeremg_feat-chunk_level-02B_run-003_dat.csv,True,task-ils/sub-cp024/ses-20210629/level-02B_run-003/sub-cp024_ses-20210629_task-ils_stream-lslshimmerresp_feat-chunk_level-02B_run-003_dat.csv,True,task-ils/sub-cp024/ses-20210629/level-02B_run-003/sub-cp024_ses-20210629_task-ils_stream-lslxp11xpcplt_feat-chunk_level-02B_run-003_dat.csv,True,task-ils/sub-cp024/ses-20210629/level-02B_run-003/sub-cp024_ses-20210629_task-ils_stream-lslxp11xpcac_feat-chunk_level-02B_run-003_dat.csv,True,task-ils/sub-cp024/ses-20210629/level-02B_run-003/sub-cp024_ses-20210629_task-ils_stream-lslxp11_feat-perfmetric_level-02B_run-003.csv,True,task-ils/sub-cp024/ses-20210629/level-02B_run-003/sub-cp024_ses-20210629_task-ils_stream-lslshimmertorsoacc_feat-chunk_level-02B_run-003_dat.csv,False,,9,ecg;eda;emg;eye_tracking;head_movement;performance;respiration;torso_body_accelerometer;xplane,control_input,0,,0,
ils,sub-cp024,ses-20210629,level-02B,run-008,sub-cp024_ses-20210629_level-02B_run-008,task-ils/sub-cp024/ses-20210629/level-02B_run-008,18,18,10,10,True,True,task-ils/sub-cp024/ses-20210629/level-02B_run-008/sub-cp024_ses-20210629_ocuevts_level-02B_run-008.csv;task-ils/sub-cp024/ses-20210629/level-02B_run-008/sub-cp024_ses-20210629_task-ils_stream-lslhtcviveeye_feat-chunk_level-02B_run-008_dat.csv,True,task-ils/sub-cp024/ses-20210629/level-02B_run-008/sub-cp024_ses-20210629_task-ils_stream-lslshimmerecg_feat-chunk_level-02B_run-008_dat.csv,True,task-ils/sub-cp024/ses-20210629/level-02B_run-008/sub-cp024_ses-20210629_task-ils_stream-lslshimmereda_feat-chunk_level-02B_run-008_dat.csv,True,task-ils/sub-cp024/ses-20210629/level-02B_run-008/sub-cp024_ses-20210629_task-ils_stream-lslshimmeremg_feat-chunk_level-02B_run-008_dat.csv,True,task-ils/sub-cp024/ses-20210629/level-02B_run-008/sub-cp024_ses-20210629_task-ils_stream-lslshimmerresp_feat-chunk_level-02B_run-008_dat.csv,True,task-ils/sub-cp024/ses-20210629/level-02B_run-008/sub-cp024_ses-20210629_task-ils_stream-lslxp11xpcplt_feat-chunk_level-02B_run-008_dat.csv,True,task-ils/sub-cp024/ses-20210629/level-02B_run-008/sub-cp024_ses-20210629_task-ils_stream-lslxp11xpcac_feat-chunk_level-02B_run-008_dat.csv,True,task-ils/sub-cp024/ses-20210629/level-02B_run-008/sub-cp024_ses-20210629_task-ils_stream-lslxp11_feat-perfmetric_level-02B_run-008.csv,True,task-ils/sub-cp024/ses-20210629/level-02B_run-008/sub-cp024_ses-20210629_task-ils_stream-lslshimmertorsoacc_feat-chunk_level-02B_run-008_dat.csv,False,,9,ecg;eda;emg;eye_tracking;head_movement;performance;respiration;torso_body_accelerometer;xplane,control_input,0,,0,
ils,sub-cp024,ses-20210629,level-02B,run-010,sub-cp024_ses-20210629_level-02B_run-010,task-ils/sub-cp024/ses-20210629/level-02B_run-010,18,18,10,10,True,True,task-ils/sub-cp024/ses-20210629/level-02B_run-010/sub-cp024_ses-20210629_ocuevts_level-02B_run-010.csv;task-ils/sub-cp024/ses-20210629/level-02B_run-010/sub-cp024_ses-20210629_task-ils_stream-lslhtcviveeye_feat-chunk_level-02B_run-010_dat.csv,True,task-ils/sub-cp024/ses-20210629/level-02B_run-010/sub-cp024_ses-20210629_task-ils_stream-lslshimmerecg_feat-chunk_level-02B_run-010_dat.csv,True,task-ils/sub-cp024/ses-20210629/level-02B_run-010/sub-cp024_ses-20210629_task-ils_stream-lslshimmereda_feat-chunk_level-02B_run-010_dat.csv,True,task-ils/sub-cp024/ses-20210629/level-02B_run-010/sub-cp024_ses-20210629_task-ils_stream-lslshimmeremg_feat-chunk_level-02B_run-010_dat.csv,True,task-ils/sub-cp024/ses-20210629/level-02B_run-010/sub-cp024_ses-20210629_task-ils_stream-lslshimmerresp_feat-chunk_level-02B_run-010_dat.csv,True,task-ils/sub-cp024/ses-20210629/level-02B_run-010/sub-cp024_ses-20210629_task-ils_stream-lslxp11xpcplt_feat-chunk_level-02B_run-010_dat.csv,True,task-ils/sub-cp024/ses-20210629/level-02B_run-010/sub-cp024_ses-20210629_task-ils_stream-lslxp11xpcac_feat-chunk_level-02B_run-010_dat.csv,True,task-ils/sub-cp024/ses-20210629/level-02B_run-010/sub-cp024_ses-20210629_task-ils_stream-lslxp11_feat-perfmetric_level-02B_run-010.csv,True,task-ils/sub-cp024/ses-20210629/level-02B_run-010/sub-cp024_ses-20210629_task-ils_stream-lslshimmertorsoacc_feat-chunk_level-02B_run-010_dat.csv,False,,9,ecg;eda;emg;eye_tracking;head_movement;performance;respiration;torso_body_accelerometer;xplane,control_input,0,,0,
ils,sub-cp024,ses-20210629,level-03B,run-002,sub-cp024_ses-20210629_level-03B_run-002,task-ils/sub-cp024/ses-20210629/level-03B_run-002,18,18,10,10,True,True,task-ils/sub-cp024/ses-20210629/level-03B_run-002/sub-cp024_ses-20210629_ocuevts_level-03B_run-002.csv;task-ils/sub-cp024/ses-20210629/level-03B_run-002/sub-cp024_ses-20210629_task-ils_stream-lslhtcviveeye_feat-chunk_level-03B_run-002_dat.csv,True,task-ils/sub-cp024/ses-20210629/level-03B_run-002/sub-cp024_ses-20210629_task-ils_stream-lslshimmerecg_feat-chunk_level-03B_run-002_dat.csv,True,task-ils/sub-cp024/ses-20210629/level-03B_run-002/sub-cp024_ses-20210629_task-ils_stream-lslshimmereda_feat-chunk_level-03B_run-002_dat.csv,True,task-ils/sub-cp024/ses-20210629/level-03B_run-002/sub-cp024_ses-20210629_task-ils_stream-lslshimmeremg_feat-chunk_level-03B_run-002_dat.csv,True,task-ils/sub-cp024/ses-20210629/level-03B_run-002/sub-cp024_ses-20210629_task-ils_stream-lslshimmerresp_feat-chunk_level-03B_run-002_dat.csv,True,task-ils/sub-cp024/ses-20210629/level-03B_run-002/sub-cp024_ses-20210629_task-ils_stream-lslxp11xpcplt_feat-chunk_level-03B_run-002_dat.csv,True,task-ils/sub-cp024/ses-20210629/level-03B_run-002/sub-cp024_ses-20210629_task-ils_stream-lslxp11xpcac_feat-chunk_level-03B_run-002_dat.csv,True,task-ils/sub-cp024/ses-20210629/level-03B_run-002/sub-cp024_ses-20210629_task-ils_stream-lslxp11_feat-perfmetric_level-03B_run-002.csv,True,task-ils/sub-cp024/ses-20210629/level-03B_run-002/sub-cp024_ses-20210629_task-ils_stream-lslshimmertorsoacc_feat-chunk_level-03B_run-002_dat.csv,False,,9,ecg;eda;emg;eye_tracking;head_movement;performance;respiration;torso_body_accelerometer;xplane,control_input,0,,0,
ils,sub-cp024,ses-20210629,level-03B,run-005,sub-cp024_ses-20210629_level-03B_run-005,task-ils/sub-cp024/ses-20210629/level-03B_run-005,18,18,10,10,True,True,task-ils/sub-cp024/ses-20210629/level-03B_run-005/sub-cp024_ses-20210629_ocuevts_level-03B_run-005.csv;task-ils/sub-cp024/ses-20210629/level-03B_run-005/sub-cp024_ses-20210629_task-ils_stream-lslhtcviveeye_feat-chunk_level-03B_run-005_dat.csv,True,task-ils/sub-cp024/ses-20210629/level-03B_run-005/sub-cp024_ses-20210629_task-ils_stream-lslshimmerecg_feat-chunk_level-03B_run-005_dat.csv,True,task-ils/sub-cp024/ses-20210629/level-03B_run-005/sub-cp024_ses-20210629_task-ils_stream-lslshimmereda_feat-chunk_level-03B_run-005_dat.csv,True,task-ils/sub-cp024/ses-20210629/level-03B_run-005/sub-cp024_ses-20210629_task-ils_stream-lslshimmeremg_feat-chunk_level-03B_run-005_dat.csv,True,task-ils/sub-cp024/ses-20210629/level-03B_run-005/sub-cp024_ses-20210629_task-ils_stream-lslshimmerresp_feat-chunk_level-03B_run-005_dat.csv,True,task-ils/sub-cp024/ses-20210629/level-03B_run-005/sub-cp024_ses-20210629_task-ils_stream-lslxp11xpcplt_feat-chunk_level-03B_run-005_dat.csv,True,task-ils/sub-cp024/ses-20210629/level-03B_run-005/sub-cp024_ses-20210629_task-ils_stream-lslxp11xpcac_feat-chunk_level-03B_run-005_dat.csv,True,task-ils/sub-cp024/ses-20210629/level-03B_run-005/sub-cp024_ses-20210629_task-ils_stream-lslxp11_feat-perfmetric_level-03B_run-005.csv,True,task-ils/sub-cp024/ses-20210629/level-03B_run-005/sub-cp024_ses-20210629_task-ils_stream-lslshimmertorsoacc_feat-chunk_level-03B_run-005_dat.csv,False,,9,ecg;eda;emg;eye_tracking;head_movement;performance;respiration;torso_body_accelerometer;xplane,control_input,0,,0,
ils,sub-cp024,ses-20210629,level-03B,run-011,sub-cp024_ses-20210629_level-03B_run-011,task-ils/sub-cp024/ses-20210629/level-03B_run-011,18,18,10,10,True,True,task-ils/sub-cp024/ses-20210629/level-03B_run-011/sub-cp024_ses-20210629_ocuevts_level-03B_run-011.csv;task-ils/sub-cp024/ses-20210629/level-03B_run-011/sub-cp024_ses-20210629_task-ils_stream-lslhtcviveeye_feat-chunk_level-03B_run-011_dat.csv,True,task-ils/sub-cp024/ses-20210629/level-03B_run-011/sub-cp024_ses-20210629_task-ils_stream-lslshimmerecg_feat-chunk_level-03B_run-011_dat.csv,True,task-ils/sub-cp024/ses-20210629/level-03B_run-011/sub-cp024_ses-20210629_task-ils_stream-lslshimmereda_feat-chunk_level-03B_run-011_dat.csv,True,task-ils/sub-cp024/ses-20210629/level-03B_run-011/sub-cp024_ses-20210629_task-ils_stream-lslshimmeremg_feat-chunk_level-03B_run-011_dat.csv,True,task-ils/sub-cp024/ses-20210629/level-03B_run-011/sub-cp024_ses-20210629_task-ils_stream-lslshimmerresp_feat-chunk_level-03B_run-011_dat.csv,True,task-ils/sub-cp024/ses-20210629/level-03B_run-011/sub-cp024_ses-20210629_task-ils_stream-lslxp11xpcplt_feat-chunk_level-03B_run-011_dat.csv,True,task-ils/sub-cp024/ses-20210629/level-03B_run-011/sub-cp024_ses-20210629_task-ils_stream-lslxp11xpcac_feat-chunk_level-03B_run-011_dat.csv,True,task-ils/sub-cp024/ses-20210629/level-03B_run-011/sub-cp024_ses-20210629_task-ils_stream-lslxp11_feat-perfmetric_level-03B_run-011.csv,True,task-ils/sub-cp024/ses-20210629/level-03B_run-011/sub-cp024_ses-20210629_task-ils_stream-lslshimmertorsoacc_feat-chunk_level-03B_run-011_dat.csv,False,,9,ecg;eda;emg;eye_tracking;head_movement;performance;respiration;torso_body_accelerometer;xplane,control_input,0,,0,
ils,sub-cp024,ses-20210629,level-04B,run-004,sub-cp024_ses-20210629_level-04B_run-004,task-ils/sub-cp024/ses-20210629/level-04B_run-004,18,18,10,10,True,True,task-ils/sub-cp024/ses-20210629/level-04B_run-004/sub-cp024_ses-20210629_ocuevts_level-04B_run-004.csv;task-ils/sub-cp024/ses-20210629/level-04B_run-004/sub-cp024_ses-20210629_task-ils_stream-lslhtcviveeye_feat-chunk_level-04B_run-004_dat.csv,True,task-ils/sub-cp024/ses-20210629/level-04B_run-004/sub-cp024_ses-20210629_task-ils_stream-lslshimmerecg_feat-chunk_level-04B_run-004_dat.csv,True,task-ils/sub-cp024/ses-20210629/level-04B_run-004/sub-cp024_ses-20210629_task-ils_stream-lslshimmereda_feat-chunk_level-04B_run-004_dat.csv,True,task-ils/sub-cp024/ses-20210629/level-04B_run-004/sub-cp024_ses-20210629_task-ils_stream-lslshimmeremg_feat-chunk_level-04B_run-004_dat.csv,True,task-ils/sub-cp024/ses-20210629/level-04B_run-004/sub-cp024_ses-20210629_task-ils_stream-lslshimmerresp_feat-chunk_level-04B_run-004_dat.csv,True,task-ils/sub-cp024/ses-20210629/level-04B_run-004/sub-cp024_ses-20210629_task-ils_stream-lslxp11xpcplt_feat-chunk_level-04B_run-004_dat.csv,True,task-ils/sub-cp024/ses-20210629/level-04B_run-004/sub-cp024_ses-20210629_task-ils_stream-lslxp11xpcac_feat-chunk_level-04B_run-004_dat.csv,True,task-ils/sub-cp024/ses-20210629/level-04B_run-004/sub-cp024_ses-20210629_task-ils_stream-lslxp11_feat-perfmetric_level-04B_run-004.csv,True,task-ils/sub-cp024/ses-20210629/level-04B_run-004/sub-cp024_ses-20210629_task-ils_stream-lslshimmertorsoacc_feat-chunk_level-04B_run-004_dat.csv,False,,9,ecg;eda;emg;eye_tracking;head_movement;performance;respiration;torso_body_accelerometer;xplane,control_input,0,,0,
ils,sub-cp024,ses-20210629,level-04B,run-006,sub-cp024_ses-20210629_level-04B_run-006,task-ils/sub-cp024/ses-20210629/level-04B_run-006,18,18,10,10,True,True,task-ils/sub-cp024/ses-20210629/level-04B_run-006/sub-cp024_ses-20210629_ocuevts_level-04B_run-006.csv;task-ils/sub-cp024/ses-20210629/level-04B_run-006/sub-cp024_ses-20210629_task-ils_stream-lslhtcviveeye_feat-chunk_level-04B_run-006_dat.csv,True,task-ils/sub-cp024/ses-20210629/level-04B_run-006/sub-cp024_ses-20210629_task-ils_stream-lslshimmerecg_feat-chunk_level-04B_run-006_dat.csv,True,task-ils/sub-cp024/ses-20210629/level-04B_run-006/sub-cp024_ses-20210629_task-ils_stream-lslshimmereda_feat-chunk_level-04B_run-006_dat.csv,True,task-ils/sub-cp024/ses-20210629/level-04B_run-006/sub-cp024_ses-20210629_task-ils_stream-lslshimmeremg_feat-chunk_level-04B_run-006_dat.csv,True,task-ils/sub-cp024/ses-20210629/level-04B_run-006/sub-cp024_ses-20210629_task-ils_stream-lslshimmerresp_feat-chunk_level-04B_run-006_dat.csv,True,task-ils/sub-cp024/ses-20210629/level-04B_run-006/sub-cp024_ses-20210629_task-ils_stream-lslxp11xpcplt_feat-chunk_level-04B_run-006_dat.csv,True,task-ils/sub-cp024/ses-20210629/level-04B_run-006/sub-cp024_ses-20210629_task-ils_stream-lslxp11xpcac_feat-chunk_level-04B_run-006_dat.csv,True,task-ils/sub-cp024/ses-20210629/level-04B_run-006/sub-cp024_ses-20210629_task-ils_stream-lslxp11_feat-perfmetric_level-04B_run-006.csv,True,task-ils/sub-cp024/ses-20210629/level-04B_run-006/sub-cp024_ses-20210629_task-ils_stream-lslshimmertorsoacc_feat-chunk_level-04B_run-006_dat.csv,False,,9,ecg;eda;emg;eye_tracking;head_movement;performance;respiration;torso_body_accelerometer;xplane,control_input,0,,0,
ils,sub-cp024,ses-20210629,level-04B,run-009,sub-cp024_ses-20210629_level-04B_run-009,task-ils/sub-cp024/ses-20210629/level-04B_run-009,18,18,10,10,True,True,task-ils/sub-cp024/ses-20210629/level-04B_run-009/sub-cp024_ses-20210629_ocuevts_level-04B_run-009.csv;task-ils/sub-cp024/ses-20210629/level-04B_run-009/sub-cp024_ses-20210629_task-ils_stream-lslhtcviveeye_feat-chunk_level-04B_run-009_dat.csv,True,task-ils/sub-cp024/ses-20210629/level-04B_run-009/sub-cp024_ses-20210629_task-ils_stream-lslshimmerecg_feat-chunk_level-04B_run-009_dat.csv,True,task-ils/sub-cp024/ses-20210629/level-04B_run-009/sub-cp024_ses-20210629_task-ils_stream-lslshimmereda_feat-chunk_level-04B_run-009_dat.csv,True,task-ils/sub-cp024/ses-20210629/level-04B_run-009/sub-cp024_ses-20210629_task-ils_stream-lslshimmeremg_feat-chunk_level-04B_run-009_dat.csv,True,task-ils/sub-cp024/ses-20210629/level-04B_run-009/sub-cp024_ses-20210629_task-ils_stream-lslshimmerresp_feat-chunk_level-04B_run-009_dat.csv,True,task-ils/sub-cp024/ses-20210629/level-04B_run-009/sub-cp024_ses-20210629_task-ils_stream-lslxp11xpcplt_feat-chunk_level-04B_run-009_dat.csv,True,task-ils/sub-cp024/ses-20210629/level-04B_run-009/sub-cp024_ses-20210629_task-ils_stream-lslxp11xpcac_feat-chunk_level-04B_run-009_dat.csv,True,task-ils/sub-cp024/ses-20210629/level-04B_run-009/sub-cp024_ses-20210629_task-ils_stream-lslxp11_feat-perfmetric_level-04B_run-009.csv,True,task-ils/sub-cp024/ses-20210629/level-04B_run-009/sub-cp024_ses-20210629_task-ils_stream-lslshimmertorsoacc_feat-chunk_level-04B_run-009_dat.csv,False,,9,ecg;eda;emg;eye_tracking;head_movement;performance;respiration;torso_body_accelerometer;xplane,control_input,0,,0,
ils,sub-cp025,ses-20210820,level-01B,run-001,sub-cp025_ses-20210820_level-01B_run-001,task-ils/sub-cp025/ses-20210820/level-01B_run-001,20,20,11,11,True,True,task-ils/sub-cp025/ses-20210820/level-01B_run-001/sub-cp025_ses-20210820_ocuevts_level-01B_run-001.csv;task-ils/sub-cp025/ses-20210820/level-01B_run-001/sub-cp025_ses-20210820_task-ils_stream-lslhtcviveeye_feat-chunk_level-01B_run-001_dat.csv,True,task-ils/sub-cp025/ses-20210820/level-01B_run-001/sub-cp025_ses-20210820_task-ils_stream-lslshimmerecg_feat-chunk_level-01B_run-001_dat.csv,True,task-ils/sub-cp025/ses-20210820/level-01B_run-001/sub-cp025_ses-20210820_task-ils_stream-lslshimmereda_feat-chunk_level-01B_run-001_dat.csv,True,task-ils/sub-cp025/ses-20210820/level-01B_run-001/sub-cp025_ses-20210820_task-ils_stream-lslshimmeremg_feat-chunk_level-01B_run-001_dat.csv,True,task-ils/sub-cp025/ses-20210820/level-01B_run-001/sub-cp025_ses-20210820_task-ils_stream-lslrespitrace_feat-chunk_level-01B_run-001_dat.csv;task-ils/sub-cp025/ses-20210820/level-01B_run-001/sub-cp025_ses-20210820_task-ils_stream-lslshimmerresp_feat-chunk_level-01B_run-001_dat.csv,True,task-ils/sub-cp025/ses-20210820/level-01B_run-001/sub-cp025_ses-20210820_task-ils_stream-lslxp11xpcplt_feat-chunk_level-01B_run-001_dat.csv,True,task-ils/sub-cp025/ses-20210820/level-01B_run-001/sub-cp025_ses-20210820_task-ils_stream-lslxp11xpcac_feat-chunk_level-01B_run-001_dat.csv,True,task-ils/sub-cp025/ses-20210820/level-01B_run-001/sub-cp025_ses-20210820_task-ils_stream-lslxp11_feat-perfmetric_level-01B_run-001.csv,True,task-ils/sub-cp025/ses-20210820/level-01B_run-001/sub-cp025_ses-20210820_task-ils_stream-lslshimmertorsoacc_feat-chunk_level-01B_run-001_dat.csv,False,,9,ecg;eda;emg;eye_tracking;head_movement;performance;respiration;torso_body_accelerometer;xplane,control_input,0,,0,
ils,sub-cp025,ses-20210820,level-01B,run-007,sub-cp025_ses-20210820_level-01B_run-007,task-ils/sub-cp025/ses-20210820/level-01B_run-007,20,20,11,11,True,True,task-ils/sub-cp025/ses-20210820/level-01B_run-007/sub-cp025_ses-20210820_ocuevts_level-01B_run-007.csv;task-ils/sub-cp025/ses-20210820/level-01B_run-007/sub-cp025_ses-20210820_task-ils_stream-lslhtcviveeye_feat-chunk_level-01B_run-007_dat.csv,True,task-ils/sub-cp025/ses-20210820/level-01B_run-007/sub-cp025_ses-20210820_task-ils_stream-lslshimmerecg_feat-chunk_level-01B_run-007_dat.csv,True,task-ils/sub-cp025/ses-20210820/level-01B_run-007/sub-cp025_ses-20210820_task-ils_stream-lslshimmereda_feat-chunk_level-01B_run-007_dat.csv,True,task-ils/sub-cp025/ses-20210820/level-01B_run-007/sub-cp025_ses-20210820_task-ils_stream-lslshimmeremg_feat-chunk_level-01B_run-007_dat.csv,True,task-ils/sub-cp025/ses-20210820/level-01B_run-007/sub-cp025_ses-20210820_task-ils_stream-lslrespitrace_feat-chunk_level-01B_run-007_dat.csv;task-ils/sub-cp025/ses-20210820/level-01B_run-007/sub-cp025_ses-20210820_task-ils_stream-lslshimmerresp_feat-chunk_level-01B_run-007_dat.csv,True,task-ils/sub-cp025/ses-20210820/level-01B_run-007/sub-cp025_ses-20210820_task-ils_stream-lslxp11xpcplt_feat-chunk_level-01B_run-007_dat.csv,True,task-ils/sub-cp025/ses-20210820/level-01B_run-007/sub-cp025_ses-20210820_task-ils_stream-lslxp11xpcac_feat-chunk_level-01B_run-007_dat.csv,True,task-ils/sub-cp025/ses-20210820/level-01B_run-007/sub-cp025_ses-20210820_task-ils_stream-lslxp11_feat-perfmetric_level-01B_run-007.csv,True,task-ils/sub-cp025/ses-20210820/level-01B_run-007/sub-cp025_ses-20210820_task-ils_stream-lslshimmertorsoacc_feat-chunk_level-01B_run-007_dat.csv,False,,9,ecg;eda;emg;eye_tracking;head_movement;performance;respiration;torso_body_accelerometer;xplane,control_input,0,,0,
ils,sub-cp025,ses-20210820,level-01B,run-012,sub-cp025_ses-20210820_level-01B_run-012,task-ils/sub-cp025/ses-20210820/level-01B_run-012,20,20,11,11,True,True,task-ils/sub-cp025/ses-20210820/level-01B_run-012/sub-cp025_ses-20210820_ocuevts_level-01B_run-012.csv;task-ils/sub-cp025/ses-20210820/level-01B_run-012/sub-cp025_ses-20210820_task-ils_stream-lslhtcviveeye_feat-chunk_level-01B_run-012_dat.csv,True,task-ils/sub-cp025/ses-20210820/level-01B_run-012/sub-cp025_ses-20210820_task-ils_stream-lslshimmerecg_feat-chunk_level-01B_run-012_dat.csv,True,task-ils/sub-cp025/ses-20210820/level-01B_run-012/sub-cp025_ses-20210820_task-ils_stream-lslshimmereda_feat-chunk_level-01B_run-012_dat.csv,True,task-ils/sub-cp025/ses-20210820/level-01B_run-012/sub-cp025_ses-20210820_task-ils_stream-lslshimmeremg_feat-chunk_level-01B_run-012_dat.csv,True,task-ils/sub-cp025/ses-20210820/level-01B_run-012/sub-cp025_ses-20210820_task-ils_stream-lslrespitrace_feat-chunk_level-01B_run-012_dat.csv;task-ils/sub-cp025/ses-20210820/level-01B_run-012/sub-cp025_ses-20210820_task-ils_stream-lslshimmerresp_feat-chunk_level-01B_run-012_dat.csv,True,task-ils/sub-cp025/ses-20210820/level-01B_run-012/sub-cp025_ses-20210820_task-ils_stream-lslxp11xpcplt_feat-chunk_level-01B_run-012_dat.csv,True,task-ils/sub-cp025/ses-20210820/level-01B_run-012/sub-cp025_ses-20210820_task-ils_stream-lslxp11xpcac_feat-chunk_level-01B_run-012_dat.csv,True,task-ils/sub-cp025/ses-20210820/level-01B_run-012/sub-cp025_ses-20210820_task-ils_stream-lslxp11_feat-perfmetric_level-01B_run-012.csv,True,task-ils/sub-cp025/ses-20210820/level-01B_run-012/sub-cp025_ses-20210820_task-ils_stream-lslshimmertorsoacc_feat-chunk_level-01B_run-012_dat.csv,False,,9,ecg;eda;emg;eye_tracking;head_movement;performance;respiration;torso_body_accelerometer;xplane,control_input,0,,0,
ils,sub-cp025,ses-20210820,level-02B,run-003,sub-cp025_ses-20210820_level-02B_run-003,task-ils/sub-cp025/ses-20210820/level-02B_run-003,20,20,11,11,True,True,task-ils/sub-cp025/ses-20210820/level-02B_run-003/sub-cp025_ses-20210820_ocuevts_level-02B_run-003.csv;task-ils/sub-cp025/ses-20210820/level-02B_run-003/sub-cp025_ses-20210820_task-ils_stream-lslhtcviveeye_feat-chunk_level-02B_run-003_dat.csv,True,task-ils/sub-cp025/ses-20210820/level-02B_run-003/sub-cp025_ses-20210820_task-ils_stream-lslshimmerecg_feat-chunk_level-02B_run-003_dat.csv,True,task-ils/sub-cp025/ses-20210820/level-02B_run-003/sub-cp025_ses-20210820_task-ils_stream-lslshimmereda_feat-chunk_level-02B_run-003_dat.csv,True,task-ils/sub-cp025/ses-20210820/level-02B_run-003/sub-cp025_ses-20210820_task-ils_stream-lslshimmeremg_feat-chunk_level-02B_run-003_dat.csv,True,task-ils/sub-cp025/ses-20210820/level-02B_run-003/sub-cp025_ses-20210820_task-ils_stream-lslrespitrace_feat-chunk_level-02B_run-003_dat.csv;task-ils/sub-cp025/ses-20210820/level-02B_run-003/sub-cp025_ses-20210820_task-ils_stream-lslshimmerresp_feat-chunk_level-02B_run-003_dat.csv,True,task-ils/sub-cp025/ses-20210820/level-02B_run-003/sub-cp025_ses-20210820_task-ils_stream-lslxp11xpcplt_feat-chunk_level-02B_run-003_dat.csv,True,task-ils/sub-cp025/ses-20210820/level-02B_run-003/sub-cp025_ses-20210820_task-ils_stream-lslxp11xpcac_feat-chunk_level-02B_run-003_dat.csv,True,task-ils/sub-cp025/ses-20210820/level-02B_run-003/sub-cp025_ses-20210820_task-ils_stream-lslxp11_feat-perfmetric_level-02B_run-003.csv,True,task-ils/sub-cp025/ses-20210820/level-02B_run-003/sub-cp025_ses-20210820_task-ils_stream-lslshimmertorsoacc_feat-chunk_level-02B_run-003_dat.csv,False,,9,ecg;eda;emg;eye_tracking;head_movement;performance;respiration;torso_body_accelerometer;xplane,control_input,0,,0,
ils,sub-cp025,ses-20210820,level-02B,run-008,sub-cp025_ses-20210820_level-02B_run-008,task-ils/sub-cp025/ses-20210820/level-02B_run-008,20,20,11,11,True,True,task-ils/sub-cp025/ses-20210820/level-02B_run-008/sub-cp025_ses-20210820_ocuevts_level-02B_run-008.csv;task-ils/sub-cp025/ses-20210820/level-02B_run-008/sub-cp025_ses-20210820_task-ils_stream-lslhtcviveeye_feat-chunk_level-02B_run-008_dat.csv,True,task-ils/sub-cp025/ses-20210820/level-02B_run-008/sub-cp025_ses-20210820_task-ils_stream-lslshimmerecg_feat-chunk_level-02B_run-008_dat.csv,True,task-ils/sub-cp025/ses-20210820/level-02B_run-008/sub-cp025_ses-20210820_task-ils_stream-lslshimmereda_feat-chunk_level-02B_run-008_dat.csv,True,task-ils/sub-cp025/ses-20210820/level-02B_run-008/sub-cp025_ses-20210820_task-ils_stream-lslshimmeremg_feat-chunk_level-02B_run-008_dat.csv,True,task-ils/sub-cp025/ses-20210820/level-02B_run-008/sub-cp025_ses-20210820_task-ils_stream-lslrespitrace_feat-chunk_level-02B_run-008_dat.csv;task-ils/sub-cp025/ses-20210820/level-02B_run-008/sub-cp025_ses-20210820_task-ils_stream-lslshimmerresp_feat-chunk_level-02B_run-008_dat.csv,True,task-ils/sub-cp025/ses-20210820/level-02B_run-008/sub-cp025_ses-20210820_task-ils_stream-lslxp11xpcplt_feat-chunk_level-02B_run-008_dat.csv,True,task-ils/sub-cp025/ses-20210820/level-02B_run-008/sub-cp025_ses-20210820_task-ils_stream-lslxp11xpcac_feat-chunk_level-02B_run-008_dat.csv,True,task-ils/sub-cp025/ses-20210820/level-02B_run-008/sub-cp025_ses-20210820_task-ils_stream-lslxp11_feat-perfmetric_level-02B_run-008.csv,True,task-ils/sub-cp025/ses-20210820/level-02B_run-008/sub-cp025_ses-20210820_task-ils_stream-lslshimmertorsoacc_feat-chunk_level-02B_run-008_dat.csv,False,,9,ecg;eda;emg;eye_tracking;head_movement;performance;respiration;torso_body_accelerometer;xplane,control_input,0,,0,
ils,sub-cp025,ses-20210820,level-02B,run-010,sub-cp025_ses-20210820_level-02B_run-010,task-ils/sub-cp025/ses-20210820/level-02B_run-010,20,20,11,11,True,True,task-ils/sub-cp025/ses-20210820/level-02B_run-010/sub-cp025_ses-20210820_ocuevts_level-02B_run-010.csv;task-ils/sub-cp025/ses-20210820/level-02B_run-010/sub-cp025_ses-20210820_task-ils_stream-lslhtcviveeye_feat-chunk_level-02B_run-010_dat.csv,True,task-ils/sub-cp025/ses-20210820/level-02B_run-010/sub-cp025_ses-20210820_task-ils_stream-lslshimmerecg_feat-chunk_level-02B_run-010_dat.csv,True,task-ils/sub-cp025/ses-20210820/level-02B_run-010/sub-cp025_ses-20210820_task-ils_stream-lslshimmereda_feat-chunk_level-02B_run-010_dat.csv,True,task-ils/sub-cp025/ses-20210820/level-02B_run-010/sub-cp025_ses-20210820_task-ils_stream-lslshimmeremg_feat-chunk_level-02B_run-010_dat.csv,True,task-ils/sub-cp025/ses-20210820/level-02B_run-010/sub-cp025_ses-20210820_task-ils_stream-lslrespitrace_feat-chunk_level-02B_run-010_dat.csv;task-ils/sub-cp025/ses-20210820/level-02B_run-010/sub-cp025_ses-20210820_task-ils_stream-lslshimmerresp_feat-chunk_level-02B_run-010_dat.csv,True,task-ils/sub-cp025/ses-20210820/level-02B_run-010/sub-cp025_ses-20210820_task-ils_stream-lslxp11xpcplt_feat-chunk_level-02B_run-010_dat.csv,True,task-ils/sub-cp025/ses-20210820/level-02B_run-010/sub-cp025_ses-20210820_task-ils_stream-lslxp11xpcac_feat-chunk_level-02B_run-010_dat.csv,True,task-ils/sub-cp025/ses-20210820/level-02B_run-010/sub-cp025_ses-20210820_task-ils_stream-lslxp11_feat-perfmetric_level-02B_run-010.csv,True,task-ils/sub-cp025/ses-20210820/level-02B_run-010/sub-cp025_ses-20210820_task-ils_stream-lslshimmertorsoacc_feat-chunk_level-02B_run-010_dat.csv,False,,9,ecg;eda;emg;eye_tracking;head_movement;performance;respiration;torso_body_accelerometer;xplane,control_input,0,,0,
ils,sub-cp025,ses-20210820,level-03B,run-002,sub-cp025_ses-20210820_level-03B_run-002,task-ils/sub-cp025/ses-20210820/level-03B_run-002,20,20,11,11,True,True,task-ils/sub-cp025/ses-20210820/level-03B_run-002/sub-cp025_ses-20210820_ocuevts_level-03B_run-002.csv;task-ils/sub-cp025/ses-20210820/level-03B_run-002/sub-cp025_ses-20210820_task-ils_stream-lslhtcviveeye_feat-chunk_level-03B_run-002_dat.csv,True,task-ils/sub-cp025/ses-20210820/level-03B_run-002/sub-cp025_ses-20210820_task-ils_stream-lslshimmerecg_feat-chunk_level-03B_run-002_dat.csv,True,task-ils/sub-cp025/ses-20210820/level-03B_run-002/sub-cp025_ses-20210820_task-ils_stream-lslshimmereda_feat-chunk_level-03B_run-002_dat.csv,True,task-ils/sub-cp025/ses-20210820/level-03B_run-002/sub-cp025_ses-20210820_task-ils_stream-lslshimmeremg_feat-chunk_level-03B_run-002_dat.csv,True,task-ils/sub-cp025/ses-20210820/level-03B_run-002/sub-cp025_ses-20210820_task-ils_stream-lslrespitrace_feat-chunk_level-03B_run-002_dat.csv;task-ils/sub-cp025/ses-20210820/level-03B_run-002/sub-cp025_ses-20210820_task-ils_stream-lslshimmerresp_feat-chunk_level-03B_run-002_dat.csv,True,task-ils/sub-cp025/ses-20210820/level-03B_run-002/sub-cp025_ses-20210820_task-ils_stream-lslxp11xpcplt_feat-chunk_level-03B_run-002_dat.csv,True,task-ils/sub-cp025/ses-20210820/level-03B_run-002/sub-cp025_ses-20210820_task-ils_stream-lslxp11xpcac_feat-chunk_level-03B_run-002_dat.csv,True,task-ils/sub-cp025/ses-20210820/level-03B_run-002/sub-cp025_ses-20210820_task-ils_stream-lslxp11_feat-perfmetric_level-03B_run-002.csv,True,task-ils/sub-cp025/ses-20210820/level-03B_run-002/sub-cp025_ses-20210820_task-ils_stream-lslshimmertorsoacc_feat-chunk_level-03B_run-002_dat.csv,False,,9,ecg;eda;emg;eye_tracking;head_movement;performance;respiration;torso_body_accelerometer;xplane,control_input,0,,0,
ils,sub-cp025,ses-20210820,level-03B,run-005,sub-cp025_ses-20210820_level-03B_run-005,task-ils/sub-cp025/ses-20210820/level-03B_run-005,20,20,11,11,True,True,task-ils/sub-cp025/ses-20210820/level-03B_run-005/sub-cp025_ses-20210820_ocuevts_level-03B_run-005.csv;task-ils/sub-cp025/ses-20210820/level-03B_run-005/sub-cp025_ses-20210820_task-ils_stream-lslhtcviveeye_feat-chunk_level-03B_run-005_dat.csv,True,task-ils/sub-cp025/ses-20210820/level-03B_run-005/sub-cp025_ses-20210820_task-ils_stream-lslshimmerecg_feat-chunk_level-03B_run-005_dat.csv,True,task-ils/sub-cp025/ses-20210820/level-03B_run-005/sub-cp025_ses-20210820_task-ils_stream-lslshimmereda_feat-chunk_level-03B_run-005_dat.csv,True,task-ils/sub-cp025/ses-20210820/level-03B_run-005/sub-cp025_ses-20210820_task-ils_stream-lslshimmeremg_feat-chunk_level-03B_run-005_dat.csv,True,task-ils/sub-cp025/ses-20210820/level-03B_run-005/sub-cp025_ses-20210820_task-ils_stream-lslrespitrace_feat-chunk_level-03B_run-005_dat.csv;task-ils/sub-cp025/ses-20210820/level-03B_run-005/sub-cp025_ses-20210820_task-ils_stream-lslshimmerresp_feat-chunk_level-03B_run-005_dat.csv,True,task-ils/sub-cp025/ses-20210820/level-03B_run-005/sub-cp025_ses-20210820_task-ils_stream-lslxp11xpcplt_feat-chunk_level-03B_run-005_dat.csv,True,task-ils/sub-cp025/ses-20210820/level-03B_run-005/sub-cp025_ses-20210820_task-ils_stream-lslxp11xpcac_feat-chunk_level-03B_run-005_dat.csv,True,task-ils/sub-cp025/ses-20210820/level-03B_run-005/sub-cp025_ses-20210820_task-ils_stream-lslxp11_feat-perfmetric_level-03B_run-005.csv,True,task-ils/sub-cp025/ses-20210820/level-03B_run-005/sub-cp025_ses-20210820_task-ils_stream-lslshimmertorsoacc_feat-chunk_level-03B_run-005_dat.csv,False,,9,ecg;eda;emg;eye_tracking;head_movement;performance;respiration;torso_body_accelerometer;xplane,control_input,0,,0,
ils,sub-cp025,ses-20210820,level-03B,run-011,sub-cp025_ses-20210820_level-03B_run-011,task-ils/sub-cp025/ses-20210820/level-03B_run-011,20,20,11,11,True,True,task-ils/sub-cp025/ses-20210820/level-03B_run-011/sub-cp025_ses-20210820_ocuevts_level-03B_run-011.csv;task-ils/sub-cp025/ses-20210820/level-03B_run-011/sub-cp025_ses-20210820_task-ils_stream-lslhtcviveeye_feat-chunk_level-03B_run-011_dat.csv,True,task-ils/sub-cp025/ses-20210820/level-03B_run-011/sub-cp025_ses-20210820_task-ils_stream-lslshimmerecg_feat-chunk_level-03B_run-011_dat.csv,True,task-ils/sub-cp025/ses-20210820/level-03B_run-011/sub-cp025_ses-20210820_task-ils_stream-lslshimmereda_feat-chunk_level-03B_run-011_dat.csv,True,task-ils/sub-cp025/ses-20210820/level-03B_run-011/sub-cp025_ses-20210820_task-ils_stream-lslshimmeremg_feat-chunk_level-03B_run-011_dat.csv,True,task-ils/sub-cp025/ses-20210820/level-03B_run-011/sub-cp025_ses-20210820_task-ils_stream-lslrespitrace_feat-chunk_level-03B_run-011_dat.csv;task-ils/sub-cp025/ses-20210820/level-03B_run-011/sub-cp025_ses-20210820_task-ils_stream-lslshimmerresp_feat-chunk_level-03B_run-011_dat.csv,True,task-ils/sub-cp025/ses-20210820/level-03B_run-011/sub-cp025_ses-20210820_task-ils_stream-lslxp11xpcplt_feat-chunk_level-03B_run-011_dat.csv,True,task-ils/sub-cp025/ses-20210820/level-03B_run-011/sub-cp025_ses-20210820_task-ils_stream-lslxp11xpcac_feat-chunk_level-03B_run-011_dat.csv,True,task-ils/sub-cp025/ses-20210820/level-03B_run-011/sub-cp025_ses-20210820_task-ils_stream-lslxp11_feat-perfmetric_level-03B_run-011.csv,True,task-ils/sub-cp025/ses-20210820/level-03B_run-011/sub-cp025_ses-20210820_task-ils_stream-lslshimmertorsoacc_feat-chunk_level-03B_run-011_dat.csv,False,,9,ecg;eda;emg;eye_tracking;head_movement;performance;respiration;torso_body_accelerometer;xplane,control_input,0,,0,
ils,sub-cp025,ses-20210820,level-04B,run-004,sub-cp025_ses-20210820_level-04B_run-004,task-ils/sub-cp025/ses-20210820/level-04B_run-004,20,20,11,11,True,True,task-ils/sub-cp025/ses-20210820/level-04B_run-004/sub-cp025_ses-20210820_ocuevts_level-04B_run-004.csv;task-ils/sub-cp025/ses-20210820/level-04B_run-004/sub-cp025_ses-20210820_task-ils_stream-lslhtcviveeye_feat-chunk_level-04B_run-004_dat.csv,True,task-ils/sub-cp025/ses-20210820/level-04B_run-004/sub-cp025_ses-20210820_task-ils_stream-lslshimmerecg_feat-chunk_level-04B_run-004_dat.csv,True,task-ils/sub-cp025/ses-20210820/level-04B_run-004/sub-cp025_ses-20210820_task-ils_stream-lslshimmereda_feat-chunk_level-04B_run-004_dat.csv,True,task-ils/sub-cp025/ses-20210820/level-04B_run-004/sub-cp025_ses-20210820_task-ils_stream-lslshimmeremg_feat-chunk_level-04B_run-004_dat.csv,True,task-ils/sub-cp025/ses-20210820/level-04B_run-004/sub-cp025_ses-20210820_task-ils_stream-lslrespitrace_feat-chunk_level-04B_run-004_dat.csv;task-ils/sub-cp025/ses-20210820/level-04B_run-004/sub-cp025_ses-20210820_task-ils_stream-lslshimmerresp_feat-chunk_level-04B_run-004_dat.csv,True,task-ils/sub-cp025/ses-20210820/level-04B_run-004/sub-cp025_ses-20210820_task-ils_stream-lslxp11xpcplt_feat-chunk_level-04B_run-004_dat.csv,True,task-ils/sub-cp025/ses-20210820/level-04B_run-004/sub-cp025_ses-20210820_task-ils_stream-lslxp11xpcac_feat-chunk_level-04B_run-004_dat.csv,True,task-ils/sub-cp025/ses-20210820/level-04B_run-004/sub-cp025_ses-20210820_task-ils_stream-lslxp11_feat-perfmetric_level-04B_run-004.csv,True,task-ils/sub-cp025/ses-20210820/level-04B_run-004/sub-cp025_ses-20210820_task-ils_stream-lslshimmertorsoacc_feat-chunk_level-04B_run-004_dat.csv,False,,9,ecg;eda;emg;eye_tracking;head_movement;performance;respiration;torso_body_accelerometer;xplane,control_input,0,,0,
ils,sub-cp025,ses-20210820,level-04B,run-006,sub-cp025_ses-20210820_level-04B_run-006,task-ils/sub-cp025/ses-20210820/level-04B_run-006,20,20,11,11,True,True,task-ils/sub-cp025/ses-20210820/level-04B_run-006/sub-cp025_ses-20210820_ocuevts_level-04B_run-006.csv;task-ils/sub-cp025/ses-20210820/level-04B_run-006/sub-cp025_ses-20210820_task-ils_stream-lslhtcviveeye_feat-chunk_level-04B_run-006_dat.csv,True,task-ils/sub-cp025/ses-20210820/level-04B_run-006/sub-cp025_ses-20210820_task-ils_stream-lslshimmerecg_feat-chunk_level-04B_run-006_dat.csv,True,task-ils/sub-cp025/ses-20210820/level-04B_run-006/sub-cp025_ses-20210820_task-ils_stream-lslshimmereda_feat-chunk_level-04B_run-006_dat.csv,True,task-ils/sub-cp025/ses-20210820/level-04B_run-006/sub-cp025_ses-20210820_task-ils_stream-lslshimmeremg_feat-chunk_level-04B_run-006_dat.csv,True,task-ils/sub-cp025/ses-20210820/level-04B_run-006/sub-cp025_ses-20210820_task-ils_stream-lslrespitrace_feat-chunk_level-04B_run-006_dat.csv;task-ils/sub-cp025/ses-20210820/level-04B_run-006/sub-cp025_ses-20210820_task-ils_stream-lslshimmerresp_feat-chunk_level-04B_run-006_dat.csv,True,task-ils/sub-cp025/ses-20210820/level-04B_run-006/sub-cp025_ses-20210820_task-ils_stream-lslxp11xpcplt_feat-chunk_level-04B_run-006_dat.csv,True,task-ils/sub-cp025/ses-20210820/level-04B_run-006/sub-cp025_ses-20210820_task-ils_stream-lslxp11xpcac_feat-chunk_level-04B_run-006_dat.csv,True,task-ils/sub-cp025/ses-20210820/level-04B_run-006/sub-cp025_ses-20210820_task-ils_stream-lslxp11_feat-perfmetric_level-04B_run-006.csv,True,task-ils/sub-cp025/ses-20210820/level-04B_run-006/sub-cp025_ses-20210820_task-ils_stream-lslshimmertorsoacc_feat-chunk_level-04B_run-006_dat.csv,False,,9,ecg;eda;emg;eye_tracking;head_movement;performance;respiration;torso_body_accelerometer;xplane,control_input,0,,0,
ils,sub-cp025,ses-20210820,level-04B,run-009,sub-cp025_ses-20210820_level-04B_run-009,task-ils/sub-cp025/ses-20210820/level-04B_run-009,20,20,11,11,True,True,task-ils/sub-cp025/ses-20210820/level-04B_run-009/sub-cp025_ses-20210820_ocuevts_level-04B_run-009.csv;task-ils/sub-cp025/ses-20210820/level-04B_run-009/sub-cp025_ses-20210820_task-ils_stream-lslhtcviveeye_feat-chunk_level-04B_run-009_dat.csv,True,task-ils/sub-cp025/ses-20210820/level-04B_run-009/sub-cp025_ses-20210820_task-ils_stream-lslshimmerecg_feat-chunk_level-04B_run-009_dat.csv,True,task-ils/sub-cp025/ses-20210820/level-04B_run-009/sub-cp025_ses-20210820_task-ils_stream-lslshimmereda_feat-chunk_level-04B_run-009_dat.csv,True,task-ils/sub-cp025/ses-20210820/level-04B_run-009/sub-cp025_ses-20210820_task-ils_stream-lslshimmeremg_feat-chunk_level-04B_run-009_dat.csv,True,task-ils/sub-cp025/ses-20210820/level-04B_run-009/sub-cp025_ses-20210820_task-ils_stream-lslrespitrace_feat-chunk_level-04B_run-009_dat.csv;task-ils/sub-cp025/ses-20210820/level-04B_run-009/sub-cp025_ses-20210820_task-ils_stream-lslshimmerresp_feat-chunk_level-04B_run-009_dat.csv,True,task-ils/sub-cp025/ses-20210820/level-04B_run-009/sub-cp025_ses-20210820_task-ils_stream-lslxp11xpcplt_feat-chunk_level-04B_run-009_dat.csv,True,task-ils/sub-cp025/ses-20210820/level-04B_run-009/sub-cp025_ses-20210820_task-ils_stream-lslxp11xpcac_feat-chunk_level-04B_run-009_dat.csv,True,task-ils/sub-cp025/ses-20210820/level-04B_run-009/sub-cp025_ses-20210820_task-ils_stream-lslxp11_feat-perfmetric_level-04B_run-009.csv,True,task-ils/sub-cp025/ses-20210820/level-04B_run-009/sub-cp025_ses-20210820_task-ils_stream-lslshimmertorsoacc_feat-chunk_level-04B_run-009_dat.csv,False,,9,ecg;eda;emg;eye_tracking;head_movement;performance;respiration;torso_body_accelerometer;xplane,control_input,0,,0,
ils,sub-cp026,ses-20210716,level-01B,run-001,sub-cp026_ses-20210716_level-01B_run-001,task-ils/sub-cp026/ses-20210716/level-01B_run-001,18,18,10,10,True,True,task-ils/sub-cp026/ses-20210716/level-01B_run-001/sub-cp026_ses-20210716_ocuevts_level-01B_run-001.csv;task-ils/sub-cp026/ses-20210716/level-01B_run-001/sub-cp026_ses-20210716_task-ils_stream-lslhtcviveeye_feat-chunk_level-01B_run-001_dat.csv,True,task-ils/sub-cp026/ses-20210716/level-01B_run-001/sub-cp026_ses-20210716_task-ils_stream-lslshimmerecg_feat-chunk_level-01B_run-001_dat.csv,True,task-ils/sub-cp026/ses-20210716/level-01B_run-001/sub-cp026_ses-20210716_task-ils_stream-lslshimmereda_feat-chunk_level-01B_run-001_dat.csv,True,task-ils/sub-cp026/ses-20210716/level-01B_run-001/sub-cp026_ses-20210716_task-ils_stream-lslshimmeremg_feat-chunk_level-01B_run-001_dat.csv,True,task-ils/sub-cp026/ses-20210716/level-01B_run-001/sub-cp026_ses-20210716_task-ils_stream-lslshimmerresp_feat-chunk_level-01B_run-001_dat.csv,True,task-ils/sub-cp026/ses-20210716/level-01B_run-001/sub-cp026_ses-20210716_task-ils_stream-lslxp11xpcplt_feat-chunk_level-01B_run-001_dat.csv,True,task-ils/sub-cp026/ses-20210716/level-01B_run-001/sub-cp026_ses-20210716_task-ils_stream-lslxp11xpcac_feat-chunk_level-01B_run-001_dat.csv,True,task-ils/sub-cp026/ses-20210716/level-01B_run-001/sub-cp026_ses-20210716_task-ils_stream-lslxp11_feat-perfmetric_level-01B_run-001.csv,True,task-ils/sub-cp026/ses-20210716/level-01B_run-001/sub-cp026_ses-20210716_task-ils_stream-lslshimmertorsoacc_feat-chunk_level-01B_run-001_dat.csv,False,,9,ecg;eda;emg;eye_tracking;head_movement;performance;respiration;torso_body_accelerometer;xplane,control_input,0,,0,
ils,sub-cp026,ses-20210716,level-01B,run-007,sub-cp026_ses-20210716_level-01B_run-007,task-ils/sub-cp026/ses-20210716/level-01B_run-007,18,18,10,10,True,True,task-ils/sub-cp026/ses-20210716/level-01B_run-007/sub-cp026_ses-20210716_ocuevts_level-01B_run-007.csv;task-ils/sub-cp026/ses-20210716/level-01B_run-007/sub-cp026_ses-20210716_task-ils_stream-lslhtcviveeye_feat-chunk_level-01B_run-007_dat.csv,True,task-ils/sub-cp026/ses-20210716/level-01B_run-007/sub-cp026_ses-20210716_task-ils_stream-lslshimmerecg_feat-chunk_level-01B_run-007_dat.csv,True,task-ils/sub-cp026/ses-20210716/level-01B_run-007/sub-cp026_ses-20210716_task-ils_stream-lslshimmereda_feat-chunk_level-01B_run-007_dat.csv,True,task-ils/sub-cp026/ses-20210716/level-01B_run-007/sub-cp026_ses-20210716_task-ils_stream-lslshimmeremg_feat-chunk_level-01B_run-007_dat.csv,True,task-ils/sub-cp026/ses-20210716/level-01B_run-007/sub-cp026_ses-20210716_task-ils_stream-lslshimmerresp_feat-chunk_level-01B_run-007_dat.csv,True,task-ils/sub-cp026/ses-20210716/level-01B_run-007/sub-cp026_ses-20210716_task-ils_stream-lslxp11xpcplt_feat-chunk_level-01B_run-007_dat.csv,True,task-ils/sub-cp026/ses-20210716/level-01B_run-007/sub-cp026_ses-20210716_task-ils_stream-lslxp11xpcac_feat-chunk_level-01B_run-007_dat.csv,True,task-ils/sub-cp026/ses-20210716/level-01B_run-007/sub-cp026_ses-20210716_task-ils_stream-lslxp11_feat-perfmetric_level-01B_run-007.csv,True,task-ils/sub-cp026/ses-20210716/level-01B_run-007/sub-cp026_ses-20210716_task-ils_stream-lslshimmertorsoacc_feat-chunk_level-01B_run-007_dat.csv,False,,9,ecg;eda;emg;eye_tracking;head_movement;performance;respiration;torso_body_accelerometer;xplane,control_input,0,,0,
ils,sub-cp026,ses-20210716,level-01B,run-012,sub-cp026_ses-20210716_level-01B_run-012,task-ils/sub-cp026/ses-20210716/level-01B_run-012,18,18,10,10,True,True,task-ils/sub-cp026/ses-20210716/level-01B_run-012/sub-cp026_ses-20210716_ocuevts_level-01B_run-012.csv;task-ils/sub-cp026/ses-20210716/level-01B_run-012/sub-cp026_ses-20210716_task-ils_stream-lslhtcviveeye_feat-chunk_level-01B_run-012_dat.csv,True,task-ils/sub-cp026/ses-20210716/level-01B_run-012/sub-cp026_ses-20210716_task-ils_stream-lslshimmerecg_feat-chunk_level-01B_run-012_dat.csv,True,task-ils/sub-cp026/ses-20210716/level-01B_run-012/sub-cp026_ses-20210716_task-ils_stream-lslshimmereda_feat-chunk_level-01B_run-012_dat.csv,True,task-ils/sub-cp026/ses-20210716/level-01B_run-012/sub-cp026_ses-20210716_task-ils_stream-lslshimmeremg_feat-chunk_level-01B_run-012_dat.csv,True,task-ils/sub-cp026/ses-20210716/level-01B_run-012/sub-cp026_ses-20210716_task-ils_stream-lslshimmerresp_feat-chunk_level-01B_run-012_dat.csv,True,task-ils/sub-cp026/ses-20210716/level-01B_run-012/sub-cp026_ses-20210716_task-ils_stream-lslxp11xpcplt_feat-chunk_level-01B_run-012_dat.csv,True,task-ils/sub-cp026/ses-20210716/level-01B_run-012/sub-cp026_ses-20210716_task-ils_stream-lslxp11xpcac_feat-chunk_level-01B_run-012_dat.csv,True,task-ils/sub-cp026/ses-20210716/level-01B_run-012/sub-cp026_ses-20210716_task-ils_stream-lslxp11_feat-perfmetric_level-01B_run-012.csv,True,task-ils/sub-cp026/ses-20210716/level-01B_run-012/sub-cp026_ses-20210716_task-ils_stream-lslshimmertorsoacc_feat-chunk_level-01B_run-012_dat.csv,False,,9,ecg;eda;emg;eye_tracking;head_movement;performance;respiration;torso_body_accelerometer;xplane,control_input,0,,0,
ils,sub-cp026,ses-20210716,level-02B,run-003,sub-cp026_ses-20210716_level-02B_run-003,task-ils/sub-cp026/ses-20210716/level-02B_run-003,18,18,10,10,True,True,task-ils/sub-cp026/ses-20210716/level-02B_run-003/sub-cp026_ses-20210716_ocuevts_level-02B_run-003.csv;task-ils/sub-cp026/ses-20210716/level-02B_run-003/sub-cp026_ses-20210716_task-ils_stream-lslhtcviveeye_feat-chunk_level-02B_run-003_dat.csv,True,task-ils/sub-cp026/ses-20210716/level-02B_run-003/sub-cp026_ses-20210716_task-ils_stream-lslshimmerecg_feat-chunk_level-02B_run-003_dat.csv,True,task-ils/sub-cp026/ses-20210716/level-02B_run-003/sub-cp026_ses-20210716_task-ils_stream-lslshimmereda_feat-chunk_level-02B_run-003_dat.csv,True,task-ils/sub-cp026/ses-20210716/level-02B_run-003/sub-cp026_ses-20210716_task-ils_stream-lslshimmeremg_feat-chunk_level-02B_run-003_dat.csv,True,task-ils/sub-cp026/ses-20210716/level-02B_run-003/sub-cp026_ses-20210716_task-ils_stream-lslshimmerresp_feat-chunk_level-02B_run-003_dat.csv,True,task-ils/sub-cp026/ses-20210716/level-02B_run-003/sub-cp026_ses-20210716_task-ils_stream-lslxp11xpcplt_feat-chunk_level-02B_run-003_dat.csv,True,task-ils/sub-cp026/ses-20210716/level-02B_run-003/sub-cp026_ses-20210716_task-ils_stream-lslxp11xpcac_feat-chunk_level-02B_run-003_dat.csv,True,task-ils/sub-cp026/ses-20210716/level-02B_run-003/sub-cp026_ses-20210716_task-ils_stream-lslxp11_feat-perfmetric_level-02B_run-003.csv,True,task-ils/sub-cp026/ses-20210716/level-02B_run-003/sub-cp026_ses-20210716_task-ils_stream-lslshimmertorsoacc_feat-chunk_level-02B_run-003_dat.csv,False,,9,ecg;eda;emg;eye_tracking;head_movement;performance;respiration;torso_body_accelerometer;xplane,control_input,0,,0,
ils,sub-cp026,ses-20210716,level-02B,run-008,sub-cp026_ses-20210716_level-02B_run-008,task-ils/sub-cp026/ses-20210716/level-02B_run-008,18,18,10,10,True,True,task-ils/sub-cp026/ses-20210716/level-02B_run-008/sub-cp026_ses-20210716_ocuevts_level-02B_run-008.csv;task-ils/sub-cp026/ses-20210716/level-02B_run-008/sub-cp026_ses-20210716_task-ils_stream-lslhtcviveeye_feat-chunk_level-02B_run-008_dat.csv,True,task-ils/sub-cp026/ses-20210716/level-02B_run-008/sub-cp026_ses-20210716_task-ils_stream-lslshimmerecg_feat-chunk_level-02B_run-008_dat.csv,True,task-ils/sub-cp026/ses-20210716/level-02B_run-008/sub-cp026_ses-20210716_task-ils_stream-lslshimmereda_feat-chunk_level-02B_run-008_dat.csv,True,task-ils/sub-cp026/ses-20210716/level-02B_run-008/sub-cp026_ses-20210716_task-ils_stream-lslshimmeremg_feat-chunk_level-02B_run-008_dat.csv,True,task-ils/sub-cp026/ses-20210716/level-02B_run-008/sub-cp026_ses-20210716_task-ils_stream-lslshimmerresp_feat-chunk_level-02B_run-008_dat.csv,True,task-ils/sub-cp026/ses-20210716/level-02B_run-008/sub-cp026_ses-20210716_task-ils_stream-lslxp11xpcplt_feat-chunk_level-02B_run-008_dat.csv,True,task-ils/sub-cp026/ses-20210716/level-02B_run-008/sub-cp026_ses-20210716_task-ils_stream-lslxp11xpcac_feat-chunk_level-02B_run-008_dat.csv,True,task-ils/sub-cp026/ses-20210716/level-02B_run-008/sub-cp026_ses-20210716_task-ils_stream-lslxp11_feat-perfmetric_level-02B_run-008.csv,True,task-ils/sub-cp026/ses-20210716/level-02B_run-008/sub-cp026_ses-20210716_task-ils_stream-lslshimmertorsoacc_feat-chunk_level-02B_run-008_dat.csv,False,,9,ecg;eda;emg;eye_tracking;head_movement;performance;respiration;torso_body_accelerometer;xplane,control_input,0,,0,
ils,sub-cp026,ses-20210716,level-02B,run-010,sub-cp026_ses-20210716_level-02B_run-010,task-ils/sub-cp026/ses-20210716/level-02B_run-010,18,18,10,10,True,True,task-ils/sub-cp026/ses-20210716/level-02B_run-010/sub-cp026_ses-20210716_ocuevts_level-02B_run-010.csv;task-ils/sub-cp026/ses-20210716/level-02B_run-010/sub-cp026_ses-20210716_task-ils_stream-lslhtcviveeye_feat-chunk_level-02B_run-010_dat.csv,True,task-ils/sub-cp026/ses-20210716/level-02B_run-010/sub-cp026_ses-20210716_task-ils_stream-lslshimmerecg_feat-chunk_level-02B_run-010_dat.csv,True,task-ils/sub-cp026/ses-20210716/level-02B_run-010/sub-cp026_ses-20210716_task-ils_stream-lslshimmereda_feat-chunk_level-02B_run-010_dat.csv,True,task-ils/sub-cp026/ses-20210716/level-02B_run-010/sub-cp026_ses-20210716_task-ils_stream-lslshimmeremg_feat-chunk_level-02B_run-010_dat.csv,True,task-ils/sub-cp026/ses-20210716/level-02B_run-010/sub-cp026_ses-20210716_task-ils_stream-lslshimmerresp_feat-chunk_level-02B_run-010_dat.csv,True,task-ils/sub-cp026/ses-20210716/level-02B_run-010/sub-cp026_ses-20210716_task-ils_stream-lslxp11xpcplt_feat-chunk_level-02B_run-010_dat.csv,True,task-ils/sub-cp026/ses-20210716/level-02B_run-010/sub-cp026_ses-20210716_task-ils_stream-lslxp11xpcac_feat-chunk_level-02B_run-010_dat.csv,True,task-ils/sub-cp026/ses-20210716/level-02B_run-010/sub-cp026_ses-20210716_task-ils_stream-lslxp11_feat-perfmetric_level-02B_run-010.csv,True,task-ils/sub-cp026/ses-20210716/level-02B_run-010/sub-cp026_ses-20210716_task-ils_stream-lslshimmertorsoacc_feat-chunk_level-02B_run-010_dat.csv,False,,9,ecg;eda;emg;eye_tracking;head_movement;performance;respiration;torso_body_accelerometer;xplane,control_input,0,,0,
ils,sub-cp026,ses-20210716,level-03B,run-002,sub-cp026_ses-20210716_level-03B_run-002,task-ils/sub-cp026/ses-20210716/level-03B_run-002,18,18,10,10,True,True,task-ils/sub-cp026/ses-20210716/level-03B_run-002/sub-cp026_ses-20210716_ocuevts_level-03B_run-002.csv;task-ils/sub-cp026/ses-20210716/level-03B_run-002/sub-cp026_ses-20210716_task-ils_stream-lslhtcviveeye_feat-chunk_level-03B_run-002_dat.csv,True,task-ils/sub-cp026/ses-20210716/level-03B_run-002/sub-cp026_ses-20210716_task-ils_stream-lslshimmerecg_feat-chunk_level-03B_run-002_dat.csv,True,task-ils/sub-cp026/ses-20210716/level-03B_run-002/sub-cp026_ses-20210716_task-ils_stream-lslshimmereda_feat-chunk_level-03B_run-002_dat.csv,True,task-ils/sub-cp026/ses-20210716/level-03B_run-002/sub-cp026_ses-20210716_task-ils_stream-lslshimmeremg_feat-chunk_level-03B_run-002_dat.csv,True,task-ils/sub-cp026/ses-20210716/level-03B_run-002/sub-cp026_ses-20210716_task-ils_stream-lslshimmerresp_feat-chunk_level-03B_run-002_dat.csv,True,task-ils/sub-cp026/ses-20210716/level-03B_run-002/sub-cp026_ses-20210716_task-ils_stream-lslxp11xpcplt_feat-chunk_level-03B_run-002_dat.csv,True,task-ils/sub-cp026/ses-20210716/level-03B_run-002/sub-cp026_ses-20210716_task-ils_stream-lslxp11xpcac_feat-chunk_level-03B_run-002_dat.csv,True,task-ils/sub-cp026/ses-20210716/level-03B_run-002/sub-cp026_ses-20210716_task-ils_stream-lslxp11_feat-perfmetric_level-03B_run-002.csv,True,task-ils/sub-cp026/ses-20210716/level-03B_run-002/sub-cp026_ses-20210716_task-ils_stream-lslshimmertorsoacc_feat-chunk_level-03B_run-002_dat.csv,False,,9,ecg;eda;emg;eye_tracking;head_movement;performance;respiration;torso_body_accelerometer;xplane,control_input,0,,0,
ils,sub-cp026,ses-20210716,level-03B,run-005,sub-cp026_ses-20210716_level-03B_run-005,task-ils/sub-cp026/ses-20210716/level-03B_run-005,18,18,10,10,True,True,task-ils/sub-cp026/ses-20210716/level-03B_run-005/sub-cp026_ses-20210716_ocuevts_level-03B_run-005.csv;task-ils/sub-cp026/ses-20210716/level-03B_run-005/sub-cp026_ses-20210716_task-ils_stream-lslhtcviveeye_feat-chunk_level-03B_run-005_dat.csv,True,task-ils/sub-cp026/ses-20210716/level-03B_run-005/sub-cp026_ses-20210716_task-ils_stream-lslshimmerecg_feat-chunk_level-03B_run-005_dat.csv,True,task-ils/sub-cp026/ses-20210716/level-03B_run-005/sub-cp026_ses-20210716_task-ils_stream-lslshimmereda_feat-chunk_level-03B_run-005_dat.csv,True,task-ils/sub-cp026/ses-20210716/level-03B_run-005/sub-cp026_ses-20210716_task-ils_stream-lslshimmeremg_feat-chunk_level-03B_run-005_dat.csv,True,task-ils/sub-cp026/ses-20210716/level-03B_run-005/sub-cp026_ses-20210716_task-ils_stream-lslshimmerresp_feat-chunk_level-03B_run-005_dat.csv,True,task-ils/sub-cp026/ses-20210716/level-03B_run-005/sub-cp026_ses-20210716_task-ils_stream-lslxp11xpcplt_feat-chunk_level-03B_run-005_dat.csv,True,task-ils/sub-cp026/ses-20210716/level-03B_run-005/sub-cp026_ses-20210716_task-ils_stream-lslxp11xpcac_feat-chunk_level-03B_run-005_dat.csv,True,task-ils/sub-cp026/ses-20210716/level-03B_run-005/sub-cp026_ses-20210716_task-ils_stream-lslxp11_feat-perfmetric_level-03B_run-005.csv,True,task-ils/sub-cp026/ses-20210716/level-03B_run-005/sub-cp026_ses-20210716_task-ils_stream-lslshimmertorsoacc_feat-chunk_level-03B_run-005_dat.csv,False,,9,ecg;eda;emg;eye_tracking;head_movement;performance;respiration;torso_body_accelerometer;xplane,control_input,0,,0,
ils,sub-cp026,ses-20210716,level-03B,run-011,sub-cp026_ses-20210716_level-03B_run-011,task-ils/sub-cp026/ses-20210716/level-03B_run-011,18,18,10,10,True,True,task-ils/sub-cp026/ses-20210716/level-03B_run-011/sub-cp026_ses-20210716_ocuevts_level-03B_run-011.csv;task-ils/sub-cp026/ses-20210716/level-03B_run-011/sub-cp026_ses-20210716_task-ils_stream-lslhtcviveeye_feat-chunk_level-03B_run-011_dat.csv,True,task-ils/sub-cp026/ses-20210716/level-03B_run-011/sub-cp026_ses-20210716_task-ils_stream-lslshimmerecg_feat-chunk_level-03B_run-011_dat.csv,True,task-ils/sub-cp026/ses-20210716/level-03B_run-011/sub-cp026_ses-20210716_task-ils_stream-lslshimmereda_feat-chunk_level-03B_run-011_dat.csv,True,task-ils/sub-cp026/ses-20210716/level-03B_run-011/sub-cp026_ses-20210716_task-ils_stream-lslshimmeremg_feat-chunk_level-03B_run-011_dat.csv,True,task-ils/sub-cp026/ses-20210716/level-03B_run-011/sub-cp026_ses-20210716_task-ils_stream-lslshimmerresp_feat-chunk_level-03B_run-011_dat.csv,True,task-ils/sub-cp026/ses-20210716/level-03B_run-011/sub-cp026_ses-20210716_task-ils_stream-lslxp11xpcplt_feat-chunk_level-03B_run-011_dat.csv,True,task-ils/sub-cp026/ses-20210716/level-03B_run-011/sub-cp026_ses-20210716_task-ils_stream-lslxp11xpcac_feat-chunk_level-03B_run-011_dat.csv,True,task-ils/sub-cp026/ses-20210716/level-03B_run-011/sub-cp026_ses-20210716_task-ils_stream-lslxp11_feat-perfmetric_level-03B_run-011.csv,True,task-ils/sub-cp026/ses-20210716/level-03B_run-011/sub-cp026_ses-20210716_task-ils_stream-lslshimmertorsoacc_feat-chunk_level-03B_run-011_dat.csv,False,,9,ecg;eda;emg;eye_tracking;head_movement;performance;respiration;torso_body_accelerometer;xplane,control_input,0,,0,
ils,sub-cp026,ses-20210716,level-04B,run-004,sub-cp026_ses-20210716_level-04B_run-004,task-ils/sub-cp026/ses-20210716/level-04B_run-004,18,18,10,10,True,True,task-ils/sub-cp026/ses-20210716/level-04B_run-004/sub-cp026_ses-20210716_ocuevts_level-04B_run-004.csv;task-ils/sub-cp026/ses-20210716/level-04B_run-004/sub-cp026_ses-20210716_task-ils_stream-lslhtcviveeye_feat-chunk_level-04B_run-004_dat.csv,True,task-ils/sub-cp026/ses-20210716/level-04B_run-004/sub-cp026_ses-20210716_task-ils_stream-lslshimmerecg_feat-chunk_level-04B_run-004_dat.csv,True,task-ils/sub-cp026/ses-20210716/level-04B_run-004/sub-cp026_ses-20210716_task-ils_stream-lslshimmereda_feat-chunk_level-04B_run-004_dat.csv,True,task-ils/sub-cp026/ses-20210716/level-04B_run-004/sub-cp026_ses-20210716_task-ils_stream-lslshimmeremg_feat-chunk_level-04B_run-004_dat.csv,True,task-ils/sub-cp026/ses-20210716/level-04B_run-004/sub-cp026_ses-20210716_task-ils_stream-lslshimmerresp_feat-chunk_level-04B_run-004_dat.csv,True,task-ils/sub-cp026/ses-20210716/level-04B_run-004/sub-cp026_ses-20210716_task-ils_stream-lslxp11xpcplt_feat-chunk_level-04B_run-004_dat.csv,True,task-ils/sub-cp026/ses-20210716/level-04B_run-004/sub-cp026_ses-20210716_task-ils_stream-lslxp11xpcac_feat-chunk_level-04B_run-004_dat.csv,True,task-ils/sub-cp026/ses-20210716/level-04B_run-004/sub-cp026_ses-20210716_task-ils_stream-lslxp11_feat-perfmetric_level-04B_run-004.csv,True,task-ils/sub-cp026/ses-20210716/level-04B_run-004/sub-cp026_ses-20210716_task-ils_stream-lslshimmertorsoacc_feat-chunk_level-04B_run-004_dat.csv,False,,9,ecg;eda;emg;eye_tracking;head_movement;performance;respiration;torso_body_accelerometer;xplane,control_input,0,,0,
ils,sub-cp026,ses-20210716,level-04B,run-006,sub-cp026_ses-20210716_level-04B_run-006,task-ils/sub-cp026/ses-20210716/level-04B_run-006,18,18,10,10,True,True,task-ils/sub-cp026/ses-20210716/level-04B_run-006/sub-cp026_ses-20210716_ocuevts_level-04B_run-006.csv;task-ils/sub-cp026/ses-20210716/level-04B_run-006/sub-cp026_ses-20210716_task-ils_stream-lslhtcviveeye_feat-chunk_level-04B_run-006_dat.csv,True,task-ils/sub-cp026/ses-20210716/level-04B_run-006/sub-cp026_ses-20210716_task-ils_stream-lslshimmerecg_feat-chunk_level-04B_run-006_dat.csv,True,task-ils/sub-cp026/ses-20210716/level-04B_run-006/sub-cp026_ses-20210716_task-ils_stream-lslshimmereda_feat-chunk_level-04B_run-006_dat.csv,True,task-ils/sub-cp026/ses-20210716/level-04B_run-006/sub-cp026_ses-20210716_task-ils_stream-lslshimmeremg_feat-chunk_level-04B_run-006_dat.csv,True,task-ils/sub-cp026/ses-20210716/level-04B_run-006/sub-cp026_ses-20210716_task-ils_stream-lslshimmerresp_feat-chunk_level-04B_run-006_dat.csv,True,task-ils/sub-cp026/ses-20210716/level-04B_run-006/sub-cp026_ses-20210716_task-ils_stream-lslxp11xpcplt_feat-chunk_level-04B_run-006_dat.csv,True,task-ils/sub-cp026/ses-20210716/level-04B_run-006/sub-cp026_ses-20210716_task-ils_stream-lslxp11xpcac_feat-chunk_level-04B_run-006_dat.csv,True,task-ils/sub-cp026/ses-20210716/level-04B_run-006/sub-cp026_ses-20210716_task-ils_stream-lslxp11_feat-perfmetric_level-04B_run-006.csv,True,task-ils/sub-cp026/ses-20210716/level-04B_run-006/sub-cp026_ses-20210716_task-ils_stream-lslshimmertorsoacc_feat-chunk_level-04B_run-006_dat.csv,False,,9,ecg;eda;emg;eye_tracking;head_movement;performance;respiration;torso_body_accelerometer;xplane,control_input,0,,0,
ils,sub-cp026,ses-20210716,level-04B,run-009,sub-cp026_ses-20210716_level-04B_run-009,task-ils/sub-cp026/ses-20210716/level-04B_run-009,18,18,10,10,True,True,task-ils/sub-cp026/ses-20210716/level-04B_run-009/sub-cp026_ses-20210716_ocuevts_level-04B_run-009.csv;task-ils/sub-cp026/ses-20210716/level-04B_run-009/sub-cp026_ses-20210716_task-ils_stream-lslhtcviveeye_feat-chunk_level-04B_run-009_dat.csv,True,task-ils/sub-cp026/ses-20210716/level-04B_run-009/sub-cp026_ses-20210716_task-ils_stream-lslshimmerecg_feat-chunk_level-04B_run-009_dat.csv,True,task-ils/sub-cp026/ses-20210716/level-04B_run-009/sub-cp026_ses-20210716_task-ils_stream-lslshimmereda_feat-chunk_level-04B_run-009_dat.csv,True,task-ils/sub-cp026/ses-20210716/level-04B_run-009/sub-cp026_ses-20210716_task-ils_stream-lslshimmeremg_feat-chunk_level-04B_run-009_dat.csv,True,task-ils/sub-cp026/ses-20210716/level-04B_run-009/sub-cp026_ses-20210716_task-ils_stream-lslshimmerresp_feat-chunk_level-04B_run-009_dat.csv,True,task-ils/sub-cp026/ses-20210716/level-04B_run-009/sub-cp026_ses-20210716_task-ils_stream-lslxp11xpcplt_feat-chunk_level-04B_run-009_dat.csv,True,task-ils/sub-cp026/ses-20210716/level-04B_run-009/sub-cp026_ses-20210716_task-ils_stream-lslxp11xpcac_feat-chunk_level-04B_run-009_dat.csv,True,task-ils/sub-cp026/ses-20210716/level-04B_run-009/sub-cp026_ses-20210716_task-ils_stream-lslxp11_feat-perfmetric_level-04B_run-009.csv,True,task-ils/sub-cp026/ses-20210716/level-04B_run-009/sub-cp026_ses-20210716_task-ils_stream-lslshimmertorsoacc_feat-chunk_level-04B_run-009_dat.csv,False,,9,ecg;eda;emg;eye_tracking;head_movement;performance;respiration;torso_body_accelerometer;xplane,control_input,0,,0,
ils,sub-cp027,ses-20210722,level-01B,run-001,sub-cp027_ses-20210722_level-01B_run-001,task-ils/sub-cp027/ses-20210722/level-01B_run-001,17,17,9,8,True,False,,True,task-ils/sub-cp027/ses-20210722/level-01B_run-001/sub-cp027_ses-20210722_task-ils_stream-lslshimmerecg_feat-chunk_level-01B_run-001_dat.csv,True,task-ils/sub-cp027/ses-20210722/level-01B_run-001/sub-cp027_ses-20210722_task-ils_stream-lslshimmereda_feat-chunk_level-01B_run-001_dat.csv,True,task-ils/sub-cp027/ses-20210722/level-01B_run-001/sub-cp027_ses-20210722_task-ils_stream-lslshimmeremg_feat-chunk_level-01B_run-001_dat.csv,True,task-ils/sub-cp027/ses-20210722/level-01B_run-001/sub-cp027_ses-20210722_task-ils_stream-lslshimmerresp_feat-chunk_level-01B_run-001_dat.csv,True,task-ils/sub-cp027/ses-20210722/level-01B_run-001/sub-cp027_ses-20210722_task-ils_stream-lslxp11xpcplt_feat-chunk_level-01B_run-001_dat.csv,True,task-ils/sub-cp027/ses-20210722/level-01B_run-001/sub-cp027_ses-20210722_task-ils_stream-lslxp11xpcac_feat-chunk_level-01B_run-001_dat.csv,True,task-ils/sub-cp027/ses-20210722/level-01B_run-001/sub-cp027_ses-20210722_task-ils_stream-lslxp11_feat-perfmetric_level-01B_run-001.csv,True,task-ils/sub-cp027/ses-20210722/level-01B_run-001/sub-cp027_ses-20210722_task-ils_stream-lslshimmertorsoacc_feat-chunk_level-01B_run-001_dat.csv,False,,8,ecg;eda;emg;head_movement;performance;respiration;torso_body_accelerometer;xplane,control_input;eye_tracking,3,invalid_effective_rate:task-ils/sub-cp027/ses-20210722/level-01B_run-001/sub-cp027_ses-20210722_task-ils_stream-lslhtcviveeye_feat-chunk_level-01B_run-001_hea.csv:NaN | invalid_sample_count:task-ils/sub-cp027/ses-20210722/level-01B_run-001/sub-cp027_ses-20210722_task-ils_stream-lslhtcviveeye_feat-chunk_level-01B_run-001_hea.csv:0 | placeholder_data_with_zero_samples:task-ils/sub-cp027/ses-20210722/level-01B_run-001/sub-cp027_ses-20210722_task-ils_stream-lslhtcviveeye_feat-chunk_level-01B_run-001_dat.csv,0,
ils,sub-cp027,ses-20210722,level-01B,run-007,sub-cp027_ses-20210722_level-01B_run-007,task-ils/sub-cp027/ses-20210722/level-01B_run-007,18,18,10,10,True,True,task-ils/sub-cp027/ses-20210722/level-01B_run-007/sub-cp027_ses-20210722_ocuevts_level-01B_run-007.csv;task-ils/sub-cp027/ses-20210722/level-01B_run-007/sub-cp027_ses-20210722_task-ils_stream-lslhtcviveeye_feat-chunk_level-01B_run-007_dat.csv,True,task-ils/sub-cp027/ses-20210722/level-01B_run-007/sub-cp027_ses-20210722_task-ils_stream-lslshimmerecg_feat-chunk_level-01B_run-007_dat.csv,True,task-ils/sub-cp027/ses-20210722/level-01B_run-007/sub-cp027_ses-20210722_task-ils_stream-lslshimmereda_feat-chunk_level-01B_run-007_dat.csv,True,task-ils/sub-cp027/ses-20210722/level-01B_run-007/sub-cp027_ses-20210722_task-ils_stream-lslshimmeremg_feat-chunk_level-01B_run-007_dat.csv,True,task-ils/sub-cp027/ses-20210722/level-01B_run-007/sub-cp027_ses-20210722_task-ils_stream-lslshimmerresp_feat-chunk_level-01B_run-007_dat.csv,True,task-ils/sub-cp027/ses-20210722/level-01B_run-007/sub-cp027_ses-20210722_task-ils_stream-lslxp11xpcplt_feat-chunk_level-01B_run-007_dat.csv,True,task-ils/sub-cp027/ses-20210722/level-01B_run-007/sub-cp027_ses-20210722_task-ils_stream-lslxp11xpcac_feat-chunk_level-01B_run-007_dat.csv,True,task-ils/sub-cp027/ses-20210722/level-01B_run-007/sub-cp027_ses-20210722_task-ils_stream-lslxp11_feat-perfmetric_level-01B_run-007.csv,True,task-ils/sub-cp027/ses-20210722/level-01B_run-007/sub-cp027_ses-20210722_task-ils_stream-lslshimmertorsoacc_feat-chunk_level-01B_run-007_dat.csv,False,,9,ecg;eda;emg;eye_tracking;head_movement;performance;respiration;torso_body_accelerometer;xplane,control_input,0,,0,
ils,sub-cp027,ses-20210722,level-01B,run-012,sub-cp027_ses-20210722_level-01B_run-012,task-ils/sub-cp027/ses-20210722/level-01B_run-012,18,18,10,10,True,True,task-ils/sub-cp027/ses-20210722/level-01B_run-012/sub-cp027_ses-20210722_ocuevts_level-01B_run-012.csv;task-ils/sub-cp027/ses-20210722/level-01B_run-012/sub-cp027_ses-20210722_task-ils_stream-lslhtcviveeye_feat-chunk_level-01B_run-012_dat.csv,True,task-ils/sub-cp027/ses-20210722/level-01B_run-012/sub-cp027_ses-20210722_task-ils_stream-lslshimmerecg_feat-chunk_level-01B_run-012_dat.csv,True,task-ils/sub-cp027/ses-20210722/level-01B_run-012/sub-cp027_ses-20210722_task-ils_stream-lslshimmereda_feat-chunk_level-01B_run-012_dat.csv,True,task-ils/sub-cp027/ses-20210722/level-01B_run-012/sub-cp027_ses-20210722_task-ils_stream-lslshimmeremg_feat-chunk_level-01B_run-012_dat.csv,True,task-ils/sub-cp027/ses-20210722/level-01B_run-012/sub-cp027_ses-20210722_task-ils_stream-lslshimmerresp_feat-chunk_level-01B_run-012_dat.csv,True,task-ils/sub-cp027/ses-20210722/level-01B_run-012/sub-cp027_ses-20210722_task-ils_stream-lslxp11xpcplt_feat-chunk_level-01B_run-012_dat.csv,True,task-ils/sub-cp027/ses-20210722/level-01B_run-012/sub-cp027_ses-20210722_task-ils_stream-lslxp11xpcac_feat-chunk_level-01B_run-012_dat.csv,True,task-ils/sub-cp027/ses-20210722/level-01B_run-012/sub-cp027_ses-20210722_task-ils_stream-lslxp11_feat-perfmetric_level-01B_run-012.csv,True,task-ils/sub-cp027/ses-20210722/level-01B_run-012/sub-cp027_ses-20210722_task-ils_stream-lslshimmertorsoacc_feat-chunk_level-01B_run-012_dat.csv,False,,9,ecg;eda;emg;eye_tracking;head_movement;performance;respiration;torso_body_accelerometer;xplane,control_input,0,,0,
ils,sub-cp027,ses-20210722,level-02B,run-003,sub-cp027_ses-20210722_level-02B_run-003,task-ils/sub-cp027/ses-20210722/level-02B_run-003,18,18,10,10,True,True,task-ils/sub-cp027/ses-20210722/level-02B_run-003/sub-cp027_ses-20210722_ocuevts_level-02B_run-003.csv;task-ils/sub-cp027/ses-20210722/level-02B_run-003/sub-cp027_ses-20210722_task-ils_stream-lslhtcviveeye_feat-chunk_level-02B_run-003_dat.csv,True,task-ils/sub-cp027/ses-20210722/level-02B_run-003/sub-cp027_ses-20210722_task-ils_stream-lslshimmerecg_feat-chunk_level-02B_run-003_dat.csv,True,task-ils/sub-cp027/ses-20210722/level-02B_run-003/sub-cp027_ses-20210722_task-ils_stream-lslshimmereda_feat-chunk_level-02B_run-003_dat.csv,True,task-ils/sub-cp027/ses-20210722/level-02B_run-003/sub-cp027_ses-20210722_task-ils_stream-lslshimmeremg_feat-chunk_level-02B_run-003_dat.csv,True,task-ils/sub-cp027/ses-20210722/level-02B_run-003/sub-cp027_ses-20210722_task-ils_stream-lslshimmerresp_feat-chunk_level-02B_run-003_dat.csv,True,task-ils/sub-cp027/ses-20210722/level-02B_run-003/sub-cp027_ses-20210722_task-ils_stream-lslxp11xpcplt_feat-chunk_level-02B_run-003_dat.csv,True,task-ils/sub-cp027/ses-20210722/level-02B_run-003/sub-cp027_ses-20210722_task-ils_stream-lslxp11xpcac_feat-chunk_level-02B_run-003_dat.csv,True,task-ils/sub-cp027/ses-20210722/level-02B_run-003/sub-cp027_ses-20210722_task-ils_stream-lslxp11_feat-perfmetric_level-02B_run-003.csv,True,task-ils/sub-cp027/ses-20210722/level-02B_run-003/sub-cp027_ses-20210722_task-ils_stream-lslshimmertorsoacc_feat-chunk_level-02B_run-003_dat.csv,False,,9,ecg;eda;emg;eye_tracking;head_movement;performance;respiration;torso_body_accelerometer;xplane,control_input,0,,0,
ils,sub-cp027,ses-20210722,level-02B,run-008,sub-cp027_ses-20210722_level-02B_run-008,task-ils/sub-cp027/ses-20210722/level-02B_run-008,18,18,10,10,True,True,task-ils/sub-cp027/ses-20210722/level-02B_run-008/sub-cp027_ses-20210722_ocuevts_level-02B_run-008.csv;task-ils/sub-cp027/ses-20210722/level-02B_run-008/sub-cp027_ses-20210722_task-ils_stream-lslhtcviveeye_feat-chunk_level-02B_run-008_dat.csv,True,task-ils/sub-cp027/ses-20210722/level-02B_run-008/sub-cp027_ses-20210722_task-ils_stream-lslshimmerecg_feat-chunk_level-02B_run-008_dat.csv,True,task-ils/sub-cp027/ses-20210722/level-02B_run-008/sub-cp027_ses-20210722_task-ils_stream-lslshimmereda_feat-chunk_level-02B_run-008_dat.csv,True,task-ils/sub-cp027/ses-20210722/level-02B_run-008/sub-cp027_ses-20210722_task-ils_stream-lslshimmeremg_feat-chunk_level-02B_run-008_dat.csv,True,task-ils/sub-cp027/ses-20210722/level-02B_run-008/sub-cp027_ses-20210722_task-ils_stream-lslshimmerresp_feat-chunk_level-02B_run-008_dat.csv,True,task-ils/sub-cp027/ses-20210722/level-02B_run-008/sub-cp027_ses-20210722_task-ils_stream-lslxp11xpcplt_feat-chunk_level-02B_run-008_dat.csv,True,task-ils/sub-cp027/ses-20210722/level-02B_run-008/sub-cp027_ses-20210722_task-ils_stream-lslxp11xpcac_feat-chunk_level-02B_run-008_dat.csv,True,task-ils/sub-cp027/ses-20210722/level-02B_run-008/sub-cp027_ses-20210722_task-ils_stream-lslxp11_feat-perfmetric_level-02B_run-008.csv,True,task-ils/sub-cp027/ses-20210722/level-02B_run-008/sub-cp027_ses-20210722_task-ils_stream-lslshimmertorsoacc_feat-chunk_level-02B_run-008_dat.csv,False,,9,ecg;eda;emg;eye_tracking;head_movement;performance;respiration;torso_body_accelerometer;xplane,control_input,0,,0,
ils,sub-cp027,ses-20210722,level-02B,run-010,sub-cp027_ses-20210722_level-02B_run-010,task-ils/sub-cp027/ses-20210722/level-02B_run-010,18,18,10,10,True,True,task-ils/sub-cp027/ses-20210722/level-02B_run-010/sub-cp027_ses-20210722_ocuevts_level-02B_run-010.csv;task-ils/sub-cp027/ses-20210722/level-02B_run-010/sub-cp027_ses-20210722_task-ils_stream-lslhtcviveeye_feat-chunk_level-02B_run-010_dat.csv,True,task-ils/sub-cp027/ses-20210722/level-02B_run-010/sub-cp027_ses-20210722_task-ils_stream-lslshimmerecg_feat-chunk_level-02B_run-010_dat.csv,True,task-ils/sub-cp027/ses-20210722/level-02B_run-010/sub-cp027_ses-20210722_task-ils_stream-lslshimmereda_feat-chunk_level-02B_run-010_dat.csv,True,task-ils/sub-cp027/ses-20210722/level-02B_run-010/sub-cp027_ses-20210722_task-ils_stream-lslshimmeremg_feat-chunk_level-02B_run-010_dat.csv,True,task-ils/sub-cp027/ses-20210722/level-02B_run-010/sub-cp027_ses-20210722_task-ils_stream-lslshimmerresp_feat-chunk_level-02B_run-010_dat.csv,True,task-ils/sub-cp027/ses-20210722/level-02B_run-010/sub-cp027_ses-20210722_task-ils_stream-lslxp11xpcplt_feat-chunk_level-02B_run-010_dat.csv,True,task-ils/sub-cp027/ses-20210722/level-02B_run-010/sub-cp027_ses-20210722_task-ils_stream-lslxp11xpcac_feat-chunk_level-02B_run-010_dat.csv,True,task-ils/sub-cp027/ses-20210722/level-02B_run-010/sub-cp027_ses-20210722_task-ils_stream-lslxp11_feat-perfmetric_level-02B_run-010.csv,True,task-ils/sub-cp027/ses-20210722/level-02B_run-010/sub-cp027_ses-20210722_task-ils_stream-lslshimmertorsoacc_feat-chunk_level-02B_run-010_dat.csv,False,,9,ecg;eda;emg;eye_tracking;head_movement;performance;respiration;torso_body_accelerometer;xplane,control_input,0,,0,
ils,sub-cp027,ses-20210722,level-03B,run-002,sub-cp027_ses-20210722_level-03B_run-002,task-ils/sub-cp027/ses-20210722/level-03B_run-002,17,17,9,8,True,False,,True,task-ils/sub-cp027/ses-20210722/level-03B_run-002/sub-cp027_ses-20210722_task-ils_stream-lslshimmerecg_feat-chunk_level-03B_run-002_dat.csv,True,task-ils/sub-cp027/ses-20210722/level-03B_run-002/sub-cp027_ses-20210722_task-ils_stream-lslshimmereda_feat-chunk_level-03B_run-002_dat.csv,True,task-ils/sub-cp027/ses-20210722/level-03B_run-002/sub-cp027_ses-20210722_task-ils_stream-lslshimmeremg_feat-chunk_level-03B_run-002_dat.csv,True,task-ils/sub-cp027/ses-20210722/level-03B_run-002/sub-cp027_ses-20210722_task-ils_stream-lslshimmerresp_feat-chunk_level-03B_run-002_dat.csv,True,task-ils/sub-cp027/ses-20210722/level-03B_run-002/sub-cp027_ses-20210722_task-ils_stream-lslxp11xpcplt_feat-chunk_level-03B_run-002_dat.csv,True,task-ils/sub-cp027/ses-20210722/level-03B_run-002/sub-cp027_ses-20210722_task-ils_stream-lslxp11xpcac_feat-chunk_level-03B_run-002_dat.csv,True,task-ils/sub-cp027/ses-20210722/level-03B_run-002/sub-cp027_ses-20210722_task-ils_stream-lslxp11_feat-perfmetric_level-03B_run-002.csv,True,task-ils/sub-cp027/ses-20210722/level-03B_run-002/sub-cp027_ses-20210722_task-ils_stream-lslshimmertorsoacc_feat-chunk_level-03B_run-002_dat.csv,False,,8,ecg;eda;emg;head_movement;performance;respiration;torso_body_accelerometer;xplane,control_input;eye_tracking,3,invalid_effective_rate:task-ils/sub-cp027/ses-20210722/level-03B_run-002/sub-cp027_ses-20210722_task-ils_stream-lslhtcviveeye_feat-chunk_level-03B_run-002_hea.csv:NaN | invalid_sample_count:task-ils/sub-cp027/ses-20210722/level-03B_run-002/sub-cp027_ses-20210722_task-ils_stream-lslhtcviveeye_feat-chunk_level-03B_run-002_hea.csv:0 | placeholder_data_with_zero_samples:task-ils/sub-cp027/ses-20210722/level-03B_run-002/sub-cp027_ses-20210722_task-ils_stream-lslhtcviveeye_feat-chunk_level-03B_run-002_dat.csv,0,
ils,sub-cp027,ses-20210722,level-03B,run-005,sub-cp027_ses-20210722_level-03B_run-005,task-ils/sub-cp027/ses-20210722/level-03B_run-005,18,18,10,10,True,True,task-ils/sub-cp027/ses-20210722/level-03B_run-005/sub-cp027_ses-20210722_ocuevts_level-03B_run-005.csv;task-ils/sub-cp027/ses-20210722/level-03B_run-005/sub-cp027_ses-20210722_task-ils_stream-lslhtcviveeye_feat-chunk_level-03B_run-005_dat.csv,True,task-ils/sub-cp027/ses-20210722/level-03B_run-005/sub-cp027_ses-20210722_task-ils_stream-lslshimmerecg_feat-chunk_level-03B_run-005_dat.csv,True,task-ils/sub-cp027/ses-20210722/level-03B_run-005/sub-cp027_ses-20210722_task-ils_stream-lslshimmereda_feat-chunk_level-03B_run-005_dat.csv,True,task-ils/sub-cp027/ses-20210722/level-03B_run-005/sub-cp027_ses-20210722_task-ils_stream-lslshimmeremg_feat-chunk_level-03B_run-005_dat.csv,True,task-ils/sub-cp027/ses-20210722/level-03B_run-005/sub-cp027_ses-20210722_task-ils_stream-lslshimmerresp_feat-chunk_level-03B_run-005_dat.csv,True,task-ils/sub-cp027/ses-20210722/level-03B_run-005/sub-cp027_ses-20210722_task-ils_stream-lslxp11xpcplt_feat-chunk_level-03B_run-005_dat.csv,True,task-ils/sub-cp027/ses-20210722/level-03B_run-005/sub-cp027_ses-20210722_task-ils_stream-lslxp11xpcac_feat-chunk_level-03B_run-005_dat.csv,True,task-ils/sub-cp027/ses-20210722/level-03B_run-005/sub-cp027_ses-20210722_task-ils_stream-lslxp11_feat-perfmetric_level-03B_run-005.csv,True,task-ils/sub-cp027/ses-20210722/level-03B_run-005/sub-cp027_ses-20210722_task-ils_stream-lslshimmertorsoacc_feat-chunk_level-03B_run-005_dat.csv,False,,9,ecg;eda;emg;eye_tracking;head_movement;performance;respiration;torso_body_accelerometer;xplane,control_input,0,,0,
ils,sub-cp027,ses-20210722,level-03B,run-011,sub-cp027_ses-20210722_level-03B_run-011,task-ils/sub-cp027/ses-20210722/level-03B_run-011,18,18,10,10,True,True,task-ils/sub-cp027/ses-20210722/level-03B_run-011/sub-cp027_ses-20210722_ocuevts_level-03B_run-011.csv;task-ils/sub-cp027/ses-20210722/level-03B_run-011/sub-cp027_ses-20210722_task-ils_stream-lslhtcviveeye_feat-chunk_level-03B_run-011_dat.csv,True,task-ils/sub-cp027/ses-20210722/level-03B_run-011/sub-cp027_ses-20210722_task-ils_stream-lslshimmerecg_feat-chunk_level-03B_run-011_dat.csv,True,task-ils/sub-cp027/ses-20210722/level-03B_run-011/sub-cp027_ses-20210722_task-ils_stream-lslshimmereda_feat-chunk_level-03B_run-011_dat.csv,True,task-ils/sub-cp027/ses-20210722/level-03B_run-011/sub-cp027_ses-20210722_task-ils_stream-lslshimmeremg_feat-chunk_level-03B_run-011_dat.csv,True,task-ils/sub-cp027/ses-20210722/level-03B_run-011/sub-cp027_ses-20210722_task-ils_stream-lslshimmerresp_feat-chunk_level-03B_run-011_dat.csv,True,task-ils/sub-cp027/ses-20210722/level-03B_run-011/sub-cp027_ses-20210722_task-ils_stream-lslxp11xpcplt_feat-chunk_level-03B_run-011_dat.csv,True,task-ils/sub-cp027/ses-20210722/level-03B_run-011/sub-cp027_ses-20210722_task-ils_stream-lslxp11xpcac_feat-chunk_level-03B_run-011_dat.csv,True,task-ils/sub-cp027/ses-20210722/level-03B_run-011/sub-cp027_ses-20210722_task-ils_stream-lslxp11_feat-perfmetric_level-03B_run-011.csv,True,task-ils/sub-cp027/ses-20210722/level-03B_run-011/sub-cp027_ses-20210722_task-ils_stream-lslshimmertorsoacc_feat-chunk_level-03B_run-011_dat.csv,False,,9,ecg;eda;emg;eye_tracking;head_movement;performance;respiration;torso_body_accelerometer;xplane,control_input,0,,0,
ils,sub-cp027,ses-20210722,level-04B,run-004,sub-cp027_ses-20210722_level-04B_run-004,task-ils/sub-cp027/ses-20210722/level-04B_run-004,18,18,10,10,True,True,task-ils/sub-cp027/ses-20210722/level-04B_run-004/sub-cp027_ses-20210722_ocuevts_level-04B_run-004.csv;task-ils/sub-cp027/ses-20210722/level-04B_run-004/sub-cp027_ses-20210722_task-ils_stream-lslhtcviveeye_feat-chunk_level-04B_run-004_dat.csv,True,task-ils/sub-cp027/ses-20210722/level-04B_run-004/sub-cp027_ses-20210722_task-ils_stream-lslshimmerecg_feat-chunk_level-04B_run-004_dat.csv,True,task-ils/sub-cp027/ses-20210722/level-04B_run-004/sub-cp027_ses-20210722_task-ils_stream-lslshimmereda_feat-chunk_level-04B_run-004_dat.csv,True,task-ils/sub-cp027/ses-20210722/level-04B_run-004/sub-cp027_ses-20210722_task-ils_stream-lslshimmeremg_feat-chunk_level-04B_run-004_dat.csv,True,task-ils/sub-cp027/ses-20210722/level-04B_run-004/sub-cp027_ses-20210722_task-ils_stream-lslshimmerresp_feat-chunk_level-04B_run-004_dat.csv,True,task-ils/sub-cp027/ses-20210722/level-04B_run-004/sub-cp027_ses-20210722_task-ils_stream-lslxp11xpcplt_feat-chunk_level-04B_run-004_dat.csv,True,task-ils/sub-cp027/ses-20210722/level-04B_run-004/sub-cp027_ses-20210722_task-ils_stream-lslxp11xpcac_feat-chunk_level-04B_run-004_dat.csv,True,task-ils/sub-cp027/ses-20210722/level-04B_run-004/sub-cp027_ses-20210722_task-ils_stream-lslxp11_feat-perfmetric_level-04B_run-004.csv,True,task-ils/sub-cp027/ses-20210722/level-04B_run-004/sub-cp027_ses-20210722_task-ils_stream-lslshimmertorsoacc_feat-chunk_level-04B_run-004_dat.csv,False,,9,ecg;eda;emg;eye_tracking;head_movement;performance;respiration;torso_body_accelerometer;xplane,control_input,0,,0,
ils,sub-cp027,ses-20210722,level-04B,run-006,sub-cp027_ses-20210722_level-04B_run-006,task-ils/sub-cp027/ses-20210722/level-04B_run-006,18,18,10,10,True,True,task-ils/sub-cp027/ses-20210722/level-04B_run-006/sub-cp027_ses-20210722_ocuevts_level-04B_run-006.csv;task-ils/sub-cp027/ses-20210722/level-04B_run-006/sub-cp027_ses-20210722_task-ils_stream-lslhtcviveeye_feat-chunk_level-04B_run-006_dat.csv,True,task-ils/sub-cp027/ses-20210722/level-04B_run-006/sub-cp027_ses-20210722_task-ils_stream-lslshimmerecg_feat-chunk_level-04B_run-006_dat.csv,True,task-ils/sub-cp027/ses-20210722/level-04B_run-006/sub-cp027_ses-20210722_task-ils_stream-lslshimmereda_feat-chunk_level-04B_run-006_dat.csv,True,task-ils/sub-cp027/ses-20210722/level-04B_run-006/sub-cp027_ses-20210722_task-ils_stream-lslshimmeremg_feat-chunk_level-04B_run-006_dat.csv,True,task-ils/sub-cp027/ses-20210722/level-04B_run-006/sub-cp027_ses-20210722_task-ils_stream-lslshimmerresp_feat-chunk_level-04B_run-006_dat.csv,True,task-ils/sub-cp027/ses-20210722/level-04B_run-006/sub-cp027_ses-20210722_task-ils_stream-lslxp11xpcplt_feat-chunk_level-04B_run-006_dat.csv,True,task-ils/sub-cp027/ses-20210722/level-04B_run-006/sub-cp027_ses-20210722_task-ils_stream-lslxp11xpcac_feat-chunk_level-04B_run-006_dat.csv,True,task-ils/sub-cp027/ses-20210722/level-04B_run-006/sub-cp027_ses-20210722_task-ils_stream-lslxp11_feat-perfmetric_level-04B_run-006.csv,True,task-ils/sub-cp027/ses-20210722/level-04B_run-006/sub-cp027_ses-20210722_task-ils_stream-lslshimmertorsoacc_feat-chunk_level-04B_run-006_dat.csv,False,,9,ecg;eda;emg;eye_tracking;head_movement;performance;respiration;torso_body_accelerometer;xplane,control_input,0,,0,
ils,sub-cp027,ses-20210722,level-04B,run-009,sub-cp027_ses-20210722_level-04B_run-009,task-ils/sub-cp027/ses-20210722/level-04B_run-009,18,18,10,10,True,True,task-ils/sub-cp027/ses-20210722/level-04B_run-009/sub-cp027_ses-20210722_ocuevts_level-04B_run-009.csv;task-ils/sub-cp027/ses-20210722/level-04B_run-009/sub-cp027_ses-20210722_task-ils_stream-lslhtcviveeye_feat-chunk_level-04B_run-009_dat.csv,True,task-ils/sub-cp027/ses-20210722/level-04B_run-009/sub-cp027_ses-20210722_task-ils_stream-lslshimmerecg_feat-chunk_level-04B_run-009_dat.csv,True,task-ils/sub-cp027/ses-20210722/level-04B_run-009/sub-cp027_ses-20210722_task-ils_stream-lslshimmereda_feat-chunk_level-04B_run-009_dat.csv,True,task-ils/sub-cp027/ses-20210722/level-04B_run-009/sub-cp027_ses-20210722_task-ils_stream-lslshimmeremg_feat-chunk_level-04B_run-009_dat.csv,True,task-ils/sub-cp027/ses-20210722/level-04B_run-009/sub-cp027_ses-20210722_task-ils_stream-lslshimmerresp_feat-chunk_level-04B_run-009_dat.csv,True,task-ils/sub-cp027/ses-20210722/level-04B_run-009/sub-cp027_ses-20210722_task-ils_stream-lslxp11xpcplt_feat-chunk_level-04B_run-009_dat.csv,True,task-ils/sub-cp027/ses-20210722/level-04B_run-009/sub-cp027_ses-20210722_task-ils_stream-lslxp11xpcac_feat-chunk_level-04B_run-009_dat.csv,True,task-ils/sub-cp027/ses-20210722/level-04B_run-009/sub-cp027_ses-20210722_task-ils_stream-lslxp11_feat-perfmetric_level-04B_run-009.csv,True,task-ils/sub-cp027/ses-20210722/level-04B_run-009/sub-cp027_ses-20210722_task-ils_stream-lslshimmertorsoacc_feat-chunk_level-04B_run-009_dat.csv,False,,9,ecg;eda;emg;eye_tracking;head_movement;performance;respiration;torso_body_accelerometer;xplane,control_input,0,,0,
ils,sub-cp028,ses-20211214,level-01B,run-001,sub-cp028_ses-20211214_level-01B_run-001,task-ils/sub-cp028/ses-20211214/level-01B_run-001,20,20,11,11,True,True,task-ils/sub-cp028/ses-20211214/level-01B_run-001/sub-cp028_ses-20211214_ocuevts_level-01B_run-001.csv;task-ils/sub-cp028/ses-20211214/level-01B_run-001/sub-cp028_ses-20211214_task-ils_stream-lslhtcviveeye_feat-chunk_level-01B_run-001_dat.csv,True,task-ils/sub-cp028/ses-20211214/level-01B_run-001/sub-cp028_ses-20211214_task-ils_stream-lslshimmerecg_feat-chunk_level-01B_run-001_dat.csv,True,task-ils/sub-cp028/ses-20211214/level-01B_run-001/sub-cp028_ses-20211214_task-ils_stream-lslshimmereda_feat-chunk_level-01B_run-001_dat.csv,True,task-ils/sub-cp028/ses-20211214/level-01B_run-001/sub-cp028_ses-20211214_task-ils_stream-lslshimmeremg_feat-chunk_level-01B_run-001_dat.csv,True,task-ils/sub-cp028/ses-20211214/level-01B_run-001/sub-cp028_ses-20211214_task-ils_stream-lslrespitrace_feat-chunk_level-01B_run-001_dat.csv;task-ils/sub-cp028/ses-20211214/level-01B_run-001/sub-cp028_ses-20211214_task-ils_stream-lslshimmerresp_feat-chunk_level-01B_run-001_dat.csv,True,task-ils/sub-cp028/ses-20211214/level-01B_run-001/sub-cp028_ses-20211214_task-ils_stream-lslxp11xpcplt_feat-chunk_level-01B_run-001_dat.csv,True,task-ils/sub-cp028/ses-20211214/level-01B_run-001/sub-cp028_ses-20211214_task-ils_stream-lslxp11xpcac_feat-chunk_level-01B_run-001_dat.csv,True,task-ils/sub-cp028/ses-20211214/level-01B_run-001/sub-cp028_ses-20211214_task-ils_stream-lslxp11_feat-perfmetric_level-01B_run-001.csv,True,task-ils/sub-cp028/ses-20211214/level-01B_run-001/sub-cp028_ses-20211214_task-ils_stream-lslshimmertorsoacc_feat-chunk_level-01B_run-001_dat.csv,False,,9,ecg;eda;emg;eye_tracking;head_movement;performance;respiration;torso_body_accelerometer;xplane,control_input,0,,0,
ils,sub-cp028,ses-20211214,level-01B,run-007,sub-cp028_ses-20211214_level-01B_run-007,task-ils/sub-cp028/ses-20211214/level-01B_run-007,20,20,11,11,True,True,task-ils/sub-cp028/ses-20211214/level-01B_run-007/sub-cp028_ses-20211214_ocuevts_level-01B_run-007.csv;task-ils/sub-cp028/ses-20211214/level-01B_run-007/sub-cp028_ses-20211214_task-ils_stream-lslhtcviveeye_feat-chunk_level-01B_run-007_dat.csv,True,task-ils/sub-cp028/ses-20211214/level-01B_run-007/sub-cp028_ses-20211214_task-ils_stream-lslshimmerecg_feat-chunk_level-01B_run-007_dat.csv,True,task-ils/sub-cp028/ses-20211214/level-01B_run-007/sub-cp028_ses-20211214_task-ils_stream-lslshimmereda_feat-chunk_level-01B_run-007_dat.csv,True,task-ils/sub-cp028/ses-20211214/level-01B_run-007/sub-cp028_ses-20211214_task-ils_stream-lslshimmeremg_feat-chunk_level-01B_run-007_dat.csv,True,task-ils/sub-cp028/ses-20211214/level-01B_run-007/sub-cp028_ses-20211214_task-ils_stream-lslrespitrace_feat-chunk_level-01B_run-007_dat.csv;task-ils/sub-cp028/ses-20211214/level-01B_run-007/sub-cp028_ses-20211214_task-ils_stream-lslshimmerresp_feat-chunk_level-01B_run-007_dat.csv,True,task-ils/sub-cp028/ses-20211214/level-01B_run-007/sub-cp028_ses-20211214_task-ils_stream-lslxp11xpcplt_feat-chunk_level-01B_run-007_dat.csv,True,task-ils/sub-cp028/ses-20211214/level-01B_run-007/sub-cp028_ses-20211214_task-ils_stream-lslxp11xpcac_feat-chunk_level-01B_run-007_dat.csv,True,task-ils/sub-cp028/ses-20211214/level-01B_run-007/sub-cp028_ses-20211214_task-ils_stream-lslxp11_feat-perfmetric_level-01B_run-007.csv,True,task-ils/sub-cp028/ses-20211214/level-01B_run-007/sub-cp028_ses-20211214_task-ils_stream-lslshimmertorsoacc_feat-chunk_level-01B_run-007_dat.csv,False,,9,ecg;eda;emg;eye_tracking;head_movement;performance;respiration;torso_body_accelerometer;xplane,control_input,0,,0,
ils,sub-cp028,ses-20211214,level-01B,run-012,sub-cp028_ses-20211214_level-01B_run-012,task-ils/sub-cp028/ses-20211214/level-01B_run-012,20,20,11,10,True,True,task-ils/sub-cp028/ses-20211214/level-01B_run-012/sub-cp028_ses-20211214_ocuevts_level-01B_run-012.csv;task-ils/sub-cp028/ses-20211214/level-01B_run-012/sub-cp028_ses-20211214_task-ils_stream-lslhtcviveeye_feat-chunk_level-01B_run-012_dat.csv,True,task-ils/sub-cp028/ses-20211214/level-01B_run-012/sub-cp028_ses-20211214_task-ils_stream-lslshimmerecg_feat-chunk_level-01B_run-012_dat.csv,True,task-ils/sub-cp028/ses-20211214/level-01B_run-012/sub-cp028_ses-20211214_task-ils_stream-lslshimmereda_feat-chunk_level-01B_run-012_dat.csv,False,,True,task-ils/sub-cp028/ses-20211214/level-01B_run-012/sub-cp028_ses-20211214_task-ils_stream-lslrespitrace_feat-chunk_level-01B_run-012_dat.csv;task-ils/sub-cp028/ses-20211214/level-01B_run-012/sub-cp028_ses-20211214_task-ils_stream-lslshimmerresp_feat-chunk_level-01B_run-012_dat.csv,True,task-ils/sub-cp028/ses-20211214/level-01B_run-012/sub-cp028_ses-20211214_task-ils_stream-lslxp11xpcplt_feat-chunk_level-01B_run-012_dat.csv,True,task-ils/sub-cp028/ses-20211214/level-01B_run-012/sub-cp028_ses-20211214_task-ils_stream-lslxp11xpcac_feat-chunk_level-01B_run-012_dat.csv,True,task-ils/sub-cp028/ses-20211214/level-01B_run-012/sub-cp028_ses-20211214_task-ils_stream-lslxp11_feat-perfmetric_level-01B_run-012.csv,True,task-ils/sub-cp028/ses-20211214/level-01B_run-012/sub-cp028_ses-20211214_task-ils_stream-lslshimmertorsoacc_feat-chunk_level-01B_run-012_dat.csv,False,,8,ecg;eda;eye_tracking;head_movement;performance;respiration;torso_body_accelerometer;xplane,control_input;emg,3,invalid_effective_rate:task-ils/sub-cp028/ses-20211214/level-01B_run-012/sub-cp028_ses-20211214_task-ils_stream-lslshimmeremg_feat-chunk_level-01B_run-012_hea.csv:NaN | invalid_sample_count:task-ils/sub-cp028/ses-20211214/level-01B_run-012/sub-cp028_ses-20211214_task-ils_stream-lslshimmeremg_feat-chunk_level-01B_run-012_hea.csv:0 | placeholder_data_with_zero_samples:task-ils/sub-cp028/ses-20211214/level-01B_run-012/sub-cp028_ses-20211214_task-ils_stream-lslshimmeremg_feat-chunk_level-01B_run-012_dat.csv,0,
ils,sub-cp028,ses-20211214,level-02B,run-003,sub-cp028_ses-20211214_level-02B_run-003,task-ils/sub-cp028/ses-20211214/level-02B_run-003,20,20,11,11,True,True,task-ils/sub-cp028/ses-20211214/level-02B_run-003/sub-cp028_ses-20211214_ocuevts_level-02B_run-003.csv;task-ils/sub-cp028/ses-20211214/level-02B_run-003/sub-cp028_ses-20211214_task-ils_stream-lslhtcviveeye_feat-chunk_level-02B_run-003_dat.csv,True,task-ils/sub-cp028/ses-20211214/level-02B_run-003/sub-cp028_ses-20211214_task-ils_stream-lslshimmerecg_feat-chunk_level-02B_run-003_dat.csv,True,task-ils/sub-cp028/ses-20211214/level-02B_run-003/sub-cp028_ses-20211214_task-ils_stream-lslshimmereda_feat-chunk_level-02B_run-003_dat.csv,True,task-ils/sub-cp028/ses-20211214/level-02B_run-003/sub-cp028_ses-20211214_task-ils_stream-lslshimmeremg_feat-chunk_level-02B_run-003_dat.csv,True,task-ils/sub-cp028/ses-20211214/level-02B_run-003/sub-cp028_ses-20211214_task-ils_stream-lslrespitrace_feat-chunk_level-02B_run-003_dat.csv;task-ils/sub-cp028/ses-20211214/level-02B_run-003/sub-cp028_ses-20211214_task-ils_stream-lslshimmerresp_feat-chunk_level-02B_run-003_dat.csv,True,task-ils/sub-cp028/ses-20211214/level-02B_run-003/sub-cp028_ses-20211214_task-ils_stream-lslxp11xpcplt_feat-chunk_level-02B_run-003_dat.csv,True,task-ils/sub-cp028/ses-20211214/level-02B_run-003/sub-cp028_ses-20211214_task-ils_stream-lslxp11xpcac_feat-chunk_level-02B_run-003_dat.csv,True,task-ils/sub-cp028/ses-20211214/level-02B_run-003/sub-cp028_ses-20211214_task-ils_stream-lslxp11_feat-perfmetric_level-02B_run-003.csv,True,task-ils/sub-cp028/ses-20211214/level-02B_run-003/sub-cp028_ses-20211214_task-ils_stream-lslshimmertorsoacc_feat-chunk_level-02B_run-003_dat.csv,False,,9,ecg;eda;emg;eye_tracking;head_movement;performance;respiration;torso_body_accelerometer;xplane,control_input,0,,0,
ils,sub-cp028,ses-20211214,level-02B,run-008,sub-cp028_ses-20211214_level-02B_run-008,task-ils/sub-cp028/ses-20211214/level-02B_run-008,20,20,11,11,True,True,task-ils/sub-cp028/ses-20211214/level-02B_run-008/sub-cp028_ses-20211214_ocuevts_level-02B_run-008.csv;task-ils/sub-cp028/ses-20211214/level-02B_run-008/sub-cp028_ses-20211214_task-ils_stream-lslhtcviveeye_feat-chunk_level-02B_run-008_dat.csv,True,task-ils/sub-cp028/ses-20211214/level-02B_run-008/sub-cp028_ses-20211214_task-ils_stream-lslshimmerecg_feat-chunk_level-02B_run-008_dat.csv,True,task-ils/sub-cp028/ses-20211214/level-02B_run-008/sub-cp028_ses-20211214_task-ils_stream-lslshimmereda_feat-chunk_level-02B_run-008_dat.csv,True,task-ils/sub-cp028/ses-20211214/level-02B_run-008/sub-cp028_ses-20211214_task-ils_stream-lslshimmeremg_feat-chunk_level-02B_run-008_dat.csv,True,task-ils/sub-cp028/ses-20211214/level-02B_run-008/sub-cp028_ses-20211214_task-ils_stream-lslrespitrace_feat-chunk_level-02B_run-008_dat.csv;task-ils/sub-cp028/ses-20211214/level-02B_run-008/sub-cp028_ses-20211214_task-ils_stream-lslshimmerresp_feat-chunk_level-02B_run-008_dat.csv,True,task-ils/sub-cp028/ses-20211214/level-02B_run-008/sub-cp028_ses-20211214_task-ils_stream-lslxp11xpcplt_feat-chunk_level-02B_run-008_dat.csv,True,task-ils/sub-cp028/ses-20211214/level-02B_run-008/sub-cp028_ses-20211214_task-ils_stream-lslxp11xpcac_feat-chunk_level-02B_run-008_dat.csv,True,task-ils/sub-cp028/ses-20211214/level-02B_run-008/sub-cp028_ses-20211214_task-ils_stream-lslxp11_feat-perfmetric_level-02B_run-008.csv,True,task-ils/sub-cp028/ses-20211214/level-02B_run-008/sub-cp028_ses-20211214_task-ils_stream-lslshimmertorsoacc_feat-chunk_level-02B_run-008_dat.csv,False,,9,ecg;eda;emg;eye_tracking;head_movement;performance;respiration;torso_body_accelerometer;xplane,control_input,0,,0,
ils,sub-cp028,ses-20211214,level-02B,run-010,sub-cp028_ses-20211214_level-02B_run-010,task-ils/sub-cp028/ses-20211214/level-02B_run-010,20,20,11,11,True,True,task-ils/sub-cp028/ses-20211214/level-02B_run-010/sub-cp028_ses-20211214_ocuevts_level-02B_run-010.csv;task-ils/sub-cp028/ses-20211214/level-02B_run-010/sub-cp028_ses-20211214_task-ils_stream-lslhtcviveeye_feat-chunk_level-02B_run-010_dat.csv,True,task-ils/sub-cp028/ses-20211214/level-02B_run-010/sub-cp028_ses-20211214_task-ils_stream-lslshimmerecg_feat-chunk_level-02B_run-010_dat.csv,True,task-ils/sub-cp028/ses-20211214/level-02B_run-010/sub-cp028_ses-20211214_task-ils_stream-lslshimmereda_feat-chunk_level-02B_run-010_dat.csv,True,task-ils/sub-cp028/ses-20211214/level-02B_run-010/sub-cp028_ses-20211214_task-ils_stream-lslshimmeremg_feat-chunk_level-02B_run-010_dat.csv,True,task-ils/sub-cp028/ses-20211214/level-02B_run-010/sub-cp028_ses-20211214_task-ils_stream-lslrespitrace_feat-chunk_level-02B_run-010_dat.csv;task-ils/sub-cp028/ses-20211214/level-02B_run-010/sub-cp028_ses-20211214_task-ils_stream-lslshimmerresp_feat-chunk_level-02B_run-010_dat.csv,True,task-ils/sub-cp028/ses-20211214/level-02B_run-010/sub-cp028_ses-20211214_task-ils_stream-lslxp11xpcplt_feat-chunk_level-02B_run-010_dat.csv,True,task-ils/sub-cp028/ses-20211214/level-02B_run-010/sub-cp028_ses-20211214_task-ils_stream-lslxp11xpcac_feat-chunk_level-02B_run-010_dat.csv,True,task-ils/sub-cp028/ses-20211214/level-02B_run-010/sub-cp028_ses-20211214_task-ils_stream-lslxp11_feat-perfmetric_level-02B_run-010.csv,True,task-ils/sub-cp028/ses-20211214/level-02B_run-010/sub-cp028_ses-20211214_task-ils_stream-lslshimmertorsoacc_feat-chunk_level-02B_run-010_dat.csv,False,,9,ecg;eda;emg;eye_tracking;head_movement;performance;respiration;torso_body_accelerometer;xplane,control_input,0,,0,
ils,sub-cp028,ses-20211214,level-03B,run-002,sub-cp028_ses-20211214_level-03B_run-002,task-ils/sub-cp028/ses-20211214/level-03B_run-002,20,20,11,11,True,True,task-ils/sub-cp028/ses-20211214/level-03B_run-002/sub-cp028_ses-20211214_ocuevts_level-03B_run-002.csv;task-ils/sub-cp028/ses-20211214/level-03B_run-002/sub-cp028_ses-20211214_task-ils_stream-lslhtcviveeye_feat-chunk_level-03B_run-002_dat.csv,True,task-ils/sub-cp028/ses-20211214/level-03B_run-002/sub-cp028_ses-20211214_task-ils_stream-lslshimmerecg_feat-chunk_level-03B_run-002_dat.csv,True,task-ils/sub-cp028/ses-20211214/level-03B_run-002/sub-cp028_ses-20211214_task-ils_stream-lslshimmereda_feat-chunk_level-03B_run-002_dat.csv,True,task-ils/sub-cp028/ses-20211214/level-03B_run-002/sub-cp028_ses-20211214_task-ils_stream-lslshimmeremg_feat-chunk_level-03B_run-002_dat.csv,True,task-ils/sub-cp028/ses-20211214/level-03B_run-002/sub-cp028_ses-20211214_task-ils_stream-lslrespitrace_feat-chunk_level-03B_run-002_dat.csv;task-ils/sub-cp028/ses-20211214/level-03B_run-002/sub-cp028_ses-20211214_task-ils_stream-lslshimmerresp_feat-chunk_level-03B_run-002_dat.csv,True,task-ils/sub-cp028/ses-20211214/level-03B_run-002/sub-cp028_ses-20211214_task-ils_stream-lslxp11xpcplt_feat-chunk_level-03B_run-002_dat.csv,True,task-ils/sub-cp028/ses-20211214/level-03B_run-002/sub-cp028_ses-20211214_task-ils_stream-lslxp11xpcac_feat-chunk_level-03B_run-002_dat.csv,True,task-ils/sub-cp028/ses-20211214/level-03B_run-002/sub-cp028_ses-20211214_task-ils_stream-lslxp11_feat-perfmetric_level-03B_run-002.csv,True,task-ils/sub-cp028/ses-20211214/level-03B_run-002/sub-cp028_ses-20211214_task-ils_stream-lslshimmertorsoacc_feat-chunk_level-03B_run-002_dat.csv,False,,9,ecg;eda;emg;eye_tracking;head_movement;performance;respiration;torso_body_accelerometer;xplane,control_input,0,,0,
ils,sub-cp028,ses-20211214,level-03B,run-005,sub-cp028_ses-20211214_level-03B_run-005,task-ils/sub-cp028/ses-20211214/level-03B_run-005,20,20,11,11,True,True,task-ils/sub-cp028/ses-20211214/level-03B_run-005/sub-cp028_ses-20211214_ocuevts_level-03B_run-005.csv;task-ils/sub-cp028/ses-20211214/level-03B_run-005/sub-cp028_ses-20211214_task-ils_stream-lslhtcviveeye_feat-chunk_level-03B_run-005_dat.csv,True,task-ils/sub-cp028/ses-20211214/level-03B_run-005/sub-cp028_ses-20211214_task-ils_stream-lslshimmerecg_feat-chunk_level-03B_run-005_dat.csv,True,task-ils/sub-cp028/ses-20211214/level-03B_run-005/sub-cp028_ses-20211214_task-ils_stream-lslshimmereda_feat-chunk_level-03B_run-005_dat.csv,True,task-ils/sub-cp028/ses-20211214/level-03B_run-005/sub-cp028_ses-20211214_task-ils_stream-lslshimmeremg_feat-chunk_level-03B_run-005_dat.csv,True,task-ils/sub-cp028/ses-20211214/level-03B_run-005/sub-cp028_ses-20211214_task-ils_stream-lslrespitrace_feat-chunk_level-03B_run-005_dat.csv;task-ils/sub-cp028/ses-20211214/level-03B_run-005/sub-cp028_ses-20211214_task-ils_stream-lslshimmerresp_feat-chunk_level-03B_run-005_dat.csv,True,task-ils/sub-cp028/ses-20211214/level-03B_run-005/sub-cp028_ses-20211214_task-ils_stream-lslxp11xpcplt_feat-chunk_level-03B_run-005_dat.csv,True,task-ils/sub-cp028/ses-20211214/level-03B_run-005/sub-cp028_ses-20211214_task-ils_stream-lslxp11xpcac_feat-chunk_level-03B_run-005_dat.csv,True,task-ils/sub-cp028/ses-20211214/level-03B_run-005/sub-cp028_ses-20211214_task-ils_stream-lslxp11_feat-perfmetric_level-03B_run-005.csv,True,task-ils/sub-cp028/ses-20211214/level-03B_run-005/sub-cp028_ses-20211214_task-ils_stream-lslshimmertorsoacc_feat-chunk_level-03B_run-005_dat.csv,False,,9,ecg;eda;emg;eye_tracking;head_movement;performance;respiration;torso_body_accelerometer;xplane,control_input,0,,0,
ils,sub-cp028,ses-20211214,level-03B,run-011,sub-cp028_ses-20211214_level-03B_run-011,task-ils/sub-cp028/ses-20211214/level-03B_run-011,20,20,11,11,True,True,task-ils/sub-cp028/ses-20211214/level-03B_run-011/sub-cp028_ses-20211214_ocuevts_level-03B_run-011.csv;task-ils/sub-cp028/ses-20211214/level-03B_run-011/sub-cp028_ses-20211214_task-ils_stream-lslhtcviveeye_feat-chunk_level-03B_run-011_dat.csv,True,task-ils/sub-cp028/ses-20211214/level-03B_run-011/sub-cp028_ses-20211214_task-ils_stream-lslshimmerecg_feat-chunk_level-03B_run-011_dat.csv,True,task-ils/sub-cp028/ses-20211214/level-03B_run-011/sub-cp028_ses-20211214_task-ils_stream-lslshimmereda_feat-chunk_level-03B_run-011_dat.csv,True,task-ils/sub-cp028/ses-20211214/level-03B_run-011/sub-cp028_ses-20211214_task-ils_stream-lslshimmeremg_feat-chunk_level-03B_run-011_dat.csv,True,task-ils/sub-cp028/ses-20211214/level-03B_run-011/sub-cp028_ses-20211214_task-ils_stream-lslrespitrace_feat-chunk_level-03B_run-011_dat.csv;task-ils/sub-cp028/ses-20211214/level-03B_run-011/sub-cp028_ses-20211214_task-ils_stream-lslshimmerresp_feat-chunk_level-03B_run-011_dat.csv,True,task-ils/sub-cp028/ses-20211214/level-03B_run-011/sub-cp028_ses-20211214_task-ils_stream-lslxp11xpcplt_feat-chunk_level-03B_run-011_dat.csv,True,task-ils/sub-cp028/ses-20211214/level-03B_run-011/sub-cp028_ses-20211214_task-ils_stream-lslxp11xpcac_feat-chunk_level-03B_run-011_dat.csv,True,task-ils/sub-cp028/ses-20211214/level-03B_run-011/sub-cp028_ses-20211214_task-ils_stream-lslxp11_feat-perfmetric_level-03B_run-011.csv,True,task-ils/sub-cp028/ses-20211214/level-03B_run-011/sub-cp028_ses-20211214_task-ils_stream-lslshimmertorsoacc_feat-chunk_level-03B_run-011_dat.csv,False,,9,ecg;eda;emg;eye_tracking;head_movement;performance;respiration;torso_body_accelerometer;xplane,control_input,0,,0,
ils,sub-cp028,ses-20211214,level-04B,run-004,sub-cp028_ses-20211214_level-04B_run-004,task-ils/sub-cp028/ses-20211214/level-04B_run-004,20,20,11,11,True,True,task-ils/sub-cp028/ses-20211214/level-04B_run-004/sub-cp028_ses-20211214_ocuevts_level-04B_run-004.csv;task-ils/sub-cp028/ses-20211214/level-04B_run-004/sub-cp028_ses-20211214_task-ils_stream-lslhtcviveeye_feat-chunk_level-04B_run-004_dat.csv,True,task-ils/sub-cp028/ses-20211214/level-04B_run-004/sub-cp028_ses-20211214_task-ils_stream-lslshimmerecg_feat-chunk_level-04B_run-004_dat.csv,True,task-ils/sub-cp028/ses-20211214/level-04B_run-004/sub-cp028_ses-20211214_task-ils_stream-lslshimmereda_feat-chunk_level-04B_run-004_dat.csv,True,task-ils/sub-cp028/ses-20211214/level-04B_run-004/sub-cp028_ses-20211214_task-ils_stream-lslshimmeremg_feat-chunk_level-04B_run-004_dat.csv,True,task-ils/sub-cp028/ses-20211214/level-04B_run-004/sub-cp028_ses-20211214_task-ils_stream-lslrespitrace_feat-chunk_level-04B_run-004_dat.csv;task-ils/sub-cp028/ses-20211214/level-04B_run-004/sub-cp028_ses-20211214_task-ils_stream-lslshimmerresp_feat-chunk_level-04B_run-004_dat.csv,True,task-ils/sub-cp028/ses-20211214/level-04B_run-004/sub-cp028_ses-20211214_task-ils_stream-lslxp11xpcplt_feat-chunk_level-04B_run-004_dat.csv,True,task-ils/sub-cp028/ses-20211214/level-04B_run-004/sub-cp028_ses-20211214_task-ils_stream-lslxp11xpcac_feat-chunk_level-04B_run-004_dat.csv,True,task-ils/sub-cp028/ses-20211214/level-04B_run-004/sub-cp028_ses-20211214_task-ils_stream-lslxp11_feat-perfmetric_level-04B_run-004.csv,True,task-ils/sub-cp028/ses-20211214/level-04B_run-004/sub-cp028_ses-20211214_task-ils_stream-lslshimmertorsoacc_feat-chunk_level-04B_run-004_dat.csv,False,,9,ecg;eda;emg;eye_tracking;head_movement;performance;respiration;torso_body_accelerometer;xplane,control_input,0,,0,
ils,sub-cp028,ses-20211214,level-04B,run-006,sub-cp028_ses-20211214_level-04B_run-006,task-ils/sub-cp028/ses-20211214/level-04B_run-006,20,20,11,11,True,True,task-ils/sub-cp028/ses-20211214/level-04B_run-006/sub-cp028_ses-20211214_ocuevts_level-04B_run-006.csv;task-ils/sub-cp028/ses-20211214/level-04B_run-006/sub-cp028_ses-20211214_task-ils_stream-lslhtcviveeye_feat-chunk_level-04B_run-006_dat.csv,True,task-ils/sub-cp028/ses-20211214/level-04B_run-006/sub-cp028_ses-20211214_task-ils_stream-lslshimmerecg_feat-chunk_level-04B_run-006_dat.csv,True,task-ils/sub-cp028/ses-20211214/level-04B_run-006/sub-cp028_ses-20211214_task-ils_stream-lslshimmereda_feat-chunk_level-04B_run-006_dat.csv,True,task-ils/sub-cp028/ses-20211214/level-04B_run-006/sub-cp028_ses-20211214_task-ils_stream-lslshimmeremg_feat-chunk_level-04B_run-006_dat.csv,True,task-ils/sub-cp028/ses-20211214/level-04B_run-006/sub-cp028_ses-20211214_task-ils_stream-lslrespitrace_feat-chunk_level-04B_run-006_dat.csv;task-ils/sub-cp028/ses-20211214/level-04B_run-006/sub-cp028_ses-20211214_task-ils_stream-lslshimmerresp_feat-chunk_level-04B_run-006_dat.csv,True,task-ils/sub-cp028/ses-20211214/level-04B_run-006/sub-cp028_ses-20211214_task-ils_stream-lslxp11xpcplt_feat-chunk_level-04B_run-006_dat.csv,True,task-ils/sub-cp028/ses-20211214/level-04B_run-006/sub-cp028_ses-20211214_task-ils_stream-lslxp11xpcac_feat-chunk_level-04B_run-006_dat.csv,True,task-ils/sub-cp028/ses-20211214/level-04B_run-006/sub-cp028_ses-20211214_task-ils_stream-lslxp11_feat-perfmetric_level-04B_run-006.csv,True,task-ils/sub-cp028/ses-20211214/level-04B_run-006/sub-cp028_ses-20211214_task-ils_stream-lslshimmertorsoacc_feat-chunk_level-04B_run-006_dat.csv,False,,9,ecg;eda;emg;eye_tracking;head_movement;performance;respiration;torso_body_accelerometer;xplane,control_input,0,,0,
ils,sub-cp028,ses-20211214,level-04B,run-009,sub-cp028_ses-20211214_level-04B_run-009,task-ils/sub-cp028/ses-20211214/level-04B_run-009,20,20,11,11,True,True,task-ils/sub-cp028/ses-20211214/level-04B_run-009/sub-cp028_ses-20211214_ocuevts_level-04B_run-009.csv;task-ils/sub-cp028/ses-20211214/level-04B_run-009/sub-cp028_ses-20211214_task-ils_stream-lslhtcviveeye_feat-chunk_level-04B_run-009_dat.csv,True,task-ils/sub-cp028/ses-20211214/level-04B_run-009/sub-cp028_ses-20211214_task-ils_stream-lslshimmerecg_feat-chunk_level-04B_run-009_dat.csv,True,task-ils/sub-cp028/ses-20211214/level-04B_run-009/sub-cp028_ses-20211214_task-ils_stream-lslshimmereda_feat-chunk_level-04B_run-009_dat.csv,True,task-ils/sub-cp028/ses-20211214/level-04B_run-009/sub-cp028_ses-20211214_task-ils_stream-lslshimmeremg_feat-chunk_level-04B_run-009_dat.csv,True,task-ils/sub-cp028/ses-20211214/level-04B_run-009/sub-cp028_ses-20211214_task-ils_stream-lslrespitrace_feat-chunk_level-04B_run-009_dat.csv;task-ils/sub-cp028/ses-20211214/level-04B_run-009/sub-cp028_ses-20211214_task-ils_stream-lslshimmerresp_feat-chunk_level-04B_run-009_dat.csv,True,task-ils/sub-cp028/ses-20211214/level-04B_run-009/sub-cp028_ses-20211214_task-ils_stream-lslxp11xpcplt_feat-chunk_level-04B_run-009_dat.csv,True,task-ils/sub-cp028/ses-20211214/level-04B_run-009/sub-cp028_ses-20211214_task-ils_stream-lslxp11xpcac_feat-chunk_level-04B_run-009_dat.csv,True,task-ils/sub-cp028/ses-20211214/level-04B_run-009/sub-cp028_ses-20211214_task-ils_stream-lslxp11_feat-perfmetric_level-04B_run-009.csv,True,task-ils/sub-cp028/ses-20211214/level-04B_run-009/sub-cp028_ses-20211214_task-ils_stream-lslshimmertorsoacc_feat-chunk_level-04B_run-009_dat.csv,False,,9,ecg;eda;emg;eye_tracking;head_movement;performance;respiration;torso_body_accelerometer;xplane,control_input,0,,0,
ils,sub-cp029,ses-20220119,level-01B,run-001,sub-cp029_ses-20220119_level-01B_run-001,task-ils/sub-cp029/ses-20220119/level-01B_run-001,20,20,11,11,True,True,task-ils/sub-cp029/ses-20220119/level-01B_run-001/sub-cp029_ses-20220119_ocuevts_level-01B_run-001.csv;task-ils/sub-cp029/ses-20220119/level-01B_run-001/sub-cp029_ses-20220119_task-ils_stream-lslhtcviveeye_feat-chunk_level-01B_run-001_dat.csv,True,task-ils/sub-cp029/ses-20220119/level-01B_run-001/sub-cp029_ses-20220119_task-ils_stream-lslshimmerecg_feat-chunk_level-01B_run-001_dat.csv,True,task-ils/sub-cp029/ses-20220119/level-01B_run-001/sub-cp029_ses-20220119_task-ils_stream-lslshimmereda_feat-chunk_level-01B_run-001_dat.csv,True,task-ils/sub-cp029/ses-20220119/level-01B_run-001/sub-cp029_ses-20220119_task-ils_stream-lslshimmeremg_feat-chunk_level-01B_run-001_dat.csv,True,task-ils/sub-cp029/ses-20220119/level-01B_run-001/sub-cp029_ses-20220119_task-ils_stream-lslrespitrace_feat-chunk_level-01B_run-001_dat.csv;task-ils/sub-cp029/ses-20220119/level-01B_run-001/sub-cp029_ses-20220119_task-ils_stream-lslshimmerresp_feat-chunk_level-01B_run-001_dat.csv,True,task-ils/sub-cp029/ses-20220119/level-01B_run-001/sub-cp029_ses-20220119_task-ils_stream-lslxp11xpcplt_feat-chunk_level-01B_run-001_dat.csv,True,task-ils/sub-cp029/ses-20220119/level-01B_run-001/sub-cp029_ses-20220119_task-ils_stream-lslxp11xpcac_feat-chunk_level-01B_run-001_dat.csv,True,task-ils/sub-cp029/ses-20220119/level-01B_run-001/sub-cp029_ses-20220119_task-ils_stream-lslxp11_feat-perfmetric_level-01B_run-001.csv,True,task-ils/sub-cp029/ses-20220119/level-01B_run-001/sub-cp029_ses-20220119_task-ils_stream-lslshimmertorsoacc_feat-chunk_level-01B_run-001_dat.csv,False,,9,ecg;eda;emg;eye_tracking;head_movement;performance;respiration;torso_body_accelerometer;xplane,control_input,0,,0,
ils,sub-cp029,ses-20220119,level-01B,run-007,sub-cp029_ses-20220119_level-01B_run-007,task-ils/sub-cp029/ses-20220119/level-01B_run-007,20,20,11,11,True,True,task-ils/sub-cp029/ses-20220119/level-01B_run-007/sub-cp029_ses-20220119_ocuevts_level-01B_run-007.csv;task-ils/sub-cp029/ses-20220119/level-01B_run-007/sub-cp029_ses-20220119_task-ils_stream-lslhtcviveeye_feat-chunk_level-01B_run-007_dat.csv,True,task-ils/sub-cp029/ses-20220119/level-01B_run-007/sub-cp029_ses-20220119_task-ils_stream-lslshimmerecg_feat-chunk_level-01B_run-007_dat.csv,True,task-ils/sub-cp029/ses-20220119/level-01B_run-007/sub-cp029_ses-20220119_task-ils_stream-lslshimmereda_feat-chunk_level-01B_run-007_dat.csv,True,task-ils/sub-cp029/ses-20220119/level-01B_run-007/sub-cp029_ses-20220119_task-ils_stream-lslshimmeremg_feat-chunk_level-01B_run-007_dat.csv,True,task-ils/sub-cp029/ses-20220119/level-01B_run-007/sub-cp029_ses-20220119_task-ils_stream-lslrespitrace_feat-chunk_level-01B_run-007_dat.csv;task-ils/sub-cp029/ses-20220119/level-01B_run-007/sub-cp029_ses-20220119_task-ils_stream-lslshimmerresp_feat-chunk_level-01B_run-007_dat.csv,True,task-ils/sub-cp029/ses-20220119/level-01B_run-007/sub-cp029_ses-20220119_task-ils_stream-lslxp11xpcplt_feat-chunk_level-01B_run-007_dat.csv,True,task-ils/sub-cp029/ses-20220119/level-01B_run-007/sub-cp029_ses-20220119_task-ils_stream-lslxp11xpcac_feat-chunk_level-01B_run-007_dat.csv,True,task-ils/sub-cp029/ses-20220119/level-01B_run-007/sub-cp029_ses-20220119_task-ils_stream-lslxp11_feat-perfmetric_level-01B_run-007.csv,True,task-ils/sub-cp029/ses-20220119/level-01B_run-007/sub-cp029_ses-20220119_task-ils_stream-lslshimmertorsoacc_feat-chunk_level-01B_run-007_dat.csv,False,,9,ecg;eda;emg;eye_tracking;head_movement;performance;respiration;torso_body_accelerometer;xplane,control_input,0,,0,
ils,sub-cp029,ses-20220119,level-01B,run-012,sub-cp029_ses-20220119_level-01B_run-012,task-ils/sub-cp029/ses-20220119/level-01B_run-012,20,20,11,11,True,True,task-ils/sub-cp029/ses-20220119/level-01B_run-012/sub-cp029_ses-20220119_ocuevts_level-01B_run-012.csv;task-ils/sub-cp029/ses-20220119/level-01B_run-012/sub-cp029_ses-20220119_task-ils_stream-lslhtcviveeye_feat-chunk_level-01B_run-012_dat.csv,True,task-ils/sub-cp029/ses-20220119/level-01B_run-012/sub-cp029_ses-20220119_task-ils_stream-lslshimmerecg_feat-chunk_level-01B_run-012_dat.csv,True,task-ils/sub-cp029/ses-20220119/level-01B_run-012/sub-cp029_ses-20220119_task-ils_stream-lslshimmereda_feat-chunk_level-01B_run-012_dat.csv,True,task-ils/sub-cp029/ses-20220119/level-01B_run-012/sub-cp029_ses-20220119_task-ils_stream-lslshimmeremg_feat-chunk_level-01B_run-012_dat.csv,True,task-ils/sub-cp029/ses-20220119/level-01B_run-012/sub-cp029_ses-20220119_task-ils_stream-lslrespitrace_feat-chunk_level-01B_run-012_dat.csv;task-ils/sub-cp029/ses-20220119/level-01B_run-012/sub-cp029_ses-20220119_task-ils_stream-lslshimmerresp_feat-chunk_level-01B_run-012_dat.csv,True,task-ils/sub-cp029/ses-20220119/level-01B_run-012/sub-cp029_ses-20220119_task-ils_stream-lslxp11xpcplt_feat-chunk_level-01B_run-012_dat.csv,True,task-ils/sub-cp029/ses-20220119/level-01B_run-012/sub-cp029_ses-20220119_task-ils_stream-lslxp11xpcac_feat-chunk_level-01B_run-012_dat.csv,True,task-ils/sub-cp029/ses-20220119/level-01B_run-012/sub-cp029_ses-20220119_task-ils_stream-lslxp11_feat-perfmetric_level-01B_run-012.csv,True,task-ils/sub-cp029/ses-20220119/level-01B_run-012/sub-cp029_ses-20220119_task-ils_stream-lslshimmertorsoacc_feat-chunk_level-01B_run-012_dat.csv,False,,9,ecg;eda;emg;eye_tracking;head_movement;performance;respiration;torso_body_accelerometer;xplane,control_input,0,,0,
ils,sub-cp029,ses-20220119,level-02B,run-003,sub-cp029_ses-20220119_level-02B_run-003,task-ils/sub-cp029/ses-20220119/level-02B_run-003,20,20,11,11,True,True,task-ils/sub-cp029/ses-20220119/level-02B_run-003/sub-cp029_ses-20220119_ocuevts_level-02B_run-003.csv;task-ils/sub-cp029/ses-20220119/level-02B_run-003/sub-cp029_ses-20220119_task-ils_stream-lslhtcviveeye_feat-chunk_level-02B_run-003_dat.csv,True,task-ils/sub-cp029/ses-20220119/level-02B_run-003/sub-cp029_ses-20220119_task-ils_stream-lslshimmerecg_feat-chunk_level-02B_run-003_dat.csv,True,task-ils/sub-cp029/ses-20220119/level-02B_run-003/sub-cp029_ses-20220119_task-ils_stream-lslshimmereda_feat-chunk_level-02B_run-003_dat.csv,True,task-ils/sub-cp029/ses-20220119/level-02B_run-003/sub-cp029_ses-20220119_task-ils_stream-lslshimmeremg_feat-chunk_level-02B_run-003_dat.csv,True,task-ils/sub-cp029/ses-20220119/level-02B_run-003/sub-cp029_ses-20220119_task-ils_stream-lslrespitrace_feat-chunk_level-02B_run-003_dat.csv;task-ils/sub-cp029/ses-20220119/level-02B_run-003/sub-cp029_ses-20220119_task-ils_stream-lslshimmerresp_feat-chunk_level-02B_run-003_dat.csv,True,task-ils/sub-cp029/ses-20220119/level-02B_run-003/sub-cp029_ses-20220119_task-ils_stream-lslxp11xpcplt_feat-chunk_level-02B_run-003_dat.csv,True,task-ils/sub-cp029/ses-20220119/level-02B_run-003/sub-cp029_ses-20220119_task-ils_stream-lslxp11xpcac_feat-chunk_level-02B_run-003_dat.csv,True,task-ils/sub-cp029/ses-20220119/level-02B_run-003/sub-cp029_ses-20220119_task-ils_stream-lslxp11_feat-perfmetric_level-02B_run-003.csv,True,task-ils/sub-cp029/ses-20220119/level-02B_run-003/sub-cp029_ses-20220119_task-ils_stream-lslshimmertorsoacc_feat-chunk_level-02B_run-003_dat.csv,False,,9,ecg;eda;emg;eye_tracking;head_movement;performance;respiration;torso_body_accelerometer;xplane,control_input,0,,0,
ils,sub-cp029,ses-20220119,level-02B,run-008,sub-cp029_ses-20220119_level-02B_run-008,task-ils/sub-cp029/ses-20220119/level-02B_run-008,20,20,11,11,True,True,task-ils/sub-cp029/ses-20220119/level-02B_run-008/sub-cp029_ses-20220119_ocuevts_level-02B_run-008.csv;task-ils/sub-cp029/ses-20220119/level-02B_run-008/sub-cp029_ses-20220119_task-ils_stream-lslhtcviveeye_feat-chunk_level-02B_run-008_dat.csv,True,task-ils/sub-cp029/ses-20220119/level-02B_run-008/sub-cp029_ses-20220119_task-ils_stream-lslshimmerecg_feat-chunk_level-02B_run-008_dat.csv,True,task-ils/sub-cp029/ses-20220119/level-02B_run-008/sub-cp029_ses-20220119_task-ils_stream-lslshimmereda_feat-chunk_level-02B_run-008_dat.csv,True,task-ils/sub-cp029/ses-20220119/level-02B_run-008/sub-cp029_ses-20220119_task-ils_stream-lslshimmeremg_feat-chunk_level-02B_run-008_dat.csv,True,task-ils/sub-cp029/ses-20220119/level-02B_run-008/sub-cp029_ses-20220119_task-ils_stream-lslrespitrace_feat-chunk_level-02B_run-008_dat.csv;task-ils/sub-cp029/ses-20220119/level-02B_run-008/sub-cp029_ses-20220119_task-ils_stream-lslshimmerresp_feat-chunk_level-02B_run-008_dat.csv,True,task-ils/sub-cp029/ses-20220119/level-02B_run-008/sub-cp029_ses-20220119_task-ils_stream-lslxp11xpcplt_feat-chunk_level-02B_run-008_dat.csv,True,task-ils/sub-cp029/ses-20220119/level-02B_run-008/sub-cp029_ses-20220119_task-ils_stream-lslxp11xpcac_feat-chunk_level-02B_run-008_dat.csv,True,task-ils/sub-cp029/ses-20220119/level-02B_run-008/sub-cp029_ses-20220119_task-ils_stream-lslxp11_feat-perfmetric_level-02B_run-008.csv,True,task-ils/sub-cp029/ses-20220119/level-02B_run-008/sub-cp029_ses-20220119_task-ils_stream-lslshimmertorsoacc_feat-chunk_level-02B_run-008_dat.csv,False,,9,ecg;eda;emg;eye_tracking;head_movement;performance;respiration;torso_body_accelerometer;xplane,control_input,0,,0,
ils,sub-cp029,ses-20220119,level-02B,run-010,sub-cp029_ses-20220119_level-02B_run-010,task-ils/sub-cp029/ses-20220119/level-02B_run-010,20,20,11,11,True,True,task-ils/sub-cp029/ses-20220119/level-02B_run-010/sub-cp029_ses-20220119_ocuevts_level-02B_run-010.csv;task-ils/sub-cp029/ses-20220119/level-02B_run-010/sub-cp029_ses-20220119_task-ils_stream-lslhtcviveeye_feat-chunk_level-02B_run-010_dat.csv,True,task-ils/sub-cp029/ses-20220119/level-02B_run-010/sub-cp029_ses-20220119_task-ils_stream-lslshimmerecg_feat-chunk_level-02B_run-010_dat.csv,True,task-ils/sub-cp029/ses-20220119/level-02B_run-010/sub-cp029_ses-20220119_task-ils_stream-lslshimmereda_feat-chunk_level-02B_run-010_dat.csv,True,task-ils/sub-cp029/ses-20220119/level-02B_run-010/sub-cp029_ses-20220119_task-ils_stream-lslshimmeremg_feat-chunk_level-02B_run-010_dat.csv,True,task-ils/sub-cp029/ses-20220119/level-02B_run-010/sub-cp029_ses-20220119_task-ils_stream-lslrespitrace_feat-chunk_level-02B_run-010_dat.csv;task-ils/sub-cp029/ses-20220119/level-02B_run-010/sub-cp029_ses-20220119_task-ils_stream-lslshimmerresp_feat-chunk_level-02B_run-010_dat.csv,True,task-ils/sub-cp029/ses-20220119/level-02B_run-010/sub-cp029_ses-20220119_task-ils_stream-lslxp11xpcplt_feat-chunk_level-02B_run-010_dat.csv,True,task-ils/sub-cp029/ses-20220119/level-02B_run-010/sub-cp029_ses-20220119_task-ils_stream-lslxp11xpcac_feat-chunk_level-02B_run-010_dat.csv,True,task-ils/sub-cp029/ses-20220119/level-02B_run-010/sub-cp029_ses-20220119_task-ils_stream-lslxp11_feat-perfmetric_level-02B_run-010.csv,True,task-ils/sub-cp029/ses-20220119/level-02B_run-010/sub-cp029_ses-20220119_task-ils_stream-lslshimmertorsoacc_feat-chunk_level-02B_run-010_dat.csv,False,,9,ecg;eda;emg;eye_tracking;head_movement;performance;respiration;torso_body_accelerometer;xplane,control_input,0,,0,
ils,sub-cp029,ses-20220119,level-03B,run-002,sub-cp029_ses-20220119_level-03B_run-002,task-ils/sub-cp029/ses-20220119/level-03B_run-002,20,20,11,11,True,True,task-ils/sub-cp029/ses-20220119/level-03B_run-002/sub-cp029_ses-20220119_ocuevts_level-03B_run-002.csv;task-ils/sub-cp029/ses-20220119/level-03B_run-002/sub-cp029_ses-20220119_task-ils_stream-lslhtcviveeye_feat-chunk_level-03B_run-002_dat.csv,True,task-ils/sub-cp029/ses-20220119/level-03B_run-002/sub-cp029_ses-20220119_task-ils_stream-lslshimmerecg_feat-chunk_level-03B_run-002_dat.csv,True,task-ils/sub-cp029/ses-20220119/level-03B_run-002/sub-cp029_ses-20220119_task-ils_stream-lslshimmereda_feat-chunk_level-03B_run-002_dat.csv,True,task-ils/sub-cp029/ses-20220119/level-03B_run-002/sub-cp029_ses-20220119_task-ils_stream-lslshimmeremg_feat-chunk_level-03B_run-002_dat.csv,True,task-ils/sub-cp029/ses-20220119/level-03B_run-002/sub-cp029_ses-20220119_task-ils_stream-lslrespitrace_feat-chunk_level-03B_run-002_dat.csv;task-ils/sub-cp029/ses-20220119/level-03B_run-002/sub-cp029_ses-20220119_task-ils_stream-lslshimmerresp_feat-chunk_level-03B_run-002_dat.csv,True,task-ils/sub-cp029/ses-20220119/level-03B_run-002/sub-cp029_ses-20220119_task-ils_stream-lslxp11xpcplt_feat-chunk_level-03B_run-002_dat.csv,True,task-ils/sub-cp029/ses-20220119/level-03B_run-002/sub-cp029_ses-20220119_task-ils_stream-lslxp11xpcac_feat-chunk_level-03B_run-002_dat.csv,True,task-ils/sub-cp029/ses-20220119/level-03B_run-002/sub-cp029_ses-20220119_task-ils_stream-lslxp11_feat-perfmetric_level-03B_run-002.csv,True,task-ils/sub-cp029/ses-20220119/level-03B_run-002/sub-cp029_ses-20220119_task-ils_stream-lslshimmertorsoacc_feat-chunk_level-03B_run-002_dat.csv,False,,9,ecg;eda;emg;eye_tracking;head_movement;performance;respiration;torso_body_accelerometer;xplane,control_input,0,,0,
ils,sub-cp029,ses-20220119,level-03B,run-005,sub-cp029_ses-20220119_level-03B_run-005,task-ils/sub-cp029/ses-20220119/level-03B_run-005,20,20,11,11,True,True,task-ils/sub-cp029/ses-20220119/level-03B_run-005/sub-cp029_ses-20220119_ocuevts_level-03B_run-005.csv;task-ils/sub-cp029/ses-20220119/level-03B_run-005/sub-cp029_ses-20220119_task-ils_stream-lslhtcviveeye_feat-chunk_level-03B_run-005_dat.csv,True,task-ils/sub-cp029/ses-20220119/level-03B_run-005/sub-cp029_ses-20220119_task-ils_stream-lslshimmerecg_feat-chunk_level-03B_run-005_dat.csv,True,task-ils/sub-cp029/ses-20220119/level-03B_run-005/sub-cp029_ses-20220119_task-ils_stream-lslshimmereda_feat-chunk_level-03B_run-005_dat.csv,True,task-ils/sub-cp029/ses-20220119/level-03B_run-005/sub-cp029_ses-20220119_task-ils_stream-lslshimmeremg_feat-chunk_level-03B_run-005_dat.csv,True,task-ils/sub-cp029/ses-20220119/level-03B_run-005/sub-cp029_ses-20220119_task-ils_stream-lslrespitrace_feat-chunk_level-03B_run-005_dat.csv;task-ils/sub-cp029/ses-20220119/level-03B_run-005/sub-cp029_ses-20220119_task-ils_stream-lslshimmerresp_feat-chunk_level-03B_run-005_dat.csv,True,task-ils/sub-cp029/ses-20220119/level-03B_run-005/sub-cp029_ses-20220119_task-ils_stream-lslxp11xpcplt_feat-chunk_level-03B_run-005_dat.csv,True,task-ils/sub-cp029/ses-20220119/level-03B_run-005/sub-cp029_ses-20220119_task-ils_stream-lslxp11xpcac_feat-chunk_level-03B_run-005_dat.csv,True,task-ils/sub-cp029/ses-20220119/level-03B_run-005/sub-cp029_ses-20220119_task-ils_stream-lslxp11_feat-perfmetric_level-03B_run-005.csv,True,task-ils/sub-cp029/ses-20220119/level-03B_run-005/sub-cp029_ses-20220119_task-ils_stream-lslshimmertorsoacc_feat-chunk_level-03B_run-005_dat.csv,False,,9,ecg;eda;emg;eye_tracking;head_movement;performance;respiration;torso_body_accelerometer;xplane,control_input,0,,0,
ils,sub-cp029,ses-20220119,level-03B,run-011,sub-cp029_ses-20220119_level-03B_run-011,task-ils/sub-cp029/ses-20220119/level-03B_run-011,20,20,11,11,True,True,task-ils/sub-cp029/ses-20220119/level-03B_run-011/sub-cp029_ses-20220119_ocuevts_level-03B_run-011.csv;task-ils/sub-cp029/ses-20220119/level-03B_run-011/sub-cp029_ses-20220119_task-ils_stream-lslhtcviveeye_feat-chunk_level-03B_run-011_dat.csv,True,task-ils/sub-cp029/ses-20220119/level-03B_run-011/sub-cp029_ses-20220119_task-ils_stream-lslshimmerecg_feat-chunk_level-03B_run-011_dat.csv,True,task-ils/sub-cp029/ses-20220119/level-03B_run-011/sub-cp029_ses-20220119_task-ils_stream-lslshimmereda_feat-chunk_level-03B_run-011_dat.csv,True,task-ils/sub-cp029/ses-20220119/level-03B_run-011/sub-cp029_ses-20220119_task-ils_stream-lslshimmeremg_feat-chunk_level-03B_run-011_dat.csv,True,task-ils/sub-cp029/ses-20220119/level-03B_run-011/sub-cp029_ses-20220119_task-ils_stream-lslrespitrace_feat-chunk_level-03B_run-011_dat.csv;task-ils/sub-cp029/ses-20220119/level-03B_run-011/sub-cp029_ses-20220119_task-ils_stream-lslshimmerresp_feat-chunk_level-03B_run-011_dat.csv,True,task-ils/sub-cp029/ses-20220119/level-03B_run-011/sub-cp029_ses-20220119_task-ils_stream-lslxp11xpcplt_feat-chunk_level-03B_run-011_dat.csv,True,task-ils/sub-cp029/ses-20220119/level-03B_run-011/sub-cp029_ses-20220119_task-ils_stream-lslxp11xpcac_feat-chunk_level-03B_run-011_dat.csv,True,task-ils/sub-cp029/ses-20220119/level-03B_run-011/sub-cp029_ses-20220119_task-ils_stream-lslxp11_feat-perfmetric_level-03B_run-011.csv,True,task-ils/sub-cp029/ses-20220119/level-03B_run-011/sub-cp029_ses-20220119_task-ils_stream-lslshimmertorsoacc_feat-chunk_level-03B_run-011_dat.csv,False,,9,ecg;eda;emg;eye_tracking;head_movement;performance;respiration;torso_body_accelerometer;xplane,control_input,0,,0,
ils,sub-cp029,ses-20220119,level-04B,run-004,sub-cp029_ses-20220119_level-04B_run-004,task-ils/sub-cp029/ses-20220119/level-04B_run-004,20,20,11,11,True,True,task-ils/sub-cp029/ses-20220119/level-04B_run-004/sub-cp029_ses-20220119_ocuevts_level-04B_run-004.csv;task-ils/sub-cp029/ses-20220119/level-04B_run-004/sub-cp029_ses-20220119_task-ils_stream-lslhtcviveeye_feat-chunk_level-04B_run-004_dat.csv,True,task-ils/sub-cp029/ses-20220119/level-04B_run-004/sub-cp029_ses-20220119_task-ils_stream-lslshimmerecg_feat-chunk_level-04B_run-004_dat.csv,True,task-ils/sub-cp029/ses-20220119/level-04B_run-004/sub-cp029_ses-20220119_task-ils_stream-lslshimmereda_feat-chunk_level-04B_run-004_dat.csv,True,task-ils/sub-cp029/ses-20220119/level-04B_run-004/sub-cp029_ses-20220119_task-ils_stream-lslshimmeremg_feat-chunk_level-04B_run-004_dat.csv,True,task-ils/sub-cp029/ses-20220119/level-04B_run-004/sub-cp029_ses-20220119_task-ils_stream-lslrespitrace_feat-chunk_level-04B_run-004_dat.csv;task-ils/sub-cp029/ses-20220119/level-04B_run-004/sub-cp029_ses-20220119_task-ils_stream-lslshimmerresp_feat-chunk_level-04B_run-004_dat.csv,True,task-ils/sub-cp029/ses-20220119/level-04B_run-004/sub-cp029_ses-20220119_task-ils_stream-lslxp11xpcplt_feat-chunk_level-04B_run-004_dat.csv,True,task-ils/sub-cp029/ses-20220119/level-04B_run-004/sub-cp029_ses-20220119_task-ils_stream-lslxp11xpcac_feat-chunk_level-04B_run-004_dat.csv,True,task-ils/sub-cp029/ses-20220119/level-04B_run-004/sub-cp029_ses-20220119_task-ils_stream-lslxp11_feat-perfmetric_level-04B_run-004.csv,True,task-ils/sub-cp029/ses-20220119/level-04B_run-004/sub-cp029_ses-20220119_task-ils_stream-lslshimmertorsoacc_feat-chunk_level-04B_run-004_dat.csv,False,,9,ecg;eda;emg;eye_tracking;head_movement;performance;respiration;torso_body_accelerometer;xplane,control_input,0,,0,
ils,sub-cp029,ses-20220119,level-04B,run-006,sub-cp029_ses-20220119_level-04B_run-006,task-ils/sub-cp029/ses-20220119/level-04B_run-006,20,20,11,11,True,True,task-ils/sub-cp029/ses-20220119/level-04B_run-006/sub-cp029_ses-20220119_ocuevts_level-04B_run-006.csv;task-ils/sub-cp029/ses-20220119/level-04B_run-006/sub-cp029_ses-20220119_task-ils_stream-lslhtcviveeye_feat-chunk_level-04B_run-006_dat.csv,True,task-ils/sub-cp029/ses-20220119/level-04B_run-006/sub-cp029_ses-20220119_task-ils_stream-lslshimmerecg_feat-chunk_level-04B_run-006_dat.csv,True,task-ils/sub-cp029/ses-20220119/level-04B_run-006/sub-cp029_ses-20220119_task-ils_stream-lslshimmereda_feat-chunk_level-04B_run-006_dat.csv,True,task-ils/sub-cp029/ses-20220119/level-04B_run-006/sub-cp029_ses-20220119_task-ils_stream-lslshimmeremg_feat-chunk_level-04B_run-006_dat.csv,True,task-ils/sub-cp029/ses-20220119/level-04B_run-006/sub-cp029_ses-20220119_task-ils_stream-lslrespitrace_feat-chunk_level-04B_run-006_dat.csv;task-ils/sub-cp029/ses-20220119/level-04B_run-006/sub-cp029_ses-20220119_task-ils_stream-lslshimmerresp_feat-chunk_level-04B_run-006_dat.csv,True,task-ils/sub-cp029/ses-20220119/level-04B_run-006/sub-cp029_ses-20220119_task-ils_stream-lslxp11xpcplt_feat-chunk_level-04B_run-006_dat.csv,True,task-ils/sub-cp029/ses-20220119/level-04B_run-006/sub-cp029_ses-20220119_task-ils_stream-lslxp11xpcac_feat-chunk_level-04B_run-006_dat.csv,True,task-ils/sub-cp029/ses-20220119/level-04B_run-006/sub-cp029_ses-20220119_task-ils_stream-lslxp11_feat-perfmetric_level-04B_run-006.csv,True,task-ils/sub-cp029/ses-20220119/level-04B_run-006/sub-cp029_ses-20220119_task-ils_stream-lslshimmertorsoacc_feat-chunk_level-04B_run-006_dat.csv,False,,9,ecg;eda;emg;eye_tracking;head_movement;performance;respiration;torso_body_accelerometer;xplane,control_input,0,,0,
ils,sub-cp029,ses-20220119,level-04B,run-009,sub-cp029_ses-20220119_level-04B_run-009,task-ils/sub-cp029/ses-20220119/level-04B_run-009,20,20,11,11,True,True,task-ils/sub-cp029/ses-20220119/level-04B_run-009/sub-cp029_ses-20220119_ocuevts_level-04B_run-009.csv;task-ils/sub-cp029/ses-20220119/level-04B_run-009/sub-cp029_ses-20220119_task-ils_stream-lslhtcviveeye_feat-chunk_level-04B_run-009_dat.csv,True,task-ils/sub-cp029/ses-20220119/level-04B_run-009/sub-cp029_ses-20220119_task-ils_stream-lslshimmerecg_feat-chunk_level-04B_run-009_dat.csv,True,task-ils/sub-cp029/ses-20220119/level-04B_run-009/sub-cp029_ses-20220119_task-ils_stream-lslshimmereda_feat-chunk_level-04B_run-009_dat.csv,True,task-ils/sub-cp029/ses-20220119/level-04B_run-009/sub-cp029_ses-20220119_task-ils_stream-lslshimmeremg_feat-chunk_level-04B_run-009_dat.csv,True,task-ils/sub-cp029/ses-20220119/level-04B_run-009/sub-cp029_ses-20220119_task-ils_stream-lslrespitrace_feat-chunk_level-04B_run-009_dat.csv;task-ils/sub-cp029/ses-20220119/level-04B_run-009/sub-cp029_ses-20220119_task-ils_stream-lslshimmerresp_feat-chunk_level-04B_run-009_dat.csv,True,task-ils/sub-cp029/ses-20220119/level-04B_run-009/sub-cp029_ses-20220119_task-ils_stream-lslxp11xpcplt_feat-chunk_level-04B_run-009_dat.csv,True,task-ils/sub-cp029/ses-20220119/level-04B_run-009/sub-cp029_ses-20220119_task-ils_stream-lslxp11xpcac_feat-chunk_level-04B_run-009_dat.csv,True,task-ils/sub-cp029/ses-20220119/level-04B_run-009/sub-cp029_ses-20220119_task-ils_stream-lslxp11_feat-perfmetric_level-04B_run-009.csv,True,task-ils/sub-cp029/ses-20220119/level-04B_run-009/sub-cp029_ses-20220119_task-ils_stream-lslshimmertorsoacc_feat-chunk_level-04B_run-009_dat.csv,False,,9,ecg;eda;emg;eye_tracking;head_movement;performance;respiration;torso_body_accelerometer;xplane,control_input,0,,0,
ils,sub-cp030,ses-20211025,level-01B,run-001,sub-cp030_ses-20211025_level-01B_run-001,task-ils/sub-cp030/ses-20211025/level-01B_run-001,18,18,10,10,True,True,task-ils/sub-cp030/ses-20211025/level-01B_run-001/sub-cp030_ses-20211025_ocuevts_level-01B_run-001.csv;task-ils/sub-cp030/ses-20211025/level-01B_run-001/sub-cp030_ses-20211025_task-ils_stream-lslhtcviveeye_feat-chunk_level-01B_run-001_dat.csv,True,task-ils/sub-cp030/ses-20211025/level-01B_run-001/sub-cp030_ses-20211025_task-ils_stream-lslshimmerecg_feat-chunk_level-01B_run-001_dat.csv,True,task-ils/sub-cp030/ses-20211025/level-01B_run-001/sub-cp030_ses-20211025_task-ils_stream-lslshimmereda_feat-chunk_level-01B_run-001_dat.csv,True,task-ils/sub-cp030/ses-20211025/level-01B_run-001/sub-cp030_ses-20211025_task-ils_stream-lslshimmeremg_feat-chunk_level-01B_run-001_dat.csv,True,task-ils/sub-cp030/ses-20211025/level-01B_run-001/sub-cp030_ses-20211025_task-ils_stream-lslshimmerresp_feat-chunk_level-01B_run-001_dat.csv,True,task-ils/sub-cp030/ses-20211025/level-01B_run-001/sub-cp030_ses-20211025_task-ils_stream-lslxp11xpcplt_feat-chunk_level-01B_run-001_dat.csv,True,task-ils/sub-cp030/ses-20211025/level-01B_run-001/sub-cp030_ses-20211025_task-ils_stream-lslxp11xpcac_feat-chunk_level-01B_run-001_dat.csv,True,task-ils/sub-cp030/ses-20211025/level-01B_run-001/sub-cp030_ses-20211025_task-ils_stream-lslxp11_feat-perfmetric_level-01B_run-001.csv,True,task-ils/sub-cp030/ses-20211025/level-01B_run-001/sub-cp030_ses-20211025_task-ils_stream-lslshimmertorsoacc_feat-chunk_level-01B_run-001_dat.csv,False,,9,ecg;eda;emg;eye_tracking;head_movement;performance;respiration;torso_body_accelerometer;xplane,control_input,0,,0,
ils,sub-cp030,ses-20211025,level-01B,run-007,sub-cp030_ses-20211025_level-01B_run-007,task-ils/sub-cp030/ses-20211025/level-01B_run-007,20,20,11,11,True,True,task-ils/sub-cp030/ses-20211025/level-01B_run-007/sub-cp030_ses-20211025_ocuevts_level-01B_run-007.csv;task-ils/sub-cp030/ses-20211025/level-01B_run-007/sub-cp030_ses-20211025_task-ils_stream-lslhtcviveeye_feat-chunk_level-01B_run-007_dat.csv,True,task-ils/sub-cp030/ses-20211025/level-01B_run-007/sub-cp030_ses-20211025_task-ils_stream-lslshimmerecg_feat-chunk_level-01B_run-007_dat.csv,True,task-ils/sub-cp030/ses-20211025/level-01B_run-007/sub-cp030_ses-20211025_task-ils_stream-lslshimmereda_feat-chunk_level-01B_run-007_dat.csv,True,task-ils/sub-cp030/ses-20211025/level-01B_run-007/sub-cp030_ses-20211025_task-ils_stream-lslshimmeremg_feat-chunk_level-01B_run-007_dat.csv,True,task-ils/sub-cp030/ses-20211025/level-01B_run-007/sub-cp030_ses-20211025_task-ils_stream-lslrespitrace_feat-chunk_level-01B_run-007_dat.csv;task-ils/sub-cp030/ses-20211025/level-01B_run-007/sub-cp030_ses-20211025_task-ils_stream-lslshimmerresp_feat-chunk_level-01B_run-007_dat.csv,True,task-ils/sub-cp030/ses-20211025/level-01B_run-007/sub-cp030_ses-20211025_task-ils_stream-lslxp11xpcplt_feat-chunk_level-01B_run-007_dat.csv,True,task-ils/sub-cp030/ses-20211025/level-01B_run-007/sub-cp030_ses-20211025_task-ils_stream-lslxp11xpcac_feat-chunk_level-01B_run-007_dat.csv,True,task-ils/sub-cp030/ses-20211025/level-01B_run-007/sub-cp030_ses-20211025_task-ils_stream-lslxp11_feat-perfmetric_level-01B_run-007.csv,True,task-ils/sub-cp030/ses-20211025/level-01B_run-007/sub-cp030_ses-20211025_task-ils_stream-lslshimmertorsoacc_feat-chunk_level-01B_run-007_dat.csv,False,,9,ecg;eda;emg;eye_tracking;head_movement;performance;respiration;torso_body_accelerometer;xplane,control_input,0,,0,
ils,sub-cp030,ses-20211025,level-01B,run-012,sub-cp030_ses-20211025_level-01B_run-012,task-ils/sub-cp030/ses-20211025/level-01B_run-012,20,20,11,11,True,True,task-ils/sub-cp030/ses-20211025/level-01B_run-012/sub-cp030_ses-20211025_ocuevts_level-01B_run-012.csv;task-ils/sub-cp030/ses-20211025/level-01B_run-012/sub-cp030_ses-20211025_task-ils_stream-lslhtcviveeye_feat-chunk_level-01B_run-012_dat.csv,True,task-ils/sub-cp030/ses-20211025/level-01B_run-012/sub-cp030_ses-20211025_task-ils_stream-lslshimmerecg_feat-chunk_level-01B_run-012_dat.csv,True,task-ils/sub-cp030/ses-20211025/level-01B_run-012/sub-cp030_ses-20211025_task-ils_stream-lslshimmereda_feat-chunk_level-01B_run-012_dat.csv,True,task-ils/sub-cp030/ses-20211025/level-01B_run-012/sub-cp030_ses-20211025_task-ils_stream-lslshimmeremg_feat-chunk_level-01B_run-012_dat.csv,True,task-ils/sub-cp030/ses-20211025/level-01B_run-012/sub-cp030_ses-20211025_task-ils_stream-lslrespitrace_feat-chunk_level-01B_run-012_dat.csv;task-ils/sub-cp030/ses-20211025/level-01B_run-012/sub-cp030_ses-20211025_task-ils_stream-lslshimmerresp_feat-chunk_level-01B_run-012_dat.csv,True,task-ils/sub-cp030/ses-20211025/level-01B_run-012/sub-cp030_ses-20211025_task-ils_stream-lslxp11xpcplt_feat-chunk_level-01B_run-012_dat.csv,True,task-ils/sub-cp030/ses-20211025/level-01B_run-012/sub-cp030_ses-20211025_task-ils_stream-lslxp11xpcac_feat-chunk_level-01B_run-012_dat.csv,True,task-ils/sub-cp030/ses-20211025/level-01B_run-012/sub-cp030_ses-20211025_task-ils_stream-lslxp11_feat-perfmetric_level-01B_run-012.csv,True,task-ils/sub-cp030/ses-20211025/level-01B_run-012/sub-cp030_ses-20211025_task-ils_stream-lslshimmertorsoacc_feat-chunk_level-01B_run-012_dat.csv,False,,9,ecg;eda;emg;eye_tracking;head_movement;performance;respiration;torso_body_accelerometer;xplane,control_input,0,,0,
ils,sub-cp030,ses-20211025,level-02B,run-003,sub-cp030_ses-20211025_level-02B_run-003,task-ils/sub-cp030/ses-20211025/level-02B_run-003,20,20,11,11,True,True,task-ils/sub-cp030/ses-20211025/level-02B_run-003/sub-cp030_ses-20211025_ocuevts_level-02B_run-003.csv;task-ils/sub-cp030/ses-20211025/level-02B_run-003/sub-cp030_ses-20211025_task-ils_stream-lslhtcviveeye_feat-chunk_level-02B_run-003_dat.csv,True,task-ils/sub-cp030/ses-20211025/level-02B_run-003/sub-cp030_ses-20211025_task-ils_stream-lslshimmerecg_feat-chunk_level-02B_run-003_dat.csv,True,task-ils/sub-cp030/ses-20211025/level-02B_run-003/sub-cp030_ses-20211025_task-ils_stream-lslshimmereda_feat-chunk_level-02B_run-003_dat.csv,True,task-ils/sub-cp030/ses-20211025/level-02B_run-003/sub-cp030_ses-20211025_task-ils_stream-lslshimmeremg_feat-chunk_level-02B_run-003_dat.csv,True,task-ils/sub-cp030/ses-20211025/level-02B_run-003/sub-cp030_ses-20211025_task-ils_stream-lslrespitrace_feat-chunk_level-02B_run-003_dat.csv;task-ils/sub-cp030/ses-20211025/level-02B_run-003/sub-cp030_ses-20211025_task-ils_stream-lslshimmerresp_feat-chunk_level-02B_run-003_dat.csv,True,task-ils/sub-cp030/ses-20211025/level-02B_run-003/sub-cp030_ses-20211025_task-ils_stream-lslxp11xpcplt_feat-chunk_level-02B_run-003_dat.csv,True,task-ils/sub-cp030/ses-20211025/level-02B_run-003/sub-cp030_ses-20211025_task-ils_stream-lslxp11xpcac_feat-chunk_level-02B_run-003_dat.csv,True,task-ils/sub-cp030/ses-20211025/level-02B_run-003/sub-cp030_ses-20211025_task-ils_stream-lslxp11_feat-perfmetric_level-02B_run-003.csv,True,task-ils/sub-cp030/ses-20211025/level-02B_run-003/sub-cp030_ses-20211025_task-ils_stream-lslshimmertorsoacc_feat-chunk_level-02B_run-003_dat.csv,False,,9,ecg;eda;emg;eye_tracking;head_movement;performance;respiration;torso_body_accelerometer;xplane,control_input,0,,0,
ils,sub-cp030,ses-20211025,level-02B,run-008,sub-cp030_ses-20211025_level-02B_run-008,task-ils/sub-cp030/ses-20211025/level-02B_run-008,20,20,11,11,True,True,task-ils/sub-cp030/ses-20211025/level-02B_run-008/sub-cp030_ses-20211025_ocuevts_level-02B_run-008.csv;task-ils/sub-cp030/ses-20211025/level-02B_run-008/sub-cp030_ses-20211025_task-ils_stream-lslhtcviveeye_feat-chunk_level-02B_run-008_dat.csv,True,task-ils/sub-cp030/ses-20211025/level-02B_run-008/sub-cp030_ses-20211025_task-ils_stream-lslshimmerecg_feat-chunk_level-02B_run-008_dat.csv,True,task-ils/sub-cp030/ses-20211025/level-02B_run-008/sub-cp030_ses-20211025_task-ils_stream-lslshimmereda_feat-chunk_level-02B_run-008_dat.csv,True,task-ils/sub-cp030/ses-20211025/level-02B_run-008/sub-cp030_ses-20211025_task-ils_stream-lslshimmeremg_feat-chunk_level-02B_run-008_dat.csv,True,task-ils/sub-cp030/ses-20211025/level-02B_run-008/sub-cp030_ses-20211025_task-ils_stream-lslrespitrace_feat-chunk_level-02B_run-008_dat.csv;task-ils/sub-cp030/ses-20211025/level-02B_run-008/sub-cp030_ses-20211025_task-ils_stream-lslshimmerresp_feat-chunk_level-02B_run-008_dat.csv,True,task-ils/sub-cp030/ses-20211025/level-02B_run-008/sub-cp030_ses-20211025_task-ils_stream-lslxp11xpcplt_feat-chunk_level-02B_run-008_dat.csv,True,task-ils/sub-cp030/ses-20211025/level-02B_run-008/sub-cp030_ses-20211025_task-ils_stream-lslxp11xpcac_feat-chunk_level-02B_run-008_dat.csv,True,task-ils/sub-cp030/ses-20211025/level-02B_run-008/sub-cp030_ses-20211025_task-ils_stream-lslxp11_feat-perfmetric_level-02B_run-008.csv,True,task-ils/sub-cp030/ses-20211025/level-02B_run-008/sub-cp030_ses-20211025_task-ils_stream-lslshimmertorsoacc_feat-chunk_level-02B_run-008_dat.csv,False,,9,ecg;eda;emg;eye_tracking;head_movement;performance;respiration;torso_body_accelerometer;xplane,control_input,0,,0,
ils,sub-cp030,ses-20211025,level-02B,run-010,sub-cp030_ses-20211025_level-02B_run-010,task-ils/sub-cp030/ses-20211025/level-02B_run-010,20,20,11,11,True,True,task-ils/sub-cp030/ses-20211025/level-02B_run-010/sub-cp030_ses-20211025_ocuevts_level-02B_run-010.csv;task-ils/sub-cp030/ses-20211025/level-02B_run-010/sub-cp030_ses-20211025_task-ils_stream-lslhtcviveeye_feat-chunk_level-02B_run-010_dat.csv,True,task-ils/sub-cp030/ses-20211025/level-02B_run-010/sub-cp030_ses-20211025_task-ils_stream-lslshimmerecg_feat-chunk_level-02B_run-010_dat.csv,True,task-ils/sub-cp030/ses-20211025/level-02B_run-010/sub-cp030_ses-20211025_task-ils_stream-lslshimmereda_feat-chunk_level-02B_run-010_dat.csv,True,task-ils/sub-cp030/ses-20211025/level-02B_run-010/sub-cp030_ses-20211025_task-ils_stream-lslshimmeremg_feat-chunk_level-02B_run-010_dat.csv,True,task-ils/sub-cp030/ses-20211025/level-02B_run-010/sub-cp030_ses-20211025_task-ils_stream-lslrespitrace_feat-chunk_level-02B_run-010_dat.csv;task-ils/sub-cp030/ses-20211025/level-02B_run-010/sub-cp030_ses-20211025_task-ils_stream-lslshimmerresp_feat-chunk_level-02B_run-010_dat.csv,True,task-ils/sub-cp030/ses-20211025/level-02B_run-010/sub-cp030_ses-20211025_task-ils_stream-lslxp11xpcplt_feat-chunk_level-02B_run-010_dat.csv,True,task-ils/sub-cp030/ses-20211025/level-02B_run-010/sub-cp030_ses-20211025_task-ils_stream-lslxp11xpcac_feat-chunk_level-02B_run-010_dat.csv,True,task-ils/sub-cp030/ses-20211025/level-02B_run-010/sub-cp030_ses-20211025_task-ils_stream-lslxp11_feat-perfmetric_level-02B_run-010.csv,True,task-ils/sub-cp030/ses-20211025/level-02B_run-010/sub-cp030_ses-20211025_task-ils_stream-lslshimmertorsoacc_feat-chunk_level-02B_run-010_dat.csv,False,,9,ecg;eda;emg;eye_tracking;head_movement;performance;respiration;torso_body_accelerometer;xplane,control_input,0,,0,
ils,sub-cp030,ses-20211025,level-03B,run-002,sub-cp030_ses-20211025_level-03B_run-002,task-ils/sub-cp030/ses-20211025/level-03B_run-002,20,20,11,11,True,True,task-ils/sub-cp030/ses-20211025/level-03B_run-002/sub-cp030_ses-20211025_ocuevts_level-03B_run-002.csv;task-ils/sub-cp030/ses-20211025/level-03B_run-002/sub-cp030_ses-20211025_task-ils_stream-lslhtcviveeye_feat-chunk_level-03B_run-002_dat.csv,True,task-ils/sub-cp030/ses-20211025/level-03B_run-002/sub-cp030_ses-20211025_task-ils_stream-lslshimmerecg_feat-chunk_level-03B_run-002_dat.csv,True,task-ils/sub-cp030/ses-20211025/level-03B_run-002/sub-cp030_ses-20211025_task-ils_stream-lslshimmereda_feat-chunk_level-03B_run-002_dat.csv,True,task-ils/sub-cp030/ses-20211025/level-03B_run-002/sub-cp030_ses-20211025_task-ils_stream-lslshimmeremg_feat-chunk_level-03B_run-002_dat.csv,True,task-ils/sub-cp030/ses-20211025/level-03B_run-002/sub-cp030_ses-20211025_task-ils_stream-lslrespitrace_feat-chunk_level-03B_run-002_dat.csv;task-ils/sub-cp030/ses-20211025/level-03B_run-002/sub-cp030_ses-20211025_task-ils_stream-lslshimmerresp_feat-chunk_level-03B_run-002_dat.csv,True,task-ils/sub-cp030/ses-20211025/level-03B_run-002/sub-cp030_ses-20211025_task-ils_stream-lslxp11xpcplt_feat-chunk_level-03B_run-002_dat.csv,True,task-ils/sub-cp030/ses-20211025/level-03B_run-002/sub-cp030_ses-20211025_task-ils_stream-lslxp11xpcac_feat-chunk_level-03B_run-002_dat.csv,True,task-ils/sub-cp030/ses-20211025/level-03B_run-002/sub-cp030_ses-20211025_task-ils_stream-lslxp11_feat-perfmetric_level-03B_run-002.csv,True,task-ils/sub-cp030/ses-20211025/level-03B_run-002/sub-cp030_ses-20211025_task-ils_stream-lslshimmertorsoacc_feat-chunk_level-03B_run-002_dat.csv,False,,9,ecg;eda;emg;eye_tracking;head_movement;performance;respiration;torso_body_accelerometer;xplane,control_input,0,,0,
ils,sub-cp030,ses-20211025,level-03B,run-011,sub-cp030_ses-20211025_level-03B_run-011,task-ils/sub-cp030/ses-20211025/level-03B_run-011,20,20,11,11,True,True,task-ils/sub-cp030/ses-20211025/level-03B_run-011/sub-cp030_ses-20211025_ocuevts_level-03B_run-011.csv;task-ils/sub-cp030/ses-20211025/level-03B_run-011/sub-cp030_ses-20211025_task-ils_stream-lslhtcviveeye_feat-chunk_level-03B_run-011_dat.csv,True,task-ils/sub-cp030/ses-20211025/level-03B_run-011/sub-cp030_ses-20211025_task-ils_stream-lslshimmerecg_feat-chunk_level-03B_run-011_dat.csv,True,task-ils/sub-cp030/ses-20211025/level-03B_run-011/sub-cp030_ses-20211025_task-ils_stream-lslshimmereda_feat-chunk_level-03B_run-011_dat.csv,True,task-ils/sub-cp030/ses-20211025/level-03B_run-011/sub-cp030_ses-20211025_task-ils_stream-lslshimmeremg_feat-chunk_level-03B_run-011_dat.csv,True,task-ils/sub-cp030/ses-20211025/level-03B_run-011/sub-cp030_ses-20211025_task-ils_stream-lslrespitrace_feat-chunk_level-03B_run-011_dat.csv;task-ils/sub-cp030/ses-20211025/level-03B_run-011/sub-cp030_ses-20211025_task-ils_stream-lslshimmerresp_feat-chunk_level-03B_run-011_dat.csv,True,task-ils/sub-cp030/ses-20211025/level-03B_run-011/sub-cp030_ses-20211025_task-ils_stream-lslxp11xpcplt_feat-chunk_level-03B_run-011_dat.csv,True,task-ils/sub-cp030/ses-20211025/level-03B_run-011/sub-cp030_ses-20211025_task-ils_stream-lslxp11xpcac_feat-chunk_level-03B_run-011_dat.csv,True,task-ils/sub-cp030/ses-20211025/level-03B_run-011/sub-cp030_ses-20211025_task-ils_stream-lslxp11_feat-perfmetric_level-03B_run-011.csv,True,task-ils/sub-cp030/ses-20211025/level-03B_run-011/sub-cp030_ses-20211025_task-ils_stream-lslshimmertorsoacc_feat-chunk_level-03B_run-011_dat.csv,False,,9,ecg;eda;emg;eye_tracking;head_movement;performance;respiration;torso_body_accelerometer;xplane,control_input,0,,0,
ils,sub-cp030,ses-20211025,level-04B,run-004,sub-cp030_ses-20211025_level-04B_run-004,task-ils/sub-cp030/ses-20211025/level-04B_run-004,20,20,11,11,True,True,task-ils/sub-cp030/ses-20211025/level-04B_run-004/sub-cp030_ses-20211025_ocuevts_level-04B_run-004.csv;task-ils/sub-cp030/ses-20211025/level-04B_run-004/sub-cp030_ses-20211025_task-ils_stream-lslhtcviveeye_feat-chunk_level-04B_run-004_dat.csv,True,task-ils/sub-cp030/ses-20211025/level-04B_run-004/sub-cp030_ses-20211025_task-ils_stream-lslshimmerecg_feat-chunk_level-04B_run-004_dat.csv,True,task-ils/sub-cp030/ses-20211025/level-04B_run-004/sub-cp030_ses-20211025_task-ils_stream-lslshimmereda_feat-chunk_level-04B_run-004_dat.csv,True,task-ils/sub-cp030/ses-20211025/level-04B_run-004/sub-cp030_ses-20211025_task-ils_stream-lslshimmeremg_feat-chunk_level-04B_run-004_dat.csv,True,task-ils/sub-cp030/ses-20211025/level-04B_run-004/sub-cp030_ses-20211025_task-ils_stream-lslrespitrace_feat-chunk_level-04B_run-004_dat.csv;task-ils/sub-cp030/ses-20211025/level-04B_run-004/sub-cp030_ses-20211025_task-ils_stream-lslshimmerresp_feat-chunk_level-04B_run-004_dat.csv,True,task-ils/sub-cp030/ses-20211025/level-04B_run-004/sub-cp030_ses-20211025_task-ils_stream-lslxp11xpcplt_feat-chunk_level-04B_run-004_dat.csv,True,task-ils/sub-cp030/ses-20211025/level-04B_run-004/sub-cp030_ses-20211025_task-ils_stream-lslxp11xpcac_feat-chunk_level-04B_run-004_dat.csv,True,task-ils/sub-cp030/ses-20211025/level-04B_run-004/sub-cp030_ses-20211025_task-ils_stream-lslxp11_feat-perfmetric_level-04B_run-004.csv,True,task-ils/sub-cp030/ses-20211025/level-04B_run-004/sub-cp030_ses-20211025_task-ils_stream-lslshimmertorsoacc_feat-chunk_level-04B_run-004_dat.csv,False,,9,ecg;eda;emg;eye_tracking;head_movement;performance;respiration;torso_body_accelerometer;xplane,control_input,0,,0,
ils,sub-cp030,ses-20211025,level-04B,run-006,sub-cp030_ses-20211025_level-04B_run-006,task-ils/sub-cp030/ses-20211025/level-04B_run-006,20,20,11,11,True,True,task-ils/sub-cp030/ses-20211025/level-04B_run-006/sub-cp030_ses-20211025_ocuevts_level-04B_run-006.csv;task-ils/sub-cp030/ses-20211025/level-04B_run-006/sub-cp030_ses-20211025_task-ils_stream-lslhtcviveeye_feat-chunk_level-04B_run-006_dat.csv,True,task-ils/sub-cp030/ses-20211025/level-04B_run-006/sub-cp030_ses-20211025_task-ils_stream-lslshimmerecg_feat-chunk_level-04B_run-006_dat.csv,True,task-ils/sub-cp030/ses-20211025/level-04B_run-006/sub-cp030_ses-20211025_task-ils_stream-lslshimmereda_feat-chunk_level-04B_run-006_dat.csv,True,task-ils/sub-cp030/ses-20211025/level-04B_run-006/sub-cp030_ses-20211025_task-ils_stream-lslshimmeremg_feat-chunk_level-04B_run-006_dat.csv,True,task-ils/sub-cp030/ses-20211025/level-04B_run-006/sub-cp030_ses-20211025_task-ils_stream-lslrespitrace_feat-chunk_level-04B_run-006_dat.csv;task-ils/sub-cp030/ses-20211025/level-04B_run-006/sub-cp030_ses-20211025_task-ils_stream-lslshimmerresp_feat-chunk_level-04B_run-006_dat.csv,True,task-ils/sub-cp030/ses-20211025/level-04B_run-006/sub-cp030_ses-20211025_task-ils_stream-lslxp11xpcplt_feat-chunk_level-04B_run-006_dat.csv,True,task-ils/sub-cp030/ses-20211025/level-04B_run-006/sub-cp030_ses-20211025_task-ils_stream-lslxp11xpcac_feat-chunk_level-04B_run-006_dat.csv,True,task-ils/sub-cp030/ses-20211025/level-04B_run-006/sub-cp030_ses-20211025_task-ils_stream-lslxp11_feat-perfmetric_level-04B_run-006.csv,True,task-ils/sub-cp030/ses-20211025/level-04B_run-006/sub-cp030_ses-20211025_task-ils_stream-lslshimmertorsoacc_feat-chunk_level-04B_run-006_dat.csv,False,,9,ecg;eda;emg;eye_tracking;head_movement;performance;respiration;torso_body_accelerometer;xplane,control_input,0,,0,
ils,sub-cp030,ses-20211025,level-04B,run-009,sub-cp030_ses-20211025_level-04B_run-009,task-ils/sub-cp030/ses-20211025/level-04B_run-009,20,20,11,11,True,True,task-ils/sub-cp030/ses-20211025/level-04B_run-009/sub-cp030_ses-20211025_ocuevts_level-04B_run-009.csv;task-ils/sub-cp030/ses-20211025/level-04B_run-009/sub-cp030_ses-20211025_task-ils_stream-lslhtcviveeye_feat-chunk_level-04B_run-009_dat.csv,True,task-ils/sub-cp030/ses-20211025/level-04B_run-009/sub-cp030_ses-20211025_task-ils_stream-lslshimmerecg_feat-chunk_level-04B_run-009_dat.csv,True,task-ils/sub-cp030/ses-20211025/level-04B_run-009/sub-cp030_ses-20211025_task-ils_stream-lslshimmereda_feat-chunk_level-04B_run-009_dat.csv,True,task-ils/sub-cp030/ses-20211025/level-04B_run-009/sub-cp030_ses-20211025_task-ils_stream-lslshimmeremg_feat-chunk_level-04B_run-009_dat.csv,True,task-ils/sub-cp030/ses-20211025/level-04B_run-009/sub-cp030_ses-20211025_task-ils_stream-lslrespitrace_feat-chunk_level-04B_run-009_dat.csv;task-ils/sub-cp030/ses-20211025/level-04B_run-009/sub-cp030_ses-20211025_task-ils_stream-lslshimmerresp_feat-chunk_level-04B_run-009_dat.csv,True,task-ils/sub-cp030/ses-20211025/level-04B_run-009/sub-cp030_ses-20211025_task-ils_stream-lslxp11xpcplt_feat-chunk_level-04B_run-009_dat.csv,True,task-ils/sub-cp030/ses-20211025/level-04B_run-009/sub-cp030_ses-20211025_task-ils_stream-lslxp11xpcac_feat-chunk_level-04B_run-009_dat.csv,True,task-ils/sub-cp030/ses-20211025/level-04B_run-009/sub-cp030_ses-20211025_task-ils_stream-lslxp11_feat-perfmetric_level-04B_run-009.csv,True,task-ils/sub-cp030/ses-20211025/level-04B_run-009/sub-cp030_ses-20211025_task-ils_stream-lslshimmertorsoacc_feat-chunk_level-04B_run-009_dat.csv,False,,9,ecg;eda;emg;eye_tracking;head_movement;performance;respiration;torso_body_accelerometer;xplane,control_input,0,,0,
ils,sub-cp031,ses-20211216,level-01B,run-001,sub-cp031_ses-20211216_level-01B_run-001,task-ils/sub-cp031/ses-20211216/level-01B_run-001,20,20,11,11,True,True,task-ils/sub-cp031/ses-20211216/level-01B_run-001/sub-cp031_ses-20211216_ocuevts_level-01B_run-001.csv;task-ils/sub-cp031/ses-20211216/level-01B_run-001/sub-cp031_ses-20211216_task-ils_stream-lslhtcviveeye_feat-chunk_level-01B_run-001_dat.csv,True,task-ils/sub-cp031/ses-20211216/level-01B_run-001/sub-cp031_ses-20211216_task-ils_stream-lslshimmerecg_feat-chunk_level-01B_run-001_dat.csv,True,task-ils/sub-cp031/ses-20211216/level-01B_run-001/sub-cp031_ses-20211216_task-ils_stream-lslshimmereda_feat-chunk_level-01B_run-001_dat.csv,True,task-ils/sub-cp031/ses-20211216/level-01B_run-001/sub-cp031_ses-20211216_task-ils_stream-lslshimmeremg_feat-chunk_level-01B_run-001_dat.csv,True,task-ils/sub-cp031/ses-20211216/level-01B_run-001/sub-cp031_ses-20211216_task-ils_stream-lslrespitrace_feat-chunk_level-01B_run-001_dat.csv;task-ils/sub-cp031/ses-20211216/level-01B_run-001/sub-cp031_ses-20211216_task-ils_stream-lslshimmerresp_feat-chunk_level-01B_run-001_dat.csv,True,task-ils/sub-cp031/ses-20211216/level-01B_run-001/sub-cp031_ses-20211216_task-ils_stream-lslxp11xpcplt_feat-chunk_level-01B_run-001_dat.csv,True,task-ils/sub-cp031/ses-20211216/level-01B_run-001/sub-cp031_ses-20211216_task-ils_stream-lslxp11xpcac_feat-chunk_level-01B_run-001_dat.csv,True,task-ils/sub-cp031/ses-20211216/level-01B_run-001/sub-cp031_ses-20211216_task-ils_stream-lslxp11_feat-perfmetric_level-01B_run-001.csv,True,task-ils/sub-cp031/ses-20211216/level-01B_run-001/sub-cp031_ses-20211216_task-ils_stream-lslshimmertorsoacc_feat-chunk_level-01B_run-001_dat.csv,False,,9,ecg;eda;emg;eye_tracking;head_movement;performance;respiration;torso_body_accelerometer;xplane,control_input,0,,0,
ils,sub-cp031,ses-20211216,level-01B,run-007,sub-cp031_ses-20211216_level-01B_run-007,task-ils/sub-cp031/ses-20211216/level-01B_run-007,20,20,11,11,True,True,task-ils/sub-cp031/ses-20211216/level-01B_run-007/sub-cp031_ses-20211216_ocuevts_level-01B_run-007.csv;task-ils/sub-cp031/ses-20211216/level-01B_run-007/sub-cp031_ses-20211216_task-ils_stream-lslhtcviveeye_feat-chunk_level-01B_run-007_dat.csv,True,task-ils/sub-cp031/ses-20211216/level-01B_run-007/sub-cp031_ses-20211216_task-ils_stream-lslshimmerecg_feat-chunk_level-01B_run-007_dat.csv,True,task-ils/sub-cp031/ses-20211216/level-01B_run-007/sub-cp031_ses-20211216_task-ils_stream-lslshimmereda_feat-chunk_level-01B_run-007_dat.csv,True,task-ils/sub-cp031/ses-20211216/level-01B_run-007/sub-cp031_ses-20211216_task-ils_stream-lslshimmeremg_feat-chunk_level-01B_run-007_dat.csv,True,task-ils/sub-cp031/ses-20211216/level-01B_run-007/sub-cp031_ses-20211216_task-ils_stream-lslrespitrace_feat-chunk_level-01B_run-007_dat.csv;task-ils/sub-cp031/ses-20211216/level-01B_run-007/sub-cp031_ses-20211216_task-ils_stream-lslshimmerresp_feat-chunk_level-01B_run-007_dat.csv,True,task-ils/sub-cp031/ses-20211216/level-01B_run-007/sub-cp031_ses-20211216_task-ils_stream-lslxp11xpcplt_feat-chunk_level-01B_run-007_dat.csv,True,task-ils/sub-cp031/ses-20211216/level-01B_run-007/sub-cp031_ses-20211216_task-ils_stream-lslxp11xpcac_feat-chunk_level-01B_run-007_dat.csv,True,task-ils/sub-cp031/ses-20211216/level-01B_run-007/sub-cp031_ses-20211216_task-ils_stream-lslxp11_feat-perfmetric_level-01B_run-007.csv,True,task-ils/sub-cp031/ses-20211216/level-01B_run-007/sub-cp031_ses-20211216_task-ils_stream-lslshimmertorsoacc_feat-chunk_level-01B_run-007_dat.csv,False,,9,ecg;eda;emg;eye_tracking;head_movement;performance;respiration;torso_body_accelerometer;xplane,control_input,0,,0,
ils,sub-cp031,ses-20211216,level-02B,run-003,sub-cp031_ses-20211216_level-02B_run-003,task-ils/sub-cp031/ses-20211216/level-02B_run-003,20,20,11,11,True,True,task-ils/sub-cp031/ses-20211216/level-02B_run-003/sub-cp031_ses-20211216_ocuevts_level-02B_run-003.csv;task-ils/sub-cp031/ses-20211216/level-02B_run-003/sub-cp031_ses-20211216_task-ils_stream-lslhtcviveeye_feat-chunk_level-02B_run-003_dat.csv,True,task-ils/sub-cp031/ses-20211216/level-02B_run-003/sub-cp031_ses-20211216_task-ils_stream-lslshimmerecg_feat-chunk_level-02B_run-003_dat.csv,True,task-ils/sub-cp031/ses-20211216/level-02B_run-003/sub-cp031_ses-20211216_task-ils_stream-lslshimmereda_feat-chunk_level-02B_run-003_dat.csv,True,task-ils/sub-cp031/ses-20211216/level-02B_run-003/sub-cp031_ses-20211216_task-ils_stream-lslshimmeremg_feat-chunk_level-02B_run-003_dat.csv,True,task-ils/sub-cp031/ses-20211216/level-02B_run-003/sub-cp031_ses-20211216_task-ils_stream-lslrespitrace_feat-chunk_level-02B_run-003_dat.csv;task-ils/sub-cp031/ses-20211216/level-02B_run-003/sub-cp031_ses-20211216_task-ils_stream-lslshimmerresp_feat-chunk_level-02B_run-003_dat.csv,True,task-ils/sub-cp031/ses-20211216/level-02B_run-003/sub-cp031_ses-20211216_task-ils_stream-lslxp11xpcplt_feat-chunk_level-02B_run-003_dat.csv,True,task-ils/sub-cp031/ses-20211216/level-02B_run-003/sub-cp031_ses-20211216_task-ils_stream-lslxp11xpcac_feat-chunk_level-02B_run-003_dat.csv,True,task-ils/sub-cp031/ses-20211216/level-02B_run-003/sub-cp031_ses-20211216_task-ils_stream-lslxp11_feat-perfmetric_level-02B_run-003.csv,True,task-ils/sub-cp031/ses-20211216/level-02B_run-003/sub-cp031_ses-20211216_task-ils_stream-lslshimmertorsoacc_feat-chunk_level-02B_run-003_dat.csv,False,,9,ecg;eda;emg;eye_tracking;head_movement;performance;respiration;torso_body_accelerometer;xplane,control_input,0,,0,
ils,sub-cp031,ses-20211216,level-02B,run-008,sub-cp031_ses-20211216_level-02B_run-008,task-ils/sub-cp031/ses-20211216/level-02B_run-008,20,20,11,11,True,True,task-ils/sub-cp031/ses-20211216/level-02B_run-008/sub-cp031_ses-20211216_ocuevts_level-02B_run-008.csv;task-ils/sub-cp031/ses-20211216/level-02B_run-008/sub-cp031_ses-20211216_task-ils_stream-lslhtcviveeye_feat-chunk_level-02B_run-008_dat.csv,True,task-ils/sub-cp031/ses-20211216/level-02B_run-008/sub-cp031_ses-20211216_task-ils_stream-lslshimmerecg_feat-chunk_level-02B_run-008_dat.csv,True,task-ils/sub-cp031/ses-20211216/level-02B_run-008/sub-cp031_ses-20211216_task-ils_stream-lslshimmereda_feat-chunk_level-02B_run-008_dat.csv,True,task-ils/sub-cp031/ses-20211216/level-02B_run-008/sub-cp031_ses-20211216_task-ils_stream-lslshimmeremg_feat-chunk_level-02B_run-008_dat.csv,True,task-ils/sub-cp031/ses-20211216/level-02B_run-008/sub-cp031_ses-20211216_task-ils_stream-lslrespitrace_feat-chunk_level-02B_run-008_dat.csv;task-ils/sub-cp031/ses-20211216/level-02B_run-008/sub-cp031_ses-20211216_task-ils_stream-lslshimmerresp_feat-chunk_level-02B_run-008_dat.csv,True,task-ils/sub-cp031/ses-20211216/level-02B_run-008/sub-cp031_ses-20211216_task-ils_stream-lslxp11xpcplt_feat-chunk_level-02B_run-008_dat.csv,True,task-ils/sub-cp031/ses-20211216/level-02B_run-008/sub-cp031_ses-20211216_task-ils_stream-lslxp11xpcac_feat-chunk_level-02B_run-008_dat.csv,True,task-ils/sub-cp031/ses-20211216/level-02B_run-008/sub-cp031_ses-20211216_task-ils_stream-lslxp11_feat-perfmetric_level-02B_run-008.csv,True,task-ils/sub-cp031/ses-20211216/level-02B_run-008/sub-cp031_ses-20211216_task-ils_stream-lslshimmertorsoacc_feat-chunk_level-02B_run-008_dat.csv,False,,9,ecg;eda;emg;eye_tracking;head_movement;performance;respiration;torso_body_accelerometer;xplane,control_input,0,,0,
ils,sub-cp031,ses-20211216,level-02B,run-010,sub-cp031_ses-20211216_level-02B_run-010,task-ils/sub-cp031/ses-20211216/level-02B_run-010,20,20,11,11,True,True,task-ils/sub-cp031/ses-20211216/level-02B_run-010/sub-cp031_ses-20211216_ocuevts_level-02B_run-010.csv;task-ils/sub-cp031/ses-20211216/level-02B_run-010/sub-cp031_ses-20211216_task-ils_stream-lslhtcviveeye_feat-chunk_level-02B_run-010_dat.csv,True,task-ils/sub-cp031/ses-20211216/level-02B_run-010/sub-cp031_ses-20211216_task-ils_stream-lslshimmerecg_feat-chunk_level-02B_run-010_dat.csv,True,task-ils/sub-cp031/ses-20211216/level-02B_run-010/sub-cp031_ses-20211216_task-ils_stream-lslshimmereda_feat-chunk_level-02B_run-010_dat.csv,True,task-ils/sub-cp031/ses-20211216/level-02B_run-010/sub-cp031_ses-20211216_task-ils_stream-lslshimmeremg_feat-chunk_level-02B_run-010_dat.csv,True,task-ils/sub-cp031/ses-20211216/level-02B_run-010/sub-cp031_ses-20211216_task-ils_stream-lslrespitrace_feat-chunk_level-02B_run-010_dat.csv;task-ils/sub-cp031/ses-20211216/level-02B_run-010/sub-cp031_ses-20211216_task-ils_stream-lslshimmerresp_feat-chunk_level-02B_run-010_dat.csv,True,task-ils/sub-cp031/ses-20211216/level-02B_run-010/sub-cp031_ses-20211216_task-ils_stream-lslxp11xpcplt_feat-chunk_level-02B_run-010_dat.csv,True,task-ils/sub-cp031/ses-20211216/level-02B_run-010/sub-cp031_ses-20211216_task-ils_stream-lslxp11xpcac_feat-chunk_level-02B_run-010_dat.csv,True,task-ils/sub-cp031/ses-20211216/level-02B_run-010/sub-cp031_ses-20211216_task-ils_stream-lslxp11_feat-perfmetric_level-02B_run-010.csv,True,task-ils/sub-cp031/ses-20211216/level-02B_run-010/sub-cp031_ses-20211216_task-ils_stream-lslshimmertorsoacc_feat-chunk_level-02B_run-010_dat.csv,False,,9,ecg;eda;emg;eye_tracking;head_movement;performance;respiration;torso_body_accelerometer;xplane,control_input,0,,0,
ils,sub-cp031,ses-20211216,level-02B,run-012,sub-cp031_ses-20211216_level-02B_run-012,task-ils/sub-cp031/ses-20211216/level-02B_run-012,20,20,11,11,True,True,task-ils/sub-cp031/ses-20211216/level-02B_run-012/sub-cp031_ses-20211216_ocuevts_level-02B_run-012.csv;task-ils/sub-cp031/ses-20211216/level-02B_run-012/sub-cp031_ses-20211216_task-ils_stream-lslhtcviveeye_feat-chunk_level-02B_run-012_dat.csv,True,task-ils/sub-cp031/ses-20211216/level-02B_run-012/sub-cp031_ses-20211216_task-ils_stream-lslshimmerecg_feat-chunk_level-02B_run-012_dat.csv,True,task-ils/sub-cp031/ses-20211216/level-02B_run-012/sub-cp031_ses-20211216_task-ils_stream-lslshimmereda_feat-chunk_level-02B_run-012_dat.csv,True,task-ils/sub-cp031/ses-20211216/level-02B_run-012/sub-cp031_ses-20211216_task-ils_stream-lslshimmeremg_feat-chunk_level-02B_run-012_dat.csv,True,task-ils/sub-cp031/ses-20211216/level-02B_run-012/sub-cp031_ses-20211216_task-ils_stream-lslrespitrace_feat-chunk_level-02B_run-012_dat.csv;task-ils/sub-cp031/ses-20211216/level-02B_run-012/sub-cp031_ses-20211216_task-ils_stream-lslshimmerresp_feat-chunk_level-02B_run-012_dat.csv,True,task-ils/sub-cp031/ses-20211216/level-02B_run-012/sub-cp031_ses-20211216_task-ils_stream-lslxp11xpcplt_feat-chunk_level-02B_run-012_dat.csv,True,task-ils/sub-cp031/ses-20211216/level-02B_run-012/sub-cp031_ses-20211216_task-ils_stream-lslxp11xpcac_feat-chunk_level-02B_run-012_dat.csv,True,task-ils/sub-cp031/ses-20211216/level-02B_run-012/sub-cp031_ses-20211216_task-ils_stream-lslxp11_feat-perfmetric_level-02B_run-012.csv,True,task-ils/sub-cp031/ses-20211216/level-02B_run-012/sub-cp031_ses-20211216_task-ils_stream-lslshimmertorsoacc_feat-chunk_level-02B_run-012_dat.csv,False,,9,ecg;eda;emg;eye_tracking;head_movement;performance;respiration;torso_body_accelerometer;xplane,control_input,0,,0,
ils,sub-cp031,ses-20211216,level-03B,run-002,sub-cp031_ses-20211216_level-03B_run-002,task-ils/sub-cp031/ses-20211216/level-03B_run-002,20,20,11,11,True,True,task-ils/sub-cp031/ses-20211216/level-03B_run-002/sub-cp031_ses-20211216_ocuevts_level-03B_run-002.csv;task-ils/sub-cp031/ses-20211216/level-03B_run-002/sub-cp031_ses-20211216_task-ils_stream-lslhtcviveeye_feat-chunk_level-03B_run-002_dat.csv,True,task-ils/sub-cp031/ses-20211216/level-03B_run-002/sub-cp031_ses-20211216_task-ils_stream-lslshimmerecg_feat-chunk_level-03B_run-002_dat.csv,True,task-ils/sub-cp031/ses-20211216/level-03B_run-002/sub-cp031_ses-20211216_task-ils_stream-lslshimmereda_feat-chunk_level-03B_run-002_dat.csv,True,task-ils/sub-cp031/ses-20211216/level-03B_run-002/sub-cp031_ses-20211216_task-ils_stream-lslshimmeremg_feat-chunk_level-03B_run-002_dat.csv,True,task-ils/sub-cp031/ses-20211216/level-03B_run-002/sub-cp031_ses-20211216_task-ils_stream-lslrespitrace_feat-chunk_level-03B_run-002_dat.csv;task-ils/sub-cp031/ses-20211216/level-03B_run-002/sub-cp031_ses-20211216_task-ils_stream-lslshimmerresp_feat-chunk_level-03B_run-002_dat.csv,True,task-ils/sub-cp031/ses-20211216/level-03B_run-002/sub-cp031_ses-20211216_task-ils_stream-lslxp11xpcplt_feat-chunk_level-03B_run-002_dat.csv,True,task-ils/sub-cp031/ses-20211216/level-03B_run-002/sub-cp031_ses-20211216_task-ils_stream-lslxp11xpcac_feat-chunk_level-03B_run-002_dat.csv,True,task-ils/sub-cp031/ses-20211216/level-03B_run-002/sub-cp031_ses-20211216_task-ils_stream-lslxp11_feat-perfmetric_level-03B_run-002.csv,True,task-ils/sub-cp031/ses-20211216/level-03B_run-002/sub-cp031_ses-20211216_task-ils_stream-lslshimmertorsoacc_feat-chunk_level-03B_run-002_dat.csv,False,,9,ecg;eda;emg;eye_tracking;head_movement;performance;respiration;torso_body_accelerometer;xplane,control_input,0,,0,
ils,sub-cp031,ses-20211216,level-03B,run-005,sub-cp031_ses-20211216_level-03B_run-005,task-ils/sub-cp031/ses-20211216/level-03B_run-005,20,20,11,11,True,True,task-ils/sub-cp031/ses-20211216/level-03B_run-005/sub-cp031_ses-20211216_ocuevts_level-03B_run-005.csv;task-ils/sub-cp031/ses-20211216/level-03B_run-005/sub-cp031_ses-20211216_task-ils_stream-lslhtcviveeye_feat-chunk_level-03B_run-005_dat.csv,True,task-ils/sub-cp031/ses-20211216/level-03B_run-005/sub-cp031_ses-20211216_task-ils_stream-lslshimmerecg_feat-chunk_level-03B_run-005_dat.csv,True,task-ils/sub-cp031/ses-20211216/level-03B_run-005/sub-cp031_ses-20211216_task-ils_stream-lslshimmereda_feat-chunk_level-03B_run-005_dat.csv,True,task-ils/sub-cp031/ses-20211216/level-03B_run-005/sub-cp031_ses-20211216_task-ils_stream-lslshimmeremg_feat-chunk_level-03B_run-005_dat.csv,True,task-ils/sub-cp031/ses-20211216/level-03B_run-005/sub-cp031_ses-20211216_task-ils_stream-lslrespitrace_feat-chunk_level-03B_run-005_dat.csv;task-ils/sub-cp031/ses-20211216/level-03B_run-005/sub-cp031_ses-20211216_task-ils_stream-lslshimmerresp_feat-chunk_level-03B_run-005_dat.csv,True,task-ils/sub-cp031/ses-20211216/level-03B_run-005/sub-cp031_ses-20211216_task-ils_stream-lslxp11xpcplt_feat-chunk_level-03B_run-005_dat.csv,True,task-ils/sub-cp031/ses-20211216/level-03B_run-005/sub-cp031_ses-20211216_task-ils_stream-lslxp11xpcac_feat-chunk_level-03B_run-005_dat.csv,True,task-ils/sub-cp031/ses-20211216/level-03B_run-005/sub-cp031_ses-20211216_task-ils_stream-lslxp11_feat-perfmetric_level-03B_run-005.csv,True,task-ils/sub-cp031/ses-20211216/level-03B_run-005/sub-cp031_ses-20211216_task-ils_stream-lslshimmertorsoacc_feat-chunk_level-03B_run-005_dat.csv,False,,9,ecg;eda;emg;eye_tracking;head_movement;performance;respiration;torso_body_accelerometer;xplane,control_input,0,,0,
ils,sub-cp031,ses-20211216,level-03B,run-011,sub-cp031_ses-20211216_level-03B_run-011,task-ils/sub-cp031/ses-20211216/level-03B_run-011,20,20,11,11,True,True,task-ils/sub-cp031/ses-20211216/level-03B_run-011/sub-cp031_ses-20211216_ocuevts_level-03B_run-011.csv;task-ils/sub-cp031/ses-20211216/level-03B_run-011/sub-cp031_ses-20211216_task-ils_stream-lslhtcviveeye_feat-chunk_level-03B_run-011_dat.csv,True,task-ils/sub-cp031/ses-20211216/level-03B_run-011/sub-cp031_ses-20211216_task-ils_stream-lslshimmerecg_feat-chunk_level-03B_run-011_dat.csv,True,task-ils/sub-cp031/ses-20211216/level-03B_run-011/sub-cp031_ses-20211216_task-ils_stream-lslshimmereda_feat-chunk_level-03B_run-011_dat.csv,True,task-ils/sub-cp031/ses-20211216/level-03B_run-011/sub-cp031_ses-20211216_task-ils_stream-lslshimmeremg_feat-chunk_level-03B_run-011_dat.csv,True,task-ils/sub-cp031/ses-20211216/level-03B_run-011/sub-cp031_ses-20211216_task-ils_stream-lslrespitrace_feat-chunk_level-03B_run-011_dat.csv;task-ils/sub-cp031/ses-20211216/level-03B_run-011/sub-cp031_ses-20211216_task-ils_stream-lslshimmerresp_feat-chunk_level-03B_run-011_dat.csv,True,task-ils/sub-cp031/ses-20211216/level-03B_run-011/sub-cp031_ses-20211216_task-ils_stream-lslxp11xpcplt_feat-chunk_level-03B_run-011_dat.csv,True,task-ils/sub-cp031/ses-20211216/level-03B_run-011/sub-cp031_ses-20211216_task-ils_stream-lslxp11xpcac_feat-chunk_level-03B_run-011_dat.csv,True,task-ils/sub-cp031/ses-20211216/level-03B_run-011/sub-cp031_ses-20211216_task-ils_stream-lslxp11_feat-perfmetric_level-03B_run-011.csv,True,task-ils/sub-cp031/ses-20211216/level-03B_run-011/sub-cp031_ses-20211216_task-ils_stream-lslshimmertorsoacc_feat-chunk_level-03B_run-011_dat.csv,False,,9,ecg;eda;emg;eye_tracking;head_movement;performance;respiration;torso_body_accelerometer;xplane,control_input,0,,0,
ils,sub-cp031,ses-20211216,level-04B,run-004,sub-cp031_ses-20211216_level-04B_run-004,task-ils/sub-cp031/ses-20211216/level-04B_run-004,20,20,11,11,True,True,task-ils/sub-cp031/ses-20211216/level-04B_run-004/sub-cp031_ses-20211216_ocuevts_level-04B_run-004.csv;task-ils/sub-cp031/ses-20211216/level-04B_run-004/sub-cp031_ses-20211216_task-ils_stream-lslhtcviveeye_feat-chunk_level-04B_run-004_dat.csv,True,task-ils/sub-cp031/ses-20211216/level-04B_run-004/sub-cp031_ses-20211216_task-ils_stream-lslshimmerecg_feat-chunk_level-04B_run-004_dat.csv,True,task-ils/sub-cp031/ses-20211216/level-04B_run-004/sub-cp031_ses-20211216_task-ils_stream-lslshimmereda_feat-chunk_level-04B_run-004_dat.csv,True,task-ils/sub-cp031/ses-20211216/level-04B_run-004/sub-cp031_ses-20211216_task-ils_stream-lslshimmeremg_feat-chunk_level-04B_run-004_dat.csv,True,task-ils/sub-cp031/ses-20211216/level-04B_run-004/sub-cp031_ses-20211216_task-ils_stream-lslrespitrace_feat-chunk_level-04B_run-004_dat.csv;task-ils/sub-cp031/ses-20211216/level-04B_run-004/sub-cp031_ses-20211216_task-ils_stream-lslshimmerresp_feat-chunk_level-04B_run-004_dat.csv,True,task-ils/sub-cp031/ses-20211216/level-04B_run-004/sub-cp031_ses-20211216_task-ils_stream-lslxp11xpcplt_feat-chunk_level-04B_run-004_dat.csv,True,task-ils/sub-cp031/ses-20211216/level-04B_run-004/sub-cp031_ses-20211216_task-ils_stream-lslxp11xpcac_feat-chunk_level-04B_run-004_dat.csv,True,task-ils/sub-cp031/ses-20211216/level-04B_run-004/sub-cp031_ses-20211216_task-ils_stream-lslxp11_feat-perfmetric_level-04B_run-004.csv,True,task-ils/sub-cp031/ses-20211216/level-04B_run-004/sub-cp031_ses-20211216_task-ils_stream-lslshimmertorsoacc_feat-chunk_level-04B_run-004_dat.csv,False,,9,ecg;eda;emg;eye_tracking;head_movement;performance;respiration;torso_body_accelerometer;xplane,control_input,0,,0,
ils,sub-cp031,ses-20211216,level-04B,run-006,sub-cp031_ses-20211216_level-04B_run-006,task-ils/sub-cp031/ses-20211216/level-04B_run-006,20,20,11,11,True,True,task-ils/sub-cp031/ses-20211216/level-04B_run-006/sub-cp031_ses-20211216_ocuevts_level-04B_run-006.csv;task-ils/sub-cp031/ses-20211216/level-04B_run-006/sub-cp031_ses-20211216_task-ils_stream-lslhtcviveeye_feat-chunk_level-04B_run-006_dat.csv,True,task-ils/sub-cp031/ses-20211216/level-04B_run-006/sub-cp031_ses-20211216_task-ils_stream-lslshimmerecg_feat-chunk_level-04B_run-006_dat.csv,True,task-ils/sub-cp031/ses-20211216/level-04B_run-006/sub-cp031_ses-20211216_task-ils_stream-lslshimmereda_feat-chunk_level-04B_run-006_dat.csv,True,task-ils/sub-cp031/ses-20211216/level-04B_run-006/sub-cp031_ses-20211216_task-ils_stream-lslshimmeremg_feat-chunk_level-04B_run-006_dat.csv,True,task-ils/sub-cp031/ses-20211216/level-04B_run-006/sub-cp031_ses-20211216_task-ils_stream-lslrespitrace_feat-chunk_level-04B_run-006_dat.csv;task-ils/sub-cp031/ses-20211216/level-04B_run-006/sub-cp031_ses-20211216_task-ils_stream-lslshimmerresp_feat-chunk_level-04B_run-006_dat.csv,True,task-ils/sub-cp031/ses-20211216/level-04B_run-006/sub-cp031_ses-20211216_task-ils_stream-lslxp11xpcplt_feat-chunk_level-04B_run-006_dat.csv,True,task-ils/sub-cp031/ses-20211216/level-04B_run-006/sub-cp031_ses-20211216_task-ils_stream-lslxp11xpcac_feat-chunk_level-04B_run-006_dat.csv,True,task-ils/sub-cp031/ses-20211216/level-04B_run-006/sub-cp031_ses-20211216_task-ils_stream-lslxp11_feat-perfmetric_level-04B_run-006.csv,True,task-ils/sub-cp031/ses-20211216/level-04B_run-006/sub-cp031_ses-20211216_task-ils_stream-lslshimmertorsoacc_feat-chunk_level-04B_run-006_dat.csv,False,,9,ecg;eda;emg;eye_tracking;head_movement;performance;respiration;torso_body_accelerometer;xplane,control_input,0,,0,
ils,sub-cp031,ses-20211216,level-04B,run-009,sub-cp031_ses-20211216_level-04B_run-009,task-ils/sub-cp031/ses-20211216/level-04B_run-009,20,20,11,11,True,True,task-ils/sub-cp031/ses-20211216/level-04B_run-009/sub-cp031_ses-20211216_ocuevts_level-04B_run-009.csv;task-ils/sub-cp031/ses-20211216/level-04B_run-009/sub-cp031_ses-20211216_task-ils_stream-lslhtcviveeye_feat-chunk_level-04B_run-009_dat.csv,True,task-ils/sub-cp031/ses-20211216/level-04B_run-009/sub-cp031_ses-20211216_task-ils_stream-lslshimmerecg_feat-chunk_level-04B_run-009_dat.csv,True,task-ils/sub-cp031/ses-20211216/level-04B_run-009/sub-cp031_ses-20211216_task-ils_stream-lslshimmereda_feat-chunk_level-04B_run-009_dat.csv,True,task-ils/sub-cp031/ses-20211216/level-04B_run-009/sub-cp031_ses-20211216_task-ils_stream-lslshimmeremg_feat-chunk_level-04B_run-009_dat.csv,True,task-ils/sub-cp031/ses-20211216/level-04B_run-009/sub-cp031_ses-20211216_task-ils_stream-lslrespitrace_feat-chunk_level-04B_run-009_dat.csv;task-ils/sub-cp031/ses-20211216/level-04B_run-009/sub-cp031_ses-20211216_task-ils_stream-lslshimmerresp_feat-chunk_level-04B_run-009_dat.csv,True,task-ils/sub-cp031/ses-20211216/level-04B_run-009/sub-cp031_ses-20211216_task-ils_stream-lslxp11xpcplt_feat-chunk_level-04B_run-009_dat.csv,True,task-ils/sub-cp031/ses-20211216/level-04B_run-009/sub-cp031_ses-20211216_task-ils_stream-lslxp11xpcac_feat-chunk_level-04B_run-009_dat.csv,True,task-ils/sub-cp031/ses-20211216/level-04B_run-009/sub-cp031_ses-20211216_task-ils_stream-lslxp11_feat-perfmetric_level-04B_run-009.csv,True,task-ils/sub-cp031/ses-20211216/level-04B_run-009/sub-cp031_ses-20211216_task-ils_stream-lslshimmertorsoacc_feat-chunk_level-04B_run-009_dat.csv,False,,9,ecg;eda;emg;eye_tracking;head_movement;performance;respiration;torso_body_accelerometer;xplane,control_input,0,,0,
ils,sub-cp032,ses-20211105,level-01B,run-001,sub-cp032_ses-20211105_level-01B_run-001,task-ils/sub-cp032/ses-20211105/level-01B_run-001,20,20,11,11,True,True,task-ils/sub-cp032/ses-20211105/level-01B_run-001/sub-cp032_ses-20211105_ocuevts_level-01B_run-001.csv;task-ils/sub-cp032/ses-20211105/level-01B_run-001/sub-cp032_ses-20211105_task-ils_stream-lslhtcviveeye_feat-chunk_level-01B_run-001_dat.csv,True,task-ils/sub-cp032/ses-20211105/level-01B_run-001/sub-cp032_ses-20211105_task-ils_stream-lslshimmerecg_feat-chunk_level-01B_run-001_dat.csv,True,task-ils/sub-cp032/ses-20211105/level-01B_run-001/sub-cp032_ses-20211105_task-ils_stream-lslshimmereda_feat-chunk_level-01B_run-001_dat.csv,True,task-ils/sub-cp032/ses-20211105/level-01B_run-001/sub-cp032_ses-20211105_task-ils_stream-lslshimmeremg_feat-chunk_level-01B_run-001_dat.csv,True,task-ils/sub-cp032/ses-20211105/level-01B_run-001/sub-cp032_ses-20211105_task-ils_stream-lslrespitrace_feat-chunk_level-01B_run-001_dat.csv;task-ils/sub-cp032/ses-20211105/level-01B_run-001/sub-cp032_ses-20211105_task-ils_stream-lslshimmerresp_feat-chunk_level-01B_run-001_dat.csv,True,task-ils/sub-cp032/ses-20211105/level-01B_run-001/sub-cp032_ses-20211105_task-ils_stream-lslxp11xpcplt_feat-chunk_level-01B_run-001_dat.csv,True,task-ils/sub-cp032/ses-20211105/level-01B_run-001/sub-cp032_ses-20211105_task-ils_stream-lslxp11xpcac_feat-chunk_level-01B_run-001_dat.csv,True,task-ils/sub-cp032/ses-20211105/level-01B_run-001/sub-cp032_ses-20211105_task-ils_stream-lslxp11_feat-perfmetric_level-01B_run-001.csv,True,task-ils/sub-cp032/ses-20211105/level-01B_run-001/sub-cp032_ses-20211105_task-ils_stream-lslshimmertorsoacc_feat-chunk_level-01B_run-001_dat.csv,False,,9,ecg;eda;emg;eye_tracking;head_movement;performance;respiration;torso_body_accelerometer;xplane,control_input,0,,0,
ils,sub-cp032,ses-20211105,level-01B,run-007,sub-cp032_ses-20211105_level-01B_run-007,task-ils/sub-cp032/ses-20211105/level-01B_run-007,20,20,11,11,True,True,task-ils/sub-cp032/ses-20211105/level-01B_run-007/sub-cp032_ses-20211105_ocuevts_level-01B_run-007.csv;task-ils/sub-cp032/ses-20211105/level-01B_run-007/sub-cp032_ses-20211105_task-ils_stream-lslhtcviveeye_feat-chunk_level-01B_run-007_dat.csv,True,task-ils/sub-cp032/ses-20211105/level-01B_run-007/sub-cp032_ses-20211105_task-ils_stream-lslshimmerecg_feat-chunk_level-01B_run-007_dat.csv,True,task-ils/sub-cp032/ses-20211105/level-01B_run-007/sub-cp032_ses-20211105_task-ils_stream-lslshimmereda_feat-chunk_level-01B_run-007_dat.csv,True,task-ils/sub-cp032/ses-20211105/level-01B_run-007/sub-cp032_ses-20211105_task-ils_stream-lslshimmeremg_feat-chunk_level-01B_run-007_dat.csv,True,task-ils/sub-cp032/ses-20211105/level-01B_run-007/sub-cp032_ses-20211105_task-ils_stream-lslrespitrace_feat-chunk_level-01B_run-007_dat.csv;task-ils/sub-cp032/ses-20211105/level-01B_run-007/sub-cp032_ses-20211105_task-ils_stream-lslshimmerresp_feat-chunk_level-01B_run-007_dat.csv,True,task-ils/sub-cp032/ses-20211105/level-01B_run-007/sub-cp032_ses-20211105_task-ils_stream-lslxp11xpcplt_feat-chunk_level-01B_run-007_dat.csv,True,task-ils/sub-cp032/ses-20211105/level-01B_run-007/sub-cp032_ses-20211105_task-ils_stream-lslxp11xpcac_feat-chunk_level-01B_run-007_dat.csv,True,task-ils/sub-cp032/ses-20211105/level-01B_run-007/sub-cp032_ses-20211105_task-ils_stream-lslxp11_feat-perfmetric_level-01B_run-007.csv,True,task-ils/sub-cp032/ses-20211105/level-01B_run-007/sub-cp032_ses-20211105_task-ils_stream-lslshimmertorsoacc_feat-chunk_level-01B_run-007_dat.csv,False,,9,ecg;eda;emg;eye_tracking;head_movement;performance;respiration;torso_body_accelerometer;xplane,control_input,0,,0,
ils,sub-cp032,ses-20211105,level-01B,run-012,sub-cp032_ses-20211105_level-01B_run-012,task-ils/sub-cp032/ses-20211105/level-01B_run-012,20,20,11,11,True,True,task-ils/sub-cp032/ses-20211105/level-01B_run-012/sub-cp032_ses-20211105_ocuevts_level-01B_run-012.csv;task-ils/sub-cp032/ses-20211105/level-01B_run-012/sub-cp032_ses-20211105_task-ils_stream-lslhtcviveeye_feat-chunk_level-01B_run-012_dat.csv,True,task-ils/sub-cp032/ses-20211105/level-01B_run-012/sub-cp032_ses-20211105_task-ils_stream-lslshimmerecg_feat-chunk_level-01B_run-012_dat.csv,True,task-ils/sub-cp032/ses-20211105/level-01B_run-012/sub-cp032_ses-20211105_task-ils_stream-lslshimmereda_feat-chunk_level-01B_run-012_dat.csv,True,task-ils/sub-cp032/ses-20211105/level-01B_run-012/sub-cp032_ses-20211105_task-ils_stream-lslshimmeremg_feat-chunk_level-01B_run-012_dat.csv,True,task-ils/sub-cp032/ses-20211105/level-01B_run-012/sub-cp032_ses-20211105_task-ils_stream-lslrespitrace_feat-chunk_level-01B_run-012_dat.csv;task-ils/sub-cp032/ses-20211105/level-01B_run-012/sub-cp032_ses-20211105_task-ils_stream-lslshimmerresp_feat-chunk_level-01B_run-012_dat.csv,True,task-ils/sub-cp032/ses-20211105/level-01B_run-012/sub-cp032_ses-20211105_task-ils_stream-lslxp11xpcplt_feat-chunk_level-01B_run-012_dat.csv,True,task-ils/sub-cp032/ses-20211105/level-01B_run-012/sub-cp032_ses-20211105_task-ils_stream-lslxp11xpcac_feat-chunk_level-01B_run-012_dat.csv,True,task-ils/sub-cp032/ses-20211105/level-01B_run-012/sub-cp032_ses-20211105_task-ils_stream-lslxp11_feat-perfmetric_level-01B_run-012.csv,True,task-ils/sub-cp032/ses-20211105/level-01B_run-012/sub-cp032_ses-20211105_task-ils_stream-lslshimmertorsoacc_feat-chunk_level-01B_run-012_dat.csv,False,,9,ecg;eda;emg;eye_tracking;head_movement;performance;respiration;torso_body_accelerometer;xplane,control_input,0,,0,
ils,sub-cp032,ses-20211105,level-02B,run-003,sub-cp032_ses-20211105_level-02B_run-003,task-ils/sub-cp032/ses-20211105/level-02B_run-003,20,20,11,11,True,True,task-ils/sub-cp032/ses-20211105/level-02B_run-003/sub-cp032_ses-20211105_ocuevts_level-02B_run-003.csv;task-ils/sub-cp032/ses-20211105/level-02B_run-003/sub-cp032_ses-20211105_task-ils_stream-lslhtcviveeye_feat-chunk_level-02B_run-003_dat.csv,True,task-ils/sub-cp032/ses-20211105/level-02B_run-003/sub-cp032_ses-20211105_task-ils_stream-lslshimmerecg_feat-chunk_level-02B_run-003_dat.csv,True,task-ils/sub-cp032/ses-20211105/level-02B_run-003/sub-cp032_ses-20211105_task-ils_stream-lslshimmereda_feat-chunk_level-02B_run-003_dat.csv,True,task-ils/sub-cp032/ses-20211105/level-02B_run-003/sub-cp032_ses-20211105_task-ils_stream-lslshimmeremg_feat-chunk_level-02B_run-003_dat.csv,True,task-ils/sub-cp032/ses-20211105/level-02B_run-003/sub-cp032_ses-20211105_task-ils_stream-lslrespitrace_feat-chunk_level-02B_run-003_dat.csv;task-ils/sub-cp032/ses-20211105/level-02B_run-003/sub-cp032_ses-20211105_task-ils_stream-lslshimmerresp_feat-chunk_level-02B_run-003_dat.csv,True,task-ils/sub-cp032/ses-20211105/level-02B_run-003/sub-cp032_ses-20211105_task-ils_stream-lslxp11xpcplt_feat-chunk_level-02B_run-003_dat.csv,True,task-ils/sub-cp032/ses-20211105/level-02B_run-003/sub-cp032_ses-20211105_task-ils_stream-lslxp11xpcac_feat-chunk_level-02B_run-003_dat.csv,True,task-ils/sub-cp032/ses-20211105/level-02B_run-003/sub-cp032_ses-20211105_task-ils_stream-lslxp11_feat-perfmetric_level-02B_run-003.csv,True,task-ils/sub-cp032/ses-20211105/level-02B_run-003/sub-cp032_ses-20211105_task-ils_stream-lslshimmertorsoacc_feat-chunk_level-02B_run-003_dat.csv,False,,9,ecg;eda;emg;eye_tracking;head_movement;performance;respiration;torso_body_accelerometer;xplane,control_input,0,,0,
ils,sub-cp032,ses-20211105,level-02B,run-008,sub-cp032_ses-20211105_level-02B_run-008,task-ils/sub-cp032/ses-20211105/level-02B_run-008,20,20,11,11,True,True,task-ils/sub-cp032/ses-20211105/level-02B_run-008/sub-cp032_ses-20211105_ocuevts_level-02B_run-008.csv;task-ils/sub-cp032/ses-20211105/level-02B_run-008/sub-cp032_ses-20211105_task-ils_stream-lslhtcviveeye_feat-chunk_level-02B_run-008_dat.csv,True,task-ils/sub-cp032/ses-20211105/level-02B_run-008/sub-cp032_ses-20211105_task-ils_stream-lslshimmerecg_feat-chunk_level-02B_run-008_dat.csv,True,task-ils/sub-cp032/ses-20211105/level-02B_run-008/sub-cp032_ses-20211105_task-ils_stream-lslshimmereda_feat-chunk_level-02B_run-008_dat.csv,True,task-ils/sub-cp032/ses-20211105/level-02B_run-008/sub-cp032_ses-20211105_task-ils_stream-lslshimmeremg_feat-chunk_level-02B_run-008_dat.csv,True,task-ils/sub-cp032/ses-20211105/level-02B_run-008/sub-cp032_ses-20211105_task-ils_stream-lslrespitrace_feat-chunk_level-02B_run-008_dat.csv;task-ils/sub-cp032/ses-20211105/level-02B_run-008/sub-cp032_ses-20211105_task-ils_stream-lslshimmerresp_feat-chunk_level-02B_run-008_dat.csv,True,task-ils/sub-cp032/ses-20211105/level-02B_run-008/sub-cp032_ses-20211105_task-ils_stream-lslxp11xpcplt_feat-chunk_level-02B_run-008_dat.csv,True,task-ils/sub-cp032/ses-20211105/level-02B_run-008/sub-cp032_ses-20211105_task-ils_stream-lslxp11xpcac_feat-chunk_level-02B_run-008_dat.csv,True,task-ils/sub-cp032/ses-20211105/level-02B_run-008/sub-cp032_ses-20211105_task-ils_stream-lslxp11_feat-perfmetric_level-02B_run-008.csv,True,task-ils/sub-cp032/ses-20211105/level-02B_run-008/sub-cp032_ses-20211105_task-ils_stream-lslshimmertorsoacc_feat-chunk_level-02B_run-008_dat.csv,False,,9,ecg;eda;emg;eye_tracking;head_movement;performance;respiration;torso_body_accelerometer;xplane,control_input,0,,0,
ils,sub-cp032,ses-20211105,level-02B,run-010,sub-cp032_ses-20211105_level-02B_run-010,task-ils/sub-cp032/ses-20211105/level-02B_run-010,20,20,11,11,True,True,task-ils/sub-cp032/ses-20211105/level-02B_run-010/sub-cp032_ses-20211105_ocuevts_level-02B_run-010.csv;task-ils/sub-cp032/ses-20211105/level-02B_run-010/sub-cp032_ses-20211105_task-ils_stream-lslhtcviveeye_feat-chunk_level-02B_run-010_dat.csv,True,task-ils/sub-cp032/ses-20211105/level-02B_run-010/sub-cp032_ses-20211105_task-ils_stream-lslshimmerecg_feat-chunk_level-02B_run-010_dat.csv,True,task-ils/sub-cp032/ses-20211105/level-02B_run-010/sub-cp032_ses-20211105_task-ils_stream-lslshimmereda_feat-chunk_level-02B_run-010_dat.csv,True,task-ils/sub-cp032/ses-20211105/level-02B_run-010/sub-cp032_ses-20211105_task-ils_stream-lslshimmeremg_feat-chunk_level-02B_run-010_dat.csv,True,task-ils/sub-cp032/ses-20211105/level-02B_run-010/sub-cp032_ses-20211105_task-ils_stream-lslrespitrace_feat-chunk_level-02B_run-010_dat.csv;task-ils/sub-cp032/ses-20211105/level-02B_run-010/sub-cp032_ses-20211105_task-ils_stream-lslshimmerresp_feat-chunk_level-02B_run-010_dat.csv,True,task-ils/sub-cp032/ses-20211105/level-02B_run-010/sub-cp032_ses-20211105_task-ils_stream-lslxp11xpcplt_feat-chunk_level-02B_run-010_dat.csv,True,task-ils/sub-cp032/ses-20211105/level-02B_run-010/sub-cp032_ses-20211105_task-ils_stream-lslxp11xpcac_feat-chunk_level-02B_run-010_dat.csv,True,task-ils/sub-cp032/ses-20211105/level-02B_run-010/sub-cp032_ses-20211105_task-ils_stream-lslxp11_feat-perfmetric_level-02B_run-010.csv,True,task-ils/sub-cp032/ses-20211105/level-02B_run-010/sub-cp032_ses-20211105_task-ils_stream-lslshimmertorsoacc_feat-chunk_level-02B_run-010_dat.csv,False,,9,ecg;eda;emg;eye_tracking;head_movement;performance;respiration;torso_body_accelerometer;xplane,control_input,0,,0,
ils,sub-cp032,ses-20211105,level-03B,run-002,sub-cp032_ses-20211105_level-03B_run-002,task-ils/sub-cp032/ses-20211105/level-03B_run-002,20,20,11,11,True,True,task-ils/sub-cp032/ses-20211105/level-03B_run-002/sub-cp032_ses-20211105_ocuevts_level-03B_run-002.csv;task-ils/sub-cp032/ses-20211105/level-03B_run-002/sub-cp032_ses-20211105_task-ils_stream-lslhtcviveeye_feat-chunk_level-03B_run-002_dat.csv,True,task-ils/sub-cp032/ses-20211105/level-03B_run-002/sub-cp032_ses-20211105_task-ils_stream-lslshimmerecg_feat-chunk_level-03B_run-002_dat.csv,True,task-ils/sub-cp032/ses-20211105/level-03B_run-002/sub-cp032_ses-20211105_task-ils_stream-lslshimmereda_feat-chunk_level-03B_run-002_dat.csv,True,task-ils/sub-cp032/ses-20211105/level-03B_run-002/sub-cp032_ses-20211105_task-ils_stream-lslshimmeremg_feat-chunk_level-03B_run-002_dat.csv,True,task-ils/sub-cp032/ses-20211105/level-03B_run-002/sub-cp032_ses-20211105_task-ils_stream-lslrespitrace_feat-chunk_level-03B_run-002_dat.csv;task-ils/sub-cp032/ses-20211105/level-03B_run-002/sub-cp032_ses-20211105_task-ils_stream-lslshimmerresp_feat-chunk_level-03B_run-002_dat.csv,True,task-ils/sub-cp032/ses-20211105/level-03B_run-002/sub-cp032_ses-20211105_task-ils_stream-lslxp11xpcplt_feat-chunk_level-03B_run-002_dat.csv,True,task-ils/sub-cp032/ses-20211105/level-03B_run-002/sub-cp032_ses-20211105_task-ils_stream-lslxp11xpcac_feat-chunk_level-03B_run-002_dat.csv,True,task-ils/sub-cp032/ses-20211105/level-03B_run-002/sub-cp032_ses-20211105_task-ils_stream-lslxp11_feat-perfmetric_level-03B_run-002.csv,True,task-ils/sub-cp032/ses-20211105/level-03B_run-002/sub-cp032_ses-20211105_task-ils_stream-lslshimmertorsoacc_feat-chunk_level-03B_run-002_dat.csv,False,,9,ecg;eda;emg;eye_tracking;head_movement;performance;respiration;torso_body_accelerometer;xplane,control_input,0,,0,
ils,sub-cp032,ses-20211105,level-03B,run-005,sub-cp032_ses-20211105_level-03B_run-005,task-ils/sub-cp032/ses-20211105/level-03B_run-005,20,20,11,11,True,True,task-ils/sub-cp032/ses-20211105/level-03B_run-005/sub-cp032_ses-20211105_ocuevts_level-03B_run-005.csv;task-ils/sub-cp032/ses-20211105/level-03B_run-005/sub-cp032_ses-20211105_task-ils_stream-lslhtcviveeye_feat-chunk_level-03B_run-005_dat.csv,True,task-ils/sub-cp032/ses-20211105/level-03B_run-005/sub-cp032_ses-20211105_task-ils_stream-lslshimmerecg_feat-chunk_level-03B_run-005_dat.csv,True,task-ils/sub-cp032/ses-20211105/level-03B_run-005/sub-cp032_ses-20211105_task-ils_stream-lslshimmereda_feat-chunk_level-03B_run-005_dat.csv,True,task-ils/sub-cp032/ses-20211105/level-03B_run-005/sub-cp032_ses-20211105_task-ils_stream-lslshimmeremg_feat-chunk_level-03B_run-005_dat.csv,True,task-ils/sub-cp032/ses-20211105/level-03B_run-005/sub-cp032_ses-20211105_task-ils_stream-lslrespitrace_feat-chunk_level-03B_run-005_dat.csv;task-ils/sub-cp032/ses-20211105/level-03B_run-005/sub-cp032_ses-20211105_task-ils_stream-lslshimmerresp_feat-chunk_level-03B_run-005_dat.csv,True,task-ils/sub-cp032/ses-20211105/level-03B_run-005/sub-cp032_ses-20211105_task-ils_stream-lslxp11xpcplt_feat-chunk_level-03B_run-005_dat.csv,True,task-ils/sub-cp032/ses-20211105/level-03B_run-005/sub-cp032_ses-20211105_task-ils_stream-lslxp11xpcac_feat-chunk_level-03B_run-005_dat.csv,True,task-ils/sub-cp032/ses-20211105/level-03B_run-005/sub-cp032_ses-20211105_task-ils_stream-lslxp11_feat-perfmetric_level-03B_run-005.csv,True,task-ils/sub-cp032/ses-20211105/level-03B_run-005/sub-cp032_ses-20211105_task-ils_stream-lslshimmertorsoacc_feat-chunk_level-03B_run-005_dat.csv,False,,9,ecg;eda;emg;eye_tracking;head_movement;performance;respiration;torso_body_accelerometer;xplane,control_input,0,,0,
ils,sub-cp032,ses-20211105,level-03B,run-011,sub-cp032_ses-20211105_level-03B_run-011,task-ils/sub-cp032/ses-20211105/level-03B_run-011,20,20,11,11,True,True,task-ils/sub-cp032/ses-20211105/level-03B_run-011/sub-cp032_ses-20211105_ocuevts_level-03B_run-011.csv;task-ils/sub-cp032/ses-20211105/level-03B_run-011/sub-cp032_ses-20211105_task-ils_stream-lslhtcviveeye_feat-chunk_level-03B_run-011_dat.csv,True,task-ils/sub-cp032/ses-20211105/level-03B_run-011/sub-cp032_ses-20211105_task-ils_stream-lslshimmerecg_feat-chunk_level-03B_run-011_dat.csv,True,task-ils/sub-cp032/ses-20211105/level-03B_run-011/sub-cp032_ses-20211105_task-ils_stream-lslshimmereda_feat-chunk_level-03B_run-011_dat.csv,True,task-ils/sub-cp032/ses-20211105/level-03B_run-011/sub-cp032_ses-20211105_task-ils_stream-lslshimmeremg_feat-chunk_level-03B_run-011_dat.csv,True,task-ils/sub-cp032/ses-20211105/level-03B_run-011/sub-cp032_ses-20211105_task-ils_stream-lslrespitrace_feat-chunk_level-03B_run-011_dat.csv;task-ils/sub-cp032/ses-20211105/level-03B_run-011/sub-cp032_ses-20211105_task-ils_stream-lslshimmerresp_feat-chunk_level-03B_run-011_dat.csv,True,task-ils/sub-cp032/ses-20211105/level-03B_run-011/sub-cp032_ses-20211105_task-ils_stream-lslxp11xpcplt_feat-chunk_level-03B_run-011_dat.csv,True,task-ils/sub-cp032/ses-20211105/level-03B_run-011/sub-cp032_ses-20211105_task-ils_stream-lslxp11xpcac_feat-chunk_level-03B_run-011_dat.csv,True,task-ils/sub-cp032/ses-20211105/level-03B_run-011/sub-cp032_ses-20211105_task-ils_stream-lslxp11_feat-perfmetric_level-03B_run-011.csv,True,task-ils/sub-cp032/ses-20211105/level-03B_run-011/sub-cp032_ses-20211105_task-ils_stream-lslshimmertorsoacc_feat-chunk_level-03B_run-011_dat.csv,False,,9,ecg;eda;emg;eye_tracking;head_movement;performance;respiration;torso_body_accelerometer;xplane,control_input,0,,0,
ils,sub-cp032,ses-20211105,level-04B,run-004,sub-cp032_ses-20211105_level-04B_run-004,task-ils/sub-cp032/ses-20211105/level-04B_run-004,20,20,11,11,True,True,task-ils/sub-cp032/ses-20211105/level-04B_run-004/sub-cp032_ses-20211105_ocuevts_level-04B_run-004.csv;task-ils/sub-cp032/ses-20211105/level-04B_run-004/sub-cp032_ses-20211105_task-ils_stream-lslhtcviveeye_feat-chunk_level-04B_run-004_dat.csv,True,task-ils/sub-cp032/ses-20211105/level-04B_run-004/sub-cp032_ses-20211105_task-ils_stream-lslshimmerecg_feat-chunk_level-04B_run-004_dat.csv,True,task-ils/sub-cp032/ses-20211105/level-04B_run-004/sub-cp032_ses-20211105_task-ils_stream-lslshimmereda_feat-chunk_level-04B_run-004_dat.csv,True,task-ils/sub-cp032/ses-20211105/level-04B_run-004/sub-cp032_ses-20211105_task-ils_stream-lslshimmeremg_feat-chunk_level-04B_run-004_dat.csv,True,task-ils/sub-cp032/ses-20211105/level-04B_run-004/sub-cp032_ses-20211105_task-ils_stream-lslrespitrace_feat-chunk_level-04B_run-004_dat.csv;task-ils/sub-cp032/ses-20211105/level-04B_run-004/sub-cp032_ses-20211105_task-ils_stream-lslshimmerresp_feat-chunk_level-04B_run-004_dat.csv,True,task-ils/sub-cp032/ses-20211105/level-04B_run-004/sub-cp032_ses-20211105_task-ils_stream-lslxp11xpcplt_feat-chunk_level-04B_run-004_dat.csv,True,task-ils/sub-cp032/ses-20211105/level-04B_run-004/sub-cp032_ses-20211105_task-ils_stream-lslxp11xpcac_feat-chunk_level-04B_run-004_dat.csv,True,task-ils/sub-cp032/ses-20211105/level-04B_run-004/sub-cp032_ses-20211105_task-ils_stream-lslxp11_feat-perfmetric_level-04B_run-004.csv,True,task-ils/sub-cp032/ses-20211105/level-04B_run-004/sub-cp032_ses-20211105_task-ils_stream-lslshimmertorsoacc_feat-chunk_level-04B_run-004_dat.csv,False,,9,ecg;eda;emg;eye_tracking;head_movement;performance;respiration;torso_body_accelerometer;xplane,control_input,0,,0,
ils,sub-cp032,ses-20211105,level-04B,run-006,sub-cp032_ses-20211105_level-04B_run-006,task-ils/sub-cp032/ses-20211105/level-04B_run-006,20,20,11,11,True,True,task-ils/sub-cp032/ses-20211105/level-04B_run-006/sub-cp032_ses-20211105_ocuevts_level-04B_run-006.csv;task-ils/sub-cp032/ses-20211105/level-04B_run-006/sub-cp032_ses-20211105_task-ils_stream-lslhtcviveeye_feat-chunk_level-04B_run-006_dat.csv,True,task-ils/sub-cp032/ses-20211105/level-04B_run-006/sub-cp032_ses-20211105_task-ils_stream-lslshimmerecg_feat-chunk_level-04B_run-006_dat.csv,True,task-ils/sub-cp032/ses-20211105/level-04B_run-006/sub-cp032_ses-20211105_task-ils_stream-lslshimmereda_feat-chunk_level-04B_run-006_dat.csv,True,task-ils/sub-cp032/ses-20211105/level-04B_run-006/sub-cp032_ses-20211105_task-ils_stream-lslshimmeremg_feat-chunk_level-04B_run-006_dat.csv,True,task-ils/sub-cp032/ses-20211105/level-04B_run-006/sub-cp032_ses-20211105_task-ils_stream-lslrespitrace_feat-chunk_level-04B_run-006_dat.csv;task-ils/sub-cp032/ses-20211105/level-04B_run-006/sub-cp032_ses-20211105_task-ils_stream-lslshimmerresp_feat-chunk_level-04B_run-006_dat.csv,True,task-ils/sub-cp032/ses-20211105/level-04B_run-006/sub-cp032_ses-20211105_task-ils_stream-lslxp11xpcplt_feat-chunk_level-04B_run-006_dat.csv,True,task-ils/sub-cp032/ses-20211105/level-04B_run-006/sub-cp032_ses-20211105_task-ils_stream-lslxp11xpcac_feat-chunk_level-04B_run-006_dat.csv,True,task-ils/sub-cp032/ses-20211105/level-04B_run-006/sub-cp032_ses-20211105_task-ils_stream-lslxp11_feat-perfmetric_level-04B_run-006.csv,True,task-ils/sub-cp032/ses-20211105/level-04B_run-006/sub-cp032_ses-20211105_task-ils_stream-lslshimmertorsoacc_feat-chunk_level-04B_run-006_dat.csv,False,,9,ecg;eda;emg;eye_tracking;head_movement;performance;respiration;torso_body_accelerometer;xplane,control_input,0,,0,
ils,sub-cp032,ses-20211105,level-04B,run-009,sub-cp032_ses-20211105_level-04B_run-009,task-ils/sub-cp032/ses-20211105/level-04B_run-009,20,20,11,11,True,True,task-ils/sub-cp032/ses-20211105/level-04B_run-009/sub-cp032_ses-20211105_ocuevts_level-04B_run-009.csv;task-ils/sub-cp032/ses-20211105/level-04B_run-009/sub-cp032_ses-20211105_task-ils_stream-lslhtcviveeye_feat-chunk_level-04B_run-009_dat.csv,True,task-ils/sub-cp032/ses-20211105/level-04B_run-009/sub-cp032_ses-20211105_task-ils_stream-lslshimmerecg_feat-chunk_level-04B_run-009_dat.csv,True,task-ils/sub-cp032/ses-20211105/level-04B_run-009/sub-cp032_ses-20211105_task-ils_stream-lslshimmereda_feat-chunk_level-04B_run-009_dat.csv,True,task-ils/sub-cp032/ses-20211105/level-04B_run-009/sub-cp032_ses-20211105_task-ils_stream-lslshimmeremg_feat-chunk_level-04B_run-009_dat.csv,True,task-ils/sub-cp032/ses-20211105/level-04B_run-009/sub-cp032_ses-20211105_task-ils_stream-lslrespitrace_feat-chunk_level-04B_run-009_dat.csv;task-ils/sub-cp032/ses-20211105/level-04B_run-009/sub-cp032_ses-20211105_task-ils_stream-lslshimmerresp_feat-chunk_level-04B_run-009_dat.csv,True,task-ils/sub-cp032/ses-20211105/level-04B_run-009/sub-cp032_ses-20211105_task-ils_stream-lslxp11xpcplt_feat-chunk_level-04B_run-009_dat.csv,True,task-ils/sub-cp032/ses-20211105/level-04B_run-009/sub-cp032_ses-20211105_task-ils_stream-lslxp11xpcac_feat-chunk_level-04B_run-009_dat.csv,True,task-ils/sub-cp032/ses-20211105/level-04B_run-009/sub-cp032_ses-20211105_task-ils_stream-lslxp11_feat-perfmetric_level-04B_run-009.csv,True,task-ils/sub-cp032/ses-20211105/level-04B_run-009/sub-cp032_ses-20211105_task-ils_stream-lslshimmertorsoacc_feat-chunk_level-04B_run-009_dat.csv,False,,9,ecg;eda;emg;eye_tracking;head_movement;performance;respiration;torso_body_accelerometer;xplane,control_input,0,,0,
ils,sub-cp033,ses-20211215,level-01B,run-001,sub-cp033_ses-20211215_level-01B_run-001,task-ils/sub-cp033/ses-20211215/level-01B_run-001,20,20,11,11,True,True,task-ils/sub-cp033/ses-20211215/level-01B_run-001/sub-cp033_ses-20211215_ocuevts_level-01B_run-001.csv;task-ils/sub-cp033/ses-20211215/level-01B_run-001/sub-cp033_ses-20211215_task-ils_stream-lslhtcviveeye_feat-chunk_level-01B_run-001_dat.csv,True,task-ils/sub-cp033/ses-20211215/level-01B_run-001/sub-cp033_ses-20211215_task-ils_stream-lslshimmerecg_feat-chunk_level-01B_run-001_dat.csv,True,task-ils/sub-cp033/ses-20211215/level-01B_run-001/sub-cp033_ses-20211215_task-ils_stream-lslshimmereda_feat-chunk_level-01B_run-001_dat.csv,True,task-ils/sub-cp033/ses-20211215/level-01B_run-001/sub-cp033_ses-20211215_task-ils_stream-lslshimmeremg_feat-chunk_level-01B_run-001_dat.csv,True,task-ils/sub-cp033/ses-20211215/level-01B_run-001/sub-cp033_ses-20211215_task-ils_stream-lslrespitrace_feat-chunk_level-01B_run-001_dat.csv;task-ils/sub-cp033/ses-20211215/level-01B_run-001/sub-cp033_ses-20211215_task-ils_stream-lslshimmerresp_feat-chunk_level-01B_run-001_dat.csv,True,task-ils/sub-cp033/ses-20211215/level-01B_run-001/sub-cp033_ses-20211215_task-ils_stream-lslxp11xpcplt_feat-chunk_level-01B_run-001_dat.csv,True,task-ils/sub-cp033/ses-20211215/level-01B_run-001/sub-cp033_ses-20211215_task-ils_stream-lslxp11xpcac_feat-chunk_level-01B_run-001_dat.csv,True,task-ils/sub-cp033/ses-20211215/level-01B_run-001/sub-cp033_ses-20211215_task-ils_stream-lslxp11_feat-perfmetric_level-01B_run-001.csv,True,task-ils/sub-cp033/ses-20211215/level-01B_run-001/sub-cp033_ses-20211215_task-ils_stream-lslshimmertorsoacc_feat-chunk_level-01B_run-001_dat.csv,False,,9,ecg;eda;emg;eye_tracking;head_movement;performance;respiration;torso_body_accelerometer;xplane,control_input,0,,0,
ils,sub-cp033,ses-20211215,level-01B,run-007,sub-cp033_ses-20211215_level-01B_run-007,task-ils/sub-cp033/ses-20211215/level-01B_run-007,20,20,11,11,True,True,task-ils/sub-cp033/ses-20211215/level-01B_run-007/sub-cp033_ses-20211215_ocuevts_level-01B_run-007.csv;task-ils/sub-cp033/ses-20211215/level-01B_run-007/sub-cp033_ses-20211215_task-ils_stream-lslhtcviveeye_feat-chunk_level-01B_run-007_dat.csv,True,task-ils/sub-cp033/ses-20211215/level-01B_run-007/sub-cp033_ses-20211215_task-ils_stream-lslshimmerecg_feat-chunk_level-01B_run-007_dat.csv,True,task-ils/sub-cp033/ses-20211215/level-01B_run-007/sub-cp033_ses-20211215_task-ils_stream-lslshimmereda_feat-chunk_level-01B_run-007_dat.csv,True,task-ils/sub-cp033/ses-20211215/level-01B_run-007/sub-cp033_ses-20211215_task-ils_stream-lslshimmeremg_feat-chunk_level-01B_run-007_dat.csv,True,task-ils/sub-cp033/ses-20211215/level-01B_run-007/sub-cp033_ses-20211215_task-ils_stream-lslrespitrace_feat-chunk_level-01B_run-007_dat.csv;task-ils/sub-cp033/ses-20211215/level-01B_run-007/sub-cp033_ses-20211215_task-ils_stream-lslshimmerresp_feat-chunk_level-01B_run-007_dat.csv,True,task-ils/sub-cp033/ses-20211215/level-01B_run-007/sub-cp033_ses-20211215_task-ils_stream-lslxp11xpcplt_feat-chunk_level-01B_run-007_dat.csv,True,task-ils/sub-cp033/ses-20211215/level-01B_run-007/sub-cp033_ses-20211215_task-ils_stream-lslxp11xpcac_feat-chunk_level-01B_run-007_dat.csv,True,task-ils/sub-cp033/ses-20211215/level-01B_run-007/sub-cp033_ses-20211215_task-ils_stream-lslxp11_feat-perfmetric_level-01B_run-007.csv,True,task-ils/sub-cp033/ses-20211215/level-01B_run-007/sub-cp033_ses-20211215_task-ils_stream-lslshimmertorsoacc_feat-chunk_level-01B_run-007_dat.csv,False,,9,ecg;eda;emg;eye_tracking;head_movement;performance;respiration;torso_body_accelerometer;xplane,control_input,0,,0,
ils,sub-cp033,ses-20211215,level-01B,run-012,sub-cp033_ses-20211215_level-01B_run-012,task-ils/sub-cp033/ses-20211215/level-01B_run-012,20,20,11,11,True,True,task-ils/sub-cp033/ses-20211215/level-01B_run-012/sub-cp033_ses-20211215_ocuevts_level-01B_run-012.csv;task-ils/sub-cp033/ses-20211215/level-01B_run-012/sub-cp033_ses-20211215_task-ils_stream-lslhtcviveeye_feat-chunk_level-01B_run-012_dat.csv,True,task-ils/sub-cp033/ses-20211215/level-01B_run-012/sub-cp033_ses-20211215_task-ils_stream-lslshimmerecg_feat-chunk_level-01B_run-012_dat.csv,True,task-ils/sub-cp033/ses-20211215/level-01B_run-012/sub-cp033_ses-20211215_task-ils_stream-lslshimmereda_feat-chunk_level-01B_run-012_dat.csv,True,task-ils/sub-cp033/ses-20211215/level-01B_run-012/sub-cp033_ses-20211215_task-ils_stream-lslshimmeremg_feat-chunk_level-01B_run-012_dat.csv,True,task-ils/sub-cp033/ses-20211215/level-01B_run-012/sub-cp033_ses-20211215_task-ils_stream-lslrespitrace_feat-chunk_level-01B_run-012_dat.csv;task-ils/sub-cp033/ses-20211215/level-01B_run-012/sub-cp033_ses-20211215_task-ils_stream-lslshimmerresp_feat-chunk_level-01B_run-012_dat.csv,True,task-ils/sub-cp033/ses-20211215/level-01B_run-012/sub-cp033_ses-20211215_task-ils_stream-lslxp11xpcplt_feat-chunk_level-01B_run-012_dat.csv,True,task-ils/sub-cp033/ses-20211215/level-01B_run-012/sub-cp033_ses-20211215_task-ils_stream-lslxp11xpcac_feat-chunk_level-01B_run-012_dat.csv,True,task-ils/sub-cp033/ses-20211215/level-01B_run-012/sub-cp033_ses-20211215_task-ils_stream-lslxp11_feat-perfmetric_level-01B_run-012.csv,True,task-ils/sub-cp033/ses-20211215/level-01B_run-012/sub-cp033_ses-20211215_task-ils_stream-lslshimmertorsoacc_feat-chunk_level-01B_run-012_dat.csv,False,,9,ecg;eda;emg;eye_tracking;head_movement;performance;respiration;torso_body_accelerometer;xplane,control_input,0,,0,
ils,sub-cp033,ses-20211215,level-02B,run-003,sub-cp033_ses-20211215_level-02B_run-003,task-ils/sub-cp033/ses-20211215/level-02B_run-003,20,20,11,11,True,True,task-ils/sub-cp033/ses-20211215/level-02B_run-003/sub-cp033_ses-20211215_ocuevts_level-02B_run-003.csv;task-ils/sub-cp033/ses-20211215/level-02B_run-003/sub-cp033_ses-20211215_task-ils_stream-lslhtcviveeye_feat-chunk_level-02B_run-003_dat.csv,True,task-ils/sub-cp033/ses-20211215/level-02B_run-003/sub-cp033_ses-20211215_task-ils_stream-lslshimmerecg_feat-chunk_level-02B_run-003_dat.csv,True,task-ils/sub-cp033/ses-20211215/level-02B_run-003/sub-cp033_ses-20211215_task-ils_stream-lslshimmereda_feat-chunk_level-02B_run-003_dat.csv,True,task-ils/sub-cp033/ses-20211215/level-02B_run-003/sub-cp033_ses-20211215_task-ils_stream-lslshimmeremg_feat-chunk_level-02B_run-003_dat.csv,True,task-ils/sub-cp033/ses-20211215/level-02B_run-003/sub-cp033_ses-20211215_task-ils_stream-lslrespitrace_feat-chunk_level-02B_run-003_dat.csv;task-ils/sub-cp033/ses-20211215/level-02B_run-003/sub-cp033_ses-20211215_task-ils_stream-lslshimmerresp_feat-chunk_level-02B_run-003_dat.csv,True,task-ils/sub-cp033/ses-20211215/level-02B_run-003/sub-cp033_ses-20211215_task-ils_stream-lslxp11xpcplt_feat-chunk_level-02B_run-003_dat.csv,True,task-ils/sub-cp033/ses-20211215/level-02B_run-003/sub-cp033_ses-20211215_task-ils_stream-lslxp11xpcac_feat-chunk_level-02B_run-003_dat.csv,True,task-ils/sub-cp033/ses-20211215/level-02B_run-003/sub-cp033_ses-20211215_task-ils_stream-lslxp11_feat-perfmetric_level-02B_run-003.csv,True,task-ils/sub-cp033/ses-20211215/level-02B_run-003/sub-cp033_ses-20211215_task-ils_stream-lslshimmertorsoacc_feat-chunk_level-02B_run-003_dat.csv,False,,9,ecg;eda;emg;eye_tracking;head_movement;performance;respiration;torso_body_accelerometer;xplane,control_input,0,,0,
ils,sub-cp033,ses-20211215,level-02B,run-008,sub-cp033_ses-20211215_level-02B_run-008,task-ils/sub-cp033/ses-20211215/level-02B_run-008,20,20,11,11,True,True,task-ils/sub-cp033/ses-20211215/level-02B_run-008/sub-cp033_ses-20211215_ocuevts_level-02B_run-008.csv;task-ils/sub-cp033/ses-20211215/level-02B_run-008/sub-cp033_ses-20211215_task-ils_stream-lslhtcviveeye_feat-chunk_level-02B_run-008_dat.csv,True,task-ils/sub-cp033/ses-20211215/level-02B_run-008/sub-cp033_ses-20211215_task-ils_stream-lslshimmerecg_feat-chunk_level-02B_run-008_dat.csv,True,task-ils/sub-cp033/ses-20211215/level-02B_run-008/sub-cp033_ses-20211215_task-ils_stream-lslshimmereda_feat-chunk_level-02B_run-008_dat.csv,True,task-ils/sub-cp033/ses-20211215/level-02B_run-008/sub-cp033_ses-20211215_task-ils_stream-lslshimmeremg_feat-chunk_level-02B_run-008_dat.csv,True,task-ils/sub-cp033/ses-20211215/level-02B_run-008/sub-cp033_ses-20211215_task-ils_stream-lslrespitrace_feat-chunk_level-02B_run-008_dat.csv;task-ils/sub-cp033/ses-20211215/level-02B_run-008/sub-cp033_ses-20211215_task-ils_stream-lslshimmerresp_feat-chunk_level-02B_run-008_dat.csv,True,task-ils/sub-cp033/ses-20211215/level-02B_run-008/sub-cp033_ses-20211215_task-ils_stream-lslxp11xpcplt_feat-chunk_level-02B_run-008_dat.csv,True,task-ils/sub-cp033/ses-20211215/level-02B_run-008/sub-cp033_ses-20211215_task-ils_stream-lslxp11xpcac_feat-chunk_level-02B_run-008_dat.csv,True,task-ils/sub-cp033/ses-20211215/level-02B_run-008/sub-cp033_ses-20211215_task-ils_stream-lslxp11_feat-perfmetric_level-02B_run-008.csv,True,task-ils/sub-cp033/ses-20211215/level-02B_run-008/sub-cp033_ses-20211215_task-ils_stream-lslshimmertorsoacc_feat-chunk_level-02B_run-008_dat.csv,False,,9,ecg;eda;emg;eye_tracking;head_movement;performance;respiration;torso_body_accelerometer;xplane,control_input,0,,0,
ils,sub-cp033,ses-20211215,level-02B,run-010,sub-cp033_ses-20211215_level-02B_run-010,task-ils/sub-cp033/ses-20211215/level-02B_run-010,20,20,11,11,True,True,task-ils/sub-cp033/ses-20211215/level-02B_run-010/sub-cp033_ses-20211215_ocuevts_level-02B_run-010.csv;task-ils/sub-cp033/ses-20211215/level-02B_run-010/sub-cp033_ses-20211215_task-ils_stream-lslhtcviveeye_feat-chunk_level-02B_run-010_dat.csv,True,task-ils/sub-cp033/ses-20211215/level-02B_run-010/sub-cp033_ses-20211215_task-ils_stream-lslshimmerecg_feat-chunk_level-02B_run-010_dat.csv,True,task-ils/sub-cp033/ses-20211215/level-02B_run-010/sub-cp033_ses-20211215_task-ils_stream-lslshimmereda_feat-chunk_level-02B_run-010_dat.csv,True,task-ils/sub-cp033/ses-20211215/level-02B_run-010/sub-cp033_ses-20211215_task-ils_stream-lslshimmeremg_feat-chunk_level-02B_run-010_dat.csv,True,task-ils/sub-cp033/ses-20211215/level-02B_run-010/sub-cp033_ses-20211215_task-ils_stream-lslrespitrace_feat-chunk_level-02B_run-010_dat.csv;task-ils/sub-cp033/ses-20211215/level-02B_run-010/sub-cp033_ses-20211215_task-ils_stream-lslshimmerresp_feat-chunk_level-02B_run-010_dat.csv,True,task-ils/sub-cp033/ses-20211215/level-02B_run-010/sub-cp033_ses-20211215_task-ils_stream-lslxp11xpcplt_feat-chunk_level-02B_run-010_dat.csv,True,task-ils/sub-cp033/ses-20211215/level-02B_run-010/sub-cp033_ses-20211215_task-ils_stream-lslxp11xpcac_feat-chunk_level-02B_run-010_dat.csv,True,task-ils/sub-cp033/ses-20211215/level-02B_run-010/sub-cp033_ses-20211215_task-ils_stream-lslxp11_feat-perfmetric_level-02B_run-010.csv,True,task-ils/sub-cp033/ses-20211215/level-02B_run-010/sub-cp033_ses-20211215_task-ils_stream-lslshimmertorsoacc_feat-chunk_level-02B_run-010_dat.csv,False,,9,ecg;eda;emg;eye_tracking;head_movement;performance;respiration;torso_body_accelerometer;xplane,control_input,0,,0,
ils,sub-cp033,ses-20211215,level-03B,run-002,sub-cp033_ses-20211215_level-03B_run-002,task-ils/sub-cp033/ses-20211215/level-03B_run-002,20,20,11,11,True,True,task-ils/sub-cp033/ses-20211215/level-03B_run-002/sub-cp033_ses-20211215_ocuevts_level-03B_run-002.csv;task-ils/sub-cp033/ses-20211215/level-03B_run-002/sub-cp033_ses-20211215_task-ils_stream-lslhtcviveeye_feat-chunk_level-03B_run-002_dat.csv,True,task-ils/sub-cp033/ses-20211215/level-03B_run-002/sub-cp033_ses-20211215_task-ils_stream-lslshimmerecg_feat-chunk_level-03B_run-002_dat.csv,True,task-ils/sub-cp033/ses-20211215/level-03B_run-002/sub-cp033_ses-20211215_task-ils_stream-lslshimmereda_feat-chunk_level-03B_run-002_dat.csv,True,task-ils/sub-cp033/ses-20211215/level-03B_run-002/sub-cp033_ses-20211215_task-ils_stream-lslshimmeremg_feat-chunk_level-03B_run-002_dat.csv,True,task-ils/sub-cp033/ses-20211215/level-03B_run-002/sub-cp033_ses-20211215_task-ils_stream-lslrespitrace_feat-chunk_level-03B_run-002_dat.csv;task-ils/sub-cp033/ses-20211215/level-03B_run-002/sub-cp033_ses-20211215_task-ils_stream-lslshimmerresp_feat-chunk_level-03B_run-002_dat.csv,True,task-ils/sub-cp033/ses-20211215/level-03B_run-002/sub-cp033_ses-20211215_task-ils_stream-lslxp11xpcplt_feat-chunk_level-03B_run-002_dat.csv,True,task-ils/sub-cp033/ses-20211215/level-03B_run-002/sub-cp033_ses-20211215_task-ils_stream-lslxp11xpcac_feat-chunk_level-03B_run-002_dat.csv,True,task-ils/sub-cp033/ses-20211215/level-03B_run-002/sub-cp033_ses-20211215_task-ils_stream-lslxp11_feat-perfmetric_level-03B_run-002.csv,True,task-ils/sub-cp033/ses-20211215/level-03B_run-002/sub-cp033_ses-20211215_task-ils_stream-lslshimmertorsoacc_feat-chunk_level-03B_run-002_dat.csv,False,,9,ecg;eda;emg;eye_tracking;head_movement;performance;respiration;torso_body_accelerometer;xplane,control_input,0,,0,
ils,sub-cp033,ses-20211215,level-03B,run-005,sub-cp033_ses-20211215_level-03B_run-005,task-ils/sub-cp033/ses-20211215/level-03B_run-005,20,20,11,11,True,True,task-ils/sub-cp033/ses-20211215/level-03B_run-005/sub-cp033_ses-20211215_ocuevts_level-03B_run-005.csv;task-ils/sub-cp033/ses-20211215/level-03B_run-005/sub-cp033_ses-20211215_task-ils_stream-lslhtcviveeye_feat-chunk_level-03B_run-005_dat.csv,True,task-ils/sub-cp033/ses-20211215/level-03B_run-005/sub-cp033_ses-20211215_task-ils_stream-lslshimmerecg_feat-chunk_level-03B_run-005_dat.csv,True,task-ils/sub-cp033/ses-20211215/level-03B_run-005/sub-cp033_ses-20211215_task-ils_stream-lslshimmereda_feat-chunk_level-03B_run-005_dat.csv,True,task-ils/sub-cp033/ses-20211215/level-03B_run-005/sub-cp033_ses-20211215_task-ils_stream-lslshimmeremg_feat-chunk_level-03B_run-005_dat.csv,True,task-ils/sub-cp033/ses-20211215/level-03B_run-005/sub-cp033_ses-20211215_task-ils_stream-lslrespitrace_feat-chunk_level-03B_run-005_dat.csv;task-ils/sub-cp033/ses-20211215/level-03B_run-005/sub-cp033_ses-20211215_task-ils_stream-lslshimmerresp_feat-chunk_level-03B_run-005_dat.csv,True,task-ils/sub-cp033/ses-20211215/level-03B_run-005/sub-cp033_ses-20211215_task-ils_stream-lslxp11xpcplt_feat-chunk_level-03B_run-005_dat.csv,True,task-ils/sub-cp033/ses-20211215/level-03B_run-005/sub-cp033_ses-20211215_task-ils_stream-lslxp11xpcac_feat-chunk_level-03B_run-005_dat.csv,True,task-ils/sub-cp033/ses-20211215/level-03B_run-005/sub-cp033_ses-20211215_task-ils_stream-lslxp11_feat-perfmetric_level-03B_run-005.csv,True,task-ils/sub-cp033/ses-20211215/level-03B_run-005/sub-cp033_ses-20211215_task-ils_stream-lslshimmertorsoacc_feat-chunk_level-03B_run-005_dat.csv,False,,9,ecg;eda;emg;eye_tracking;head_movement;performance;respiration;torso_body_accelerometer;xplane,control_input,0,,0,
ils,sub-cp033,ses-20211215,level-03B,run-011,sub-cp033_ses-20211215_level-03B_run-011,task-ils/sub-cp033/ses-20211215/level-03B_run-011,20,20,11,11,True,True,task-ils/sub-cp033/ses-20211215/level-03B_run-011/sub-cp033_ses-20211215_ocuevts_level-03B_run-011.csv;task-ils/sub-cp033/ses-20211215/level-03B_run-011/sub-cp033_ses-20211215_task-ils_stream-lslhtcviveeye_feat-chunk_level-03B_run-011_dat.csv,True,task-ils/sub-cp033/ses-20211215/level-03B_run-011/sub-cp033_ses-20211215_task-ils_stream-lslshimmerecg_feat-chunk_level-03B_run-011_dat.csv,True,task-ils/sub-cp033/ses-20211215/level-03B_run-011/sub-cp033_ses-20211215_task-ils_stream-lslshimmereda_feat-chunk_level-03B_run-011_dat.csv,True,task-ils/sub-cp033/ses-20211215/level-03B_run-011/sub-cp033_ses-20211215_task-ils_stream-lslshimmeremg_feat-chunk_level-03B_run-011_dat.csv,True,task-ils/sub-cp033/ses-20211215/level-03B_run-011/sub-cp033_ses-20211215_task-ils_stream-lslrespitrace_feat-chunk_level-03B_run-011_dat.csv;task-ils/sub-cp033/ses-20211215/level-03B_run-011/sub-cp033_ses-20211215_task-ils_stream-lslshimmerresp_feat-chunk_level-03B_run-011_dat.csv,True,task-ils/sub-cp033/ses-20211215/level-03B_run-011/sub-cp033_ses-20211215_task-ils_stream-lslxp11xpcplt_feat-chunk_level-03B_run-011_dat.csv,True,task-ils/sub-cp033/ses-20211215/level-03B_run-011/sub-cp033_ses-20211215_task-ils_stream-lslxp11xpcac_feat-chunk_level-03B_run-011_dat.csv,True,task-ils/sub-cp033/ses-20211215/level-03B_run-011/sub-cp033_ses-20211215_task-ils_stream-lslxp11_feat-perfmetric_level-03B_run-011.csv,True,task-ils/sub-cp033/ses-20211215/level-03B_run-011/sub-cp033_ses-20211215_task-ils_stream-lslshimmertorsoacc_feat-chunk_level-03B_run-011_dat.csv,False,,9,ecg;eda;emg;eye_tracking;head_movement;performance;respiration;torso_body_accelerometer;xplane,control_input,0,,0,
ils,sub-cp033,ses-20211215,level-04B,run-004,sub-cp033_ses-20211215_level-04B_run-004,task-ils/sub-cp033/ses-20211215/level-04B_run-004,20,20,11,11,True,True,task-ils/sub-cp033/ses-20211215/level-04B_run-004/sub-cp033_ses-20211215_ocuevts_level-04B_run-004.csv;task-ils/sub-cp033/ses-20211215/level-04B_run-004/sub-cp033_ses-20211215_task-ils_stream-lslhtcviveeye_feat-chunk_level-04B_run-004_dat.csv,True,task-ils/sub-cp033/ses-20211215/level-04B_run-004/sub-cp033_ses-20211215_task-ils_stream-lslshimmerecg_feat-chunk_level-04B_run-004_dat.csv,True,task-ils/sub-cp033/ses-20211215/level-04B_run-004/sub-cp033_ses-20211215_task-ils_stream-lslshimmereda_feat-chunk_level-04B_run-004_dat.csv,True,task-ils/sub-cp033/ses-20211215/level-04B_run-004/sub-cp033_ses-20211215_task-ils_stream-lslshimmeremg_feat-chunk_level-04B_run-004_dat.csv,True,task-ils/sub-cp033/ses-20211215/level-04B_run-004/sub-cp033_ses-20211215_task-ils_stream-lslrespitrace_feat-chunk_level-04B_run-004_dat.csv;task-ils/sub-cp033/ses-20211215/level-04B_run-004/sub-cp033_ses-20211215_task-ils_stream-lslshimmerresp_feat-chunk_level-04B_run-004_dat.csv,True,task-ils/sub-cp033/ses-20211215/level-04B_run-004/sub-cp033_ses-20211215_task-ils_stream-lslxp11xpcplt_feat-chunk_level-04B_run-004_dat.csv,True,task-ils/sub-cp033/ses-20211215/level-04B_run-004/sub-cp033_ses-20211215_task-ils_stream-lslxp11xpcac_feat-chunk_level-04B_run-004_dat.csv,True,task-ils/sub-cp033/ses-20211215/level-04B_run-004/sub-cp033_ses-20211215_task-ils_stream-lslxp11_feat-perfmetric_level-04B_run-004.csv,True,task-ils/sub-cp033/ses-20211215/level-04B_run-004/sub-cp033_ses-20211215_task-ils_stream-lslshimmertorsoacc_feat-chunk_level-04B_run-004_dat.csv,False,,9,ecg;eda;emg;eye_tracking;head_movement;performance;respiration;torso_body_accelerometer;xplane,control_input,0,,0,
ils,sub-cp033,ses-20211215,level-04B,run-006,sub-cp033_ses-20211215_level-04B_run-006,task-ils/sub-cp033/ses-20211215/level-04B_run-006,20,20,11,11,True,True,task-ils/sub-cp033/ses-20211215/level-04B_run-006/sub-cp033_ses-20211215_ocuevts_level-04B_run-006.csv;task-ils/sub-cp033/ses-20211215/level-04B_run-006/sub-cp033_ses-20211215_task-ils_stream-lslhtcviveeye_feat-chunk_level-04B_run-006_dat.csv,True,task-ils/sub-cp033/ses-20211215/level-04B_run-006/sub-cp033_ses-20211215_task-ils_stream-lslshimmerecg_feat-chunk_level-04B_run-006_dat.csv,True,task-ils/sub-cp033/ses-20211215/level-04B_run-006/sub-cp033_ses-20211215_task-ils_stream-lslshimmereda_feat-chunk_level-04B_run-006_dat.csv,True,task-ils/sub-cp033/ses-20211215/level-04B_run-006/sub-cp033_ses-20211215_task-ils_stream-lslshimmeremg_feat-chunk_level-04B_run-006_dat.csv,True,task-ils/sub-cp033/ses-20211215/level-04B_run-006/sub-cp033_ses-20211215_task-ils_stream-lslrespitrace_feat-chunk_level-04B_run-006_dat.csv;task-ils/sub-cp033/ses-20211215/level-04B_run-006/sub-cp033_ses-20211215_task-ils_stream-lslshimmerresp_feat-chunk_level-04B_run-006_dat.csv,True,task-ils/sub-cp033/ses-20211215/level-04B_run-006/sub-cp033_ses-20211215_task-ils_stream-lslxp11xpcplt_feat-chunk_level-04B_run-006_dat.csv,True,task-ils/sub-cp033/ses-20211215/level-04B_run-006/sub-cp033_ses-20211215_task-ils_stream-lslxp11xpcac_feat-chunk_level-04B_run-006_dat.csv,True,task-ils/sub-cp033/ses-20211215/level-04B_run-006/sub-cp033_ses-20211215_task-ils_stream-lslxp11_feat-perfmetric_level-04B_run-006.csv,True,task-ils/sub-cp033/ses-20211215/level-04B_run-006/sub-cp033_ses-20211215_task-ils_stream-lslshimmertorsoacc_feat-chunk_level-04B_run-006_dat.csv,False,,9,ecg;eda;emg;eye_tracking;head_movement;performance;respiration;torso_body_accelerometer;xplane,control_input,0,,0,
ils,sub-cp033,ses-20211215,level-04B,run-009,sub-cp033_ses-20211215_level-04B_run-009,task-ils/sub-cp033/ses-20211215/level-04B_run-009,20,20,11,11,True,True,task-ils/sub-cp033/ses-20211215/level-04B_run-009/sub-cp033_ses-20211215_ocuevts_level-04B_run-009.csv;task-ils/sub-cp033/ses-20211215/level-04B_run-009/sub-cp033_ses-20211215_task-ils_stream-lslhtcviveeye_feat-chunk_level-04B_run-009_dat.csv,True,task-ils/sub-cp033/ses-20211215/level-04B_run-009/sub-cp033_ses-20211215_task-ils_stream-lslshimmerecg_feat-chunk_level-04B_run-009_dat.csv,True,task-ils/sub-cp033/ses-20211215/level-04B_run-009/sub-cp033_ses-20211215_task-ils_stream-lslshimmereda_feat-chunk_level-04B_run-009_dat.csv,True,task-ils/sub-cp033/ses-20211215/level-04B_run-009/sub-cp033_ses-20211215_task-ils_stream-lslshimmeremg_feat-chunk_level-04B_run-009_dat.csv,True,task-ils/sub-cp033/ses-20211215/level-04B_run-009/sub-cp033_ses-20211215_task-ils_stream-lslrespitrace_feat-chunk_level-04B_run-009_dat.csv;task-ils/sub-cp033/ses-20211215/level-04B_run-009/sub-cp033_ses-20211215_task-ils_stream-lslshimmerresp_feat-chunk_level-04B_run-009_dat.csv,True,task-ils/sub-cp033/ses-20211215/level-04B_run-009/sub-cp033_ses-20211215_task-ils_stream-lslxp11xpcplt_feat-chunk_level-04B_run-009_dat.csv,True,task-ils/sub-cp033/ses-20211215/level-04B_run-009/sub-cp033_ses-20211215_task-ils_stream-lslxp11xpcac_feat-chunk_level-04B_run-009_dat.csv,True,task-ils/sub-cp033/ses-20211215/level-04B_run-009/sub-cp033_ses-20211215_task-ils_stream-lslxp11_feat-perfmetric_level-04B_run-009.csv,True,task-ils/sub-cp033/ses-20211215/level-04B_run-009/sub-cp033_ses-20211215_task-ils_stream-lslshimmertorsoacc_feat-chunk_level-04B_run-009_dat.csv,False,,9,ecg;eda;emg;eye_tracking;head_movement;performance;respiration;torso_body_accelerometer;xplane,control_input,0,,0,
ils,sub-cp035,ses-20220125,level-01B,run-001,sub-cp035_ses-20220125_level-01B_run-001,task-ils/sub-cp035/ses-20220125/level-01B_run-001,20,20,11,11,True,True,task-ils/sub-cp035/ses-20220125/level-01B_run-001/sub-cp035_ses-20220125_ocuevts_level-01B_run-001.csv;task-ils/sub-cp035/ses-20220125/level-01B_run-001/sub-cp035_ses-20220125_task-ils_stream-lslhtcviveeye_feat-chunk_level-01B_run-001_dat.csv,True,task-ils/sub-cp035/ses-20220125/level-01B_run-001/sub-cp035_ses-20220125_task-ils_stream-lslshimmerecg_feat-chunk_level-01B_run-001_dat.csv,True,task-ils/sub-cp035/ses-20220125/level-01B_run-001/sub-cp035_ses-20220125_task-ils_stream-lslshimmereda_feat-chunk_level-01B_run-001_dat.csv,True,task-ils/sub-cp035/ses-20220125/level-01B_run-001/sub-cp035_ses-20220125_task-ils_stream-lslshimmeremg_feat-chunk_level-01B_run-001_dat.csv,True,task-ils/sub-cp035/ses-20220125/level-01B_run-001/sub-cp035_ses-20220125_task-ils_stream-lslrespitrace_feat-chunk_level-01B_run-001_dat.csv;task-ils/sub-cp035/ses-20220125/level-01B_run-001/sub-cp035_ses-20220125_task-ils_stream-lslshimmerresp_feat-chunk_level-01B_run-001_dat.csv,True,task-ils/sub-cp035/ses-20220125/level-01B_run-001/sub-cp035_ses-20220125_task-ils_stream-lslxp11xpcplt_feat-chunk_level-01B_run-001_dat.csv,True,task-ils/sub-cp035/ses-20220125/level-01B_run-001/sub-cp035_ses-20220125_task-ils_stream-lslxp11xpcac_feat-chunk_level-01B_run-001_dat.csv,True,task-ils/sub-cp035/ses-20220125/level-01B_run-001/sub-cp035_ses-20220125_task-ils_stream-lslxp11_feat-perfmetric_level-01B_run-001.csv,True,task-ils/sub-cp035/ses-20220125/level-01B_run-001/sub-cp035_ses-20220125_task-ils_stream-lslshimmertorsoacc_feat-chunk_level-01B_run-001_dat.csv,False,,9,ecg;eda;emg;eye_tracking;head_movement;performance;respiration;torso_body_accelerometer;xplane,control_input,0,,0,
ils,sub-cp035,ses-20220125,level-01B,run-007,sub-cp035_ses-20220125_level-01B_run-007,task-ils/sub-cp035/ses-20220125/level-01B_run-007,20,20,11,11,True,True,task-ils/sub-cp035/ses-20220125/level-01B_run-007/sub-cp035_ses-20220125_ocuevts_level-01B_run-007.csv;task-ils/sub-cp035/ses-20220125/level-01B_run-007/sub-cp035_ses-20220125_task-ils_stream-lslhtcviveeye_feat-chunk_level-01B_run-007_dat.csv,True,task-ils/sub-cp035/ses-20220125/level-01B_run-007/sub-cp035_ses-20220125_task-ils_stream-lslshimmerecg_feat-chunk_level-01B_run-007_dat.csv,True,task-ils/sub-cp035/ses-20220125/level-01B_run-007/sub-cp035_ses-20220125_task-ils_stream-lslshimmereda_feat-chunk_level-01B_run-007_dat.csv,True,task-ils/sub-cp035/ses-20220125/level-01B_run-007/sub-cp035_ses-20220125_task-ils_stream-lslshimmeremg_feat-chunk_level-01B_run-007_dat.csv,True,task-ils/sub-cp035/ses-20220125/level-01B_run-007/sub-cp035_ses-20220125_task-ils_stream-lslrespitrace_feat-chunk_level-01B_run-007_dat.csv;task-ils/sub-cp035/ses-20220125/level-01B_run-007/sub-cp035_ses-20220125_task-ils_stream-lslshimmerresp_feat-chunk_level-01B_run-007_dat.csv,True,task-ils/sub-cp035/ses-20220125/level-01B_run-007/sub-cp035_ses-20220125_task-ils_stream-lslxp11xpcplt_feat-chunk_level-01B_run-007_dat.csv,True,task-ils/sub-cp035/ses-20220125/level-01B_run-007/sub-cp035_ses-20220125_task-ils_stream-lslxp11xpcac_feat-chunk_level-01B_run-007_dat.csv,True,task-ils/sub-cp035/ses-20220125/level-01B_run-007/sub-cp035_ses-20220125_task-ils_stream-lslxp11_feat-perfmetric_level-01B_run-007.csv,True,task-ils/sub-cp035/ses-20220125/level-01B_run-007/sub-cp035_ses-20220125_task-ils_stream-lslshimmertorsoacc_feat-chunk_level-01B_run-007_dat.csv,False,,9,ecg;eda;emg;eye_tracking;head_movement;performance;respiration;torso_body_accelerometer;xplane,control_input,0,,0,
ils,sub-cp035,ses-20220125,level-01B,run-012,sub-cp035_ses-20220125_level-01B_run-012,task-ils/sub-cp035/ses-20220125/level-01B_run-012,20,20,11,11,True,True,task-ils/sub-cp035/ses-20220125/level-01B_run-012/sub-cp035_ses-20220125_ocuevts_level-01B_run-012.csv;task-ils/sub-cp035/ses-20220125/level-01B_run-012/sub-cp035_ses-20220125_task-ils_stream-lslhtcviveeye_feat-chunk_level-01B_run-012_dat.csv,True,task-ils/sub-cp035/ses-20220125/level-01B_run-012/sub-cp035_ses-20220125_task-ils_stream-lslshimmerecg_feat-chunk_level-01B_run-012_dat.csv,True,task-ils/sub-cp035/ses-20220125/level-01B_run-012/sub-cp035_ses-20220125_task-ils_stream-lslshimmereda_feat-chunk_level-01B_run-012_dat.csv,True,task-ils/sub-cp035/ses-20220125/level-01B_run-012/sub-cp035_ses-20220125_task-ils_stream-lslshimmeremg_feat-chunk_level-01B_run-012_dat.csv,True,task-ils/sub-cp035/ses-20220125/level-01B_run-012/sub-cp035_ses-20220125_task-ils_stream-lslrespitrace_feat-chunk_level-01B_run-012_dat.csv;task-ils/sub-cp035/ses-20220125/level-01B_run-012/sub-cp035_ses-20220125_task-ils_stream-lslshimmerresp_feat-chunk_level-01B_run-012_dat.csv,True,task-ils/sub-cp035/ses-20220125/level-01B_run-012/sub-cp035_ses-20220125_task-ils_stream-lslxp11xpcplt_feat-chunk_level-01B_run-012_dat.csv,True,task-ils/sub-cp035/ses-20220125/level-01B_run-012/sub-cp035_ses-20220125_task-ils_stream-lslxp11xpcac_feat-chunk_level-01B_run-012_dat.csv,True,task-ils/sub-cp035/ses-20220125/level-01B_run-012/sub-cp035_ses-20220125_task-ils_stream-lslxp11_feat-perfmetric_level-01B_run-012.csv,True,task-ils/sub-cp035/ses-20220125/level-01B_run-012/sub-cp035_ses-20220125_task-ils_stream-lslshimmertorsoacc_feat-chunk_level-01B_run-012_dat.csv,False,,9,ecg;eda;emg;eye_tracking;head_movement;performance;respiration;torso_body_accelerometer;xplane,control_input,0,,0,
ils,sub-cp035,ses-20220125,level-02B,run-003,sub-cp035_ses-20220125_level-02B_run-003,task-ils/sub-cp035/ses-20220125/level-02B_run-003,20,20,11,11,True,True,task-ils/sub-cp035/ses-20220125/level-02B_run-003/sub-cp035_ses-20220125_ocuevts_level-02B_run-003.csv;task-ils/sub-cp035/ses-20220125/level-02B_run-003/sub-cp035_ses-20220125_task-ils_stream-lslhtcviveeye_feat-chunk_level-02B_run-003_dat.csv,True,task-ils/sub-cp035/ses-20220125/level-02B_run-003/sub-cp035_ses-20220125_task-ils_stream-lslshimmerecg_feat-chunk_level-02B_run-003_dat.csv,True,task-ils/sub-cp035/ses-20220125/level-02B_run-003/sub-cp035_ses-20220125_task-ils_stream-lslshimmereda_feat-chunk_level-02B_run-003_dat.csv,True,task-ils/sub-cp035/ses-20220125/level-02B_run-003/sub-cp035_ses-20220125_task-ils_stream-lslshimmeremg_feat-chunk_level-02B_run-003_dat.csv,True,task-ils/sub-cp035/ses-20220125/level-02B_run-003/sub-cp035_ses-20220125_task-ils_stream-lslrespitrace_feat-chunk_level-02B_run-003_dat.csv;task-ils/sub-cp035/ses-20220125/level-02B_run-003/sub-cp035_ses-20220125_task-ils_stream-lslshimmerresp_feat-chunk_level-02B_run-003_dat.csv,True,task-ils/sub-cp035/ses-20220125/level-02B_run-003/sub-cp035_ses-20220125_task-ils_stream-lslxp11xpcplt_feat-chunk_level-02B_run-003_dat.csv,True,task-ils/sub-cp035/ses-20220125/level-02B_run-003/sub-cp035_ses-20220125_task-ils_stream-lslxp11xpcac_feat-chunk_level-02B_run-003_dat.csv,True,task-ils/sub-cp035/ses-20220125/level-02B_run-003/sub-cp035_ses-20220125_task-ils_stream-lslxp11_feat-perfmetric_level-02B_run-003.csv,True,task-ils/sub-cp035/ses-20220125/level-02B_run-003/sub-cp035_ses-20220125_task-ils_stream-lslshimmertorsoacc_feat-chunk_level-02B_run-003_dat.csv,False,,9,ecg;eda;emg;eye_tracking;head_movement;performance;respiration;torso_body_accelerometer;xplane,control_input,0,,0,
ils,sub-cp035,ses-20220125,level-02B,run-008,sub-cp035_ses-20220125_level-02B_run-008,task-ils/sub-cp035/ses-20220125/level-02B_run-008,20,20,11,11,True,True,task-ils/sub-cp035/ses-20220125/level-02B_run-008/sub-cp035_ses-20220125_ocuevts_level-02B_run-008.csv;task-ils/sub-cp035/ses-20220125/level-02B_run-008/sub-cp035_ses-20220125_task-ils_stream-lslhtcviveeye_feat-chunk_level-02B_run-008_dat.csv,True,task-ils/sub-cp035/ses-20220125/level-02B_run-008/sub-cp035_ses-20220125_task-ils_stream-lslshimmerecg_feat-chunk_level-02B_run-008_dat.csv,True,task-ils/sub-cp035/ses-20220125/level-02B_run-008/sub-cp035_ses-20220125_task-ils_stream-lslshimmereda_feat-chunk_level-02B_run-008_dat.csv,True,task-ils/sub-cp035/ses-20220125/level-02B_run-008/sub-cp035_ses-20220125_task-ils_stream-lslshimmeremg_feat-chunk_level-02B_run-008_dat.csv,True,task-ils/sub-cp035/ses-20220125/level-02B_run-008/sub-cp035_ses-20220125_task-ils_stream-lslrespitrace_feat-chunk_level-02B_run-008_dat.csv;task-ils/sub-cp035/ses-20220125/level-02B_run-008/sub-cp035_ses-20220125_task-ils_stream-lslshimmerresp_feat-chunk_level-02B_run-008_dat.csv,True,task-ils/sub-cp035/ses-20220125/level-02B_run-008/sub-cp035_ses-20220125_task-ils_stream-lslxp11xpcplt_feat-chunk_level-02B_run-008_dat.csv,True,task-ils/sub-cp035/ses-20220125/level-02B_run-008/sub-cp035_ses-20220125_task-ils_stream-lslxp11xpcac_feat-chunk_level-02B_run-008_dat.csv,True,task-ils/sub-cp035/ses-20220125/level-02B_run-008/sub-cp035_ses-20220125_task-ils_stream-lslxp11_feat-perfmetric_level-02B_run-008.csv,True,task-ils/sub-cp035/ses-20220125/level-02B_run-008/sub-cp035_ses-20220125_task-ils_stream-lslshimmertorsoacc_feat-chunk_level-02B_run-008_dat.csv,False,,9,ecg;eda;emg;eye_tracking;head_movement;performance;respiration;torso_body_accelerometer;xplane,control_input,0,,0,
ils,sub-cp035,ses-20220125,level-02B,run-010,sub-cp035_ses-20220125_level-02B_run-010,task-ils/sub-cp035/ses-20220125/level-02B_run-010,20,20,11,11,True,True,task-ils/sub-cp035/ses-20220125/level-02B_run-010/sub-cp035_ses-20220125_ocuevts_level-02B_run-010.csv;task-ils/sub-cp035/ses-20220125/level-02B_run-010/sub-cp035_ses-20220125_task-ils_stream-lslhtcviveeye_feat-chunk_level-02B_run-010_dat.csv,True,task-ils/sub-cp035/ses-20220125/level-02B_run-010/sub-cp035_ses-20220125_task-ils_stream-lslshimmerecg_feat-chunk_level-02B_run-010_dat.csv,True,task-ils/sub-cp035/ses-20220125/level-02B_run-010/sub-cp035_ses-20220125_task-ils_stream-lslshimmereda_feat-chunk_level-02B_run-010_dat.csv,True,task-ils/sub-cp035/ses-20220125/level-02B_run-010/sub-cp035_ses-20220125_task-ils_stream-lslshimmeremg_feat-chunk_level-02B_run-010_dat.csv,True,task-ils/sub-cp035/ses-20220125/level-02B_run-010/sub-cp035_ses-20220125_task-ils_stream-lslrespitrace_feat-chunk_level-02B_run-010_dat.csv;task-ils/sub-cp035/ses-20220125/level-02B_run-010/sub-cp035_ses-20220125_task-ils_stream-lslshimmerresp_feat-chunk_level-02B_run-010_dat.csv,True,task-ils/sub-cp035/ses-20220125/level-02B_run-010/sub-cp035_ses-20220125_task-ils_stream-lslxp11xpcplt_feat-chunk_level-02B_run-010_dat.csv,True,task-ils/sub-cp035/ses-20220125/level-02B_run-010/sub-cp035_ses-20220125_task-ils_stream-lslxp11xpcac_feat-chunk_level-02B_run-010_dat.csv,True,task-ils/sub-cp035/ses-20220125/level-02B_run-010/sub-cp035_ses-20220125_task-ils_stream-lslxp11_feat-perfmetric_level-02B_run-010.csv,True,task-ils/sub-cp035/ses-20220125/level-02B_run-010/sub-cp035_ses-20220125_task-ils_stream-lslshimmertorsoacc_feat-chunk_level-02B_run-010_dat.csv,False,,9,ecg;eda;emg;eye_tracking;head_movement;performance;respiration;torso_body_accelerometer;xplane,control_input,0,,0,
ils,sub-cp035,ses-20220125,level-03B,run-002,sub-cp035_ses-20220125_level-03B_run-002,task-ils/sub-cp035/ses-20220125/level-03B_run-002,20,20,11,11,True,True,task-ils/sub-cp035/ses-20220125/level-03B_run-002/sub-cp035_ses-20220125_ocuevts_level-03B_run-002.csv;task-ils/sub-cp035/ses-20220125/level-03B_run-002/sub-cp035_ses-20220125_task-ils_stream-lslhtcviveeye_feat-chunk_level-03B_run-002_dat.csv,True,task-ils/sub-cp035/ses-20220125/level-03B_run-002/sub-cp035_ses-20220125_task-ils_stream-lslshimmerecg_feat-chunk_level-03B_run-002_dat.csv,True,task-ils/sub-cp035/ses-20220125/level-03B_run-002/sub-cp035_ses-20220125_task-ils_stream-lslshimmereda_feat-chunk_level-03B_run-002_dat.csv,True,task-ils/sub-cp035/ses-20220125/level-03B_run-002/sub-cp035_ses-20220125_task-ils_stream-lslshimmeremg_feat-chunk_level-03B_run-002_dat.csv,True,task-ils/sub-cp035/ses-20220125/level-03B_run-002/sub-cp035_ses-20220125_task-ils_stream-lslrespitrace_feat-chunk_level-03B_run-002_dat.csv;task-ils/sub-cp035/ses-20220125/level-03B_run-002/sub-cp035_ses-20220125_task-ils_stream-lslshimmerresp_feat-chunk_level-03B_run-002_dat.csv,True,task-ils/sub-cp035/ses-20220125/level-03B_run-002/sub-cp035_ses-20220125_task-ils_stream-lslxp11xpcplt_feat-chunk_level-03B_run-002_dat.csv,True,task-ils/sub-cp035/ses-20220125/level-03B_run-002/sub-cp035_ses-20220125_task-ils_stream-lslxp11xpcac_feat-chunk_level-03B_run-002_dat.csv,True,task-ils/sub-cp035/ses-20220125/level-03B_run-002/sub-cp035_ses-20220125_task-ils_stream-lslxp11_feat-perfmetric_level-03B_run-002.csv,True,task-ils/sub-cp035/ses-20220125/level-03B_run-002/sub-cp035_ses-20220125_task-ils_stream-lslshimmertorsoacc_feat-chunk_level-03B_run-002_dat.csv,False,,9,ecg;eda;emg;eye_tracking;head_movement;performance;respiration;torso_body_accelerometer;xplane,control_input,0,,0,
ils,sub-cp035,ses-20220125,level-03B,run-005,sub-cp035_ses-20220125_level-03B_run-005,task-ils/sub-cp035/ses-20220125/level-03B_run-005,20,20,11,11,True,True,task-ils/sub-cp035/ses-20220125/level-03B_run-005/sub-cp035_ses-20220125_ocuevts_level-03B_run-005.csv;task-ils/sub-cp035/ses-20220125/level-03B_run-005/sub-cp035_ses-20220125_task-ils_stream-lslhtcviveeye_feat-chunk_level-03B_run-005_dat.csv,True,task-ils/sub-cp035/ses-20220125/level-03B_run-005/sub-cp035_ses-20220125_task-ils_stream-lslshimmerecg_feat-chunk_level-03B_run-005_dat.csv,True,task-ils/sub-cp035/ses-20220125/level-03B_run-005/sub-cp035_ses-20220125_task-ils_stream-lslshimmereda_feat-chunk_level-03B_run-005_dat.csv,True,task-ils/sub-cp035/ses-20220125/level-03B_run-005/sub-cp035_ses-20220125_task-ils_stream-lslshimmeremg_feat-chunk_level-03B_run-005_dat.csv,True,task-ils/sub-cp035/ses-20220125/level-03B_run-005/sub-cp035_ses-20220125_task-ils_stream-lslrespitrace_feat-chunk_level-03B_run-005_dat.csv;task-ils/sub-cp035/ses-20220125/level-03B_run-005/sub-cp035_ses-20220125_task-ils_stream-lslshimmerresp_feat-chunk_level-03B_run-005_dat.csv,True,task-ils/sub-cp035/ses-20220125/level-03B_run-005/sub-cp035_ses-20220125_task-ils_stream-lslxp11xpcplt_feat-chunk_level-03B_run-005_dat.csv,True,task-ils/sub-cp035/ses-20220125/level-03B_run-005/sub-cp035_ses-20220125_task-ils_stream-lslxp11xpcac_feat-chunk_level-03B_run-005_dat.csv,True,task-ils/sub-cp035/ses-20220125/level-03B_run-005/sub-cp035_ses-20220125_task-ils_stream-lslxp11_feat-perfmetric_level-03B_run-005.csv,True,task-ils/sub-cp035/ses-20220125/level-03B_run-005/sub-cp035_ses-20220125_task-ils_stream-lslshimmertorsoacc_feat-chunk_level-03B_run-005_dat.csv,False,,9,ecg;eda;emg;eye_tracking;head_movement;performance;respiration;torso_body_accelerometer;xplane,control_input,0,,0,
ils,sub-cp035,ses-20220125,level-03B,run-011,sub-cp035_ses-20220125_level-03B_run-011,task-ils/sub-cp035/ses-20220125/level-03B_run-011,20,20,11,11,True,True,task-ils/sub-cp035/ses-20220125/level-03B_run-011/sub-cp035_ses-20220125_ocuevts_level-03B_run-011.csv;task-ils/sub-cp035/ses-20220125/level-03B_run-011/sub-cp035_ses-20220125_task-ils_stream-lslhtcviveeye_feat-chunk_level-03B_run-011_dat.csv,True,task-ils/sub-cp035/ses-20220125/level-03B_run-011/sub-cp035_ses-20220125_task-ils_stream-lslshimmerecg_feat-chunk_level-03B_run-011_dat.csv,True,task-ils/sub-cp035/ses-20220125/level-03B_run-011/sub-cp035_ses-20220125_task-ils_stream-lslshimmereda_feat-chunk_level-03B_run-011_dat.csv,True,task-ils/sub-cp035/ses-20220125/level-03B_run-011/sub-cp035_ses-20220125_task-ils_stream-lslshimmeremg_feat-chunk_level-03B_run-011_dat.csv,True,task-ils/sub-cp035/ses-20220125/level-03B_run-011/sub-cp035_ses-20220125_task-ils_stream-lslrespitrace_feat-chunk_level-03B_run-011_dat.csv;task-ils/sub-cp035/ses-20220125/level-03B_run-011/sub-cp035_ses-20220125_task-ils_stream-lslshimmerresp_feat-chunk_level-03B_run-011_dat.csv,True,task-ils/sub-cp035/ses-20220125/level-03B_run-011/sub-cp035_ses-20220125_task-ils_stream-lslxp11xpcplt_feat-chunk_level-03B_run-011_dat.csv,True,task-ils/sub-cp035/ses-20220125/level-03B_run-011/sub-cp035_ses-20220125_task-ils_stream-lslxp11xpcac_feat-chunk_level-03B_run-011_dat.csv,True,task-ils/sub-cp035/ses-20220125/level-03B_run-011/sub-cp035_ses-20220125_task-ils_stream-lslxp11_feat-perfmetric_level-03B_run-011.csv,True,task-ils/sub-cp035/ses-20220125/level-03B_run-011/sub-cp035_ses-20220125_task-ils_stream-lslshimmertorsoacc_feat-chunk_level-03B_run-011_dat.csv,False,,9,ecg;eda;emg;eye_tracking;head_movement;performance;respiration;torso_body_accelerometer;xplane,control_input,0,,0,
ils,sub-cp035,ses-20220125,level-04B,run-004,sub-cp035_ses-20220125_level-04B_run-004,task-ils/sub-cp035/ses-20220125/level-04B_run-004,20,20,11,11,True,True,task-ils/sub-cp035/ses-20220125/level-04B_run-004/sub-cp035_ses-20220125_ocuevts_level-04B_run-004.csv;task-ils/sub-cp035/ses-20220125/level-04B_run-004/sub-cp035_ses-20220125_task-ils_stream-lslhtcviveeye_feat-chunk_level-04B_run-004_dat.csv,True,task-ils/sub-cp035/ses-20220125/level-04B_run-004/sub-cp035_ses-20220125_task-ils_stream-lslshimmerecg_feat-chunk_level-04B_run-004_dat.csv,True,task-ils/sub-cp035/ses-20220125/level-04B_run-004/sub-cp035_ses-20220125_task-ils_stream-lslshimmereda_feat-chunk_level-04B_run-004_dat.csv,True,task-ils/sub-cp035/ses-20220125/level-04B_run-004/sub-cp035_ses-20220125_task-ils_stream-lslshimmeremg_feat-chunk_level-04B_run-004_dat.csv,True,task-ils/sub-cp035/ses-20220125/level-04B_run-004/sub-cp035_ses-20220125_task-ils_stream-lslrespitrace_feat-chunk_level-04B_run-004_dat.csv;task-ils/sub-cp035/ses-20220125/level-04B_run-004/sub-cp035_ses-20220125_task-ils_stream-lslshimmerresp_feat-chunk_level-04B_run-004_dat.csv,True,task-ils/sub-cp035/ses-20220125/level-04B_run-004/sub-cp035_ses-20220125_task-ils_stream-lslxp11xpcplt_feat-chunk_level-04B_run-004_dat.csv,True,task-ils/sub-cp035/ses-20220125/level-04B_run-004/sub-cp035_ses-20220125_task-ils_stream-lslxp11xpcac_feat-chunk_level-04B_run-004_dat.csv,True,task-ils/sub-cp035/ses-20220125/level-04B_run-004/sub-cp035_ses-20220125_task-ils_stream-lslxp11_feat-perfmetric_level-04B_run-004.csv,True,task-ils/sub-cp035/ses-20220125/level-04B_run-004/sub-cp035_ses-20220125_task-ils_stream-lslshimmertorsoacc_feat-chunk_level-04B_run-004_dat.csv,False,,9,ecg;eda;emg;eye_tracking;head_movement;performance;respiration;torso_body_accelerometer;xplane,control_input,0,,0,
ils,sub-cp035,ses-20220125,level-04B,run-006,sub-cp035_ses-20220125_level-04B_run-006,task-ils/sub-cp035/ses-20220125/level-04B_run-006,20,20,11,11,True,True,task-ils/sub-cp035/ses-20220125/level-04B_run-006/sub-cp035_ses-20220125_ocuevts_level-04B_run-006.csv;task-ils/sub-cp035/ses-20220125/level-04B_run-006/sub-cp035_ses-20220125_task-ils_stream-lslhtcviveeye_feat-chunk_level-04B_run-006_dat.csv,True,task-ils/sub-cp035/ses-20220125/level-04B_run-006/sub-cp035_ses-20220125_task-ils_stream-lslshimmerecg_feat-chunk_level-04B_run-006_dat.csv,True,task-ils/sub-cp035/ses-20220125/level-04B_run-006/sub-cp035_ses-20220125_task-ils_stream-lslshimmereda_feat-chunk_level-04B_run-006_dat.csv,True,task-ils/sub-cp035/ses-20220125/level-04B_run-006/sub-cp035_ses-20220125_task-ils_stream-lslshimmeremg_feat-chunk_level-04B_run-006_dat.csv,True,task-ils/sub-cp035/ses-20220125/level-04B_run-006/sub-cp035_ses-20220125_task-ils_stream-lslrespitrace_feat-chunk_level-04B_run-006_dat.csv;task-ils/sub-cp035/ses-20220125/level-04B_run-006/sub-cp035_ses-20220125_task-ils_stream-lslshimmerresp_feat-chunk_level-04B_run-006_dat.csv,True,task-ils/sub-cp035/ses-20220125/level-04B_run-006/sub-cp035_ses-20220125_task-ils_stream-lslxp11xpcplt_feat-chunk_level-04B_run-006_dat.csv,True,task-ils/sub-cp035/ses-20220125/level-04B_run-006/sub-cp035_ses-20220125_task-ils_stream-lslxp11xpcac_feat-chunk_level-04B_run-006_dat.csv,True,task-ils/sub-cp035/ses-20220125/level-04B_run-006/sub-cp035_ses-20220125_task-ils_stream-lslxp11_feat-perfmetric_level-04B_run-006.csv,True,task-ils/sub-cp035/ses-20220125/level-04B_run-006/sub-cp035_ses-20220125_task-ils_stream-lslshimmertorsoacc_feat-chunk_level-04B_run-006_dat.csv,False,,9,ecg;eda;emg;eye_tracking;head_movement;performance;respiration;torso_body_accelerometer;xplane,control_input,0,,0,
ils,sub-cp035,ses-20220125,level-04B,run-009,sub-cp035_ses-20220125_level-04B_run-009,task-ils/sub-cp035/ses-20220125/level-04B_run-009,20,20,11,11,True,True,task-ils/sub-cp035/ses-20220125/level-04B_run-009/sub-cp035_ses-20220125_ocuevts_level-04B_run-009.csv;task-ils/sub-cp035/ses-20220125/level-04B_run-009/sub-cp035_ses-20220125_task-ils_stream-lslhtcviveeye_feat-chunk_level-04B_run-009_dat.csv,True,task-ils/sub-cp035/ses-20220125/level-04B_run-009/sub-cp035_ses-20220125_task-ils_stream-lslshimmerecg_feat-chunk_level-04B_run-009_dat.csv,True,task-ils/sub-cp035/ses-20220125/level-04B_run-009/sub-cp035_ses-20220125_task-ils_stream-lslshimmereda_feat-chunk_level-04B_run-009_dat.csv,True,task-ils/sub-cp035/ses-20220125/level-04B_run-009/sub-cp035_ses-20220125_task-ils_stream-lslshimmeremg_feat-chunk_level-04B_run-009_dat.csv,True,task-ils/sub-cp035/ses-20220125/level-04B_run-009/sub-cp035_ses-20220125_task-ils_stream-lslrespitrace_feat-chunk_level-04B_run-009_dat.csv;task-ils/sub-cp035/ses-20220125/level-04B_run-009/sub-cp035_ses-20220125_task-ils_stream-lslshimmerresp_feat-chunk_level-04B_run-009_dat.csv,True,task-ils/sub-cp035/ses-20220125/level-04B_run-009/sub-cp035_ses-20220125_task-ils_stream-lslxp11xpcplt_feat-chunk_level-04B_run-009_dat.csv,True,task-ils/sub-cp035/ses-20220125/level-04B_run-009/sub-cp035_ses-20220125_task-ils_stream-lslxp11xpcac_feat-chunk_level-04B_run-009_dat.csv,True,task-ils/sub-cp035/ses-20220125/level-04B_run-009/sub-cp035_ses-20220125_task-ils_stream-lslxp11_feat-perfmetric_level-04B_run-009.csv,True,task-ils/sub-cp035/ses-20220125/level-04B_run-009/sub-cp035_ses-20220125_task-ils_stream-lslshimmertorsoacc_feat-chunk_level-04B_run-009_dat.csv,False,,9,ecg;eda;emg;eye_tracking;head_movement;performance;respiration;torso_body_accelerometer;xplane,control_input,0,,0,
ils,sub-cp036,ses-20211218,level-01B,run-001,sub-cp036_ses-20211218_level-01B_run-001,task-ils/sub-cp036/ses-20211218/level-01B_run-001,20,20,11,11,True,True,task-ils/sub-cp036/ses-20211218/level-01B_run-001/sub-cp036_ses-20211218_ocuevts_level-01B_run-001.csv;task-ils/sub-cp036/ses-20211218/level-01B_run-001/sub-cp036_ses-20211218_task-ils_stream-lslhtcviveeye_feat-chunk_level-01B_run-001_dat.csv,True,task-ils/sub-cp036/ses-20211218/level-01B_run-001/sub-cp036_ses-20211218_task-ils_stream-lslshimmerecg_feat-chunk_level-01B_run-001_dat.csv,True,task-ils/sub-cp036/ses-20211218/level-01B_run-001/sub-cp036_ses-20211218_task-ils_stream-lslshimmereda_feat-chunk_level-01B_run-001_dat.csv,True,task-ils/sub-cp036/ses-20211218/level-01B_run-001/sub-cp036_ses-20211218_task-ils_stream-lslshimmeremg_feat-chunk_level-01B_run-001_dat.csv,True,task-ils/sub-cp036/ses-20211218/level-01B_run-001/sub-cp036_ses-20211218_task-ils_stream-lslrespitrace_feat-chunk_level-01B_run-001_dat.csv;task-ils/sub-cp036/ses-20211218/level-01B_run-001/sub-cp036_ses-20211218_task-ils_stream-lslshimmerresp_feat-chunk_level-01B_run-001_dat.csv,True,task-ils/sub-cp036/ses-20211218/level-01B_run-001/sub-cp036_ses-20211218_task-ils_stream-lslxp11xpcplt_feat-chunk_level-01B_run-001_dat.csv,True,task-ils/sub-cp036/ses-20211218/level-01B_run-001/sub-cp036_ses-20211218_task-ils_stream-lslxp11xpcac_feat-chunk_level-01B_run-001_dat.csv,True,task-ils/sub-cp036/ses-20211218/level-01B_run-001/sub-cp036_ses-20211218_task-ils_stream-lslxp11_feat-perfmetric_level-01B_run-001.csv,True,task-ils/sub-cp036/ses-20211218/level-01B_run-001/sub-cp036_ses-20211218_task-ils_stream-lslshimmertorsoacc_feat-chunk_level-01B_run-001_dat.csv,False,,9,ecg;eda;emg;eye_tracking;head_movement;performance;respiration;torso_body_accelerometer;xplane,control_input,0,,0,
ils,sub-cp036,ses-20211218,level-01B,run-007,sub-cp036_ses-20211218_level-01B_run-007,task-ils/sub-cp036/ses-20211218/level-01B_run-007,20,20,11,11,True,True,task-ils/sub-cp036/ses-20211218/level-01B_run-007/sub-cp036_ses-20211218_ocuevts_level-01B_run-007.csv;task-ils/sub-cp036/ses-20211218/level-01B_run-007/sub-cp036_ses-20211218_task-ils_stream-lslhtcviveeye_feat-chunk_level-01B_run-007_dat.csv,True,task-ils/sub-cp036/ses-20211218/level-01B_run-007/sub-cp036_ses-20211218_task-ils_stream-lslshimmerecg_feat-chunk_level-01B_run-007_dat.csv,True,task-ils/sub-cp036/ses-20211218/level-01B_run-007/sub-cp036_ses-20211218_task-ils_stream-lslshimmereda_feat-chunk_level-01B_run-007_dat.csv,True,task-ils/sub-cp036/ses-20211218/level-01B_run-007/sub-cp036_ses-20211218_task-ils_stream-lslshimmeremg_feat-chunk_level-01B_run-007_dat.csv,True,task-ils/sub-cp036/ses-20211218/level-01B_run-007/sub-cp036_ses-20211218_task-ils_stream-lslrespitrace_feat-chunk_level-01B_run-007_dat.csv;task-ils/sub-cp036/ses-20211218/level-01B_run-007/sub-cp036_ses-20211218_task-ils_stream-lslshimmerresp_feat-chunk_level-01B_run-007_dat.csv,True,task-ils/sub-cp036/ses-20211218/level-01B_run-007/sub-cp036_ses-20211218_task-ils_stream-lslxp11xpcplt_feat-chunk_level-01B_run-007_dat.csv,True,task-ils/sub-cp036/ses-20211218/level-01B_run-007/sub-cp036_ses-20211218_task-ils_stream-lslxp11xpcac_feat-chunk_level-01B_run-007_dat.csv,True,task-ils/sub-cp036/ses-20211218/level-01B_run-007/sub-cp036_ses-20211218_task-ils_stream-lslxp11_feat-perfmetric_level-01B_run-007.csv,True,task-ils/sub-cp036/ses-20211218/level-01B_run-007/sub-cp036_ses-20211218_task-ils_stream-lslshimmertorsoacc_feat-chunk_level-01B_run-007_dat.csv,False,,9,ecg;eda;emg;eye_tracking;head_movement;performance;respiration;torso_body_accelerometer;xplane,control_input,0,,0,
ils,sub-cp036,ses-20211218,level-01B,run-012,sub-cp036_ses-20211218_level-01B_run-012,task-ils/sub-cp036/ses-20211218/level-01B_run-012,20,20,11,11,True,True,task-ils/sub-cp036/ses-20211218/level-01B_run-012/sub-cp036_ses-20211218_ocuevts_level-01B_run-012.csv;task-ils/sub-cp036/ses-20211218/level-01B_run-012/sub-cp036_ses-20211218_task-ils_stream-lslhtcviveeye_feat-chunk_level-01B_run-012_dat.csv,True,task-ils/sub-cp036/ses-20211218/level-01B_run-012/sub-cp036_ses-20211218_task-ils_stream-lslshimmerecg_feat-chunk_level-01B_run-012_dat.csv,True,task-ils/sub-cp036/ses-20211218/level-01B_run-012/sub-cp036_ses-20211218_task-ils_stream-lslshimmereda_feat-chunk_level-01B_run-012_dat.csv,True,task-ils/sub-cp036/ses-20211218/level-01B_run-012/sub-cp036_ses-20211218_task-ils_stream-lslshimmeremg_feat-chunk_level-01B_run-012_dat.csv,True,task-ils/sub-cp036/ses-20211218/level-01B_run-012/sub-cp036_ses-20211218_task-ils_stream-lslrespitrace_feat-chunk_level-01B_run-012_dat.csv;task-ils/sub-cp036/ses-20211218/level-01B_run-012/sub-cp036_ses-20211218_task-ils_stream-lslshimmerresp_feat-chunk_level-01B_run-012_dat.csv,True,task-ils/sub-cp036/ses-20211218/level-01B_run-012/sub-cp036_ses-20211218_task-ils_stream-lslxp11xpcplt_feat-chunk_level-01B_run-012_dat.csv,True,task-ils/sub-cp036/ses-20211218/level-01B_run-012/sub-cp036_ses-20211218_task-ils_stream-lslxp11xpcac_feat-chunk_level-01B_run-012_dat.csv,True,task-ils/sub-cp036/ses-20211218/level-01B_run-012/sub-cp036_ses-20211218_task-ils_stream-lslxp11_feat-perfmetric_level-01B_run-012.csv,True,task-ils/sub-cp036/ses-20211218/level-01B_run-012/sub-cp036_ses-20211218_task-ils_stream-lslshimmertorsoacc_feat-chunk_level-01B_run-012_dat.csv,False,,9,ecg;eda;emg;eye_tracking;head_movement;performance;respiration;torso_body_accelerometer;xplane,control_input,0,,0,
ils,sub-cp036,ses-20211218,level-02B,run-003,sub-cp036_ses-20211218_level-02B_run-003,task-ils/sub-cp036/ses-20211218/level-02B_run-003,20,20,11,11,True,True,task-ils/sub-cp036/ses-20211218/level-02B_run-003/sub-cp036_ses-20211218_ocuevts_level-02B_run-003.csv;task-ils/sub-cp036/ses-20211218/level-02B_run-003/sub-cp036_ses-20211218_task-ils_stream-lslhtcviveeye_feat-chunk_level-02B_run-003_dat.csv,True,task-ils/sub-cp036/ses-20211218/level-02B_run-003/sub-cp036_ses-20211218_task-ils_stream-lslshimmerecg_feat-chunk_level-02B_run-003_dat.csv,True,task-ils/sub-cp036/ses-20211218/level-02B_run-003/sub-cp036_ses-20211218_task-ils_stream-lslshimmereda_feat-chunk_level-02B_run-003_dat.csv,True,task-ils/sub-cp036/ses-20211218/level-02B_run-003/sub-cp036_ses-20211218_task-ils_stream-lslshimmeremg_feat-chunk_level-02B_run-003_dat.csv,True,task-ils/sub-cp036/ses-20211218/level-02B_run-003/sub-cp036_ses-20211218_task-ils_stream-lslrespitrace_feat-chunk_level-02B_run-003_dat.csv;task-ils/sub-cp036/ses-20211218/level-02B_run-003/sub-cp036_ses-20211218_task-ils_stream-lslshimmerresp_feat-chunk_level-02B_run-003_dat.csv,True,task-ils/sub-cp036/ses-20211218/level-02B_run-003/sub-cp036_ses-20211218_task-ils_stream-lslxp11xpcplt_feat-chunk_level-02B_run-003_dat.csv,True,task-ils/sub-cp036/ses-20211218/level-02B_run-003/sub-cp036_ses-20211218_task-ils_stream-lslxp11xpcac_feat-chunk_level-02B_run-003_dat.csv,True,task-ils/sub-cp036/ses-20211218/level-02B_run-003/sub-cp036_ses-20211218_task-ils_stream-lslxp11_feat-perfmetric_level-02B_run-003.csv,True,task-ils/sub-cp036/ses-20211218/level-02B_run-003/sub-cp036_ses-20211218_task-ils_stream-lslshimmertorsoacc_feat-chunk_level-02B_run-003_dat.csv,False,,9,ecg;eda;emg;eye_tracking;head_movement;performance;respiration;torso_body_accelerometer;xplane,control_input,0,,0,
ils,sub-cp036,ses-20211218,level-02B,run-008,sub-cp036_ses-20211218_level-02B_run-008,task-ils/sub-cp036/ses-20211218/level-02B_run-008,20,20,11,11,True,True,task-ils/sub-cp036/ses-20211218/level-02B_run-008/sub-cp036_ses-20211218_ocuevts_level-02B_run-008.csv;task-ils/sub-cp036/ses-20211218/level-02B_run-008/sub-cp036_ses-20211218_task-ils_stream-lslhtcviveeye_feat-chunk_level-02B_run-008_dat.csv,True,task-ils/sub-cp036/ses-20211218/level-02B_run-008/sub-cp036_ses-20211218_task-ils_stream-lslshimmerecg_feat-chunk_level-02B_run-008_dat.csv,True,task-ils/sub-cp036/ses-20211218/level-02B_run-008/sub-cp036_ses-20211218_task-ils_stream-lslshimmereda_feat-chunk_level-02B_run-008_dat.csv,True,task-ils/sub-cp036/ses-20211218/level-02B_run-008/sub-cp036_ses-20211218_task-ils_stream-lslshimmeremg_feat-chunk_level-02B_run-008_dat.csv,True,task-ils/sub-cp036/ses-20211218/level-02B_run-008/sub-cp036_ses-20211218_task-ils_stream-lslrespitrace_feat-chunk_level-02B_run-008_dat.csv;task-ils/sub-cp036/ses-20211218/level-02B_run-008/sub-cp036_ses-20211218_task-ils_stream-lslshimmerresp_feat-chunk_level-02B_run-008_dat.csv,True,task-ils/sub-cp036/ses-20211218/level-02B_run-008/sub-cp036_ses-20211218_task-ils_stream-lslxp11xpcplt_feat-chunk_level-02B_run-008_dat.csv,True,task-ils/sub-cp036/ses-20211218/level-02B_run-008/sub-cp036_ses-20211218_task-ils_stream-lslxp11xpcac_feat-chunk_level-02B_run-008_dat.csv,True,task-ils/sub-cp036/ses-20211218/level-02B_run-008/sub-cp036_ses-20211218_task-ils_stream-lslxp11_feat-perfmetric_level-02B_run-008.csv,True,task-ils/sub-cp036/ses-20211218/level-02B_run-008/sub-cp036_ses-20211218_task-ils_stream-lslshimmertorsoacc_feat-chunk_level-02B_run-008_dat.csv,False,,9,ecg;eda;emg;eye_tracking;head_movement;performance;respiration;torso_body_accelerometer;xplane,control_input,0,,0,
ils,sub-cp036,ses-20211218,level-02B,run-010,sub-cp036_ses-20211218_level-02B_run-010,task-ils/sub-cp036/ses-20211218/level-02B_run-010,20,20,11,11,True,True,task-ils/sub-cp036/ses-20211218/level-02B_run-010/sub-cp036_ses-20211218_ocuevts_level-02B_run-010.csv;task-ils/sub-cp036/ses-20211218/level-02B_run-010/sub-cp036_ses-20211218_task-ils_stream-lslhtcviveeye_feat-chunk_level-02B_run-010_dat.csv,True,task-ils/sub-cp036/ses-20211218/level-02B_run-010/sub-cp036_ses-20211218_task-ils_stream-lslshimmerecg_feat-chunk_level-02B_run-010_dat.csv,True,task-ils/sub-cp036/ses-20211218/level-02B_run-010/sub-cp036_ses-20211218_task-ils_stream-lslshimmereda_feat-chunk_level-02B_run-010_dat.csv,True,task-ils/sub-cp036/ses-20211218/level-02B_run-010/sub-cp036_ses-20211218_task-ils_stream-lslshimmeremg_feat-chunk_level-02B_run-010_dat.csv,True,task-ils/sub-cp036/ses-20211218/level-02B_run-010/sub-cp036_ses-20211218_task-ils_stream-lslrespitrace_feat-chunk_level-02B_run-010_dat.csv;task-ils/sub-cp036/ses-20211218/level-02B_run-010/sub-cp036_ses-20211218_task-ils_stream-lslshimmerresp_feat-chunk_level-02B_run-010_dat.csv,True,task-ils/sub-cp036/ses-20211218/level-02B_run-010/sub-cp036_ses-20211218_task-ils_stream-lslxp11xpcplt_feat-chunk_level-02B_run-010_dat.csv,True,task-ils/sub-cp036/ses-20211218/level-02B_run-010/sub-cp036_ses-20211218_task-ils_stream-lslxp11xpcac_feat-chunk_level-02B_run-010_dat.csv,True,task-ils/sub-cp036/ses-20211218/level-02B_run-010/sub-cp036_ses-20211218_task-ils_stream-lslxp11_feat-perfmetric_level-02B_run-010.csv,True,task-ils/sub-cp036/ses-20211218/level-02B_run-010/sub-cp036_ses-20211218_task-ils_stream-lslshimmertorsoacc_feat-chunk_level-02B_run-010_dat.csv,False,,9,ecg;eda;emg;eye_tracking;head_movement;performance;respiration;torso_body_accelerometer;xplane,control_input,0,,0,
ils,sub-cp036,ses-20211218,level-03B,run-002,sub-cp036_ses-20211218_level-03B_run-002,task-ils/sub-cp036/ses-20211218/level-03B_run-002,20,20,11,11,True,True,task-ils/sub-cp036/ses-20211218/level-03B_run-002/sub-cp036_ses-20211218_ocuevts_level-03B_run-002.csv;task-ils/sub-cp036/ses-20211218/level-03B_run-002/sub-cp036_ses-20211218_task-ils_stream-lslhtcviveeye_feat-chunk_level-03B_run-002_dat.csv,True,task-ils/sub-cp036/ses-20211218/level-03B_run-002/sub-cp036_ses-20211218_task-ils_stream-lslshimmerecg_feat-chunk_level-03B_run-002_dat.csv,True,task-ils/sub-cp036/ses-20211218/level-03B_run-002/sub-cp036_ses-20211218_task-ils_stream-lslshimmereda_feat-chunk_level-03B_run-002_dat.csv,True,task-ils/sub-cp036/ses-20211218/level-03B_run-002/sub-cp036_ses-20211218_task-ils_stream-lslshimmeremg_feat-chunk_level-03B_run-002_dat.csv,True,task-ils/sub-cp036/ses-20211218/level-03B_run-002/sub-cp036_ses-20211218_task-ils_stream-lslrespitrace_feat-chunk_level-03B_run-002_dat.csv;task-ils/sub-cp036/ses-20211218/level-03B_run-002/sub-cp036_ses-20211218_task-ils_stream-lslshimmerresp_feat-chunk_level-03B_run-002_dat.csv,True,task-ils/sub-cp036/ses-20211218/level-03B_run-002/sub-cp036_ses-20211218_task-ils_stream-lslxp11xpcplt_feat-chunk_level-03B_run-002_dat.csv,True,task-ils/sub-cp036/ses-20211218/level-03B_run-002/sub-cp036_ses-20211218_task-ils_stream-lslxp11xpcac_feat-chunk_level-03B_run-002_dat.csv,True,task-ils/sub-cp036/ses-20211218/level-03B_run-002/sub-cp036_ses-20211218_task-ils_stream-lslxp11_feat-perfmetric_level-03B_run-002.csv,True,task-ils/sub-cp036/ses-20211218/level-03B_run-002/sub-cp036_ses-20211218_task-ils_stream-lslshimmertorsoacc_feat-chunk_level-03B_run-002_dat.csv,False,,9,ecg;eda;emg;eye_tracking;head_movement;performance;respiration;torso_body_accelerometer;xplane,control_input,0,,0,
ils,sub-cp036,ses-20211218,level-03B,run-005,sub-cp036_ses-20211218_level-03B_run-005,task-ils/sub-cp036/ses-20211218/level-03B_run-005,20,20,11,11,True,True,task-ils/sub-cp036/ses-20211218/level-03B_run-005/sub-cp036_ses-20211218_ocuevts_level-03B_run-005.csv;task-ils/sub-cp036/ses-20211218/level-03B_run-005/sub-cp036_ses-20211218_task-ils_stream-lslhtcviveeye_feat-chunk_level-03B_run-005_dat.csv,True,task-ils/sub-cp036/ses-20211218/level-03B_run-005/sub-cp036_ses-20211218_task-ils_stream-lslshimmerecg_feat-chunk_level-03B_run-005_dat.csv,True,task-ils/sub-cp036/ses-20211218/level-03B_run-005/sub-cp036_ses-20211218_task-ils_stream-lslshimmereda_feat-chunk_level-03B_run-005_dat.csv,True,task-ils/sub-cp036/ses-20211218/level-03B_run-005/sub-cp036_ses-20211218_task-ils_stream-lslshimmeremg_feat-chunk_level-03B_run-005_dat.csv,True,task-ils/sub-cp036/ses-20211218/level-03B_run-005/sub-cp036_ses-20211218_task-ils_stream-lslrespitrace_feat-chunk_level-03B_run-005_dat.csv;task-ils/sub-cp036/ses-20211218/level-03B_run-005/sub-cp036_ses-20211218_task-ils_stream-lslshimmerresp_feat-chunk_level-03B_run-005_dat.csv,True,task-ils/sub-cp036/ses-20211218/level-03B_run-005/sub-cp036_ses-20211218_task-ils_stream-lslxp11xpcplt_feat-chunk_level-03B_run-005_dat.csv,True,task-ils/sub-cp036/ses-20211218/level-03B_run-005/sub-cp036_ses-20211218_task-ils_stream-lslxp11xpcac_feat-chunk_level-03B_run-005_dat.csv,True,task-ils/sub-cp036/ses-20211218/level-03B_run-005/sub-cp036_ses-20211218_task-ils_stream-lslxp11_feat-perfmetric_level-03B_run-005.csv,True,task-ils/sub-cp036/ses-20211218/level-03B_run-005/sub-cp036_ses-20211218_task-ils_stream-lslshimmertorsoacc_feat-chunk_level-03B_run-005_dat.csv,False,,9,ecg;eda;emg;eye_tracking;head_movement;performance;respiration;torso_body_accelerometer;xplane,control_input,0,,0,
ils,sub-cp036,ses-20211218,level-03B,run-011,sub-cp036_ses-20211218_level-03B_run-011,task-ils/sub-cp036/ses-20211218/level-03B_run-011,20,20,11,11,True,True,task-ils/sub-cp036/ses-20211218/level-03B_run-011/sub-cp036_ses-20211218_ocuevts_level-03B_run-011.csv;task-ils/sub-cp036/ses-20211218/level-03B_run-011/sub-cp036_ses-20211218_task-ils_stream-lslhtcviveeye_feat-chunk_level-03B_run-011_dat.csv,True,task-ils/sub-cp036/ses-20211218/level-03B_run-011/sub-cp036_ses-20211218_task-ils_stream-lslshimmerecg_feat-chunk_level-03B_run-011_dat.csv,True,task-ils/sub-cp036/ses-20211218/level-03B_run-011/sub-cp036_ses-20211218_task-ils_stream-lslshimmereda_feat-chunk_level-03B_run-011_dat.csv,True,task-ils/sub-cp036/ses-20211218/level-03B_run-011/sub-cp036_ses-20211218_task-ils_stream-lslshimmeremg_feat-chunk_level-03B_run-011_dat.csv,True,task-ils/sub-cp036/ses-20211218/level-03B_run-011/sub-cp036_ses-20211218_task-ils_stream-lslrespitrace_feat-chunk_level-03B_run-011_dat.csv;task-ils/sub-cp036/ses-20211218/level-03B_run-011/sub-cp036_ses-20211218_task-ils_stream-lslshimmerresp_feat-chunk_level-03B_run-011_dat.csv,True,task-ils/sub-cp036/ses-20211218/level-03B_run-011/sub-cp036_ses-20211218_task-ils_stream-lslxp11xpcplt_feat-chunk_level-03B_run-011_dat.csv,True,task-ils/sub-cp036/ses-20211218/level-03B_run-011/sub-cp036_ses-20211218_task-ils_stream-lslxp11xpcac_feat-chunk_level-03B_run-011_dat.csv,True,task-ils/sub-cp036/ses-20211218/level-03B_run-011/sub-cp036_ses-20211218_task-ils_stream-lslxp11_feat-perfmetric_level-03B_run-011.csv,True,task-ils/sub-cp036/ses-20211218/level-03B_run-011/sub-cp036_ses-20211218_task-ils_stream-lslshimmertorsoacc_feat-chunk_level-03B_run-011_dat.csv,False,,9,ecg;eda;emg;eye_tracking;head_movement;performance;respiration;torso_body_accelerometer;xplane,control_input,0,,0,
ils,sub-cp036,ses-20211218,level-04B,run-004,sub-cp036_ses-20211218_level-04B_run-004,task-ils/sub-cp036/ses-20211218/level-04B_run-004,20,20,11,11,True,True,task-ils/sub-cp036/ses-20211218/level-04B_run-004/sub-cp036_ses-20211218_ocuevts_level-04B_run-004.csv;task-ils/sub-cp036/ses-20211218/level-04B_run-004/sub-cp036_ses-20211218_task-ils_stream-lslhtcviveeye_feat-chunk_level-04B_run-004_dat.csv,True,task-ils/sub-cp036/ses-20211218/level-04B_run-004/sub-cp036_ses-20211218_task-ils_stream-lslshimmerecg_feat-chunk_level-04B_run-004_dat.csv,True,task-ils/sub-cp036/ses-20211218/level-04B_run-004/sub-cp036_ses-20211218_task-ils_stream-lslshimmereda_feat-chunk_level-04B_run-004_dat.csv,True,task-ils/sub-cp036/ses-20211218/level-04B_run-004/sub-cp036_ses-20211218_task-ils_stream-lslshimmeremg_feat-chunk_level-04B_run-004_dat.csv,True,task-ils/sub-cp036/ses-20211218/level-04B_run-004/sub-cp036_ses-20211218_task-ils_stream-lslrespitrace_feat-chunk_level-04B_run-004_dat.csv;task-ils/sub-cp036/ses-20211218/level-04B_run-004/sub-cp036_ses-20211218_task-ils_stream-lslshimmerresp_feat-chunk_level-04B_run-004_dat.csv,True,task-ils/sub-cp036/ses-20211218/level-04B_run-004/sub-cp036_ses-20211218_task-ils_stream-lslxp11xpcplt_feat-chunk_level-04B_run-004_dat.csv,True,task-ils/sub-cp036/ses-20211218/level-04B_run-004/sub-cp036_ses-20211218_task-ils_stream-lslxp11xpcac_feat-chunk_level-04B_run-004_dat.csv,True,task-ils/sub-cp036/ses-20211218/level-04B_run-004/sub-cp036_ses-20211218_task-ils_stream-lslxp11_feat-perfmetric_level-04B_run-004.csv,True,task-ils/sub-cp036/ses-20211218/level-04B_run-004/sub-cp036_ses-20211218_task-ils_stream-lslshimmertorsoacc_feat-chunk_level-04B_run-004_dat.csv,False,,9,ecg;eda;emg;eye_tracking;head_movement;performance;respiration;torso_body_accelerometer;xplane,control_input,0,,0,
ils,sub-cp036,ses-20211218,level-04B,run-006,sub-cp036_ses-20211218_level-04B_run-006,task-ils/sub-cp036/ses-20211218/level-04B_run-006,20,20,11,11,True,True,task-ils/sub-cp036/ses-20211218/level-04B_run-006/sub-cp036_ses-20211218_ocuevts_level-04B_run-006.csv;task-ils/sub-cp036/ses-20211218/level-04B_run-006/sub-cp036_ses-20211218_task-ils_stream-lslhtcviveeye_feat-chunk_level-04B_run-006_dat.csv,True,task-ils/sub-cp036/ses-20211218/level-04B_run-006/sub-cp036_ses-20211218_task-ils_stream-lslshimmerecg_feat-chunk_level-04B_run-006_dat.csv,True,task-ils/sub-cp036/ses-20211218/level-04B_run-006/sub-cp036_ses-20211218_task-ils_stream-lslshimmereda_feat-chunk_level-04B_run-006_dat.csv,True,task-ils/sub-cp036/ses-20211218/level-04B_run-006/sub-cp036_ses-20211218_task-ils_stream-lslshimmeremg_feat-chunk_level-04B_run-006_dat.csv,True,task-ils/sub-cp036/ses-20211218/level-04B_run-006/sub-cp036_ses-20211218_task-ils_stream-lslrespitrace_feat-chunk_level-04B_run-006_dat.csv;task-ils/sub-cp036/ses-20211218/level-04B_run-006/sub-cp036_ses-20211218_task-ils_stream-lslshimmerresp_feat-chunk_level-04B_run-006_dat.csv,True,task-ils/sub-cp036/ses-20211218/level-04B_run-006/sub-cp036_ses-20211218_task-ils_stream-lslxp11xpcplt_feat-chunk_level-04B_run-006_dat.csv,True,task-ils/sub-cp036/ses-20211218/level-04B_run-006/sub-cp036_ses-20211218_task-ils_stream-lslxp11xpcac_feat-chunk_level-04B_run-006_dat.csv,True,task-ils/sub-cp036/ses-20211218/level-04B_run-006/sub-cp036_ses-20211218_task-ils_stream-lslxp11_feat-perfmetric_level-04B_run-006.csv,True,task-ils/sub-cp036/ses-20211218/level-04B_run-006/sub-cp036_ses-20211218_task-ils_stream-lslshimmertorsoacc_feat-chunk_level-04B_run-006_dat.csv,False,,9,ecg;eda;emg;eye_tracking;head_movement;performance;respiration;torso_body_accelerometer;xplane,control_input,0,,0,
ils,sub-cp036,ses-20211218,level-04B,run-009,sub-cp036_ses-20211218_level-04B_run-009,task-ils/sub-cp036/ses-20211218/level-04B_run-009,20,20,11,11,True,True,task-ils/sub-cp036/ses-20211218/level-04B_run-009/sub-cp036_ses-20211218_ocuevts_level-04B_run-009.csv;task-ils/sub-cp036/ses-20211218/level-04B_run-009/sub-cp036_ses-20211218_task-ils_stream-lslhtcviveeye_feat-chunk_level-04B_run-009_dat.csv,True,task-ils/sub-cp036/ses-20211218/level-04B_run-009/sub-cp036_ses-20211218_task-ils_stream-lslshimmerecg_feat-chunk_level-04B_run-009_dat.csv,True,task-ils/sub-cp036/ses-20211218/level-04B_run-009/sub-cp036_ses-20211218_task-ils_stream-lslshimmereda_feat-chunk_level-04B_run-009_dat.csv,True,task-ils/sub-cp036/ses-20211218/level-04B_run-009/sub-cp036_ses-20211218_task-ils_stream-lslshimmeremg_feat-chunk_level-04B_run-009_dat.csv,True,task-ils/sub-cp036/ses-20211218/level-04B_run-009/sub-cp036_ses-20211218_task-ils_stream-lslrespitrace_feat-chunk_level-04B_run-009_dat.csv;task-ils/sub-cp036/ses-20211218/level-04B_run-009/sub-cp036_ses-20211218_task-ils_stream-lslshimmerresp_feat-chunk_level-04B_run-009_dat.csv,True,task-ils/sub-cp036/ses-20211218/level-04B_run-009/sub-cp036_ses-20211218_task-ils_stream-lslxp11xpcplt_feat-chunk_level-04B_run-009_dat.csv,True,task-ils/sub-cp036/ses-20211218/level-04B_run-009/sub-cp036_ses-20211218_task-ils_stream-lslxp11xpcac_feat-chunk_level-04B_run-009_dat.csv,True,task-ils/sub-cp036/ses-20211218/level-04B_run-009/sub-cp036_ses-20211218_task-ils_stream-lslxp11_feat-perfmetric_level-04B_run-009.csv,True,task-ils/sub-cp036/ses-20211218/level-04B_run-009/sub-cp036_ses-20211218_task-ils_stream-lslshimmertorsoacc_feat-chunk_level-04B_run-009_dat.csv,False,,9,ecg;eda;emg;eye_tracking;head_movement;performance;respiration;torso_body_accelerometer;xplane,control_input,0,,0,
ils,sub-cp037,ses-20210113,level-01B,run-001,sub-cp037_ses-20210113_level-01B_run-001,task-ils/sub-cp037/ses-20210113/level-01B_run-001,20,20,11,11,True,True,task-ils/sub-cp037/ses-20210113/level-01B_run-001/sub-cp037_ses-20210113_ocuevts_level-01B_run-001.csv;task-ils/sub-cp037/ses-20210113/level-01B_run-001/sub-cp037_ses-20210113_task-ils_stream-lslhtcviveeye_feat-chunk_level-01B_run-001_dat.csv,True,task-ils/sub-cp037/ses-20210113/level-01B_run-001/sub-cp037_ses-20210113_task-ils_stream-lslshimmerecg_feat-chunk_level-01B_run-001_dat.csv,True,task-ils/sub-cp037/ses-20210113/level-01B_run-001/sub-cp037_ses-20210113_task-ils_stream-lslshimmereda_feat-chunk_level-01B_run-001_dat.csv,True,task-ils/sub-cp037/ses-20210113/level-01B_run-001/sub-cp037_ses-20210113_task-ils_stream-lslshimmeremg_feat-chunk_level-01B_run-001_dat.csv,True,task-ils/sub-cp037/ses-20210113/level-01B_run-001/sub-cp037_ses-20210113_task-ils_stream-lslrespitrace_feat-chunk_level-01B_run-001_dat.csv;task-ils/sub-cp037/ses-20210113/level-01B_run-001/sub-cp037_ses-20210113_task-ils_stream-lslshimmerresp_feat-chunk_level-01B_run-001_dat.csv,True,task-ils/sub-cp037/ses-20210113/level-01B_run-001/sub-cp037_ses-20210113_task-ils_stream-lslxp11xpcplt_feat-chunk_level-01B_run-001_dat.csv,True,task-ils/sub-cp037/ses-20210113/level-01B_run-001/sub-cp037_ses-20210113_task-ils_stream-lslxp11xpcac_feat-chunk_level-01B_run-001_dat.csv,True,task-ils/sub-cp037/ses-20210113/level-01B_run-001/sub-cp037_ses-20210113_task-ils_stream-lslxp11_feat-perfmetric_level-01B_run-001.csv,True,task-ils/sub-cp037/ses-20210113/level-01B_run-001/sub-cp037_ses-20210113_task-ils_stream-lslshimmertorsoacc_feat-chunk_level-01B_run-001_dat.csv,False,,9,ecg;eda;emg;eye_tracking;head_movement;performance;respiration;torso_body_accelerometer;xplane,control_input,0,,0,
ils,sub-cp037,ses-20210113,level-01B,run-007,sub-cp037_ses-20210113_level-01B_run-007,task-ils/sub-cp037/ses-20210113/level-01B_run-007,20,20,11,11,True,True,task-ils/sub-cp037/ses-20210113/level-01B_run-007/sub-cp037_ses-20210113_ocuevts_level-01B_run-007.csv;task-ils/sub-cp037/ses-20210113/level-01B_run-007/sub-cp037_ses-20210113_task-ils_stream-lslhtcviveeye_feat-chunk_level-01B_run-007_dat.csv,True,task-ils/sub-cp037/ses-20210113/level-01B_run-007/sub-cp037_ses-20210113_task-ils_stream-lslshimmerecg_feat-chunk_level-01B_run-007_dat.csv,True,task-ils/sub-cp037/ses-20210113/level-01B_run-007/sub-cp037_ses-20210113_task-ils_stream-lslshimmereda_feat-chunk_level-01B_run-007_dat.csv,True,task-ils/sub-cp037/ses-20210113/level-01B_run-007/sub-cp037_ses-20210113_task-ils_stream-lslshimmeremg_feat-chunk_level-01B_run-007_dat.csv,True,task-ils/sub-cp037/ses-20210113/level-01B_run-007/sub-cp037_ses-20210113_task-ils_stream-lslrespitrace_feat-chunk_level-01B_run-007_dat.csv;task-ils/sub-cp037/ses-20210113/level-01B_run-007/sub-cp037_ses-20210113_task-ils_stream-lslshimmerresp_feat-chunk_level-01B_run-007_dat.csv,True,task-ils/sub-cp037/ses-20210113/level-01B_run-007/sub-cp037_ses-20210113_task-ils_stream-lslxp11xpcplt_feat-chunk_level-01B_run-007_dat.csv,True,task-ils/sub-cp037/ses-20210113/level-01B_run-007/sub-cp037_ses-20210113_task-ils_stream-lslxp11xpcac_feat-chunk_level-01B_run-007_dat.csv,True,task-ils/sub-cp037/ses-20210113/level-01B_run-007/sub-cp037_ses-20210113_task-ils_stream-lslxp11_feat-perfmetric_level-01B_run-007.csv,True,task-ils/sub-cp037/ses-20210113/level-01B_run-007/sub-cp037_ses-20210113_task-ils_stream-lslshimmertorsoacc_feat-chunk_level-01B_run-007_dat.csv,False,,9,ecg;eda;emg;eye_tracking;head_movement;performance;respiration;torso_body_accelerometer;xplane,control_input,0,,0,
ils,sub-cp037,ses-20210113,level-01B,run-012,sub-cp037_ses-20210113_level-01B_run-012,task-ils/sub-cp037/ses-20210113/level-01B_run-012,20,20,11,11,True,True,task-ils/sub-cp037/ses-20210113/level-01B_run-012/sub-cp037_ses-20210113_ocuevts_level-01B_run-012.csv;task-ils/sub-cp037/ses-20210113/level-01B_run-012/sub-cp037_ses-20210113_task-ils_stream-lslhtcviveeye_feat-chunk_level-01B_run-012_dat.csv,True,task-ils/sub-cp037/ses-20210113/level-01B_run-012/sub-cp037_ses-20210113_task-ils_stream-lslshimmerecg_feat-chunk_level-01B_run-012_dat.csv,True,task-ils/sub-cp037/ses-20210113/level-01B_run-012/sub-cp037_ses-20210113_task-ils_stream-lslshimmereda_feat-chunk_level-01B_run-012_dat.csv,True,task-ils/sub-cp037/ses-20210113/level-01B_run-012/sub-cp037_ses-20210113_task-ils_stream-lslshimmeremg_feat-chunk_level-01B_run-012_dat.csv,True,task-ils/sub-cp037/ses-20210113/level-01B_run-012/sub-cp037_ses-20210113_task-ils_stream-lslrespitrace_feat-chunk_level-01B_run-012_dat.csv;task-ils/sub-cp037/ses-20210113/level-01B_run-012/sub-cp037_ses-20210113_task-ils_stream-lslshimmerresp_feat-chunk_level-01B_run-012_dat.csv,True,task-ils/sub-cp037/ses-20210113/level-01B_run-012/sub-cp037_ses-20210113_task-ils_stream-lslxp11xpcplt_feat-chunk_level-01B_run-012_dat.csv,True,task-ils/sub-cp037/ses-20210113/level-01B_run-012/sub-cp037_ses-20210113_task-ils_stream-lslxp11xpcac_feat-chunk_level-01B_run-012_dat.csv,True,task-ils/sub-cp037/ses-20210113/level-01B_run-012/sub-cp037_ses-20210113_task-ils_stream-lslxp11_feat-perfmetric_level-01B_run-012.csv,True,task-ils/sub-cp037/ses-20210113/level-01B_run-012/sub-cp037_ses-20210113_task-ils_stream-lslshimmertorsoacc_feat-chunk_level-01B_run-012_dat.csv,False,,9,ecg;eda;emg;eye_tracking;head_movement;performance;respiration;torso_body_accelerometer;xplane,control_input,0,,0,
ils,sub-cp037,ses-20210113,level-02B,run-003,sub-cp037_ses-20210113_level-02B_run-003,task-ils/sub-cp037/ses-20210113/level-02B_run-003,20,20,11,11,True,True,task-ils/sub-cp037/ses-20210113/level-02B_run-003/sub-cp037_ses-20210113_ocuevts_level-02B_run-003.csv;task-ils/sub-cp037/ses-20210113/level-02B_run-003/sub-cp037_ses-20210113_task-ils_stream-lslhtcviveeye_feat-chunk_level-02B_run-003_dat.csv,True,task-ils/sub-cp037/ses-20210113/level-02B_run-003/sub-cp037_ses-20210113_task-ils_stream-lslshimmerecg_feat-chunk_level-02B_run-003_dat.csv,True,task-ils/sub-cp037/ses-20210113/level-02B_run-003/sub-cp037_ses-20210113_task-ils_stream-lslshimmereda_feat-chunk_level-02B_run-003_dat.csv,True,task-ils/sub-cp037/ses-20210113/level-02B_run-003/sub-cp037_ses-20210113_task-ils_stream-lslshimmeremg_feat-chunk_level-02B_run-003_dat.csv,True,task-ils/sub-cp037/ses-20210113/level-02B_run-003/sub-cp037_ses-20210113_task-ils_stream-lslrespitrace_feat-chunk_level-02B_run-003_dat.csv;task-ils/sub-cp037/ses-20210113/level-02B_run-003/sub-cp037_ses-20210113_task-ils_stream-lslshimmerresp_feat-chunk_level-02B_run-003_dat.csv,True,task-ils/sub-cp037/ses-20210113/level-02B_run-003/sub-cp037_ses-20210113_task-ils_stream-lslxp11xpcplt_feat-chunk_level-02B_run-003_dat.csv,True,task-ils/sub-cp037/ses-20210113/level-02B_run-003/sub-cp037_ses-20210113_task-ils_stream-lslxp11xpcac_feat-chunk_level-02B_run-003_dat.csv,True,task-ils/sub-cp037/ses-20210113/level-02B_run-003/sub-cp037_ses-20210113_task-ils_stream-lslxp11_feat-perfmetric_level-02B_run-003.csv,True,task-ils/sub-cp037/ses-20210113/level-02B_run-003/sub-cp037_ses-20210113_task-ils_stream-lslshimmertorsoacc_feat-chunk_level-02B_run-003_dat.csv,False,,9,ecg;eda;emg;eye_tracking;head_movement;performance;respiration;torso_body_accelerometer;xplane,control_input,0,,0,
ils,sub-cp037,ses-20210113,level-02B,run-008,sub-cp037_ses-20210113_level-02B_run-008,task-ils/sub-cp037/ses-20210113/level-02B_run-008,20,20,11,11,True,True,task-ils/sub-cp037/ses-20210113/level-02B_run-008/sub-cp037_ses-20210113_ocuevts_level-02B_run-008.csv;task-ils/sub-cp037/ses-20210113/level-02B_run-008/sub-cp037_ses-20210113_task-ils_stream-lslhtcviveeye_feat-chunk_level-02B_run-008_dat.csv,True,task-ils/sub-cp037/ses-20210113/level-02B_run-008/sub-cp037_ses-20210113_task-ils_stream-lslshimmerecg_feat-chunk_level-02B_run-008_dat.csv,True,task-ils/sub-cp037/ses-20210113/level-02B_run-008/sub-cp037_ses-20210113_task-ils_stream-lslshimmereda_feat-chunk_level-02B_run-008_dat.csv,True,task-ils/sub-cp037/ses-20210113/level-02B_run-008/sub-cp037_ses-20210113_task-ils_stream-lslshimmeremg_feat-chunk_level-02B_run-008_dat.csv,True,task-ils/sub-cp037/ses-20210113/level-02B_run-008/sub-cp037_ses-20210113_task-ils_stream-lslrespitrace_feat-chunk_level-02B_run-008_dat.csv;task-ils/sub-cp037/ses-20210113/level-02B_run-008/sub-cp037_ses-20210113_task-ils_stream-lslshimmerresp_feat-chunk_level-02B_run-008_dat.csv,True,task-ils/sub-cp037/ses-20210113/level-02B_run-008/sub-cp037_ses-20210113_task-ils_stream-lslxp11xpcplt_feat-chunk_level-02B_run-008_dat.csv,True,task-ils/sub-cp037/ses-20210113/level-02B_run-008/sub-cp037_ses-20210113_task-ils_stream-lslxp11xpcac_feat-chunk_level-02B_run-008_dat.csv,True,task-ils/sub-cp037/ses-20210113/level-02B_run-008/sub-cp037_ses-20210113_task-ils_stream-lslxp11_feat-perfmetric_level-02B_run-008.csv,True,task-ils/sub-cp037/ses-20210113/level-02B_run-008/sub-cp037_ses-20210113_task-ils_stream-lslshimmertorsoacc_feat-chunk_level-02B_run-008_dat.csv,False,,9,ecg;eda;emg;eye_tracking;head_movement;performance;respiration;torso_body_accelerometer;xplane,control_input,0,,0,
ils,sub-cp037,ses-20210113,level-02B,run-010,sub-cp037_ses-20210113_level-02B_run-010,task-ils/sub-cp037/ses-20210113/level-02B_run-010,20,20,11,11,True,True,task-ils/sub-cp037/ses-20210113/level-02B_run-010/sub-cp037_ses-20210113_ocuevts_level-02B_run-010.csv;task-ils/sub-cp037/ses-20210113/level-02B_run-010/sub-cp037_ses-20210113_task-ils_stream-lslhtcviveeye_feat-chunk_level-02B_run-010_dat.csv,True,task-ils/sub-cp037/ses-20210113/level-02B_run-010/sub-cp037_ses-20210113_task-ils_stream-lslshimmerecg_feat-chunk_level-02B_run-010_dat.csv,True,task-ils/sub-cp037/ses-20210113/level-02B_run-010/sub-cp037_ses-20210113_task-ils_stream-lslshimmereda_feat-chunk_level-02B_run-010_dat.csv,True,task-ils/sub-cp037/ses-20210113/level-02B_run-010/sub-cp037_ses-20210113_task-ils_stream-lslshimmeremg_feat-chunk_level-02B_run-010_dat.csv,True,task-ils/sub-cp037/ses-20210113/level-02B_run-010/sub-cp037_ses-20210113_task-ils_stream-lslrespitrace_feat-chunk_level-02B_run-010_dat.csv;task-ils/sub-cp037/ses-20210113/level-02B_run-010/sub-cp037_ses-20210113_task-ils_stream-lslshimmerresp_feat-chunk_level-02B_run-010_dat.csv,True,task-ils/sub-cp037/ses-20210113/level-02B_run-010/sub-cp037_ses-20210113_task-ils_stream-lslxp11xpcplt_feat-chunk_level-02B_run-010_dat.csv,True,task-ils/sub-cp037/ses-20210113/level-02B_run-010/sub-cp037_ses-20210113_task-ils_stream-lslxp11xpcac_feat-chunk_level-02B_run-010_dat.csv,True,task-ils/sub-cp037/ses-20210113/level-02B_run-010/sub-cp037_ses-20210113_task-ils_stream-lslxp11_feat-perfmetric_level-02B_run-010.csv,True,task-ils/sub-cp037/ses-20210113/level-02B_run-010/sub-cp037_ses-20210113_task-ils_stream-lslshimmertorsoacc_feat-chunk_level-02B_run-010_dat.csv,False,,9,ecg;eda;emg;eye_tracking;head_movement;performance;respiration;torso_body_accelerometer;xplane,control_input,0,,0,
ils,sub-cp037,ses-20210113,level-03B,run-002,sub-cp037_ses-20210113_level-03B_run-002,task-ils/sub-cp037/ses-20210113/level-03B_run-002,20,20,11,11,True,True,task-ils/sub-cp037/ses-20210113/level-03B_run-002/sub-cp037_ses-20210113_ocuevts_level-03B_run-002.csv;task-ils/sub-cp037/ses-20210113/level-03B_run-002/sub-cp037_ses-20210113_task-ils_stream-lslhtcviveeye_feat-chunk_level-03B_run-002_dat.csv,True,task-ils/sub-cp037/ses-20210113/level-03B_run-002/sub-cp037_ses-20210113_task-ils_stream-lslshimmerecg_feat-chunk_level-03B_run-002_dat.csv,True,task-ils/sub-cp037/ses-20210113/level-03B_run-002/sub-cp037_ses-20210113_task-ils_stream-lslshimmereda_feat-chunk_level-03B_run-002_dat.csv,True,task-ils/sub-cp037/ses-20210113/level-03B_run-002/sub-cp037_ses-20210113_task-ils_stream-lslshimmeremg_feat-chunk_level-03B_run-002_dat.csv,True,task-ils/sub-cp037/ses-20210113/level-03B_run-002/sub-cp037_ses-20210113_task-ils_stream-lslrespitrace_feat-chunk_level-03B_run-002_dat.csv;task-ils/sub-cp037/ses-20210113/level-03B_run-002/sub-cp037_ses-20210113_task-ils_stream-lslshimmerresp_feat-chunk_level-03B_run-002_dat.csv,True,task-ils/sub-cp037/ses-20210113/level-03B_run-002/sub-cp037_ses-20210113_task-ils_stream-lslxp11xpcplt_feat-chunk_level-03B_run-002_dat.csv,True,task-ils/sub-cp037/ses-20210113/level-03B_run-002/sub-cp037_ses-20210113_task-ils_stream-lslxp11xpcac_feat-chunk_level-03B_run-002_dat.csv,True,task-ils/sub-cp037/ses-20210113/level-03B_run-002/sub-cp037_ses-20210113_task-ils_stream-lslxp11_feat-perfmetric_level-03B_run-002.csv,True,task-ils/sub-cp037/ses-20210113/level-03B_run-002/sub-cp037_ses-20210113_task-ils_stream-lslshimmertorsoacc_feat-chunk_level-03B_run-002_dat.csv,False,,9,ecg;eda;emg;eye_tracking;head_movement;performance;respiration;torso_body_accelerometer;xplane,control_input,0,,0,
ils,sub-cp037,ses-20210113,level-03B,run-005,sub-cp037_ses-20210113_level-03B_run-005,task-ils/sub-cp037/ses-20210113/level-03B_run-005,20,20,11,11,True,True,task-ils/sub-cp037/ses-20210113/level-03B_run-005/sub-cp037_ses-20210113_ocuevts_level-03B_run-005.csv;task-ils/sub-cp037/ses-20210113/level-03B_run-005/sub-cp037_ses-20210113_task-ils_stream-lslhtcviveeye_feat-chunk_level-03B_run-005_dat.csv,True,task-ils/sub-cp037/ses-20210113/level-03B_run-005/sub-cp037_ses-20210113_task-ils_stream-lslshimmerecg_feat-chunk_level-03B_run-005_dat.csv,True,task-ils/sub-cp037/ses-20210113/level-03B_run-005/sub-cp037_ses-20210113_task-ils_stream-lslshimmereda_feat-chunk_level-03B_run-005_dat.csv,True,task-ils/sub-cp037/ses-20210113/level-03B_run-005/sub-cp037_ses-20210113_task-ils_stream-lslshimmeremg_feat-chunk_level-03B_run-005_dat.csv,True,task-ils/sub-cp037/ses-20210113/level-03B_run-005/sub-cp037_ses-20210113_task-ils_stream-lslrespitrace_feat-chunk_level-03B_run-005_dat.csv;task-ils/sub-cp037/ses-20210113/level-03B_run-005/sub-cp037_ses-20210113_task-ils_stream-lslshimmerresp_feat-chunk_level-03B_run-005_dat.csv,True,task-ils/sub-cp037/ses-20210113/level-03B_run-005/sub-cp037_ses-20210113_task-ils_stream-lslxp11xpcplt_feat-chunk_level-03B_run-005_dat.csv,True,task-ils/sub-cp037/ses-20210113/level-03B_run-005/sub-cp037_ses-20210113_task-ils_stream-lslxp11xpcac_feat-chunk_level-03B_run-005_dat.csv,True,task-ils/sub-cp037/ses-20210113/level-03B_run-005/sub-cp037_ses-20210113_task-ils_stream-lslxp11_feat-perfmetric_level-03B_run-005.csv,True,task-ils/sub-cp037/ses-20210113/level-03B_run-005/sub-cp037_ses-20210113_task-ils_stream-lslshimmertorsoacc_feat-chunk_level-03B_run-005_dat.csv,False,,9,ecg;eda;emg;eye_tracking;head_movement;performance;respiration;torso_body_accelerometer;xplane,control_input,0,,0,
ils,sub-cp037,ses-20210113,level-03B,run-011,sub-cp037_ses-20210113_level-03B_run-011,task-ils/sub-cp037/ses-20210113/level-03B_run-011,20,20,11,11,True,True,task-ils/sub-cp037/ses-20210113/level-03B_run-011/sub-cp037_ses-20210113_ocuevts_level-03B_run-011.csv;task-ils/sub-cp037/ses-20210113/level-03B_run-011/sub-cp037_ses-20210113_task-ils_stream-lslhtcviveeye_feat-chunk_level-03B_run-011_dat.csv,True,task-ils/sub-cp037/ses-20210113/level-03B_run-011/sub-cp037_ses-20210113_task-ils_stream-lslshimmerecg_feat-chunk_level-03B_run-011_dat.csv,True,task-ils/sub-cp037/ses-20210113/level-03B_run-011/sub-cp037_ses-20210113_task-ils_stream-lslshimmereda_feat-chunk_level-03B_run-011_dat.csv,True,task-ils/sub-cp037/ses-20210113/level-03B_run-011/sub-cp037_ses-20210113_task-ils_stream-lslshimmeremg_feat-chunk_level-03B_run-011_dat.csv,True,task-ils/sub-cp037/ses-20210113/level-03B_run-011/sub-cp037_ses-20210113_task-ils_stream-lslrespitrace_feat-chunk_level-03B_run-011_dat.csv;task-ils/sub-cp037/ses-20210113/level-03B_run-011/sub-cp037_ses-20210113_task-ils_stream-lslshimmerresp_feat-chunk_level-03B_run-011_dat.csv,True,task-ils/sub-cp037/ses-20210113/level-03B_run-011/sub-cp037_ses-20210113_task-ils_stream-lslxp11xpcplt_feat-chunk_level-03B_run-011_dat.csv,True,task-ils/sub-cp037/ses-20210113/level-03B_run-011/sub-cp037_ses-20210113_task-ils_stream-lslxp11xpcac_feat-chunk_level-03B_run-011_dat.csv,True,task-ils/sub-cp037/ses-20210113/level-03B_run-011/sub-cp037_ses-20210113_task-ils_stream-lslxp11_feat-perfmetric_level-03B_run-011.csv,True,task-ils/sub-cp037/ses-20210113/level-03B_run-011/sub-cp037_ses-20210113_task-ils_stream-lslshimmertorsoacc_feat-chunk_level-03B_run-011_dat.csv,False,,9,ecg;eda;emg;eye_tracking;head_movement;performance;respiration;torso_body_accelerometer;xplane,control_input,0,,0,
ils,sub-cp037,ses-20210113,level-04B,run-004,sub-cp037_ses-20210113_level-04B_run-004,task-ils/sub-cp037/ses-20210113/level-04B_run-004,20,20,11,11,True,True,task-ils/sub-cp037/ses-20210113/level-04B_run-004/sub-cp037_ses-20210113_ocuevts_level-04B_run-004.csv;task-ils/sub-cp037/ses-20210113/level-04B_run-004/sub-cp037_ses-20210113_task-ils_stream-lslhtcviveeye_feat-chunk_level-04B_run-004_dat.csv,True,task-ils/sub-cp037/ses-20210113/level-04B_run-004/sub-cp037_ses-20210113_task-ils_stream-lslshimmerecg_feat-chunk_level-04B_run-004_dat.csv,True,task-ils/sub-cp037/ses-20210113/level-04B_run-004/sub-cp037_ses-20210113_task-ils_stream-lslshimmereda_feat-chunk_level-04B_run-004_dat.csv,True,task-ils/sub-cp037/ses-20210113/level-04B_run-004/sub-cp037_ses-20210113_task-ils_stream-lslshimmeremg_feat-chunk_level-04B_run-004_dat.csv,True,task-ils/sub-cp037/ses-20210113/level-04B_run-004/sub-cp037_ses-20210113_task-ils_stream-lslrespitrace_feat-chunk_level-04B_run-004_dat.csv;task-ils/sub-cp037/ses-20210113/level-04B_run-004/sub-cp037_ses-20210113_task-ils_stream-lslshimmerresp_feat-chunk_level-04B_run-004_dat.csv,True,task-ils/sub-cp037/ses-20210113/level-04B_run-004/sub-cp037_ses-20210113_task-ils_stream-lslxp11xpcplt_feat-chunk_level-04B_run-004_dat.csv,True,task-ils/sub-cp037/ses-20210113/level-04B_run-004/sub-cp037_ses-20210113_task-ils_stream-lslxp11xpcac_feat-chunk_level-04B_run-004_dat.csv,True,task-ils/sub-cp037/ses-20210113/level-04B_run-004/sub-cp037_ses-20210113_task-ils_stream-lslxp11_feat-perfmetric_level-04B_run-004.csv,True,task-ils/sub-cp037/ses-20210113/level-04B_run-004/sub-cp037_ses-20210113_task-ils_stream-lslshimmertorsoacc_feat-chunk_level-04B_run-004_dat.csv,False,,9,ecg;eda;emg;eye_tracking;head_movement;performance;respiration;torso_body_accelerometer;xplane,control_input,0,,0,
ils,sub-cp037,ses-20210113,level-04B,run-006,sub-cp037_ses-20210113_level-04B_run-006,task-ils/sub-cp037/ses-20210113/level-04B_run-006,20,20,11,11,True,True,task-ils/sub-cp037/ses-20210113/level-04B_run-006/sub-cp037_ses-20210113_ocuevts_level-04B_run-006.csv;task-ils/sub-cp037/ses-20210113/level-04B_run-006/sub-cp037_ses-20210113_task-ils_stream-lslhtcviveeye_feat-chunk_level-04B_run-006_dat.csv,True,task-ils/sub-cp037/ses-20210113/level-04B_run-006/sub-cp037_ses-20210113_task-ils_stream-lslshimmerecg_feat-chunk_level-04B_run-006_dat.csv,True,task-ils/sub-cp037/ses-20210113/level-04B_run-006/sub-cp037_ses-20210113_task-ils_stream-lslshimmereda_feat-chunk_level-04B_run-006_dat.csv,True,task-ils/sub-cp037/ses-20210113/level-04B_run-006/sub-cp037_ses-20210113_task-ils_stream-lslshimmeremg_feat-chunk_level-04B_run-006_dat.csv,True,task-ils/sub-cp037/ses-20210113/level-04B_run-006/sub-cp037_ses-20210113_task-ils_stream-lslrespitrace_feat-chunk_level-04B_run-006_dat.csv;task-ils/sub-cp037/ses-20210113/level-04B_run-006/sub-cp037_ses-20210113_task-ils_stream-lslshimmerresp_feat-chunk_level-04B_run-006_dat.csv,True,task-ils/sub-cp037/ses-20210113/level-04B_run-006/sub-cp037_ses-20210113_task-ils_stream-lslxp11xpcplt_feat-chunk_level-04B_run-006_dat.csv,True,task-ils/sub-cp037/ses-20210113/level-04B_run-006/sub-cp037_ses-20210113_task-ils_stream-lslxp11xpcac_feat-chunk_level-04B_run-006_dat.csv,True,task-ils/sub-cp037/ses-20210113/level-04B_run-006/sub-cp037_ses-20210113_task-ils_stream-lslxp11_feat-perfmetric_level-04B_run-006.csv,True,task-ils/sub-cp037/ses-20210113/level-04B_run-006/sub-cp037_ses-20210113_task-ils_stream-lslshimmertorsoacc_feat-chunk_level-04B_run-006_dat.csv,False,,9,ecg;eda;emg;eye_tracking;head_movement;performance;respiration;torso_body_accelerometer;xplane,control_input,0,,0,
ils,sub-cp037,ses-20210113,level-04B,run-009,sub-cp037_ses-20210113_level-04B_run-009,task-ils/sub-cp037/ses-20210113/level-04B_run-009,20,20,11,11,True,True,task-ils/sub-cp037/ses-20210113/level-04B_run-009/sub-cp037_ses-20210113_ocuevts_level-04B_run-009.csv;task-ils/sub-cp037/ses-20210113/level-04B_run-009/sub-cp037_ses-20210113_task-ils_stream-lslhtcviveeye_feat-chunk_level-04B_run-009_dat.csv,True,task-ils/sub-cp037/ses-20210113/level-04B_run-009/sub-cp037_ses-20210113_task-ils_stream-lslshimmerecg_feat-chunk_level-04B_run-009_dat.csv,True,task-ils/sub-cp037/ses-20210113/level-04B_run-009/sub-cp037_ses-20210113_task-ils_stream-lslshimmereda_feat-chunk_level-04B_run-009_dat.csv,True,task-ils/sub-cp037/ses-20210113/level-04B_run-009/sub-cp037_ses-20210113_task-ils_stream-lslshimmeremg_feat-chunk_level-04B_run-009_dat.csv,True,task-ils/sub-cp037/ses-20210113/level-04B_run-009/sub-cp037_ses-20210113_task-ils_stream-lslrespitrace_feat-chunk_level-04B_run-009_dat.csv;task-ils/sub-cp037/ses-20210113/level-04B_run-009/sub-cp037_ses-20210113_task-ils_stream-lslshimmerresp_feat-chunk_level-04B_run-009_dat.csv,True,task-ils/sub-cp037/ses-20210113/level-04B_run-009/sub-cp037_ses-20210113_task-ils_stream-lslxp11xpcplt_feat-chunk_level-04B_run-009_dat.csv,True,task-ils/sub-cp037/ses-20210113/level-04B_run-009/sub-cp037_ses-20210113_task-ils_stream-lslxp11xpcac_feat-chunk_level-04B_run-009_dat.csv,True,task-ils/sub-cp037/ses-20210113/level-04B_run-009/sub-cp037_ses-20210113_task-ils_stream-lslxp11_feat-perfmetric_level-04B_run-009.csv,True,task-ils/sub-cp037/ses-20210113/level-04B_run-009/sub-cp037_ses-20210113_task-ils_stream-lslshimmertorsoacc_feat-chunk_level-04B_run-009_dat.csv,False,,9,ecg;eda;emg;eye_tracking;head_movement;performance;respiration;torso_body_accelerometer;xplane,control_input,0,,0,
ils,sub-cp038,ses-20220112,level-01B,run-001,sub-cp038_ses-20220112_level-01B_run-001,task-ils/sub-cp038/ses-20220112/level-01B_run-001,20,20,11,11,True,True,task-ils/sub-cp038/ses-20220112/level-01B_run-001/sub-cp038_ses-20220112_ocuevts_level-01B_run-001.csv;task-ils/sub-cp038/ses-20220112/level-01B_run-001/sub-cp038_ses-20220112_task-ils_stream-lslhtcviveeye_feat-chunk_level-01B_run-001_dat.csv,True,task-ils/sub-cp038/ses-20220112/level-01B_run-001/sub-cp038_ses-20220112_task-ils_stream-lslshimmerecg_feat-chunk_level-01B_run-001_dat.csv,True,task-ils/sub-cp038/ses-20220112/level-01B_run-001/sub-cp038_ses-20220112_task-ils_stream-lslshimmereda_feat-chunk_level-01B_run-001_dat.csv,True,task-ils/sub-cp038/ses-20220112/level-01B_run-001/sub-cp038_ses-20220112_task-ils_stream-lslshimmeremg_feat-chunk_level-01B_run-001_dat.csv,True,task-ils/sub-cp038/ses-20220112/level-01B_run-001/sub-cp038_ses-20220112_task-ils_stream-lslrespitrace_feat-chunk_level-01B_run-001_dat.csv;task-ils/sub-cp038/ses-20220112/level-01B_run-001/sub-cp038_ses-20220112_task-ils_stream-lslshimmerresp_feat-chunk_level-01B_run-001_dat.csv,True,task-ils/sub-cp038/ses-20220112/level-01B_run-001/sub-cp038_ses-20220112_task-ils_stream-lslxp11xpcplt_feat-chunk_level-01B_run-001_dat.csv,True,task-ils/sub-cp038/ses-20220112/level-01B_run-001/sub-cp038_ses-20220112_task-ils_stream-lslxp11xpcac_feat-chunk_level-01B_run-001_dat.csv,True,task-ils/sub-cp038/ses-20220112/level-01B_run-001/sub-cp038_ses-20220112_task-ils_stream-lslxp11_feat-perfmetric_level-01B_run-001.csv,True,task-ils/sub-cp038/ses-20220112/level-01B_run-001/sub-cp038_ses-20220112_task-ils_stream-lslshimmertorsoacc_feat-chunk_level-01B_run-001_dat.csv,False,,9,ecg;eda;emg;eye_tracking;head_movement;performance;respiration;torso_body_accelerometer;xplane,control_input,0,,0,
ils,sub-cp038,ses-20220112,level-01B,run-007,sub-cp038_ses-20220112_level-01B_run-007,task-ils/sub-cp038/ses-20220112/level-01B_run-007,20,20,11,11,True,True,task-ils/sub-cp038/ses-20220112/level-01B_run-007/sub-cp038_ses-20220112_ocuevts_level-01B_run-007.csv;task-ils/sub-cp038/ses-20220112/level-01B_run-007/sub-cp038_ses-20220112_task-ils_stream-lslhtcviveeye_feat-chunk_level-01B_run-007_dat.csv,True,task-ils/sub-cp038/ses-20220112/level-01B_run-007/sub-cp038_ses-20220112_task-ils_stream-lslshimmerecg_feat-chunk_level-01B_run-007_dat.csv,True,task-ils/sub-cp038/ses-20220112/level-01B_run-007/sub-cp038_ses-20220112_task-ils_stream-lslshimmereda_feat-chunk_level-01B_run-007_dat.csv,True,task-ils/sub-cp038/ses-20220112/level-01B_run-007/sub-cp038_ses-20220112_task-ils_stream-lslshimmeremg_feat-chunk_level-01B_run-007_dat.csv,True,task-ils/sub-cp038/ses-20220112/level-01B_run-007/sub-cp038_ses-20220112_task-ils_stream-lslrespitrace_feat-chunk_level-01B_run-007_dat.csv;task-ils/sub-cp038/ses-20220112/level-01B_run-007/sub-cp038_ses-20220112_task-ils_stream-lslshimmerresp_feat-chunk_level-01B_run-007_dat.csv,True,task-ils/sub-cp038/ses-20220112/level-01B_run-007/sub-cp038_ses-20220112_task-ils_stream-lslxp11xpcplt_feat-chunk_level-01B_run-007_dat.csv,True,task-ils/sub-cp038/ses-20220112/level-01B_run-007/sub-cp038_ses-20220112_task-ils_stream-lslxp11xpcac_feat-chunk_level-01B_run-007_dat.csv,True,task-ils/sub-cp038/ses-20220112/level-01B_run-007/sub-cp038_ses-20220112_task-ils_stream-lslxp11_feat-perfmetric_level-01B_run-007.csv,True,task-ils/sub-cp038/ses-20220112/level-01B_run-007/sub-cp038_ses-20220112_task-ils_stream-lslshimmertorsoacc_feat-chunk_level-01B_run-007_dat.csv,False,,9,ecg;eda;emg;eye_tracking;head_movement;performance;respiration;torso_body_accelerometer;xplane,control_input,0,,0,
ils,sub-cp038,ses-20220112,level-01B,run-012,sub-cp038_ses-20220112_level-01B_run-012,task-ils/sub-cp038/ses-20220112/level-01B_run-012,20,20,11,11,True,True,task-ils/sub-cp038/ses-20220112/level-01B_run-012/sub-cp038_ses-20220112_ocuevts_level-01B_run-012.csv;task-ils/sub-cp038/ses-20220112/level-01B_run-012/sub-cp038_ses-20220112_task-ils_stream-lslhtcviveeye_feat-chunk_level-01B_run-012_dat.csv,True,task-ils/sub-cp038/ses-20220112/level-01B_run-012/sub-cp038_ses-20220112_task-ils_stream-lslshimmerecg_feat-chunk_level-01B_run-012_dat.csv,True,task-ils/sub-cp038/ses-20220112/level-01B_run-012/sub-cp038_ses-20220112_task-ils_stream-lslshimmereda_feat-chunk_level-01B_run-012_dat.csv,True,task-ils/sub-cp038/ses-20220112/level-01B_run-012/sub-cp038_ses-20220112_task-ils_stream-lslshimmeremg_feat-chunk_level-01B_run-012_dat.csv,True,task-ils/sub-cp038/ses-20220112/level-01B_run-012/sub-cp038_ses-20220112_task-ils_stream-lslrespitrace_feat-chunk_level-01B_run-012_dat.csv;task-ils/sub-cp038/ses-20220112/level-01B_run-012/sub-cp038_ses-20220112_task-ils_stream-lslshimmerresp_feat-chunk_level-01B_run-012_dat.csv,True,task-ils/sub-cp038/ses-20220112/level-01B_run-012/sub-cp038_ses-20220112_task-ils_stream-lslxp11xpcplt_feat-chunk_level-01B_run-012_dat.csv,True,task-ils/sub-cp038/ses-20220112/level-01B_run-012/sub-cp038_ses-20220112_task-ils_stream-lslxp11xpcac_feat-chunk_level-01B_run-012_dat.csv,True,task-ils/sub-cp038/ses-20220112/level-01B_run-012/sub-cp038_ses-20220112_task-ils_stream-lslxp11_feat-perfmetric_level-01B_run-012.csv,True,task-ils/sub-cp038/ses-20220112/level-01B_run-012/sub-cp038_ses-20220112_task-ils_stream-lslshimmertorsoacc_feat-chunk_level-01B_run-012_dat.csv,False,,9,ecg;eda;emg;eye_tracking;head_movement;performance;respiration;torso_body_accelerometer;xplane,control_input,0,,0,
ils,sub-cp038,ses-20220112,level-02B,run-003,sub-cp038_ses-20220112_level-02B_run-003,task-ils/sub-cp038/ses-20220112/level-02B_run-003,20,20,11,11,True,True,task-ils/sub-cp038/ses-20220112/level-02B_run-003/sub-cp038_ses-20220112_ocuevts_level-02B_run-003.csv;task-ils/sub-cp038/ses-20220112/level-02B_run-003/sub-cp038_ses-20220112_task-ils_stream-lslhtcviveeye_feat-chunk_level-02B_run-003_dat.csv,True,task-ils/sub-cp038/ses-20220112/level-02B_run-003/sub-cp038_ses-20220112_task-ils_stream-lslshimmerecg_feat-chunk_level-02B_run-003_dat.csv,True,task-ils/sub-cp038/ses-20220112/level-02B_run-003/sub-cp038_ses-20220112_task-ils_stream-lslshimmereda_feat-chunk_level-02B_run-003_dat.csv,True,task-ils/sub-cp038/ses-20220112/level-02B_run-003/sub-cp038_ses-20220112_task-ils_stream-lslshimmeremg_feat-chunk_level-02B_run-003_dat.csv,True,task-ils/sub-cp038/ses-20220112/level-02B_run-003/sub-cp038_ses-20220112_task-ils_stream-lslrespitrace_feat-chunk_level-02B_run-003_dat.csv;task-ils/sub-cp038/ses-20220112/level-02B_run-003/sub-cp038_ses-20220112_task-ils_stream-lslshimmerresp_feat-chunk_level-02B_run-003_dat.csv,True,task-ils/sub-cp038/ses-20220112/level-02B_run-003/sub-cp038_ses-20220112_task-ils_stream-lslxp11xpcplt_feat-chunk_level-02B_run-003_dat.csv,True,task-ils/sub-cp038/ses-20220112/level-02B_run-003/sub-cp038_ses-20220112_task-ils_stream-lslxp11xpcac_feat-chunk_level-02B_run-003_dat.csv,True,task-ils/sub-cp038/ses-20220112/level-02B_run-003/sub-cp038_ses-20220112_task-ils_stream-lslxp11_feat-perfmetric_level-02B_run-003.csv,True,task-ils/sub-cp038/ses-20220112/level-02B_run-003/sub-cp038_ses-20220112_task-ils_stream-lslshimmertorsoacc_feat-chunk_level-02B_run-003_dat.csv,False,,9,ecg;eda;emg;eye_tracking;head_movement;performance;respiration;torso_body_accelerometer;xplane,control_input,0,,0,
ils,sub-cp038,ses-20220112,level-02B,run-008,sub-cp038_ses-20220112_level-02B_run-008,task-ils/sub-cp038/ses-20220112/level-02B_run-008,20,20,11,11,True,True,task-ils/sub-cp038/ses-20220112/level-02B_run-008/sub-cp038_ses-20220112_ocuevts_level-02B_run-008.csv;task-ils/sub-cp038/ses-20220112/level-02B_run-008/sub-cp038_ses-20220112_task-ils_stream-lslhtcviveeye_feat-chunk_level-02B_run-008_dat.csv,True,task-ils/sub-cp038/ses-20220112/level-02B_run-008/sub-cp038_ses-20220112_task-ils_stream-lslshimmerecg_feat-chunk_level-02B_run-008_dat.csv,True,task-ils/sub-cp038/ses-20220112/level-02B_run-008/sub-cp038_ses-20220112_task-ils_stream-lslshimmereda_feat-chunk_level-02B_run-008_dat.csv,True,task-ils/sub-cp038/ses-20220112/level-02B_run-008/sub-cp038_ses-20220112_task-ils_stream-lslshimmeremg_feat-chunk_level-02B_run-008_dat.csv,True,task-ils/sub-cp038/ses-20220112/level-02B_run-008/sub-cp038_ses-20220112_task-ils_stream-lslrespitrace_feat-chunk_level-02B_run-008_dat.csv;task-ils/sub-cp038/ses-20220112/level-02B_run-008/sub-cp038_ses-20220112_task-ils_stream-lslshimmerresp_feat-chunk_level-02B_run-008_dat.csv,True,task-ils/sub-cp038/ses-20220112/level-02B_run-008/sub-cp038_ses-20220112_task-ils_stream-lslxp11xpcplt_feat-chunk_level-02B_run-008_dat.csv,True,task-ils/sub-cp038/ses-20220112/level-02B_run-008/sub-cp038_ses-20220112_task-ils_stream-lslxp11xpcac_feat-chunk_level-02B_run-008_dat.csv,True,task-ils/sub-cp038/ses-20220112/level-02B_run-008/sub-cp038_ses-20220112_task-ils_stream-lslxp11_feat-perfmetric_level-02B_run-008.csv,True,task-ils/sub-cp038/ses-20220112/level-02B_run-008/sub-cp038_ses-20220112_task-ils_stream-lslshimmertorsoacc_feat-chunk_level-02B_run-008_dat.csv,False,,9,ecg;eda;emg;eye_tracking;head_movement;performance;respiration;torso_body_accelerometer;xplane,control_input,0,,0,
ils,sub-cp038,ses-20220112,level-02B,run-010,sub-cp038_ses-20220112_level-02B_run-010,task-ils/sub-cp038/ses-20220112/level-02B_run-010,20,20,11,11,True,True,task-ils/sub-cp038/ses-20220112/level-02B_run-010/sub-cp038_ses-20220112_ocuevts_level-02B_run-010.csv;task-ils/sub-cp038/ses-20220112/level-02B_run-010/sub-cp038_ses-20220112_task-ils_stream-lslhtcviveeye_feat-chunk_level-02B_run-010_dat.csv,True,task-ils/sub-cp038/ses-20220112/level-02B_run-010/sub-cp038_ses-20220112_task-ils_stream-lslshimmerecg_feat-chunk_level-02B_run-010_dat.csv,True,task-ils/sub-cp038/ses-20220112/level-02B_run-010/sub-cp038_ses-20220112_task-ils_stream-lslshimmereda_feat-chunk_level-02B_run-010_dat.csv,True,task-ils/sub-cp038/ses-20220112/level-02B_run-010/sub-cp038_ses-20220112_task-ils_stream-lslshimmeremg_feat-chunk_level-02B_run-010_dat.csv,True,task-ils/sub-cp038/ses-20220112/level-02B_run-010/sub-cp038_ses-20220112_task-ils_stream-lslrespitrace_feat-chunk_level-02B_run-010_dat.csv;task-ils/sub-cp038/ses-20220112/level-02B_run-010/sub-cp038_ses-20220112_task-ils_stream-lslshimmerresp_feat-chunk_level-02B_run-010_dat.csv,True,task-ils/sub-cp038/ses-20220112/level-02B_run-010/sub-cp038_ses-20220112_task-ils_stream-lslxp11xpcplt_feat-chunk_level-02B_run-010_dat.csv,True,task-ils/sub-cp038/ses-20220112/level-02B_run-010/sub-cp038_ses-20220112_task-ils_stream-lslxp11xpcac_feat-chunk_level-02B_run-010_dat.csv,True,task-ils/sub-cp038/ses-20220112/level-02B_run-010/sub-cp038_ses-20220112_task-ils_stream-lslxp11_feat-perfmetric_level-02B_run-010.csv,True,task-ils/sub-cp038/ses-20220112/level-02B_run-010/sub-cp038_ses-20220112_task-ils_stream-lslshimmertorsoacc_feat-chunk_level-02B_run-010_dat.csv,False,,9,ecg;eda;emg;eye_tracking;head_movement;performance;respiration;torso_body_accelerometer;xplane,control_input,0,,0,
ils,sub-cp038,ses-20220112,level-03B,run-002,sub-cp038_ses-20220112_level-03B_run-002,task-ils/sub-cp038/ses-20220112/level-03B_run-002,20,20,11,11,True,True,task-ils/sub-cp038/ses-20220112/level-03B_run-002/sub-cp038_ses-20220112_ocuevts_level-03B_run-002.csv;task-ils/sub-cp038/ses-20220112/level-03B_run-002/sub-cp038_ses-20220112_task-ils_stream-lslhtcviveeye_feat-chunk_level-03B_run-002_dat.csv,True,task-ils/sub-cp038/ses-20220112/level-03B_run-002/sub-cp038_ses-20220112_task-ils_stream-lslshimmerecg_feat-chunk_level-03B_run-002_dat.csv,True,task-ils/sub-cp038/ses-20220112/level-03B_run-002/sub-cp038_ses-20220112_task-ils_stream-lslshimmereda_feat-chunk_level-03B_run-002_dat.csv,True,task-ils/sub-cp038/ses-20220112/level-03B_run-002/sub-cp038_ses-20220112_task-ils_stream-lslshimmeremg_feat-chunk_level-03B_run-002_dat.csv,True,task-ils/sub-cp038/ses-20220112/level-03B_run-002/sub-cp038_ses-20220112_task-ils_stream-lslrespitrace_feat-chunk_level-03B_run-002_dat.csv;task-ils/sub-cp038/ses-20220112/level-03B_run-002/sub-cp038_ses-20220112_task-ils_stream-lslshimmerresp_feat-chunk_level-03B_run-002_dat.csv,True,task-ils/sub-cp038/ses-20220112/level-03B_run-002/sub-cp038_ses-20220112_task-ils_stream-lslxp11xpcplt_feat-chunk_level-03B_run-002_dat.csv,True,task-ils/sub-cp038/ses-20220112/level-03B_run-002/sub-cp038_ses-20220112_task-ils_stream-lslxp11xpcac_feat-chunk_level-03B_run-002_dat.csv,True,task-ils/sub-cp038/ses-20220112/level-03B_run-002/sub-cp038_ses-20220112_task-ils_stream-lslxp11_feat-perfmetric_level-03B_run-002.csv,True,task-ils/sub-cp038/ses-20220112/level-03B_run-002/sub-cp038_ses-20220112_task-ils_stream-lslshimmertorsoacc_feat-chunk_level-03B_run-002_dat.csv,False,,9,ecg;eda;emg;eye_tracking;head_movement;performance;respiration;torso_body_accelerometer;xplane,control_input,0,,0,
ils,sub-cp038,ses-20220112,level-03B,run-005,sub-cp038_ses-20220112_level-03B_run-005,task-ils/sub-cp038/ses-20220112/level-03B_run-005,20,20,11,11,True,True,task-ils/sub-cp038/ses-20220112/level-03B_run-005/sub-cp038_ses-20220112_ocuevts_level-03B_run-005.csv;task-ils/sub-cp038/ses-20220112/level-03B_run-005/sub-cp038_ses-20220112_task-ils_stream-lslhtcviveeye_feat-chunk_level-03B_run-005_dat.csv,True,task-ils/sub-cp038/ses-20220112/level-03B_run-005/sub-cp038_ses-20220112_task-ils_stream-lslshimmerecg_feat-chunk_level-03B_run-005_dat.csv,True,task-ils/sub-cp038/ses-20220112/level-03B_run-005/sub-cp038_ses-20220112_task-ils_stream-lslshimmereda_feat-chunk_level-03B_run-005_dat.csv,True,task-ils/sub-cp038/ses-20220112/level-03B_run-005/sub-cp038_ses-20220112_task-ils_stream-lslshimmeremg_feat-chunk_level-03B_run-005_dat.csv,True,task-ils/sub-cp038/ses-20220112/level-03B_run-005/sub-cp038_ses-20220112_task-ils_stream-lslrespitrace_feat-chunk_level-03B_run-005_dat.csv;task-ils/sub-cp038/ses-20220112/level-03B_run-005/sub-cp038_ses-20220112_task-ils_stream-lslshimmerresp_feat-chunk_level-03B_run-005_dat.csv,True,task-ils/sub-cp038/ses-20220112/level-03B_run-005/sub-cp038_ses-20220112_task-ils_stream-lslxp11xpcplt_feat-chunk_level-03B_run-005_dat.csv,True,task-ils/sub-cp038/ses-20220112/level-03B_run-005/sub-cp038_ses-20220112_task-ils_stream-lslxp11xpcac_feat-chunk_level-03B_run-005_dat.csv,True,task-ils/sub-cp038/ses-20220112/level-03B_run-005/sub-cp038_ses-20220112_task-ils_stream-lslxp11_feat-perfmetric_level-03B_run-005.csv,True,task-ils/sub-cp038/ses-20220112/level-03B_run-005/sub-cp038_ses-20220112_task-ils_stream-lslshimmertorsoacc_feat-chunk_level-03B_run-005_dat.csv,False,,9,ecg;eda;emg;eye_tracking;head_movement;performance;respiration;torso_body_accelerometer;xplane,control_input,0,,0,
ils,sub-cp038,ses-20220112,level-03B,run-011,sub-cp038_ses-20220112_level-03B_run-011,task-ils/sub-cp038/ses-20220112/level-03B_run-011,20,20,11,11,True,True,task-ils/sub-cp038/ses-20220112/level-03B_run-011/sub-cp038_ses-20220112_ocuevts_level-03B_run-011.csv;task-ils/sub-cp038/ses-20220112/level-03B_run-011/sub-cp038_ses-20220112_task-ils_stream-lslhtcviveeye_feat-chunk_level-03B_run-011_dat.csv,True,task-ils/sub-cp038/ses-20220112/level-03B_run-011/sub-cp038_ses-20220112_task-ils_stream-lslshimmerecg_feat-chunk_level-03B_run-011_dat.csv,True,task-ils/sub-cp038/ses-20220112/level-03B_run-011/sub-cp038_ses-20220112_task-ils_stream-lslshimmereda_feat-chunk_level-03B_run-011_dat.csv,True,task-ils/sub-cp038/ses-20220112/level-03B_run-011/sub-cp038_ses-20220112_task-ils_stream-lslshimmeremg_feat-chunk_level-03B_run-011_dat.csv,True,task-ils/sub-cp038/ses-20220112/level-03B_run-011/sub-cp038_ses-20220112_task-ils_stream-lslrespitrace_feat-chunk_level-03B_run-011_dat.csv;task-ils/sub-cp038/ses-20220112/level-03B_run-011/sub-cp038_ses-20220112_task-ils_stream-lslshimmerresp_feat-chunk_level-03B_run-011_dat.csv,True,task-ils/sub-cp038/ses-20220112/level-03B_run-011/sub-cp038_ses-20220112_task-ils_stream-lslxp11xpcplt_feat-chunk_level-03B_run-011_dat.csv,True,task-ils/sub-cp038/ses-20220112/level-03B_run-011/sub-cp038_ses-20220112_task-ils_stream-lslxp11xpcac_feat-chunk_level-03B_run-011_dat.csv,True,task-ils/sub-cp038/ses-20220112/level-03B_run-011/sub-cp038_ses-20220112_task-ils_stream-lslxp11_feat-perfmetric_level-03B_run-011.csv,True,task-ils/sub-cp038/ses-20220112/level-03B_run-011/sub-cp038_ses-20220112_task-ils_stream-lslshimmertorsoacc_feat-chunk_level-03B_run-011_dat.csv,False,,9,ecg;eda;emg;eye_tracking;head_movement;performance;respiration;torso_body_accelerometer;xplane,control_input,0,,0,
ils,sub-cp038,ses-20220112,level-04B,run-004,sub-cp038_ses-20220112_level-04B_run-004,task-ils/sub-cp038/ses-20220112/level-04B_run-004,20,20,11,11,True,True,task-ils/sub-cp038/ses-20220112/level-04B_run-004/sub-cp038_ses-20220112_ocuevts_level-04B_run-004.csv;task-ils/sub-cp038/ses-20220112/level-04B_run-004/sub-cp038_ses-20220112_task-ils_stream-lslhtcviveeye_feat-chunk_level-04B_run-004_dat.csv,True,task-ils/sub-cp038/ses-20220112/level-04B_run-004/sub-cp038_ses-20220112_task-ils_stream-lslshimmerecg_feat-chunk_level-04B_run-004_dat.csv,True,task-ils/sub-cp038/ses-20220112/level-04B_run-004/sub-cp038_ses-20220112_task-ils_stream-lslshimmereda_feat-chunk_level-04B_run-004_dat.csv,True,task-ils/sub-cp038/ses-20220112/level-04B_run-004/sub-cp038_ses-20220112_task-ils_stream-lslshimmeremg_feat-chunk_level-04B_run-004_dat.csv,True,task-ils/sub-cp038/ses-20220112/level-04B_run-004/sub-cp038_ses-20220112_task-ils_stream-lslrespitrace_feat-chunk_level-04B_run-004_dat.csv;task-ils/sub-cp038/ses-20220112/level-04B_run-004/sub-cp038_ses-20220112_task-ils_stream-lslshimmerresp_feat-chunk_level-04B_run-004_dat.csv,True,task-ils/sub-cp038/ses-20220112/level-04B_run-004/sub-cp038_ses-20220112_task-ils_stream-lslxp11xpcplt_feat-chunk_level-04B_run-004_dat.csv,True,task-ils/sub-cp038/ses-20220112/level-04B_run-004/sub-cp038_ses-20220112_task-ils_stream-lslxp11xpcac_feat-chunk_level-04B_run-004_dat.csv,True,task-ils/sub-cp038/ses-20220112/level-04B_run-004/sub-cp038_ses-20220112_task-ils_stream-lslxp11_feat-perfmetric_level-04B_run-004.csv,True,task-ils/sub-cp038/ses-20220112/level-04B_run-004/sub-cp038_ses-20220112_task-ils_stream-lslshimmertorsoacc_feat-chunk_level-04B_run-004_dat.csv,False,,9,ecg;eda;emg;eye_tracking;head_movement;performance;respiration;torso_body_accelerometer;xplane,control_input,0,,0,
ils,sub-cp038,ses-20220112,level-04B,run-006,sub-cp038_ses-20220112_level-04B_run-006,task-ils/sub-cp038/ses-20220112/level-04B_run-006,20,20,11,11,True,True,task-ils/sub-cp038/ses-20220112/level-04B_run-006/sub-cp038_ses-20220112_ocuevts_level-04B_run-006.csv;task-ils/sub-cp038/ses-20220112/level-04B_run-006/sub-cp038_ses-20220112_task-ils_stream-lslhtcviveeye_feat-chunk_level-04B_run-006_dat.csv,True,task-ils/sub-cp038/ses-20220112/level-04B_run-006/sub-cp038_ses-20220112_task-ils_stream-lslshimmerecg_feat-chunk_level-04B_run-006_dat.csv,True,task-ils/sub-cp038/ses-20220112/level-04B_run-006/sub-cp038_ses-20220112_task-ils_stream-lslshimmereda_feat-chunk_level-04B_run-006_dat.csv,True,task-ils/sub-cp038/ses-20220112/level-04B_run-006/sub-cp038_ses-20220112_task-ils_stream-lslshimmeremg_feat-chunk_level-04B_run-006_dat.csv,True,task-ils/sub-cp038/ses-20220112/level-04B_run-006/sub-cp038_ses-20220112_task-ils_stream-lslrespitrace_feat-chunk_level-04B_run-006_dat.csv;task-ils/sub-cp038/ses-20220112/level-04B_run-006/sub-cp038_ses-20220112_task-ils_stream-lslshimmerresp_feat-chunk_level-04B_run-006_dat.csv,True,task-ils/sub-cp038/ses-20220112/level-04B_run-006/sub-cp038_ses-20220112_task-ils_stream-lslxp11xpcplt_feat-chunk_level-04B_run-006_dat.csv,True,task-ils/sub-cp038/ses-20220112/level-04B_run-006/sub-cp038_ses-20220112_task-ils_stream-lslxp11xpcac_feat-chunk_level-04B_run-006_dat.csv,True,task-ils/sub-cp038/ses-20220112/level-04B_run-006/sub-cp038_ses-20220112_task-ils_stream-lslxp11_feat-perfmetric_level-04B_run-006.csv,True,task-ils/sub-cp038/ses-20220112/level-04B_run-006/sub-cp038_ses-20220112_task-ils_stream-lslshimmertorsoacc_feat-chunk_level-04B_run-006_dat.csv,False,,9,ecg;eda;emg;eye_tracking;head_movement;performance;respiration;torso_body_accelerometer;xplane,control_input,0,,0,
ils,sub-cp038,ses-20220112,level-04B,run-009,sub-cp038_ses-20220112_level-04B_run-009,task-ils/sub-cp038/ses-20220112/level-04B_run-009,20,20,11,11,True,True,task-ils/sub-cp038/ses-20220112/level-04B_run-009/sub-cp038_ses-20220112_ocuevts_level-04B_run-009.csv;task-ils/sub-cp038/ses-20220112/level-04B_run-009/sub-cp038_ses-20220112_task-ils_stream-lslhtcviveeye_feat-chunk_level-04B_run-009_dat.csv,True,task-ils/sub-cp038/ses-20220112/level-04B_run-009/sub-cp038_ses-20220112_task-ils_stream-lslshimmerecg_feat-chunk_level-04B_run-009_dat.csv,True,task-ils/sub-cp038/ses-20220112/level-04B_run-009/sub-cp038_ses-20220112_task-ils_stream-lslshimmereda_feat-chunk_level-04B_run-009_dat.csv,True,task-ils/sub-cp038/ses-20220112/level-04B_run-009/sub-cp038_ses-20220112_task-ils_stream-lslshimmeremg_feat-chunk_level-04B_run-009_dat.csv,True,task-ils/sub-cp038/ses-20220112/level-04B_run-009/sub-cp038_ses-20220112_task-ils_stream-lslrespitrace_feat-chunk_level-04B_run-009_dat.csv;task-ils/sub-cp038/ses-20220112/level-04B_run-009/sub-cp038_ses-20220112_task-ils_stream-lslshimmerresp_feat-chunk_level-04B_run-009_dat.csv,True,task-ils/sub-cp038/ses-20220112/level-04B_run-009/sub-cp038_ses-20220112_task-ils_stream-lslxp11xpcplt_feat-chunk_level-04B_run-009_dat.csv,True,task-ils/sub-cp038/ses-20220112/level-04B_run-009/sub-cp038_ses-20220112_task-ils_stream-lslxp11xpcac_feat-chunk_level-04B_run-009_dat.csv,True,task-ils/sub-cp038/ses-20220112/level-04B_run-009/sub-cp038_ses-20220112_task-ils_stream-lslxp11_feat-perfmetric_level-04B_run-009.csv,True,task-ils/sub-cp038/ses-20220112/level-04B_run-009/sub-cp038_ses-20220112_task-ils_stream-lslshimmertorsoacc_feat-chunk_level-04B_run-009_dat.csv,False,,9,ecg;eda;emg;eye_tracking;head_movement;performance;respiration;torso_body_accelerometer;xplane,control_input,0,,0,
ils,sub-cp039,ses-20211219,level-01B,run-001,sub-cp039_ses-20211219_level-01B_run-001,task-ils/sub-cp039/ses-20211219/level-01B_run-001,20,20,11,11,True,True,task-ils/sub-cp039/ses-20211219/level-01B_run-001/sub-cp039_ses-20211219_ocuevts_level-01B_run-001.csv;task-ils/sub-cp039/ses-20211219/level-01B_run-001/sub-cp039_ses-20211219_task-ils_stream-lslhtcviveeye_feat-chunk_level-01B_run-001_dat.csv,True,task-ils/sub-cp039/ses-20211219/level-01B_run-001/sub-cp039_ses-20211219_task-ils_stream-lslshimmerecg_feat-chunk_level-01B_run-001_dat.csv,True,task-ils/sub-cp039/ses-20211219/level-01B_run-001/sub-cp039_ses-20211219_task-ils_stream-lslshimmereda_feat-chunk_level-01B_run-001_dat.csv,True,task-ils/sub-cp039/ses-20211219/level-01B_run-001/sub-cp039_ses-20211219_task-ils_stream-lslshimmeremg_feat-chunk_level-01B_run-001_dat.csv,True,task-ils/sub-cp039/ses-20211219/level-01B_run-001/sub-cp039_ses-20211219_task-ils_stream-lslrespitrace_feat-chunk_level-01B_run-001_dat.csv;task-ils/sub-cp039/ses-20211219/level-01B_run-001/sub-cp039_ses-20211219_task-ils_stream-lslshimmerresp_feat-chunk_level-01B_run-001_dat.csv,True,task-ils/sub-cp039/ses-20211219/level-01B_run-001/sub-cp039_ses-20211219_task-ils_stream-lslxp11xpcplt_feat-chunk_level-01B_run-001_dat.csv,True,task-ils/sub-cp039/ses-20211219/level-01B_run-001/sub-cp039_ses-20211219_task-ils_stream-lslxp11xpcac_feat-chunk_level-01B_run-001_dat.csv,True,task-ils/sub-cp039/ses-20211219/level-01B_run-001/sub-cp039_ses-20211219_task-ils_stream-lslxp11_feat-perfmetric_level-01B_run-001.csv,True,task-ils/sub-cp039/ses-20211219/level-01B_run-001/sub-cp039_ses-20211219_task-ils_stream-lslshimmertorsoacc_feat-chunk_level-01B_run-001_dat.csv,False,,9,ecg;eda;emg;eye_tracking;head_movement;performance;respiration;torso_body_accelerometer;xplane,control_input,0,,0,
ils,sub-cp039,ses-20211219,level-01B,run-007,sub-cp039_ses-20211219_level-01B_run-007,task-ils/sub-cp039/ses-20211219/level-01B_run-007,20,20,11,11,True,True,task-ils/sub-cp039/ses-20211219/level-01B_run-007/sub-cp039_ses-20211219_ocuevts_level-01B_run-007.csv;task-ils/sub-cp039/ses-20211219/level-01B_run-007/sub-cp039_ses-20211219_task-ils_stream-lslhtcviveeye_feat-chunk_level-01B_run-007_dat.csv,True,task-ils/sub-cp039/ses-20211219/level-01B_run-007/sub-cp039_ses-20211219_task-ils_stream-lslshimmerecg_feat-chunk_level-01B_run-007_dat.csv,True,task-ils/sub-cp039/ses-20211219/level-01B_run-007/sub-cp039_ses-20211219_task-ils_stream-lslshimmereda_feat-chunk_level-01B_run-007_dat.csv,True,task-ils/sub-cp039/ses-20211219/level-01B_run-007/sub-cp039_ses-20211219_task-ils_stream-lslshimmeremg_feat-chunk_level-01B_run-007_dat.csv,True,task-ils/sub-cp039/ses-20211219/level-01B_run-007/sub-cp039_ses-20211219_task-ils_stream-lslrespitrace_feat-chunk_level-01B_run-007_dat.csv;task-ils/sub-cp039/ses-20211219/level-01B_run-007/sub-cp039_ses-20211219_task-ils_stream-lslshimmerresp_feat-chunk_level-01B_run-007_dat.csv,True,task-ils/sub-cp039/ses-20211219/level-01B_run-007/sub-cp039_ses-20211219_task-ils_stream-lslxp11xpcplt_feat-chunk_level-01B_run-007_dat.csv,True,task-ils/sub-cp039/ses-20211219/level-01B_run-007/sub-cp039_ses-20211219_task-ils_stream-lslxp11xpcac_feat-chunk_level-01B_run-007_dat.csv,True,task-ils/sub-cp039/ses-20211219/level-01B_run-007/sub-cp039_ses-20211219_task-ils_stream-lslxp11_feat-perfmetric_level-01B_run-007.csv,True,task-ils/sub-cp039/ses-20211219/level-01B_run-007/sub-cp039_ses-20211219_task-ils_stream-lslshimmertorsoacc_feat-chunk_level-01B_run-007_dat.csv,False,,9,ecg;eda;emg;eye_tracking;head_movement;performance;respiration;torso_body_accelerometer;xplane,control_input,0,,0,
ils,sub-cp039,ses-20211219,level-01B,run-012,sub-cp039_ses-20211219_level-01B_run-012,task-ils/sub-cp039/ses-20211219/level-01B_run-012,20,20,11,11,True,True,task-ils/sub-cp039/ses-20211219/level-01B_run-012/sub-cp039_ses-20211219_ocuevts_level-01B_run-012.csv;task-ils/sub-cp039/ses-20211219/level-01B_run-012/sub-cp039_ses-20211219_task-ils_stream-lslhtcviveeye_feat-chunk_level-01B_run-012_dat.csv,True,task-ils/sub-cp039/ses-20211219/level-01B_run-012/sub-cp039_ses-20211219_task-ils_stream-lslshimmerecg_feat-chunk_level-01B_run-012_dat.csv,True,task-ils/sub-cp039/ses-20211219/level-01B_run-012/sub-cp039_ses-20211219_task-ils_stream-lslshimmereda_feat-chunk_level-01B_run-012_dat.csv,True,task-ils/sub-cp039/ses-20211219/level-01B_run-012/sub-cp039_ses-20211219_task-ils_stream-lslshimmeremg_feat-chunk_level-01B_run-012_dat.csv,True,task-ils/sub-cp039/ses-20211219/level-01B_run-012/sub-cp039_ses-20211219_task-ils_stream-lslrespitrace_feat-chunk_level-01B_run-012_dat.csv;task-ils/sub-cp039/ses-20211219/level-01B_run-012/sub-cp039_ses-20211219_task-ils_stream-lslshimmerresp_feat-chunk_level-01B_run-012_dat.csv,True,task-ils/sub-cp039/ses-20211219/level-01B_run-012/sub-cp039_ses-20211219_task-ils_stream-lslxp11xpcplt_feat-chunk_level-01B_run-012_dat.csv,True,task-ils/sub-cp039/ses-20211219/level-01B_run-012/sub-cp039_ses-20211219_task-ils_stream-lslxp11xpcac_feat-chunk_level-01B_run-012_dat.csv,True,task-ils/sub-cp039/ses-20211219/level-01B_run-012/sub-cp039_ses-20211219_task-ils_stream-lslxp11_feat-perfmetric_level-01B_run-012.csv,True,task-ils/sub-cp039/ses-20211219/level-01B_run-012/sub-cp039_ses-20211219_task-ils_stream-lslshimmertorsoacc_feat-chunk_level-01B_run-012_dat.csv,False,,9,ecg;eda;emg;eye_tracking;head_movement;performance;respiration;torso_body_accelerometer;xplane,control_input,0,,0,
ils,sub-cp039,ses-20211219,level-02B,run-003,sub-cp039_ses-20211219_level-02B_run-003,task-ils/sub-cp039/ses-20211219/level-02B_run-003,20,20,11,11,True,True,task-ils/sub-cp039/ses-20211219/level-02B_run-003/sub-cp039_ses-20211219_ocuevts_level-02B_run-003.csv;task-ils/sub-cp039/ses-20211219/level-02B_run-003/sub-cp039_ses-20211219_task-ils_stream-lslhtcviveeye_feat-chunk_level-02B_run-003_dat.csv,True,task-ils/sub-cp039/ses-20211219/level-02B_run-003/sub-cp039_ses-20211219_task-ils_stream-lslshimmerecg_feat-chunk_level-02B_run-003_dat.csv,True,task-ils/sub-cp039/ses-20211219/level-02B_run-003/sub-cp039_ses-20211219_task-ils_stream-lslshimmereda_feat-chunk_level-02B_run-003_dat.csv,True,task-ils/sub-cp039/ses-20211219/level-02B_run-003/sub-cp039_ses-20211219_task-ils_stream-lslshimmeremg_feat-chunk_level-02B_run-003_dat.csv,True,task-ils/sub-cp039/ses-20211219/level-02B_run-003/sub-cp039_ses-20211219_task-ils_stream-lslrespitrace_feat-chunk_level-02B_run-003_dat.csv;task-ils/sub-cp039/ses-20211219/level-02B_run-003/sub-cp039_ses-20211219_task-ils_stream-lslshimmerresp_feat-chunk_level-02B_run-003_dat.csv,True,task-ils/sub-cp039/ses-20211219/level-02B_run-003/sub-cp039_ses-20211219_task-ils_stream-lslxp11xpcplt_feat-chunk_level-02B_run-003_dat.csv,True,task-ils/sub-cp039/ses-20211219/level-02B_run-003/sub-cp039_ses-20211219_task-ils_stream-lslxp11xpcac_feat-chunk_level-02B_run-003_dat.csv,True,task-ils/sub-cp039/ses-20211219/level-02B_run-003/sub-cp039_ses-20211219_task-ils_stream-lslxp11_feat-perfmetric_level-02B_run-003.csv,True,task-ils/sub-cp039/ses-20211219/level-02B_run-003/sub-cp039_ses-20211219_task-ils_stream-lslshimmertorsoacc_feat-chunk_level-02B_run-003_dat.csv,False,,9,ecg;eda;emg;eye_tracking;head_movement;performance;respiration;torso_body_accelerometer;xplane,control_input,0,,0,
ils,sub-cp039,ses-20211219,level-02B,run-008,sub-cp039_ses-20211219_level-02B_run-008,task-ils/sub-cp039/ses-20211219/level-02B_run-008,20,20,11,11,True,True,task-ils/sub-cp039/ses-20211219/level-02B_run-008/sub-cp039_ses-20211219_ocuevts_level-02B_run-008.csv;task-ils/sub-cp039/ses-20211219/level-02B_run-008/sub-cp039_ses-20211219_task-ils_stream-lslhtcviveeye_feat-chunk_level-02B_run-008_dat.csv,True,task-ils/sub-cp039/ses-20211219/level-02B_run-008/sub-cp039_ses-20211219_task-ils_stream-lslshimmerecg_feat-chunk_level-02B_run-008_dat.csv,True,task-ils/sub-cp039/ses-20211219/level-02B_run-008/sub-cp039_ses-20211219_task-ils_stream-lslshimmereda_feat-chunk_level-02B_run-008_dat.csv,True,task-ils/sub-cp039/ses-20211219/level-02B_run-008/sub-cp039_ses-20211219_task-ils_stream-lslshimmeremg_feat-chunk_level-02B_run-008_dat.csv,True,task-ils/sub-cp039/ses-20211219/level-02B_run-008/sub-cp039_ses-20211219_task-ils_stream-lslrespitrace_feat-chunk_level-02B_run-008_dat.csv;task-ils/sub-cp039/ses-20211219/level-02B_run-008/sub-cp039_ses-20211219_task-ils_stream-lslshimmerresp_feat-chunk_level-02B_run-008_dat.csv,True,task-ils/sub-cp039/ses-20211219/level-02B_run-008/sub-cp039_ses-20211219_task-ils_stream-lslxp11xpcplt_feat-chunk_level-02B_run-008_dat.csv,True,task-ils/sub-cp039/ses-20211219/level-02B_run-008/sub-cp039_ses-20211219_task-ils_stream-lslxp11xpcac_feat-chunk_level-02B_run-008_dat.csv,True,task-ils/sub-cp039/ses-20211219/level-02B_run-008/sub-cp039_ses-20211219_task-ils_stream-lslxp11_feat-perfmetric_level-02B_run-008.csv,True,task-ils/sub-cp039/ses-20211219/level-02B_run-008/sub-cp039_ses-20211219_task-ils_stream-lslshimmertorsoacc_feat-chunk_level-02B_run-008_dat.csv,False,,9,ecg;eda;emg;eye_tracking;head_movement;performance;respiration;torso_body_accelerometer;xplane,control_input,0,,0,
ils,sub-cp039,ses-20211219,level-02B,run-010,sub-cp039_ses-20211219_level-02B_run-010,task-ils/sub-cp039/ses-20211219/level-02B_run-010,20,20,11,11,True,True,task-ils/sub-cp039/ses-20211219/level-02B_run-010/sub-cp039_ses-20211219_ocuevts_level-02B_run-010.csv;task-ils/sub-cp039/ses-20211219/level-02B_run-010/sub-cp039_ses-20211219_task-ils_stream-lslhtcviveeye_feat-chunk_level-02B_run-010_dat.csv,True,task-ils/sub-cp039/ses-20211219/level-02B_run-010/sub-cp039_ses-20211219_task-ils_stream-lslshimmerecg_feat-chunk_level-02B_run-010_dat.csv,True,task-ils/sub-cp039/ses-20211219/level-02B_run-010/sub-cp039_ses-20211219_task-ils_stream-lslshimmereda_feat-chunk_level-02B_run-010_dat.csv,True,task-ils/sub-cp039/ses-20211219/level-02B_run-010/sub-cp039_ses-20211219_task-ils_stream-lslshimmeremg_feat-chunk_level-02B_run-010_dat.csv,True,task-ils/sub-cp039/ses-20211219/level-02B_run-010/sub-cp039_ses-20211219_task-ils_stream-lslrespitrace_feat-chunk_level-02B_run-010_dat.csv;task-ils/sub-cp039/ses-20211219/level-02B_run-010/sub-cp039_ses-20211219_task-ils_stream-lslshimmerresp_feat-chunk_level-02B_run-010_dat.csv,True,task-ils/sub-cp039/ses-20211219/level-02B_run-010/sub-cp039_ses-20211219_task-ils_stream-lslxp11xpcplt_feat-chunk_level-02B_run-010_dat.csv,True,task-ils/sub-cp039/ses-20211219/level-02B_run-010/sub-cp039_ses-20211219_task-ils_stream-lslxp11xpcac_feat-chunk_level-02B_run-010_dat.csv,True,task-ils/sub-cp039/ses-20211219/level-02B_run-010/sub-cp039_ses-20211219_task-ils_stream-lslxp11_feat-perfmetric_level-02B_run-010.csv,True,task-ils/sub-cp039/ses-20211219/level-02B_run-010/sub-cp039_ses-20211219_task-ils_stream-lslshimmertorsoacc_feat-chunk_level-02B_run-010_dat.csv,False,,9,ecg;eda;emg;eye_tracking;head_movement;performance;respiration;torso_body_accelerometer;xplane,control_input,0,,0,
ils,sub-cp039,ses-20211219,level-03B,run-002,sub-cp039_ses-20211219_level-03B_run-002,task-ils/sub-cp039/ses-20211219/level-03B_run-002,20,20,11,11,True,True,task-ils/sub-cp039/ses-20211219/level-03B_run-002/sub-cp039_ses-20211219_ocuevts_level-03B_run-002.csv;task-ils/sub-cp039/ses-20211219/level-03B_run-002/sub-cp039_ses-20211219_task-ils_stream-lslhtcviveeye_feat-chunk_level-03B_run-002_dat.csv,True,task-ils/sub-cp039/ses-20211219/level-03B_run-002/sub-cp039_ses-20211219_task-ils_stream-lslshimmerecg_feat-chunk_level-03B_run-002_dat.csv,True,task-ils/sub-cp039/ses-20211219/level-03B_run-002/sub-cp039_ses-20211219_task-ils_stream-lslshimmereda_feat-chunk_level-03B_run-002_dat.csv,True,task-ils/sub-cp039/ses-20211219/level-03B_run-002/sub-cp039_ses-20211219_task-ils_stream-lslshimmeremg_feat-chunk_level-03B_run-002_dat.csv,True,task-ils/sub-cp039/ses-20211219/level-03B_run-002/sub-cp039_ses-20211219_task-ils_stream-lslrespitrace_feat-chunk_level-03B_run-002_dat.csv;task-ils/sub-cp039/ses-20211219/level-03B_run-002/sub-cp039_ses-20211219_task-ils_stream-lslshimmerresp_feat-chunk_level-03B_run-002_dat.csv,True,task-ils/sub-cp039/ses-20211219/level-03B_run-002/sub-cp039_ses-20211219_task-ils_stream-lslxp11xpcplt_feat-chunk_level-03B_run-002_dat.csv,True,task-ils/sub-cp039/ses-20211219/level-03B_run-002/sub-cp039_ses-20211219_task-ils_stream-lslxp11xpcac_feat-chunk_level-03B_run-002_dat.csv,True,task-ils/sub-cp039/ses-20211219/level-03B_run-002/sub-cp039_ses-20211219_task-ils_stream-lslxp11_feat-perfmetric_level-03B_run-002.csv,True,task-ils/sub-cp039/ses-20211219/level-03B_run-002/sub-cp039_ses-20211219_task-ils_stream-lslshimmertorsoacc_feat-chunk_level-03B_run-002_dat.csv,False,,9,ecg;eda;emg;eye_tracking;head_movement;performance;respiration;torso_body_accelerometer;xplane,control_input,0,,0,
ils,sub-cp039,ses-20211219,level-03B,run-005,sub-cp039_ses-20211219_level-03B_run-005,task-ils/sub-cp039/ses-20211219/level-03B_run-005,20,20,11,11,True,True,task-ils/sub-cp039/ses-20211219/level-03B_run-005/sub-cp039_ses-20211219_ocuevts_level-03B_run-005.csv;task-ils/sub-cp039/ses-20211219/level-03B_run-005/sub-cp039_ses-20211219_task-ils_stream-lslhtcviveeye_feat-chunk_level-03B_run-005_dat.csv,True,task-ils/sub-cp039/ses-20211219/level-03B_run-005/sub-cp039_ses-20211219_task-ils_stream-lslshimmerecg_feat-chunk_level-03B_run-005_dat.csv,True,task-ils/sub-cp039/ses-20211219/level-03B_run-005/sub-cp039_ses-20211219_task-ils_stream-lslshimmereda_feat-chunk_level-03B_run-005_dat.csv,True,task-ils/sub-cp039/ses-20211219/level-03B_run-005/sub-cp039_ses-20211219_task-ils_stream-lslshimmeremg_feat-chunk_level-03B_run-005_dat.csv,True,task-ils/sub-cp039/ses-20211219/level-03B_run-005/sub-cp039_ses-20211219_task-ils_stream-lslrespitrace_feat-chunk_level-03B_run-005_dat.csv;task-ils/sub-cp039/ses-20211219/level-03B_run-005/sub-cp039_ses-20211219_task-ils_stream-lslshimmerresp_feat-chunk_level-03B_run-005_dat.csv,True,task-ils/sub-cp039/ses-20211219/level-03B_run-005/sub-cp039_ses-20211219_task-ils_stream-lslxp11xpcplt_feat-chunk_level-03B_run-005_dat.csv,True,task-ils/sub-cp039/ses-20211219/level-03B_run-005/sub-cp039_ses-20211219_task-ils_stream-lslxp11xpcac_feat-chunk_level-03B_run-005_dat.csv,True,task-ils/sub-cp039/ses-20211219/level-03B_run-005/sub-cp039_ses-20211219_task-ils_stream-lslxp11_feat-perfmetric_level-03B_run-005.csv,True,task-ils/sub-cp039/ses-20211219/level-03B_run-005/sub-cp039_ses-20211219_task-ils_stream-lslshimmertorsoacc_feat-chunk_level-03B_run-005_dat.csv,False,,9,ecg;eda;emg;eye_tracking;head_movement;performance;respiration;torso_body_accelerometer;xplane,control_input,0,,0,
ils,sub-cp039,ses-20211219,level-03B,run-011,sub-cp039_ses-20211219_level-03B_run-011,task-ils/sub-cp039/ses-20211219/level-03B_run-011,20,20,11,11,True,True,task-ils/sub-cp039/ses-20211219/level-03B_run-011/sub-cp039_ses-20211219_ocuevts_level-03B_run-011.csv;task-ils/sub-cp039/ses-20211219/level-03B_run-011/sub-cp039_ses-20211219_task-ils_stream-lslhtcviveeye_feat-chunk_level-03B_run-011_dat.csv,True,task-ils/sub-cp039/ses-20211219/level-03B_run-011/sub-cp039_ses-20211219_task-ils_stream-lslshimmerecg_feat-chunk_level-03B_run-011_dat.csv,True,task-ils/sub-cp039/ses-20211219/level-03B_run-011/sub-cp039_ses-20211219_task-ils_stream-lslshimmereda_feat-chunk_level-03B_run-011_dat.csv,True,task-ils/sub-cp039/ses-20211219/level-03B_run-011/sub-cp039_ses-20211219_task-ils_stream-lslshimmeremg_feat-chunk_level-03B_run-011_dat.csv,True,task-ils/sub-cp039/ses-20211219/level-03B_run-011/sub-cp039_ses-20211219_task-ils_stream-lslrespitrace_feat-chunk_level-03B_run-011_dat.csv;task-ils/sub-cp039/ses-20211219/level-03B_run-011/sub-cp039_ses-20211219_task-ils_stream-lslshimmerresp_feat-chunk_level-03B_run-011_dat.csv,True,task-ils/sub-cp039/ses-20211219/level-03B_run-011/sub-cp039_ses-20211219_task-ils_stream-lslxp11xpcplt_feat-chunk_level-03B_run-011_dat.csv,True,task-ils/sub-cp039/ses-20211219/level-03B_run-011/sub-cp039_ses-20211219_task-ils_stream-lslxp11xpcac_feat-chunk_level-03B_run-011_dat.csv,True,task-ils/sub-cp039/ses-20211219/level-03B_run-011/sub-cp039_ses-20211219_task-ils_stream-lslxp11_feat-perfmetric_level-03B_run-011.csv,True,task-ils/sub-cp039/ses-20211219/level-03B_run-011/sub-cp039_ses-20211219_task-ils_stream-lslshimmertorsoacc_feat-chunk_level-03B_run-011_dat.csv,False,,9,ecg;eda;emg;eye_tracking;head_movement;performance;respiration;torso_body_accelerometer;xplane,control_input,0,,0,
ils,sub-cp039,ses-20211219,level-04B,run-004,sub-cp039_ses-20211219_level-04B_run-004,task-ils/sub-cp039/ses-20211219/level-04B_run-004,20,20,11,11,True,True,task-ils/sub-cp039/ses-20211219/level-04B_run-004/sub-cp039_ses-20211219_ocuevts_level-04B_run-004.csv;task-ils/sub-cp039/ses-20211219/level-04B_run-004/sub-cp039_ses-20211219_task-ils_stream-lslhtcviveeye_feat-chunk_level-04B_run-004_dat.csv,True,task-ils/sub-cp039/ses-20211219/level-04B_run-004/sub-cp039_ses-20211219_task-ils_stream-lslshimmerecg_feat-chunk_level-04B_run-004_dat.csv,True,task-ils/sub-cp039/ses-20211219/level-04B_run-004/sub-cp039_ses-20211219_task-ils_stream-lslshimmereda_feat-chunk_level-04B_run-004_dat.csv,True,task-ils/sub-cp039/ses-20211219/level-04B_run-004/sub-cp039_ses-20211219_task-ils_stream-lslshimmeremg_feat-chunk_level-04B_run-004_dat.csv,True,task-ils/sub-cp039/ses-20211219/level-04B_run-004/sub-cp039_ses-20211219_task-ils_stream-lslrespitrace_feat-chunk_level-04B_run-004_dat.csv;task-ils/sub-cp039/ses-20211219/level-04B_run-004/sub-cp039_ses-20211219_task-ils_stream-lslshimmerresp_feat-chunk_level-04B_run-004_dat.csv,True,task-ils/sub-cp039/ses-20211219/level-04B_run-004/sub-cp039_ses-20211219_task-ils_stream-lslxp11xpcplt_feat-chunk_level-04B_run-004_dat.csv,True,task-ils/sub-cp039/ses-20211219/level-04B_run-004/sub-cp039_ses-20211219_task-ils_stream-lslxp11xpcac_feat-chunk_level-04B_run-004_dat.csv,True,task-ils/sub-cp039/ses-20211219/level-04B_run-004/sub-cp039_ses-20211219_task-ils_stream-lslxp11_feat-perfmetric_level-04B_run-004.csv,True,task-ils/sub-cp039/ses-20211219/level-04B_run-004/sub-cp039_ses-20211219_task-ils_stream-lslshimmertorsoacc_feat-chunk_level-04B_run-004_dat.csv,False,,9,ecg;eda;emg;eye_tracking;head_movement;performance;respiration;torso_body_accelerometer;xplane,control_input,0,,0,
ils,sub-cp039,ses-20211219,level-04B,run-006,sub-cp039_ses-20211219_level-04B_run-006,task-ils/sub-cp039/ses-20211219/level-04B_run-006,20,20,11,11,True,True,task-ils/sub-cp039/ses-20211219/level-04B_run-006/sub-cp039_ses-20211219_ocuevts_level-04B_run-006.csv;task-ils/sub-cp039/ses-20211219/level-04B_run-006/sub-cp039_ses-20211219_task-ils_stream-lslhtcviveeye_feat-chunk_level-04B_run-006_dat.csv,True,task-ils/sub-cp039/ses-20211219/level-04B_run-006/sub-cp039_ses-20211219_task-ils_stream-lslshimmerecg_feat-chunk_level-04B_run-006_dat.csv,True,task-ils/sub-cp039/ses-20211219/level-04B_run-006/sub-cp039_ses-20211219_task-ils_stream-lslshimmereda_feat-chunk_level-04B_run-006_dat.csv,True,task-ils/sub-cp039/ses-20211219/level-04B_run-006/sub-cp039_ses-20211219_task-ils_stream-lslshimmeremg_feat-chunk_level-04B_run-006_dat.csv,True,task-ils/sub-cp039/ses-20211219/level-04B_run-006/sub-cp039_ses-20211219_task-ils_stream-lslrespitrace_feat-chunk_level-04B_run-006_dat.csv;task-ils/sub-cp039/ses-20211219/level-04B_run-006/sub-cp039_ses-20211219_task-ils_stream-lslshimmerresp_feat-chunk_level-04B_run-006_dat.csv,True,task-ils/sub-cp039/ses-20211219/level-04B_run-006/sub-cp039_ses-20211219_task-ils_stream-lslxp11xpcplt_feat-chunk_level-04B_run-006_dat.csv,True,task-ils/sub-cp039/ses-20211219/level-04B_run-006/sub-cp039_ses-20211219_task-ils_stream-lslxp11xpcac_feat-chunk_level-04B_run-006_dat.csv,True,task-ils/sub-cp039/ses-20211219/level-04B_run-006/sub-cp039_ses-20211219_task-ils_stream-lslxp11_feat-perfmetric_level-04B_run-006.csv,True,task-ils/sub-cp039/ses-20211219/level-04B_run-006/sub-cp039_ses-20211219_task-ils_stream-lslshimmertorsoacc_feat-chunk_level-04B_run-006_dat.csv,False,,9,ecg;eda;emg;eye_tracking;head_movement;performance;respiration;torso_body_accelerometer;xplane,control_input,0,,0,
ils,sub-cp039,ses-20211219,level-04B,run-009,sub-cp039_ses-20211219_level-04B_run-009,task-ils/sub-cp039/ses-20211219/level-04B_run-009,20,20,11,11,True,True,task-ils/sub-cp039/ses-20211219/level-04B_run-009/sub-cp039_ses-20211219_ocuevts_level-04B_run-009.csv;task-ils/sub-cp039/ses-20211219/level-04B_run-009/sub-cp039_ses-20211219_task-ils_stream-lslhtcviveeye_feat-chunk_level-04B_run-009_dat.csv,True,task-ils/sub-cp039/ses-20211219/level-04B_run-009/sub-cp039_ses-20211219_task-ils_stream-lslshimmerecg_feat-chunk_level-04B_run-009_dat.csv,True,task-ils/sub-cp039/ses-20211219/level-04B_run-009/sub-cp039_ses-20211219_task-ils_stream-lslshimmereda_feat-chunk_level-04B_run-009_dat.csv,True,task-ils/sub-cp039/ses-20211219/level-04B_run-009/sub-cp039_ses-20211219_task-ils_stream-lslshimmeremg_feat-chunk_level-04B_run-009_dat.csv,True,task-ils/sub-cp039/ses-20211219/level-04B_run-009/sub-cp039_ses-20211219_task-ils_stream-lslrespitrace_feat-chunk_level-04B_run-009_dat.csv;task-ils/sub-cp039/ses-20211219/level-04B_run-009/sub-cp039_ses-20211219_task-ils_stream-lslshimmerresp_feat-chunk_level-04B_run-009_dat.csv,True,task-ils/sub-cp039/ses-20211219/level-04B_run-009/sub-cp039_ses-20211219_task-ils_stream-lslxp11xpcplt_feat-chunk_level-04B_run-009_dat.csv,True,task-ils/sub-cp039/ses-20211219/level-04B_run-009/sub-cp039_ses-20211219_task-ils_stream-lslxp11xpcac_feat-chunk_level-04B_run-009_dat.csv,True,task-ils/sub-cp039/ses-20211219/level-04B_run-009/sub-cp039_ses-20211219_task-ils_stream-lslxp11_feat-perfmetric_level-04B_run-009.csv,True,task-ils/sub-cp039/ses-20211219/level-04B_run-009/sub-cp039_ses-20211219_task-ils_stream-lslshimmertorsoacc_feat-chunk_level-04B_run-009_dat.csv,False,,9,ecg;eda;emg;eye_tracking;head_movement;performance;respiration;torso_body_accelerometer;xplane,control_input,0,,0,
ils,sub-cp042,ses-20220111,level-01B,run-001,sub-cp042_ses-20220111_level-01B_run-001,task-ils/sub-cp042/ses-20220111/level-01B_run-001,20,20,11,11,True,True,task-ils/sub-cp042/ses-20220111/level-01B_run-001/sub-cp042_ses-20220111_ocuevts_level-01B_run-001.csv;task-ils/sub-cp042/ses-20220111/level-01B_run-001/sub-cp042_ses-20220111_task-ils_stream-lslhtcviveeye_feat-chunk_level-01B_run-001_dat.csv,True,task-ils/sub-cp042/ses-20220111/level-01B_run-001/sub-cp042_ses-20220111_task-ils_stream-lslshimmerecg_feat-chunk_level-01B_run-001_dat.csv,True,task-ils/sub-cp042/ses-20220111/level-01B_run-001/sub-cp042_ses-20220111_task-ils_stream-lslshimmereda_feat-chunk_level-01B_run-001_dat.csv,True,task-ils/sub-cp042/ses-20220111/level-01B_run-001/sub-cp042_ses-20220111_task-ils_stream-lslshimmeremg_feat-chunk_level-01B_run-001_dat.csv,True,task-ils/sub-cp042/ses-20220111/level-01B_run-001/sub-cp042_ses-20220111_task-ils_stream-lslrespitrace_feat-chunk_level-01B_run-001_dat.csv;task-ils/sub-cp042/ses-20220111/level-01B_run-001/sub-cp042_ses-20220111_task-ils_stream-lslshimmerresp_feat-chunk_level-01B_run-001_dat.csv,True,task-ils/sub-cp042/ses-20220111/level-01B_run-001/sub-cp042_ses-20220111_task-ils_stream-lslxp11xpcplt_feat-chunk_level-01B_run-001_dat.csv,True,task-ils/sub-cp042/ses-20220111/level-01B_run-001/sub-cp042_ses-20220111_task-ils_stream-lslxp11xpcac_feat-chunk_level-01B_run-001_dat.csv,True,task-ils/sub-cp042/ses-20220111/level-01B_run-001/sub-cp042_ses-20220111_task-ils_stream-lslxp11_feat-perfmetric_level-01B_run-001.csv,True,task-ils/sub-cp042/ses-20220111/level-01B_run-001/sub-cp042_ses-20220111_task-ils_stream-lslshimmertorsoacc_feat-chunk_level-01B_run-001_dat.csv,False,,9,ecg;eda;emg;eye_tracking;head_movement;performance;respiration;torso_body_accelerometer;xplane,control_input,0,,0,
ils,sub-cp042,ses-20220111,level-01B,run-007,sub-cp042_ses-20220111_level-01B_run-007,task-ils/sub-cp042/ses-20220111/level-01B_run-007,20,20,11,11,True,True,task-ils/sub-cp042/ses-20220111/level-01B_run-007/sub-cp042_ses-20220111_ocuevts_level-01B_run-007.csv;task-ils/sub-cp042/ses-20220111/level-01B_run-007/sub-cp042_ses-20220111_task-ils_stream-lslhtcviveeye_feat-chunk_level-01B_run-007_dat.csv,True,task-ils/sub-cp042/ses-20220111/level-01B_run-007/sub-cp042_ses-20220111_task-ils_stream-lslshimmerecg_feat-chunk_level-01B_run-007_dat.csv,True,task-ils/sub-cp042/ses-20220111/level-01B_run-007/sub-cp042_ses-20220111_task-ils_stream-lslshimmereda_feat-chunk_level-01B_run-007_dat.csv,True,task-ils/sub-cp042/ses-20220111/level-01B_run-007/sub-cp042_ses-20220111_task-ils_stream-lslshimmeremg_feat-chunk_level-01B_run-007_dat.csv,True,task-ils/sub-cp042/ses-20220111/level-01B_run-007/sub-cp042_ses-20220111_task-ils_stream-lslrespitrace_feat-chunk_level-01B_run-007_dat.csv;task-ils/sub-cp042/ses-20220111/level-01B_run-007/sub-cp042_ses-20220111_task-ils_stream-lslshimmerresp_feat-chunk_level-01B_run-007_dat.csv,True,task-ils/sub-cp042/ses-20220111/level-01B_run-007/sub-cp042_ses-20220111_task-ils_stream-lslxp11xpcplt_feat-chunk_level-01B_run-007_dat.csv,True,task-ils/sub-cp042/ses-20220111/level-01B_run-007/sub-cp042_ses-20220111_task-ils_stream-lslxp11xpcac_feat-chunk_level-01B_run-007_dat.csv,True,task-ils/sub-cp042/ses-20220111/level-01B_run-007/sub-cp042_ses-20220111_task-ils_stream-lslxp11_feat-perfmetric_level-01B_run-007.csv,True,task-ils/sub-cp042/ses-20220111/level-01B_run-007/sub-cp042_ses-20220111_task-ils_stream-lslshimmertorsoacc_feat-chunk_level-01B_run-007_dat.csv,False,,9,ecg;eda;emg;eye_tracking;head_movement;performance;respiration;torso_body_accelerometer;xplane,control_input,0,,0,
ils,sub-cp042,ses-20220111,level-01B,run-012,sub-cp042_ses-20220111_level-01B_run-012,task-ils/sub-cp042/ses-20220111/level-01B_run-012,20,20,11,11,True,True,task-ils/sub-cp042/ses-20220111/level-01B_run-012/sub-cp042_ses-20220111_ocuevts_level-01B_run-012.csv;task-ils/sub-cp042/ses-20220111/level-01B_run-012/sub-cp042_ses-20220111_task-ils_stream-lslhtcviveeye_feat-chunk_level-01B_run-012_dat.csv,True,task-ils/sub-cp042/ses-20220111/level-01B_run-012/sub-cp042_ses-20220111_task-ils_stream-lslshimmerecg_feat-chunk_level-01B_run-012_dat.csv,True,task-ils/sub-cp042/ses-20220111/level-01B_run-012/sub-cp042_ses-20220111_task-ils_stream-lslshimmereda_feat-chunk_level-01B_run-012_dat.csv,True,task-ils/sub-cp042/ses-20220111/level-01B_run-012/sub-cp042_ses-20220111_task-ils_stream-lslshimmeremg_feat-chunk_level-01B_run-012_dat.csv,True,task-ils/sub-cp042/ses-20220111/level-01B_run-012/sub-cp042_ses-20220111_task-ils_stream-lslrespitrace_feat-chunk_level-01B_run-012_dat.csv;task-ils/sub-cp042/ses-20220111/level-01B_run-012/sub-cp042_ses-20220111_task-ils_stream-lslshimmerresp_feat-chunk_level-01B_run-012_dat.csv,True,task-ils/sub-cp042/ses-20220111/level-01B_run-012/sub-cp042_ses-20220111_task-ils_stream-lslxp11xpcplt_feat-chunk_level-01B_run-012_dat.csv,True,task-ils/sub-cp042/ses-20220111/level-01B_run-012/sub-cp042_ses-20220111_task-ils_stream-lslxp11xpcac_feat-chunk_level-01B_run-012_dat.csv,True,task-ils/sub-cp042/ses-20220111/level-01B_run-012/sub-cp042_ses-20220111_task-ils_stream-lslxp11_feat-perfmetric_level-01B_run-012.csv,True,task-ils/sub-cp042/ses-20220111/level-01B_run-012/sub-cp042_ses-20220111_task-ils_stream-lslshimmertorsoacc_feat-chunk_level-01B_run-012_dat.csv,False,,9,ecg;eda;emg;eye_tracking;head_movement;performance;respiration;torso_body_accelerometer;xplane,control_input,0,,0,
ils,sub-cp042,ses-20220111,level-02B,run-003,sub-cp042_ses-20220111_level-02B_run-003,task-ils/sub-cp042/ses-20220111/level-02B_run-003,20,20,11,11,True,True,task-ils/sub-cp042/ses-20220111/level-02B_run-003/sub-cp042_ses-20220111_ocuevts_level-02B_run-003.csv;task-ils/sub-cp042/ses-20220111/level-02B_run-003/sub-cp042_ses-20220111_task-ils_stream-lslhtcviveeye_feat-chunk_level-02B_run-003_dat.csv,True,task-ils/sub-cp042/ses-20220111/level-02B_run-003/sub-cp042_ses-20220111_task-ils_stream-lslshimmerecg_feat-chunk_level-02B_run-003_dat.csv,True,task-ils/sub-cp042/ses-20220111/level-02B_run-003/sub-cp042_ses-20220111_task-ils_stream-lslshimmereda_feat-chunk_level-02B_run-003_dat.csv,True,task-ils/sub-cp042/ses-20220111/level-02B_run-003/sub-cp042_ses-20220111_task-ils_stream-lslshimmeremg_feat-chunk_level-02B_run-003_dat.csv,True,task-ils/sub-cp042/ses-20220111/level-02B_run-003/sub-cp042_ses-20220111_task-ils_stream-lslrespitrace_feat-chunk_level-02B_run-003_dat.csv;task-ils/sub-cp042/ses-20220111/level-02B_run-003/sub-cp042_ses-20220111_task-ils_stream-lslshimmerresp_feat-chunk_level-02B_run-003_dat.csv,True,task-ils/sub-cp042/ses-20220111/level-02B_run-003/sub-cp042_ses-20220111_task-ils_stream-lslxp11xpcplt_feat-chunk_level-02B_run-003_dat.csv,True,task-ils/sub-cp042/ses-20220111/level-02B_run-003/sub-cp042_ses-20220111_task-ils_stream-lslxp11xpcac_feat-chunk_level-02B_run-003_dat.csv,True,task-ils/sub-cp042/ses-20220111/level-02B_run-003/sub-cp042_ses-20220111_task-ils_stream-lslxp11_feat-perfmetric_level-02B_run-003.csv,True,task-ils/sub-cp042/ses-20220111/level-02B_run-003/sub-cp042_ses-20220111_task-ils_stream-lslshimmertorsoacc_feat-chunk_level-02B_run-003_dat.csv,False,,9,ecg;eda;emg;eye_tracking;head_movement;performance;respiration;torso_body_accelerometer;xplane,control_input,0,,0,
ils,sub-cp042,ses-20220111,level-02B,run-008,sub-cp042_ses-20220111_level-02B_run-008,task-ils/sub-cp042/ses-20220111/level-02B_run-008,20,20,11,11,True,True,task-ils/sub-cp042/ses-20220111/level-02B_run-008/sub-cp042_ses-20220111_ocuevts_level-02B_run-008.csv;task-ils/sub-cp042/ses-20220111/level-02B_run-008/sub-cp042_ses-20220111_task-ils_stream-lslhtcviveeye_feat-chunk_level-02B_run-008_dat.csv,True,task-ils/sub-cp042/ses-20220111/level-02B_run-008/sub-cp042_ses-20220111_task-ils_stream-lslshimmerecg_feat-chunk_level-02B_run-008_dat.csv,True,task-ils/sub-cp042/ses-20220111/level-02B_run-008/sub-cp042_ses-20220111_task-ils_stream-lslshimmereda_feat-chunk_level-02B_run-008_dat.csv,True,task-ils/sub-cp042/ses-20220111/level-02B_run-008/sub-cp042_ses-20220111_task-ils_stream-lslshimmeremg_feat-chunk_level-02B_run-008_dat.csv,True,task-ils/sub-cp042/ses-20220111/level-02B_run-008/sub-cp042_ses-20220111_task-ils_stream-lslrespitrace_feat-chunk_level-02B_run-008_dat.csv;task-ils/sub-cp042/ses-20220111/level-02B_run-008/sub-cp042_ses-20220111_task-ils_stream-lslshimmerresp_feat-chunk_level-02B_run-008_dat.csv,True,task-ils/sub-cp042/ses-20220111/level-02B_run-008/sub-cp042_ses-20220111_task-ils_stream-lslxp11xpcplt_feat-chunk_level-02B_run-008_dat.csv,True,task-ils/sub-cp042/ses-20220111/level-02B_run-008/sub-cp042_ses-20220111_task-ils_stream-lslxp11xpcac_feat-chunk_level-02B_run-008_dat.csv,True,task-ils/sub-cp042/ses-20220111/level-02B_run-008/sub-cp042_ses-20220111_task-ils_stream-lslxp11_feat-perfmetric_level-02B_run-008.csv,True,task-ils/sub-cp042/ses-20220111/level-02B_run-008/sub-cp042_ses-20220111_task-ils_stream-lslshimmertorsoacc_feat-chunk_level-02B_run-008_dat.csv,False,,9,ecg;eda;emg;eye_tracking;head_movement;performance;respiration;torso_body_accelerometer;xplane,control_input,0,,0,
ils,sub-cp042,ses-20220111,level-02B,run-010,sub-cp042_ses-20220111_level-02B_run-010,task-ils/sub-cp042/ses-20220111/level-02B_run-010,20,20,11,11,True,True,task-ils/sub-cp042/ses-20220111/level-02B_run-010/sub-cp042_ses-20220111_ocuevts_level-02B_run-010.csv;task-ils/sub-cp042/ses-20220111/level-02B_run-010/sub-cp042_ses-20220111_task-ils_stream-lslhtcviveeye_feat-chunk_level-02B_run-010_dat.csv,True,task-ils/sub-cp042/ses-20220111/level-02B_run-010/sub-cp042_ses-20220111_task-ils_stream-lslshimmerecg_feat-chunk_level-02B_run-010_dat.csv,True,task-ils/sub-cp042/ses-20220111/level-02B_run-010/sub-cp042_ses-20220111_task-ils_stream-lslshimmereda_feat-chunk_level-02B_run-010_dat.csv,True,task-ils/sub-cp042/ses-20220111/level-02B_run-010/sub-cp042_ses-20220111_task-ils_stream-lslshimmeremg_feat-chunk_level-02B_run-010_dat.csv,True,task-ils/sub-cp042/ses-20220111/level-02B_run-010/sub-cp042_ses-20220111_task-ils_stream-lslrespitrace_feat-chunk_level-02B_run-010_dat.csv;task-ils/sub-cp042/ses-20220111/level-02B_run-010/sub-cp042_ses-20220111_task-ils_stream-lslshimmerresp_feat-chunk_level-02B_run-010_dat.csv,True,task-ils/sub-cp042/ses-20220111/level-02B_run-010/sub-cp042_ses-20220111_task-ils_stream-lslxp11xpcplt_feat-chunk_level-02B_run-010_dat.csv,True,task-ils/sub-cp042/ses-20220111/level-02B_run-010/sub-cp042_ses-20220111_task-ils_stream-lslxp11xpcac_feat-chunk_level-02B_run-010_dat.csv,True,task-ils/sub-cp042/ses-20220111/level-02B_run-010/sub-cp042_ses-20220111_task-ils_stream-lslxp11_feat-perfmetric_level-02B_run-010.csv,True,task-ils/sub-cp042/ses-20220111/level-02B_run-010/sub-cp042_ses-20220111_task-ils_stream-lslshimmertorsoacc_feat-chunk_level-02B_run-010_dat.csv,False,,9,ecg;eda;emg;eye_tracking;head_movement;performance;respiration;torso_body_accelerometer;xplane,control_input,0,,0,
ils,sub-cp042,ses-20220111,level-03B,run-002,sub-cp042_ses-20220111_level-03B_run-002,task-ils/sub-cp042/ses-20220111/level-03B_run-002,20,20,11,11,True,True,task-ils/sub-cp042/ses-20220111/level-03B_run-002/sub-cp042_ses-20220111_ocuevts_level-03B_run-002.csv;task-ils/sub-cp042/ses-20220111/level-03B_run-002/sub-cp042_ses-20220111_task-ils_stream-lslhtcviveeye_feat-chunk_level-03B_run-002_dat.csv,True,task-ils/sub-cp042/ses-20220111/level-03B_run-002/sub-cp042_ses-20220111_task-ils_stream-lslshimmerecg_feat-chunk_level-03B_run-002_dat.csv,True,task-ils/sub-cp042/ses-20220111/level-03B_run-002/sub-cp042_ses-20220111_task-ils_stream-lslshimmereda_feat-chunk_level-03B_run-002_dat.csv,True,task-ils/sub-cp042/ses-20220111/level-03B_run-002/sub-cp042_ses-20220111_task-ils_stream-lslshimmeremg_feat-chunk_level-03B_run-002_dat.csv,True,task-ils/sub-cp042/ses-20220111/level-03B_run-002/sub-cp042_ses-20220111_task-ils_stream-lslrespitrace_feat-chunk_level-03B_run-002_dat.csv;task-ils/sub-cp042/ses-20220111/level-03B_run-002/sub-cp042_ses-20220111_task-ils_stream-lslshimmerresp_feat-chunk_level-03B_run-002_dat.csv,True,task-ils/sub-cp042/ses-20220111/level-03B_run-002/sub-cp042_ses-20220111_task-ils_stream-lslxp11xpcplt_feat-chunk_level-03B_run-002_dat.csv,True,task-ils/sub-cp042/ses-20220111/level-03B_run-002/sub-cp042_ses-20220111_task-ils_stream-lslxp11xpcac_feat-chunk_level-03B_run-002_dat.csv,True,task-ils/sub-cp042/ses-20220111/level-03B_run-002/sub-cp042_ses-20220111_task-ils_stream-lslxp11_feat-perfmetric_level-03B_run-002.csv,True,task-ils/sub-cp042/ses-20220111/level-03B_run-002/sub-cp042_ses-20220111_task-ils_stream-lslshimmertorsoacc_feat-chunk_level-03B_run-002_dat.csv,False,,9,ecg;eda;emg;eye_tracking;head_movement;performance;respiration;torso_body_accelerometer;xplane,control_input,0,,0,
ils,sub-cp042,ses-20220111,level-03B,run-005,sub-cp042_ses-20220111_level-03B_run-005,task-ils/sub-cp042/ses-20220111/level-03B_run-005,20,20,11,11,True,True,task-ils/sub-cp042/ses-20220111/level-03B_run-005/sub-cp042_ses-20220111_ocuevts_level-03B_run-005.csv;task-ils/sub-cp042/ses-20220111/level-03B_run-005/sub-cp042_ses-20220111_task-ils_stream-lslhtcviveeye_feat-chunk_level-03B_run-005_dat.csv,True,task-ils/sub-cp042/ses-20220111/level-03B_run-005/sub-cp042_ses-20220111_task-ils_stream-lslshimmerecg_feat-chunk_level-03B_run-005_dat.csv,True,task-ils/sub-cp042/ses-20220111/level-03B_run-005/sub-cp042_ses-20220111_task-ils_stream-lslshimmereda_feat-chunk_level-03B_run-005_dat.csv,True,task-ils/sub-cp042/ses-20220111/level-03B_run-005/sub-cp042_ses-20220111_task-ils_stream-lslshimmeremg_feat-chunk_level-03B_run-005_dat.csv,True,task-ils/sub-cp042/ses-20220111/level-03B_run-005/sub-cp042_ses-20220111_task-ils_stream-lslrespitrace_feat-chunk_level-03B_run-005_dat.csv;task-ils/sub-cp042/ses-20220111/level-03B_run-005/sub-cp042_ses-20220111_task-ils_stream-lslshimmerresp_feat-chunk_level-03B_run-005_dat.csv,True,task-ils/sub-cp042/ses-20220111/level-03B_run-005/sub-cp042_ses-20220111_task-ils_stream-lslxp11xpcplt_feat-chunk_level-03B_run-005_dat.csv,True,task-ils/sub-cp042/ses-20220111/level-03B_run-005/sub-cp042_ses-20220111_task-ils_stream-lslxp11xpcac_feat-chunk_level-03B_run-005_dat.csv,True,task-ils/sub-cp042/ses-20220111/level-03B_run-005/sub-cp042_ses-20220111_task-ils_stream-lslxp11_feat-perfmetric_level-03B_run-005.csv,True,task-ils/sub-cp042/ses-20220111/level-03B_run-005/sub-cp042_ses-20220111_task-ils_stream-lslshimmertorsoacc_feat-chunk_level-03B_run-005_dat.csv,False,,9,ecg;eda;emg;eye_tracking;head_movement;performance;respiration;torso_body_accelerometer;xplane,control_input,0,,0,
ils,sub-cp042,ses-20220111,level-03B,run-011,sub-cp042_ses-20220111_level-03B_run-011,task-ils/sub-cp042/ses-20220111/level-03B_run-011,20,20,11,11,True,True,task-ils/sub-cp042/ses-20220111/level-03B_run-011/sub-cp042_ses-20220111_ocuevts_level-03B_run-011.csv;task-ils/sub-cp042/ses-20220111/level-03B_run-011/sub-cp042_ses-20220111_task-ils_stream-lslhtcviveeye_feat-chunk_level-03B_run-011_dat.csv,True,task-ils/sub-cp042/ses-20220111/level-03B_run-011/sub-cp042_ses-20220111_task-ils_stream-lslshimmerecg_feat-chunk_level-03B_run-011_dat.csv,True,task-ils/sub-cp042/ses-20220111/level-03B_run-011/sub-cp042_ses-20220111_task-ils_stream-lslshimmereda_feat-chunk_level-03B_run-011_dat.csv,True,task-ils/sub-cp042/ses-20220111/level-03B_run-011/sub-cp042_ses-20220111_task-ils_stream-lslshimmeremg_feat-chunk_level-03B_run-011_dat.csv,True,task-ils/sub-cp042/ses-20220111/level-03B_run-011/sub-cp042_ses-20220111_task-ils_stream-lslrespitrace_feat-chunk_level-03B_run-011_dat.csv;task-ils/sub-cp042/ses-20220111/level-03B_run-011/sub-cp042_ses-20220111_task-ils_stream-lslshimmerresp_feat-chunk_level-03B_run-011_dat.csv,True,task-ils/sub-cp042/ses-20220111/level-03B_run-011/sub-cp042_ses-20220111_task-ils_stream-lslxp11xpcplt_feat-chunk_level-03B_run-011_dat.csv,True,task-ils/sub-cp042/ses-20220111/level-03B_run-011/sub-cp042_ses-20220111_task-ils_stream-lslxp11xpcac_feat-chunk_level-03B_run-011_dat.csv,True,task-ils/sub-cp042/ses-20220111/level-03B_run-011/sub-cp042_ses-20220111_task-ils_stream-lslxp11_feat-perfmetric_level-03B_run-011.csv,True,task-ils/sub-cp042/ses-20220111/level-03B_run-011/sub-cp042_ses-20220111_task-ils_stream-lslshimmertorsoacc_feat-chunk_level-03B_run-011_dat.csv,False,,9,ecg;eda;emg;eye_tracking;head_movement;performance;respiration;torso_body_accelerometer;xplane,control_input,0,,0,
ils,sub-cp042,ses-20220111,level-04B,run-004,sub-cp042_ses-20220111_level-04B_run-004,task-ils/sub-cp042/ses-20220111/level-04B_run-004,20,20,11,11,True,True,task-ils/sub-cp042/ses-20220111/level-04B_run-004/sub-cp042_ses-20220111_ocuevts_level-04B_run-004.csv;task-ils/sub-cp042/ses-20220111/level-04B_run-004/sub-cp042_ses-20220111_task-ils_stream-lslhtcviveeye_feat-chunk_level-04B_run-004_dat.csv,True,task-ils/sub-cp042/ses-20220111/level-04B_run-004/sub-cp042_ses-20220111_task-ils_stream-lslshimmerecg_feat-chunk_level-04B_run-004_dat.csv,True,task-ils/sub-cp042/ses-20220111/level-04B_run-004/sub-cp042_ses-20220111_task-ils_stream-lslshimmereda_feat-chunk_level-04B_run-004_dat.csv,True,task-ils/sub-cp042/ses-20220111/level-04B_run-004/sub-cp042_ses-20220111_task-ils_stream-lslshimmeremg_feat-chunk_level-04B_run-004_dat.csv,True,task-ils/sub-cp042/ses-20220111/level-04B_run-004/sub-cp042_ses-20220111_task-ils_stream-lslrespitrace_feat-chunk_level-04B_run-004_dat.csv;task-ils/sub-cp042/ses-20220111/level-04B_run-004/sub-cp042_ses-20220111_task-ils_stream-lslshimmerresp_feat-chunk_level-04B_run-004_dat.csv,True,task-ils/sub-cp042/ses-20220111/level-04B_run-004/sub-cp042_ses-20220111_task-ils_stream-lslxp11xpcplt_feat-chunk_level-04B_run-004_dat.csv,True,task-ils/sub-cp042/ses-20220111/level-04B_run-004/sub-cp042_ses-20220111_task-ils_stream-lslxp11xpcac_feat-chunk_level-04B_run-004_dat.csv,True,task-ils/sub-cp042/ses-20220111/level-04B_run-004/sub-cp042_ses-20220111_task-ils_stream-lslxp11_feat-perfmetric_level-04B_run-004.csv,True,task-ils/sub-cp042/ses-20220111/level-04B_run-004/sub-cp042_ses-20220111_task-ils_stream-lslshimmertorsoacc_feat-chunk_level-04B_run-004_dat.csv,False,,9,ecg;eda;emg;eye_tracking;head_movement;performance;respiration;torso_body_accelerometer;xplane,control_input,0,,0,
ils,sub-cp042,ses-20220111,level-04B,run-006,sub-cp042_ses-20220111_level-04B_run-006,task-ils/sub-cp042/ses-20220111/level-04B_run-006,20,20,11,11,True,True,task-ils/sub-cp042/ses-20220111/level-04B_run-006/sub-cp042_ses-20220111_ocuevts_level-04B_run-006.csv;task-ils/sub-cp042/ses-20220111/level-04B_run-006/sub-cp042_ses-20220111_task-ils_stream-lslhtcviveeye_feat-chunk_level-04B_run-006_dat.csv,True,task-ils/sub-cp042/ses-20220111/level-04B_run-006/sub-cp042_ses-20220111_task-ils_stream-lslshimmerecg_feat-chunk_level-04B_run-006_dat.csv,True,task-ils/sub-cp042/ses-20220111/level-04B_run-006/sub-cp042_ses-20220111_task-ils_stream-lslshimmereda_feat-chunk_level-04B_run-006_dat.csv,True,task-ils/sub-cp042/ses-20220111/level-04B_run-006/sub-cp042_ses-20220111_task-ils_stream-lslshimmeremg_feat-chunk_level-04B_run-006_dat.csv,True,task-ils/sub-cp042/ses-20220111/level-04B_run-006/sub-cp042_ses-20220111_task-ils_stream-lslrespitrace_feat-chunk_level-04B_run-006_dat.csv;task-ils/sub-cp042/ses-20220111/level-04B_run-006/sub-cp042_ses-20220111_task-ils_stream-lslshimmerresp_feat-chunk_level-04B_run-006_dat.csv,True,task-ils/sub-cp042/ses-20220111/level-04B_run-006/sub-cp042_ses-20220111_task-ils_stream-lslxp11xpcplt_feat-chunk_level-04B_run-006_dat.csv,True,task-ils/sub-cp042/ses-20220111/level-04B_run-006/sub-cp042_ses-20220111_task-ils_stream-lslxp11xpcac_feat-chunk_level-04B_run-006_dat.csv,True,task-ils/sub-cp042/ses-20220111/level-04B_run-006/sub-cp042_ses-20220111_task-ils_stream-lslxp11_feat-perfmetric_level-04B_run-006.csv,True,task-ils/sub-cp042/ses-20220111/level-04B_run-006/sub-cp042_ses-20220111_task-ils_stream-lslshimmertorsoacc_feat-chunk_level-04B_run-006_dat.csv,False,,9,ecg;eda;emg;eye_tracking;head_movement;performance;respiration;torso_body_accelerometer;xplane,control_input,0,,0,
ils,sub-cp042,ses-20220111,level-04B,run-009,sub-cp042_ses-20220111_level-04B_run-009,task-ils/sub-cp042/ses-20220111/level-04B_run-009,20,20,11,11,True,True,task-ils/sub-cp042/ses-20220111/level-04B_run-009/sub-cp042_ses-20220111_ocuevts_level-04B_run-009.csv;task-ils/sub-cp042/ses-20220111/level-04B_run-009/sub-cp042_ses-20220111_task-ils_stream-lslhtcviveeye_feat-chunk_level-04B_run-009_dat.csv,True,task-ils/sub-cp042/ses-20220111/level-04B_run-009/sub-cp042_ses-20220111_task-ils_stream-lslshimmerecg_feat-chunk_level-04B_run-009_dat.csv,True,task-ils/sub-cp042/ses-20220111/level-04B_run-009/sub-cp042_ses-20220111_task-ils_stream-lslshimmereda_feat-chunk_level-04B_run-009_dat.csv,True,task-ils/sub-cp042/ses-20220111/level-04B_run-009/sub-cp042_ses-20220111_task-ils_stream-lslshimmeremg_feat-chunk_level-04B_run-009_dat.csv,True,task-ils/sub-cp042/ses-20220111/level-04B_run-009/sub-cp042_ses-20220111_task-ils_stream-lslrespitrace_feat-chunk_level-04B_run-009_dat.csv;task-ils/sub-cp042/ses-20220111/level-04B_run-009/sub-cp042_ses-20220111_task-ils_stream-lslshimmerresp_feat-chunk_level-04B_run-009_dat.csv,True,task-ils/sub-cp042/ses-20220111/level-04B_run-009/sub-cp042_ses-20220111_task-ils_stream-lslxp11xpcplt_feat-chunk_level-04B_run-009_dat.csv,True,task-ils/sub-cp042/ses-20220111/level-04B_run-009/sub-cp042_ses-20220111_task-ils_stream-lslxp11xpcac_feat-chunk_level-04B_run-009_dat.csv,True,task-ils/sub-cp042/ses-20220111/level-04B_run-009/sub-cp042_ses-20220111_task-ils_stream-lslxp11_feat-perfmetric_level-04B_run-009.csv,True,task-ils/sub-cp042/ses-20220111/level-04B_run-009/sub-cp042_ses-20220111_task-ils_stream-lslshimmertorsoacc_feat-chunk_level-04B_run-009_dat.csv,False,,9,ecg;eda;emg;eye_tracking;head_movement;performance;respiration;torso_body_accelerometer;xplane,control_input,0,,0,
ils,sub-cp043,ses-20220127,level-01B,run-001,sub-cp043_ses-20220127_level-01B_run-001,task-ils/sub-cp043/ses-20220127/level-01B_run-001,20,20,11,11,True,True,task-ils/sub-cp043/ses-20220127/level-01B_run-001/sub-cp043_ses-20220127_ocuevts_level-01B_run-001.csv;task-ils/sub-cp043/ses-20220127/level-01B_run-001/sub-cp043_ses-20220127_task-ils_stream-lslhtcviveeye_feat-chunk_level-01B_run-001_dat.csv,True,task-ils/sub-cp043/ses-20220127/level-01B_run-001/sub-cp043_ses-20220127_task-ils_stream-lslshimmerecg_feat-chunk_level-01B_run-001_dat.csv,True,task-ils/sub-cp043/ses-20220127/level-01B_run-001/sub-cp043_ses-20220127_task-ils_stream-lslshimmereda_feat-chunk_level-01B_run-001_dat.csv,True,task-ils/sub-cp043/ses-20220127/level-01B_run-001/sub-cp043_ses-20220127_task-ils_stream-lslshimmeremg_feat-chunk_level-01B_run-001_dat.csv,True,task-ils/sub-cp043/ses-20220127/level-01B_run-001/sub-cp043_ses-20220127_task-ils_stream-lslrespitrace_feat-chunk_level-01B_run-001_dat.csv;task-ils/sub-cp043/ses-20220127/level-01B_run-001/sub-cp043_ses-20220127_task-ils_stream-lslshimmerresp_feat-chunk_level-01B_run-001_dat.csv,True,task-ils/sub-cp043/ses-20220127/level-01B_run-001/sub-cp043_ses-20220127_task-ils_stream-lslxp11xpcplt_feat-chunk_level-01B_run-001_dat.csv,True,task-ils/sub-cp043/ses-20220127/level-01B_run-001/sub-cp043_ses-20220127_task-ils_stream-lslxp11xpcac_feat-chunk_level-01B_run-001_dat.csv,True,task-ils/sub-cp043/ses-20220127/level-01B_run-001/sub-cp043_ses-20220127_task-ils_stream-lslxp11_feat-perfmetric_level-01B_run-001.csv,True,task-ils/sub-cp043/ses-20220127/level-01B_run-001/sub-cp043_ses-20220127_task-ils_stream-lslshimmertorsoacc_feat-chunk_level-01B_run-001_dat.csv,False,,9,ecg;eda;emg;eye_tracking;head_movement;performance;respiration;torso_body_accelerometer;xplane,control_input,0,,0,
ils,sub-cp043,ses-20220127,level-01B,run-007,sub-cp043_ses-20220127_level-01B_run-007,task-ils/sub-cp043/ses-20220127/level-01B_run-007,20,20,11,11,True,True,task-ils/sub-cp043/ses-20220127/level-01B_run-007/sub-cp043_ses-20220127_ocuevts_level-01B_run-007.csv;task-ils/sub-cp043/ses-20220127/level-01B_run-007/sub-cp043_ses-20220127_task-ils_stream-lslhtcviveeye_feat-chunk_level-01B_run-007_dat.csv,True,task-ils/sub-cp043/ses-20220127/level-01B_run-007/sub-cp043_ses-20220127_task-ils_stream-lslshimmerecg_feat-chunk_level-01B_run-007_dat.csv,True,task-ils/sub-cp043/ses-20220127/level-01B_run-007/sub-cp043_ses-20220127_task-ils_stream-lslshimmereda_feat-chunk_level-01B_run-007_dat.csv,True,task-ils/sub-cp043/ses-20220127/level-01B_run-007/sub-cp043_ses-20220127_task-ils_stream-lslshimmeremg_feat-chunk_level-01B_run-007_dat.csv,True,task-ils/sub-cp043/ses-20220127/level-01B_run-007/sub-cp043_ses-20220127_task-ils_stream-lslrespitrace_feat-chunk_level-01B_run-007_dat.csv;task-ils/sub-cp043/ses-20220127/level-01B_run-007/sub-cp043_ses-20220127_task-ils_stream-lslshimmerresp_feat-chunk_level-01B_run-007_dat.csv,True,task-ils/sub-cp043/ses-20220127/level-01B_run-007/sub-cp043_ses-20220127_task-ils_stream-lslxp11xpcplt_feat-chunk_level-01B_run-007_dat.csv,True,task-ils/sub-cp043/ses-20220127/level-01B_run-007/sub-cp043_ses-20220127_task-ils_stream-lslxp11xpcac_feat-chunk_level-01B_run-007_dat.csv,True,task-ils/sub-cp043/ses-20220127/level-01B_run-007/sub-cp043_ses-20220127_task-ils_stream-lslxp11_feat-perfmetric_level-01B_run-007.csv,True,task-ils/sub-cp043/ses-20220127/level-01B_run-007/sub-cp043_ses-20220127_task-ils_stream-lslshimmertorsoacc_feat-chunk_level-01B_run-007_dat.csv,False,,9,ecg;eda;emg;eye_tracking;head_movement;performance;respiration;torso_body_accelerometer;xplane,control_input,0,,0,
ils,sub-cp043,ses-20220127,level-01B,run-012,sub-cp043_ses-20220127_level-01B_run-012,task-ils/sub-cp043/ses-20220127/level-01B_run-012,20,20,11,11,True,True,task-ils/sub-cp043/ses-20220127/level-01B_run-012/sub-cp043_ses-20220127_ocuevts_level-01B_run-012.csv;task-ils/sub-cp043/ses-20220127/level-01B_run-012/sub-cp043_ses-20220127_task-ils_stream-lslhtcviveeye_feat-chunk_level-01B_run-012_dat.csv,True,task-ils/sub-cp043/ses-20220127/level-01B_run-012/sub-cp043_ses-20220127_task-ils_stream-lslshimmerecg_feat-chunk_level-01B_run-012_dat.csv,True,task-ils/sub-cp043/ses-20220127/level-01B_run-012/sub-cp043_ses-20220127_task-ils_stream-lslshimmereda_feat-chunk_level-01B_run-012_dat.csv,True,task-ils/sub-cp043/ses-20220127/level-01B_run-012/sub-cp043_ses-20220127_task-ils_stream-lslshimmeremg_feat-chunk_level-01B_run-012_dat.csv,True,task-ils/sub-cp043/ses-20220127/level-01B_run-012/sub-cp043_ses-20220127_task-ils_stream-lslrespitrace_feat-chunk_level-01B_run-012_dat.csv;task-ils/sub-cp043/ses-20220127/level-01B_run-012/sub-cp043_ses-20220127_task-ils_stream-lslshimmerresp_feat-chunk_level-01B_run-012_dat.csv,True,task-ils/sub-cp043/ses-20220127/level-01B_run-012/sub-cp043_ses-20220127_task-ils_stream-lslxp11xpcplt_feat-chunk_level-01B_run-012_dat.csv,True,task-ils/sub-cp043/ses-20220127/level-01B_run-012/sub-cp043_ses-20220127_task-ils_stream-lslxp11xpcac_feat-chunk_level-01B_run-012_dat.csv,True,task-ils/sub-cp043/ses-20220127/level-01B_run-012/sub-cp043_ses-20220127_task-ils_stream-lslxp11_feat-perfmetric_level-01B_run-012.csv,True,task-ils/sub-cp043/ses-20220127/level-01B_run-012/sub-cp043_ses-20220127_task-ils_stream-lslshimmertorsoacc_feat-chunk_level-01B_run-012_dat.csv,False,,9,ecg;eda;emg;eye_tracking;head_movement;performance;respiration;torso_body_accelerometer;xplane,control_input,0,,0,
ils,sub-cp043,ses-20220127,level-02B,run-003,sub-cp043_ses-20220127_level-02B_run-003,task-ils/sub-cp043/ses-20220127/level-02B_run-003,20,20,11,11,True,True,task-ils/sub-cp043/ses-20220127/level-02B_run-003/sub-cp043_ses-20220127_ocuevts_level-02B_run-003.csv;task-ils/sub-cp043/ses-20220127/level-02B_run-003/sub-cp043_ses-20220127_task-ils_stream-lslhtcviveeye_feat-chunk_level-02B_run-003_dat.csv,True,task-ils/sub-cp043/ses-20220127/level-02B_run-003/sub-cp043_ses-20220127_task-ils_stream-lslshimmerecg_feat-chunk_level-02B_run-003_dat.csv,True,task-ils/sub-cp043/ses-20220127/level-02B_run-003/sub-cp043_ses-20220127_task-ils_stream-lslshimmereda_feat-chunk_level-02B_run-003_dat.csv,True,task-ils/sub-cp043/ses-20220127/level-02B_run-003/sub-cp043_ses-20220127_task-ils_stream-lslshimmeremg_feat-chunk_level-02B_run-003_dat.csv,True,task-ils/sub-cp043/ses-20220127/level-02B_run-003/sub-cp043_ses-20220127_task-ils_stream-lslrespitrace_feat-chunk_level-02B_run-003_dat.csv;task-ils/sub-cp043/ses-20220127/level-02B_run-003/sub-cp043_ses-20220127_task-ils_stream-lslshimmerresp_feat-chunk_level-02B_run-003_dat.csv,True,task-ils/sub-cp043/ses-20220127/level-02B_run-003/sub-cp043_ses-20220127_task-ils_stream-lslxp11xpcplt_feat-chunk_level-02B_run-003_dat.csv,True,task-ils/sub-cp043/ses-20220127/level-02B_run-003/sub-cp043_ses-20220127_task-ils_stream-lslxp11xpcac_feat-chunk_level-02B_run-003_dat.csv,True,task-ils/sub-cp043/ses-20220127/level-02B_run-003/sub-cp043_ses-20220127_task-ils_stream-lslxp11_feat-perfmetric_level-02B_run-003.csv,True,task-ils/sub-cp043/ses-20220127/level-02B_run-003/sub-cp043_ses-20220127_task-ils_stream-lslshimmertorsoacc_feat-chunk_level-02B_run-003_dat.csv,False,,9,ecg;eda;emg;eye_tracking;head_movement;performance;respiration;torso_body_accelerometer;xplane,control_input,0,,0,
ils,sub-cp043,ses-20220127,level-02B,run-008,sub-cp043_ses-20220127_level-02B_run-008,task-ils/sub-cp043/ses-20220127/level-02B_run-008,20,20,11,11,True,True,task-ils/sub-cp043/ses-20220127/level-02B_run-008/sub-cp043_ses-20220127_ocuevts_level-02B_run-008.csv;task-ils/sub-cp043/ses-20220127/level-02B_run-008/sub-cp043_ses-20220127_task-ils_stream-lslhtcviveeye_feat-chunk_level-02B_run-008_dat.csv,True,task-ils/sub-cp043/ses-20220127/level-02B_run-008/sub-cp043_ses-20220127_task-ils_stream-lslshimmerecg_feat-chunk_level-02B_run-008_dat.csv,True,task-ils/sub-cp043/ses-20220127/level-02B_run-008/sub-cp043_ses-20220127_task-ils_stream-lslshimmereda_feat-chunk_level-02B_run-008_dat.csv,True,task-ils/sub-cp043/ses-20220127/level-02B_run-008/sub-cp043_ses-20220127_task-ils_stream-lslshimmeremg_feat-chunk_level-02B_run-008_dat.csv,True,task-ils/sub-cp043/ses-20220127/level-02B_run-008/sub-cp043_ses-20220127_task-ils_stream-lslrespitrace_feat-chunk_level-02B_run-008_dat.csv;task-ils/sub-cp043/ses-20220127/level-02B_run-008/sub-cp043_ses-20220127_task-ils_stream-lslshimmerresp_feat-chunk_level-02B_run-008_dat.csv,True,task-ils/sub-cp043/ses-20220127/level-02B_run-008/sub-cp043_ses-20220127_task-ils_stream-lslxp11xpcplt_feat-chunk_level-02B_run-008_dat.csv,True,task-ils/sub-cp043/ses-20220127/level-02B_run-008/sub-cp043_ses-20220127_task-ils_stream-lslxp11xpcac_feat-chunk_level-02B_run-008_dat.csv,True,task-ils/sub-cp043/ses-20220127/level-02B_run-008/sub-cp043_ses-20220127_task-ils_stream-lslxp11_feat-perfmetric_level-02B_run-008.csv,True,task-ils/sub-cp043/ses-20220127/level-02B_run-008/sub-cp043_ses-20220127_task-ils_stream-lslshimmertorsoacc_feat-chunk_level-02B_run-008_dat.csv,False,,9,ecg;eda;emg;eye_tracking;head_movement;performance;respiration;torso_body_accelerometer;xplane,control_input,0,,0,
ils,sub-cp043,ses-20220127,level-02B,run-010,sub-cp043_ses-20220127_level-02B_run-010,task-ils/sub-cp043/ses-20220127/level-02B_run-010,20,20,11,11,True,True,task-ils/sub-cp043/ses-20220127/level-02B_run-010/sub-cp043_ses-20220127_ocuevts_level-02B_run-010.csv;task-ils/sub-cp043/ses-20220127/level-02B_run-010/sub-cp043_ses-20220127_task-ils_stream-lslhtcviveeye_feat-chunk_level-02B_run-010_dat.csv,True,task-ils/sub-cp043/ses-20220127/level-02B_run-010/sub-cp043_ses-20220127_task-ils_stream-lslshimmerecg_feat-chunk_level-02B_run-010_dat.csv,True,task-ils/sub-cp043/ses-20220127/level-02B_run-010/sub-cp043_ses-20220127_task-ils_stream-lslshimmereda_feat-chunk_level-02B_run-010_dat.csv,True,task-ils/sub-cp043/ses-20220127/level-02B_run-010/sub-cp043_ses-20220127_task-ils_stream-lslshimmeremg_feat-chunk_level-02B_run-010_dat.csv,True,task-ils/sub-cp043/ses-20220127/level-02B_run-010/sub-cp043_ses-20220127_task-ils_stream-lslrespitrace_feat-chunk_level-02B_run-010_dat.csv;task-ils/sub-cp043/ses-20220127/level-02B_run-010/sub-cp043_ses-20220127_task-ils_stream-lslshimmerresp_feat-chunk_level-02B_run-010_dat.csv,True,task-ils/sub-cp043/ses-20220127/level-02B_run-010/sub-cp043_ses-20220127_task-ils_stream-lslxp11xpcplt_feat-chunk_level-02B_run-010_dat.csv,True,task-ils/sub-cp043/ses-20220127/level-02B_run-010/sub-cp043_ses-20220127_task-ils_stream-lslxp11xpcac_feat-chunk_level-02B_run-010_dat.csv,True,task-ils/sub-cp043/ses-20220127/level-02B_run-010/sub-cp043_ses-20220127_task-ils_stream-lslxp11_feat-perfmetric_level-02B_run-010.csv,True,task-ils/sub-cp043/ses-20220127/level-02B_run-010/sub-cp043_ses-20220127_task-ils_stream-lslshimmertorsoacc_feat-chunk_level-02B_run-010_dat.csv,False,,9,ecg;eda;emg;eye_tracking;head_movement;performance;respiration;torso_body_accelerometer;xplane,control_input,0,,0,
ils,sub-cp043,ses-20220127,level-03B,run-002,sub-cp043_ses-20220127_level-03B_run-002,task-ils/sub-cp043/ses-20220127/level-03B_run-002,20,20,11,11,True,True,task-ils/sub-cp043/ses-20220127/level-03B_run-002/sub-cp043_ses-20220127_ocuevts_level-03B_run-002.csv;task-ils/sub-cp043/ses-20220127/level-03B_run-002/sub-cp043_ses-20220127_task-ils_stream-lslhtcviveeye_feat-chunk_level-03B_run-002_dat.csv,True,task-ils/sub-cp043/ses-20220127/level-03B_run-002/sub-cp043_ses-20220127_task-ils_stream-lslshimmerecg_feat-chunk_level-03B_run-002_dat.csv,True,task-ils/sub-cp043/ses-20220127/level-03B_run-002/sub-cp043_ses-20220127_task-ils_stream-lslshimmereda_feat-chunk_level-03B_run-002_dat.csv,True,task-ils/sub-cp043/ses-20220127/level-03B_run-002/sub-cp043_ses-20220127_task-ils_stream-lslshimmeremg_feat-chunk_level-03B_run-002_dat.csv,True,task-ils/sub-cp043/ses-20220127/level-03B_run-002/sub-cp043_ses-20220127_task-ils_stream-lslrespitrace_feat-chunk_level-03B_run-002_dat.csv;task-ils/sub-cp043/ses-20220127/level-03B_run-002/sub-cp043_ses-20220127_task-ils_stream-lslshimmerresp_feat-chunk_level-03B_run-002_dat.csv,True,task-ils/sub-cp043/ses-20220127/level-03B_run-002/sub-cp043_ses-20220127_task-ils_stream-lslxp11xpcplt_feat-chunk_level-03B_run-002_dat.csv,True,task-ils/sub-cp043/ses-20220127/level-03B_run-002/sub-cp043_ses-20220127_task-ils_stream-lslxp11xpcac_feat-chunk_level-03B_run-002_dat.csv,True,task-ils/sub-cp043/ses-20220127/level-03B_run-002/sub-cp043_ses-20220127_task-ils_stream-lslxp11_feat-perfmetric_level-03B_run-002.csv,True,task-ils/sub-cp043/ses-20220127/level-03B_run-002/sub-cp043_ses-20220127_task-ils_stream-lslshimmertorsoacc_feat-chunk_level-03B_run-002_dat.csv,False,,9,ecg;eda;emg;eye_tracking;head_movement;performance;respiration;torso_body_accelerometer;xplane,control_input,0,,0,
ils,sub-cp043,ses-20220127,level-03B,run-005,sub-cp043_ses-20220127_level-03B_run-005,task-ils/sub-cp043/ses-20220127/level-03B_run-005,20,20,11,11,True,True,task-ils/sub-cp043/ses-20220127/level-03B_run-005/sub-cp043_ses-20220127_ocuevts_level-03B_run-005.csv;task-ils/sub-cp043/ses-20220127/level-03B_run-005/sub-cp043_ses-20220127_task-ils_stream-lslhtcviveeye_feat-chunk_level-03B_run-005_dat.csv,True,task-ils/sub-cp043/ses-20220127/level-03B_run-005/sub-cp043_ses-20220127_task-ils_stream-lslshimmerecg_feat-chunk_level-03B_run-005_dat.csv,True,task-ils/sub-cp043/ses-20220127/level-03B_run-005/sub-cp043_ses-20220127_task-ils_stream-lslshimmereda_feat-chunk_level-03B_run-005_dat.csv,True,task-ils/sub-cp043/ses-20220127/level-03B_run-005/sub-cp043_ses-20220127_task-ils_stream-lslshimmeremg_feat-chunk_level-03B_run-005_dat.csv,True,task-ils/sub-cp043/ses-20220127/level-03B_run-005/sub-cp043_ses-20220127_task-ils_stream-lslrespitrace_feat-chunk_level-03B_run-005_dat.csv;task-ils/sub-cp043/ses-20220127/level-03B_run-005/sub-cp043_ses-20220127_task-ils_stream-lslshimmerresp_feat-chunk_level-03B_run-005_dat.csv,True,task-ils/sub-cp043/ses-20220127/level-03B_run-005/sub-cp043_ses-20220127_task-ils_stream-lslxp11xpcplt_feat-chunk_level-03B_run-005_dat.csv,True,task-ils/sub-cp043/ses-20220127/level-03B_run-005/sub-cp043_ses-20220127_task-ils_stream-lslxp11xpcac_feat-chunk_level-03B_run-005_dat.csv,True,task-ils/sub-cp043/ses-20220127/level-03B_run-005/sub-cp043_ses-20220127_task-ils_stream-lslxp11_feat-perfmetric_level-03B_run-005.csv,True,task-ils/sub-cp043/ses-20220127/level-03B_run-005/sub-cp043_ses-20220127_task-ils_stream-lslshimmertorsoacc_feat-chunk_level-03B_run-005_dat.csv,False,,9,ecg;eda;emg;eye_tracking;head_movement;performance;respiration;torso_body_accelerometer;xplane,control_input,0,,0,
ils,sub-cp043,ses-20220127,level-03B,run-011,sub-cp043_ses-20220127_level-03B_run-011,task-ils/sub-cp043/ses-20220127/level-03B_run-011,20,20,11,11,True,True,task-ils/sub-cp043/ses-20220127/level-03B_run-011/sub-cp043_ses-20220127_ocuevts_level-03B_run-011.csv;task-ils/sub-cp043/ses-20220127/level-03B_run-011/sub-cp043_ses-20220127_task-ils_stream-lslhtcviveeye_feat-chunk_level-03B_run-011_dat.csv,True,task-ils/sub-cp043/ses-20220127/level-03B_run-011/sub-cp043_ses-20220127_task-ils_stream-lslshimmerecg_feat-chunk_level-03B_run-011_dat.csv,True,task-ils/sub-cp043/ses-20220127/level-03B_run-011/sub-cp043_ses-20220127_task-ils_stream-lslshimmereda_feat-chunk_level-03B_run-011_dat.csv,True,task-ils/sub-cp043/ses-20220127/level-03B_run-011/sub-cp043_ses-20220127_task-ils_stream-lslshimmeremg_feat-chunk_level-03B_run-011_dat.csv,True,task-ils/sub-cp043/ses-20220127/level-03B_run-011/sub-cp043_ses-20220127_task-ils_stream-lslrespitrace_feat-chunk_level-03B_run-011_dat.csv;task-ils/sub-cp043/ses-20220127/level-03B_run-011/sub-cp043_ses-20220127_task-ils_stream-lslshimmerresp_feat-chunk_level-03B_run-011_dat.csv,True,task-ils/sub-cp043/ses-20220127/level-03B_run-011/sub-cp043_ses-20220127_task-ils_stream-lslxp11xpcplt_feat-chunk_level-03B_run-011_dat.csv,True,task-ils/sub-cp043/ses-20220127/level-03B_run-011/sub-cp043_ses-20220127_task-ils_stream-lslxp11xpcac_feat-chunk_level-03B_run-011_dat.csv,True,task-ils/sub-cp043/ses-20220127/level-03B_run-011/sub-cp043_ses-20220127_task-ils_stream-lslxp11_feat-perfmetric_level-03B_run-011.csv,True,task-ils/sub-cp043/ses-20220127/level-03B_run-011/sub-cp043_ses-20220127_task-ils_stream-lslshimmertorsoacc_feat-chunk_level-03B_run-011_dat.csv,False,,9,ecg;eda;emg;eye_tracking;head_movement;performance;respiration;torso_body_accelerometer;xplane,control_input,0,,0,
ils,sub-cp043,ses-20220127,level-04B,run-004,sub-cp043_ses-20220127_level-04B_run-004,task-ils/sub-cp043/ses-20220127/level-04B_run-004,20,20,11,11,True,True,task-ils/sub-cp043/ses-20220127/level-04B_run-004/sub-cp043_ses-20220127_ocuevts_level-04B_run-004.csv;task-ils/sub-cp043/ses-20220127/level-04B_run-004/sub-cp043_ses-20220127_task-ils_stream-lslhtcviveeye_feat-chunk_level-04B_run-004_dat.csv,True,task-ils/sub-cp043/ses-20220127/level-04B_run-004/sub-cp043_ses-20220127_task-ils_stream-lslshimmerecg_feat-chunk_level-04B_run-004_dat.csv,True,task-ils/sub-cp043/ses-20220127/level-04B_run-004/sub-cp043_ses-20220127_task-ils_stream-lslshimmereda_feat-chunk_level-04B_run-004_dat.csv,True,task-ils/sub-cp043/ses-20220127/level-04B_run-004/sub-cp043_ses-20220127_task-ils_stream-lslshimmeremg_feat-chunk_level-04B_run-004_dat.csv,True,task-ils/sub-cp043/ses-20220127/level-04B_run-004/sub-cp043_ses-20220127_task-ils_stream-lslrespitrace_feat-chunk_level-04B_run-004_dat.csv;task-ils/sub-cp043/ses-20220127/level-04B_run-004/sub-cp043_ses-20220127_task-ils_stream-lslshimmerresp_feat-chunk_level-04B_run-004_dat.csv,True,task-ils/sub-cp043/ses-20220127/level-04B_run-004/sub-cp043_ses-20220127_task-ils_stream-lslxp11xpcplt_feat-chunk_level-04B_run-004_dat.csv,True,task-ils/sub-cp043/ses-20220127/level-04B_run-004/sub-cp043_ses-20220127_task-ils_stream-lslxp11xpcac_feat-chunk_level-04B_run-004_dat.csv,True,task-ils/sub-cp043/ses-20220127/level-04B_run-004/sub-cp043_ses-20220127_task-ils_stream-lslxp11_feat-perfmetric_level-04B_run-004.csv,True,task-ils/sub-cp043/ses-20220127/level-04B_run-004/sub-cp043_ses-20220127_task-ils_stream-lslshimmertorsoacc_feat-chunk_level-04B_run-004_dat.csv,False,,9,ecg;eda;emg;eye_tracking;head_movement;performance;respiration;torso_body_accelerometer;xplane,control_input,0,,0,
ils,sub-cp043,ses-20220127,level-04B,run-006,sub-cp043_ses-20220127_level-04B_run-006,task-ils/sub-cp043/ses-20220127/level-04B_run-006,20,20,11,11,True,True,task-ils/sub-cp043/ses-20220127/level-04B_run-006/sub-cp043_ses-20220127_ocuevts_level-04B_run-006.csv;task-ils/sub-cp043/ses-20220127/level-04B_run-006/sub-cp043_ses-20220127_task-ils_stream-lslhtcviveeye_feat-chunk_level-04B_run-006_dat.csv,True,task-ils/sub-cp043/ses-20220127/level-04B_run-006/sub-cp043_ses-20220127_task-ils_stream-lslshimmerecg_feat-chunk_level-04B_run-006_dat.csv,True,task-ils/sub-cp043/ses-20220127/level-04B_run-006/sub-cp043_ses-20220127_task-ils_stream-lslshimmereda_feat-chunk_level-04B_run-006_dat.csv,True,task-ils/sub-cp043/ses-20220127/level-04B_run-006/sub-cp043_ses-20220127_task-ils_stream-lslshimmeremg_feat-chunk_level-04B_run-006_dat.csv,True,task-ils/sub-cp043/ses-20220127/level-04B_run-006/sub-cp043_ses-20220127_task-ils_stream-lslrespitrace_feat-chunk_level-04B_run-006_dat.csv;task-ils/sub-cp043/ses-20220127/level-04B_run-006/sub-cp043_ses-20220127_task-ils_stream-lslshimmerresp_feat-chunk_level-04B_run-006_dat.csv,True,task-ils/sub-cp043/ses-20220127/level-04B_run-006/sub-cp043_ses-20220127_task-ils_stream-lslxp11xpcplt_feat-chunk_level-04B_run-006_dat.csv,True,task-ils/sub-cp043/ses-20220127/level-04B_run-006/sub-cp043_ses-20220127_task-ils_stream-lslxp11xpcac_feat-chunk_level-04B_run-006_dat.csv,True,task-ils/sub-cp043/ses-20220127/level-04B_run-006/sub-cp043_ses-20220127_task-ils_stream-lslxp11_feat-perfmetric_level-04B_run-006.csv,True,task-ils/sub-cp043/ses-20220127/level-04B_run-006/sub-cp043_ses-20220127_task-ils_stream-lslshimmertorsoacc_feat-chunk_level-04B_run-006_dat.csv,False,,9,ecg;eda;emg;eye_tracking;head_movement;performance;respiration;torso_body_accelerometer;xplane,control_input,0,,0,
ils,sub-cp043,ses-20220127,level-04B,run-009,sub-cp043_ses-20220127_level-04B_run-009,task-ils/sub-cp043/ses-20220127/level-04B_run-009,20,20,11,11,True,True,task-ils/sub-cp043/ses-20220127/level-04B_run-009/sub-cp043_ses-20220127_ocuevts_level-04B_run-009.csv;task-ils/sub-cp043/ses-20220127/level-04B_run-009/sub-cp043_ses-20220127_task-ils_stream-lslhtcviveeye_feat-chunk_level-04B_run-009_dat.csv,True,task-ils/sub-cp043/ses-20220127/level-04B_run-009/sub-cp043_ses-20220127_task-ils_stream-lslshimmerecg_feat-chunk_level-04B_run-009_dat.csv,True,task-ils/sub-cp043/ses-20220127/level-04B_run-009/sub-cp043_ses-20220127_task-ils_stream-lslshimmereda_feat-chunk_level-04B_run-009_dat.csv,True,task-ils/sub-cp043/ses-20220127/level-04B_run-009/sub-cp043_ses-20220127_task-ils_stream-lslshimmeremg_feat-chunk_level-04B_run-009_dat.csv,True,task-ils/sub-cp043/ses-20220127/level-04B_run-009/sub-cp043_ses-20220127_task-ils_stream-lslrespitrace_feat-chunk_level-04B_run-009_dat.csv;task-ils/sub-cp043/ses-20220127/level-04B_run-009/sub-cp043_ses-20220127_task-ils_stream-lslshimmerresp_feat-chunk_level-04B_run-009_dat.csv,True,task-ils/sub-cp043/ses-20220127/level-04B_run-009/sub-cp043_ses-20220127_task-ils_stream-lslxp11xpcplt_feat-chunk_level-04B_run-009_dat.csv,True,task-ils/sub-cp043/ses-20220127/level-04B_run-009/sub-cp043_ses-20220127_task-ils_stream-lslxp11xpcac_feat-chunk_level-04B_run-009_dat.csv,True,task-ils/sub-cp043/ses-20220127/level-04B_run-009/sub-cp043_ses-20220127_task-ils_stream-lslxp11_feat-perfmetric_level-04B_run-009.csv,True,task-ils/sub-cp043/ses-20220127/level-04B_run-009/sub-cp043_ses-20220127_task-ils_stream-lslshimmertorsoacc_feat-chunk_level-04B_run-009_dat.csv,False,,9,ecg;eda;emg;eye_tracking;head_movement;performance;respiration;torso_body_accelerometer;xplane,control_input,0,,0,
rest,sub-cp003,ses-20210206,level-000,run-001,sub-cp003_ses-20210206_level-000_run-001,task-rest/sub-cp003/ses-20210206/level-000_run-001,14,14,7,6,True,False,,True,task-rest/sub-cp003/ses-20210206/level-000_run-001/sub-cp003_ses-20210206_task-rest_stream-lslshimmerecg_feat-chunk_level-000_run-001_dat.csv,True,task-rest/sub-cp003/ses-20210206/level-000_run-001/sub-cp003_ses-20210206_task-rest_stream-lslshimmereda_feat-chunk_level-000_run-001_dat.csv,True,task-rest/sub-cp003/ses-20210206/level-000_run-001/sub-cp003_ses-20210206_task-rest_stream-lslshimmeremg_feat-chunk_level-000_run-001_dat.csv,True,task-rest/sub-cp003/ses-20210206/level-000_run-001/sub-cp003_ses-20210206_task-rest_stream-lslshimmerresp_feat-chunk_level-000_run-001_dat.csv,True,task-rest/sub-cp003/ses-20210206/level-000_run-001/sub-cp003_ses-20210206_task-rest_stream-lslxp11xpcplt_feat-chunk_level-000_run-001_dat.csv,True,task-rest/sub-cp003/ses-20210206/level-000_run-001/sub-cp003_ses-20210206_task-rest_stream-lslxp11xpcac_feat-chunk_level-000_run-001_dat.csv,False,,False,,False,,6,ecg;eda;emg;head_movement;respiration;xplane,control_input;eye_tracking;performance;torso_body_accelerometer,3,invalid_effective_rate:task-rest/sub-cp003/ses-20210206/level-000_run-001/sub-cp003_ses-20210206_task-rest_stream-lslhtcviveeye_feat-chunk_level-000_run-001_hea.csv:NaN | invalid_sample_count:task-rest/sub-cp003/ses-20210206/level-000_run-001/sub-cp003_ses-20210206_task-rest_stream-lslhtcviveeye_feat-chunk_level-000_run-001_hea.csv:0 | placeholder_data_with_zero_samples:task-rest/sub-cp003/ses-20210206/level-000_run-001/sub-cp003_ses-20210206_task-rest_stream-lslhtcviveeye_feat-chunk_level-000_run-001_dat.csv,0,
rest,sub-cp003,ses-20210206,level-000,run-002,sub-cp003_ses-20210206_level-000_run-002,task-rest/sub-cp003/ses-20210206/level-000_run-002,14,14,7,4,True,False,,True,task-rest/sub-cp003/ses-20210206/level-000_run-002/sub-cp003_ses-20210206_task-rest_stream-lslshimmerecg_feat-chunk_level-000_run-002_dat.csv,True,task-rest/sub-cp003/ses-20210206/level-000_run-002/sub-cp003_ses-20210206_task-rest_stream-lslshimmereda_feat-chunk_level-000_run-002_dat.csv,True,task-rest/sub-cp003/ses-20210206/level-000_run-002/sub-cp003_ses-20210206_task-rest_stream-lslshimmeremg_feat-chunk_level-000_run-002_dat.csv,True,task-rest/sub-cp003/ses-20210206/level-000_run-002/sub-cp003_ses-20210206_task-rest_stream-lslshimmerresp_feat-chunk_level-000_run-002_dat.csv,False,,False,,False,,False,,False,,4,ecg;eda;emg;respiration,control_input;eye_tracking;head_movement;performance;torso_body_accelerometer;xplane,7,invalid_effective_rate:task-rest/sub-cp003/ses-20210206/level-000_run-002/sub-cp003_ses-20210206_task-rest_stream-lslhtcviveeye_feat-chunk_level-000_run-002_hea.csv:NaN | invalid_sample_count:task-rest/sub-cp003/ses-20210206/level-000_run-002/sub-cp003_ses-20210206_task-rest_stream-lslhtcviveeye_feat-chunk_level-000_run-002_hea.csv:0 | invalid_sample_count:task-rest/sub-cp003/ses-20210206/level-000_run-002/sub-cp003_ses-20210206_task-rest_stream-lslxp11xpcac_feat-chunk_level-000_run-002_hea.csv:0 | invalid_sample_count:task-rest/sub-cp003/ses-20210206/level-000_run-002/sub-cp003_ses-20210206_task-rest_stream-lslxp11xpcplt_feat-chunk_level-000_run-002_hea.csv:0 | placeholder_data_with_zero_samples:task-rest/sub-cp003/ses-20210206/level-000_run-002/sub-cp003_ses-20210206_task-rest_stream-lslhtcviveeye_feat-chunk_level-000_run-002_dat.csv | placeholder_data_with_zero_samples:task-rest/sub-cp003/ses-20210206/level-000_run-002/sub-cp003_ses-20210206_task-rest_stream-lslxp11xpcac_feat-chunk_level-000_run-002_dat.csv | placeholder_data_with_zero_samples:task-rest/sub-cp003/ses-20210206/level-000_run-002/sub-cp003_ses-20210206_task-rest_stream-lslxp11xpcplt_feat-chunk_level-000_run-002_dat.csv,0,
rest,sub-cp004,ses-20210330,level-000,run-001,sub-cp004_ses-20210330_level-000_run-001,task-rest/sub-cp004/ses-20210330/level-000_run-001,17,17,9,9,True,True,task-rest/sub-cp004/ses-20210330/level-000_run-001/sub-cp004_ses-20210330_ocuevts_level-000_run-001.csv;task-rest/sub-cp004/ses-20210330/level-000_run-001/sub-cp004_ses-20210330_task-rest_stream-lslhtcviveeye_feat-chunk_level-000_run-001_dat.csv,True,task-rest/sub-cp004/ses-20210330/level-000_run-001/sub-cp004_ses-20210330_task-rest_stream-lslshimmerecg_feat-chunk_level-000_run-001_dat.csv,True,task-rest/sub-cp004/ses-20210330/level-000_run-001/sub-cp004_ses-20210330_task-rest_stream-lslshimmereda_feat-chunk_level-000_run-001_dat.csv,True,task-rest/sub-cp004/ses-20210330/level-000_run-001/sub-cp004_ses-20210330_task-rest_stream-lslshimmeremg_feat-chunk_level-000_run-001_dat.csv,True,task-rest/sub-cp004/ses-20210330/level-000_run-001/sub-cp004_ses-20210330_task-rest_stream-lslshimmerresp_feat-chunk_level-000_run-001_dat.csv,True,task-rest/sub-cp004/ses-20210330/level-000_run-001/sub-cp004_ses-20210330_task-rest_stream-lslxp11xpcplt_feat-chunk_level-000_run-001_dat.csv,True,task-rest/sub-cp004/ses-20210330/level-000_run-001/sub-cp004_ses-20210330_task-rest_stream-lslxp11xpcac_feat-chunk_level-000_run-001_dat.csv,False,,True,task-rest/sub-cp004/ses-20210330/level-000_run-001/sub-cp004_ses-20210330_task-rest_stream-lslshimmertorsoacc_feat-chunk_level-000_run-001_dat.csv,False,,8,ecg;eda;emg;eye_tracking;head_movement;respiration;torso_body_accelerometer;xplane,control_input;performance,0,,0,
rest,sub-cp004,ses-20210330,level-000,run-002,sub-cp004_ses-20210330_level-000_run-002,task-rest/sub-cp004/ses-20210330/level-000_run-002,17,17,9,9,True,True,task-rest/sub-cp004/ses-20210330/level-000_run-002/sub-cp004_ses-20210330_ocuevts_level-000_run-002.csv;task-rest/sub-cp004/ses-20210330/level-000_run-002/sub-cp004_ses-20210330_task-rest_stream-lslhtcviveeye_feat-chunk_level-000_run-002_dat.csv,True,task-rest/sub-cp004/ses-20210330/level-000_run-002/sub-cp004_ses-20210330_task-rest_stream-lslshimmerecg_feat-chunk_level-000_run-002_dat.csv,True,task-rest/sub-cp004/ses-20210330/level-000_run-002/sub-cp004_ses-20210330_task-rest_stream-lslshimmereda_feat-chunk_level-000_run-002_dat.csv,True,task-rest/sub-cp004/ses-20210330/level-000_run-002/sub-cp004_ses-20210330_task-rest_stream-lslshimmeremg_feat-chunk_level-000_run-002_dat.csv,True,task-rest/sub-cp004/ses-20210330/level-000_run-002/sub-cp004_ses-20210330_task-rest_stream-lslshimmerresp_feat-chunk_level-000_run-002_dat.csv,True,task-rest/sub-cp004/ses-20210330/level-000_run-002/sub-cp004_ses-20210330_task-rest_stream-lslxp11xpcplt_feat-chunk_level-000_run-002_dat.csv,True,task-rest/sub-cp004/ses-20210330/level-000_run-002/sub-cp004_ses-20210330_task-rest_stream-lslxp11xpcac_feat-chunk_level-000_run-002_dat.csv,False,,True,task-rest/sub-cp004/ses-20210330/level-000_run-002/sub-cp004_ses-20210330_task-rest_stream-lslshimmertorsoacc_feat-chunk_level-000_run-002_dat.csv,False,,8,ecg;eda;emg;eye_tracking;head_movement;respiration;torso_body_accelerometer;xplane,control_input;performance,0,,0,
rest,sub-cp005,ses-20210226,level-000,run-001,sub-cp005_ses-20210226_level-000_run-001,task-rest/sub-cp005/ses-20210226/level-000_run-001,17,17,9,9,True,True,task-rest/sub-cp005/ses-20210226/level-000_run-001/sub-cp005_ses-20210226_ocuevts_level-000_run-001.csv;task-rest/sub-cp005/ses-20210226/level-000_run-001/sub-cp005_ses-20210226_task-rest_stream-lslhtcviveeye_feat-chunk_level-000_run-001_dat.csv,True,task-rest/sub-cp005/ses-20210226/level-000_run-001/sub-cp005_ses-20210226_task-rest_stream-lslshimmerecg_feat-chunk_level-000_run-001_dat.csv,True,task-rest/sub-cp005/ses-20210226/level-000_run-001/sub-cp005_ses-20210226_task-rest_stream-lslshimmereda_feat-chunk_level-000_run-001_dat.csv,True,task-rest/sub-cp005/ses-20210226/level-000_run-001/sub-cp005_ses-20210226_task-rest_stream-lslshimmeremg_feat-chunk_level-000_run-001_dat.csv,True,task-rest/sub-cp005/ses-20210226/level-000_run-001/sub-cp005_ses-20210226_task-rest_stream-lslshimmerresp_feat-chunk_level-000_run-001_dat.csv,True,task-rest/sub-cp005/ses-20210226/level-000_run-001/sub-cp005_ses-20210226_task-rest_stream-lslxp11xpcplt_feat-chunk_level-000_run-001_dat.csv,True,task-rest/sub-cp005/ses-20210226/level-000_run-001/sub-cp005_ses-20210226_task-rest_stream-lslxp11xpcac_feat-chunk_level-000_run-001_dat.csv,False,,True,task-rest/sub-cp005/ses-20210226/level-000_run-001/sub-cp005_ses-20210226_task-rest_stream-lslshimmertorsoacc_feat-chunk_level-000_run-001_dat.csv,False,,8,ecg;eda;emg;eye_tracking;head_movement;respiration;torso_body_accelerometer;xplane,control_input;performance,0,,0,
rest,sub-cp005,ses-20210226,level-000,run-002,sub-cp005_ses-20210226_level-000_run-002,task-rest/sub-cp005/ses-20210226/level-000_run-002,15,15,8,8,True,True,task-rest/sub-cp005/ses-20210226/level-000_run-002/sub-cp005_ses-20210226_ocuevts_level-000_run-002.csv;task-rest/sub-cp005/ses-20210226/level-000_run-002/sub-cp005_ses-20210226_task-rest_stream-lslhtcviveeye_feat-chunk_level-000_run-002_dat.csv,True,task-rest/sub-cp005/ses-20210226/level-000_run-002/sub-cp005_ses-20210226_task-rest_stream-lslshimmerecg_feat-chunk_level-000_run-002_dat.csv,False,,True,task-rest/sub-cp005/ses-20210226/level-000_run-002/sub-cp005_ses-20210226_task-rest_stream-lslshimmeremg_feat-chunk_level-000_run-002_dat.csv,True,task-rest/sub-cp005/ses-20210226/level-000_run-002/sub-cp005_ses-20210226_task-rest_stream-lslshimmerresp_feat-chunk_level-000_run-002_dat.csv,True,task-rest/sub-cp005/ses-20210226/level-000_run-002/sub-cp005_ses-20210226_task-rest_stream-lslxp11xpcplt_feat-chunk_level-000_run-002_dat.csv,True,task-rest/sub-cp005/ses-20210226/level-000_run-002/sub-cp005_ses-20210226_task-rest_stream-lslxp11xpcac_feat-chunk_level-000_run-002_dat.csv,False,,True,task-rest/sub-cp005/ses-20210226/level-000_run-002/sub-cp005_ses-20210226_task-rest_stream-lslshimmertorsoacc_feat-chunk_level-000_run-002_dat.csv,False,,7,ecg;emg;eye_tracking;head_movement;respiration;torso_body_accelerometer;xplane,control_input;eda;performance,0,,0,
rest,sub-cp006,ses-20210324,level-000,run-001,sub-cp006_ses-20210324_level-000_run-001,task-rest/sub-cp006/ses-20210324/level-000_run-001,17,17,9,9,True,True,task-rest/sub-cp006/ses-20210324/level-000_run-001/sub-cp006_ses-20210324_ocuevts_level-000_run-001.csv;task-rest/sub-cp006/ses-20210324/level-000_run-001/sub-cp006_ses-20210324_task-rest_stream-lslhtcviveeye_feat-chunk_level-000_run-001_dat.csv,True,task-rest/sub-cp006/ses-20210324/level-000_run-001/sub-cp006_ses-20210324_task-rest_stream-lslshimmerecg_feat-chunk_level-000_run-001_dat.csv,True,task-rest/sub-cp006/ses-20210324/level-000_run-001/sub-cp006_ses-20210324_task-rest_stream-lslshimmereda_feat-chunk_level-000_run-001_dat.csv,True,task-rest/sub-cp006/ses-20210324/level-000_run-001/sub-cp006_ses-20210324_task-rest_stream-lslshimmeremg_feat-chunk_level-000_run-001_dat.csv,True,task-rest/sub-cp006/ses-20210324/level-000_run-001/sub-cp006_ses-20210324_task-rest_stream-lslshimmerresp_feat-chunk_level-000_run-001_dat.csv,True,task-rest/sub-cp006/ses-20210324/level-000_run-001/sub-cp006_ses-20210324_task-rest_stream-lslxp11xpcplt_feat-chunk_level-000_run-001_dat.csv,True,task-rest/sub-cp006/ses-20210324/level-000_run-001/sub-cp006_ses-20210324_task-rest_stream-lslxp11xpcac_feat-chunk_level-000_run-001_dat.csv,False,,True,task-rest/sub-cp006/ses-20210324/level-000_run-001/sub-cp006_ses-20210324_task-rest_stream-lslshimmertorsoacc_feat-chunk_level-000_run-001_dat.csv,False,,8,ecg;eda;emg;eye_tracking;head_movement;respiration;torso_body_accelerometer;xplane,control_input;performance,0,,0,
rest,sub-cp006,ses-20210324,level-000,run-002,sub-cp006_ses-20210324_level-000_run-002,task-rest/sub-cp006/ses-20210324/level-000_run-002,17,17,9,9,True,True,task-rest/sub-cp006/ses-20210324/level-000_run-002/sub-cp006_ses-20210324_ocuevts_level-000_run-002.csv;task-rest/sub-cp006/ses-20210324/level-000_run-002/sub-cp006_ses-20210324_task-rest_stream-lslhtcviveeye_feat-chunk_level-000_run-002_dat.csv,True,task-rest/sub-cp006/ses-20210324/level-000_run-002/sub-cp006_ses-20210324_task-rest_stream-lslshimmerecg_feat-chunk_level-000_run-002_dat.csv,True,task-rest/sub-cp006/ses-20210324/level-000_run-002/sub-cp006_ses-20210324_task-rest_stream-lslshimmereda_feat-chunk_level-000_run-002_dat.csv,True,task-rest/sub-cp006/ses-20210324/level-000_run-002/sub-cp006_ses-20210324_task-rest_stream-lslshimmeremg_feat-chunk_level-000_run-002_dat.csv,True,task-rest/sub-cp006/ses-20210324/level-000_run-002/sub-cp006_ses-20210324_task-rest_stream-lslshimmerresp_feat-chunk_level-000_run-002_dat.csv,True,task-rest/sub-cp006/ses-20210324/level-000_run-002/sub-cp006_ses-20210324_task-rest_stream-lslxp11xpcplt_feat-chunk_level-000_run-002_dat.csv,True,task-rest/sub-cp006/ses-20210324/level-000_run-002/sub-cp006_ses-20210324_task-rest_stream-lslxp11xpcac_feat-chunk_level-000_run-002_dat.csv,False,,True,task-rest/sub-cp006/ses-20210324/level-000_run-002/sub-cp006_ses-20210324_task-rest_stream-lslshimmertorsoacc_feat-chunk_level-000_run-002_dat.csv,False,,8,ecg;eda;emg;eye_tracking;head_movement;respiration;torso_body_accelerometer;xplane,control_input;performance,0,,0,
rest,sub-cp008,ses-20210503,level-000,run-001,sub-cp008_ses-20210503_level-000_run-001,task-rest/sub-cp008/ses-20210503/level-000_run-001,15,15,8,8,True,True,task-rest/sub-cp008/ses-20210503/level-000_run-001/sub-cp008_ses-20210503_ocuevts_level-000_run-001.csv;task-rest/sub-cp008/ses-20210503/level-000_run-001/sub-cp008_ses-20210503_task-rest_stream-lslhtcviveeye_feat-chunk_level-000_run-001_dat.csv,True,task-rest/sub-cp008/ses-20210503/level-000_run-001/sub-cp008_ses-20210503_task-rest_stream-lslshimmerecg_feat-chunk_level-000_run-001_dat.csv,True,task-rest/sub-cp008/ses-20210503/level-000_run-001/sub-cp008_ses-20210503_task-rest_stream-lslshimmereda_feat-chunk_level-000_run-001_dat.csv,True,task-rest/sub-cp008/ses-20210503/level-000_run-001/sub-cp008_ses-20210503_task-rest_stream-lslshimmeremg_feat-chunk_level-000_run-001_dat.csv,True,task-rest/sub-cp008/ses-20210503/level-000_run-001/sub-cp008_ses-20210503_task-rest_stream-lslshimmerresp_feat-chunk_level-000_run-001_dat.csv,True,task-rest/sub-cp008/ses-20210503/level-000_run-001/sub-cp008_ses-20210503_task-rest_stream-lslxp11xpcplt_feat-chunk_level-000_run-001_dat.csv,True,task-rest/sub-cp008/ses-20210503/level-000_run-001/sub-cp008_ses-20210503_task-rest_stream-lslxp11xpcac_feat-chunk_level-000_run-001_dat.csv,False,,False,,False,,7,ecg;eda;emg;eye_tracking;head_movement;respiration;xplane,control_input;performance;torso_body_accelerometer,0,,0,
rest,sub-cp008,ses-20210503,level-000,run-002,sub-cp008_ses-20210503_level-000_run-002,task-rest/sub-cp008/ses-20210503/level-000_run-002,17,17,9,9,True,True,task-rest/sub-cp008/ses-20210503/level-000_run-002/sub-cp008_ses-20210503_ocuevts_level-000_run-002.csv;task-rest/sub-cp008/ses-20210503/level-000_run-002/sub-cp008_ses-20210503_task-rest_stream-lslhtcviveeye_feat-chunk_level-000_run-002_dat.csv,True,task-rest/sub-cp008/ses-20210503/level-000_run-002/sub-cp008_ses-20210503_task-rest_stream-lslshimmerecg_feat-chunk_level-000_run-002_dat.csv,True,task-rest/sub-cp008/ses-20210503/level-000_run-002/sub-cp008_ses-20210503_task-rest_stream-lslshimmereda_feat-chunk_level-000_run-002_dat.csv,True,task-rest/sub-cp008/ses-20210503/level-000_run-002/sub-cp008_ses-20210503_task-rest_stream-lslshimmeremg_feat-chunk_level-000_run-002_dat.csv,True,task-rest/sub-cp008/ses-20210503/level-000_run-002/sub-cp008_ses-20210503_task-rest_stream-lslshimmerresp_feat-chunk_level-000_run-002_dat.csv,True,task-rest/sub-cp008/ses-20210503/level-000_run-002/sub-cp008_ses-20210503_task-rest_stream-lslxp11xpcplt_feat-chunk_level-000_run-002_dat.csv,True,task-rest/sub-cp008/ses-20210503/level-000_run-002/sub-cp008_ses-20210503_task-rest_stream-lslxp11xpcac_feat-chunk_level-000_run-002_dat.csv,False,,True,task-rest/sub-cp008/ses-20210503/level-000_run-002/sub-cp008_ses-20210503_task-rest_stream-lslshimmertorsoacc_feat-chunk_level-000_run-002_dat.csv,False,,8,ecg;eda;emg;eye_tracking;head_movement;respiration;torso_body_accelerometer;xplane,control_input;performance,0,,0,
rest,sub-cp009,ses-20210129,level-000,run-001,sub-cp009_ses-20210129_level-000_run-001,task-rest/sub-cp009/ses-20210129/level-000_run-001,15,15,8,5,True,True,task-rest/sub-cp009/ses-20210129/level-000_run-001/sub-cp009_ses-20210129_ocuevts_level-000_run-001.csv;task-rest/sub-cp009/ses-20210129/level-000_run-001/sub-cp009_ses-20210129_task-rest_stream-lslhtcviveeye_feat-chunk_level-000_run-001_dat.csv,False,,False,,True,task-rest/sub-cp009/ses-20210129/level-000_run-001/sub-cp009_ses-20210129_task-rest_stream-lslshimmeremg_feat-chunk_level-000_run-001_dat.csv,False,,True,task-rest/sub-cp009/ses-20210129/level-000_run-001/sub-cp009_ses-20210129_task-rest_stream-lslxp11xpcplt_feat-chunk_level-000_run-001_dat.csv,True,task-rest/sub-cp009/ses-20210129/level-000_run-001/sub-cp009_ses-20210129_task-rest_stream-lslxp11xpcac_feat-chunk_level-000_run-001_dat.csv,False,,False,,False,,4,emg;eye_tracking;head_movement;xplane,control_input;ecg;eda;performance;respiration;torso_body_accelerometer,9,invalid_effective_rate:task-rest/sub-cp009/ses-20210129/level-000_run-001/sub-cp009_ses-20210129_task-rest_stream-lslshimmerecg_feat-chunk_level-000_run-001_hea.csv:NaN | invalid_effective_rate:task-rest/sub-cp009/ses-20210129/level-000_run-001/sub-cp009_ses-20210129_task-rest_stream-lslshimmereda_feat-chunk_level-000_run-001_hea.csv:NaN | invalid_effective_rate:task-rest/sub-cp009/ses-20210129/level-000_run-001/sub-cp009_ses-20210129_task-rest_stream-lslshimmerresp_feat-chunk_level-000_run-001_hea.csv:NaN | invalid_sample_count:task-rest/sub-cp009/ses-20210129/level-000_run-001/sub-cp009_ses-20210129_task-rest_stream-lslshimmerecg_feat-chunk_level-000_run-001_hea.csv:0 | invalid_sample_count:task-rest/sub-cp009/ses-20210129/level-000_run-001/sub-cp009_ses-20210129_task-rest_stream-lslshimmereda_feat-chunk_level-000_run-001_hea.csv:0 | invalid_sample_count:task-rest/sub-cp009/ses-20210129/level-000_run-001/sub-cp009_ses-20210129_task-rest_stream-lslshimmerresp_feat-chunk_level-000_run-001_hea.csv:0 | placeholder_data_with_zero_samples:task-rest/sub-cp009/ses-20210129/level-000_run-001/sub-cp009_ses-20210129_task-rest_stream-lslshimmerecg_feat-chunk_level-000_run-001_dat.csv | placeholder_data_with_zero_samples:task-rest/sub-cp009/ses-20210129/level-000_run-001/sub-cp009_ses-20210129_task-rest_stream-lslshimmereda_feat-chunk_level-000_run-001_dat.csv | placeholder_data_with_zero_samples:task-rest/sub-cp009/ses-20210129/level-000_run-001/sub-cp009_ses-20210129_task-rest_stream-lslshimmerresp_feat-chunk_level-000_run-001_dat.csv,0,
rest,sub-cp011,ses-20210408,level-000,run-001,sub-cp011_ses-20210408_level-000_run-001,task-rest/sub-cp011/ses-20210408/level-000_run-001,17,17,9,9,True,True,task-rest/sub-cp011/ses-20210408/level-000_run-001/sub-cp011_ses-20210408_ocuevts_level-000_run-001.csv;task-rest/sub-cp011/ses-20210408/level-000_run-001/sub-cp011_ses-20210408_task-rest_stream-lslhtcviveeye_feat-chunk_level-000_run-001_dat.csv,True,task-rest/sub-cp011/ses-20210408/level-000_run-001/sub-cp011_ses-20210408_task-rest_stream-lslshimmerecg_feat-chunk_level-000_run-001_dat.csv,True,task-rest/sub-cp011/ses-20210408/level-000_run-001/sub-cp011_ses-20210408_task-rest_stream-lslshimmereda_feat-chunk_level-000_run-001_dat.csv,True,task-rest/sub-cp011/ses-20210408/level-000_run-001/sub-cp011_ses-20210408_task-rest_stream-lslshimmeremg_feat-chunk_level-000_run-001_dat.csv,True,task-rest/sub-cp011/ses-20210408/level-000_run-001/sub-cp011_ses-20210408_task-rest_stream-lslshimmerresp_feat-chunk_level-000_run-001_dat.csv,True,task-rest/sub-cp011/ses-20210408/level-000_run-001/sub-cp011_ses-20210408_task-rest_stream-lslxp11xpcplt_feat-chunk_level-000_run-001_dat.csv,True,task-rest/sub-cp011/ses-20210408/level-000_run-001/sub-cp011_ses-20210408_task-rest_stream-lslxp11xpcac_feat-chunk_level-000_run-001_dat.csv,False,,True,task-rest/sub-cp011/ses-20210408/level-000_run-001/sub-cp011_ses-20210408_task-rest_stream-lslshimmertorsoacc_feat-chunk_level-000_run-001_dat.csv,False,,8,ecg;eda;emg;eye_tracking;head_movement;respiration;torso_body_accelerometer;xplane,control_input;performance,0,,0,
rest,sub-cp011,ses-20210408,level-000,run-002,sub-cp011_ses-20210408_level-000_run-002,task-rest/sub-cp011/ses-20210408/level-000_run-002,17,17,9,9,True,True,task-rest/sub-cp011/ses-20210408/level-000_run-002/sub-cp011_ses-20210408_ocuevts_level-000_run-002.csv;task-rest/sub-cp011/ses-20210408/level-000_run-002/sub-cp011_ses-20210408_task-rest_stream-lslhtcviveeye_feat-chunk_level-000_run-002_dat.csv,True,task-rest/sub-cp011/ses-20210408/level-000_run-002/sub-cp011_ses-20210408_task-rest_stream-lslshimmerecg_feat-chunk_level-000_run-002_dat.csv,True,task-rest/sub-cp011/ses-20210408/level-000_run-002/sub-cp011_ses-20210408_task-rest_stream-lslshimmereda_feat-chunk_level-000_run-002_dat.csv,True,task-rest/sub-cp011/ses-20210408/level-000_run-002/sub-cp011_ses-20210408_task-rest_stream-lslshimmeremg_feat-chunk_level-000_run-002_dat.csv,True,task-rest/sub-cp011/ses-20210408/level-000_run-002/sub-cp011_ses-20210408_task-rest_stream-lslshimmerresp_feat-chunk_level-000_run-002_dat.csv,True,task-rest/sub-cp011/ses-20210408/level-000_run-002/sub-cp011_ses-20210408_task-rest_stream-lslxp11xpcplt_feat-chunk_level-000_run-002_dat.csv,True,task-rest/sub-cp011/ses-20210408/level-000_run-002/sub-cp011_ses-20210408_task-rest_stream-lslxp11xpcac_feat-chunk_level-000_run-002_dat.csv,False,,True,task-rest/sub-cp011/ses-20210408/level-000_run-002/sub-cp011_ses-20210408_task-rest_stream-lslshimmertorsoacc_feat-chunk_level-000_run-002_dat.csv,False,,8,ecg;eda;emg;eye_tracking;head_movement;respiration;torso_body_accelerometer;xplane,control_input;performance,0,,0,
rest,sub-cp012,ses-20210723,level-000,run-001,sub-cp012_ses-20210723_level-000_run-001,task-rest/sub-cp012/ses-20210723/level-000_run-001,17,17,9,9,True,True,task-rest/sub-cp012/ses-20210723/level-000_run-001/sub-cp012_ses-20210723_ocuevts_level-000_run-001.csv;task-rest/sub-cp012/ses-20210723/level-000_run-001/sub-cp012_ses-20210723_task-rest_stream-lslhtcviveeye_feat-chunk_level-000_run-001_dat.csv,True,task-rest/sub-cp012/ses-20210723/level-000_run-001/sub-cp012_ses-20210723_task-rest_stream-lslshimmerecg_feat-chunk_level-000_run-001_dat.csv,True,task-rest/sub-cp012/ses-20210723/level-000_run-001/sub-cp012_ses-20210723_task-rest_stream-lslshimmereda_feat-chunk_level-000_run-001_dat.csv,True,task-rest/sub-cp012/ses-20210723/level-000_run-001/sub-cp012_ses-20210723_task-rest_stream-lslshimmeremg_feat-chunk_level-000_run-001_dat.csv,True,task-rest/sub-cp012/ses-20210723/level-000_run-001/sub-cp012_ses-20210723_task-rest_stream-lslshimmerresp_feat-chunk_level-000_run-001_dat.csv,True,task-rest/sub-cp012/ses-20210723/level-000_run-001/sub-cp012_ses-20210723_task-rest_stream-lslxp11xpcplt_feat-chunk_level-000_run-001_dat.csv,True,task-rest/sub-cp012/ses-20210723/level-000_run-001/sub-cp012_ses-20210723_task-rest_stream-lslxp11xpcac_feat-chunk_level-000_run-001_dat.csv,False,,True,task-rest/sub-cp012/ses-20210723/level-000_run-001/sub-cp012_ses-20210723_task-rest_stream-lslshimmertorsoacc_feat-chunk_level-000_run-001_dat.csv,False,,8,ecg;eda;emg;eye_tracking;head_movement;respiration;torso_body_accelerometer;xplane,control_input;performance,0,,0,
rest,sub-cp012,ses-20210723,level-000,run-002,sub-cp012_ses-20210723_level-000_run-002,task-rest/sub-cp012/ses-20210723/level-000_run-002,17,17,9,9,True,True,task-rest/sub-cp012/ses-20210723/level-000_run-002/sub-cp012_ses-20210723_ocuevts_level-000_run-002.csv;task-rest/sub-cp012/ses-20210723/level-000_run-002/sub-cp012_ses-20210723_task-rest_stream-lslhtcviveeye_feat-chunk_level-000_run-002_dat.csv,True,task-rest/sub-cp012/ses-20210723/level-000_run-002/sub-cp012_ses-20210723_task-rest_stream-lslshimmerecg_feat-chunk_level-000_run-002_dat.csv,True,task-rest/sub-cp012/ses-20210723/level-000_run-002/sub-cp012_ses-20210723_task-rest_stream-lslshimmereda_feat-chunk_level-000_run-002_dat.csv,True,task-rest/sub-cp012/ses-20210723/level-000_run-002/sub-cp012_ses-20210723_task-rest_stream-lslshimmeremg_feat-chunk_level-000_run-002_dat.csv,True,task-rest/sub-cp012/ses-20210723/level-000_run-002/sub-cp012_ses-20210723_task-rest_stream-lslshimmerresp_feat-chunk_level-000_run-002_dat.csv,True,task-rest/sub-cp012/ses-20210723/level-000_run-002/sub-cp012_ses-20210723_task-rest_stream-lslxp11xpcplt_feat-chunk_level-000_run-002_dat.csv,True,task-rest/sub-cp012/ses-20210723/level-000_run-002/sub-cp012_ses-20210723_task-rest_stream-lslxp11xpcac_feat-chunk_level-000_run-002_dat.csv,False,,True,task-rest/sub-cp012/ses-20210723/level-000_run-002/sub-cp012_ses-20210723_task-rest_stream-lslshimmertorsoacc_feat-chunk_level-000_run-002_dat.csv,False,,8,ecg;eda;emg;eye_tracking;head_movement;respiration;torso_body_accelerometer;xplane,control_input;performance,0,,0,
rest,sub-cp013,ses-20210319,level-000,run-001,sub-cp013_ses-20210319_level-000_run-001,task-rest/sub-cp013/ses-20210319/level-000_run-001,17,17,9,9,True,True,task-rest/sub-cp013/ses-20210319/level-000_run-001/sub-cp013_ses-20210319_ocuevts_level-000_run-001.csv;task-rest/sub-cp013/ses-20210319/level-000_run-001/sub-cp013_ses-20210319_task-rest_stream-lslhtcviveeye_feat-chunk_level-000_run-001_dat.csv,True,task-rest/sub-cp013/ses-20210319/level-000_run-001/sub-cp013_ses-20210319_task-rest_stream-lslshimmerecg_feat-chunk_level-000_run-001_dat.csv,True,task-rest/sub-cp013/ses-20210319/level-000_run-001/sub-cp013_ses-20210319_task-rest_stream-lslshimmereda_feat-chunk_level-000_run-001_dat.csv,True,task-rest/sub-cp013/ses-20210319/level-000_run-001/sub-cp013_ses-20210319_task-rest_stream-lslshimmeremg_feat-chunk_level-000_run-001_dat.csv,True,task-rest/sub-cp013/ses-20210319/level-000_run-001/sub-cp013_ses-20210319_task-rest_stream-lslshimmerresp_feat-chunk_level-000_run-001_dat.csv,True,task-rest/sub-cp013/ses-20210319/level-000_run-001/sub-cp013_ses-20210319_task-rest_stream-lslxp11xpcplt_feat-chunk_level-000_run-001_dat.csv,True,task-rest/sub-cp013/ses-20210319/level-000_run-001/sub-cp013_ses-20210319_task-rest_stream-lslxp11xpcac_feat-chunk_level-000_run-001_dat.csv,False,,True,task-rest/sub-cp013/ses-20210319/level-000_run-001/sub-cp013_ses-20210319_task-rest_stream-lslshimmertorsoacc_feat-chunk_level-000_run-001_dat.csv,False,,8,ecg;eda;emg;eye_tracking;head_movement;respiration;torso_body_accelerometer;xplane,control_input;performance,0,,0,
rest,sub-cp013,ses-20210319,level-000,run-002,sub-cp013_ses-20210319_level-000_run-002,task-rest/sub-cp013/ses-20210319/level-000_run-002,17,17,9,9,True,True,task-rest/sub-cp013/ses-20210319/level-000_run-002/sub-cp013_ses-20210319_ocuevts_level-000_run-002.csv;task-rest/sub-cp013/ses-20210319/level-000_run-002/sub-cp013_ses-20210319_task-rest_stream-lslhtcviveeye_feat-chunk_level-000_run-002_dat.csv,True,task-rest/sub-cp013/ses-20210319/level-000_run-002/sub-cp013_ses-20210319_task-rest_stream-lslshimmerecg_feat-chunk_level-000_run-002_dat.csv,True,task-rest/sub-cp013/ses-20210319/level-000_run-002/sub-cp013_ses-20210319_task-rest_stream-lslshimmereda_feat-chunk_level-000_run-002_dat.csv,True,task-rest/sub-cp013/ses-20210319/level-000_run-002/sub-cp013_ses-20210319_task-rest_stream-lslshimmeremg_feat-chunk_level-000_run-002_dat.csv,True,task-rest/sub-cp013/ses-20210319/level-000_run-002/sub-cp013_ses-20210319_task-rest_stream-lslshimmerresp_feat-chunk_level-000_run-002_dat.csv,True,task-rest/sub-cp013/ses-20210319/level-000_run-002/sub-cp013_ses-20210319_task-rest_stream-lslxp11xpcplt_feat-chunk_level-000_run-002_dat.csv,True,task-rest/sub-cp013/ses-20210319/level-000_run-002/sub-cp013_ses-20210319_task-rest_stream-lslxp11xpcac_feat-chunk_level-000_run-002_dat.csv,False,,True,task-rest/sub-cp013/ses-20210319/level-000_run-002/sub-cp013_ses-20210319_task-rest_stream-lslshimmertorsoacc_feat-chunk_level-000_run-002_dat.csv,False,,8,ecg;eda;emg;eye_tracking;head_movement;respiration;torso_body_accelerometer;xplane,control_input;performance,0,,0,
rest,sub-cp014,ses-20211112,level-000,run-001,sub-cp014_ses-20211112_level-000_run-001,task-rest/sub-cp014/ses-20211112/level-000_run-001,19,19,10,10,True,True,task-rest/sub-cp014/ses-20211112/level-000_run-001/sub-cp014_ses-20211112_ocuevts_level-000_run-001.csv;task-rest/sub-cp014/ses-20211112/level-000_run-001/sub-cp014_ses-20211112_task-rest_stream-lslhtcviveeye_feat-chunk_level-000_run-001_dat.csv,True,task-rest/sub-cp014/ses-20211112/level-000_run-001/sub-cp014_ses-20211112_task-rest_stream-lslshimmerecg_feat-chunk_level-000_run-001_dat.csv,True,task-rest/sub-cp014/ses-20211112/level-000_run-001/sub-cp014_ses-20211112_task-rest_stream-lslshimmereda_feat-chunk_level-000_run-001_dat.csv,True,task-rest/sub-cp014/ses-20211112/level-000_run-001/sub-cp014_ses-20211112_task-rest_stream-lslshimmeremg_feat-chunk_level-000_run-001_dat.csv,True,task-rest/sub-cp014/ses-20211112/level-000_run-001/sub-cp014_ses-20211112_task-rest_stream-lslrespitrace_feat-chunk_level-000_run-001_dat.csv;task-rest/sub-cp014/ses-20211112/level-000_run-001/sub-cp014_ses-20211112_task-rest_stream-lslshimmerresp_feat-chunk_level-000_run-001_dat.csv,True,task-rest/sub-cp014/ses-20211112/level-000_run-001/sub-cp014_ses-20211112_task-rest_stream-lslxp11xpcplt_feat-chunk_level-000_run-001_dat.csv,True,task-rest/sub-cp014/ses-20211112/level-000_run-001/sub-cp014_ses-20211112_task-rest_stream-lslxp11xpcac_feat-chunk_level-000_run-001_dat.csv,False,,True,task-rest/sub-cp014/ses-20211112/level-000_run-001/sub-cp014_ses-20211112_task-rest_stream-lslshimmertorsoacc_feat-chunk_level-000_run-001_dat.csv,False,,8,ecg;eda;emg;eye_tracking;head_movement;respiration;torso_body_accelerometer;xplane,control_input;performance,0,,0,
rest,sub-cp014,ses-20211112,level-000,run-002,sub-cp014_ses-20211112_level-000_run-002,task-rest/sub-cp014/ses-20211112/level-000_run-002,19,19,10,10,True,True,task-rest/sub-cp014/ses-20211112/level-000_run-002/sub-cp014_ses-20211112_ocuevts_level-000_run-002.csv;task-rest/sub-cp014/ses-20211112/level-000_run-002/sub-cp014_ses-20211112_task-rest_stream-lslhtcviveeye_feat-chunk_level-000_run-002_dat.csv,True,task-rest/sub-cp014/ses-20211112/level-000_run-002/sub-cp014_ses-20211112_task-rest_stream-lslshimmerecg_feat-chunk_level-000_run-002_dat.csv,True,task-rest/sub-cp014/ses-20211112/level-000_run-002/sub-cp014_ses-20211112_task-rest_stream-lslshimmereda_feat-chunk_level-000_run-002_dat.csv,True,task-rest/sub-cp014/ses-20211112/level-000_run-002/sub-cp014_ses-20211112_task-rest_stream-lslshimmeremg_feat-chunk_level-000_run-002_dat.csv,True,task-rest/sub-cp014/ses-20211112/level-000_run-002/sub-cp014_ses-20211112_task-rest_stream-lslrespitrace_feat-chunk_level-000_run-002_dat.csv;task-rest/sub-cp014/ses-20211112/level-000_run-002/sub-cp014_ses-20211112_task-rest_stream-lslshimmerresp_feat-chunk_level-000_run-002_dat.csv,True,task-rest/sub-cp014/ses-20211112/level-000_run-002/sub-cp014_ses-20211112_task-rest_stream-lslxp11xpcplt_feat-chunk_level-000_run-002_dat.csv,True,task-rest/sub-cp014/ses-20211112/level-000_run-002/sub-cp014_ses-20211112_task-rest_stream-lslxp11xpcac_feat-chunk_level-000_run-002_dat.csv,False,,True,task-rest/sub-cp014/ses-20211112/level-000_run-002/sub-cp014_ses-20211112_task-rest_stream-lslshimmertorsoacc_feat-chunk_level-000_run-002_dat.csv,False,,8,ecg;eda;emg;eye_tracking;head_movement;respiration;torso_body_accelerometer;xplane,control_input;performance,0,,0,
rest,sub-cp015,ses-20210504,level-000,run-001,sub-cp015_ses-20210504_level-000_run-001,task-rest/sub-cp015/ses-20210504/level-000_run-001,17,17,9,9,True,True,task-rest/sub-cp015/ses-20210504/level-000_run-001/sub-cp015_ses-20210504_ocuevts_level-000_run-001.csv;task-rest/sub-cp015/ses-20210504/level-000_run-001/sub-cp015_ses-20210504_task-rest_stream-lslhtcviveeye_feat-chunk_level-000_run-001_dat.csv,True,task-rest/sub-cp015/ses-20210504/level-000_run-001/sub-cp015_ses-20210504_task-rest_stream-lslshimmerecg_feat-chunk_level-000_run-001_dat.csv,True,task-rest/sub-cp015/ses-20210504/level-000_run-001/sub-cp015_ses-20210504_task-rest_stream-lslshimmereda_feat-chunk_level-000_run-001_dat.csv,True,task-rest/sub-cp015/ses-20210504/level-000_run-001/sub-cp015_ses-20210504_task-rest_stream-lslshimmeremg_feat-chunk_level-000_run-001_dat.csv,True,task-rest/sub-cp015/ses-20210504/level-000_run-001/sub-cp015_ses-20210504_task-rest_stream-lslshimmerresp_feat-chunk_level-000_run-001_dat.csv,True,task-rest/sub-cp015/ses-20210504/level-000_run-001/sub-cp015_ses-20210504_task-rest_stream-lslxp11xpcplt_feat-chunk_level-000_run-001_dat.csv,True,task-rest/sub-cp015/ses-20210504/level-000_run-001/sub-cp015_ses-20210504_task-rest_stream-lslxp11xpcac_feat-chunk_level-000_run-001_dat.csv,False,,True,task-rest/sub-cp015/ses-20210504/level-000_run-001/sub-cp015_ses-20210504_task-rest_stream-lslshimmertorsoacc_feat-chunk_level-000_run-001_dat.csv,False,,8,ecg;eda;emg;eye_tracking;head_movement;respiration;torso_body_accelerometer;xplane,control_input;performance,0,,0,
rest,sub-cp015,ses-20210504,level-000,run-002,sub-cp015_ses-20210504_level-000_run-002,task-rest/sub-cp015/ses-20210504/level-000_run-002,17,17,9,9,True,True,task-rest/sub-cp015/ses-20210504/level-000_run-002/sub-cp015_ses-20210504_ocuevts_level-000_run-002.csv;task-rest/sub-cp015/ses-20210504/level-000_run-002/sub-cp015_ses-20210504_task-rest_stream-lslhtcviveeye_feat-chunk_level-000_run-002_dat.csv,True,task-rest/sub-cp015/ses-20210504/level-000_run-002/sub-cp015_ses-20210504_task-rest_stream-lslshimmerecg_feat-chunk_level-000_run-002_dat.csv,True,task-rest/sub-cp015/ses-20210504/level-000_run-002/sub-cp015_ses-20210504_task-rest_stream-lslshimmereda_feat-chunk_level-000_run-002_dat.csv,True,task-rest/sub-cp015/ses-20210504/level-000_run-002/sub-cp015_ses-20210504_task-rest_stream-lslshimmeremg_feat-chunk_level-000_run-002_dat.csv,True,task-rest/sub-cp015/ses-20210504/level-000_run-002/sub-cp015_ses-20210504_task-rest_stream-lslshimmerresp_feat-chunk_level-000_run-002_dat.csv,True,task-rest/sub-cp015/ses-20210504/level-000_run-002/sub-cp015_ses-20210504_task-rest_stream-lslxp11xpcplt_feat-chunk_level-000_run-002_dat.csv,True,task-rest/sub-cp015/ses-20210504/level-000_run-002/sub-cp015_ses-20210504_task-rest_stream-lslxp11xpcac_feat-chunk_level-000_run-002_dat.csv,False,,True,task-rest/sub-cp015/ses-20210504/level-000_run-002/sub-cp015_ses-20210504_task-rest_stream-lslshimmertorsoacc_feat-chunk_level-000_run-002_dat.csv,False,,8,ecg;eda;emg;eye_tracking;head_movement;respiration;torso_body_accelerometer;xplane,control_input;performance,0,,0,
rest,sub-cp016,ses-20210528,level-000,run-001,sub-cp016_ses-20210528_level-000_run-001,task-rest/sub-cp016/ses-20210528/level-000_run-001,17,17,9,9,True,True,task-rest/sub-cp016/ses-20210528/level-000_run-001/sub-cp016_ses-20210528_ocuevts_level-000_run-001.csv;task-rest/sub-cp016/ses-20210528/level-000_run-001/sub-cp016_ses-20210528_task-rest_stream-lslhtcviveeye_feat-chunk_level-000_run-001_dat.csv,True,task-rest/sub-cp016/ses-20210528/level-000_run-001/sub-cp016_ses-20210528_task-rest_stream-lslshimmerecg_feat-chunk_level-000_run-001_dat.csv,True,task-rest/sub-cp016/ses-20210528/level-000_run-001/sub-cp016_ses-20210528_task-rest_stream-lslshimmereda_feat-chunk_level-000_run-001_dat.csv,True,task-rest/sub-cp016/ses-20210528/level-000_run-001/sub-cp016_ses-20210528_task-rest_stream-lslshimmeremg_feat-chunk_level-000_run-001_dat.csv,True,task-rest/sub-cp016/ses-20210528/level-000_run-001/sub-cp016_ses-20210528_task-rest_stream-lslshimmerresp_feat-chunk_level-000_run-001_dat.csv,True,task-rest/sub-cp016/ses-20210528/level-000_run-001/sub-cp016_ses-20210528_task-rest_stream-lslxp11xpcplt_feat-chunk_level-000_run-001_dat.csv,True,task-rest/sub-cp016/ses-20210528/level-000_run-001/sub-cp016_ses-20210528_task-rest_stream-lslxp11xpcac_feat-chunk_level-000_run-001_dat.csv,False,,True,task-rest/sub-cp016/ses-20210528/level-000_run-001/sub-cp016_ses-20210528_task-rest_stream-lslshimmertorsoacc_feat-chunk_level-000_run-001_dat.csv,False,,8,ecg;eda;emg;eye_tracking;head_movement;respiration;torso_body_accelerometer;xplane,control_input;performance,0,,0,
rest,sub-cp016,ses-20210528,level-000,run-002,sub-cp016_ses-20210528_level-000_run-002,task-rest/sub-cp016/ses-20210528/level-000_run-002,17,17,9,9,True,True,task-rest/sub-cp016/ses-20210528/level-000_run-002/sub-cp016_ses-20210528_ocuevts_level-000_run-002.csv;task-rest/sub-cp016/ses-20210528/level-000_run-002/sub-cp016_ses-20210528_task-rest_stream-lslhtcviveeye_feat-chunk_level-000_run-002_dat.csv,True,task-rest/sub-cp016/ses-20210528/level-000_run-002/sub-cp016_ses-20210528_task-rest_stream-lslshimmerecg_feat-chunk_level-000_run-002_dat.csv,True,task-rest/sub-cp016/ses-20210528/level-000_run-002/sub-cp016_ses-20210528_task-rest_stream-lslshimmereda_feat-chunk_level-000_run-002_dat.csv,True,task-rest/sub-cp016/ses-20210528/level-000_run-002/sub-cp016_ses-20210528_task-rest_stream-lslshimmeremg_feat-chunk_level-000_run-002_dat.csv,True,task-rest/sub-cp016/ses-20210528/level-000_run-002/sub-cp016_ses-20210528_task-rest_stream-lslshimmerresp_feat-chunk_level-000_run-002_dat.csv,True,task-rest/sub-cp016/ses-20210528/level-000_run-002/sub-cp016_ses-20210528_task-rest_stream-lslxp11xpcplt_feat-chunk_level-000_run-002_dat.csv,True,task-rest/sub-cp016/ses-20210528/level-000_run-002/sub-cp016_ses-20210528_task-rest_stream-lslxp11xpcac_feat-chunk_level-000_run-002_dat.csv,False,,True,task-rest/sub-cp016/ses-20210528/level-000_run-002/sub-cp016_ses-20210528_task-rest_stream-lslshimmertorsoacc_feat-chunk_level-000_run-002_dat.csv,False,,8,ecg;eda;emg;eye_tracking;head_movement;respiration;torso_body_accelerometer;xplane,control_input;performance,0,,0,
rest,sub-cp017,ses-20210521,level-000,run-001,sub-cp017_ses-20210521_level-000_run-001,task-rest/sub-cp017/ses-20210521/level-000_run-001,17,17,9,9,True,True,task-rest/sub-cp017/ses-20210521/level-000_run-001/sub-cp017_ses-20210521_ocuevts_level-000_run-001.csv;task-rest/sub-cp017/ses-20210521/level-000_run-001/sub-cp017_ses-20210521_task-rest_stream-lslhtcviveeye_feat-chunk_level-000_run-001_dat.csv,True,task-rest/sub-cp017/ses-20210521/level-000_run-001/sub-cp017_ses-20210521_task-rest_stream-lslshimmerecg_feat-chunk_level-000_run-001_dat.csv,True,task-rest/sub-cp017/ses-20210521/level-000_run-001/sub-cp017_ses-20210521_task-rest_stream-lslshimmereda_feat-chunk_level-000_run-001_dat.csv,True,task-rest/sub-cp017/ses-20210521/level-000_run-001/sub-cp017_ses-20210521_task-rest_stream-lslshimmeremg_feat-chunk_level-000_run-001_dat.csv,True,task-rest/sub-cp017/ses-20210521/level-000_run-001/sub-cp017_ses-20210521_task-rest_stream-lslshimmerresp_feat-chunk_level-000_run-001_dat.csv,True,task-rest/sub-cp017/ses-20210521/level-000_run-001/sub-cp017_ses-20210521_task-rest_stream-lslxp11xpcplt_feat-chunk_level-000_run-001_dat.csv,True,task-rest/sub-cp017/ses-20210521/level-000_run-001/sub-cp017_ses-20210521_task-rest_stream-lslxp11xpcac_feat-chunk_level-000_run-001_dat.csv,False,,True,task-rest/sub-cp017/ses-20210521/level-000_run-001/sub-cp017_ses-20210521_task-rest_stream-lslshimmertorsoacc_feat-chunk_level-000_run-001_dat.csv,False,,8,ecg;eda;emg;eye_tracking;head_movement;respiration;torso_body_accelerometer;xplane,control_input;performance,0,,0,
rest,sub-cp017,ses-20210521,level-000,run-002,sub-cp017_ses-20210521_level-000_run-002,task-rest/sub-cp017/ses-20210521/level-000_run-002,17,17,9,9,True,True,task-rest/sub-cp017/ses-20210521/level-000_run-002/sub-cp017_ses-20210521_ocuevts_level-000_run-002.csv;task-rest/sub-cp017/ses-20210521/level-000_run-002/sub-cp017_ses-20210521_task-rest_stream-lslhtcviveeye_feat-chunk_level-000_run-002_dat.csv,True,task-rest/sub-cp017/ses-20210521/level-000_run-002/sub-cp017_ses-20210521_task-rest_stream-lslshimmerecg_feat-chunk_level-000_run-002_dat.csv,True,task-rest/sub-cp017/ses-20210521/level-000_run-002/sub-cp017_ses-20210521_task-rest_stream-lslshimmereda_feat-chunk_level-000_run-002_dat.csv,True,task-rest/sub-cp017/ses-20210521/level-000_run-002/sub-cp017_ses-20210521_task-rest_stream-lslshimmeremg_feat-chunk_level-000_run-002_dat.csv,True,task-rest/sub-cp017/ses-20210521/level-000_run-002/sub-cp017_ses-20210521_task-rest_stream-lslshimmerresp_feat-chunk_level-000_run-002_dat.csv,True,task-rest/sub-cp017/ses-20210521/level-000_run-002/sub-cp017_ses-20210521_task-rest_stream-lslxp11xpcplt_feat-chunk_level-000_run-002_dat.csv,True,task-rest/sub-cp017/ses-20210521/level-000_run-002/sub-cp017_ses-20210521_task-rest_stream-lslxp11xpcac_feat-chunk_level-000_run-002_dat.csv,False,,True,task-rest/sub-cp017/ses-20210521/level-000_run-002/sub-cp017_ses-20210521_task-rest_stream-lslshimmertorsoacc_feat-chunk_level-000_run-002_dat.csv,False,,8,ecg;eda;emg;eye_tracking;head_movement;respiration;torso_body_accelerometer;xplane,control_input;performance,1,short_stream_metadata:task-rest/sub-cp017/ses-20210521/level-000_run-002/sub-cp017_ses-20210521_task-rest_stream-lslshimmertorsoacc_feat-chunk_level-000_run-002_hea.csv:8.919s,0,
rest,sub-cp018,ses-20210709,level-000,run-001,sub-cp018_ses-20210709_level-000_run-001,task-rest/sub-cp018/ses-20210709/level-000_run-001,17,17,9,9,True,True,task-rest/sub-cp018/ses-20210709/level-000_run-001/sub-cp018_ses-20210709_ocuevts_level-000_run-001.csv;task-rest/sub-cp018/ses-20210709/level-000_run-001/sub-cp018_ses-20210709_task-rest_stream-lslhtcviveeye_feat-chunk_level-000_run-001_dat.csv,True,task-rest/sub-cp018/ses-20210709/level-000_run-001/sub-cp018_ses-20210709_task-rest_stream-lslshimmerecg_feat-chunk_level-000_run-001_dat.csv,True,task-rest/sub-cp018/ses-20210709/level-000_run-001/sub-cp018_ses-20210709_task-rest_stream-lslshimmereda_feat-chunk_level-000_run-001_dat.csv,True,task-rest/sub-cp018/ses-20210709/level-000_run-001/sub-cp018_ses-20210709_task-rest_stream-lslshimmeremg_feat-chunk_level-000_run-001_dat.csv,True,task-rest/sub-cp018/ses-20210709/level-000_run-001/sub-cp018_ses-20210709_task-rest_stream-lslshimmerresp_feat-chunk_level-000_run-001_dat.csv,True,task-rest/sub-cp018/ses-20210709/level-000_run-001/sub-cp018_ses-20210709_task-rest_stream-lslxp11xpcplt_feat-chunk_level-000_run-001_dat.csv,True,task-rest/sub-cp018/ses-20210709/level-000_run-001/sub-cp018_ses-20210709_task-rest_stream-lslxp11xpcac_feat-chunk_level-000_run-001_dat.csv,False,,True,task-rest/sub-cp018/ses-20210709/level-000_run-001/sub-cp018_ses-20210709_task-rest_stream-lslshimmertorsoacc_feat-chunk_level-000_run-001_dat.csv,False,,8,ecg;eda;emg;eye_tracking;head_movement;respiration;torso_body_accelerometer;xplane,control_input;performance,0,,0,
rest,sub-cp018,ses-20210709,level-000,run-002,sub-cp018_ses-20210709_level-000_run-002,task-rest/sub-cp018/ses-20210709/level-000_run-002,17,17,9,9,True,True,task-rest/sub-cp018/ses-20210709/level-000_run-002/sub-cp018_ses-20210709_ocuevts_level-000_run-002.csv;task-rest/sub-cp018/ses-20210709/level-000_run-002/sub-cp018_ses-20210709_task-rest_stream-lslhtcviveeye_feat-chunk_level-000_run-002_dat.csv,True,task-rest/sub-cp018/ses-20210709/level-000_run-002/sub-cp018_ses-20210709_task-rest_stream-lslshimmerecg_feat-chunk_level-000_run-002_dat.csv,True,task-rest/sub-cp018/ses-20210709/level-000_run-002/sub-cp018_ses-20210709_task-rest_stream-lslshimmereda_feat-chunk_level-000_run-002_dat.csv,True,task-rest/sub-cp018/ses-20210709/level-000_run-002/sub-cp018_ses-20210709_task-rest_stream-lslshimmeremg_feat-chunk_level-000_run-002_dat.csv,True,task-rest/sub-cp018/ses-20210709/level-000_run-002/sub-cp018_ses-20210709_task-rest_stream-lslshimmerresp_feat-chunk_level-000_run-002_dat.csv,True,task-rest/sub-cp018/ses-20210709/level-000_run-002/sub-cp018_ses-20210709_task-rest_stream-lslxp11xpcplt_feat-chunk_level-000_run-002_dat.csv,True,task-rest/sub-cp018/ses-20210709/level-000_run-002/sub-cp018_ses-20210709_task-rest_stream-lslxp11xpcac_feat-chunk_level-000_run-002_dat.csv,False,,True,task-rest/sub-cp018/ses-20210709/level-000_run-002/sub-cp018_ses-20210709_task-rest_stream-lslshimmertorsoacc_feat-chunk_level-000_run-002_dat.csv,False,,8,ecg;eda;emg;eye_tracking;head_movement;respiration;torso_body_accelerometer;xplane,control_input;performance,0,,0,
rest,sub-cp019,ses-20210625,level-000,run-001,sub-cp019_ses-20210625_level-000_run-001,task-rest/sub-cp019/ses-20210625/level-000_run-001,17,17,9,9,True,True,task-rest/sub-cp019/ses-20210625/level-000_run-001/sub-cp019_ses-20210625_ocuevts_level-000_run-001.csv;task-rest/sub-cp019/ses-20210625/level-000_run-001/sub-cp019_ses-20210625_task-rest_stream-lslhtcviveeye_feat-chunk_level-000_run-001_dat.csv,True,task-rest/sub-cp019/ses-20210625/level-000_run-001/sub-cp019_ses-20210625_task-rest_stream-lslshimmerecg_feat-chunk_level-000_run-001_dat.csv,True,task-rest/sub-cp019/ses-20210625/level-000_run-001/sub-cp019_ses-20210625_task-rest_stream-lslshimmereda_feat-chunk_level-000_run-001_dat.csv,True,task-rest/sub-cp019/ses-20210625/level-000_run-001/sub-cp019_ses-20210625_task-rest_stream-lslshimmeremg_feat-chunk_level-000_run-001_dat.csv,True,task-rest/sub-cp019/ses-20210625/level-000_run-001/sub-cp019_ses-20210625_task-rest_stream-lslshimmerresp_feat-chunk_level-000_run-001_dat.csv,True,task-rest/sub-cp019/ses-20210625/level-000_run-001/sub-cp019_ses-20210625_task-rest_stream-lslxp11xpcplt_feat-chunk_level-000_run-001_dat.csv,True,task-rest/sub-cp019/ses-20210625/level-000_run-001/sub-cp019_ses-20210625_task-rest_stream-lslxp11xpcac_feat-chunk_level-000_run-001_dat.csv,False,,True,task-rest/sub-cp019/ses-20210625/level-000_run-001/sub-cp019_ses-20210625_task-rest_stream-lslshimmertorsoacc_feat-chunk_level-000_run-001_dat.csv,False,,8,ecg;eda;emg;eye_tracking;head_movement;respiration;torso_body_accelerometer;xplane,control_input;performance,0,,0,
rest,sub-cp019,ses-20210625,level-000,run-002,sub-cp019_ses-20210625_level-000_run-002,task-rest/sub-cp019/ses-20210625/level-000_run-002,17,17,9,9,True,True,task-rest/sub-cp019/ses-20210625/level-000_run-002/sub-cp019_ses-20210625_ocuevts_level-000_run-002.csv;task-rest/sub-cp019/ses-20210625/level-000_run-002/sub-cp019_ses-20210625_task-rest_stream-lslhtcviveeye_feat-chunk_level-000_run-002_dat.csv,True,task-rest/sub-cp019/ses-20210625/level-000_run-002/sub-cp019_ses-20210625_task-rest_stream-lslshimmerecg_feat-chunk_level-000_run-002_dat.csv,True,task-rest/sub-cp019/ses-20210625/level-000_run-002/sub-cp019_ses-20210625_task-rest_stream-lslshimmereda_feat-chunk_level-000_run-002_dat.csv,True,task-rest/sub-cp019/ses-20210625/level-000_run-002/sub-cp019_ses-20210625_task-rest_stream-lslshimmeremg_feat-chunk_level-000_run-002_dat.csv,True,task-rest/sub-cp019/ses-20210625/level-000_run-002/sub-cp019_ses-20210625_task-rest_stream-lslshimmerresp_feat-chunk_level-000_run-002_dat.csv,True,task-rest/sub-cp019/ses-20210625/level-000_run-002/sub-cp019_ses-20210625_task-rest_stream-lslxp11xpcplt_feat-chunk_level-000_run-002_dat.csv,True,task-rest/sub-cp019/ses-20210625/level-000_run-002/sub-cp019_ses-20210625_task-rest_stream-lslxp11xpcac_feat-chunk_level-000_run-002_dat.csv,False,,True,task-rest/sub-cp019/ses-20210625/level-000_run-002/sub-cp019_ses-20210625_task-rest_stream-lslshimmertorsoacc_feat-chunk_level-000_run-002_dat.csv,False,,8,ecg;eda;emg;eye_tracking;head_movement;respiration;torso_body_accelerometer;xplane,control_input;performance,0,,0,
rest,sub-cp020,ses-20210604,level-000,run-001,sub-cp020_ses-20210604_level-000_run-001,task-rest/sub-cp020/ses-20210604/level-000_run-001,17,17,9,9,True,True,task-rest/sub-cp020/ses-20210604/level-000_run-001/sub-cp020_ses-20210604_ocuevts_level-000_run-001.csv;task-rest/sub-cp020/ses-20210604/level-000_run-001/sub-cp020_ses-20210604_task-rest_stream-lslhtcviveeye_feat-chunk_level-000_run-001_dat.csv,True,task-rest/sub-cp020/ses-20210604/level-000_run-001/sub-cp020_ses-20210604_task-rest_stream-lslshimmerecg_feat-chunk_level-000_run-001_dat.csv,True,task-rest/sub-cp020/ses-20210604/level-000_run-001/sub-cp020_ses-20210604_task-rest_stream-lslshimmereda_feat-chunk_level-000_run-001_dat.csv,True,task-rest/sub-cp020/ses-20210604/level-000_run-001/sub-cp020_ses-20210604_task-rest_stream-lslshimmeremg_feat-chunk_level-000_run-001_dat.csv,True,task-rest/sub-cp020/ses-20210604/level-000_run-001/sub-cp020_ses-20210604_task-rest_stream-lslshimmerresp_feat-chunk_level-000_run-001_dat.csv,True,task-rest/sub-cp020/ses-20210604/level-000_run-001/sub-cp020_ses-20210604_task-rest_stream-lslxp11xpcplt_feat-chunk_level-000_run-001_dat.csv,True,task-rest/sub-cp020/ses-20210604/level-000_run-001/sub-cp020_ses-20210604_task-rest_stream-lslxp11xpcac_feat-chunk_level-000_run-001_dat.csv,False,,True,task-rest/sub-cp020/ses-20210604/level-000_run-001/sub-cp020_ses-20210604_task-rest_stream-lslshimmertorsoacc_feat-chunk_level-000_run-001_dat.csv,False,,8,ecg;eda;emg;eye_tracking;head_movement;respiration;torso_body_accelerometer;xplane,control_input;performance,0,,0,
rest,sub-cp020,ses-20210604,level-000,run-002,sub-cp020_ses-20210604_level-000_run-002,task-rest/sub-cp020/ses-20210604/level-000_run-002,17,17,9,9,True,True,task-rest/sub-cp020/ses-20210604/level-000_run-002/sub-cp020_ses-20210604_ocuevts_level-000_run-002.csv;task-rest/sub-cp020/ses-20210604/level-000_run-002/sub-cp020_ses-20210604_task-rest_stream-lslhtcviveeye_feat-chunk_level-000_run-002_dat.csv,True,task-rest/sub-cp020/ses-20210604/level-000_run-002/sub-cp020_ses-20210604_task-rest_stream-lslshimmerecg_feat-chunk_level-000_run-002_dat.csv,True,task-rest/sub-cp020/ses-20210604/level-000_run-002/sub-cp020_ses-20210604_task-rest_stream-lslshimmereda_feat-chunk_level-000_run-002_dat.csv,True,task-rest/sub-cp020/ses-20210604/level-000_run-002/sub-cp020_ses-20210604_task-rest_stream-lslshimmeremg_feat-chunk_level-000_run-002_dat.csv,True,task-rest/sub-cp020/ses-20210604/level-000_run-002/sub-cp020_ses-20210604_task-rest_stream-lslshimmerresp_feat-chunk_level-000_run-002_dat.csv,True,task-rest/sub-cp020/ses-20210604/level-000_run-002/sub-cp020_ses-20210604_task-rest_stream-lslxp11xpcplt_feat-chunk_level-000_run-002_dat.csv,True,task-rest/sub-cp020/ses-20210604/level-000_run-002/sub-cp020_ses-20210604_task-rest_stream-lslxp11xpcac_feat-chunk_level-000_run-002_dat.csv,False,,True,task-rest/sub-cp020/ses-20210604/level-000_run-002/sub-cp020_ses-20210604_task-rest_stream-lslshimmertorsoacc_feat-chunk_level-000_run-002_dat.csv,False,,8,ecg;eda;emg;eye_tracking;head_movement;respiration;torso_body_accelerometer;xplane,control_input;performance,0,,0,
rest,sub-cp022,ses-20210621,level-000,run-001,sub-cp022_ses-20210621_level-000_run-001,task-rest/sub-cp022/ses-20210621/level-000_run-001,17,17,9,9,True,True,task-rest/sub-cp022/ses-20210621/level-000_run-001/sub-cp022_ses-20210621_ocuevts_level-000_run-001.csv;task-rest/sub-cp022/ses-20210621/level-000_run-001/sub-cp022_ses-20210621_task-rest_stream-lslhtcviveeye_feat-chunk_level-000_run-001_dat.csv,True,task-rest/sub-cp022/ses-20210621/level-000_run-001/sub-cp022_ses-20210621_task-rest_stream-lslshimmerecg_feat-chunk_level-000_run-001_dat.csv,True,task-rest/sub-cp022/ses-20210621/level-000_run-001/sub-cp022_ses-20210621_task-rest_stream-lslshimmereda_feat-chunk_level-000_run-001_dat.csv,True,task-rest/sub-cp022/ses-20210621/level-000_run-001/sub-cp022_ses-20210621_task-rest_stream-lslshimmeremg_feat-chunk_level-000_run-001_dat.csv,True,task-rest/sub-cp022/ses-20210621/level-000_run-001/sub-cp022_ses-20210621_task-rest_stream-lslshimmerresp_feat-chunk_level-000_run-001_dat.csv,True,task-rest/sub-cp022/ses-20210621/level-000_run-001/sub-cp022_ses-20210621_task-rest_stream-lslxp11xpcplt_feat-chunk_level-000_run-001_dat.csv,True,task-rest/sub-cp022/ses-20210621/level-000_run-001/sub-cp022_ses-20210621_task-rest_stream-lslxp11xpcac_feat-chunk_level-000_run-001_dat.csv,False,,True,task-rest/sub-cp022/ses-20210621/level-000_run-001/sub-cp022_ses-20210621_task-rest_stream-lslshimmertorsoacc_feat-chunk_level-000_run-001_dat.csv,False,,8,ecg;eda;emg;eye_tracking;head_movement;respiration;torso_body_accelerometer;xplane,control_input;performance,0,,0,
rest,sub-cp022,ses-20210621,level-000,run-002,sub-cp022_ses-20210621_level-000_run-002,task-rest/sub-cp022/ses-20210621/level-000_run-002,17,17,9,9,True,True,task-rest/sub-cp022/ses-20210621/level-000_run-002/sub-cp022_ses-20210621_ocuevts_level-000_run-002.csv;task-rest/sub-cp022/ses-20210621/level-000_run-002/sub-cp022_ses-20210621_task-rest_stream-lslhtcviveeye_feat-chunk_level-000_run-002_dat.csv,True,task-rest/sub-cp022/ses-20210621/level-000_run-002/sub-cp022_ses-20210621_task-rest_stream-lslshimmerecg_feat-chunk_level-000_run-002_dat.csv,True,task-rest/sub-cp022/ses-20210621/level-000_run-002/sub-cp022_ses-20210621_task-rest_stream-lslshimmereda_feat-chunk_level-000_run-002_dat.csv,True,task-rest/sub-cp022/ses-20210621/level-000_run-002/sub-cp022_ses-20210621_task-rest_stream-lslshimmeremg_feat-chunk_level-000_run-002_dat.csv,True,task-rest/sub-cp022/ses-20210621/level-000_run-002/sub-cp022_ses-20210621_task-rest_stream-lslshimmerresp_feat-chunk_level-000_run-002_dat.csv,True,task-rest/sub-cp022/ses-20210621/level-000_run-002/sub-cp022_ses-20210621_task-rest_stream-lslxp11xpcplt_feat-chunk_level-000_run-002_dat.csv,True,task-rest/sub-cp022/ses-20210621/level-000_run-002/sub-cp022_ses-20210621_task-rest_stream-lslxp11xpcac_feat-chunk_level-000_run-002_dat.csv,False,,True,task-rest/sub-cp022/ses-20210621/level-000_run-002/sub-cp022_ses-20210621_task-rest_stream-lslshimmertorsoacc_feat-chunk_level-000_run-002_dat.csv,False,,8,ecg;eda;emg;eye_tracking;head_movement;respiration;torso_body_accelerometer;xplane,control_input;performance,0,,0,
rest,sub-cp023,ses-20210628,level-000,run-001,sub-cp023_ses-20210628_level-000_run-001,task-rest/sub-cp023/ses-20210628/level-000_run-001,17,17,9,9,True,True,task-rest/sub-cp023/ses-20210628/level-000_run-001/sub-cp023_ses-20210628_ocuevts_level-000_run-001.csv;task-rest/sub-cp023/ses-20210628/level-000_run-001/sub-cp023_ses-20210628_task-rest_stream-lslhtcviveeye_feat-chunk_level-000_run-001_dat.csv,True,task-rest/sub-cp023/ses-20210628/level-000_run-001/sub-cp023_ses-20210628_task-rest_stream-lslshimmerecg_feat-chunk_level-000_run-001_dat.csv,True,task-rest/sub-cp023/ses-20210628/level-000_run-001/sub-cp023_ses-20210628_task-rest_stream-lslshimmereda_feat-chunk_level-000_run-001_dat.csv,True,task-rest/sub-cp023/ses-20210628/level-000_run-001/sub-cp023_ses-20210628_task-rest_stream-lslshimmeremg_feat-chunk_level-000_run-001_dat.csv,True,task-rest/sub-cp023/ses-20210628/level-000_run-001/sub-cp023_ses-20210628_task-rest_stream-lslshimmerresp_feat-chunk_level-000_run-001_dat.csv,True,task-rest/sub-cp023/ses-20210628/level-000_run-001/sub-cp023_ses-20210628_task-rest_stream-lslxp11xpcplt_feat-chunk_level-000_run-001_dat.csv,True,task-rest/sub-cp023/ses-20210628/level-000_run-001/sub-cp023_ses-20210628_task-rest_stream-lslxp11xpcac_feat-chunk_level-000_run-001_dat.csv,False,,True,task-rest/sub-cp023/ses-20210628/level-000_run-001/sub-cp023_ses-20210628_task-rest_stream-lslshimmertorsoacc_feat-chunk_level-000_run-001_dat.csv,False,,8,ecg;eda;emg;eye_tracking;head_movement;respiration;torso_body_accelerometer;xplane,control_input;performance,0,,0,
rest,sub-cp023,ses-20210628,level-000,run-002,sub-cp023_ses-20210628_level-000_run-002,task-rest/sub-cp023/ses-20210628/level-000_run-002,17,17,9,9,True,True,task-rest/sub-cp023/ses-20210628/level-000_run-002/sub-cp023_ses-20210628_ocuevts_level-000_run-002.csv;task-rest/sub-cp023/ses-20210628/level-000_run-002/sub-cp023_ses-20210628_task-rest_stream-lslhtcviveeye_feat-chunk_level-000_run-002_dat.csv,True,task-rest/sub-cp023/ses-20210628/level-000_run-002/sub-cp023_ses-20210628_task-rest_stream-lslshimmerecg_feat-chunk_level-000_run-002_dat.csv,True,task-rest/sub-cp023/ses-20210628/level-000_run-002/sub-cp023_ses-20210628_task-rest_stream-lslshimmereda_feat-chunk_level-000_run-002_dat.csv,True,task-rest/sub-cp023/ses-20210628/level-000_run-002/sub-cp023_ses-20210628_task-rest_stream-lslshimmeremg_feat-chunk_level-000_run-002_dat.csv,True,task-rest/sub-cp023/ses-20210628/level-000_run-002/sub-cp023_ses-20210628_task-rest_stream-lslshimmerresp_feat-chunk_level-000_run-002_dat.csv,True,task-rest/sub-cp023/ses-20210628/level-000_run-002/sub-cp023_ses-20210628_task-rest_stream-lslxp11xpcplt_feat-chunk_level-000_run-002_dat.csv,True,task-rest/sub-cp023/ses-20210628/level-000_run-002/sub-cp023_ses-20210628_task-rest_stream-lslxp11xpcac_feat-chunk_level-000_run-002_dat.csv,False,,True,task-rest/sub-cp023/ses-20210628/level-000_run-002/sub-cp023_ses-20210628_task-rest_stream-lslshimmertorsoacc_feat-chunk_level-000_run-002_dat.csv,False,,8,ecg;eda;emg;eye_tracking;head_movement;respiration;torso_body_accelerometer;xplane,control_input;performance,0,,0,
rest,sub-cp024,ses-20210629,level-000,run-001,sub-cp024_ses-20210629_level-000_run-001,task-rest/sub-cp024/ses-20210629/level-000_run-001,17,17,9,9,True,True,task-rest/sub-cp024/ses-20210629/level-000_run-001/sub-cp024_ses-20210629_ocuevts_level-000_run-001.csv;task-rest/sub-cp024/ses-20210629/level-000_run-001/sub-cp024_ses-20210629_task-rest_stream-lslhtcviveeye_feat-chunk_level-000_run-001_dat.csv,True,task-rest/sub-cp024/ses-20210629/level-000_run-001/sub-cp024_ses-20210629_task-rest_stream-lslshimmerecg_feat-chunk_level-000_run-001_dat.csv,True,task-rest/sub-cp024/ses-20210629/level-000_run-001/sub-cp024_ses-20210629_task-rest_stream-lslshimmereda_feat-chunk_level-000_run-001_dat.csv,True,task-rest/sub-cp024/ses-20210629/level-000_run-001/sub-cp024_ses-20210629_task-rest_stream-lslshimmeremg_feat-chunk_level-000_run-001_dat.csv,True,task-rest/sub-cp024/ses-20210629/level-000_run-001/sub-cp024_ses-20210629_task-rest_stream-lslshimmerresp_feat-chunk_level-000_run-001_dat.csv,True,task-rest/sub-cp024/ses-20210629/level-000_run-001/sub-cp024_ses-20210629_task-rest_stream-lslxp11xpcplt_feat-chunk_level-000_run-001_dat.csv,True,task-rest/sub-cp024/ses-20210629/level-000_run-001/sub-cp024_ses-20210629_task-rest_stream-lslxp11xpcac_feat-chunk_level-000_run-001_dat.csv,False,,True,task-rest/sub-cp024/ses-20210629/level-000_run-001/sub-cp024_ses-20210629_task-rest_stream-lslshimmertorsoacc_feat-chunk_level-000_run-001_dat.csv,False,,8,ecg;eda;emg;eye_tracking;head_movement;respiration;torso_body_accelerometer;xplane,control_input;performance,0,,0,
rest,sub-cp024,ses-20210629,level-000,run-002,sub-cp024_ses-20210629_level-000_run-002,task-rest/sub-cp024/ses-20210629/level-000_run-002,17,17,9,9,True,True,task-rest/sub-cp024/ses-20210629/level-000_run-002/sub-cp024_ses-20210629_ocuevts_level-000_run-002.csv;task-rest/sub-cp024/ses-20210629/level-000_run-002/sub-cp024_ses-20210629_task-rest_stream-lslhtcviveeye_feat-chunk_level-000_run-002_dat.csv,True,task-rest/sub-cp024/ses-20210629/level-000_run-002/sub-cp024_ses-20210629_task-rest_stream-lslshimmerecg_feat-chunk_level-000_run-002_dat.csv,True,task-rest/sub-cp024/ses-20210629/level-000_run-002/sub-cp024_ses-20210629_task-rest_stream-lslshimmereda_feat-chunk_level-000_run-002_dat.csv,True,task-rest/sub-cp024/ses-20210629/level-000_run-002/sub-cp024_ses-20210629_task-rest_stream-lslshimmeremg_feat-chunk_level-000_run-002_dat.csv,True,task-rest/sub-cp024/ses-20210629/level-000_run-002/sub-cp024_ses-20210629_task-rest_stream-lslshimmerresp_feat-chunk_level-000_run-002_dat.csv,True,task-rest/sub-cp024/ses-20210629/level-000_run-002/sub-cp024_ses-20210629_task-rest_stream-lslxp11xpcplt_feat-chunk_level-000_run-002_dat.csv,True,task-rest/sub-cp024/ses-20210629/level-000_run-002/sub-cp024_ses-20210629_task-rest_stream-lslxp11xpcac_feat-chunk_level-000_run-002_dat.csv,False,,True,task-rest/sub-cp024/ses-20210629/level-000_run-002/sub-cp024_ses-20210629_task-rest_stream-lslshimmertorsoacc_feat-chunk_level-000_run-002_dat.csv,False,,8,ecg;eda;emg;eye_tracking;head_movement;respiration;torso_body_accelerometer;xplane,control_input;performance,0,,0,
rest,sub-cp025,ses-20210820,level-000,run-001,sub-cp025_ses-20210820_level-000_run-001,task-rest/sub-cp025/ses-20210820/level-000_run-001,19,19,10,10,True,True,task-rest/sub-cp025/ses-20210820/level-000_run-001/sub-cp025_ses-20210820_ocuevts_level-000_run-001.csv;task-rest/sub-cp025/ses-20210820/level-000_run-001/sub-cp025_ses-20210820_task-rest_stream-lslhtcviveeye_feat-chunk_level-000_run-001_dat.csv,True,task-rest/sub-cp025/ses-20210820/level-000_run-001/sub-cp025_ses-20210820_task-rest_stream-lslshimmerecg_feat-chunk_level-000_run-001_dat.csv,True,task-rest/sub-cp025/ses-20210820/level-000_run-001/sub-cp025_ses-20210820_task-rest_stream-lslshimmereda_feat-chunk_level-000_run-001_dat.csv,True,task-rest/sub-cp025/ses-20210820/level-000_run-001/sub-cp025_ses-20210820_task-rest_stream-lslshimmeremg_feat-chunk_level-000_run-001_dat.csv,True,task-rest/sub-cp025/ses-20210820/level-000_run-001/sub-cp025_ses-20210820_task-rest_stream-lslrespitrace_feat-chunk_level-000_run-001_dat.csv;task-rest/sub-cp025/ses-20210820/level-000_run-001/sub-cp025_ses-20210820_task-rest_stream-lslshimmerresp_feat-chunk_level-000_run-001_dat.csv,True,task-rest/sub-cp025/ses-20210820/level-000_run-001/sub-cp025_ses-20210820_task-rest_stream-lslxp11xpcplt_feat-chunk_level-000_run-001_dat.csv,True,task-rest/sub-cp025/ses-20210820/level-000_run-001/sub-cp025_ses-20210820_task-rest_stream-lslxp11xpcac_feat-chunk_level-000_run-001_dat.csv,False,,True,task-rest/sub-cp025/ses-20210820/level-000_run-001/sub-cp025_ses-20210820_task-rest_stream-lslshimmertorsoacc_feat-chunk_level-000_run-001_dat.csv,False,,8,ecg;eda;emg;eye_tracking;head_movement;respiration;torso_body_accelerometer;xplane,control_input;performance,0,,0,
rest,sub-cp025,ses-20210820,level-000,run-002,sub-cp025_ses-20210820_level-000_run-002,task-rest/sub-cp025/ses-20210820/level-000_run-002,19,19,10,10,True,True,task-rest/sub-cp025/ses-20210820/level-000_run-002/sub-cp025_ses-20210820_ocuevts_level-000_run-002.csv;task-rest/sub-cp025/ses-20210820/level-000_run-002/sub-cp025_ses-20210820_task-rest_stream-lslhtcviveeye_feat-chunk_level-000_run-002_dat.csv,True,task-rest/sub-cp025/ses-20210820/level-000_run-002/sub-cp025_ses-20210820_task-rest_stream-lslshimmerecg_feat-chunk_level-000_run-002_dat.csv,True,task-rest/sub-cp025/ses-20210820/level-000_run-002/sub-cp025_ses-20210820_task-rest_stream-lslshimmereda_feat-chunk_level-000_run-002_dat.csv,True,task-rest/sub-cp025/ses-20210820/level-000_run-002/sub-cp025_ses-20210820_task-rest_stream-lslshimmeremg_feat-chunk_level-000_run-002_dat.csv,True,task-rest/sub-cp025/ses-20210820/level-000_run-002/sub-cp025_ses-20210820_task-rest_stream-lslrespitrace_feat-chunk_level-000_run-002_dat.csv;task-rest/sub-cp025/ses-20210820/level-000_run-002/sub-cp025_ses-20210820_task-rest_stream-lslshimmerresp_feat-chunk_level-000_run-002_dat.csv,True,task-rest/sub-cp025/ses-20210820/level-000_run-002/sub-cp025_ses-20210820_task-rest_stream-lslxp11xpcplt_feat-chunk_level-000_run-002_dat.csv,True,task-rest/sub-cp025/ses-20210820/level-000_run-002/sub-cp025_ses-20210820_task-rest_stream-lslxp11xpcac_feat-chunk_level-000_run-002_dat.csv,False,,True,task-rest/sub-cp025/ses-20210820/level-000_run-002/sub-cp025_ses-20210820_task-rest_stream-lslshimmertorsoacc_feat-chunk_level-000_run-002_dat.csv,False,,8,ecg;eda;emg;eye_tracking;head_movement;respiration;torso_body_accelerometer;xplane,control_input;performance,0,,0,
rest,sub-cp026,ses-20210716,level-000,run-001,sub-cp026_ses-20210716_level-000_run-001,task-rest/sub-cp026/ses-20210716/level-000_run-001,16,16,8,7,True,False,,True,task-rest/sub-cp026/ses-20210716/level-000_run-001/sub-cp026_ses-20210716_task-rest_stream-lslshimmerecg_feat-chunk_level-000_run-001_dat.csv,True,task-rest/sub-cp026/ses-20210716/level-000_run-001/sub-cp026_ses-20210716_task-rest_stream-lslshimmereda_feat-chunk_level-000_run-001_dat.csv,True,task-rest/sub-cp026/ses-20210716/level-000_run-001/sub-cp026_ses-20210716_task-rest_stream-lslshimmeremg_feat-chunk_level-000_run-001_dat.csv,True,task-rest/sub-cp026/ses-20210716/level-000_run-001/sub-cp026_ses-20210716_task-rest_stream-lslshimmerresp_feat-chunk_level-000_run-001_dat.csv,True,task-rest/sub-cp026/ses-20210716/level-000_run-001/sub-cp026_ses-20210716_task-rest_stream-lslxp11xpcplt_feat-chunk_level-000_run-001_dat.csv,True,task-rest/sub-cp026/ses-20210716/level-000_run-001/sub-cp026_ses-20210716_task-rest_stream-lslxp11xpcac_feat-chunk_level-000_run-001_dat.csv,False,,True,task-rest/sub-cp026/ses-20210716/level-000_run-001/sub-cp026_ses-20210716_task-rest_stream-lslshimmertorsoacc_feat-chunk_level-000_run-001_dat.csv,False,,7,ecg;eda;emg;head_movement;respiration;torso_body_accelerometer;xplane,control_input;eye_tracking;performance,3,invalid_effective_rate:task-rest/sub-cp026/ses-20210716/level-000_run-001/sub-cp026_ses-20210716_task-rest_stream-lslhtcviveeye_feat-chunk_level-000_run-001_hea.csv:NaN | invalid_sample_count:task-rest/sub-cp026/ses-20210716/level-000_run-001/sub-cp026_ses-20210716_task-rest_stream-lslhtcviveeye_feat-chunk_level-000_run-001_hea.csv:0 | placeholder_data_with_zero_samples:task-rest/sub-cp026/ses-20210716/level-000_run-001/sub-cp026_ses-20210716_task-rest_stream-lslhtcviveeye_feat-chunk_level-000_run-001_dat.csv,0,
rest,sub-cp026,ses-20210716,level-000,run-002,sub-cp026_ses-20210716_level-000_run-002,task-rest/sub-cp026/ses-20210716/level-000_run-002,17,17,9,9,True,True,task-rest/sub-cp026/ses-20210716/level-000_run-002/sub-cp026_ses-20210716_ocuevts_level-000_run-002.csv;task-rest/sub-cp026/ses-20210716/level-000_run-002/sub-cp026_ses-20210716_task-rest_stream-lslhtcviveeye_feat-chunk_level-000_run-002_dat.csv,True,task-rest/sub-cp026/ses-20210716/level-000_run-002/sub-cp026_ses-20210716_task-rest_stream-lslshimmerecg_feat-chunk_level-000_run-002_dat.csv,True,task-rest/sub-cp026/ses-20210716/level-000_run-002/sub-cp026_ses-20210716_task-rest_stream-lslshimmereda_feat-chunk_level-000_run-002_dat.csv,True,task-rest/sub-cp026/ses-20210716/level-000_run-002/sub-cp026_ses-20210716_task-rest_stream-lslshimmeremg_feat-chunk_level-000_run-002_dat.csv,True,task-rest/sub-cp026/ses-20210716/level-000_run-002/sub-cp026_ses-20210716_task-rest_stream-lslshimmerresp_feat-chunk_level-000_run-002_dat.csv,True,task-rest/sub-cp026/ses-20210716/level-000_run-002/sub-cp026_ses-20210716_task-rest_stream-lslxp11xpcplt_feat-chunk_level-000_run-002_dat.csv,True,task-rest/sub-cp026/ses-20210716/level-000_run-002/sub-cp026_ses-20210716_task-rest_stream-lslxp11xpcac_feat-chunk_level-000_run-002_dat.csv,False,,True,task-rest/sub-cp026/ses-20210716/level-000_run-002/sub-cp026_ses-20210716_task-rest_stream-lslshimmertorsoacc_feat-chunk_level-000_run-002_dat.csv,False,,8,ecg;eda;emg;eye_tracking;head_movement;respiration;torso_body_accelerometer;xplane,control_input;performance,0,,0,
rest,sub-cp027,ses-20210722,level-000,run-001,sub-cp027_ses-20210722_level-000_run-001,task-rest/sub-cp027/ses-20210722/level-000_run-001,16,16,8,7,True,False,,True,task-rest/sub-cp027/ses-20210722/level-000_run-001/sub-cp027_ses-20210722_task-rest_stream-lslshimmerecg_feat-chunk_level-000_run-001_dat.csv,True,task-rest/sub-cp027/ses-20210722/level-000_run-001/sub-cp027_ses-20210722_task-rest_stream-lslshimmereda_feat-chunk_level-000_run-001_dat.csv,True,task-rest/sub-cp027/ses-20210722/level-000_run-001/sub-cp027_ses-20210722_task-rest_stream-lslshimmeremg_feat-chunk_level-000_run-001_dat.csv,True,task-rest/sub-cp027/ses-20210722/level-000_run-001/sub-cp027_ses-20210722_task-rest_stream-lslshimmerresp_feat-chunk_level-000_run-001_dat.csv,True,task-rest/sub-cp027/ses-20210722/level-000_run-001/sub-cp027_ses-20210722_task-rest_stream-lslxp11xpcplt_feat-chunk_level-000_run-001_dat.csv,True,task-rest/sub-cp027/ses-20210722/level-000_run-001/sub-cp027_ses-20210722_task-rest_stream-lslxp11xpcac_feat-chunk_level-000_run-001_dat.csv,False,,True,task-rest/sub-cp027/ses-20210722/level-000_run-001/sub-cp027_ses-20210722_task-rest_stream-lslshimmertorsoacc_feat-chunk_level-000_run-001_dat.csv,False,,7,ecg;eda;emg;head_movement;respiration;torso_body_accelerometer;xplane,control_input;eye_tracking;performance,3,invalid_effective_rate:task-rest/sub-cp027/ses-20210722/level-000_run-001/sub-cp027_ses-20210722_task-rest_stream-lslhtcviveeye_feat-chunk_level-000_run-001_hea.csv:NaN | invalid_sample_count:task-rest/sub-cp027/ses-20210722/level-000_run-001/sub-cp027_ses-20210722_task-rest_stream-lslhtcviveeye_feat-chunk_level-000_run-001_hea.csv:0 | placeholder_data_with_zero_samples:task-rest/sub-cp027/ses-20210722/level-000_run-001/sub-cp027_ses-20210722_task-rest_stream-lslhtcviveeye_feat-chunk_level-000_run-001_dat.csv,0,
rest,sub-cp027,ses-20210722,level-000,run-002,sub-cp027_ses-20210722_level-000_run-002,task-rest/sub-cp027/ses-20210722/level-000_run-002,17,17,9,9,True,True,task-rest/sub-cp027/ses-20210722/level-000_run-002/sub-cp027_ses-20210722_ocuevts_level-000_run-002.csv;task-rest/sub-cp027/ses-20210722/level-000_run-002/sub-cp027_ses-20210722_task-rest_stream-lslhtcviveeye_feat-chunk_level-000_run-002_dat.csv,True,task-rest/sub-cp027/ses-20210722/level-000_run-002/sub-cp027_ses-20210722_task-rest_stream-lslshimmerecg_feat-chunk_level-000_run-002_dat.csv,True,task-rest/sub-cp027/ses-20210722/level-000_run-002/sub-cp027_ses-20210722_task-rest_stream-lslshimmereda_feat-chunk_level-000_run-002_dat.csv,True,task-rest/sub-cp027/ses-20210722/level-000_run-002/sub-cp027_ses-20210722_task-rest_stream-lslshimmeremg_feat-chunk_level-000_run-002_dat.csv,True,task-rest/sub-cp027/ses-20210722/level-000_run-002/sub-cp027_ses-20210722_task-rest_stream-lslshimmerresp_feat-chunk_level-000_run-002_dat.csv,True,task-rest/sub-cp027/ses-20210722/level-000_run-002/sub-cp027_ses-20210722_task-rest_stream-lslxp11xpcplt_feat-chunk_level-000_run-002_dat.csv,True,task-rest/sub-cp027/ses-20210722/level-000_run-002/sub-cp027_ses-20210722_task-rest_stream-lslxp11xpcac_feat-chunk_level-000_run-002_dat.csv,False,,True,task-rest/sub-cp027/ses-20210722/level-000_run-002/sub-cp027_ses-20210722_task-rest_stream-lslshimmertorsoacc_feat-chunk_level-000_run-002_dat.csv,False,,8,ecg;eda;emg;eye_tracking;head_movement;respiration;torso_body_accelerometer;xplane,control_input;performance,0,,0,
rest,sub-cp028,ses-20211214,level-000,run-001,sub-cp028_ses-20211214_level-000_run-001,task-rest/sub-cp028/ses-20211214/level-000_run-001,19,19,10,10,True,True,task-rest/sub-cp028/ses-20211214/level-000_run-001/sub-cp028_ses-20211214_ocuevts_level-000_run-001.csv;task-rest/sub-cp028/ses-20211214/level-000_run-001/sub-cp028_ses-20211214_task-rest_stream-lslhtcviveeye_feat-chunk_level-000_run-001_dat.csv,True,task-rest/sub-cp028/ses-20211214/level-000_run-001/sub-cp028_ses-20211214_task-rest_stream-lslshimmerecg_feat-chunk_level-000_run-001_dat.csv,True,task-rest/sub-cp028/ses-20211214/level-000_run-001/sub-cp028_ses-20211214_task-rest_stream-lslshimmereda_feat-chunk_level-000_run-001_dat.csv,True,task-rest/sub-cp028/ses-20211214/level-000_run-001/sub-cp028_ses-20211214_task-rest_stream-lslshimmeremg_feat-chunk_level-000_run-001_dat.csv,True,task-rest/sub-cp028/ses-20211214/level-000_run-001/sub-cp028_ses-20211214_task-rest_stream-lslrespitrace_feat-chunk_level-000_run-001_dat.csv;task-rest/sub-cp028/ses-20211214/level-000_run-001/sub-cp028_ses-20211214_task-rest_stream-lslshimmerresp_feat-chunk_level-000_run-001_dat.csv,True,task-rest/sub-cp028/ses-20211214/level-000_run-001/sub-cp028_ses-20211214_task-rest_stream-lslxp11xpcplt_feat-chunk_level-000_run-001_dat.csv,True,task-rest/sub-cp028/ses-20211214/level-000_run-001/sub-cp028_ses-20211214_task-rest_stream-lslxp11xpcac_feat-chunk_level-000_run-001_dat.csv,False,,True,task-rest/sub-cp028/ses-20211214/level-000_run-001/sub-cp028_ses-20211214_task-rest_stream-lslshimmertorsoacc_feat-chunk_level-000_run-001_dat.csv,False,,8,ecg;eda;emg;eye_tracking;head_movement;respiration;torso_body_accelerometer;xplane,control_input;performance,0,,0,
rest,sub-cp028,ses-20211214,level-000,run-002,sub-cp028_ses-20211214_level-000_run-002,task-rest/sub-cp028/ses-20211214/level-000_run-002,19,19,10,9,True,True,task-rest/sub-cp028/ses-20211214/level-000_run-002/sub-cp028_ses-20211214_ocuevts_level-000_run-002.csv;task-rest/sub-cp028/ses-20211214/level-000_run-002/sub-cp028_ses-20211214_task-rest_stream-lslhtcviveeye_feat-chunk_level-000_run-002_dat.csv,True,task-rest/sub-cp028/ses-20211214/level-000_run-002/sub-cp028_ses-20211214_task-rest_stream-lslshimmerecg_feat-chunk_level-000_run-002_dat.csv,True,task-rest/sub-cp028/ses-20211214/level-000_run-002/sub-cp028_ses-20211214_task-rest_stream-lslshimmereda_feat-chunk_level-000_run-002_dat.csv,False,,True,task-rest/sub-cp028/ses-20211214/level-000_run-002/sub-cp028_ses-20211214_task-rest_stream-lslrespitrace_feat-chunk_level-000_run-002_dat.csv;task-rest/sub-cp028/ses-20211214/level-000_run-002/sub-cp028_ses-20211214_task-rest_stream-lslshimmerresp_feat-chunk_level-000_run-002_dat.csv,True,task-rest/sub-cp028/ses-20211214/level-000_run-002/sub-cp028_ses-20211214_task-rest_stream-lslxp11xpcplt_feat-chunk_level-000_run-002_dat.csv,True,task-rest/sub-cp028/ses-20211214/level-000_run-002/sub-cp028_ses-20211214_task-rest_stream-lslxp11xpcac_feat-chunk_level-000_run-002_dat.csv,False,,True,task-rest/sub-cp028/ses-20211214/level-000_run-002/sub-cp028_ses-20211214_task-rest_stream-lslshimmertorsoacc_feat-chunk_level-000_run-002_dat.csv,False,,7,ecg;eda;eye_tracking;head_movement;respiration;torso_body_accelerometer;xplane,control_input;emg;performance,3,invalid_effective_rate:task-rest/sub-cp028/ses-20211214/level-000_run-002/sub-cp028_ses-20211214_task-rest_stream-lslshimmeremg_feat-chunk_level-000_run-002_hea.csv:NaN | invalid_sample_count:task-rest/sub-cp028/ses-20211214/level-000_run-002/sub-cp028_ses-20211214_task-rest_stream-lslshimmeremg_feat-chunk_level-000_run-002_hea.csv:0 | placeholder_data_with_zero_samples:task-rest/sub-cp028/ses-20211214/level-000_run-002/sub-cp028_ses-20211214_task-rest_stream-lslshimmeremg_feat-chunk_level-000_run-002_dat.csv,0,
rest,sub-cp029,ses-20220119,level-000,run-001,sub-cp029_ses-20220119_level-000_run-001,task-rest/sub-cp029/ses-20220119/level-000_run-001,19,19,10,10,True,True,task-rest/sub-cp029/ses-20220119/level-000_run-001/sub-cp029_ses-20220119_ocuevts_level-000_run-001.csv;task-rest/sub-cp029/ses-20220119/level-000_run-001/sub-cp029_ses-20220119_task-rest_stream-lslhtcviveeye_feat-chunk_level-000_run-001_dat.csv,True,task-rest/sub-cp029/ses-20220119/level-000_run-001/sub-cp029_ses-20220119_task-rest_stream-lslshimmerecg_feat-chunk_level-000_run-001_dat.csv,True,task-rest/sub-cp029/ses-20220119/level-000_run-001/sub-cp029_ses-20220119_task-rest_stream-lslshimmereda_feat-chunk_level-000_run-001_dat.csv,True,task-rest/sub-cp029/ses-20220119/level-000_run-001/sub-cp029_ses-20220119_task-rest_stream-lslshimmeremg_feat-chunk_level-000_run-001_dat.csv,True,task-rest/sub-cp029/ses-20220119/level-000_run-001/sub-cp029_ses-20220119_task-rest_stream-lslrespitrace_feat-chunk_level-000_run-001_dat.csv;task-rest/sub-cp029/ses-20220119/level-000_run-001/sub-cp029_ses-20220119_task-rest_stream-lslshimmerresp_feat-chunk_level-000_run-001_dat.csv,True,task-rest/sub-cp029/ses-20220119/level-000_run-001/sub-cp029_ses-20220119_task-rest_stream-lslxp11xpcplt_feat-chunk_level-000_run-001_dat.csv,True,task-rest/sub-cp029/ses-20220119/level-000_run-001/sub-cp029_ses-20220119_task-rest_stream-lslxp11xpcac_feat-chunk_level-000_run-001_dat.csv,False,,True,task-rest/sub-cp029/ses-20220119/level-000_run-001/sub-cp029_ses-20220119_task-rest_stream-lslshimmertorsoacc_feat-chunk_level-000_run-001_dat.csv,False,,8,ecg;eda;emg;eye_tracking;head_movement;respiration;torso_body_accelerometer;xplane,control_input;performance,0,,0,
rest,sub-cp029,ses-20220119,level-000,run-002,sub-cp029_ses-20220119_level-000_run-002,task-rest/sub-cp029/ses-20220119/level-000_run-002,19,19,10,10,True,True,task-rest/sub-cp029/ses-20220119/level-000_run-002/sub-cp029_ses-20220119_ocuevts_level-000_run-002.csv;task-rest/sub-cp029/ses-20220119/level-000_run-002/sub-cp029_ses-20220119_task-rest_stream-lslhtcviveeye_feat-chunk_level-000_run-002_dat.csv,True,task-rest/sub-cp029/ses-20220119/level-000_run-002/sub-cp029_ses-20220119_task-rest_stream-lslshimmerecg_feat-chunk_level-000_run-002_dat.csv,True,task-rest/sub-cp029/ses-20220119/level-000_run-002/sub-cp029_ses-20220119_task-rest_stream-lslshimmereda_feat-chunk_level-000_run-002_dat.csv,True,task-rest/sub-cp029/ses-20220119/level-000_run-002/sub-cp029_ses-20220119_task-rest_stream-lslshimmeremg_feat-chunk_level-000_run-002_dat.csv,True,task-rest/sub-cp029/ses-20220119/level-000_run-002/sub-cp029_ses-20220119_task-rest_stream-lslrespitrace_feat-chunk_level-000_run-002_dat.csv;task-rest/sub-cp029/ses-20220119/level-000_run-002/sub-cp029_ses-20220119_task-rest_stream-lslshimmerresp_feat-chunk_level-000_run-002_dat.csv,True,task-rest/sub-cp029/ses-20220119/level-000_run-002/sub-cp029_ses-20220119_task-rest_stream-lslxp11xpcplt_feat-chunk_level-000_run-002_dat.csv,True,task-rest/sub-cp029/ses-20220119/level-000_run-002/sub-cp029_ses-20220119_task-rest_stream-lslxp11xpcac_feat-chunk_level-000_run-002_dat.csv,False,,True,task-rest/sub-cp029/ses-20220119/level-000_run-002/sub-cp029_ses-20220119_task-rest_stream-lslshimmertorsoacc_feat-chunk_level-000_run-002_dat.csv,False,,8,ecg;eda;emg;eye_tracking;head_movement;respiration;torso_body_accelerometer;xplane,control_input;performance,0,,0,
rest,sub-cp030,ses-20211025,level-000,run-001,sub-cp030_ses-20211025_level-000_run-001,task-rest/sub-cp030/ses-20211025/level-000_run-001,17,17,9,9,True,True,task-rest/sub-cp030/ses-20211025/level-000_run-001/sub-cp030_ses-20211025_ocuevts_level-000_run-001.csv;task-rest/sub-cp030/ses-20211025/level-000_run-001/sub-cp030_ses-20211025_task-rest_stream-lslhtcviveeye_feat-chunk_level-000_run-001_dat.csv,True,task-rest/sub-cp030/ses-20211025/level-000_run-001/sub-cp030_ses-20211025_task-rest_stream-lslshimmerecg_feat-chunk_level-000_run-001_dat.csv,True,task-rest/sub-cp030/ses-20211025/level-000_run-001/sub-cp030_ses-20211025_task-rest_stream-lslshimmereda_feat-chunk_level-000_run-001_dat.csv,True,task-rest/sub-cp030/ses-20211025/level-000_run-001/sub-cp030_ses-20211025_task-rest_stream-lslshimmeremg_feat-chunk_level-000_run-001_dat.csv,True,task-rest/sub-cp030/ses-20211025/level-000_run-001/sub-cp030_ses-20211025_task-rest_stream-lslshimmerresp_feat-chunk_level-000_run-001_dat.csv,True,task-rest/sub-cp030/ses-20211025/level-000_run-001/sub-cp030_ses-20211025_task-rest_stream-lslxp11xpcplt_feat-chunk_level-000_run-001_dat.csv,True,task-rest/sub-cp030/ses-20211025/level-000_run-001/sub-cp030_ses-20211025_task-rest_stream-lslxp11xpcac_feat-chunk_level-000_run-001_dat.csv,False,,True,task-rest/sub-cp030/ses-20211025/level-000_run-001/sub-cp030_ses-20211025_task-rest_stream-lslshimmertorsoacc_feat-chunk_level-000_run-001_dat.csv,False,,8,ecg;eda;emg;eye_tracking;head_movement;respiration;torso_body_accelerometer;xplane,control_input;performance,0,,0,
rest,sub-cp030,ses-20211025,level-000,run-002,sub-cp030_ses-20211025_level-000_run-002,task-rest/sub-cp030/ses-20211025/level-000_run-002,19,19,10,10,True,True,task-rest/sub-cp030/ses-20211025/level-000_run-002/sub-cp030_ses-20211025_ocuevts_level-000_run-002.csv;task-rest/sub-cp030/ses-20211025/level-000_run-002/sub-cp030_ses-20211025_task-rest_stream-lslhtcviveeye_feat-chunk_level-000_run-002_dat.csv,True,task-rest/sub-cp030/ses-20211025/level-000_run-002/sub-cp030_ses-20211025_task-rest_stream-lslshimmerecg_feat-chunk_level-000_run-002_dat.csv,True,task-rest/sub-cp030/ses-20211025/level-000_run-002/sub-cp030_ses-20211025_task-rest_stream-lslshimmereda_feat-chunk_level-000_run-002_dat.csv,True,task-rest/sub-cp030/ses-20211025/level-000_run-002/sub-cp030_ses-20211025_task-rest_stream-lslshimmeremg_feat-chunk_level-000_run-002_dat.csv,True,task-rest/sub-cp030/ses-20211025/level-000_run-002/sub-cp030_ses-20211025_task-rest_stream-lslrespitrace_feat-chunk_level-000_run-002_dat.csv;task-rest/sub-cp030/ses-20211025/level-000_run-002/sub-cp030_ses-20211025_task-rest_stream-lslshimmerresp_feat-chunk_level-000_run-002_dat.csv,True,task-rest/sub-cp030/ses-20211025/level-000_run-002/sub-cp030_ses-20211025_task-rest_stream-lslxp11xpcplt_feat-chunk_level-000_run-002_dat.csv,True,task-rest/sub-cp030/ses-20211025/level-000_run-002/sub-cp030_ses-20211025_task-rest_stream-lslxp11xpcac_feat-chunk_level-000_run-002_dat.csv,False,,True,task-rest/sub-cp030/ses-20211025/level-000_run-002/sub-cp030_ses-20211025_task-rest_stream-lslshimmertorsoacc_feat-chunk_level-000_run-002_dat.csv,False,,8,ecg;eda;emg;eye_tracking;head_movement;respiration;torso_body_accelerometer;xplane,control_input;performance,0,,0,
rest,sub-cp031,ses-20211216,level-000,run-001,sub-cp031_ses-20211216_level-000_run-001,task-rest/sub-cp031/ses-20211216/level-000_run-001,19,19,10,10,True,True,task-rest/sub-cp031/ses-20211216/level-000_run-001/sub-cp031_ses-20211216_ocuevts_level-000_run-001.csv;task-rest/sub-cp031/ses-20211216/level-000_run-001/sub-cp031_ses-20211216_task-rest_stream-lslhtcviveeye_feat-chunk_level-000_run-001_dat.csv,True,task-rest/sub-cp031/ses-20211216/level-000_run-001/sub-cp031_ses-20211216_task-rest_stream-lslshimmerecg_feat-chunk_level-000_run-001_dat.csv,True,task-rest/sub-cp031/ses-20211216/level-000_run-001/sub-cp031_ses-20211216_task-rest_stream-lslshimmereda_feat-chunk_level-000_run-001_dat.csv,True,task-rest/sub-cp031/ses-20211216/level-000_run-001/sub-cp031_ses-20211216_task-rest_stream-lslshimmeremg_feat-chunk_level-000_run-001_dat.csv,True,task-rest/sub-cp031/ses-20211216/level-000_run-001/sub-cp031_ses-20211216_task-rest_stream-lslrespitrace_feat-chunk_level-000_run-001_dat.csv;task-rest/sub-cp031/ses-20211216/level-000_run-001/sub-cp031_ses-20211216_task-rest_stream-lslshimmerresp_feat-chunk_level-000_run-001_dat.csv,True,task-rest/sub-cp031/ses-20211216/level-000_run-001/sub-cp031_ses-20211216_task-rest_stream-lslxp11xpcplt_feat-chunk_level-000_run-001_dat.csv,True,task-rest/sub-cp031/ses-20211216/level-000_run-001/sub-cp031_ses-20211216_task-rest_stream-lslxp11xpcac_feat-chunk_level-000_run-001_dat.csv,False,,True,task-rest/sub-cp031/ses-20211216/level-000_run-001/sub-cp031_ses-20211216_task-rest_stream-lslshimmertorsoacc_feat-chunk_level-000_run-001_dat.csv,False,,8,ecg;eda;emg;eye_tracking;head_movement;respiration;torso_body_accelerometer;xplane,control_input;performance,0,,0,
rest,sub-cp031,ses-20211216,level-000,run-002,sub-cp031_ses-20211216_level-000_run-002,task-rest/sub-cp031/ses-20211216/level-000_run-002,19,19,10,10,True,True,task-rest/sub-cp031/ses-20211216/level-000_run-002/sub-cp031_ses-20211216_ocuevts_level-000_run-002.csv;task-rest/sub-cp031/ses-20211216/level-000_run-002/sub-cp031_ses-20211216_task-rest_stream-lslhtcviveeye_feat-chunk_level-000_run-002_dat.csv,True,task-rest/sub-cp031/ses-20211216/level-000_run-002/sub-cp031_ses-20211216_task-rest_stream-lslshimmerecg_feat-chunk_level-000_run-002_dat.csv,True,task-rest/sub-cp031/ses-20211216/level-000_run-002/sub-cp031_ses-20211216_task-rest_stream-lslshimmereda_feat-chunk_level-000_run-002_dat.csv,True,task-rest/sub-cp031/ses-20211216/level-000_run-002/sub-cp031_ses-20211216_task-rest_stream-lslshimmeremg_feat-chunk_level-000_run-002_dat.csv,True,task-rest/sub-cp031/ses-20211216/level-000_run-002/sub-cp031_ses-20211216_task-rest_stream-lslrespitrace_feat-chunk_level-000_run-002_dat.csv;task-rest/sub-cp031/ses-20211216/level-000_run-002/sub-cp031_ses-20211216_task-rest_stream-lslshimmerresp_feat-chunk_level-000_run-002_dat.csv,True,task-rest/sub-cp031/ses-20211216/level-000_run-002/sub-cp031_ses-20211216_task-rest_stream-lslxp11xpcplt_feat-chunk_level-000_run-002_dat.csv,True,task-rest/sub-cp031/ses-20211216/level-000_run-002/sub-cp031_ses-20211216_task-rest_stream-lslxp11xpcac_feat-chunk_level-000_run-002_dat.csv,False,,True,task-rest/sub-cp031/ses-20211216/level-000_run-002/sub-cp031_ses-20211216_task-rest_stream-lslshimmertorsoacc_feat-chunk_level-000_run-002_dat.csv,False,,8,ecg;eda;emg;eye_tracking;head_movement;respiration;torso_body_accelerometer;xplane,control_input;performance,0,,0,
rest,sub-cp032,ses-20211105,level-000,run-001,sub-cp032_ses-20211105_level-000_run-001,task-rest/sub-cp032/ses-20211105/level-000_run-001,19,19,10,10,True,True,task-rest/sub-cp032/ses-20211105/level-000_run-001/sub-cp032_ses-20211105_ocuevts_level-000_run-001.csv;task-rest/sub-cp032/ses-20211105/level-000_run-001/sub-cp032_ses-20211105_task-rest_stream-lslhtcviveeye_feat-chunk_level-000_run-001_dat.csv,True,task-rest/sub-cp032/ses-20211105/level-000_run-001/sub-cp032_ses-20211105_task-rest_stream-lslshimmerecg_feat-chunk_level-000_run-001_dat.csv,True,task-rest/sub-cp032/ses-20211105/level-000_run-001/sub-cp032_ses-20211105_task-rest_stream-lslshimmereda_feat-chunk_level-000_run-001_dat.csv,True,task-rest/sub-cp032/ses-20211105/level-000_run-001/sub-cp032_ses-20211105_task-rest_stream-lslshimmeremg_feat-chunk_level-000_run-001_dat.csv,True,task-rest/sub-cp032/ses-20211105/level-000_run-001/sub-cp032_ses-20211105_task-rest_stream-lslrespitrace_feat-chunk_level-000_run-001_dat.csv;task-rest/sub-cp032/ses-20211105/level-000_run-001/sub-cp032_ses-20211105_task-rest_stream-lslshimmerresp_feat-chunk_level-000_run-001_dat.csv,True,task-rest/sub-cp032/ses-20211105/level-000_run-001/sub-cp032_ses-20211105_task-rest_stream-lslxp11xpcplt_feat-chunk_level-000_run-001_dat.csv,True,task-rest/sub-cp032/ses-20211105/level-000_run-001/sub-cp032_ses-20211105_task-rest_stream-lslxp11xpcac_feat-chunk_level-000_run-001_dat.csv,False,,True,task-rest/sub-cp032/ses-20211105/level-000_run-001/sub-cp032_ses-20211105_task-rest_stream-lslshimmertorsoacc_feat-chunk_level-000_run-001_dat.csv,False,,8,ecg;eda;emg;eye_tracking;head_movement;respiration;torso_body_accelerometer;xplane,control_input;performance,0,,0,
rest,sub-cp032,ses-20211105,level-000,run-002,sub-cp032_ses-20211105_level-000_run-002,task-rest/sub-cp032/ses-20211105/level-000_run-002,19,19,10,10,True,True,task-rest/sub-cp032/ses-20211105/level-000_run-002/sub-cp032_ses-20211105_ocuevts_level-000_run-002.csv;task-rest/sub-cp032/ses-20211105/level-000_run-002/sub-cp032_ses-20211105_task-rest_stream-lslhtcviveeye_feat-chunk_level-000_run-002_dat.csv,True,task-rest/sub-cp032/ses-20211105/level-000_run-002/sub-cp032_ses-20211105_task-rest_stream-lslshimmerecg_feat-chunk_level-000_run-002_dat.csv,True,task-rest/sub-cp032/ses-20211105/level-000_run-002/sub-cp032_ses-20211105_task-rest_stream-lslshimmereda_feat-chunk_level-000_run-002_dat.csv,True,task-rest/sub-cp032/ses-20211105/level-000_run-002/sub-cp032_ses-20211105_task-rest_stream-lslshimmeremg_feat-chunk_level-000_run-002_dat.csv,True,task-rest/sub-cp032/ses-20211105/level-000_run-002/sub-cp032_ses-20211105_task-rest_stream-lslrespitrace_feat-chunk_level-000_run-002_dat.csv;task-rest/sub-cp032/ses-20211105/level-000_run-002/sub-cp032_ses-20211105_task-rest_stream-lslshimmerresp_feat-chunk_level-000_run-002_dat.csv,True,task-rest/sub-cp032/ses-20211105/level-000_run-002/sub-cp032_ses-20211105_task-rest_stream-lslxp11xpcplt_feat-chunk_level-000_run-002_dat.csv,True,task-rest/sub-cp032/ses-20211105/level-000_run-002/sub-cp032_ses-20211105_task-rest_stream-lslxp11xpcac_feat-chunk_level-000_run-002_dat.csv,False,,True,task-rest/sub-cp032/ses-20211105/level-000_run-002/sub-cp032_ses-20211105_task-rest_stream-lslshimmertorsoacc_feat-chunk_level-000_run-002_dat.csv,False,,8,ecg;eda;emg;eye_tracking;head_movement;respiration;torso_body_accelerometer;xplane,control_input;performance,0,,0,
rest,sub-cp033,ses-20211215,level-000,run-001,sub-cp033_ses-20211215_level-000_run-001,task-rest/sub-cp033/ses-20211215/level-000_run-001,19,19,10,10,True,True,task-rest/sub-cp033/ses-20211215/level-000_run-001/sub-cp033_ses-20211215_ocuevts_level-000_run-001.csv;task-rest/sub-cp033/ses-20211215/level-000_run-001/sub-cp033_ses-20211215_task-rest_stream-lslhtcviveeye_feat-chunk_level-000_run-001_dat.csv,True,task-rest/sub-cp033/ses-20211215/level-000_run-001/sub-cp033_ses-20211215_task-rest_stream-lslshimmerecg_feat-chunk_level-000_run-001_dat.csv,True,task-rest/sub-cp033/ses-20211215/level-000_run-001/sub-cp033_ses-20211215_task-rest_stream-lslshimmereda_feat-chunk_level-000_run-001_dat.csv,True,task-rest/sub-cp033/ses-20211215/level-000_run-001/sub-cp033_ses-20211215_task-rest_stream-lslshimmeremg_feat-chunk_level-000_run-001_dat.csv,True,task-rest/sub-cp033/ses-20211215/level-000_run-001/sub-cp033_ses-20211215_task-rest_stream-lslrespitrace_feat-chunk_level-000_run-001_dat.csv;task-rest/sub-cp033/ses-20211215/level-000_run-001/sub-cp033_ses-20211215_task-rest_stream-lslshimmerresp_feat-chunk_level-000_run-001_dat.csv,True,task-rest/sub-cp033/ses-20211215/level-000_run-001/sub-cp033_ses-20211215_task-rest_stream-lslxp11xpcplt_feat-chunk_level-000_run-001_dat.csv,True,task-rest/sub-cp033/ses-20211215/level-000_run-001/sub-cp033_ses-20211215_task-rest_stream-lslxp11xpcac_feat-chunk_level-000_run-001_dat.csv,False,,True,task-rest/sub-cp033/ses-20211215/level-000_run-001/sub-cp033_ses-20211215_task-rest_stream-lslshimmertorsoacc_feat-chunk_level-000_run-001_dat.csv,False,,8,ecg;eda;emg;eye_tracking;head_movement;respiration;torso_body_accelerometer;xplane,control_input;performance,0,,0,
rest,sub-cp033,ses-20211215,level-000,run-002,sub-cp033_ses-20211215_level-000_run-002,task-rest/sub-cp033/ses-20211215/level-000_run-002,19,19,10,10,True,True,task-rest/sub-cp033/ses-20211215/level-000_run-002/sub-cp033_ses-20211215_ocuevts_level-000_run-002.csv;task-rest/sub-cp033/ses-20211215/level-000_run-002/sub-cp033_ses-20211215_task-rest_stream-lslhtcviveeye_feat-chunk_level-000_run-002_dat.csv,True,task-rest/sub-cp033/ses-20211215/level-000_run-002/sub-cp033_ses-20211215_task-rest_stream-lslshimmerecg_feat-chunk_level-000_run-002_dat.csv,True,task-rest/sub-cp033/ses-20211215/level-000_run-002/sub-cp033_ses-20211215_task-rest_stream-lslshimmereda_feat-chunk_level-000_run-002_dat.csv,True,task-rest/sub-cp033/ses-20211215/level-000_run-002/sub-cp033_ses-20211215_task-rest_stream-lslshimmeremg_feat-chunk_level-000_run-002_dat.csv,True,task-rest/sub-cp033/ses-20211215/level-000_run-002/sub-cp033_ses-20211215_task-rest_stream-lslrespitrace_feat-chunk_level-000_run-002_dat.csv;task-rest/sub-cp033/ses-20211215/level-000_run-002/sub-cp033_ses-20211215_task-rest_stream-lslshimmerresp_feat-chunk_level-000_run-002_dat.csv,True,task-rest/sub-cp033/ses-20211215/level-000_run-002/sub-cp033_ses-20211215_task-rest_stream-lslxp11xpcplt_feat-chunk_level-000_run-002_dat.csv,True,task-rest/sub-cp033/ses-20211215/level-000_run-002/sub-cp033_ses-20211215_task-rest_stream-lslxp11xpcac_feat-chunk_level-000_run-002_dat.csv,False,,True,task-rest/sub-cp033/ses-20211215/level-000_run-002/sub-cp033_ses-20211215_task-rest_stream-lslshimmertorsoacc_feat-chunk_level-000_run-002_dat.csv,False,,8,ecg;eda;emg;eye_tracking;head_movement;respiration;torso_body_accelerometer;xplane,control_input;performance,0,,0,
rest,sub-cp035,ses-20220125,level-000,run-001,sub-cp035_ses-20220125_level-000_run-001,task-rest/sub-cp035/ses-20220125/level-000_run-001,19,19,10,10,True,True,task-rest/sub-cp035/ses-20220125/level-000_run-001/sub-cp035_ses-20220125_ocuevts_level-000_run-001.csv;task-rest/sub-cp035/ses-20220125/level-000_run-001/sub-cp035_ses-20220125_task-rest_stream-lslhtcviveeye_feat-chunk_level-000_run-001_dat.csv,True,task-rest/sub-cp035/ses-20220125/level-000_run-001/sub-cp035_ses-20220125_task-rest_stream-lslshimmerecg_feat-chunk_level-000_run-001_dat.csv,True,task-rest/sub-cp035/ses-20220125/level-000_run-001/sub-cp035_ses-20220125_task-rest_stream-lslshimmereda_feat-chunk_level-000_run-001_dat.csv,True,task-rest/sub-cp035/ses-20220125/level-000_run-001/sub-cp035_ses-20220125_task-rest_stream-lslshimmeremg_feat-chunk_level-000_run-001_dat.csv,True,task-rest/sub-cp035/ses-20220125/level-000_run-001/sub-cp035_ses-20220125_task-rest_stream-lslrespitrace_feat-chunk_level-000_run-001_dat.csv;task-rest/sub-cp035/ses-20220125/level-000_run-001/sub-cp035_ses-20220125_task-rest_stream-lslshimmerresp_feat-chunk_level-000_run-001_dat.csv,True,task-rest/sub-cp035/ses-20220125/level-000_run-001/sub-cp035_ses-20220125_task-rest_stream-lslxp11xpcplt_feat-chunk_level-000_run-001_dat.csv,True,task-rest/sub-cp035/ses-20220125/level-000_run-001/sub-cp035_ses-20220125_task-rest_stream-lslxp11xpcac_feat-chunk_level-000_run-001_dat.csv,False,,True,task-rest/sub-cp035/ses-20220125/level-000_run-001/sub-cp035_ses-20220125_task-rest_stream-lslshimmertorsoacc_feat-chunk_level-000_run-001_dat.csv,False,,8,ecg;eda;emg;eye_tracking;head_movement;respiration;torso_body_accelerometer;xplane,control_input;performance,0,,0,
rest,sub-cp035,ses-20220125,level-000,run-002,sub-cp035_ses-20220125_level-000_run-002,task-rest/sub-cp035/ses-20220125/level-000_run-002,19,19,10,10,True,True,task-rest/sub-cp035/ses-20220125/level-000_run-002/sub-cp035_ses-20220125_ocuevts_level-000_run-002.csv;task-rest/sub-cp035/ses-20220125/level-000_run-002/sub-cp035_ses-20220125_task-rest_stream-lslhtcviveeye_feat-chunk_level-000_run-002_dat.csv,True,task-rest/sub-cp035/ses-20220125/level-000_run-002/sub-cp035_ses-20220125_task-rest_stream-lslshimmerecg_feat-chunk_level-000_run-002_dat.csv,True,task-rest/sub-cp035/ses-20220125/level-000_run-002/sub-cp035_ses-20220125_task-rest_stream-lslshimmereda_feat-chunk_level-000_run-002_dat.csv,True,task-rest/sub-cp035/ses-20220125/level-000_run-002/sub-cp035_ses-20220125_task-rest_stream-lslshimmeremg_feat-chunk_level-000_run-002_dat.csv,True,task-rest/sub-cp035/ses-20220125/level-000_run-002/sub-cp035_ses-20220125_task-rest_stream-lslrespitrace_feat-chunk_level-000_run-002_dat.csv;task-rest/sub-cp035/ses-20220125/level-000_run-002/sub-cp035_ses-20220125_task-rest_stream-lslshimmerresp_feat-chunk_level-000_run-002_dat.csv,True,task-rest/sub-cp035/ses-20220125/level-000_run-002/sub-cp035_ses-20220125_task-rest_stream-lslxp11xpcplt_feat-chunk_level-000_run-002_dat.csv,True,task-rest/sub-cp035/ses-20220125/level-000_run-002/sub-cp035_ses-20220125_task-rest_stream-lslxp11xpcac_feat-chunk_level-000_run-002_dat.csv,False,,True,task-rest/sub-cp035/ses-20220125/level-000_run-002/sub-cp035_ses-20220125_task-rest_stream-lslshimmertorsoacc_feat-chunk_level-000_run-002_dat.csv,False,,8,ecg;eda;emg;eye_tracking;head_movement;respiration;torso_body_accelerometer;xplane,control_input;performance,0,,0,
rest,sub-cp036,ses-20211218,level-000,run-001,sub-cp036_ses-20211218_level-000_run-001,task-rest/sub-cp036/ses-20211218/level-000_run-001,19,19,10,10,True,True,task-rest/sub-cp036/ses-20211218/level-000_run-001/sub-cp036_ses-20211218_ocuevts_level-000_run-001.csv;task-rest/sub-cp036/ses-20211218/level-000_run-001/sub-cp036_ses-20211218_task-rest_stream-lslhtcviveeye_feat-chunk_level-000_run-001_dat.csv,True,task-rest/sub-cp036/ses-20211218/level-000_run-001/sub-cp036_ses-20211218_task-rest_stream-lslshimmerecg_feat-chunk_level-000_run-001_dat.csv,True,task-rest/sub-cp036/ses-20211218/level-000_run-001/sub-cp036_ses-20211218_task-rest_stream-lslshimmereda_feat-chunk_level-000_run-001_dat.csv,True,task-rest/sub-cp036/ses-20211218/level-000_run-001/sub-cp036_ses-20211218_task-rest_stream-lslshimmeremg_feat-chunk_level-000_run-001_dat.csv,True,task-rest/sub-cp036/ses-20211218/level-000_run-001/sub-cp036_ses-20211218_task-rest_stream-lslrespitrace_feat-chunk_level-000_run-001_dat.csv;task-rest/sub-cp036/ses-20211218/level-000_run-001/sub-cp036_ses-20211218_task-rest_stream-lslshimmerresp_feat-chunk_level-000_run-001_dat.csv,True,task-rest/sub-cp036/ses-20211218/level-000_run-001/sub-cp036_ses-20211218_task-rest_stream-lslxp11xpcplt_feat-chunk_level-000_run-001_dat.csv,True,task-rest/sub-cp036/ses-20211218/level-000_run-001/sub-cp036_ses-20211218_task-rest_stream-lslxp11xpcac_feat-chunk_level-000_run-001_dat.csv,False,,True,task-rest/sub-cp036/ses-20211218/level-000_run-001/sub-cp036_ses-20211218_task-rest_stream-lslshimmertorsoacc_feat-chunk_level-000_run-001_dat.csv,False,,8,ecg;eda;emg;eye_tracking;head_movement;respiration;torso_body_accelerometer;xplane,control_input;performance,0,,0,
rest,sub-cp037,ses-20210113,level-000,run-001,sub-cp037_ses-20210113_level-000_run-001,task-rest/sub-cp037/ses-20210113/level-000_run-001,19,19,10,10,True,True,task-rest/sub-cp037/ses-20210113/level-000_run-001/sub-cp037_ses-20210113_ocuevts_level-000_run-001.csv;task-rest/sub-cp037/ses-20210113/level-000_run-001/sub-cp037_ses-20210113_task-rest_stream-lslhtcviveeye_feat-chunk_level-000_run-001_dat.csv,True,task-rest/sub-cp037/ses-20210113/level-000_run-001/sub-cp037_ses-20210113_task-rest_stream-lslshimmerecg_feat-chunk_level-000_run-001_dat.csv,True,task-rest/sub-cp037/ses-20210113/level-000_run-001/sub-cp037_ses-20210113_task-rest_stream-lslshimmereda_feat-chunk_level-000_run-001_dat.csv,True,task-rest/sub-cp037/ses-20210113/level-000_run-001/sub-cp037_ses-20210113_task-rest_stream-lslshimmeremg_feat-chunk_level-000_run-001_dat.csv,True,task-rest/sub-cp037/ses-20210113/level-000_run-001/sub-cp037_ses-20210113_task-rest_stream-lslrespitrace_feat-chunk_level-000_run-001_dat.csv;task-rest/sub-cp037/ses-20210113/level-000_run-001/sub-cp037_ses-20210113_task-rest_stream-lslshimmerresp_feat-chunk_level-000_run-001_dat.csv,True,task-rest/sub-cp037/ses-20210113/level-000_run-001/sub-cp037_ses-20210113_task-rest_stream-lslxp11xpcplt_feat-chunk_level-000_run-001_dat.csv,True,task-rest/sub-cp037/ses-20210113/level-000_run-001/sub-cp037_ses-20210113_task-rest_stream-lslxp11xpcac_feat-chunk_level-000_run-001_dat.csv,False,,True,task-rest/sub-cp037/ses-20210113/level-000_run-001/sub-cp037_ses-20210113_task-rest_stream-lslshimmertorsoacc_feat-chunk_level-000_run-001_dat.csv,False,,8,ecg;eda;emg;eye_tracking;head_movement;respiration;torso_body_accelerometer;xplane,control_input;performance,0,,0,
rest,sub-cp037,ses-20210113,level-000,run-002,sub-cp037_ses-20210113_level-000_run-002,task-rest/sub-cp037/ses-20210113/level-000_run-002,19,19,10,10,True,True,task-rest/sub-cp037/ses-20210113/level-000_run-002/sub-cp037_ses-20210113_ocuevts_level-000_run-002.csv;task-rest/sub-cp037/ses-20210113/level-000_run-002/sub-cp037_ses-20210113_task-rest_stream-lslhtcviveeye_feat-chunk_level-000_run-002_dat.csv,True,task-rest/sub-cp037/ses-20210113/level-000_run-002/sub-cp037_ses-20210113_task-rest_stream-lslshimmerecg_feat-chunk_level-000_run-002_dat.csv,True,task-rest/sub-cp037/ses-20210113/level-000_run-002/sub-cp037_ses-20210113_task-rest_stream-lslshimmereda_feat-chunk_level-000_run-002_dat.csv,True,task-rest/sub-cp037/ses-20210113/level-000_run-002/sub-cp037_ses-20210113_task-rest_stream-lslshimmeremg_feat-chunk_level-000_run-002_dat.csv,True,task-rest/sub-cp037/ses-20210113/level-000_run-002/sub-cp037_ses-20210113_task-rest_stream-lslrespitrace_feat-chunk_level-000_run-002_dat.csv;task-rest/sub-cp037/ses-20210113/level-000_run-002/sub-cp037_ses-20210113_task-rest_stream-lslshimmerresp_feat-chunk_level-000_run-002_dat.csv,True,task-rest/sub-cp037/ses-20210113/level-000_run-002/sub-cp037_ses-20210113_task-rest_stream-lslxp11xpcplt_feat-chunk_level-000_run-002_dat.csv,True,task-rest/sub-cp037/ses-20210113/level-000_run-002/sub-cp037_ses-20210113_task-rest_stream-lslxp11xpcac_feat-chunk_level-000_run-002_dat.csv,False,,True,task-rest/sub-cp037/ses-20210113/level-000_run-002/sub-cp037_ses-20210113_task-rest_stream-lslshimmertorsoacc_feat-chunk_level-000_run-002_dat.csv,False,,8,ecg;eda;emg;eye_tracking;head_movement;respiration;torso_body_accelerometer;xplane,control_input;performance,0,,0,
rest,sub-cp038,ses-20220112,level-000,run-001,sub-cp038_ses-20220112_level-000_run-001,task-rest/sub-cp038/ses-20220112/level-000_run-001,19,19,10,10,True,True,task-rest/sub-cp038/ses-20220112/level-000_run-001/sub-cp038_ses-20220112_ocuevts_level-000_run-001.csv;task-rest/sub-cp038/ses-20220112/level-000_run-001/sub-cp038_ses-20220112_task-rest_stream-lslhtcviveeye_feat-chunk_level-000_run-001_dat.csv,True,task-rest/sub-cp038/ses-20220112/level-000_run-001/sub-cp038_ses-20220112_task-rest_stream-lslshimmerecg_feat-chunk_level-000_run-001_dat.csv,True,task-rest/sub-cp038/ses-20220112/level-000_run-001/sub-cp038_ses-20220112_task-rest_stream-lslshimmereda_feat-chunk_level-000_run-001_dat.csv,True,task-rest/sub-cp038/ses-20220112/level-000_run-001/sub-cp038_ses-20220112_task-rest_stream-lslshimmeremg_feat-chunk_level-000_run-001_dat.csv,True,task-rest/sub-cp038/ses-20220112/level-000_run-001/sub-cp038_ses-20220112_task-rest_stream-lslrespitrace_feat-chunk_level-000_run-001_dat.csv;task-rest/sub-cp038/ses-20220112/level-000_run-001/sub-cp038_ses-20220112_task-rest_stream-lslshimmerresp_feat-chunk_level-000_run-001_dat.csv,True,task-rest/sub-cp038/ses-20220112/level-000_run-001/sub-cp038_ses-20220112_task-rest_stream-lslxp11xpcplt_feat-chunk_level-000_run-001_dat.csv,True,task-rest/sub-cp038/ses-20220112/level-000_run-001/sub-cp038_ses-20220112_task-rest_stream-lslxp11xpcac_feat-chunk_level-000_run-001_dat.csv,False,,True,task-rest/sub-cp038/ses-20220112/level-000_run-001/sub-cp038_ses-20220112_task-rest_stream-lslshimmertorsoacc_feat-chunk_level-000_run-001_dat.csv,False,,8,ecg;eda;emg;eye_tracking;head_movement;respiration;torso_body_accelerometer;xplane,control_input;performance,0,,0,
rest,sub-cp038,ses-20220112,level-000,run-002,sub-cp038_ses-20220112_level-000_run-002,task-rest/sub-cp038/ses-20220112/level-000_run-002,19,19,10,10,True,True,task-rest/sub-cp038/ses-20220112/level-000_run-002/sub-cp038_ses-20220112_ocuevts_level-000_run-002.csv;task-rest/sub-cp038/ses-20220112/level-000_run-002/sub-cp038_ses-20220112_task-rest_stream-lslhtcviveeye_feat-chunk_level-000_run-002_dat.csv,True,task-rest/sub-cp038/ses-20220112/level-000_run-002/sub-cp038_ses-20220112_task-rest_stream-lslshimmerecg_feat-chunk_level-000_run-002_dat.csv,True,task-rest/sub-cp038/ses-20220112/level-000_run-002/sub-cp038_ses-20220112_task-rest_stream-lslshimmereda_feat-chunk_level-000_run-002_dat.csv,True,task-rest/sub-cp038/ses-20220112/level-000_run-002/sub-cp038_ses-20220112_task-rest_stream-lslshimmeremg_feat-chunk_level-000_run-002_dat.csv,True,task-rest/sub-cp038/ses-20220112/level-000_run-002/sub-cp038_ses-20220112_task-rest_stream-lslrespitrace_feat-chunk_level-000_run-002_dat.csv;task-rest/sub-cp038/ses-20220112/level-000_run-002/sub-cp038_ses-20220112_task-rest_stream-lslshimmerresp_feat-chunk_level-000_run-002_dat.csv,True,task-rest/sub-cp038/ses-20220112/level-000_run-002/sub-cp038_ses-20220112_task-rest_stream-lslxp11xpcplt_feat-chunk_level-000_run-002_dat.csv,True,task-rest/sub-cp038/ses-20220112/level-000_run-002/sub-cp038_ses-20220112_task-rest_stream-lslxp11xpcac_feat-chunk_level-000_run-002_dat.csv,False,,True,task-rest/sub-cp038/ses-20220112/level-000_run-002/sub-cp038_ses-20220112_task-rest_stream-lslshimmertorsoacc_feat-chunk_level-000_run-002_dat.csv,False,,8,ecg;eda;emg;eye_tracking;head_movement;respiration;torso_body_accelerometer;xplane,control_input;performance,0,,0,
rest,sub-cp039,ses-20211219,level-000,run-001,sub-cp039_ses-20211219_level-000_run-001,task-rest/sub-cp039/ses-20211219/level-000_run-001,19,19,10,10,True,True,task-rest/sub-cp039/ses-20211219/level-000_run-001/sub-cp039_ses-20211219_ocuevts_level-000_run-001.csv;task-rest/sub-cp039/ses-20211219/level-000_run-001/sub-cp039_ses-20211219_task-rest_stream-lslhtcviveeye_feat-chunk_level-000_run-001_dat.csv,True,task-rest/sub-cp039/ses-20211219/level-000_run-001/sub-cp039_ses-20211219_task-rest_stream-lslshimmerecg_feat-chunk_level-000_run-001_dat.csv,True,task-rest/sub-cp039/ses-20211219/level-000_run-001/sub-cp039_ses-20211219_task-rest_stream-lslshimmereda_feat-chunk_level-000_run-001_dat.csv,True,task-rest/sub-cp039/ses-20211219/level-000_run-001/sub-cp039_ses-20211219_task-rest_stream-lslshimmeremg_feat-chunk_level-000_run-001_dat.csv,True,task-rest/sub-cp039/ses-20211219/level-000_run-001/sub-cp039_ses-20211219_task-rest_stream-lslrespitrace_feat-chunk_level-000_run-001_dat.csv;task-rest/sub-cp039/ses-20211219/level-000_run-001/sub-cp039_ses-20211219_task-rest_stream-lslshimmerresp_feat-chunk_level-000_run-001_dat.csv,True,task-rest/sub-cp039/ses-20211219/level-000_run-001/sub-cp039_ses-20211219_task-rest_stream-lslxp11xpcplt_feat-chunk_level-000_run-001_dat.csv,True,task-rest/sub-cp039/ses-20211219/level-000_run-001/sub-cp039_ses-20211219_task-rest_stream-lslxp11xpcac_feat-chunk_level-000_run-001_dat.csv,False,,True,task-rest/sub-cp039/ses-20211219/level-000_run-001/sub-cp039_ses-20211219_task-rest_stream-lslshimmertorsoacc_feat-chunk_level-000_run-001_dat.csv,False,,8,ecg;eda;emg;eye_tracking;head_movement;respiration;torso_body_accelerometer;xplane,control_input;performance,0,,0,
rest,sub-cp039,ses-20211219,level-000,run-002,sub-cp039_ses-20211219_level-000_run-002,task-rest/sub-cp039/ses-20211219/level-000_run-002,19,19,10,10,True,True,task-rest/sub-cp039/ses-20211219/level-000_run-002/sub-cp039_ses-20211219_ocuevts_level-000_run-002.csv;task-rest/sub-cp039/ses-20211219/level-000_run-002/sub-cp039_ses-20211219_task-rest_stream-lslhtcviveeye_feat-chunk_level-000_run-002_dat.csv,True,task-rest/sub-cp039/ses-20211219/level-000_run-002/sub-cp039_ses-20211219_task-rest_stream-lslshimmerecg_feat-chunk_level-000_run-002_dat.csv,True,task-rest/sub-cp039/ses-20211219/level-000_run-002/sub-cp039_ses-20211219_task-rest_stream-lslshimmereda_feat-chunk_level-000_run-002_dat.csv,True,task-rest/sub-cp039/ses-20211219/level-000_run-002/sub-cp039_ses-20211219_task-rest_stream-lslshimmeremg_feat-chunk_level-000_run-002_dat.csv,True,task-rest/sub-cp039/ses-20211219/level-000_run-002/sub-cp039_ses-20211219_task-rest_stream-lslrespitrace_feat-chunk_level-000_run-002_dat.csv;task-rest/sub-cp039/ses-20211219/level-000_run-002/sub-cp039_ses-20211219_task-rest_stream-lslshimmerresp_feat-chunk_level-000_run-002_dat.csv,True,task-rest/sub-cp039/ses-20211219/level-000_run-002/sub-cp039_ses-20211219_task-rest_stream-lslxp11xpcplt_feat-chunk_level-000_run-002_dat.csv,True,task-rest/sub-cp039/ses-20211219/level-000_run-002/sub-cp039_ses-20211219_task-rest_stream-lslxp11xpcac_feat-chunk_level-000_run-002_dat.csv,False,,True,task-rest/sub-cp039/ses-20211219/level-000_run-002/sub-cp039_ses-20211219_task-rest_stream-lslshimmertorsoacc_feat-chunk_level-000_run-002_dat.csv,False,,8,ecg;eda;emg;eye_tracking;head_movement;respiration;torso_body_accelerometer;xplane,control_input;performance,0,,0,
rest,sub-cp042,ses-20220111,level-000,run-001,sub-cp042_ses-20220111_level-000_run-001,task-rest/sub-cp042/ses-20220111/level-000_run-001,19,19,10,9,True,True,task-rest/sub-cp042/ses-20220111/level-000_run-001/sub-cp042_ses-20220111_ocuevts_level-000_run-001.csv;task-rest/sub-cp042/ses-20220111/level-000_run-001/sub-cp042_ses-20220111_task-rest_stream-lslhtcviveeye_feat-chunk_level-000_run-001_dat.csv,True,task-rest/sub-cp042/ses-20220111/level-000_run-001/sub-cp042_ses-20220111_task-rest_stream-lslshimmerecg_feat-chunk_level-000_run-001_dat.csv,True,task-rest/sub-cp042/ses-20220111/level-000_run-001/sub-cp042_ses-20220111_task-rest_stream-lslshimmereda_feat-chunk_level-000_run-001_dat.csv,False,,True,task-rest/sub-cp042/ses-20220111/level-000_run-001/sub-cp042_ses-20220111_task-rest_stream-lslrespitrace_feat-chunk_level-000_run-001_dat.csv;task-rest/sub-cp042/ses-20220111/level-000_run-001/sub-cp042_ses-20220111_task-rest_stream-lslshimmerresp_feat-chunk_level-000_run-001_dat.csv,True,task-rest/sub-cp042/ses-20220111/level-000_run-001/sub-cp042_ses-20220111_task-rest_stream-lslxp11xpcplt_feat-chunk_level-000_run-001_dat.csv,True,task-rest/sub-cp042/ses-20220111/level-000_run-001/sub-cp042_ses-20220111_task-rest_stream-lslxp11xpcac_feat-chunk_level-000_run-001_dat.csv,False,,True,task-rest/sub-cp042/ses-20220111/level-000_run-001/sub-cp042_ses-20220111_task-rest_stream-lslshimmertorsoacc_feat-chunk_level-000_run-001_dat.csv,False,,7,ecg;eda;eye_tracking;head_movement;respiration;torso_body_accelerometer;xplane,control_input;emg;performance,3,invalid_effective_rate:task-rest/sub-cp042/ses-20220111/level-000_run-001/sub-cp042_ses-20220111_task-rest_stream-lslshimmeremg_feat-chunk_level-000_run-001_hea.csv:NaN | invalid_sample_count:task-rest/sub-cp042/ses-20220111/level-000_run-001/sub-cp042_ses-20220111_task-rest_stream-lslshimmeremg_feat-chunk_level-000_run-001_hea.csv:0 | placeholder_data_with_zero_samples:task-rest/sub-cp042/ses-20220111/level-000_run-001/sub-cp042_ses-20220111_task-rest_stream-lslshimmeremg_feat-chunk_level-000_run-001_dat.csv,0,
rest,sub-cp042,ses-20220111,level-000,run-002,sub-cp042_ses-20220111_level-000_run-002,task-rest/sub-cp042/ses-20220111/level-000_run-002,19,19,10,10,True,True,task-rest/sub-cp042/ses-20220111/level-000_run-002/sub-cp042_ses-20220111_ocuevts_level-000_run-002.csv;task-rest/sub-cp042/ses-20220111/level-000_run-002/sub-cp042_ses-20220111_task-rest_stream-lslhtcviveeye_feat-chunk_level-000_run-002_dat.csv,True,task-rest/sub-cp042/ses-20220111/level-000_run-002/sub-cp042_ses-20220111_task-rest_stream-lslshimmerecg_feat-chunk_level-000_run-002_dat.csv,True,task-rest/sub-cp042/ses-20220111/level-000_run-002/sub-cp042_ses-20220111_task-rest_stream-lslshimmereda_feat-chunk_level-000_run-002_dat.csv,True,task-rest/sub-cp042/ses-20220111/level-000_run-002/sub-cp042_ses-20220111_task-rest_stream-lslshimmeremg_feat-chunk_level-000_run-002_dat.csv,True,task-rest/sub-cp042/ses-20220111/level-000_run-002/sub-cp042_ses-20220111_task-rest_stream-lslrespitrace_feat-chunk_level-000_run-002_dat.csv;task-rest/sub-cp042/ses-20220111/level-000_run-002/sub-cp042_ses-20220111_task-rest_stream-lslshimmerresp_feat-chunk_level-000_run-002_dat.csv,True,task-rest/sub-cp042/ses-20220111/level-000_run-002/sub-cp042_ses-20220111_task-rest_stream-lslxp11xpcplt_feat-chunk_level-000_run-002_dat.csv,True,task-rest/sub-cp042/ses-20220111/level-000_run-002/sub-cp042_ses-20220111_task-rest_stream-lslxp11xpcac_feat-chunk_level-000_run-002_dat.csv,False,,True,task-rest/sub-cp042/ses-20220111/level-000_run-002/sub-cp042_ses-20220111_task-rest_stream-lslshimmertorsoacc_feat-chunk_level-000_run-002_dat.csv,False,,8,ecg;eda;emg;eye_tracking;head_movement;respiration;torso_body_accelerometer;xplane,control_input;performance,0,,0,
rest,sub-cp043,ses-20220127,level-000,run-001,sub-cp043_ses-20220127_level-000_run-001,task-rest/sub-cp043/ses-20220127/level-000_run-001,19,19,10,10,True,True,task-rest/sub-cp043/ses-20220127/level-000_run-001/sub-cp043_ses-20220127_ocuevts_level-000_run-001.csv;task-rest/sub-cp043/ses-20220127/level-000_run-001/sub-cp043_ses-20220127_task-rest_stream-lslhtcviveeye_feat-chunk_level-000_run-001_dat.csv,True,task-rest/sub-cp043/ses-20220127/level-000_run-001/sub-cp043_ses-20220127_task-rest_stream-lslshimmerecg_feat-chunk_level-000_run-001_dat.csv,True,task-rest/sub-cp043/ses-20220127/level-000_run-001/sub-cp043_ses-20220127_task-rest_stream-lslshimmereda_feat-chunk_level-000_run-001_dat.csv,True,task-rest/sub-cp043/ses-20220127/level-000_run-001/sub-cp043_ses-20220127_task-rest_stream-lslshimmeremg_feat-chunk_level-000_run-001_dat.csv,True,task-rest/sub-cp043/ses-20220127/level-000_run-001/sub-cp043_ses-20220127_task-rest_stream-lslrespitrace_feat-chunk_level-000_run-001_dat.csv;task-rest/sub-cp043/ses-20220127/level-000_run-001/sub-cp043_ses-20220127_task-rest_stream-lslshimmerresp_feat-chunk_level-000_run-001_dat.csv,True,task-rest/sub-cp043/ses-20220127/level-000_run-001/sub-cp043_ses-20220127_task-rest_stream-lslxp11xpcplt_feat-chunk_level-000_run-001_dat.csv,True,task-rest/sub-cp043/ses-20220127/level-000_run-001/sub-cp043_ses-20220127_task-rest_stream-lslxp11xpcac_feat-chunk_level-000_run-001_dat.csv,False,,True,task-rest/sub-cp043/ses-20220127/level-000_run-001/sub-cp043_ses-20220127_task-rest_stream-lslshimmertorsoacc_feat-chunk_level-000_run-001_dat.csv,False,,8,ecg;eda;emg;eye_tracking;head_movement;respiration;torso_body_accelerometer;xplane,control_input;performance,0,,0,
rest,sub-cp043,ses-20220127,level-000,run-002,sub-cp043_ses-20220127_level-000_run-002,task-rest/sub-cp043/ses-20220127/level-000_run-002,19,19,10,10,True,True,task-rest/sub-cp043/ses-20220127/level-000_run-002/sub-cp043_ses-20220127_ocuevts_level-000_run-002.csv;task-rest/sub-cp043/ses-20220127/level-000_run-002/sub-cp043_ses-20220127_task-rest_stream-lslhtcviveeye_feat-chunk_level-000_run-002_dat.csv,True,task-rest/sub-cp043/ses-20220127/level-000_run-002/sub-cp043_ses-20220127_task-rest_stream-lslshimmerecg_feat-chunk_level-000_run-002_dat.csv,True,task-rest/sub-cp043/ses-20220127/level-000_run-002/sub-cp043_ses-20220127_task-rest_stream-lslshimmereda_feat-chunk_level-000_run-002_dat.csv,True,task-rest/sub-cp043/ses-20220127/level-000_run-002/sub-cp043_ses-20220127_task-rest_stream-lslshimmeremg_feat-chunk_level-000_run-002_dat.csv,True,task-rest/sub-cp043/ses-20220127/level-000_run-002/sub-cp043_ses-20220127_task-rest_stream-lslrespitrace_feat-chunk_level-000_run-002_dat.csv;task-rest/sub-cp043/ses-20220127/level-000_run-002/sub-cp043_ses-20220127_task-rest_stream-lslshimmerresp_feat-chunk_level-000_run-002_dat.csv,True,task-rest/sub-cp043/ses-20220127/level-000_run-002/sub-cp043_ses-20220127_task-rest_stream-lslxp11xpcplt_feat-chunk_level-000_run-002_dat.csv,True,task-rest/sub-cp043/ses-20220127/level-000_run-002/sub-cp043_ses-20220127_task-rest_stream-lslxp11xpcac_feat-chunk_level-000_run-002_dat.csv,False,,True,task-rest/sub-cp043/ses-20220127/level-000_run-002/sub-cp043_ses-20220127_task-rest_stream-lslshimmertorsoacc_feat-chunk_level-000_run-002_dat.csv,False,,8,ecg;eda;emg;eye_tracking;head_movement;respiration;torso_body_accelerometer;xplane,control_input;performance,0,,0,
