subject_id,session_id,run_id,difficulty_level_raw,difficulty_level,run_key,target_class,target_score,outer_fold,performance_cumulative_cumulative_airspeed_error_kts,performance_cumulative_cumulative_glideslope_error_deg,performance_cumulative_cumulative_localizer_error_deg,performance_cumulative_cumulative_total_error,performance_perfmetric_airspeed_error_kts_iqr,performance_perfmetric_airspeed_error_kts_kurtosis,performance_perfmetric_airspeed_error_kts_max,performance_perfmetric_airspeed_error_kts_mean,performance_perfmetric_airspeed_error_kts_median,performance_perfmetric_airspeed_error_kts_min,performance_perfmetric_airspeed_error_kts_missing_ratio,performance_perfmetric_airspeed_error_kts_num_missing,performance_perfmetric_airspeed_error_kts_range,performance_perfmetric_airspeed_error_kts_rms,performance_perfmetric_airspeed_error_kts_skew,performance_perfmetric_airspeed_error_kts_slope,performance_perfmetric_airspeed_error_kts_std,performance_perfmetric_duration,performance_perfmetric_glideslope_error_deg_iqr,performance_perfmetric_glideslope_error_deg_kurtosis,performance_perfmetric_glideslope_error_deg_max,performance_perfmetric_glideslope_error_deg_mean,performance_perfmetric_glideslope_error_deg_median,performance_perfmetric_glideslope_error_deg_min,performance_perfmetric_glideslope_error_deg_missing_ratio,performance_perfmetric_glideslope_error_deg_num_missing,performance_perfmetric_glideslope_error_deg_range,performance_perfmetric_glideslope_error_deg_rms,performance_perfmetric_glideslope_error_deg_skew,performance_perfmetric_glideslope_error_deg_slope,performance_perfmetric_glideslope_error_deg_std,performance_perfmetric_localizer_error_deg_iqr,performance_perfmetric_localizer_error_deg_kurtosis,performance_perfmetric_localizer_error_deg_max,performance_perfmetric_localizer_error_deg_mean,performance_perfmetric_localizer_error_deg_median,performance_perfmetric_localizer_error_deg_min,performance_perfmetric_localizer_error_deg_missing_ratio,performance_perfmetric_localizer_error_deg_num_missing,performance_perfmetric_localizer_error_deg_range,performance_perfmetric_localizer_error_deg_rms,performance_perfmetric_localizer_error_deg_skew,performance_perfmetric_localizer_error_deg_slope,performance_perfmetric_localizer_error_deg_std,performance_perfmetric_sample_count,performance_perfmetric_sampling_rate_estimate,performance_perfmetric_total_error_iqr,performance_perfmetric_total_error_kurtosis,performance_perfmetric_total_error_max,performance_perfmetric_total_error_mean,performance_perfmetric_total_error_median,performance_perfmetric_total_error_min,performance_perfmetric_total_error_missing_ratio,performance_perfmetric_total_error_num_missing,performance_perfmetric_total_error_range,performance_perfmetric_total_error_rms,performance_perfmetric_total_error_skew,performance_perfmetric_total_error_slope,performance_perfmetric_total_error_std
sub-cp003,ses-20210206,run-001,level-01B,1,sub-cp003_ses-20210206_level-01B_run-001,0,1.0,4,629.8226,469.3623,525.3626,1624.5474,0.74215,-0.2491926235765378,1.217,-0.0441711633663366,-0.08285,-0.6242,0.0,0.0,1.8412,0.4661728109731348,0.6988412429613634,-0.0002330006715126,0.4642190771355723,358.7972491979599,0.537525,-0.8968727280787565,0.6665,-0.0073615717821782,-0.07365,-0.5702,0.0,0.0,1.2367,0.3444024216320061,0.3131139785848055,0.0019885882670364,0.3444303214445662,0.3879999999999999,-1.0477038026485808,0.7416,0.3224126856435644,0.349,-0.0479,0.0,0.0,0.7895000000000001,0.3823328180313741,-0.0384262560662045,0.0004484426799805,0.205559216585356,1616.0,4.501149336038953,0.5558749999999999,0.0079796321883329,2.1329,1.0052873762376238,0.9539,0.385,0.0,0.0,1.7478999999999998,1.0816997045182877,0.7874081540030423,0.001895220773069,0.3994624962634631
sub-cp003,ses-20210206,run-007,level-01B,1,sub-cp003_ses-20210206_level-01B_run-007,0,1.0,4,844.6968,527.0998,390.4452,1762.2418,0.3971,-0.2382888946196719,0.1375,-0.4937116002379536,-0.5035,-1.6672,0.0,0.0,1.8047,0.5704854817208352,0.1835357012321058,-0.0007854607871203,0.2859216205700471,373.1567569077015,0.5417000000000001,-0.8320864106579826,0.8323,0.086902736466389,0.0241,-0.5555,0.0,0.0,1.3878,0.3802783533651009,0.3380816704135828,0.0022055074302287,0.3703256992061275,0.3152,1.1576609177469015,1.0394,0.1467480071386079,0.0915,-0.4478,0.0,0.0,1.4872,0.3381064536204152,0.9630214645971876,-8.521887762001741e-05,0.3046903726148578,1681.0,4.502129383699033,0.4957999999999999,0.2122215059932877,2.2136,1.0483303390838787,1.007,0.1138,0.0,0.0,2.0998,1.149077785079408,0.4525464961962102,0.0023751412337931,0.4706538346461094
sub-cp003,ses-20210206,run-012,level-01B,1,sub-cp003_ses-20210206_level-01B_run-012,0,1.0,4,879.2509,529.471,170.3352,1579.0571,0.4085,0.4996974170386612,0.4163,-0.4576774116237267,-0.5253,-2.0467,0.0,0.0,2.463,0.5818060290358021,0.7839880326902094,-0.0007046972864593,0.3593146228759427,370.5137014389038,0.5671999999999999,-1.076802768561605,0.6969,0.0914973037747154,0.1264,-0.5613,0.0,0.0,1.2582,0.3667873976663843,-0.1947474278057617,0.0011975265645423,0.3552982897833057,0.1707,-0.6551619269963531,0.2556,-0.0073842420611144,-0.0171,-0.2505,0.0,0.0,0.5061,0.1243172290520712,0.0765224019250865,-5.6678065935067216e-05,0.1241349232488735,1669.0,4.501857808556768,0.4368000000000001,-0.5467090661363652,2.1876,0.9461105452366688,0.9599,0.3782,0.0,0.0,1.8094,0.9882903077035506,-0.0428501559545809,0.001252855152717,0.2857297410153898
sub-cp003,ses-20210206,run-003,level-02B,2,sub-cp003_ses-20210206_level-02B_run-003,1,2.0,4,532.2389,423.0488,311.9388,1267.2265,0.3692999999999999,27.41988635354396,0.1011,-0.2905031093836757,-0.2716,-3.0,0.0,0.0,3.1011,0.4013289067714006,-3.3013144419204377,-0.0006126997845263,0.2769755058991753,393.83072443306446,0.331,0.1092096655733749,0.8431,0.0614077734591893,0.0027,-0.5165,0.0,0.0,1.3596,0.3144055429029625,0.7707627268605667,-0.0006073675443792,0.3084359786903124,0.2627,0.6802337856909304,0.7524,0.1240119933370349,0.0788,-0.2499,0.0,0.0,1.0023,0.2437587126306311,0.9071287988880788,0.0005250986963947,0.209913796091189,1801.0,4.570491554693134,0.4935,4.440777679965569,3.1888,0.7036240421987785,0.7123,0.0338,0.0,0.0,3.155,0.8027156020424384,1.145982562365342,0.0017451660253003,0.3864562980532015
sub-cp003,ses-20210206,run-008,level-02B,2,sub-cp003_ses-20210206_level-02B_run-008,1,2.0,4,730.6059,436.4551,256.7291,1423.7901,0.3802,2.975174381556858,0.2202,-0.3935463601532566,-0.3777,-2.2212,0.0,0.0,2.4414,0.4695020107817205,-0.6683894298202921,-0.0010774064907386,0.2561040814561469,401.70539505779743,0.4091,-0.6453732157039509,0.6181,-0.0954687465790913,-0.1014,-0.6809,0.0,0.0,1.299,0.2897507509743547,0.0260585066340062,0.0017975860142383,0.2736461264919474,0.24885,-0.6999718253890781,0.4227,0.0557200875752599,-0.0038,-0.2631,0.0,0.0,0.6858,0.1793216204109198,0.4956531723495818,5.451756503506513e-05,0.1704917162451214,1827.0,4.545619806120042,0.5786500000000001,0.2440818305874814,2.4094,0.7793064039408867,0.7698,0.1025,0.0,0.0,2.3069,0.86230404083457,0.4863511840272466,0.0024117176715055,0.3692213484462299
sub-cp003,ses-20210206,run-010,level-02B,2,sub-cp003_ses-20210206_level-02B_run-010,1,2.0,4,431.2224,535.9633,247.2404,1214.4261,0.38255,0.7056537069729125,0.2054,-0.2125507945516458,-0.10545,-1.4514,0.0,0.0,1.6568,0.3488786842069662,-1.0422815347097638,0.0004061396145037,0.2767344559615721,391.24476984143257,0.46295,-0.1580817766485642,0.9346,0.1408488649262202,0.1735499999999999,-0.7261,0.0,0.0,1.6606999999999998,0.3665856977526834,-0.079331011212601,-0.0006676127583912,0.338543523676749,0.190325,0.1832438519761758,0.3843,-0.006422133938706,-0.026,-0.4704,0.0,0.0,0.8547,0.1821774345257866,0.0419050986744451,3.1438119939558725e-05,0.1821158886157415,1762.0,4.501018635249015,0.328425,-0.0481684049628561,1.6392,0.6892337116912599,0.6628000000000001,0.0902,0.0,0.0,1.549,0.7505524774885798,0.4525990721959977,0.0002929112638271,0.2972138053613969
sub-cp003,ses-20210206,run-002,level-03B,3,sub-cp003_ses-20210206_level-03B_run-002,2,3.0,4,588.0965,602.7464,321.2262,1512.0691,0.430475,2.996108717873332,1.0669,-0.1724100758396533,-0.1840999999999999,-2.5517,0.0,0.0,3.6186,0.4160758523489544,-0.1818689801258446,-0.001061496375851,0.3787764524325563,400.6608121097088,0.448575,3.455829944509178,1.7892,0.1026886240520043,0.08595,-0.7162,0.0,0.0,2.5054,0.4780785559687233,1.4394590437385013,0.0015287245008435,0.4670463756625985,0.320975,-1.1433916775163913,0.3139,-0.0068649512459371,-0.0183499999999999,-0.412,0.0,0.0,0.7259,0.1968385856003554,-0.2825388444990104,0.0002880241753426,0.1967721421201448,1846.0,4.604892578051289,0.59295,1.0972877735451547,2.8231,0.8191059046587216,0.7127,0.1162,0.0,0.0,2.7069,0.9298041348721524,1.0202288307768577,0.0023910499131561,0.4401206415328955
sub-cp003,ses-20210206,run-005,level-03B,3,sub-cp003_ses-20210206_level-03B_run-005,2,3.0,4,539.1892,537.2284,474.8505,1551.268,0.4115,0.8104758107251469,0.5264,-0.2159065591397849,-0.18525,-1.8381,0.0,0.0,2.3645,0.3758648912912409,-0.492655966156576,-0.0015026479805456,0.3077494003500305,406.8151742219925,0.513775,0.1032383599407729,1.2594,0.0541834946236559,0.0308999999999999,-0.6591,0.0,0.0,1.9185,0.3594969437185951,0.3685964150229613,0.0033356671186004,0.3554857836681347,0.318225,-0.0507172522601266,0.3651,-0.1885252688172043,-0.1648,-0.9223,0.0,0.0,1.2874,0.3212200461245501,-0.3180677877407564,0.0001088946598039,0.2601478935029275,1860.0,4.569642721796738,0.453,1.2058107347702671,2.123,0.834015752688172,0.76735,0.0634,0.0,0.0,2.0596,0.9067437262487114,0.8475806205391746,0.0044673849825677,0.3559073074778162
sub-cp003,ses-20210206,run-011,level-03B,3,sub-cp003_ses-20210206_level-03B_run-011,2,3.0,4,652.2495,699.2191,387.0505,1738.5191,0.437325,2.151844294972731,1.0238,-0.2595006543075245,-0.198,-2.6803,0.0,0.0,3.7041,0.4821088351516675,-0.8637818500849287,-0.0007639981512408,0.4064214609315512,413.7444566935301,0.557725,-0.22327157532921,0.6831,-0.1951347873500545,-0.20065,-1.254,0.0,0.0,1.9371,0.4824132924955996,-0.4038280141851868,0.0017682412130585,0.4413062302406244,0.25355,1.7197743933386294,0.5302,-0.1285913849509269,-0.08585,-1.0676,0.0,0.0,1.5978,0.294401432905544,-0.8248554670151143,-0.0005452641028786,0.2649051200350342,1834.0,4.430270835888793,0.592475,0.1627359276617852,2.9524,0.9479377317339148,0.8351,0.0599,0.0,0.0,2.8925,1.0703884604833322,0.8576544249145562,0.0017278781345209,0.4972729072142363
sub-cp003,ses-20210206,run-004,level-04B,4,sub-cp003_ses-20210206_level-04B_run-004,3,4.0,4,613.758,759.4882,555.4108,1928.657,0.54095,0.8909522397078322,1.4275,0.017563453815261,-0.0062,-2.2314,0.0,0.0,3.6589,0.4639699920250372,-0.0558141903366347,0.0001698486513091,0.4637705001376629,385.0486859679222,0.2675999999999999,-0.0494190899585533,0.0209,-0.4355825014343086,-0.415,-0.9618,0.0,0.0,0.9827,0.4814789167202728,-0.3906220767613105,-0.0004817572602116,0.2052169424697494,0.55945,-0.7658184978586715,0.7093,-0.049695238095238,-0.0582,-0.8522,0.0,0.0,1.5615,0.390464879720179,-0.0392277779598673,0.0011666057212241,0.3874007093787245,1743.0,4.524103219885091,0.55,-0.2627607840268879,2.597,1.1065169248422262,1.0852,0.0401,0.0,0.0,2.5569,1.1778497124106355,0.1817618843052609,0.0011679042583136,0.4037868027897711
sub-cp003,ses-20210206,run-006,level-04B,4,sub-cp003_ses-20210206_level-04B_run-006,3,4.0,4,728.5196,844.3307,588.5939,2161.4441,0.688375,-0.272127574080895,1.3381,-0.1728679012345679,-0.1517,-1.4205,0.0,0.0,2.7586000000000004,0.5080992992418029,0.0826073306608659,0.0002474510168069,0.4779223395972442,393.61325427889824,0.275875,3.826342635876337,0.9603,-0.4348398428731762,-0.45185,-1.6113,0.0,0.0,2.5716,0.5466960769579083,0.0230082423890453,-0.0025908680383954,0.3314401262162296,0.498925,0.1297258092545066,1.2618,0.0348716610549943,-0.0771999999999999,-0.6539,0.0,0.0,1.9157,0.4200891524680497,0.8418966745962201,0.0014496463058525,0.4187568125160115,1782.0,4.524746005473831,0.65805,-0.5322423649570318,2.4895,1.2129317059483726,1.1458,0.2608,0.0,0.0,2.2287,1.295075915244273,0.4061758988221276,0.003651807921543,0.4540197997712063
sub-cp003,ses-20210206,run-009,level-04B,4,sub-cp003_ses-20210206_level-04B_run-009,3,4.0,4,762.7129,1423.3916,569.6719,2755.7764,0.74925,-0.0851435635931943,1.3442,-0.1392281267685342,-0.0929,-1.8273,0.0,0.0,3.1715,0.54304140682329,-0.1678085535435702,-0.0011835304205134,0.525038575615679,394.83564756810665,0.54565,4.790992671463639,0.1191,-0.8044767402376911,-0.7158,-3.0,0.0,0.0,3.1191,0.9545011757571534,-1.7563220098868788,-0.0041804735974739,0.513847347795951,0.3528,4.578525950084105,1.9887,-0.0878159592529711,-0.1094,-1.1088,0.0,0.0,3.0975,0.478349669860185,1.3705761081583512,-0.0017164103701733,0.4703530227115837,1767.0,4.472747105985095,1.0740499999999995,1.0185845845863266,4.584,1.559580701754386,1.401,0.1833,0.0,0.0,4.4007,1.7529071028856364,0.9282166270532538,0.0059001764768419,0.8004710916507083
sub-cp004,ses-20210330,run-001,level-01B,1,sub-cp004_ses-20210330_level-01B_run-001,0,1.0,1,1043.2834,538.5233,431.9424,2013.749,0.2762,2.4314126677550547,-0.0022,-0.5722894130554032,-0.5128,-1.7725,0.0,0.0,1.7703,0.6385876777742868,-1.0966059630285905,-0.0036970818341107,0.2834133215981829,369.128967449069,0.33735,1.0731477688545308,0.5332,-0.0862826659352715,-0.0238,-1.4319,0.0,0.0,1.9651,0.4232886328343581,-1.1321936802345187,-0.0034668100118058,0.4145151638089685,0.2623999999999999,-0.2245297070338696,0.5918,-0.0465315962698848,-0.1079,-0.4582,0.0,0.0,1.05,0.2948015452015287,0.7300086299402979,-5.147252498578707e-06,0.291185975706059,1823.0,4.935944238110742,0.5868500000000001,4.624669229056554,3.1931,1.1046353263850797,1.0297,0.1837,0.0,0.0,3.0094,1.1878545177030928,1.5555898546966993,0.0071690390984151,0.4369025744655583
sub-cp004,ses-20210330,run-007,level-01B,1,sub-cp004_ses-20210330_level-01B_run-007,0,1.0,1,1047.5136,1001.7485,248.7387,2298.0008,0.67225,-0.7839454903665253,0.2702,-0.5584093732667776,-0.5272,-1.6732,0.0,0.0,1.9434,0.7030939248021794,-0.1641636939404415,-0.0025181068515095,0.4273421655085384,366.1480844020844,0.7885500000000001,1.256536651775745,1.3385,0.2516291181364393,0.346,-1.7915,0.0,0.0,3.13,0.6813774461736957,-1.0300773801683942,-0.0045355965816724,0.633388126096795,0.13755,0.4276037175387359,0.1443,-0.111751136993899,-0.0933,-0.464,0.0,0.0,0.6083000000000001,0.1810829406588885,-0.6951216739966625,-0.0002283229205924,0.1425271256484142,1803.0,4.921506015640217,0.97435,-0.3778019299294559,3.2131,1.2745435940099834,1.188,0.1026,0.0,0.0,3.1105,1.4326562070711368,0.4778619992949243,0.0072820263537744,0.6544310292534065
sub-cp004,ses-20210330,run-012,level-01B,1,sub-cp004_ses-20210330_level-01B_run-012,0,1.0,1,1055.6408,682.7398,385.7196,2124.1002,0.0917999999999999,4.449118852134432,-0.3394,-0.5339619119878604,-0.5293,-1.0005,0.0,0.0,0.6611,0.5396956231337642,-1.0888430410043897,-0.0016120463486454,0.0784803005981117,367.6693294197321,0.3061,0.7605034181485779,0.1848,-0.3061040971168437,-0.0958,-1.6784,0.0,0.0,1.8632,0.5992238096332293,-1.4806717649444852,-0.0029077758585065,0.5152705619797445,0.264,-1.4307275587341903,-0.0,-0.1951023267577137,-0.1894,-0.4094,0.0,0.0,0.4094,0.2363516948256132,-0.0161722680992151,-0.0008866662892836,0.1334399206524541,1977.0,5.374394440565898,0.4231000000000001,0.6143427474268757,2.6533,1.074404957005564,0.8519,0.5246,0.0,0.0,2.1287000000000003,1.2204777307221422,1.4079921032933267,0.0054064884964356,0.5791282459339845
sub-cp004,ses-20210330,run-003,level-02B,2,sub-cp004_ses-20210330_level-02B_run-003,1,2.0,1,777.873,1077.0283,817.9978,2672.8991,0.5882499999999999,-0.1966497609216553,1.0987,-0.1396502475247524,-0.16645,-1.158,0.0,0.0,2.2567,0.4756922646611103,0.2910622563580068,-0.0004917388093637,0.4548443212000374,396.5519830584526,0.78315,2.3897122555181145,2.5861,0.270744306930693,0.2051,-1.6231,0.0,0.0,4.2092,0.7451950251577113,0.8609587322321676,0.0060135873778961,0.694443578947221,0.637225,-0.6274599484622709,0.125,-0.3900592574257425,-0.23515,-1.2692,0.0,0.0,1.3942,0.5630013048496213,-0.8541003348578138,9.708689313079295e-05,0.4060860518829368,2020.0,5.091387980027816,0.8720749999999999,-0.2905690365246274,2.8606,1.3232193564356436,1.2184,0.0923,0.0,0.0,2.7683,1.4555985964458908,0.396990525776806,0.006077891683736,0.6066630092171713
sub-cp004,ses-20210330,run-008,level-02B,2,sub-cp004_ses-20210330_level-02B_run-008,1,2.0,1,289.6599,711.3373,242.2474,1243.2447,0.1956999999999999,0.9512201195971168,0.495,-0.0874866461222393,-0.0828,-0.6065,0.0,0.0,1.1015,0.1904759948585649,0.0630788084434891,0.0004821266281726,0.1692391862263969,385.1685203611851,0.59585,-0.5246607908566814,0.6421,-0.2164170005136106,-0.1701,-1.2103,0.0,0.0,1.8524,0.4687249241722894,-0.1992551764060448,-0.0015806068456194,0.4158792712513679,0.1277,-0.2463614850861635,0.1809,-0.088248844375963,-0.103,-0.2832,0.0,0.0,0.4641,0.1426699875470914,0.518532667164154,9.891774115982376e-05,0.1121308370022914,1947.0,5.052333971050314,0.5821999999999999,0.2099728948674863,1.9489,0.6385425269645608,0.54,0.0495,0.0,0.0,1.8994,0.7431048577693948,0.8170546379685726,0.0011973979586065,0.3801874662258271
sub-cp004,ses-20210330,run-010,level-02B,2,sub-cp004_ses-20210330_level-02B_run-010,1,2.0,1,360.8895,584.109,1004.5019,1949.5005,0.2392,0.158924572675311,0.5496,-0.0494200286123032,-0.0259,-0.6085,0.0,0.0,1.1581,0.2311858094543983,0.0449291548397212,-0.0009132111677774,0.2258957137525921,385.23400984704494,0.3390999999999999,3.5234996885724703,0.6446,-0.1447600381497377,-0.0838,-1.7054,0.0,0.0,2.35,0.4268371589800061,-1.599139078397637,-0.0018334310625389,0.4016359253028688,0.6655,0.8625278174011215,0.2533,-0.412015212207916,-0.1667,-2.2535,0.0,0.0,2.5068,0.7317989654684908,-1.2877526403133577,-0.0011377500137488,0.604936113056676,2097.0,5.440848799492561,0.7641000000000001,1.6138123831542377,3.5873,0.9296608011444922,0.5836,0.0439,0.0,0.0,3.5434,1.2445110918871851,1.629280668273074,0.0034353145521223,0.827565855696236
sub-cp004,ses-20210330,run-002,level-03B,3,sub-cp004_ses-20210330_level-03B_run-002,2,3.0,1,933.2862,917.1242,1203.5185,3053.9289,0.68485,0.1410544765377661,0.925,-0.243551782273603,-0.1865,-1.9089,0.0,0.0,2.8339,0.5858751021611773,-0.4414734155960925,-0.0003089761162752,0.5329812374388823,397.1180733293295,0.585125,1.0195524379760563,1.7147,0.2658242774566474,0.26055,-1.3744,0.0,0.0,3.0891,0.5614275325338887,-0.0299701312312664,-0.0032083656866037,0.4946273118199933,0.3885,-0.4091939407289402,0.1816,-0.5693287572254335,-0.58735,-1.1315,0.0,0.0,1.3131,0.6509028541306408,0.2747359709429764,-0.0007808760689237,0.3155744958873437,2076.0,5.225146220628456,0.7535500000000002,0.1952861218945631,3.3027,1.4710633911368016,1.43115,0.3056,0.0,0.0,2.9971,1.578897695251751,0.6196544372987759,0.003383628422486,0.5736278695644703
sub-cp004,ses-20210330,run-005,level-03B,3,sub-cp004_ses-20210330_level-03B_run-005,2,3.0,1,890.1639,1080.7455,693.7519,2664.6613,0.7108,1.0854993197790537,1.0343,-0.1976159213759213,-0.1704,-3.0,0.0,0.0,4.0343,0.5577236711457255,-0.465604880294707,-1.7744421524537113e-05,0.5216678727045289,400.12575164437294,0.63815,1.2766139878842395,1.3325,0.0063314987714987,0.1797,-2.3553,0.0,0.0,3.6878,0.7222673038639906,-1.1916360546069136,0.0001327082792891,0.7224170717807408,0.6163000000000001,-0.6231423123319262,0.6897,-0.0094783292383292,-0.0553,-0.9454,0.0,0.0,1.6351,0.40771264227789,-0.1416453978483649,-0.0003696337948562,0.4077026382622242,2035.0,5.083401884634997,0.9906,0.0364111110800351,3.4277,1.309415331695332,1.0908,0.1117,0.0,0.0,3.3160000000000003,1.500949275589249,0.9661776024629009,-0.0004845976526208,0.7338561563556357
sub-cp004,ses-20210330,run-011,level-03B,3,sub-cp004_ses-20210330_level-03B_run-011,2,3.0,1,741.7871,617.4196,417.2222,1776.4288,0.4690749999999999,3.611873902376381,0.5194,-0.2446413452914798,-0.22775,-2.8323,0.0,0.0,3.3517,0.428886766171806,-0.8007919861243568,-0.0004341107591711,0.3523494615877626,399.4372319430113,0.466725,1.817651141623572,1.2993,-0.071017130044843,-0.05915,-1.045,0.0,0.0,2.3443,0.3670093970278233,0.2599829301794464,-0.0016688479357755,0.3601536213189305,0.34595,-0.354047028149381,0.1816,-0.1349908520179372,-0.0831,-0.7235,0.0,0.0,0.9051,0.2526869292706199,-0.68462725970377,-0.0002025349505014,0.2136553868518473,2230.0,5.58035110837644,0.489125,2.45631406962044,3.1024,0.796604394618834,0.7866,0.0491,0.0,0.0,3.0533,0.8724903713963681,0.8174972994614528,0.0019004237444452,0.3559743119086912
sub-cp004,ses-20210330,run-004,level-04B,4,sub-cp004_ses-20210330_level-04B_run-004,3,4.0,1,2744.7328,1491.7012,1000.665,5237.099,0.6342750000000001,0.513370516749371,2.6818,1.653453192771084,1.685,0.0077,0.0,0.0,2.6741,1.7260710450396,-0.5707560210039172,0.0010500973095794,0.4955418454445044,333.2072149962187,1.6189749999999998,0.2010602295017798,3.0,-0.1750399999999999,-0.24615,-2.0975,0.0,0.0,5.0975,1.1005454944259254,0.3399859723962972,0.0096975691238758,1.0868638341294263,0.925,1.0945901750498068,2.9838,0.1084289156626506,-0.0966,-1.2681,0.0,0.0,4.2519,0.8048284071700947,0.8267283548347992,0.0093305302528796,0.7977313418983392,1660.0,4.978883785631193,1.2251749999999997,0.6407786155178128,6.86,3.154877771084337,3.05445,0.484,0.0,0.0,6.376,3.3744553739941967,0.5772695490019129,0.0179383870786466,1.1977309852692266
sub-cp004,ses-20210330,run-006,level-04B,4,sub-cp004_ses-20210330_level-04B_run-006,3,4.0,1,2687.5941,990.4776,736.9697,4415.0413,0.7638000000000003,-0.1632051741315527,3.0,1.6703515848353014,1.6891,0.0678,0.0,0.0,2.9322,1.7632470601869503,-0.0429846684173056,0.0041673906301604,0.5649461391128751,327.807043120265,0.8147,0.5614291296319518,1.9834,0.4168425108763207,0.4069,-1.9076,0.0,0.0,3.891,0.7752749743507577,-0.3173435698653536,0.0026234945772183,0.6538802159692402,0.8856,-0.4006721022014545,1.4516,-0.0837251709136109,-0.0715,-0.8937,0.0,0.0,2.3453,0.5562587031881763,0.348200412563373,-0.0007876584881834,0.5500926366867008,1609.0,4.905324744380374,1.1474000000000002,0.0509892135698675,5.3568,2.743966625233065,2.6514,0.4533,0.0,0.0,4.9035,2.8709429950673075,0.2444189336462134,0.0061673476590259,0.8446325971334563
sub-cp004,ses-20210330,run-009,level-04B,4,sub-cp004_ses-20210330_level-04B_run-009,3,4.0,1,2088.0133,1100.8478,1147.565,4336.426,0.5303,8.647886209036372,2.9626,1.1408400557103064,1.1391,-2.8362,0.0,0.0,5.7988,1.24144587226589,-0.8353960381328939,0.0017937820725002,0.4896993132379574,339.5061247050762,1.0443,0.1998502423964896,1.9993,0.0987079665738161,0.0492,-2.352,0.0,0.0,4.3513,0.7753533331456413,-0.3079045991064336,0.0018423820793906,0.7692588637241067,1.04805,-0.5501501503756723,1.5939,-0.08332713091922,-0.1905,-1.1815,0.0,0.0,2.7754000000000003,0.7606432337997546,0.5691941668271873,0.0029363240526691,0.7562759782942239,1795.0,5.284146203719949,1.11645,0.241788154095671,4.7596,2.415835264623955,2.5048,0.2676,0.0,0.0,4.492,2.525085955026676,-0.1371892203306669,0.0044723788159021,0.7349149241966686
sub-cp005,ses-20210226,run-001,level-01B,1,sub-cp005_ses-20210226_level-01B_run-001,0,1.0,5,496.9955,540.9869,440.0016,1477.984,0.44915,-0.6174467038500766,0.4478,-0.2031509891512444,-0.1942,-1.0147,0.0,0.0,1.4625,0.3751856710654263,0.2405642318259987,0.0012444324060104,0.3155273319389141,365.86961075663567,0.3880499999999999,-0.7356238419477368,0.0433,-0.3417417358008934,-0.3135,-0.9856,0.0,0.0,1.0289,0.4297581860177489,-0.4309445035302395,-0.0020469040827174,0.2606684605557995,0.5823,-1.2328080221667868,0.6559,0.0734029993618379,-0.069,-0.3651,0.0,0.0,1.021,0.3375777844704302,0.515068309678405,-0.0005810813299315,0.3296059620820598,1567.0,4.280213370991479,0.4623,-0.4213387496793355,1.8411,0.9431937460114868,0.8976,0.2736,0.0,0.0,1.5675,1.0074614677992362,0.3987431071949082,0.0013835530066384,0.3541810558615932
sub-cp005,ses-20210226,run-007,level-01B,1,sub-cp005_ses-20210226_level-01B_run-007,0,1.0,5,1281.3858,338.6921,431.474,2051.552,0.5297,1.805340156114384,-0.0963,-0.7360058587018954,-0.7472,-2.9778,0.0,0.0,2.8815,0.8148451089851312,-0.583127223636343,-0.0006064517669758,0.3497687757896351,379.9147970974445,0.3562999999999999,-0.7257801327096898,0.4293,-0.0006553130384836,-0.049,-0.5971,0.0,0.0,1.0264,0.2335650630160441,0.2218692759057498,0.0004540491744936,0.2336312502018797,0.4538,-0.476005788710184,0.7414,0.0570615738081562,-0.047,-0.6097,0.0,0.0,1.3511,0.3223167748750934,0.476018784302409,-0.0004366768582521,0.3173167418987624,1741.0,4.579974281848534,0.5821,0.4401194614648904,3.1183,1.1783761631246408,1.201,0.4066,0.0,0.0,2.7117,1.232747454910207,-0.1131121069312613,0.0008086023559677,0.3621757145942031
sub-cp005,ses-20210226,run-012,level-01B,1,sub-cp005_ses-20210226_level-01B_run-012,0,1.0,5,1309.0901,357.8322,259.821,1926.7433,0.3561,19.937429185053865,-0.3019,-0.6555290936404606,-0.6979,-2.9613,0.0,0.0,2.6594,0.6883588168979909,-2.11097813364744,-0.0008158057388844,0.2100989579557641,375.7021866738796,0.2812,0.7662100580824571,0.2584,-0.0881118678017025,-0.0904,-0.7073,0.0,0.0,0.9657,0.2281609119736089,-0.7715721224597694,-0.0002475364884706,0.2105134003759433,0.2618,-1.275488925760108,0.244,0.0024962944416624,-0.0053,-0.2628,0.0,0.0,0.5067999999999999,0.1482872703465143,-0.1035893640242866,0.0002478026567378,0.1483033935193262,1997.0,5.312718612768112,0.361,9.429826027776013,3.1031,0.9648213820731096,0.9444,0.482,0.0,0.0,2.6211,0.9915434753303586,1.2016202155872402,0.0012674932882766,0.2287014552418769
sub-cp005,ses-20210226,run-003,level-02B,2,sub-cp005_ses-20210226_level-02B_run-003,1,2.0,5,3456.1238,4368.3966,1567.6302,9392.1507,1.0566,-0.3158043185411143,0.601,-1.4350562132661628,-1.21155,-3.0,0.0,0.0,3.601,1.6287734639746383,-0.4394745337309959,-0.0059202604184992,0.7705620894688525,456.3988421112299,2.491675,-1.6962900527252855,-0.0984,-1.8339194794290512,-1.98655,-3.0,0.0,0.0,2.9016,2.1489296376936555,0.1832400151051414,-0.0059036083166559,1.1203414069474638,0.99065,-7.673505028460426e-05,1.5418,-0.357367464315701,-0.29395,-2.2534,0.0,0.0,3.7952,0.8472206509114462,-0.0941919309177927,-0.0002719112945728,0.7683222968130808,2382.0,5.216928222223056,3.3948000000000005,-1.1874176354069252,7.3693,3.9429694374475233,3.827,0.4,0.0,0.0,6.9693,4.350235891336087,0.0492268498510446,0.0117167256061897,1.838195546145568
sub-cp005,ses-20210226,run-008,level-02B,2,sub-cp005_ses-20210226_level-02B_run-008,1,2.0,5,1256.3178,435.3001,500.2432,2191.8611,0.2877499999999999,20.13287684694481,-0.0895,-0.6345032828282828,-0.70775,-3.0,0.0,0.0,2.9105,0.6841317250111024,-2.0070916826769194,-0.0012491710455331,0.2558805763684272,408.4308564662933,0.255525,1.0620344661032428,0.8037,-0.0315781818181818,-0.1054499999999999,-0.65,0.0,0.0,1.4537,0.2819836322529835,1.0235214886974413,-0.0006307065098575,0.2802806855222707,0.4324,-0.687962464783674,0.6468,-0.0478888888888888,-0.02285,-0.6717,0.0,0.0,1.3185,0.3079548093405257,0.1854995926052805,-7.590023992851347e-06,0.3042853616784108,1980.0,4.845373381242857,0.285,6.541176249089606,3.1877,1.1070015656565655,1.03945,0.4,0.0,0.0,2.7877,1.1535755697203178,2.034516187115852,0.0018722875313978,0.3245571280389052
sub-cp005,ses-20210226,run-010,level-02B,2,sub-cp005_ses-20210226_level-02B_run-010,1,2.0,5,926.8095,551.6613,639.7086,2118.1795,0.7695500000000001,0.6962269973063324,0.4256,-0.3191061589092619,-0.3276,-2.8391,0.0,0.0,3.2647000000000004,0.5281715435509748,-0.2356216375074971,0.0002412775510575,0.420974771071052,398.7109433859586,0.51665,-0.7545055385918169,0.7636,0.0416862247296661,-0.0922,-0.3253,0.0,0.0,1.0889,0.3075261095095656,0.662291875542683,0.0009623513133136,0.3047593033919454,0.4752,-0.029456747193242,1.0042,0.1081241654913023,0.1206,-0.6427,0.0,0.0,1.6469,0.3744284140898712,0.1364465579295775,0.0005821259833726,0.3585613573555594,2127.0,5.332183716718298,0.4859,0.9724606077526206,3.0265,0.9958530794546308,0.9706,0.3235,0.0,0.0,2.703,1.0547222529843066,0.600702782712531,0.000781518554153,0.3475233168252454
sub-cp005,ses-20210226,run-002,level-03B,3,sub-cp005_ses-20210226_level-03B_run-002,2,3.0,5,1000.4563,2289.764,807.4494,4097.6697,1.2887,0.6114263041914234,3.0,-0.0946717879604671,-0.2932,-2.8552,0.0,0.0,5.8552,1.1624872505459751,0.6362005646029841,0.0130627964124406,1.1591466977717548,195.6778563559056,1.8793,-1.3620625686493932,-0.0865,-2.057291554357592,-1.997,-3.0,0.0,0.0,2.9135,2.272750459822534,0.3579402751168051,-0.0148892677702929,0.966325562794394,1.2717999999999998,-0.1554837982085035,2.3472,0.0555403414195866,-0.1043,-1.4936,0.0,0.0,3.8408,0.951735092647539,0.646629231095087,-0.006804040195424,0.950540241693081,1113.0,5.682809596899184,2.1374000000000004,-0.3455512365179767,7.1642,3.681645462713387,4.0341,0.7748,0.0,0.0,6.3894,3.954743033569102,-0.058430348888428,0.0227302162995397,1.4447680019069362
sub-cp005,ses-20210226,run-005,level-03B,3,sub-cp005_ses-20210226_level-03B_run-005,2,3.0,5,1877.3681,898.0446,1751.8488,4527.2614,0.623725,0.2285039362420797,0.2389,-0.795681619537275,-0.7436,-3.0,0.0,0.0,3.2389,0.9242481498343132,-0.2787768045511719,-0.0003244972449402,0.4703404983335867,441.6062146425247,0.3678,0.5516903993762385,0.8682,-0.2308726221079691,-0.1815999999999999,-1.4862,0.0,0.0,2.3544,0.5178468139937681,-0.1283617012601054,0.000336045995458,0.463632669783518,1.032175,-0.6225807518077722,1.23,-0.5391393744644387,-0.53425,-2.1404,0.0,0.0,3.3704,0.9107785564553472,0.2029612890165122,-0.0001773072873609,0.7342188236014997,2334.0,5.28298724665489,0.8730500000000001,0.005541266232691,3.8198,1.9397016709511563,1.84595,0.1714,0.0,0.0,3.6484,2.040565686390805,0.1962656581832186,4.12131881222113e-05,0.6337490272317096
sub-cp005,ses-20210226,run-011,level-03B,3,sub-cp005_ses-20210226_level-03B_run-011,2,3.0,5,1600.2363,787.7469,765.8055,3153.7887,1.41005,-0.7656264024596213,2.2483,-0.0039350728725905,0.0721,-2.7472,0.0,0.0,4.9955,0.87502174733133,0.0965477454032571,0.0009398473122244,0.8752186634032177,395.0641717761755,0.44155,2.6128156582400983,2.2807,0.2018281147155618,0.0761,-0.8601,0.0,0.0,3.1408,0.5625067780775346,1.478862023280119,0.0004280317277057,0.5251751687785429,0.66235,-0.2826689818582046,0.9657,-0.1982315467795016,-0.1889,-0.8001,0.0,0.0,1.7658,0.4360309678587392,0.4259687727226257,-0.0001554177887707,0.388456178920227,2127.0,5.381404217045756,0.92485,0.8643135691027668,4.0638,1.4827398213446168,1.326,0.2472,0.0,0.0,3.8166,1.6265947991554006,0.9460906225732664,0.0005847151336489,0.6689571397164236
sub-cp005,ses-20210226,run-004,level-04B,4,sub-cp005_ses-20210226_level-04B_run-004,3,4.0,5,5546.0368,6334.6063,4236.618,16117.2611,1.0768750000000002,0.2789809741170952,0.6204,-1.9393538407329105,-2.01735,-3.0,0.0,0.0,3.6204,2.0900608227153947,0.7140727061162434,-0.0049514654091421,0.7794068087093595,540.5066538602114,2.199925,-0.6970019018502551,1.2,-2.207336645525017,-3.0,-3.0,0.0,0.0,4.2,2.53979308815666,1.0762451442827887,-4.865805039062818e-05,1.2564912099633423,3.3352250000000003,-1.2800174484496156,3.0,-0.8292559196617336,-0.34465,-3.0,0.0,0.0,6.0,1.866041530225527,-0.0031237345374231,0.0045683063887657,1.6719541298876,2838.0,5.2487790478407685,2.6804,-0.4568022304771353,9.0,5.679091649048626,5.944050000000001,0.4147,0.0,0.0,8.5853,6.070108380143166,-0.6535513296137173,0.0082430067570496,2.1437707787279665
sub-cp005,ses-20210226,run-006,level-04B,4,sub-cp005_ses-20210226_level-04B_run-006,3,4.0,5,1521.4024,1023.5386,1154.9914,3699.9324,0.5888,1.5212611241620664,0.6491,-0.7431303759398497,-0.7565,-3.0,0.0,0.0,3.6491,0.8854749184041336,-0.4766751263635699,-0.0041254791191336,0.4816008054364112,415.3941761702299,0.7683,0.0684747982014921,1.3831,-0.0486323308270676,-0.0972,-2.1346,0.0,0.0,3.5177,0.6432391118725653,0.1275118457219708,-0.0037845980762035,0.6415588563106762,0.92975,-0.3934532843191651,1.263,-0.0906581453634085,-0.0422,-1.9199,0.0,0.0,3.1829,0.725096306682714,-0.428588259772639,-0.0002241244710225,0.7195868996695932,1995.0,4.800259884199368,0.7804500000000001,0.9059821156519146,4.2768,1.8546036090225564,1.8544,0.3667,0.0,0.0,3.9101,1.95362234304076,0.1710388319095489,0.0070123756352479,0.6142270124436517
sub-cp005,ses-20210226,run-009,level-04B,4,sub-cp005_ses-20210226_level-04B_run-009,3,4.0,5,1558.5697,1111.489,1048.3721,3718.4308,1.1861000000000002,0.3365645106098509,2.0801,0.737481211441391,0.7265,-3.0,0.0,0.0,5.0801,1.0511873779259988,-0.4429289694715626,0.0001668602454108,0.7492871588367398,361.3802667707205,1.10955,-0.6412052962033501,0.7875,-0.4674210880538418,-0.4461,-2.4402,0.0,0.0,3.2277,0.7780924130184405,-0.2095641893449164,-0.0061123979450749,0.6222238107605484,0.76155,3.69461135042466,3.0,-0.1092058889512058,-0.1411,-1.9623,0.0,0.0,4.9623,0.8664918843648906,1.3352392513687874,0.0086479542115751,0.8598237586842135,1783.0,4.931093819604153,1.1423000000000003,0.5647945972469568,5.7335,2.085490241166573,2.0284,0.2187,0.0,0.0,5.5148,2.2786229104619053,0.5471193397576883,0.0142343134725273,0.918327721166312
sub-cp006,ses-20210324,run-001,level-01B,1,sub-cp006_ses-20210324_level-01B_run-001,0,1.0,4,373.6046,203.456,199.4047,776.4653,0.0896,4.122135234595812,0.8495,-0.0747465018411362,-0.1414,-0.6129,0.0,0.0,1.4624,0.2423538711440267,1.846765358507459,0.0005527828004571,0.2305999395960541,357.2831857949496,0.0788,2.227925698305068,0.4257,0.0996660178853235,0.0742,-0.1308,0.0,0.0,0.5565,0.1433024847690312,1.331310928188853,0.0003960443861503,0.1029945006829194,0.1206,0.1639128160439207,-0.0001,-0.1048948448185165,-0.0579,-0.3782,0.0,0.0,0.3781,0.1539318320437973,-1.213689689835098,1.3994501277397318e-06,0.1126887771217683,1901.0,5.317910485410976,0.3582999999999999,0.913316656875458,1.2942,0.4084512887953708,0.2934,0.0811,0.0,0.0,1.2131,0.4823425951327871,1.22619999153479,-0.000890330171268,0.2566253434066894
sub-cp006,ses-20210324,run-007,level-01B,1,sub-cp006_ses-20210324_level-01B_run-007,0,1.0,4,567.3086,318.2534,132.9099,1018.4719,0.187325,23.252996972687185,0.4327,-0.2580582423580786,-0.2466,-3.0,0.0,0.0,3.4327,0.3983569912847752,-2.6324615041987416,0.0006353815076902,0.3035531803339354,362.4593999236822,0.20785,-0.0289188789753835,0.5628,0.1093799126637554,0.11185,-0.2909,0.0,0.0,0.8536999999999999,0.2209829600071849,0.1010761385188998,0.000588203809985,0.19206675814767,0.14005,-0.7719369264955835,0.1533,-0.0139961790393013,-0.01795,-0.2134,0.0,0.0,0.3667,0.0871409757896481,-0.0095308816165579,-6.842145632096112e-05,0.086033114911738,1832.0,5.051600263051605,0.304825,30.94824156977356,3.1516,0.5559338973799127,0.51225,0.1383,0.0,0.0,3.0133,0.6161716857729291,3.67021017794972,-0.0007004922483827,0.2657886547883205
sub-cp006,ses-20210324,run-012,level-01B,1,sub-cp006_ses-20210324_level-01B_run-012,0,1.0,4,508.0353,209.3838,85.1096,802.5287,0.4167999999999999,14.181019210225578,0.4384,-0.1620168127053669,-0.0653499999999999,-3.0,0.0,0.0,3.4384,0.3832077007749026,-2.0771178569330573,0.0001393254136882,0.3473683575260256,358.8720727711916,0.204375,-0.7693784584230587,0.3225,0.074423439211391,0.05815,-0.2162,0.0,0.0,0.5387,0.1448899898427303,0.118055393212243,-7.83008824927871e-05,0.1243492217133396,0.0465999999999999,0.3602050016966172,0.15,-0.0018496714129244,-0.01485,-0.0884,0.0,0.0,0.2384,0.0609347108539666,1.072014551394651,-6.13031820228226e-05,0.0609233154855756,1826.0,5.085377599620512,0.263525,37.08102436854847,3.1404,0.4395020810514786,0.39975,0.0678,0.0,0.0,3.0726,0.5123771324093136,4.144009156088341,2.786508273767451e-07,0.2634506719777534
sub-cp006,ses-20210324,run-003,level-02B,2,sub-cp006_ses-20210324_level-02B_run-003,1,2.0,4,610.4606,172.1926,329.85,1112.5033,0.060875,0.7712163230582103,-0.1348,-0.3025072844400396,-0.2971,-0.4703,0.0,0.0,0.3355,0.3073913963661969,-0.2799495858053283,-0.000659498885259,0.0545920348963955,395.4517677426338,0.145,0.1145310042167624,0.1795,0.0300154112983151,0.06355,-0.2806,0.0,0.0,0.4601,0.096427465743185,-0.8911354389271583,2.88277886961408e-05,0.091659666767899,0.160575,0.5307582238576556,0.5771,0.1429861248761149,0.15325,-0.1455,0.0,0.0,0.7225999999999999,0.2039433968723904,0.5873573417393348,9.128799753777924e-05,0.1454591421617138,2018.0,5.100495596501404,0.1830999999999999,0.4922420668618441,0.9947,0.5512902874132805,0.5374,0.2932,0.0,0.0,0.7015,0.567465787838086,0.6843553715198,0.0007219590941007,0.1345563500118972
sub-cp006,ses-20210324,run-008,level-02B,2,sub-cp006_ses-20210324_level-02B_run-008,1,2.0,4,651.9598,348.5427,260.7242,1261.2267,0.466825,8.838844411984587,0.5321,-0.1395573964497041,-0.2062,-3.0,0.0,0.0,3.5321,0.4036500100598311,-1.1593004254439088,0.0001135281978162,0.3788506787806471,389.3305879086256,0.3125,-1.1284440068601576,0.3896,0.0017243589743589,-0.0647,-0.3188,0.0,0.0,0.7083999999999999,0.1967791109115097,0.3530423191673226,0.0003328790596602,0.1968200872053254,0.211,-0.2888425314951117,0.439,0.0640834812623274,0.05765,-0.2665,0.0,0.0,0.7055,0.1635575513950462,0.104719437622977,0.0001248296473725,0.1505176116741359,2028.0,5.206372329717205,0.2207,63.694502809621866,3.1888,0.6219072485207101,0.59965,0.2968,0.0,0.0,2.892,0.6571974912609785,5.820386874333926,-0.0001900698334479,0.2125139667872399
sub-cp006,ses-20210324,run-010,level-02B,2,sub-cp006_ses-20210324_level-02B_run-010,1,2.0,4,495.9851,235.9145,238.0862,969.9858,0.3738,25.194188675737585,0.7949,-0.1539674962667994,-0.2105,-3.0,0.0,0.0,3.7949,0.3377781930061247,-2.293289871720983,-0.000218596970662,0.3007210198284888,390.2158375829458,0.2131,-0.611707156985327,0.3947,0.0153022896963663,-0.0099,-0.2402,0.0,0.0,0.6349,0.1435685306795792,0.6382969539658707,0.0004013163611451,0.1427862431043491,0.1919,-0.4994233613014698,0.3891,0.0868520159283225,0.076,-0.1027,0.0,0.0,0.4918,0.1549175992053647,0.5692745990610627,0.0002531932086918,0.1283136204244197,2009.0,5.145870071388816,0.1879999999999999,64.42052097231743,3.1891,0.4828190642110503,0.4587,0.1333,0.0,0.0,3.0558,0.5326620100389885,6.0311850303784045,0.000340068206411,0.2250328301190623
sub-cp006,ses-20210324,run-002,level-03B,3,sub-cp006_ses-20210324_level-03B_run-002,2,3.0,4,677.8375,391.4315,401.2497,1470.5187,0.2595999999999999,0.6660244143840428,0.5181,-0.2843331773514272,-0.3003,-1.042,0.0,0.0,1.5601,0.3722171918431538,0.0168337080670224,-0.000898826700206,0.2402650523933037,404.41611260175705,0.3066,-0.6561034578320424,0.4454,-0.0255020589611604,-0.0547,-0.4233,0.0,0.0,0.8687,0.220711538408644,0.349781923352049,0.0008511035769213,0.2192845860674432,0.342,0.2021305821657408,0.604,-0.0429579784744969,-0.062,-0.4,0.0,0.0,1.004,0.2306306183180276,0.6969217470421074,-0.0001493511215748,0.2266475946410764,2137.0,5.281688670261749,0.5329999999999999,-0.7873970745607872,1.5916,0.6881258306036501,0.6414,0.0879,0.0,0.0,1.5036999999999998,0.7576384357163278,0.3704353658358261,0.0011179079811916,0.3170897200315646
sub-cp006,ses-20210324,run-005,level-03B,3,sub-cp006_ses-20210324_level-03B_run-005,2,3.0,4,853.1621,550.4646,411.0079,1814.6345,0.7757499999999999,2.955721744410761,0.7749,-0.0604056921675774,-0.0371,-3.0,0.0,0.0,3.7749,0.4520487936542495,-0.7990323878305047,0.0061479605338502,0.4480967517652047,394.7650585323572,0.488575,-1.117664916834903,0.6972,0.0892566484517304,0.0975,-0.428,0.0,0.0,1.1252,0.2938899471696146,0.116034903996072,0.0004871251795053,0.2800719039248289,0.317925,-0.5567475067084069,0.4111,-0.078859927140255,-0.0660999999999999,-0.5252,0.0,0.0,0.9363,0.2371367989979201,-0.0699113112409155,0.0009238406290462,0.2236912139429187,2196.0,5.560269209642031,0.3824250000000001,10.756295454616676,3.272,0.8263353825136611,0.81925,0.0738,0.0,0.0,3.1982,0.8757981003946211,1.3733427922005734,-0.0061292152071297,0.2902249206953288
sub-cp006,ses-20210324,run-011,level-03B,3,sub-cp006_ses-20210324_level-03B_run-011,2,3.0,4,546.0685,242.3907,306.1172,1094.5764,0.324925,13.176146477103991,0.7753,-0.1523208920187793,-0.10675,-3.0,0.0,0.0,3.7753,0.3771745033365009,-1.9614615624753988,-0.0005173371750757,0.3451302280269517,398.7728118896485,0.18055,-0.4981442583337609,0.3074,0.0456578873239436,0.0406,-0.2769,0.0,0.0,0.5843,0.141740181715264,-0.0674199015998285,0.0005519433457788,0.134216592710453,0.187925,0.7032932141392356,0.5943,0.0171847887323943,-0.019,-0.3241,0.0,0.0,0.9184,0.2011992738625488,0.9233664617974708,1.6300007939856014e-05,0.2005111126297028,2130.0,5.338879523685165,0.333175,21.8337897430725,3.2752,0.5138863849765258,0.5116499999999999,0.0103,0.0,0.0,3.2649,0.5914315392619867,2.712617589035004,0.0005960787518928,0.292834950559556
sub-cp006,ses-20210324,run-004,level-04B,4,sub-cp006_ses-20210324_level-04B_run-004,3,4.0,4,643.9729,582.6808,659.4551,1886.1088,0.543975,-0.3089704107869484,0.8629,-0.1205731306081754,-0.12215,-1.242,0.0,0.0,2.1049,0.3960046009367955,-0.1465445135623235,-0.0004700827954542,0.3772966042940756,388.44221010804176,0.377125,0.9851896598401128,1.162,-0.1348128614157527,-0.1896,-0.739,0.0,0.0,1.901,0.363595383470907,0.8755516453503516,0.0011631073767043,0.3377631813082489,0.583125,1.2836676070863158,0.778,-0.0278851944167497,-0.0564,-1.4308,0.0,0.0,2.2088,0.4110782809948525,-0.653230994152239,-0.002288113847753,0.4102336690072735,2006.0,5.161642962134128,0.63165,-0.0082207208122562,2.3451,0.9402328015952144,0.88485,0.1622,0.0,0.0,2.1829,1.0343046818589068,0.6616212493552557,0.0017902276887122,0.431092909173855
sub-cp006,ses-20210324,run-006,level-04B,4,sub-cp006_ses-20210324_level-04B_run-006,3,4.0,4,894.3744,548.8352,588.3268,2031.5364,0.65205,2.591295375355335,1.4717,0.2034758689175769,0.24845,-3.0,0.0,0.0,4.4717,0.5473069908782008,-0.8477082387681172,0.00019455322547,0.5082034540848578,379.8446405678988,0.456675,8.47496122091039,2.3735,-0.0430554121151936,-0.0726,-0.6166,0.0,0.0,2.9901,0.368047925914021,1.9344886032083848,0.0051447349555289,0.3656116499745634,0.5084500000000001,-0.1904027028396933,1.0863,0.042348262164846,-0.02465,-0.4328,0.0,0.0,1.5191,0.3730978962932794,0.7542711710344536,0.0031894618762784,0.3707788094651503,2014.0,5.299535086214197,0.4717000000000001,9.342376505308266,3.7079,1.008708242303873,0.9749,0.0637,0.0,0.0,3.6442,1.0971893824962773,2.062606851311639,0.0066516668399546,0.4317693683129939
sub-cp006,ses-20210324,run-009,level-04B,4,sub-cp006_ses-20210324_level-04B_run-009,3,4.0,4,881.826,411.1305,448.475,1741.4316,0.70835,2.663846734084979,1.412,0.2101996966632962,0.2378,-3.0,0.0,0.0,4.412,0.5570976499750152,-0.5390362537761976,0.0011425276627983,0.5160508835136552,375.5707751959562,0.411175,-0.4727309338688905,0.799,0.0129431749241658,0.0148,-0.682,0.0,0.0,1.481,0.2475187531578424,0.1856645685846004,0.0015605580591146,0.2472426172649836,0.29255,0.0600473235691763,0.8471,0.0409920121334681,-0.0108,-0.4848,0.0,0.0,1.3319,0.3071505842176401,0.6241434087306514,0.0016279221930433,0.3044798940729661,1978.0,5.263987856798732,0.5053749999999999,3.007089170872817,3.3662,0.8804015166835186,0.8331999999999999,0.1058,0.0,0.0,3.2604,0.964712815709806,1.0895753096108494,0.0024325641406025,0.3945157450704247
sub-cp008,ses-20210503,run-001,level-01B,1,sub-cp008_ses-20210503_level-01B_run-001,0,1.0,3,527.1117,1065.0938,231.2294,1823.435,0.483,-0.192199340051034,0.9923,0.006257049537289,0.0767,-0.8164,0.0,0.0,1.8087,0.3584810903967176,0.1375532931818998,0.0036892018478215,0.3585240773229408,382.5488705188036,0.5572999999999999,4.140012515799347,3.0,0.1297390854654327,0.1496,-3.0,0.0,0.0,6.0,0.9498856762170996,-0.1400348107001466,0.0081119047503434,0.9412400539373482,0.1422,0.3731848314809021,0.3518,-0.0682355470876429,-0.0473,-0.4519,0.0,0.0,0.8037000000000001,0.1680981884923653,-0.1845687536451189,0.0009988266322203,0.1536677116859663,1837.0,4.799386801247279,0.7378,3.509791732589312,4.2414,0.992614806750136,0.6657,0.144,0.0,0.0,4.0974,1.3192129828957149,1.9969424332771768,0.0093473024639978,0.8691662561355024
sub-cp008,ses-20210503,run-007,level-01B,1,sub-cp008_ses-20210503_level-01B_run-007,0,1.0,3,1034.8498,360.7278,207.7389,1603.3166,0.1043,1.9973577149034505,-0.1398,-0.5293356521739131,-0.528,-0.8823,0.0,0.0,0.7424999999999999,0.5398352625671997,0.0594377582028825,0.0003170694801621,0.1059793523493257,369.0042950212956,0.2704999999999999,3.658810745625756,0.268,0.0119346803069053,0.0872,-0.9949,0.0,0.0,1.2629,0.245947081649421,-1.8257201028849048,-4.525692580092116e-05,0.2457201955015416,0.14725,-0.0100847188002233,0.3635,0.0323859335038363,-0.0098,-0.1881,0.0,0.0,0.5516,0.1441393777207279,0.8950476900156491,1.354997778470694e-05,0.1404898835552115,1955.0,5.295331318263472,0.27315,0.3490912824607646,1.4063,0.8201117135549872,0.8012,0.4349,0.0,0.0,0.9714,0.844757316720875,0.7514310908304117,-0.0002853625321459,0.2026146595560678
sub-cp008,ses-20210503,run-012,level-01B,1,sub-cp008_ses-20210503_level-01B_run-012,0,1.0,3,598.3131,445.9859,201.2434,1245.5424,0.491,15.110207676981894,0.3535,-0.3142604973973395,-0.3395,-3.0,0.0,0.0,3.3535,0.4522276938949074,-1.9976780039062607,0.0009501813810703,0.3252866811737886,361.9308974593878,0.4088,-0.1231112563834067,0.699,0.146000983227299,0.145,-0.7255,0.0,0.0,1.4245,0.3179287296867149,-0.2184298618383595,-0.001643131338536,0.2825040687271819,0.1845,-0.2897428063623946,0.2557,-0.0429883169462116,-0.054,-0.3319,0.0,0.0,0.5875999999999999,0.1391580821707087,0.2740900012621138,-0.0001494760474437,0.1323900055846552,1729.0,4.774392051438213,0.3120999999999999,20.489085563269462,3.1407,0.7203818970503182,0.7567,0.1177,0.0,0.0,3.023,0.7702712403630815,2.232464472214184,0.0008424260049094,0.2727833261026777
sub-cp008,ses-20210503,run-003,level-02B,2,sub-cp008_ses-20210503_level-02B_run-003,1,2.0,3,253.3009,1027.0278,203.4173,1483.746,0.1231499999999999,2.9018176062771825,0.4542,-0.0921638641425389,-0.1068,-0.4721,0.0,0.0,0.9263,0.1679734621333651,1.0942741806671712,-0.000857508065375,0.1404702555867768,373.7574175000191,0.67185,-0.5308723328430265,0.7663,-0.3571239420935412,-0.4902499999999999,-1.5758,0.0,0.0,2.3421000000000003,0.642876327613477,0.6797556890768194,-0.0032462232003728,0.5347070750998465,0.12475,3.837842199289287,0.4529,0.0904134187082405,0.09565,-0.5122,0.0,0.0,0.9651,0.1428473822504735,-0.1722691934830235,-0.0013078001321538,0.1106236961186785,1796.0,4.802580272537089,0.53145,0.2638683907584993,2.2227,0.8261404231625835,0.8793,0.0702,0.0,0.0,2.1525000000000003,0.8866710234276247,0.0649704376887119,0.00441730363786,0.3220795927385821
sub-cp008,ses-20210503,run-008,level-02B,2,sub-cp008_ses-20210503_level-02B_run-008,1,2.0,3,161.9779,348.128,204.4157,714.5216,0.129475,-0.1848168546852298,0.2274,0.0071726878612716,-0.0011,-0.2971,0.0,0.0,0.5245,0.0968787008243318,0.1725564633666182,0.0006678752723653,0.0966360882511433,381.65808878839016,0.306975,-0.1656895897845847,0.4533,0.0694932562620423,0.05285,-0.643,0.0,0.0,1.0963,0.2096615705413124,-0.047423828169199,-0.0014122588144564,0.1978573190008672,0.162275,-0.1594681086111435,0.3493,0.0161000481695568,-0.01925,-0.2508,0.0,0.0,0.6001000000000001,0.1241858400773717,0.4568744348659914,1.3100731117406628e-05,0.1231674419309133,2076.0,5.436803413723745,0.2224249999999999,-0.1213240634379135,0.7799,0.3441845857418111,0.3016999999999999,0.0668,0.0,0.0,0.7131000000000001,0.3771146365550483,0.6769685941233256,0.0009953935503005,0.1541553339693499
sub-cp008,ses-20210503,run-010,level-02B,2,sub-cp008_ses-20210503_level-02B_run-010,1,2.0,3,226.9488,443.5147,166.6977,837.1612,0.12625,65.74511404102084,0.3994,-0.0791558173076923,-0.0662,-2.446,0.0,0.0,2.8454,0.1895699251570207,-5.584643759122232,0.0002747412018257,0.1722944715597909,386.909569054842,0.395825,-0.359085487994665,0.6449,-0.0081101923076923,-0.0134,-0.6142,0.0,0.0,1.2591,0.2589925773364646,-0.2120121008233582,0.000421803990009,0.2589278131102941,0.116825,0.920048452495866,0.2357,0.032846298076923,0.04795,-0.269,0.0,0.0,0.5047,0.1036897711417239,-0.6318961420230906,-0.0002509630357222,0.0983734817432579,2080.0,5.373348622725107,0.2537250000000001,16.26966512909911,2.6342,0.4024813461538461,0.3604,0.0068,0.0,0.0,2.6274,0.4611242159115047,2.3341287748929247,-0.0005867004027698,0.22509702004899
sub-cp008,ses-20210503,run-002,level-03B,3,sub-cp008_ses-20210503_level-03B_run-002,2,3.0,3,343.4755,1162.306,464.5624,1970.3438,0.2701,0.7514552494605353,0.8506,0.038702738283307,0.0222,-0.5336,0.0,0.0,1.3842,0.2464993220720708,0.6023934417197107,-0.0008466897570069,0.2435061360324166,377.4700205773115,0.9781,-0.614489811787351,0.6147,-0.4492731964191679,-0.4227,-2.2421,0.0,0.0,2.8568,0.7480615662908761,-0.1619579630547343,-0.0046552041333308,0.5982793575461257,0.3978,-0.4897302678176176,0.3541,-0.1532931016324381,-0.1571,-0.7895,0.0,0.0,1.1436,0.3093321016311208,-0.4358106229496755,0.0009282856409737,0.2687482234113175,1899.0,5.028213888608039,0.8087,-0.4435757193980563,2.6992,1.0375703528172724,0.8699,0.0932,0.0,0.0,2.606,1.1939548173183894,0.7404319057082295,0.0047145465943977,0.5908973970195327
sub-cp008,ses-20210503,run-005,level-03B,3,sub-cp008_ses-20210503_level-03B_run-005,2,3.0,3,349.1133,365.9724,444.2024,1159.288,0.172975,26.84280692391615,0.9694,-0.0162539054966248,0.0154,-3.0,0.0,0.0,3.9694,0.2926917685864503,-2.957753463914609,-9.215642430865955e-05,0.2923105888498912,390.6401563435793,0.289175,-0.284686024209988,0.2479,-0.0873371745419479,-0.0433,-0.6168,0.0,0.0,0.8647,0.2346457323616297,-0.7266970925262337,-0.0012098090591186,0.2178387429886175,0.2905749999999999,-0.7234895685855061,0.3372,-0.1667149951783992,-0.1304,-0.5445,0.0,0.0,0.8816999999999999,0.2706973207209778,-0.069108840375805,-0.0007951051497297,0.2133192222144083,2074.0,5.306674099773646,0.57375,4.378067521850987,3.2745,0.558962487945998,0.42035,0.0253,0.0,0.0,3.2492,0.6829781021266867,1.4586889851281095,0.0011673147079096,0.3925484978757977
sub-cp008,ses-20210503,run-011,level-03B,3,sub-cp008_ses-20210503_level-03B_run-011,2,3.0,3,304.1922,212.1626,391.3774,907.7323,0.1523,42.40052216905696,0.7417,-0.0159350261034646,0.0072,-3.0,0.0,0.0,3.7417,0.2674806288866833,-4.4401049148371525,0.0002384168025201,0.2670689304400602,391.7509127408266,0.15605,0.1656567299865798,0.2114,0.0002674418604651,-0.0026,-0.4091,0.0,0.0,0.6205,0.1275003134273114,-0.5583731214139992,-0.0007951481154712,0.1275303000074728,0.276,1.39650409977782,0.8432,0.0179503084954912,-0.0331,-0.4403,0.0,0.0,1.2835,0.2538597629132829,1.00063421792523,-0.0003336303649826,0.2532844511874793,2107.0,5.375864947616041,0.2827999999999999,29.89455216902812,3.2738,0.4308178927384908,0.3727,0.0248,0.0,0.0,3.249,0.5102939457813424,3.722946854999575,0.0005651550329545,0.2735532306477782
sub-cp008,ses-20210503,run-004,level-04B,4,sub-cp008_ses-20210503_level-04B_run-004,3,4.0,3,1457.1515,1370.5368,887.915,3715.6033,0.512675,11.24873381479397,1.8101,0.6953704909819639,0.71455,-3.0,0.0,0.0,4.8101,0.8232621776209583,-1.628407509274931,-0.0002137900171673,0.4408149804662587,380.7474318891764,0.5150250000000001,7.800234862047546,3.0,-0.3903562124248498,-0.5393,-2.2467,0.0,0.0,5.246700000000001,0.8846500098512743,2.458049606758227,0.0084867282859061,0.7940677369997113,0.704275,2.817074458748096,2.0361,-0.1460560621242485,-0.1341,-1.1189,0.0,0.0,3.155,0.5997927039990909,1.1394207086089196,0.0055049616214091,0.5818836206909378,1996.0,5.239693909690458,0.956425,3.857702341500249,5.7024,1.861525250501002,1.72175,0.301,0.0,0.0,5.4014,2.0719173686866306,1.6060024279375087,0.0119052674301934,0.9099341427400104
sub-cp008,ses-20210503,run-006,level-04B,4,sub-cp008_ses-20210503_level-04B_run-006,3,4.0,3,1511.194,751.0386,745.3826,3007.6152,0.5585499999999999,2.3347449781521554,2.7364,0.7973038814016173,0.8049,-0.5119,0.0,0.0,3.2483000000000004,0.933197813794674,0.6117392314975879,0.0011738314584557,0.4850685747025867,355.07652908563614,0.506,3.395961777304434,1.7064,-0.2161633962264151,-0.2238,-1.2987,0.0,0.0,3.0051,0.5470889539865743,1.1551438106102605,-0.0016475321573815,0.5027086081584587,0.6448,1.779826950848184,2.069,-0.04911051212938,-0.0916,-0.7562,0.0,0.0,2.8252,0.5124067003313622,1.1191881761292242,0.0061795129226094,0.5101853601563989,1855.0,5.221409606470663,0.9235,0.2434568712081852,3.761,1.6213547169811322,1.5544,0.2552,0.0,0.0,3.5058,1.7742299148441172,0.6748331162592728,0.0082956764492017,0.7206806935293966
sub-cp008,ses-20210503,run-009,level-04B,4,sub-cp008_ses-20210503_level-04B_run-009,3,4.0,3,2292.0781,886.0342,674.3033,3852.4156,0.6602000000000001,4.781877329895362,3.0,1.2671623563218393,1.31195,-3.0,0.0,0.0,6.0,1.4402575704569722,-0.7802017169251255,0.0037446252854416,0.6847707068899568,334.7197394818068,0.88895,0.2675977146203547,1.5822,-0.2438149425287356,-0.1482,-1.8166,0.0,0.0,3.3988,0.6825340068156092,-0.0813298526170309,-0.0047362011050028,0.6376838133276104,0.612725,-0.390076884308856,1.1464,0.0874991954022988,0.12455,-0.849,0.0,0.0,1.9954,0.4772357680422231,0.1230786194261424,-0.0001099427241935,0.4692807633708925,1740.0,5.195391232952728,0.9987500000000002,0.8395097355961187,4.969,2.2140318965517243,1.9942,0.4794,0.0,0.0,4.4896,2.3863170181132225,1.0731772615103752,0.008590769114638,0.8905208784087925
sub-cp009,ses-20210129,run-001,level-01B,1,sub-cp009_ses-20210129_level-01B_run-001,0,1.0,2,2504.9341,2166.7973,6017.2913,10689.0227,0.6765249999999999,0.7675382488143039,-0.0079,-1.0157878345498783,-0.694,-3.0,0.0,0.0,2.9921,1.3001985533379852,-1.3891555010524654,-0.0046850585880617,0.8117626320977072,537.5386353582144,1.14475,0.5685023522231241,2.4151,-0.0599995133819951,-0.00685,-3.0,0.0,0.0,5.4151,1.2907085382163137,-0.7175898231965181,-0.0053376628418308,1.2895747212438535,6.0,-1.637147553458013,3.0,0.4556707218167072,1.317,-3.0,0.0,0.0,6.0,2.611842260426452,-0.3386006557009761,-0.0055657394709987,2.572307793612885,2466.0,4.585716891507399,2.979675,-0.3945593881224658,9.0,4.334558556366586,4.05385,0.3203,0.0,0.0,8.6797,4.888394758602115,0.3968547987953993,0.0155884609008913,2.260548086309385
sub-cp009,ses-20210129,run-007,level-01B,1,sub-cp009_ses-20210129_level-01B_run-007,0,1.0,2,1015.511,1992.9111,4352.7626,7361.1848,0.1369999999999999,7.026284408161356,0.3685,-0.4753016221374045,-0.49735,-0.9372,0.0,0.0,1.3057,0.5020547026151024,1.751414258832497,-0.0003311740647893,0.161739831888513,461.3887868821621,1.50835,0.1653107693816378,2.0409,-0.1049418893129771,0.1027,-3.0,0.0,0.0,5.040900000000001,1.2800001238333372,-0.7596544416361202,-0.0062173162451228,1.275995420380324,2.3126,-0.1365109234133976,3.0,1.7039350667938933,3.0,-3.0,0.0,0.0,6.0,2.364251695487084,-0.9459673407425458,0.0065224818755046,1.639382080870715,2096.0,4.540639173650008,3.35185,-1.2377726047634665,6.5791,3.5120150286259544,4.00825,0.499,0.0,0.0,6.080100000000001,3.941328544566744,-0.045175003085853,0.0130302256381784,1.7892312583469
sub-cp009,ses-20210129,run-012,level-01B,1,sub-cp009_ses-20210129_level-01B_run-012,0,1.0,2,1205.241,2397.8686,1188.1114,4791.221,0.1247499999999999,21.6495214203629,2.5194,-0.5694039673913044,-0.6011,-1.9835,0.0,0.0,4.5029,0.724069659636029,3.3662272052544537,0.0007595317510234,0.4473977862378471,409.3311432749033,2.838525,-1.4278683646724213,3.0,1.2247851086956525,0.62945,-1.4235,0.0,0.0,4.4235,1.7820124258612546,0.3576345626923862,0.0076527282408517,1.2947512502264718,0.8829499999999999,-0.0808205557788093,2.2146,0.275334402173913,0.08145,-1.2783,0.0,0.0,3.4929,0.9079707940949134,0.530027571513036,-0.000563602363979,0.8654530605512853,1840.0,4.492695047063505,3.0895,-1.076179967577651,5.825,2.6039245652173912,2.191,0.4226,0.0,0.0,5.4024,3.106357867120201,0.5697294380492869,0.0067585866491034,1.6942833776814883
sub-cp009,ses-20210129,run-003,level-02B,2,sub-cp009_ses-20210129_level-02B_run-003,1,2.0,2,314.0112,1854.1448,5160.7579,7328.914,0.177975,6.378636278878883,0.4164,-0.1253162357807652,-0.1747,-0.991,0.0,0.0,1.4074,0.1986242187630049,-0.1967372804381177,-8.80989852748128e-05,0.1541418392133247,429.0628306567669,1.633,-0.2859136479241884,3.0,0.3930497931747673,-0.2189499999999999,-0.685,0.0,0.0,3.685,1.322094696909286,1.089667077670763,0.0011303705782614,1.2626442832972626,0.0,4.836840572003467,0.0865,-2.66612993795243,-3.0,-3.0,0.0,0.0,3.0865,2.774147910121901,2.439039032173115,-0.0071935851336166,0.7667801440775407,1934.0,4.505167686143205,0.9436500000000008,0.2281556477184581,6.2536,3.789511685625647,3.57485,0.4,0.0,0.0,5.853599999999999,4.003608290486279,0.1701105651030471,0.0075240728614465,1.2920308371501328
sub-cp009,ses-20210129,run-008,level-02B,2,sub-cp009_ses-20210129_level-02B_run-008,1,2.0,2,516.9202,2013.6127,3156.5062,5687.0391,0.2943749999999999,0.7624113079129007,0.1782,-0.2488927855711422,-0.161,-1.0182,0.0,0.0,1.1964,0.3421580664471754,-1.0553809200771869,0.0005086243817815,0.2348449596344797,442.9594963788986,1.835,-0.856922502066698,3.0,0.8914823647294589,0.4093,-0.4619,0.0,0.0,3.4619,1.490924704543874,0.828477451047001,0.0070076384531212,1.1953374065293194,3.30805,-1.0444063770921563,3.0,0.3790613226452905,0.1372999999999999,-3.0,0.0,0.0,6.0,1.9477805222395133,-0.0667374502355576,0.0065796083475474,1.9110183493010915,1996.0,4.50379778807929,2.9855000000000005,-1.0252855003700572,6.2028,2.849217334669339,2.31135,0.3938,0.0,0.0,5.809,3.426502827596244,0.6043399888872787,0.0126086020181461,1.9038640152072608
sub-cp009,ses-20210129,run-010,level-02B,2,sub-cp009_ses-20210129_level-02B_run-010,1,2.0,2,208.1641,2163.5819,1204.9097,3576.6558,0.0683,11.303492397743206,0.0779,-0.1043557801969932,-0.0653,-0.9261,0.0,0.0,1.004,0.1637438894819119,-2.9273078560803016,0.0002802001207982,0.1262148594495789,428.9791155606508,2.4903,-1.235217894760146,3.0,0.9366094867807154,0.3582,-0.3666,0.0,0.0,3.3666,1.6037827699515184,0.6423532543642021,0.0072357834855043,1.3022138574590176,0.8318000000000001,2.317613447445641,1.3712,0.2769442198030067,0.3673,-2.2389,0.0,0.0,3.6101,0.8003311141883708,-1.3977571601933974,-0.0012347920464792,0.7510820430092436,1929.0,4.494391288676643,1.9912,-0.2511492849376679,5.3072,1.8541485743908763,1.2131,0.2486,0.0,0.0,5.0586,2.2691903883727464,0.8994335446376226,0.0073022202861927,1.3085280725410111
sub-cp009,ses-20210129,run-002,level-03B,3,sub-cp009_ses-20210129_level-03B_run-002,2,3.0,2,821.3542,2147.8273,4591.8444,7561.0259,0.436,0.3490896445934539,0.7014,-0.2951719347319347,-0.3156,-1.4538,0.0,0.0,2.1552,0.4668766434164726,-0.0026216931785817,-0.000541753982871,0.361812601566435,469.4012559950352,0.5641,7.311505810185064,2.8053,-0.7639089976689977,-1.0234,-1.651,0.0,0.0,4.4563,1.0808778257123004,2.5634477748837425,0.0061814917683788,0.7648611969287795,4.4305,-1.4167117408035137,3.0,-0.7029564568764568,-0.7815,-3.0,0.0,0.0,6.0,2.422866692431929,0.3724967287212666,0.006004244692583,2.3191901075141605,2145.0,4.567520799353543,1.5135999999999998,-0.5346202553029924,6.1373,3.5249579487179488,4.039,0.3056,0.0,0.0,5.8317,3.727641049241554,-0.58681062731498,0.0123116415352351,1.2127097247123215
sub-cp009,ses-20210129,run-005,level-03B,3,sub-cp009_ses-20210129_level-03B_run-005,2,3.0,2,577.1755,2671.4134,3419.6443,6668.2332,0.33125,-0.0115676906809922,0.5521,-0.1823537511032656,-0.1286999999999999,-1.0398,0.0,0.0,1.5919,0.3323669802472768,-0.331460855954826,-0.0009863798080981,0.2779370603018501,503.254421800375,2.4251500000000004,-1.3991577181912858,3.0,0.9774280670785525,0.37915,-0.5943,0.0,0.0,3.5943,1.6503389006421192,0.5059871989251344,0.0038956438633691,1.3300502044093745,3.0627,-1.5832504700599226,0.7421,-1.3078815533980583,-1.447,-3.0,0.0,0.0,3.7421,1.8968805618727267,0.034081068211257,-0.0056029313958387,1.374203437097044,2266.0,4.500705611084434,4.440300000000001,-1.5255195471238834,6.3987,2.942732215357458,2.24845,0.2171,0.0,0.0,6.1816,3.690110093140435,0.3157727018777601,0.0084724541212105,2.226977376389999
sub-cp009,ses-20210129,run-011,level-03B,3,sub-cp009_ses-20210129_level-03B_run-011,2,3.0,2,418.8837,575.8073,2299.3103,3294.0012,0.3098,0.8752703933550716,0.7484,-0.0513867736579966,-0.0149,-1.1183,0.0,0.0,1.8667,0.32042587858827,-0.4469228466020831,0.0025055201118559,0.3163661359021786,401.67308785021305,0.20285,5.027887862935181,0.2465,-0.2946297177642501,-0.2958,-1.516,0.0,0.0,1.7625,0.3910376715484143,-1.3496030567920554,-0.002988499942639,0.2571777445662769,2.60715,-0.9873830914060084,3.0,0.2241714997232982,0.0614,-2.9206,0.0,0.0,5.9206,1.5044283825541989,0.0975837607665812,0.0032548857255966,1.4880447861518509,1807.0,4.496193682444245,1.1435499999999998,-0.5466073344126743,3.9334,1.8229117321527395,1.8202,0.338,0.0,0.0,3.5954,1.9913443832442623,0.2893778581252919,0.0050165173145764,0.8017487123382454
sub-cp009,ses-20210129,run-004,level-04B,4,sub-cp009_ses-20210129_level-04B_run-004,3,4.0,2,1071.6587,2141.3754,2217.4003,5430.4344,0.9712,-0.2674504736019956,3.0,1.123700742311771,0.9865,-0.7095,0.0,0.0,3.7095,1.367234349862644,0.6038126221590708,0.0063073193958011,0.7792755521971045,213.26016895473003,1.4322,-0.6269056827280726,-0.2313,-2.2708117709437965,-2.7302,-3.0,0.0,0.0,2.7687,2.453966769476432,0.9601702142025128,-0.0129827337827333,0.9307445702513556,1.29625,0.2614343189471597,0.1258,-2.3508984093319194,-3.0,-3.0,0.0,0.0,3.1258,2.529449091080711,1.2329819946827745,-0.0134802481592812,0.9339777380469616,943.0,4.417139893572736,2.649149999999999,-0.2814597129562677,8.9593,5.758678154825026,6.742,0.4113,0.0,0.0,8.548,6.144060606373704,-0.8656293235061349,0.0327703013378157,2.1428896807572606
sub-cp009,ses-20210129,run-006,level-04B,4,sub-cp009_ses-20210129_level-04B_run-006,3,4.0,2,745.8956,2082.7831,1796.6463,4625.325,0.6776,1.056867608778453,2.4413,0.6761727962085308,0.619,-0.8375,0.0,0.0,3.2788,0.8862312034357219,0.815505258062255,5.781656925916e-05,0.5731557180256962,235.2266862988472,2.25525,-1.795730282890816,-0.2313,-1.974201327014218,-2.7611,-3.0,0.0,0.0,2.7687,2.270937180734774,0.3091349324426838,-0.0117703481843997,1.1228891067809277,2.8094,-1.136295019267065,3.0,0.8317544075829384,1.2491,-2.6748,0.0,0.0,5.674799999999999,1.994841660606424,-0.3833501184556858,0.0052323995179539,1.8140278389356628,1055.0,4.480784117584899,3.2669000000000006,-1.0869078876803782,7.1253,4.384192417061612,5.2292,0.3683,0.0,0.0,6.757000000000001,4.832826270068427,-0.5725511147106116,0.0159960592023118,2.034450741586644
sub-cp009,ses-20210129,run-009,level-04B,4,sub-cp009_ses-20210129_level-04B_run-009,3,4.0,2,631.1913,1707.0599,2155.1952,4493.4464,0.5996999999999999,0.2379282006801868,1.5723,0.4310374693877551,0.4025,-1.0936,0.0,0.0,2.6659,0.6411198878302159,0.0463870175648435,0.0012371695957887,0.4747898812269341,272.2343008965254,1.9373,-1.211054469333671,-0.2401,-1.3935169795918367,-0.8776,-3.0,0.0,0.0,2.7599,1.7263566895302125,-0.6646616403611398,-0.0101192244729185,1.0194440777546232,3.7376,-1.2435356908734672,3.0,0.0904730612244898,0.2011,-3.0,0.0,0.0,6.0,2.069295309626158,-0.1729897324531575,0.0114779805105737,2.068160866186196,1225.0,4.496127034576863,2.8744,-0.7323597720678308,7.5723,3.6681186122448977,3.4732,0.3226,0.0,0.0,7.249700000000001,4.1714602257928135,0.3653083756087177,0.0219182519629221,1.987261962313772
sub-cp011,ses-20210408,run-001,level-01B,1,sub-cp011_ses-20210408_level-01B_run-001,0,1.0,1,2064.0204,1364.8435,451.1763,3880.0402,2.4951,-1.7237870113943603,2.4383,0.5976660885167465,0.645,-1.2905,0.0,0.0,3.7288,1.4042716362127132,0.019452843761903,0.002285086877169,1.2711177863748706,338.3678790181875,1.492525,-0.9764712453883976,1.8274,0.0116424641148325,-0.0802,-1.6348,0.0,0.0,3.4622,0.9881567969743964,0.1234173099841927,0.0011620488361392,0.98838382236569,0.3237,2.223973223413079,1.1877,-0.0184779306220095,-0.01545,-1.1701,0.0,0.0,2.3578,0.4129439236711081,-0.0239422031891356,-0.0007607105046344,0.412653721820898,1672.0,4.938412017265335,1.2397749999999998,-0.9363097615082134,3.717,2.3205986842105264,2.38685,0.5468,0.0,0.0,3.1702000000000004,2.4413555743959074,-0.153310664279283,0.0010243289079498,0.7585399897254134
sub-cp011,ses-20210408,run-007,level-01B,1,sub-cp011_ses-20210408_level-01B_run-007,0,1.0,1,2882.7395,1653.8102,545.2243,5081.774,1.0626,-0.2485152675845898,3.0,2.1146646815550043,3.0,-1.1112,0.0,0.0,4.1112,2.582645347827511,-1.2610762786670016,0.012274511510279,1.4832633012536731,277.63222977519035,2.4725,-1.543160215827977,3.0,1.181814722911497,1.056,-0.6906,0.0,0.0,3.6906,1.7378654016188713,0.0703876291362451,0.000955580698303,1.274689791135128,0.7847,-0.3429382701539434,1.2692,0.024471629445823,-0.0186,-1.1953,0.0,0.0,2.4645,0.6009442390067219,0.2838140248860026,-0.0001181419031448,0.6006942433309441,1209.0,4.351079847531263,2.6944,-0.9302200373477456,7.0872,4.20328635235732,4.3224,0.4428,0.0,0.0,6.6444,4.660492989915208,-0.5951279277784484,0.0094682811218588,2.013934838287531
sub-cp011,ses-20210408,run-012,level-01B,1,sub-cp011_ses-20210408_level-01B_run-012,0,1.0,1,2353.5159,2179.4744,179.6461,4712.6365,3.4336,-1.8022051235096184,3.0,1.2552423317140875,1.6806,-1.212,0.0,0.0,4.212,2.012729889211601,-0.0814535375216002,0.0024313309516702,1.5739019527642486,330.1483903080225,3.3199,-1.8137004999215467,3.0,1.2240685634975712,1.1635,-0.5746,0.0,0.0,3.5746,1.9526202238028487,0.1203725747439839,0.0023774158016269,1.5218374091560811,0.1426,2.362158384614405,0.2285,-0.0163956974323386,0.0538,-0.5623,0.0,0.0,0.7908000000000001,0.1829235331684108,-1.718087470501039,-0.0008156938149804,0.1822505150376126,1441.0,4.3616750596800005,5.1996,-1.7906693065257893,6.5623,3.270392505204719,2.8736,0.0229,0.0,0.0,6.5394,4.070163146189546,0.1286262698201276,0.0023616653083559,2.423806472429474
sub-cp011,ses-20210408,run-003,level-02B,2,sub-cp011_ses-20210408_level-02B_run-003,1,2.0,1,4079.4003,2436.5458,4301.8578,10817.8039,2.6065499999999995,-0.2918044664530024,3.0,-1.021305738880918,-1.3215,-3.0,0.0,0.0,6.0,2.209397505335014,0.8848163020672265,0.0042889333247159,1.959644984659228,394.15394738316536,1.56215,0.2295820385319542,2.6427,0.1829263032042085,0.3383,-3.0,0.0,0.0,5.6427,1.509078870273163,-1.0065900244416244,-0.0073473829685758,1.4983092538232885,3.53765,-1.0005515453691345,3.0,-0.839882257293161,-1.2657,-3.0,0.0,0.0,6.0,2.34522869684331,0.5975012655454824,-0.007830696661778,2.1902030835129294,2091.0,5.302496686575783,3.92655,-1.0281085295659609,9.0,5.173506838833095,5.4084,0.3602,0.0,0.0,8.6398,5.772508520856184,-0.2340156234066789,0.0179650617404991,2.561214317494694
sub-cp011,ses-20210408,run-008,level-02B,2,sub-cp011_ses-20210408_level-02B_run-008,1,2.0,1,458.0217,525.7866,618.4915,1602.2998,0.41715,10.018385026179898,1.324,0.1237376991150442,0.0175,-3.0,0.0,0.0,4.324,0.4107742921644986,-0.5925467843186155,0.0014306073088065,0.3918099925779829,384.0327087789774,0.3981,3.420526389591009,1.1369,-0.1866447197640117,-0.2792,-0.8804,0.0,0.0,2.0173,0.3724788478482976,1.483156944129962,2.4997870703573563e-05,0.3224369353879701,0.5345500000000001,-1.0387168105030935,0.2659,-0.3062679056047198,-0.3332,-0.8918,0.0,0.0,1.1577000000000002,0.4403999754513857,0.0659437561065773,0.0003392940159037,0.3165615738584231,1695.0,4.411082601234753,0.4910499999999999,3.3263565012704523,3.1881,0.9453110914454278,0.9298,0.1735,0.0,0.0,3.0146,1.0388116637416351,1.2129711278789186,0.0006538505555903,0.4308435064558632
sub-cp011,ses-20210408,run-010,level-02B,2,sub-cp011_ses-20210408_level-02B_run-010,1,2.0,1,313.811,750.6756,881.5117,1945.9984,0.2281,3.752254332888211,1.1138,0.0163716892289582,-0.01,-0.9718,0.0,0.0,2.0856,0.2841300087178962,0.9801584126280536,0.0001001576870608,0.2837414595760773,391.3828399032354,0.4513,1.1194311483917154,1.2273,-0.1989582695703354,-0.3355,-0.9984,0.0,0.0,2.2257,0.5130286175210178,1.315983768199474,-0.0009872686295994,0.4730176127022841,0.6053499999999999,0.0880499398874405,0.6676,-0.439624955856386,-0.4145,-1.5688,0.0,0.0,2.2364,0.6528254165072808,-0.3399555929555939,-0.0006579235820958,0.4827505467890539,1699.0,4.3384630772769945,0.97115,-0.997704483938981,2.4654,1.1453799882283695,0.9577,0.0458,0.0,0.0,2.4196,1.2892721958748337,0.4595774509276216,0.0011030120791875,0.5920589458284143
sub-cp011,ses-20210408,run-002,level-03B,3,sub-cp011_ses-20210408_level-03B_run-002,2,3.0,1,1210.7354,856.445,1769.8651,3837.0455,1.296925,2.241924016759296,3.0,-0.8690105034722222,-0.8828,-3.0,0.0,0.0,6.0,1.330887706710549,0.5637883979472932,0.0110502745479906,1.0084471306818514,218.1846242398024,0.3777749999999999,12.365319428621891,-0.2466,-0.7434414930555556,-0.5921,-3.0,0.0,0.0,2.7534,0.8855309291174482,-3.2997844407452384,-0.0114183114812978,0.4813116114637459,3.096475,-1.136893867406375,3.0,-0.6121433159722222,-0.7254499999999999,-3.0,0.0,0.0,6.0,1.7709543478577252,0.1885258213179208,0.0139895284126221,1.6625159045817972,1152.0,5.275348819882738,1.558325,3.308713405105424,9.0,3.3307684027777773,3.2618,1.0344,0.0,0.0,7.9656,3.615516752480242,1.325278298757136,0.03597870394099,1.4070045098901829
sub-cp011,ses-20210408,run-005,level-03B,3,sub-cp011_ses-20210408_level-03B_run-005,2,3.0,1,2409.172,943.48,2391.9457,5744.5977,2.2525,-1.6180020436008384,3.0,1.0407592070944185,1.4425,-0.9153,0.0,0.0,3.9153,1.6038264977085948,0.0203915080005977,0.0059257216536845,1.2205969396472358,368.93396750092506,0.6073,4.81491556213853,3.0,0.3278188315075638,0.0489,-0.9829,0.0,0.0,3.9829,0.8552192884613197,2.16022232033857,0.0061707519516871,0.7901015691393498,2.0483,-0.2566406575718094,3.0,-0.3794209181011997,-0.3384,-3.0,0.0,0.0,6.0,1.6288605088312649,0.1997590162134816,-0.0086237654438582,1.5844670842957556,1917.0,5.19334127182311,3.9174,-1.034086006757728,8.1123,2.996659989567032,2.4713,0.1189,0.0,0.0,7.993399999999999,3.7564973156357664,0.4815636444183152,0.0190635740255669,2.2658285728066856
sub-cp011,ses-20210408,run-011,level-03B,3,sub-cp011_ses-20210408_level-03B_run-011,2,3.0,1,2776.1144,3897.8641,1198.9675,7872.9461,1.7668,-1.0740646075090037,3.0,1.5849689817539732,1.809,-0.5297,0.0,0.0,3.5297,1.897184477065332,-0.3830876164989376,0.0079786073447313,1.042987314945594,379.31431755423546,1.5427,-0.181493392995526,3.0,2.267951971748087,3.0,-0.2632,0.0,0.0,3.2632,2.519076514297497,-1.178694469359738,0.0081663144696801,1.0967444155389343,0.54305,2.7836373374649384,1.2871,-0.5220246027074751,-0.4814,-3.0,0.0,0.0,4.2871,0.9556914343822585,-1.1695509578133405,-0.0025121645978041,0.8007582897070221,1699.0,4.47649856970457,2.8176499999999995,-0.49454817130826,9.0,4.633868922895822,5.1302,0.1981,0.0,0.0,8.8019,5.086756950027987,-0.469371166580586,0.017045757834004,2.0987967373976804
sub-cp011,ses-20210408,run-004,level-04B,4,sub-cp011_ses-20210408_level-04B_run-004,3,4.0,1,6320.9557,7180.7176,8048.9008,21550.5741,3.728,-1.2734731516102429,3.0,0.6598391087738722,0.8597,-3.0,0.0,0.0,6.0,2.0007564115791188,-0.1986780710112582,0.0018961757921764,1.889080804869572,726.0402783751488,3.1611,-0.5446334586806509,3.0,1.4710706615001383,2.208,-3.0,0.0,0.0,6.0,2.2814993645817148,-0.7875081476672086,0.0044505795287715,1.74414231874181,6.0,-1.5996620820902576,3.0,0.3057191253805701,-0.0871,-3.0,0.0,0.0,6.0,2.523932925373656,-0.1395116400116118,0.0043044443856394,2.5056957085332656,3613.0,4.974930603138881,3.2065,-0.5061963030357406,9.0,5.964731137558815,6.7336,0.5895,0.0,0.0,8.4105,6.385034581736387,-0.8212513186198261,0.0096691605260674,2.278614957244768
sub-cp011,ses-20210408,run-006,level-04B,4,sub-cp011_ses-20210408_level-04B_run-006,3,4.0,1,1722.5104,2662.9562,2556.3358,6941.8024,1.6232,-0.9989174729529328,1.4018,-0.6065166573504752,-0.6729,-2.819,0.0,0.0,4.2208,1.1531373065674582,-0.012693563820451,-0.0061226670927928,0.9810204620493468,374.3629965931177,2.1745,-1.436393376170768,-0.2313,-1.488515707098938,-0.9038,-3.0,0.0,0.0,2.7687,1.8090465625418224,-0.6338394166574548,-0.0073957630032788,1.028378141517572,2.2214,-0.5530406844890323,3.0,-0.2527517607602012,-0.4083,-3.0,0.0,0.0,6.0,1.7513660119518166,0.505787186764643,0.0017405566413611,1.7335164287836873,1789.0,4.776113067454997,4.1779,-1.2643710657835892,8.1512,3.880267076579096,3.0315,0.4954,0.0,0.0,7.655799999999999,4.478636856847968,0.4274605633284403,0.0133453360654391,2.237076862777068
sub-cp011,ses-20210408,run-009,level-04B,4,sub-cp011_ses-20210408_level-04B_run-009,3,4.0,1,2345.3182,2053.9969,834.6455,5233.9606,2.155,-0.6804233314337709,3.0,1.207910073875084,1.3157,-2.4218,0.0,0.0,5.4218,1.83550292347592,-0.4192142393107814,-0.0064823782878862,1.3825005800930388,340.7391395419836,2.9684000000000004,-1.276242443358511,2.0087,-0.8527645399597045,-0.408,-3.0,0.0,0.0,5.0087,1.756402822177816,-0.1640024632409854,0.0028816765849671,1.536010422552746,0.7516999999999999,1.6248803031073278,2.6447,-0.0629132975151108,-0.1078,-1.3371,0.0,0.0,3.9818,0.7618829799721581,1.2201974407304037,0.007650720734648,0.7595360623861074,1489.0,4.3669770429078,2.2671,-0.2093566486905822,7.8542,3.515085023505709,3.8898,0.111,0.0,0.0,7.7432,3.872477747545932,-0.1116195300872483,0.013554650652133,1.6254339580058998
sub-cp012,ses-20210723,run-001,level-01B,1,sub-cp012_ses-20210723_level-01B_run-001,0,1.0,4,1120.9218,354.0353,217.534,1692.4911,0.4683,-1.128537211795976,-0.2048,-0.5748323076923076,-0.5641,-1.0391,0.0,0.0,0.8342999999999999,0.6289032055562878,-0.1489109277937591,0.000797107731754,0.2551870982187159,371.8443419784308,0.199575,-0.2533134573951625,0.1184,-0.1655391282051282,-0.1134,-0.569,0.0,0.0,0.6874,0.2448646830603719,-0.81836636534195,-0.0003756948384819,0.1804777375265375,0.17575,0.3103046990788711,0.1924,0.034709282051282,0.0755,-0.328,0.0,0.0,0.5204,0.1269638516897523,-0.9993104048073496,0.0003531047408208,0.1221586593801987,1950.0,5.241440516830706,0.5905,-0.9365948810046638,1.5878,0.8679431794871795,0.7421,0.3157,0.0,0.0,1.2721,0.9454477676985408,0.4920130934343447,-0.0001446841969243,0.3749909739459571
sub-cp012,ses-20210723,run-007,level-01B,1,sub-cp012_ses-20210723_level-01B_run-007,0,1.0,4,777.9903,245.6786,203.6885,1227.3574,0.7196,-1.1172397261039424,0.367,-0.3869951103160405,-0.3771,-1.1213,0.0,0.0,1.4883,0.5684018442767592,-0.0507876582170036,0.0016522960936612,0.4164358910282092,363.19156251847744,0.2789,-1.1406835296550586,0.3668,0.0103882528324388,-0.0017,-0.3565,0.0,0.0,0.7233,0.1701022921575632,0.2108447568154764,-0.0006360279913943,0.1698354315384036,0.2062999999999999,-0.9117035932749564,0.3411,0.0851954084675015,0.0555,-0.1478,0.0,0.0,0.4889,0.1607311487067133,0.3617600853399763,0.0004576097496525,0.1363353520506037,1677.0,4.614644647519127,0.6052,-1.3485971667451668,1.293,0.7318754919499105,0.7485,0.1981,0.0,0.0,1.0949,0.7927377132316373,-0.0124104460821947,-0.0006407087168721,0.3047075828197838
sub-cp012,ses-20210723,run-012,level-01B,1,sub-cp012_ses-20210723_level-01B_run-012,0,1.0,4,823.8146,194.1812,215.8816,1233.8774,0.5792750000000001,-0.6276479022177615,0.6297,-0.3554362721893491,-0.4695,-0.991,0.0,0.0,1.6207,0.5319994899172267,0.7647557267533027,0.0011902502090303,0.3959561638296193,362.0247211307287,0.177425,-0.2067156566952714,0.3212,-0.0187250887573964,-0.0428,-0.2319,0.0,0.0,0.5530999999999999,0.139981943848306,0.6946524749792137,-0.0001988814459275,0.1387649435756865,0.222075,-0.9627622484914068,0.3707,0.108005798816568,0.09505,-0.1117,0.0,0.0,0.4823999999999999,0.1662856268361992,0.3550898902892264,0.0004281475572051,0.126471821696954,1690.0,4.665427252383946,0.4540499999999999,-1.3708416430736237,1.145,0.7301042011834319,0.80935,0.285,0.0,0.0,0.8600000000000001,0.76537241445629,-0.2942560540100783,-0.0006350395058159,0.2297259572904906
sub-cp012,ses-20210723,run-003,level-02B,2,sub-cp012_ses-20210723_level-02B_run-003,1,2.0,4,1009.6247,274.7425,303.9698,1588.3371,0.3671,-0.6600159604507234,0.1993,-0.4880084189916788,-0.507,-1.0288,0.0,0.0,1.2281,0.5553618812084277,0.2874981555742392,0.0011157074848616,0.2651584746659366,400.7322762161493,0.188,-0.2834357924763115,0.2471,-0.1136279001468428,-0.1193,-0.4413,0.0,0.0,0.6884,0.1669127684925696,0.040534425700776,0.000499585413709,0.122294289109192,0.16795,1.265972659571908,0.623,0.142797601566324,0.0778,-0.0539,0.0,0.0,0.6769000000000001,0.2072262550881193,1.338379090564847,0.0003565971809141,0.1502085538394746,2043.0,5.095671402566471,0.2948499999999999,-0.2001227041965205,1.3553,0.7774539892315222,0.8044,0.1959,0.0,0.0,1.1594,0.8147311418286968,-0.0124078412605456,-0.0007880573109355,0.2436825676533975
sub-cp012,ses-20210723,run-008,level-02B,2,sub-cp012_ses-20210723_level-02B_run-008,1,2.0,4,821.0764,174.3309,312.6753,1308.0826,0.3686250000000001,-0.668211233601689,-0.037,-0.4303319706498952,-0.38795,-1.0491,0.0,0.0,1.0121,0.5072076363410585,-0.5069777931736644,0.0013543221068745,0.2685363584899417,397.3943844437599,0.1441,-0.3596851172223512,0.1769,-0.0505250524109014,-0.03225,-0.3087,0.0,0.0,0.4856,0.1183777353138222,-0.3986009793302552,-0.0001542548219089,0.1070818238630282,0.261325,-1.0220720004476176,0.4883,0.139914465408805,0.1023,-0.1388,0.0,0.0,0.6271,0.2122888046078852,0.3579369822958038,0.0003762005852429,0.1596992352100265,1908.0,4.798759304737691,0.462575,-1.023030161955925,1.2159,0.6855763102725367,0.6449499999999999,0.1718,0.0,0.0,1.0441,0.7405885779870385,0.206126631856386,-0.0008238666997226,0.2801744206620237
sub-cp012,ses-20210723,run-010,level-02B,2,sub-cp012_ses-20210723_level-02B_run-010,1,2.0,4,836.7254,204.1646,217.6826,1258.5727,0.3798,-1.1775411432905327,-0.0771,-0.4324169509043928,-0.412,-0.8829,0.0,0.0,0.8058000000000001,0.4824029700136973,-0.1225984018824009,0.0007704546877206,0.2138968218925285,395.7403399050236,0.1635499999999999,1.075393461540485,0.4051,-0.0448543669250645,-0.0394,-0.3112,0.0,0.0,0.7162999999999999,0.1392317120237876,0.4933466242033903,7.100615521466406e-05,0.1318428557978102,0.1704,0.9198725396170944,0.3667,0.0465935917312661,0.0652,-0.3663,0.0,0.0,0.7330000000000001,0.1429484538745218,-0.6171485852062377,0.0002981753137128,0.1351767026956715,1935.0,4.88704285356442,0.4013,-0.9136150486343118,1.2659,0.6504280103359172,0.6709,0.1961,0.0,0.0,1.0698,0.6955840998757806,0.0745603890449939,-0.0005432855292225,0.2466010356775259
sub-cp012,ses-20210723,run-002,level-03B,3,sub-cp012_ses-20210723_level-03B_run-002,2,3.0,4,1443.5578,384.0153,357.209,2184.7821,0.5886,0.3243357159989539,0.2877,-0.654114792626728,-0.47575,-2.4215,0.0,0.0,2.7092,0.8942005510188396,-1.17763310799851,0.001444486530059,0.609835917216071,413.71102295815945,0.2461249999999999,-0.1701412136965245,0.2692,-0.137205529953917,-0.0978,-0.6287,0.0,0.0,0.8979,0.2361618172488247,-0.4752752012480365,-0.0004268680073768,0.1922604499497081,0.197475,-0.2664869860857992,0.3765,-0.0616187557603686,-0.07615,-0.4484,0.0,0.0,0.8249,0.1993714805071962,0.4346826139427107,0.0001385024735146,0.189654136817782,2170.0,5.242789966027473,0.80515,0.2367420143667562,2.9859,1.0068130875576038,0.80335,0.0827,0.0,0.0,2.9032,1.2241579612765183,1.1387474663346844,-0.0008791160491674,0.6965010233794414
sub-cp012,ses-20210723,run-005,level-03B,3,sub-cp012_ses-20210723_level-03B_run-005,2,3.0,4,752.3746,251.6107,330.9875,1334.9727,0.2623,1.7713201354315506,0.3888,-0.3416778987221959,-0.3057,-1.3619,0.0,0.0,1.7507,0.4277185512371527,-0.8778250276883036,0.0013615448257861,0.2573532921823571,402.924670279026,0.2224999999999999,-0.9798268135260226,0.2965,-0.0173238050165641,-0.0535,-0.2471,0.0,0.0,0.5436,0.1356279907297163,0.3464767354561221,0.0004976116251733,0.1345488955011922,0.2803,-0.2146517785304951,0.5107,-0.0199741599621391,-0.0457,-0.3174,0.0,0.0,0.8281000000000001,0.1899913935082154,0.5649631703561065,0.0002940996388181,0.1889832397084154,2113.0,5.241674575392557,0.3558999999999999,0.4468961705389818,1.5412,0.6317896829152864,0.6117,0.1102,0.0,0.0,1.4309999999999998,0.6801955965454844,0.6747114606818321,-0.0009857922070766,0.2520672849152939
sub-cp012,ses-20210723,run-011,level-03B,3,sub-cp012_ses-20210723_level-03B_run-011,2,3.0,4,538.6007,297.2167,417.0496,1252.867,0.2955,0.5600108617373807,0.6355,-0.1952059871350816,-0.2081,-1.0938,0.0,0.0,1.7293,0.3378337139672775,-0.3272991079073801,0.0014488307184969,0.2757968049714378,399.3565242737532,0.2837,0.2029016240132706,0.72,0.0788516575952498,0.0431,-0.2682,0.0,0.0,0.9882,0.1878119441441,0.5315470897716734,0.0019979641035062,0.17049963779606,0.4061,-1.1335910333754011,0.3641,-0.0875557644730331,-0.096,-0.4928,0.0,0.0,0.8569,0.2410656102625626,0.0800005758781129,0.0002694334346876,0.2246588305216564,2021.0,5.058136970902018,0.2821999999999999,1.30627325678753,1.5471,0.6199243443839683,0.5797,0.0275,0.0,0.0,1.5195999999999998,0.6706696590302786,0.8613592373239338,0.0004254343917605,0.2559766012108403
sub-cp012,ses-20210723,run-004,level-04B,4,sub-cp012_ses-20210723_level-04B_run-004,3,4.0,4,1909.1243,572.9361,749.8827,3231.9431,1.2582500000000003,-0.9487211448618208,1.3939,-0.8090974564295808,-0.8543,-2.3493,0.0,0.0,3.7432,1.0927478108902209,0.1374146719723052,-0.0011812104751821,0.7346518265169214,412.0349507778883,0.28635,2.591017839624129,0.6789,-0.2330657089024964,-0.2184,-1.2321,0.0,0.0,1.911,0.3323589600676632,-0.1023454599128073,0.0007026102990861,0.2370006565165152,0.44405,-0.1131820696192105,1.3006,0.0167151672162035,-0.1516,-0.5252,0.0,0.0,1.8258,0.4467401800109044,0.9790674013862112,0.0034540759159219,0.4465325421750447,2123.0,5.150048548051172,1.2082000000000004,-1.0723494641833582,3.1066,1.5223477626000943,1.5445,0.3346,0.0,0.0,2.772,1.6728420159365376,0.1911782760098519,0.0033375809440527,0.693602411962192
sub-cp012,ses-20210723,run-006,level-04B,4,sub-cp012_ses-20210723_level-04B_run-006,3,4.0,4,1101.3016,340.777,607.5794,2049.658,0.8733500000000001,-0.6933231448770272,0.9838,-0.4059073899371069,-0.444,-2.0002,0.0,0.0,2.984,0.6973837200663827,0.0760571254367818,0.0014446135255489,0.5672317664475668,397.06121385097504,0.206875,3.361741281594928,0.8877,-0.1130536163522012,-0.1169999999999999,-0.5313,0.0,0.0,1.419,0.2254299314387279,0.8941963011143185,0.0004835526445352,0.1950832644963377,0.582475,-0.6796890412734466,0.9475,0.0652269392033543,-0.0331,-0.5247,0.0,0.0,1.4722,0.383036391881034,0.4307645025593241,0.0014695467087827,0.3775407644866284,1908.0,4.802785901711707,0.58605,-0.5835708300484059,2.3309,1.0742471698113207,1.1051,0.2044,0.0,0.0,2.1265,1.1370398895139573,-0.073242877316422,0.0018110557639857,0.3727271664723277
sub-cp012,ses-20210723,run-009,level-04B,4,sub-cp012_ses-20210723_level-04B_run-009,3,4.0,4,808.5627,330.3301,620.6762,1759.569,0.8158,-0.8395500022063405,0.9177,-0.166465266558966,-0.1003,-1.3886,0.0,0.0,2.3063,0.5378288276299747,-0.2227095318713934,-0.0006755940993147,0.5115565303507,385.2905172854662,0.3268,-0.3777536236522341,0.5978,-0.0429313408723747,-0.0269,-0.4947,0.0,0.0,1.0925,0.2189328769622561,0.1676076138488856,6.436701368807731e-05,0.2147401610185888,0.4495,0.1583909958620082,0.9992,-0.0131666128163704,-0.0856,-0.8113,0.0,0.0,1.8105,0.4394584000864811,0.5980483726248362,0.0009055504466036,0.4393794328576567,1857.0,4.817144250204497,0.4663,-0.5463537481412741,1.8426,0.94753295638126,0.9533,0.1244,0.0,0.0,1.7182,1.0054036375423625,0.0187085696274684,-0.0004438209411556,0.3362717117902734
sub-cp013,ses-20210319,run-001,level-01B,1,sub-cp013_ses-20210319_level-01B_run-001,0,1.0,2,1026.6035,1541.1145,1553.8531,4121.5711,0.6123000000000001,3.567906297907188,2.474,-0.2391774424552429,-0.326,-2.0784,0.0,0.0,4.5524,0.6871550130457932,0.9579628043628992,-0.0021905253056978,0.6443512517463033,373.56336303055286,1.05535,0.8177674559570716,0.6761,-0.6541226086956522,-0.5114,-3.0,0.0,0.0,3.6761,1.1424261906528204,-1.1765151342656444,-0.0069086004019856,0.936861873752826,1.10735,0.6424878538701035,3.0,0.1020209207161125,-0.0076,-2.8401,0.0,0.0,5.8401,1.1147192914571824,-0.0825034452850997,0.0005377936379258,1.110324920768604,1955.0,5.230705667033485,1.8046,0.343851198206655,6.1823,2.1082215345268542,1.925,0.1516,0.0,0.0,6.0307,2.580944366488841,1.0254203688933874,0.0095930178241459,1.4892314172232357
sub-cp013,ses-20210319,run-007,level-01B,1,sub-cp013_ses-20210319_level-01B_run-007,0,1.0,2,2903.0924,2702.8484,1282.3931,6888.3338,3.098275,-1.2463044199421238,3.0,1.2840663895486937,1.4911,-1.9412,0.0,0.0,4.9412,2.04258818377073,-0.3684782634456406,0.0004325991838629,1.5889742938333675,332.8716404736042,2.401,-1.1530469643163737,3.0,1.4978549881235153,1.42965,-1.1871,0.0,0.0,4.1871,1.916861750402045,-0.1479273623157383,0.0094054272558201,1.196511406948001,0.91735,1.0735169972859646,3.0,0.5315440617577196,0.37055,-1.9962,0.0,0.0,4.9962,1.1270450509261385,0.6095386324613461,0.002597397599777,0.9941218842969692,1684.0,5.056002961398141,2.308875,-0.5892139565071131,6.8913,4.090459501187649,4.2886,0.1335,0.0,0.0,6.7578000000000005,4.351661646707244,-0.3276945265816445,0.0107350689139988,1.4853990630483915
sub-cp013,ses-20210319,run-012,level-01B,1,sub-cp013_ses-20210319_level-01B_run-012,0,1.0,2,2177.9591,2307.2775,1657.864,6143.1006,1.850175,-0.74712633971397,3.0,0.562563101604278,0.3761,-3.0,0.0,0.0,6.0,1.487603324908248,0.4096066707403556,-0.0004379990410388,1.3774981362856034,355.70854134857655,1.9306,-0.9037397017401938,3.0,0.5463285026737967,0.0891,-2.2993,0.0,0.0,5.299300000000001,1.6412514523055834,0.3794272169362767,0.008801587918385,1.5480675226373777,0.8810250000000001,-0.6282482611675047,0.5533,-0.7942944385026738,-0.81475,-2.1149,0.0,0.0,2.6682,1.043891122864699,0.1063709187635132,0.0008872432435934,0.6775326581883735,1870.0,5.254301718238679,2.2515,-0.6989570104177174,6.5372,3.28508155080214,3.3718,0.5468,0.0,0.0,5.9904,3.61897014658549,0.2220812071151275,0.009345291477672,1.5186894036639722
sub-cp013,ses-20210319,run-003,level-02B,2,sub-cp013_ses-20210319_level-02B_run-003,1,2.0,2,1666.7682,2324.5118,2743.1162,6734.3963,1.5958,-0.4118218577976398,2.0744,-0.2343750680457267,-0.1013,-3.0,0.0,0.0,5.0744,1.1499406774313718,-0.2710066252852911,-0.0019265480286774,1.126109324830215,330.1760405302048,1.9667,-1.1297000208120442,0.027,-1.2649808383233534,-0.8217,-3.0,0.0,0.0,3.027,1.6397300628750917,-0.6710333733592865,-0.0087710785899229,1.0436144132187644,2.1979,-1.2132309783777788,0.7214,-1.3913459444746872,-1.3241,-3.0,0.0,0.0,3.7214,1.816727425387364,0.0268078394876941,-0.003071694718888,1.1685025789842094,1837.0,5.560669990020191,2.7514000000000003,-0.9182920711264088,7.325,3.6659763200870974,4.131,0.278,0.0,0.0,7.047000000000001,4.09860094716732,-0.2340434385362282,0.0132453584244854,1.833296742382904
sub-cp013,ses-20210319,run-008,level-02B,2,sub-cp013_ses-20210319_level-02B_run-008,1,2.0,2,3158.7277,5523.6318,5741.2597,14423.6193,2.2324,-0.7807636278603338,3.0,-0.0824828239845261,-0.1248,-3.0,0.0,0.0,6.0,1.4471244281155449,-0.0708823779478856,-0.0015306634981778,1.4450513825665516,472.99749478697777,2.1982,1.0747964811132509,3.0,-1.4919557446808511,-1.7952,-3.0,0.0,0.0,6.0,2.3530579523994084,1.3709404554369002,0.0065624026220222,1.819953601216088,1.4516,1.734686910782267,2.3089,-2.149657678916828,-2.9726,-3.0,0.0,0.0,5.3089,2.415731142540622,1.3607954620580422,0.0046985449700973,1.1023606092408038,2585.0,5.463031048745294,2.4201,0.3134348977280794,9.0,5.579736789168278,5.7095,0.3758,0.0,0.0,8.6242,5.842685228781611,-0.577538867411664,0.0123518624609866,1.7333985100201268
sub-cp013,ses-20210319,run-010,level-02B,2,sub-cp013_ses-20210319_level-02B_run-010,1,2.0,2,3312.1992,2433.3818,5798.3313,11543.9123,1.3665999999999998,-0.4119679831957494,3.0,1.2618663278271918,1.1855,-1.443,0.0,0.0,4.443,1.6432900430845965,-0.1887298554420447,0.0050867006913973,1.0528841666602458,518.862846493721,1.6976999999999998,-0.0064975511775644,3.0,0.1985662007623888,0.0975,-3.0,0.0,0.0,6.0,1.3725536062048622,0.3471794932650261,0.0059823130929024,1.3584021580398409,1.4108,3.530733515263755,3.0,-2.1097327403642523,-3.0,-3.0,0.0,0.0,6.0,2.639886334476935,2.031610131416627,-0.0059485854900912,1.5871655817999886,2361.0,4.548408150531471,2.8197,-0.6927714725291119,8.5392,4.889418212621771,4.896,0.1943,0.0,0.0,8.344899999999999,5.210761182500967,-0.0807447467024404,0.0154757660030244,1.8019425369721187
sub-cp013,ses-20210319,run-002,level-03B,3,sub-cp013_ses-20210319_level-03B_run-002,2,3.0,2,581.8627,501.1171,191.5685,1274.5482,2.73615,-1.4278543690169998,3.0,1.3333626666666665,0.8592,-1.7889,0.0,0.0,4.7889,1.929971149269681,-0.0310080309044551,0.0761061937167881,1.3971894425555156,62.92391940951347,2.1762,-1.420469294540834,-0.0784,-1.336312,-0.7139,-3.0,0.0,0.0,2.9216,1.741297185632979,-0.5195676392973099,-0.0462495030079135,1.1179081852180617,0.96785,-1.00317726194365,1.1337,0.0152549333333333,0.0437,-0.9474,0.0,0.0,2.0811,0.6208181510233088,0.133958739194918,0.0147336658094414,0.6214598645805058,375.0,5.943685700281647,4.789949999999999,-1.5094508542726734,7.1337,3.3987936,2.298,0.3887,0.0,0.0,6.745,4.157038615277307,0.3976212220279105,0.0802302216291493,2.3967667294754462
sub-cp013,ses-20210319,run-005,level-03B,3,sub-cp013_ses-20210319_level-03B_run-005,2,3.0,2,3538.816,3828.5552,3811.4719,11178.8431,1.655175,-0.6798206625729053,2.2649,-0.817906071645416,-0.62185,-3.0,0.0,0.0,5.2649,1.4253343512906136,-0.1778534263313206,0.0055644139305589,1.167485100583555,601.698587089777,1.0459,0.524825623331064,3.0,-0.5179353066180935,-0.32655,-3.0,0.0,0.0,6.0,1.6324349971475007,0.4017341826758973,0.0099717701333155,1.5483264579368767,1.87915,0.1964708620650168,3.0,-0.5294106253794779,-0.25895,-3.0,0.0,0.0,6.0,1.5700624077487702,0.3305933994836802,0.0018863265168855,1.478338198148346,3294.0,5.472839841501348,3.475975,-0.8508881273468427,8.8382,3.393705798421372,3.12725,0.3056,0.0,0.0,8.5326,4.093332517343044,0.368971277938928,-0.0062936827196421,2.28904406646668
sub-cp013,ses-20210319,run-011,level-03B,3,sub-cp013_ses-20210319_level-03B_run-011,2,3.0,2,2559.2193,2739.4076,3389.8153,8688.4422,1.80655,-0.0873125804007721,3.0,0.6665483201581028,0.75885,-3.0,0.0,0.0,6.0,1.5209034962615846,-0.4873027426530623,-0.0026889823885104,1.3674006685861937,427.52232402563095,1.6237,0.0911529558733605,3.0,-0.6596575592885375,-0.71785,-3.0,0.0,0.0,6.0,1.6622803309820409,0.5989015067093078,0.0072454695952071,1.5261646645023763,2.0471250000000003,-0.7358752469122081,1.5532,-1.4659744071146248,-1.64145,-3.0,0.0,0.0,4.5532,1.9398108051286025,0.4884828185093181,-0.0016291546917167,1.2706623139575115,2024.0,4.731916642272736,2.10825,-0.1368888149590228,7.9079,4.292709634387351,4.34395,0.2468,0.0,0.0,7.661099999999999,4.591864260288626,-0.2922663316112007,0.0102574760510917,1.6306977652201171
sub-cp013,ses-20210319,run-004,level-04B,4,sub-cp013_ses-20210319_level-04B_run-004,3,4.0,2,1711.6899,2374.614,899.7853,4986.0893,2.279825,-0.7237653494666532,2.8722,0.5738470881863561,1.04785,-3.0,0.0,0.0,5.872199999999999,1.6195547881173424,-0.6403037531193444,-0.001072161878074,1.5151128738904187,224.8727593570948,1.817775,-1.561666964232815,-0.2313,-1.975551414309484,-1.65875,-3.0,0.0,0.0,2.7687,2.161929117532443,-0.071068222514714,-0.0123122961087667,0.8785079369909148,0.7628249999999999,0.0730470018582485,1.9919,-0.1153480865224625,-0.3405,-1.3563,0.0,0.0,3.3482000000000003,0.9254782291401094,1.0577378362030967,-0.0035255493029328,0.9186440317770352,1202.0,5.340798073691215,2.695575,-1.040572261225,7.1091,4.148160565723794,3.96505,0.4421,0.0,0.0,6.667,4.470568895513647,-0.040815915833658,0.0148377242736703,1.6676522022200466
sub-cp013,ses-20210319,run-006,level-04B,4,sub-cp013_ses-20210319_level-04B_run-006,3,4.0,2,1561.7529,2454.6306,699.5248,4715.9083,2.02845,-0.5883513815873762,3.0,0.5876963706563707,0.6087,-2.8593,0.0,0.0,5.8593,1.4572793174917391,-0.2452668861392836,-0.0109826638376971,1.3340353190190348,248.6919421702624,2.23555,-1.749400308690037,-0.1497,-1.895467799227799,-2.2858,-3.0,0.0,0.0,2.8503,2.184278108931713,0.1954220629025926,-0.0111330506965298,1.0859020422954992,0.92485,-0.8561466476873387,0.7921,-0.2981285714285714,-0.1414,-1.5786,0.0,0.0,2.3707000000000003,0.6986017491828874,-0.3401874971465451,-0.0058441780916446,0.6320381567793854,1295.0,5.203224474052669,2.90895,-1.2118102583118742,7.4008,3.6416272586872585,3.8351,0.5895,0.0,0.0,6.8113,4.005354935846274,-0.0124756131277644,0.0260860884489716,1.668402992287445
sub-cp013,ses-20210319,run-009,level-04B,4,sub-cp013_ses-20210319_level-04B_run-009,3,4.0,2,1172.7965,1977.0543,1937.0258,5086.8767,2.22825,-0.7152258942641123,2.7848,0.7851930795847749,1.0792,-3.0,0.0,0.0,5.784800000000001,1.5560174164439216,-0.4833919980231342,0.0079427369633506,1.3441524963311124,165.22012576460838,1.4485,-0.5630765744038073,-0.1419,-2.28034059976932,-3.0,-3.0,0.0,0.0,2.8581,2.481478698067331,1.0120156732061485,-0.0167576437022243,0.979228912622127,1.5071,-0.5695121043024134,-0.1082,-2.234170934256056,-3.0,-3.0,0.0,0.0,2.8918,2.470078215363136,1.04408584220489,-0.0144340768956783,1.054062669981674,867.0,5.241492197105596,3.94105,-0.7870437243640152,8.7848,5.867217416378317,6.8089,0.4804,0.0,0.0,8.304400000000001,6.287553679717472,-0.7579110201652615,0.0391344575612533,2.2616345212118083
sub-cp014,ses-20211112,run-001,level-01B,1,sub-cp014_ses-20211112_level-01B_run-001,0,1.0,3,779.8629,349.2606,281.35,1410.4735,0.3772999999999999,0.74436458159279,0.0536,-0.4030816675297773,-0.3195,-2.1126,0.0,0.0,2.1662,0.532321480028216,-1.1891125528038318,0.0054747042876483,0.3477843662304508,364.2205853015184,0.17395,1.944750609658548,0.8176,-0.0226276022786121,-0.0659,-0.7502,0.0,0.0,1.5678,0.2586607016857839,0.9671576441025588,-0.0017088545379299,0.2577358161204891,0.2737,0.0918070673867994,0.5171,-0.0163195753495598,-0.0441,-0.2569,0.0,0.0,0.774,0.173092121161186,0.8212991653804878,0.0002885613944994,0.1723657148266302,1931.0,5.298986597372737,0.355,0.2378039639111739,2.2525,0.7304359917141376,0.6187,0.18,0.0,0.0,2.0725,0.8360785352558001,1.032928081679503,-0.0034772883552189,0.4069107095397247
sub-cp014,ses-20211112,run-007,level-01B,1,sub-cp014_ses-20211112_level-01B_run-007,0,1.0,3,707.7692,293.0876,160.5568,1161.4137,0.6812,-0.1367486250864686,0.8706,0.0021604395604395,-0.0175,-2.5495,0.0,0.0,3.4201,0.5012294429639256,-0.4012571899254101,0.005814075889578,0.5013697962358568,353.4181594848633,0.3389999999999999,-1.299903041903656,0.318,-0.016581954887218,-0.0221,-0.3597,0.0,0.0,0.6777,0.1919105415328116,0.0910753437558454,0.0003802860616893,0.1912481347902759,0.1134,-0.1221897433400154,0.1202,-0.0859116830537883,-0.0956,-0.2167,0.0,0.0,0.3369,0.1103173463500906,0.445165321376474,0.0003350139114882,0.0692233420912275,1729.0,4.889392221720314,0.418,1.6202855196226889,2.6861,0.6717260266049739,0.628,0.1448,0.0,0.0,2.5413,0.7258158719635556,0.688550408507533,-0.0058717978810844,0.2750210374200721
sub-cp014,ses-20211112,run-012,level-01B,1,sub-cp014_ses-20211112_level-01B_run-012,0,1.0,3,644.2994,382.9899,121.1393,1148.4285,0.277725,1.9716732884430872,0.894,0.2639355715871254,0.3077499999999999,-0.8412,0.0,0.0,1.7352,0.4127018838635294,-1.030642304087931,0.0035102578669735,0.3173590248346651,339.2628248780966,0.29105,-0.7212453083503778,0.5155,0.1463453385127635,0.1676,-0.2675,0.0,0.0,0.7829999999999999,0.2453326238410919,-0.3841402434161583,0.0006481700436203,0.1969585382201397,0.09995,-0.0044793975459676,0.2494,0.0153026637069922,-0.0212499999999999,-0.1438,0.0,0.0,0.3932,0.0893236245352313,0.935851504466312,2.2696268012172423e-05,0.0880274872749613,1802.0,5.308568661028902,0.3541749999999999,-0.6602155705852293,1.1226,0.63730577136515,0.6462,0.0902,0.0,0.0,1.0324,0.677261623077249,-0.0781221062664937,-0.0018796636508262,0.2292462083485492
sub-cp014,ses-20211112,run-003,level-02B,2,sub-cp014_ses-20211112_level-02B_run-003,1,2.0,3,692.1124,308.9405,226.7423,1227.7952,0.48885,-0.0095614374706021,0.7543,-0.0634058195926285,-0.06095,-1.2074,0.0,0.0,1.9617,0.4392351149858848,-0.6040478301618349,0.001674002145615,0.4347399755058713,384.70679484307766,0.301775,-1.422944083074732,0.216,-0.0597225994180407,-0.08665,-0.3022,0.0,0.0,0.5182,0.1662963466753126,0.1562130729491325,0.0006508853063074,0.1552397288528213,0.17945,-0.0223392995788773,0.2325,0.0008674102812803,-0.0113,-0.3962,0.0,0.0,0.6287,0.1325762427276866,-0.2933737206478209,0.0001463452186306,0.1326055635803613,2062.0,5.357326742410891,0.307175,0.183818409610875,1.3319,0.5954413191076624,0.5747,0.162,0.0,0.0,1.1699000000000002,0.6437030326542688,0.7411447405333169,-0.0013649356004075,0.2446063089046346
sub-cp014,ses-20211112,run-008,level-02B,2,sub-cp014_ses-20211112_level-02B_run-008,1,2.0,3,452.3831,311.7415,219.7433,983.868,0.3649,-0.2338768010586092,0.7194,-0.0211933614330874,0.00385,-0.7233,0.0,0.0,1.4427,0.303516174351103,-0.1139436169319014,0.0009010161158642,0.3028551381875446,378.3506132662296,0.299075,-0.5805081615595711,0.3553,-0.0339959430979978,-0.0198,-0.5037,0.0,0.0,0.859,0.2002316958373813,-0.2990302364122987,0.0003235094531586,0.1973766284077843,0.202825,-0.8091419962147395,0.2078,-0.0527188619599578,-0.0457,-0.2955,0.0,0.0,0.5033,0.1411852426414532,0.022041861645623,6.871932828533533e-06,0.1310077746906045,1898.0,5.013867913741585,0.322275,-0.6705847180121864,1.071,0.5183725500526871,0.48895,0.0357,0.0,0.0,1.0353,0.5636992476646593,0.3756673523874887,-0.0012176536361943,0.2215233533228494
sub-cp014,ses-20211112,run-010,level-02B,2,sub-cp014_ses-20211112_level-02B_run-010,1,2.0,3,693.5816,437.5158,225.2056,1356.3029,0.6806749999999999,-0.682452733562215,1.0061,0.0653640985324947,0.1911999999999999,-0.8281,0.0,0.0,1.8342,0.4169100814839777,-0.4485104407694573,0.0026761088132382,0.4118621802459059,379.0951978415251,0.44925,-0.8673972334562801,0.6209,-0.0091348008385744,-0.03055,-0.5942,0.0,0.0,1.2151,0.2639129968288379,0.1154536738850469,0.0004808818498307,0.2638240036910167,0.162825,-0.569032070181474,0.1871,-0.0769461740041928,-0.08685,-0.3094,0.0,0.0,0.4965,0.1443739495954964,0.1923872814917908,-6.383620826058693e-05,0.1221922627375652,1908.0,5.0303987253280695,0.27875,0.8537116988801365,1.5686,0.7108481132075471,0.7072499999999999,0.0702,0.0,0.0,1.4984,0.7515655795028808,0.1967715776729578,-0.0015294311384086,0.2440840123568221
sub-cp014,ses-20211112,run-002,level-03B,3,sub-cp014_ses-20211112_level-03B_run-002,2,3.0,3,630.977,240.8342,342.0321,1213.8432,0.453125,-0.3677849795109162,0.4263,-0.2248064163498098,-0.16515,-1.1709,0.0,0.0,1.5972,0.3947490979083166,-0.5129481102528674,0.0017994573315447,0.3245596886983929,396.7862907797098,0.1932249999999999,0.8772095053603906,0.5658,-0.0463416349809885,-0.0527,-0.4401,0.0,0.0,1.0059,0.1444793008514531,0.3710547285912511,0.0016777293355873,0.1368781429119565,0.2385,-0.6521506123556264,0.3706,-0.0684089353612167,-0.04835,-0.4209,0.0,0.0,0.7915,0.2051038082247352,-0.054366016413391,0.0001219800207937,0.1934051913026943,2104.0,5.300082308457466,0.559975,-0.789440450797132,1.4949,0.5769222908745247,0.5191,0.0341,0.0,0.0,1.4608,0.6768987024295146,0.5015624220136015,-0.0005032935981925,0.3541357510455507
sub-cp014,ses-20211112,run-005,level-03B,3,sub-cp014_ses-20211112_level-03B_run-005,2,3.0,3,447.5238,368.3312,565.0912,1380.9463,0.294825,1.340687461189682,0.7735,-0.0701013326752221,-0.08245,-1.1307,0.0,0.0,1.9042,0.2896166954635285,-0.1416819225726327,-0.0016238407443483,0.2810740611213709,383.84305983781815,0.295575,-0.087717326309745,0.4003,-0.0713783810463968,-0.07555,-0.6935,0.0,0.0,1.0938,0.2248443754879113,-0.2677435108465536,0.0009738355049533,0.2132664280886093,0.415925,1.246784021627862,0.8558,-0.1114051826258637,-0.1745499999999999,-0.5358,0.0,0.0,1.3916,0.3322735034438036,1.149719749106391,9.56119931294486e-05,0.3131181226843538,2026.0,5.27559362635241,0.465575,0.2131777396189926,1.6621,0.6816103652517276,0.6147499999999999,0.1532,0.0,0.0,1.5089,0.7492438256643494,0.79266853116039,-0.0009055784417383,0.3111613885424555
sub-cp014,ses-20211112,run-011,level-03B,3,sub-cp014_ses-20211112_level-03B_run-011,2,3.0,3,702.6975,361.8632,436.7611,1501.3218,0.3787,2.2836298017040093,1.5733,-0.0896134034766697,-0.1758,-1.0381,0.0,0.0,2.6114,0.4127187918414508,1.0881188392407295,0.0019063649091214,0.4029646648131808,393.1566283106804,0.23945,0.1830189925673808,0.5927,-0.0612723238792314,-0.0879,-0.498,0.0,0.0,1.0907,0.1990137097876426,0.4089176585224133,-0.000180843956022,0.1893899873822222,0.279925,2.759103727124572,0.1735,-0.1572233760292772,-0.1488,-1.1004,0.0,0.0,1.2739,0.2792530500308091,-1.312454560184367,-0.0001053015440128,0.2308407517646724,2186.0,5.5575814895669735,0.380225,0.9621513751957532,1.9801,0.6867873284537969,0.6203,0.0545,0.0,0.0,1.9256,0.7735590866417865,1.0132711809451362,-0.0018308224971122,0.3560545182582037
sub-cp014,ses-20211112,run-004,level-04B,4,sub-cp014_ses-20211112_level-04B_run-004,3,4.0,3,915.6738,400.733,553.3302,1869.737,0.5218,0.0259046557152022,0.727,-0.3718355167394468,-0.3695,-1.5301,0.0,0.0,2.2571,0.5485102386128934,-0.1165101626659022,0.0016588415445751,0.4033370343541963,392.0205652713776,0.3372,0.1550405441945503,0.7207,-0.0624259097525473,-0.0602,-0.6347,0.0,0.0,1.3554,0.243224568102956,0.4450767709705052,-0.0008522512072006,0.2351340514342676,0.473,-0.6131476100542583,0.751,0.0227910722950024,-0.0388,-0.6612,0.0,0.0,1.4122,0.3311280281019153,0.0939606960932564,0.0014055385069366,0.3304229289392627,2061.0,5.25482635987211,0.6166,-0.7273110014218878,1.9542,0.9071996118389132,0.9259,0.0524,0.0,0.0,1.9018,0.9857728622967652,0.0611821571745005,-3.112081630603868e-05,0.3857579587609595
sub-cp014,ses-20211112,run-006,level-04B,4,sub-cp014_ses-20211112_level-04B_run-006,3,4.0,3,813.69,416.8935,563.074,1793.6575,0.5092,4.426390908472264,2.28,-0.1908899700598802,-0.221,-1.685,0.0,0.0,3.965,0.5419616752503075,1.0685291079595576,-0.001407252246933,0.507357788779719,390.8325612545013,0.32565,0.6149035903868425,0.8353,-0.1083701596806387,-0.13355,-0.5174,0.0,0.0,1.3527,0.252346377310467,0.6775848081739246,0.0027679372376948,0.2279485271749143,0.4902999999999999,-0.5597199952947776,0.6564,-0.0134909680638722,-0.011,-0.904,0.0,0.0,1.5604,0.3518697601794484,-0.1533459064738968,0.0012191921739338,0.3516987979600317,2004.0,5.124956819285309,0.4386499999999997,3.023665481326619,2.6877,0.8950386227544911,0.86405,0.1166,0.0,0.0,2.5711,0.970090448732774,1.1639809682232884,0.0033566804050026,0.3742341891687412
sub-cp014,ses-20211112,run-009,level-04B,4,sub-cp014_ses-20211112_level-04B_run-009,3,4.0,3,815.2294,484.8827,768.1636,2068.2756,0.6276,-0.0924198558719093,1.0021,-0.2376241292276628,-0.2611,-1.577,0.0,0.0,2.5791,0.5043341122203777,-0.0914633508526423,-0.0046523507884597,0.4449579904053495,390.6842116266489,0.4378999999999999,-0.725205861703127,0.6659,-0.022877284199899,-0.0393,-0.7589,0.0,0.0,1.4248,0.2936648281842217,-0.1386651018755477,0.0009511518227286,0.2928462940145824,0.5374,-0.5183189714727559,1.1493,0.1105503785966683,0.092,-0.8408,0.0,0.0,1.9901,0.5039386626608259,0.0493456409523051,0.0003317257164306,0.4917874304859239,1981.0,5.06803177880184,0.657,-0.1479722368561291,2.6387,1.0440570418980313,0.9678,0.1401,0.0,0.0,2.4986,1.142330945384674,0.5572275180978498,0.002827859348091,0.4636522400072822
sub-cp015,ses-20210504,run-001,level-01B,1,sub-cp015_ses-20210504_level-01B_run-001,0,1.0,2,502.0559,737.5792,225.2746,1464.9097,0.6226750000000001,-1.576499583263535,0.2603,-0.1793086206896552,-0.07505,-0.6347,0.0,0.0,0.895,0.3468373941404501,-0.2869514892645468,-0.0006291332206116,0.296971570732314,360.6549337506294,0.5574749999999999,0.0723475154357609,1.4322,0.1036525862068965,0.1574499999999999,-0.9028,0.0,0.0,2.335,0.4958218757671188,-0.0740424349518537,0.0004866147210988,0.4849971236681242,0.16885,-0.4887163138129882,0.3046,-0.0073664870689655,-0.05075,-0.2113,0.0,0.0,0.5159,0.1476007321508451,0.8860317867796571,-8.650928375091318e-05,0.1474565231104219,1856.0,5.143420556344358,0.345,1.2039616791410117,1.8664,0.7892825431034483,0.78015,0.181,0.0,0.0,1.6854,0.841827669201732,0.7058764368112048,0.0004769101540114,0.2928362937921781
sub-cp015,ses-20210504,run-007,level-01B,1,sub-cp015_ses-20210504_level-01B_run-007,0,1.0,2,1340.6286,613.225,231.4558,2185.3094,1.6661,-1.5828687300898847,1.2187,0.1529157006190208,0.6363,-1.2009,0.0,0.0,2.4196,0.7915818486463412,-0.4290070623443306,0.0025541755258448,0.7768901220441042,353.9302568882704,0.5279,4.5407642840709785,2.0622,0.1625065278559369,0.1843,-0.5912,0.0,0.0,2.6533999999999995,0.4695278466729642,1.4624720012646244,0.0050478871620292,0.4406328272860952,0.1175,3.161947848926969,0.7678,0.0152286437816544,-0.0045,-0.4948,0.0,0.0,1.2626,0.2118553283273435,0.7589698967966846,0.0001359024809658,0.2113667659490618,1777.0,5.017937758739436,0.3343,2.684002965207293,2.6288,1.2297755768148566,1.1787,0.3846,0.0,0.0,2.2442,1.2826039525729993,0.9271154009616436,0.0046480908822647,0.3644168798657659
sub-cp015,ses-20210504,run-012,level-01B,1,sub-cp015_ses-20210504_level-01B_run-012,0,1.0,2,1408.343,548.2175,174.5483,2131.1088,1.941425,-1.1798731129028923,1.4337,0.3694619433198379,0.7942,-3.0,0.0,0.0,4.4337,1.010324046311878,-0.4635757540691997,0.0046098423927496,0.940664454262105,348.0813145637512,0.292625,-0.0189699446929605,1.0882,0.3194973684210526,0.3683,-0.2725,0.0,0.0,1.3607,0.4193755146172209,-0.3574945987847036,0.0035020552640918,0.2717481981050724,0.175725,0.7884748446324545,0.1143,-0.0786693657219973,-0.01815,-0.5106,0.0,0.0,0.6249,0.1796777666770618,-1.2778531213362934,-9.59545905009583e-05,0.1615947113682987,1482.0,4.254752950057462,0.8649,-0.9639054836760428,3.141,1.437994669365722,1.34065,0.5468,0.0,0.0,2.5942,1.5266899212858305,0.3401684063220773,0.0051131730590899,0.5129629595907933
sub-cp015,ses-20210504,run-003,level-02B,2,sub-cp015_ses-20210504_level-02B_run-003,1,2.0,2,204.8067,451.2045,350.3379,1006.3491,0.0492,105.5893984780002,0.335,-0.0696588235294117,-0.0637,-3.0,0.0,0.0,3.335,0.2248601863756227,-8.633829744975047,0.0003633543041535,0.2138530912431112,388.8766374439001,0.4575,-0.3201472993596952,0.7867,0.0654005626598465,0.004,-0.3059,0.0,0.0,1.0926,0.2844463245587596,0.7108562849726894,0.0018841450718563,0.2768965442501903,0.30735,-0.6603760426795815,0.5641,0.0568347314578005,-0.0071,-0.3293,0.0,0.0,0.8934,0.2347437271522716,0.3434867465857433,-1.0028887375787925e-05,0.2278178626723029,1955.0,5.02472972622812,0.3156,22.652488133017687,3.1881,0.5147562148337596,0.4357,0.0849,0.0,0.0,3.1032,0.5862714471900208,3.134452459358235,0.0009758878869516,0.2806787238726783
sub-cp015,ses-20210504,run-008,level-02B,2,sub-cp015_ses-20210504_level-02B_run-008,1,2.0,2,795.5338,948.06,361.1769,2104.7707,0.7293249999999999,-0.973527738440759,1.3241,0.249367481402763,0.07405,-0.52,0.0,0.0,1.8441,0.5424370334129606,0.4808191442044425,0.0023546805431185,0.4818476540206461,374.742978438735,0.8822749999999999,2.5149023613583186,2.8676,0.3209367162592986,0.1830999999999999,-0.4915,0.0,0.0,3.3591,0.7318268903896216,1.4714104452599963,0.0048545272484602,0.6578755124443784,0.2703,1.376787734827662,0.7907,-0.0425022316684378,-0.0646,-0.4639,0.0,0.0,1.2546,0.2501454412218635,1.0499099888943213,0.0002588440760227,0.2465737362021822,1882.0,5.019440278338707,0.953625,0.8935162559882972,3.3327,1.118369447396387,0.9083,0.0651,0.0,0.0,3.2676,1.3095418787153996,1.0902119891442723,0.0037140122165825,0.6814664101262583
sub-cp015,ses-20210504,run-010,level-02B,2,sub-cp015_ses-20210504_level-02B_run-010,1,2.0,2,1362.6153,856.4679,340.2262,2559.3094,1.28595,0.7384651125867201,1.4753,0.5955768496420047,0.94045,-3.0,0.0,0.0,4.4753,0.9311502837196162,-0.8838168469071747,0.003993487503129,0.7159852897520681,366.7721506208181,0.7939,0.3778546168198664,1.9479,0.2853538782816229,0.3291,-0.9187,0.0,0.0,2.8666,0.6449807008500128,0.4484775736244502,0.0030078619604369,0.5785957257477855,0.3421,-0.4829328268149515,0.4106,-0.0913943317422434,-0.05515,-0.6273,0.0,0.0,1.0379,0.263166263781286,-0.3143697654272799,-7.170664390816809e-05,0.2468601200101663,1676.0,4.566868005558234,1.28945,-1.1297385331732903,3.1889,1.5270326968973746,1.68985,0.3626,0.0,0.0,2.8263,1.7025138943741378,0.1061128377388637,0.0052201346169801,0.7530358864288458
sub-cp015,ses-20210504,run-002,level-03B,3,sub-cp015_ses-20210504_level-03B_run-002,2,3.0,2,278.9551,795.7377,699.2467,1773.9395,0.2193,0.5114444861120035,0.4689,0.0039334801762114,0.017,-0.6267,0.0,0.0,1.0956,0.1764388793182938,-0.561878321532884,0.0004905564122178,0.1764382143467195,389.5576436072588,0.61365,5.882988599557724,2.5953,0.0750371023005383,-0.0844,-1.0906,0.0,0.0,3.6859,0.5853309955499059,2.1318487951411,-0.0025490450933138,0.5806434646155986,0.42995,3.855269553532727,1.3093,-0.1789460107684777,-0.2439,-0.7027,0.0,0.0,2.012,0.4313283907541706,1.704031115685822,0.0017938295178325,0.3925530960019284,2043.0,5.24184298141686,0.4871,9.900496150322995,3.8123,0.8683017131669114,0.7989,0.0483,0.0,0.0,3.764,1.0569008087701752,2.8296508975442,0.0046978926739916,0.6027182311597866
sub-cp015,ses-20210504,run-005,level-03B,3,sub-cp015_ses-20210504_level-03B_run-005,2,3.0,2,1302.0914,1282.7439,589.5704,3174.4057,1.36355,-0.4368619511792153,1.1807,0.1037623331685615,0.2141,-3.0,0.0,0.0,4.1807,0.7325105795041574,-0.517802743183467,0.0020537801695648,0.7253035015781168,392.0575395226479,1.05415,-1.159875828099636,1.5177,0.437941917943648,0.5053,-0.7414,0.0,0.0,2.2591,0.765898842188474,-0.1099133548872664,0.0022190620311989,0.6284927757042577,0.4048,0.9651341705830974,1.086,-0.0320065743944636,-0.1029,-0.6842,0.0,0.0,1.7702,0.3831438536118694,1.0606024301526324,1.9129845096542848e-05,0.3818990522559934,2023.0,5.157406238027966,0.5213999999999999,1.052821497849683,3.2748,1.5691565002471577,1.6049,0.2258,0.0,0.0,3.049,1.6158404065306582,-0.1318440860755697,0.003659411834668,0.3856962953815211
sub-cp015,ses-20210504,run-011,level-03B,3,sub-cp015_ses-20210504_level-03B_run-011,2,3.0,2,1868.6922,507.6729,389.2427,2765.6078,0.6075249999999999,2.3718369643977164,2.0218,0.9243609080188678,1.27415,-3.0,0.0,0.0,5.0218,1.1957598298923569,-1.5819693792412008,0.0037505548757404,0.758773978627369,359.49347354471684,0.540775,-1.038971454915982,0.686,0.1495863207547169,0.2143499999999999,-0.4597,0.0,0.0,1.1457000000000002,0.3393967921701343,-0.2836073023790992,0.0004592572943593,0.3047439462376899,0.4364749999999999,-1.2831403853402683,0.2611,-0.1250134433962264,-0.15165,-0.5302,0.0,0.0,0.7913,0.2657831167574454,0.0567013821544846,0.0001816444659095,0.2346161967132095,1696.0,4.714967376978435,0.4673499999999999,0.1244015091798971,3.2751,1.630664799528302,1.70125,0.3056,0.0,0.0,2.9695,1.7028579719124834,-0.5118973105827628,0.0037015971023865,0.4907133225833447
sub-cp015,ses-20210504,run-004,level-04B,4,sub-cp015_ses-20210504_level-04B_run-004,3,4.0,2,912.3406,1295.5652,1486.3774,3694.2832,0.5697000000000001,3.482031083398347,1.988,-0.2249398904609767,-0.2628,-1.5774,0.0,0.0,3.5654,0.5499454607081844,1.0884078058363862,-0.0007166354633314,0.5019532366717888,432.57697373628616,0.7605,0.882259698435305,2.0636,-0.1578746234596074,-0.1652,-2.3482,0.0,0.0,4.4118,0.811067718900041,0.0726599942081424,0.0023193560011625,0.7957357892461819,1.1209,-0.4201468953402685,1.9936,0.0660544956640803,-0.0355,-1.5722,0.0,0.0,3.5658000000000003,0.8760373124565333,0.0751978324593736,0.001077033749568,0.8737428763326821,2191.0,5.062682789341209,1.4692500000000002,0.057987730232802,4.6466,1.6861158375171157,1.5057,0.2661,0.0,0.0,4.3805000000000005,1.977399335291052,0.8163784706636296,0.0013874987261016,1.0332515588089
sub-cp015,ses-20210504,run-006,level-04B,4,sub-cp015_ses-20210504_level-04B_run-006,3,4.0,2,1845.9125,3049.1945,2537.4222,7432.5292,1.441175,-0.6624583690159929,2.2307,0.3339673892988929,0.5278,-3.0,0.0,0.0,5.230700000000001,0.9850148691747692,-0.4668038561399384,-0.0043137693309259,0.9268852932040323,476.4510668814182,2.6814,-1.3258209136396992,3.0,1.0608867158671589,0.96415,-1.7427,0.0,0.0,4.7427,1.757470259856605,0.067214656308759,0.00678201860508,1.401473172429597,1.625225,-0.2040192729508336,3.0,0.0508983856088561,-0.0255,-3.0,0.0,0.0,6.0,1.5564220896345562,0.352225304456404,0.006559330469036,1.555948508685859,2168.0,4.548211034942094,2.3455,-0.4194828460138917,8.0157,3.4282877306273063,2.82625,0.386,0.0,0.0,7.629700000000001,3.927692724312124,0.8854453273883891,0.015180572576617,1.917109445415363
sub-cp015,ses-20210504,run-009,level-04B,4,sub-cp015_ses-20210504_level-04B_run-009,3,4.0,2,1213.6038,2204.0636,663.5998,4081.2672,1.3045,-0.5343333689352221,1.7616,-0.0215283121597095,0.1284,-3.0,0.0,0.0,4.7616,0.8799788449410927,-0.4065962823186199,-0.0033152068426729,0.8799816824031093,367.5487104803324,3.4068,-1.256832247731516,1.602,-0.5857724742891711,-0.1501,-3.0,0.0,0.0,4.602,1.7036691261733026,-0.4917136729496492,-0.0043923429846624,1.60028383379044,0.6273,-0.3007344608304514,1.3347,0.0421779794313369,0.0566,-0.909,0.0,0.0,2.2437,0.5043103501975688,0.1322170601198441,0.0022236508432634,0.5026955566128347,1653.0,4.494642350509346,2.6064,-1.028862436410876,5.4239,2.469005081669691,2.0202,0.2179,0.0,0.0,5.206,2.883461839076558,0.5401865067440208,0.0079820712638767,1.4898687595599351
sub-cp016,ses-20210528,run-001,level-01B,1,sub-cp016_ses-20210528_level-01B_run-001,0,1.0,1,590.3224,364.4608,247.2806,1202.0639,0.5485,-0.9973108995008232,0.5407,-0.1590836411609498,-0.2081,-0.7499,0.0,0.0,1.2906,0.3603788153001649,0.2379767042411,-0.0009414727275073,0.3234509148793055,360.074158385396,0.31,-1.0163093478432406,0.2422,-0.1212360422163588,-0.1683,-0.4354,0.0,0.0,0.6776,0.2154693045620263,0.4036984894505326,3.1104703681657634e-05,0.1781729372529199,0.1788,0.377114160305624,0.3591,0.0148613720316622,-0.0068,-0.4699,0.0,0.0,0.829,0.1803035706186552,-0.423037158680704,0.0001871836632271,0.179737489107656,1895.0,5.260027569023174,0.3735999999999999,-0.580783065031159,1.2544,0.6343359894459103,0.6572,0.0687,0.0,0.0,1.1857,0.6791432328905315,-0.1516774168639534,0.0010520055138046,0.242661197694841
sub-cp016,ses-20210528,run-007,level-01B,1,sub-cp016_ses-20210528_level-01B_run-007,0,1.0,1,750.9543,371.1493,181.6058,1303.7094,0.574075,-0.5904278640285523,1.026,0.3580251399776036,0.3904,-0.8555,0.0,0.0,1.8815,0.5083012324458156,-0.1711185652455086,0.0018133111126344,0.3609169940350741,345.11452317237854,0.3771,2.259383327829948,1.0459,0.0038197648376259,-0.04615,-0.5017,0.0,0.0,1.5476,0.2652231307969621,1.025867333010311,0.0012419065881673,0.2652698971776258,0.1091999999999999,0.5434859565973937,0.3825,0.0201917693169092,-0.00415,-0.2435,0.0,0.0,0.626,0.1426358496083822,0.4693635505020439,-4.085600301717034e-05,0.1412389726272481,1786.0,5.172196126641777,0.4357250000000001,-0.4638881068227181,1.515,0.7299611982082868,0.6711,0.0832,0.0,0.0,1.4318,0.8031443682027608,0.4108985615419977,-2.520902313825384e-05,0.3350528033647788
sub-cp016,ses-20210528,run-012,level-01B,1,sub-cp016_ses-20210528_level-01B_run-012,0,1.0,1,1291.8646,374.9224,92.5562,1759.3432,0.871,0.6159201505059504,1.1345,0.2713040283070223,0.5249,-3.0,0.0,0.0,4.1345,0.7762333954124307,-1.177285836572984,0.0028750833896948,0.7274754277121258,346.9464585185051,0.2147,0.3229555761404663,0.7452,0.1227207403375068,0.114,-0.318,0.0,0.0,1.0632,0.2609674733255353,0.3230652486719057,0.001403963026687,0.2303747661908543,0.1003,-1.3557274068983691,0.1304,0.0210801850843767,-0.0058,-0.0576,0.0,0.0,0.188,0.0608184613603697,0.4091019622838522,0.000234041875933,0.0570638558857496,1837.0,5.291882810505971,0.6837000000000001,1.5563940378869443,3.1409,0.957729014697877,1.019,0.2807,0.0,0.0,2.8602,1.034509031736646,0.3331593907385989,0.0013610169189111,0.3912127105741446
sub-cp016,ses-20210528,run-003,level-02B,2,sub-cp016_ses-20210528_level-02B_run-003,1,2.0,1,916.1184,379.8742,280.1063,1576.0989,0.860575,2.48302524622144,0.9385,0.121664675592173,0.28345,-3.0,0.0,0.0,3.9385,0.539148766530242,-1.085585029558707,0.001180749232088,0.5253772279240871,380.35171888768673,0.373825,-0.8487697308930482,0.4291,-0.0797802780638517,-0.1034,-0.4488,0.0,0.0,0.8778999999999999,0.2258604059395177,0.3503815107736547,0.0005981305951904,0.211355228926967,0.281,-1.054393974860216,0.2133,-0.0468083934088568,-0.03395,-0.3697,0.0,0.0,0.583,0.173244071518101,-0.3361110546509903,1.367155646149586e-05,0.1668436894815883,1942.0,5.103171363800656,0.3119250000000001,18.1905043846068,3.1884,0.8115857878475798,0.77115,0.3665,0.0,0.0,2.8219000000000003,0.8528732724906669,2.589516784606803,0.0001440771719403,0.2622150510699116
sub-cp016,ses-20210528,run-008,level-02B,2,sub-cp016_ses-20210528_level-02B_run-008,1,2.0,1,502.8462,379.0453,210.8798,1092.7714,0.462675,-0.9827254652610208,0.5994,-0.0134587817258883,-0.0370999999999999,-0.4996,0.0,0.0,1.099,0.3018579028326707,0.2945441878757736,0.0011699977028193,0.3016342803500854,386.1546043306589,0.261175,1.502749911852078,0.8435,-0.0870316243654822,-0.0848,-0.5956,0.0,0.0,1.4391,0.2611528423762955,0.3579333607465629,0.0011034440486306,0.2462866091457077,0.18955,-0.5799440302087229,0.2086,-0.0265455329949238,-0.03505,-0.3377,0.0,0.0,0.5463,0.1278488688014372,-0.0683103579971361,-9.452172676606372e-05,0.1250944099046019,1970.0,5.098993972667932,0.3426749999999999,-0.8141004061903985,1.0633,0.5547055837563452,0.56455,0.1701,0.0,0.0,0.8931999999999999,0.595919315042405,0.0014384159936173,0.0005552180333875,0.2178201769029043
sub-cp016,ses-20210528,run-010,level-02B,2,sub-cp016_ses-20210528_level-02B_run-010,1,2.0,1,624.4672,374.9492,119.9755,1119.3918,0.428025,4.94516964960216,0.2564,-0.2760500499001996,-0.12805,-3.0,0.0,0.0,3.2564,0.4744751911228004,-1.6516521948588536,0.0011793784094317,0.3860018483823175,395.038603618741,0.3314249999999999,0.1404064366811965,0.7581,0.0133749001996008,0.0167,-0.4472,0.0,0.0,1.2053,0.2277925503895464,0.4506371164126641,0.0011672276981948,0.2274563136336784,0.0762,0.8315939039203264,0.2266,-0.0084456586826347,-0.0187,-0.1839,0.0,0.0,0.4105,0.0794469111521446,0.6180437908590694,-1.03787325148531e-05,0.0790164420165312,2004.0,5.070390543231901,0.4442,5.4122269693821,3.1891,0.5585785928143714,0.5072,0.0617,0.0,0.0,3.1274,0.6660373794340624,1.4756128900844498,0.0007490407197914,0.3628518234447088
sub-cp016,ses-20210528,run-002,level-03B,3,sub-cp016_ses-20210528_level-03B_run-002,2,3.0,1,1256.0747,433.2065,440.8757,2130.1569,0.34335,13.083790400855008,0.2406,-0.5728825608077099,-0.5567,-3.0,0.0,0.0,3.2406,0.6422346598667018,-1.6953102167696537,-0.0014798478179421,0.290361191868826,414.6372299641371,0.2796,-1.0153289670770806,0.1167,-0.1858426801284993,-0.1704,-0.5533,0.0,0.0,0.67,0.2459006534416095,-0.1326169671942752,-0.0004128910469877,0.1610637602113513,0.30315,0.3127557639882132,0.5865,-0.0748262046810463,-0.0973,-0.6123,0.0,0.0,1.1988,0.2517166186300356,0.4153481672367506,-0.0001890809467514,0.2403930447917689,2179.0,5.252784464599043,0.66875,1.1586031284255105,3.2735,0.9775832950894906,0.9415,0.208,0.0,0.0,3.0655,1.065829610743302,0.6666085641439676,0.0017036579181784,0.4247428086873908
sub-cp016,ses-20210528,run-005,level-03B,3,sub-cp016_ses-20210528_level-03B_run-005,2,3.0,1,653.635,337.3648,286.2294,1277.2292,0.2073,39.37442794614245,0.189,-0.3055544375889891,-0.2712,-3.0,0.0,0.0,3.189,0.392867390443212,-4.373200292773296,-0.0003963998457063,0.2470024860462228,403.1283102929592,0.1090499999999999,1.8582994487391,0.0264,-0.1598144755576649,-0.1514,-0.5404,0.0,0.0,0.5668,0.1845104023779332,-0.9770236388702944,-0.0007741951930222,0.0922358916048428,0.22075,3.6934964358849065,0.6932,-0.0104636924537256,-0.0294,-0.3194,0.0,0.0,1.0126,0.185567502842115,1.559840785551545,-0.0002366492195268,0.1853162386463135,2107.0,5.2241431480451945,0.231,31.86812751789509,3.2731,0.6061837209302325,0.5724,0.0761,0.0,0.0,3.197,0.6577844673893422,3.766378519917272,0.0009339458192018,0.2554460246059876
sub-cp016,ses-20210528,run-011,level-03B,3,sub-cp016_ses-20210528_level-03B_run-011,2,3.0,1,804.4433,247.0837,142.6393,1194.1663,0.3898749999999999,6.557192274685724,0.3317,-0.3476528011204481,-0.3052,-3.0,0.0,0.0,3.3317,0.5024066749883297,-1.5803405691817458,-0.0008524534658349,0.3627829105612972,405.0660990178585,0.1533,-0.0436112173204805,0.2467,-0.0844620448179271,-0.08695,-0.3369,0.0,0.0,0.5836,0.1432562415148458,0.1659095366280769,-4.764654471651824e-05,0.1157357641820788,0.1124999999999999,-0.1300033888412146,0.1816,-0.0098223622782446,-0.008,-0.2481,0.0,0.0,0.4296999999999999,0.0857969172702137,-0.369440275910814,-0.0002550201072132,0.0852527144127073,2142.0,5.285557110780599,0.43505,6.441099456111971,3.2744,0.5575005135387487,0.52815,0.0203,0.0,0.0,3.2541,0.6705767445710276,1.6304037443204564,0.0006450799033381,0.3727347693354776
sub-cp016,ses-20210528,run-004,level-04B,4,sub-cp016_ses-20210528_level-04B_run-004,3,4.0,1,601.854,652.495,402.3463,1656.6954,0.484825,-0.2753563435346358,1.0996,0.0989139698492462,0.09795,-0.8457,0.0,0.0,1.9453,0.3790662314147687,0.0951182435326588,-0.0028106965011783,0.3660253519447576,383.7838768959045,0.1868749999999999,5.854007886772589,0.8158,-0.2846438190954773,-0.3052,-0.7378,0.0,0.0,1.5536,0.3600324182081441,1.831894146238657,0.0010711757964535,0.2205122976691224,0.3173749999999999,-0.2002711220016153,0.612,0.0082270854271356,-0.0197,-0.6231,0.0,0.0,1.2351,0.2513214192100801,0.2241263033652492,0.0006964857465143,0.2512498610442579,1990.0,5.182604376419611,0.455525,-0.3964716538046557,1.7866,0.8325090954773869,0.8262,0.0194,0.0,0.0,1.7672,0.8873942886069649,0.2382456064319165,0.0015063165359518,0.3073185465318018
sub-cp016,ses-20210528,run-006,level-04B,4,sub-cp016_ses-20210528_level-04B_run-006,3,4.0,1,938.1014,370.7047,258.9861,1567.7923,0.8502000000000001,0.5513344543960619,1.8256,0.0420401006711409,-0.0414,-3.0,0.0,0.0,4.8256,0.6704020716297152,0.2492332119047762,0.0015446425430266,0.6692698135188161,380.9295572340488,0.228525,12.25344559352443,1.3533,-0.1437220357941834,-0.1690499999999999,-0.5748,0.0,0.0,1.9281,0.2644313991676703,2.3324816524636245,-0.0004914294426488,0.2220259252644379,0.17235,12.568396297156172,1.3234,-0.0126698545861297,-0.0307,-0.4321,0.0,0.0,1.7554999999999998,0.2471766248799117,2.9855188254963445,0.0029777159016911,0.2469207527629591,1788.0,4.69115605776435,0.482825,2.1998300577648147,3.3632,0.8768389261744967,0.81055,0.0784,0.0,0.0,3.2848,0.9826630511310404,1.168871416613236,0.0043564485046781,0.443723210136251
sub-cp016,ses-20210528,run-009,level-04B,4,sub-cp016_ses-20210528_level-04B_run-009,3,4.0,1,1442.772,200.5527,227.7901,1871.1148,0.4965999999999999,9.102038241602608,1.7119,0.7522886082751209,0.7614,-2.7656,0.0,0.0,4.4775,0.8537339831385476,-1.4538011179506047,-0.0003409241736129,0.4037464020136601,358.14415477216244,0.1507,3.2251438054310864,0.5016,-0.0406285867813003,-0.0263,-0.704,0.0,0.0,1.2056,0.1518173245811809,-0.7929309912313056,0.0018467424113643,0.1463192474774134,0.2149,-0.2793256539571573,0.2444,-0.0221921547555077,-0.0296,-0.3833,0.0,0.0,0.6276999999999999,0.1535350931395253,-0.3955763975109955,-0.0001398878058804,0.151963620585421,1861.0,5.193439499754675,0.4565,1.039318074899955,3.1286,1.005434121440086,0.9911,0.1626,0.0,0.0,2.966,1.068082914907173,0.3247493002326787,0.000354047380951,0.3605179344585844
sub-cp017,ses-20210521,run-001,level-01B,1,sub-cp017_ses-20210521_level-01B_run-001,0,1.0,5,1133.1682,854.7512,308.2227,2296.1421,0.3353,-0.3303532453740079,0.2245,-0.5447084306754698,-0.6033,-1.2168,0.0,0.0,1.4413,0.6453417888245347,0.6437195239423351,-0.0010081768467637,0.3461496829085188,372.950441390276,0.8614999999999999,-1.2932579847255392,0.8822,0.024984408329101,0.0498,-0.8476,0.0,0.0,1.7298,0.4891443179820439,-0.1548599168319888,0.0001705320411015,0.4886299236354852,0.2527,0.3011853309981074,0.182,-0.0752880142204164,-0.0156,-0.6486,0.0,0.0,0.8306,0.2280524926319208,-1.1415416859188827,0.0003292662680388,0.2153211575361112,1969.0,5.276840517103922,0.5952999999999999,-0.5094545417490042,2.1381,1.166145810055866,1.1609,0.2148,0.0,0.0,1.9233,1.2398601719417783,0.2300058632974607,0.0011229374027251,0.421244959830848
sub-cp017,ses-20210521,run-007,level-01B,1,sub-cp017_ses-20210521_level-01B_run-007,0,1.0,5,827.6302,620.6364,151.9469,1600.2135,0.3144,-0.9604274832843362,-0.0274,-0.4970751351351351,-0.5239,-0.8099,0.0,0.0,0.7825,0.5272022532100843,0.329636423283997,-0.0009242185813663,0.1757187258300278,375.8851066231728,0.5664,1.5979052593009904,1.6714,0.2651153753753754,0.2418,-0.3879,0.0,0.0,2.0593,0.4951210497968673,1.047500026119998,0.0044955226217409,0.418286713917497,0.1024,1.5492050483379618,0.0937,-0.073303003003003,-0.0708,-0.3763,0.0,0.0,0.47,0.1220608396767062,-1.0091446128289103,-7.156442095208476e-05,0.0976280840920098,1665.0,4.4268846269245,0.4223000000000001,2.5392293957212804,2.3493,0.9610893093093092,0.8981,0.2742,0.0,0.0,2.0751,1.0312569809522565,1.2937794666702334,0.0047953482812688,0.374008440674454
sub-cp017,ses-20210521,run-012,level-01B,1,sub-cp017_ses-20210521_level-01B_run-012,0,1.0,5,1090.6572,489.3174,191.4496,1771.4242,0.0727999999999999,1.746372320561454,-0.2651,-0.6618071601941748,-0.70695,-0.8602,0.0,0.0,0.5951,0.6728573801460384,1.559464101173646,-0.0002517130143742,0.1214795925241097,381.3867162913084,0.539825,-0.2536208801518569,1.0426,0.0384348300970873,-0.1317,-0.2924,0.0,0.0,1.335,0.3671386606457793,1.0480009408821471,0.0022850822086166,0.3652321224135624,0.170875,-0.1674791507721957,0.3982,0.0622493932038835,0.0861,-0.1929,0.0,0.0,0.5911,0.1392901864151003,0.0890920886776513,-7.603830642556884e-06,0.1246442793750716,1648.0,4.318451402859031,0.2790750000000001,-0.4513677095395056,1.5655,1.074893932038835,1.0758,0.5468,0.0,0.0,1.0187,1.0941489714103605,0.2886543153219096,0.0018584810894635,0.2044269178348849
sub-cp017,ses-20210521,run-003,level-02B,2,sub-cp017_ses-20210521_level-02B_run-003,1,2.0,5,657.0672,357.1185,379.5891,1393.7748,0.1789,0.1799123663902002,0.0819,-0.3217500989119684,-0.3325,-0.6674,0.0,0.0,0.7493,0.3550887061056134,0.0210079287412971,-0.0007464970281699,0.1502532137787945,396.1167812347412,0.256025,1.5225294730720345,0.8192,-0.0209567260138476,-0.04355,-0.4231,0.0,0.0,1.2423,0.2377476857971057,1.0886964670663184,-0.0004917741666808,0.2368808323609008,0.321825,-0.3240576187432022,0.5125,-0.0239220079129574,-0.0364499999999999,-0.5624,0.0,0.0,1.0749,0.2307502372117822,-0.0697453242268168,0.0001931248652519,0.2295636568656111,2022.0,5.102030753911289,0.4079000000000001,-0.7195234080884023,1.3735,0.6893068743818002,0.64095,0.1283,0.0,0.0,1.2452,0.7409264982981217,0.4281262644827498,0.0014313960601027,0.2717804983707061
sub-cp017,ses-20210521,run-008,level-02B,2,sub-cp017_ses-20210521_level-02B_run-008,1,2.0,5,1009.7044,517.0412,270.99,1797.7355,0.1144999999999999,0.5760840377417957,-0.2095,-0.5311446607048922,-0.5013,-0.8954,0.0,0.0,0.6859,0.5456741521706756,-0.9243541033239264,-0.0011554973092281,0.1251154039031379,408.8282994925976,0.388,0.5679863168288413,0.9672,-0.0867668069437138,-0.1625,-0.5719,0.0,0.0,1.5391,0.320759545326305,1.0413329680389267,0.0026201708671573,0.3088824949083373,0.1788,2.6916101932937364,0.4719,-0.0850071541294055,-0.0967,-0.5348,0.0,0.0,1.0067,0.1874378130224996,0.7699940959687095,0.0008764070404242,0.1670969935203154,1901.0,4.64742778902076,0.3732000000000001,2.026819822719787,2.0939,0.9456782219884272,0.9119,0.4,0.0,0.0,1.6939000000000002,0.9830183631597686,1.0661171781513188,0.0041433041746432,0.2684319408580823
sub-cp017,ses-20210521,run-010,level-02B,2,sub-cp017_ses-20210521_level-02B_run-010,1,2.0,5,527.7044,757.4439,275.5505,1560.6988,0.347325,-0.1016518354023632,0.1098,-0.2803660199556541,-0.11665,-1.1562,0.0,0.0,1.2659999999999998,0.4462574204479719,-1.1153005472442203,-8.78948630681891e-05,0.3472858127279931,394.7898522019386,0.8485499999999999,-1.2285285411808442,0.7995,0.0295635254988913,0.01765,-0.8325,0.0,0.0,1.632,0.4824754620898839,-0.0753989469528279,-0.0008077715225488,0.4817023906938905,0.2163,0.5117876565236341,0.4819,-0.0122236141906873,-0.03145,-0.5318,0.0,0.0,1.0137,0.2045751114100288,-0.0841564475384692,-0.0004161707781586,0.2042662195500541,1804.0,4.566986689105041,0.5264499999999999,0.0667332191241754,1.9933,0.8651312084257206,0.7898499999999999,0.1685,0.0,0.0,1.8248,0.9726597098635248,0.8093358260137578,0.0008736293450207,0.4446622389913315
sub-cp017,ses-20210521,run-002,level-03B,3,sub-cp017_ses-20210521_level-03B_run-002,2,3.0,5,599.9333,397.0681,722.29,1719.2913,0.253,0.2110985480540286,0.3461,-0.2656815058823529,-0.2613,-0.8297,0.0,0.0,1.1758,0.3244300487424967,0.1991989221803022,-0.001086147546795,0.1862377944574093,403.1680606305599,0.2581,0.7752287379738396,0.5241,-0.0188474352941176,0.0004,-0.8098,0.0,0.0,1.3339,0.254712271165629,-0.6494535486765857,0.0002229839334479,0.2540737951456596,0.4453,-1.1990340362701322,0.1816,-0.3209422117647059,-0.2506,-0.8538,0.0,0.0,1.0354,0.4185521584645026,-0.1148999759474316,-0.0002108301929152,0.2687303296209684,2125.0,5.268274467669976,0.3621999999999999,-0.2807083751782726,1.5793,0.8090801882352942,0.8174,0.1713,0.0,0.0,1.408,0.8515731868903507,-0.0917802206990917,0.0006523334204318,0.2657054099303485
sub-cp017,ses-20210521,run-005,level-03B,3,sub-cp017_ses-20210521_level-03B_run-005,2,3.0,5,767.8633,659.6099,486.4348,1913.908,0.3408,1.3123300603481622,0.2355,-0.3632830821584832,-0.2913,-1.4764,0.0,0.0,1.7119,0.477933415061022,-1.1365424587191593,-0.0007503782526622,0.3106326783542056,397.6661089807749,0.6285000000000001,-1.1908307123761264,0.7511,0.1001024307243558,0.1128,-0.6114,0.0,0.0,1.3625,0.3714399032492528,-0.124997942258894,0.002732945995286,0.3577839238578664,0.2973,-0.0550500812330514,0.5407,-0.1135283908604764,-0.1211,-0.6309,0.0,0.0,1.1716,0.2860112012639016,0.5169421042740481,0.0003349543674752,0.2625780456537175,2057.0,5.170166512981364,0.5067000000000002,0.0916086314964781,2.0919,0.9304368011667478,0.8358,0.2447,0.0,0.0,1.8472,1.0065446119489494,0.8633842842069079,0.0020444286843647,0.3840457224447231
sub-cp017,ses-20210521,run-011,level-03B,3,sub-cp017_ses-20210521_level-03B_run-011,2,3.0,5,572.5934,588.3722,516.202,1677.1677,0.3323,0.7859201706520631,0.951,-0.1807098895318253,-0.1907,-1.1244,0.0,0.0,2.0754,0.382085596958943,0.2501462046926449,-0.0007114786191196,0.336738753865333,399.8714681714773,0.5494,-0.3635768346837587,0.738,-0.0281924776433456,-0.0341,-0.9535,0.0,0.0,1.6915,0.3807129265481021,-0.1599812008967644,0.0005794361899825,0.3797675391067197,0.3845,-0.9055974030849918,0.2781,-0.2000455549710678,-0.1988,-0.6779,0.0,0.0,0.956,0.324814606661529,0.1313727610579506,-0.0005604300827582,0.2559702543521923,1901.0,4.751526806071647,0.5553,-0.9835070795806128,1.6192,0.88225597054182,0.9274,0.1414,0.0,0.0,1.4778,0.9459017515567388,-0.109709342343759,0.0004548961715918,0.3411975458083625
sub-cp017,ses-20210521,run-004,level-04B,4,sub-cp017_ses-20210521_level-04B_run-004,3,4.0,5,689.7709,1102.3634,1159.186,2951.3203,0.6264000000000001,-0.1653487929488233,1.5809,0.0674333333333333,0.0221,-0.9248,0.0,0.0,2.5057,0.434078433429069,0.4352043495123737,-0.0018396622309627,0.4289171097084782,380.1784850656986,0.7983,-0.3504089653424618,1.181,-0.2581902377339403,-0.3915,-1.2605,0.0,0.0,2.4415,0.6374703360648797,0.7751343797138615,0.0004505778383813,0.5829906917010901,1.1378,-1.0587182560747768,0.9086,-0.2840778452200303,-0.1495,-1.4559,0.0,0.0,2.3645,0.7298610364646938,-0.259337483747688,0.0017099862973246,0.6724772514964149,1977.0,5.197558719448649,0.7726,0.1421869029011948,3.2982,1.4928274658573597,1.3677,0.4078,0.0,0.0,2.8904,1.634124683510865,0.9066027160525252,0.0012146926197577,0.6648708419208504
sub-cp017,ses-20210521,run-006,level-04B,4,sub-cp017_ses-20210521_level-04B_run-006,3,4.0,5,719.2155,852.9946,986.3232,2558.5333,0.65495,0.199583979219533,1.1874,-0.0401163656267104,0.0143,-1.7648,0.0,0.0,2.9522,0.5030377654784349,-0.5132078942904286,-0.0023479936295982,0.501572895321593,392.9738089442253,0.3702000000000001,3.55906034775673,1.9195,-0.2903973727422003,-0.3244,-2.016,0.0,0.0,3.9355,0.5953931833047638,0.678073881933425,0.0048603748049557,0.5199138022369776,1.0532,-0.7363226852217659,1.5291,-0.1885522167487684,-0.1302,-1.0578,0.0,0.0,2.5869,0.6315762326614541,0.3039289461862625,0.0042096953088158,0.6029391169426701,1827.0,4.64662010149171,0.8425499999999999,1.8195246203220063,4.068,1.400401039956212,1.3527,0.246,0.0,0.0,3.822,1.536250060184386,0.9379934457987606,0.0084178637983212,0.6317908300188921
sub-cp017,ses-20210521,run-009,level-04B,4,sub-cp017_ses-20210521_level-04B_run-009,3,4.0,5,683.6677,779.3947,1193.5881,2656.6506,0.4556249999999999,5.664841208838546,1.5045,-0.2360335313174946,-0.23585,-3.0,0.0,0.0,4.5045,0.4734789528427818,-0.1116688586838853,-0.0023660486338877,0.4105624274227903,395.4694703221321,0.8339749999999999,-1.2360811459190448,0.6017,-0.1987666306695464,-0.24555,-0.9563,0.0,0.0,1.558,0.487508269443071,0.0714479125988001,0.0002973680873626,0.4452675520038685,1.3091,-1.209295319684902,1.2477,-0.2032880669546436,-0.11135,-1.2038,0.0,0.0,2.4515,0.7661520633489581,0.176981968343019,0.0034715701287426,0.7388895313939755,1852.0,4.680513007722838,0.8584,-0.5360727595441213,3.3683,1.4344746220302376,1.48765,0.2951,0.0,0.0,3.0732,1.5374422121960656,0.1243049710474067,0.0037287328369465,0.55333212146374
sub-cp018,ses-20210709,run-001,level-01B,1,sub-cp018_ses-20210709_level-01B_run-001,0,1.0,4,592.8609,268.385,254.5807,1115.8266,0.6176999999999999,-0.8155200286124016,0.5336,0.0407809601745771,0.2005,-0.6278,0.0,0.0,1.1614,0.3589475728723096,-0.8844608756035367,0.0023562595156191,0.356720751996228,351.4468565583229,0.1617,-0.2745335002361493,0.4481,0.1245396072013093,0.1176,-0.2246,0.0,0.0,0.6727,0.1785371361823111,0.0942837893552103,-0.0003095773883581,0.1279622143850518,0.2743,-1.0987465716793798,0.384,0.0695744680851063,0.0565,-0.2297,0.0,0.0,0.6137,0.172324752572445,0.131190796755601,-3.414456489244083e-05,0.1576983861560958,1833.0,5.2127369069126335,0.3566,-0.9850270169401631,1.0756,0.608741516639389,0.5435,0.1837,0.0,0.0,0.8918999999999999,0.6447039583580446,0.3232824537866182,-0.000375305675776,0.2123712908317238
sub-cp018,ses-20210709,run-007,level-01B,1,sub-cp018_ses-20210709_level-01B_run-007,0,1.0,4,495.5868,223.8873,118.8267,838.3008,0.5579500000000001,-0.6476529515788929,0.2877,-0.2241677010766307,-0.1063,-1.1034,0.0,0.0,1.3911,0.4319079231999137,-0.6685361412087027,0.0024073700485628,0.3692961776499194,362.92717047035694,0.1657,0.0704987772131975,0.3845,0.1097611146295123,0.1393,-0.2317,0.0,0.0,0.6162,0.1652361144772809,-0.5742933358551968,0.001249837534655,0.1235521705266618,0.07145,0.8551176811099213,0.2152,-0.0394446485117162,-0.0385,-0.2528,0.0,0.0,0.468,0.0966142384121747,0.1554869062392898,-1.047042026386496e-05,0.0882233532848087,1579.0,4.3479797832576095,0.41885,-0.6034539606888663,1.2093,0.5309046865104495,0.4611,0.0627,0.0,0.0,1.1466,0.5982111686405204,0.5687766606979611,-0.0018816447363666,0.2757625361438838
sub-cp018,ses-20210709,run-012,level-01B,1,sub-cp018_ses-20210709_level-01B_run-012,0,1.0,4,542.1954,228.539,84.5424,855.2768,0.747225,-1.021037644033276,0.2994,-0.2503691214470284,-0.02185,-1.1219,0.0,0.0,1.4213,0.5087204892049768,-0.7301142498266819,0.0019834572673717,0.4429882710519502,362.90169283747673,0.198125,0.0783529115849068,0.327,0.1008963824289405,0.10915,-0.2792,0.0,0.0,0.6062000000000001,0.1761503399766852,-0.6546651919874998,0.0005439489644056,0.1444380117905067,0.08095,0.2879262190275722,0.1938,0.0097275193798449,-0.01695,-0.088,0.0,0.0,0.2818,0.0723914720982944,1.0996953892890473,3.306680634684756e-05,0.0717581143375899,1548.0,4.262862451547765,0.66845,-1.0799855508435665,1.3209,0.552504134366925,0.39135,0.0543,0.0,0.0,1.2666,0.6816534324827418,0.6063857654386346,-0.0022915296798365,0.3993665178434007
sub-cp018,ses-20210709,run-003,level-02B,2,sub-cp018_ses-20210709_level-02B_run-003,1,2.0,4,598.9847,149.2076,158.7681,906.9603,0.0811749999999999,159.2154011339537,-0.1576,-0.3019075100806451,-0.2552,-3.0,0.0,0.0,2.8424,0.3441217508239213,-10.989444201046078,-0.0004487089432616,0.1651828909496409,395.1336443424225,0.13445,-0.2258381477642221,0.1601,0.0048452116935483,0.0426,-0.2465,0.0,0.0,0.4065999999999999,0.08738976901692,-0.8941931694136849,0.0001515942791955,0.0872773454858332,0.119575,-0.3459098770878261,0.2566,0.0526711693548387,0.0563,-0.1372,0.0,0.0,0.3938,0.1008912211145443,0.3040839207611154,7.491136334204097e-05,0.086072763114237,1984.0,5.018555186056325,0.1906,96.60110437283326,3.188,0.457136995967742,0.4229,0.2531,0.0,0.0,2.9349000000000003,0.494699511179147,7.595703444934708,0.0003720260274081,0.1891332948468215
sub-cp018,ses-20210709,run-008,level-02B,2,sub-cp018_ses-20210709_level-02B_run-008,1,2.0,4,587.947,198.9897,144.9092,931.8458,0.2808,-0.01866438372019,-0.0785,-0.3353944666286366,-0.217,-0.9474,0.0,0.0,0.8689,0.4123542550180474,-1.2227673576455458,0.0001034801791086,0.2399571411935375,391.3792993873358,0.1311,0.790283833709819,0.1953,0.0553337706788362,0.0916,-0.2959,0.0,0.0,0.4911999999999999,0.1271714829932737,-1.3094547820100155,-4.011453856802528e-05,0.1145348995704841,0.1399,-0.8670816802358265,0.235,0.0437371933827723,0.0572,-0.1508,0.0,0.0,0.3858,0.0991493022454886,-0.027528107705374,0.0001315859067677,0.0890065236533199,1753.0,4.476475896253524,0.2870999999999999,-0.1753428815405091,1.1444,0.5315708499714775,0.4309,0.1774,0.0,0.0,0.967,0.5855143056657027,1.038082542615966,6.822026622715116e-05,0.2455480161876126
sub-cp018,ses-20210709,run-010,level-02B,2,sub-cp018_ses-20210709_level-02B_run-010,1,2.0,4,675.077,241.5672,182.7678,1099.412,0.54455,-1.1968408983970722,0.1294,-0.3661075167037861,-0.2781,-0.9469,0.0,0.0,1.0763,0.4904293571892855,-0.4598167729617626,7.27167108405003e-05,0.3264131805197292,396.0575178265572,0.253425,-0.7025974617000408,0.4078,0.0193320155902004,0.049,-0.3398,0.0,0.0,0.7476,0.1568461288484477,-0.2723444764205562,0.0007556983178667,0.1556935394725287,0.1563999999999999,-0.116361378524588,0.3843,0.067700556792873,0.05615,-0.1388,0.0,0.0,0.5231,0.1374387643761009,0.7155474098107106,0.0002401166389212,0.1196412073938306,1796.0,4.532169998565896,0.571075,-1.3769224924955878,1.189,0.6121451002227172,0.54175,0.1014,0.0,0.0,1.0876,0.6831388644633767,0.1937790037346077,0.0002716777113346,0.3033287226543521
sub-cp018,ses-20210709,run-002,level-03B,3,sub-cp018_ses-20210709_level-03B_run-002,2,3.0,4,832.9968,233.4384,338.8874,1405.3226,0.785725,0.3380622279362324,1.201,0.2722386952191235,0.282,-2.5662,0.0,0.0,3.7672,0.5167929381496179,-0.2001418434426921,0.0059042304029828,0.4393827235560501,382.0480987429619,0.1552249999999999,-0.344217390184963,0.3508,0.0526468625498008,0.0638499999999999,-0.2277,0.0,0.0,0.5785,0.1394215415922523,-0.2899569626653283,-2.512772614648917e-05,0.1291316320493626,0.299825,-0.2212498861230125,0.6196,0.0474548804780876,0.0701499999999999,-0.4063,0.0,0.0,1.0259,0.2038223809548099,0.2032207974077797,0.0003583318447348,0.1982704581501563,2008.0,5.2532652475003925,0.4844,0.8748384342512665,2.813,0.6998620517928287,0.68465,0.1541,0.0,0.0,2.6589,0.7614717662767632,0.5069604305441221,-0.0055207708321015,0.3001286698559968
sub-cp018,ses-20210709,run-005,level-03B,3,sub-cp018_ses-20210709_level-03B_run-005,2,3.0,4,641.5328,186.6684,234.6065,1062.8077,0.2125,1.3853215079423942,0.4173,-0.2897558724021266,-0.2738,-1.1291,0.0,0.0,1.5464,0.3817615308575838,-0.8157815139236894,0.0009263170059579,0.2486227599605115,400.9426552802324,0.0838,0.4036027344993185,0.2542,0.0702535524407926,0.0733,-0.1362,0.0,0.0,0.3903999999999999,0.1056750751043421,-0.344277066481549,-0.000140917907476,0.078959947080371,0.1764,0.0034668004316311,0.4131,0.0490727887868535,0.065,-0.2618,0.0,0.0,0.6749,0.1379112161075905,-0.133779808128527,0.0001738403212581,0.1289162422035046,2069.0,5.157844825850731,0.2446,1.566644452742337,1.3577,0.5136821169647173,0.4584,0.1065,0.0,0.0,1.2512,0.564558732653025,1.265598098707603,-0.0006115587772236,0.2342728580945951
sub-cp018,ses-20210709,run-011,level-03B,3,sub-cp018_ses-20210709_level-03B_run-011,2,3.0,4,707.7929,219.5081,210.6115,1137.9125,0.3732,0.2673592099186415,0.5477,-0.3256349266702879,-0.3023,-1.4695,0.0,0.0,2.0172,0.4804889631510179,-0.4704468744888562,0.0002483125550679,0.3534110658562945,403.1209778040648,0.2187,-0.9402138661054192,0.3406,0.0460264530146659,0.0441,-0.2694,0.0,0.0,0.61,0.1431426936267756,0.06005753259986,0.0004306399556422,0.1355779510693462,0.1977,-0.4815624099666009,0.3361,-0.0011984247691472,-0.0202,-0.3105,0.0,0.0,0.6466000000000001,0.1385100066390999,0.1165692140045323,-1.910096577445428e-05,0.1385424540674772,1841.0,4.56438662662285,0.3606999999999999,0.2583606193893004,1.5235,0.6180953286257469,0.5503,0.1244,0.0,0.0,1.3991,0.6776955465095125,0.8797354183140484,-0.0003075999683158,0.2779773210172109
sub-cp018,ses-20210709,run-004,level-04B,4,sub-cp018_ses-20210709_level-04B_run-004,3,4.0,4,1068.695,468.7882,456.034,1993.5172,0.6410500000000001,-0.1895430598230882,0.6259,-0.4689330669330669,-0.4982499999999999,-1.8877,0.0,0.0,2.5136,0.6544792141605658,-0.1849041517151789,-0.0014560898885869,0.4566716444340172,396.6101299971342,0.31875,1.4832888090931284,0.8286,-0.1777338661338661,-0.1916999999999999,-0.6669,0.0,0.0,1.4955,0.2849875917694268,0.7054606637951502,0.0006598419460488,0.2228304337177546,0.423375,-1.1540622194248826,0.6005,0.0723637362637362,0.0640999999999999,-0.4421,0.0,0.0,1.0426,0.2656994332721822,0.0846401272685269,-0.0006232821133484,0.2557192640819519,2002.0,5.045256912662464,0.568875,0.1985283666340604,2.5597,0.995763836163836,0.9053,0.0916,0.0,0.0,2.4681,1.1013423703795322,0.8184088538459394,-9.228206047148755e-05,0.470659164105503
sub-cp018,ses-20210709,run-006,level-04B,4,sub-cp018_ses-20210709_level-04B_run-006,3,4.0,4,566.7905,290.2181,338.7313,1195.7399,0.52435,1.2649693007880485,1.5196,-0.1339763657274295,-0.1365,-1.1938,0.0,0.0,2.7134,0.4129195744414059,0.449965073196741,-0.0024904103454546,0.3906925688561233,381.7443184554577,0.27635,0.6772223116032912,0.6284,0.0016386428982173,0.0466,-0.7423,0.0,0.0,1.3706999999999998,0.2084150997157696,-0.6308875780157861,0.0003169660795203,0.2084686056221246,0.3621,1.7579383776324953,1.0168,0.0679982748706153,-0.0021,-0.2881,0.0,0.0,1.3049,0.2531549791140968,1.0457061088357835,0.0019583788516481,0.2439218971695066,1739.0,4.5527855058379645,0.42435,2.510460532925041,2.191,0.6876010925819437,0.6171,0.118,0.0,0.0,2.073,0.7703128031247107,1.325166516287014,-1.3097771881011175e-06,0.3473556311678046
sub-cp018,ses-20210709,run-009,level-04B,4,sub-cp018_ses-20210709_level-04B_run-009,3,4.0,4,1008.7215,454.5494,361.2055,1824.4764,0.8727,-0.5128693397491579,1.3333,-0.3394120824053452,-0.33785,-1.8791,0.0,0.0,3.2124,0.6882435735002291,0.0714031727665034,-0.0009688426323597,0.598897624255276,389.640161767602,0.392125,0.5110586821436089,1.0063,-0.0719119153674832,-0.13595,-0.7933,0.0,0.0,1.7996,0.3020076597134789,0.6026422391644237,0.0005651368149552,0.2934028537674642,0.23225,10.384649711381996,1.8213,0.1295910913140311,0.0827499999999999,-0.395,0.0,0.0,2.2163,0.3286190884097584,2.607979921708381,0.0047477138691451,0.3020719454945343,1796.0,4.606814635988717,0.7155,-0.5739157838914775,2.3858,1.015854732739421,0.99185,0.1432,0.0,0.0,2.2426000000000004,1.1186197497830428,0.3698733052437037,0.0036202633568388,0.4684778615328486
sub-cp019,ses-20210625,run-001,level-01B,1,sub-cp019_ses-20210625_level-01B_run-001,0,1.0,3,1093.5623,787.6166,1294.3762,3175.5551,0.889175,-1.1021317776517037,0.5885,-0.3674265432098765,-0.4078,-1.1766,0.0,0.0,1.7651,0.6213995746934896,0.1497462721213568,0.0024536965494581,0.5012529011300811,382.4433792382479,0.432125,-0.031568582721241,1.2708,0.3450210826210826,0.3494,-0.225,0.0,0.0,1.4958,0.4777695172313127,0.6166450722681084,0.0013813809538349,0.3305692848804631,0.9658,0.554201503840511,1.0368,-0.0182676638176638,0.12425,-2.1554,0.0,0.0,3.1922,0.8182937041222289,-1.051571574920824,-0.0013045068292036,0.8182840717471009,2106.0,5.504082732959704,1.015025,-1.0036519740642615,2.7857,1.507862678062678,1.4804,0.3964,0.0,0.0,2.3893,1.6334799952846843,0.1434317303781457,5.177236964969234e-05,0.628326746905776
sub-cp019,ses-20210625,run-007,level-01B,1,sub-cp019_ses-20210625_level-01B_run-007,0,1.0,3,931.2956,920.5752,1664.7139,3516.5848,0.46825,-0.3711112541225345,0.5357,-0.4431881118881118,-0.4867,-1.1991,0.0,0.0,1.7348,0.5854769129106387,0.2499814580656745,-0.0001661576977846,0.3826830149746562,371.33398465812206,0.58175,-0.621672124268799,1.2681,0.4670663259817106,0.383,-0.4615,0.0,0.0,1.7296,0.5984121387965521,0.1555083532752662,0.0006131946156494,0.3741944091521042,1.3925,-0.4996122131055154,1.9626,-0.0313740720817643,-0.0176,-2.4486,0.0,0.0,4.4112,1.1637509124457848,-0.3389728463561864,-0.0001257627955679,1.1636409389479327,1859.0,5.003581887907767,1.90925,-0.7649414346422185,4.4089,1.8916543302851,1.8823,0.3682,0.0,0.0,4.0407,2.165208930971934,0.3774847664282617,0.0002006280143429,1.0537413839291243
sub-cp019,ses-20210625,run-012,level-01B,1,sub-cp019_ses-20210625_level-01B_run-012,0,1.0,3,1624.4246,886.6653,528.2949,3039.3848,0.523425,2.166775716175522,0.6347,-0.7678058058058057,-0.91215,-3.0,0.0,0.0,3.6347,0.8928969841388671,0.7654064359847474,0.0003038650370296,0.4558983379308577,378.45749258995056,0.793975,-1.0089242553829885,1.2279,0.3329752752752753,0.2617,-0.7053,0.0,0.0,1.9332,0.5751013357891168,0.3383392095432846,-0.0003075642635674,0.4690193089175599,0.427575,-0.9528378693311668,0.3076,-0.1873609609609609,-0.1664999999999999,-0.725,0.0,0.0,1.0326,0.3336208299374728,-0.2312331761542514,-2.034574595763853e-05,0.2761102770182416,1998.0,5.276682425636902,0.6975,-0.1838573151167022,3.1411,1.5212144144144146,1.5635,0.3212,0.0,0.0,2.8199,1.5873113279983837,-0.4132141672754382,2.404497249539098e-05,0.453394798909239
sub-cp019,ses-20210625,run-003,level-02B,2,sub-cp019_ses-20210625_level-02B_run-003,1,2.0,3,2695.5469,2024.4464,1403.5112,6123.5045,1.751375,-0.782662982307953,1.5242,-0.8003276669557676,-0.87265,-2.4385,0.0,0.0,3.9627,1.3611128920770377,0.3836486298108003,-0.0007448745658475,1.1011947098590813,416.7144566774368,1.423175,-0.8179014984668873,2.7956,0.8176162185602777,0.49115,-0.4483,0.0,0.0,3.2439,1.227289642540384,0.7136597089268661,-0.0005022623924996,0.915481857862426,0.69115,1.269678340921919,2.7092,0.1816844319167389,0.0654,-1.8372,0.0,0.0,4.5464,0.908431126546328,0.3458660186502642,0.0001809392469874,0.8902705111067365,2306.0,5.531365574351107,1.868425,-0.739316329508668,5.5488,2.6554669991326976,2.53615,0.1763,0.0,0.0,5.3725,2.981012111267556,0.3572102256101412,0.0014280762053346,1.3548890317463194
sub-cp019,ses-20210625,run-008,level-02B,2,sub-cp019_ses-20210625_level-02B_run-008,1,2.0,3,2321.364,468.3028,1036.1901,3825.8569,0.7486,-0.0737728552766792,-0.2095,-1.0317168,-0.95825,-3.0,0.0,0.0,2.7905,1.1117753118483769,-0.1752224010296011,-0.0005574234306042,0.4143441701539652,426.2468833476305,0.344025,0.2639956406209545,0.94,0.0964174222222222,0.0841,-0.397,0.0,0.0,1.337,0.2642757150149568,0.348534855246368,-5.395933882111718e-05,0.246114313360718,0.49715,-0.2172166261350603,0.4495,-0.3924442222222222,-0.4472,-0.8676,0.0,0.0,1.3171,0.5203362229558884,0.707764282208225,-0.0005839338883728,0.3417443835471672,2250.0,5.276284913421414,0.7420249999999999,-0.6819278887898066,3.1893,1.700380488888889,1.7602,0.4,0.0,0.0,2.7893,1.7714621807572788,-0.1288700315660102,0.000789448587535,0.4968844751113656
sub-cp019,ses-20210625,run-010,level-02B,2,sub-cp019_ses-20210625_level-02B_run-010,1,2.0,3,1703.9501,731.0324,835.1192,3270.1017,0.73305,0.5210984999880872,0.3248,-0.7399765777777778,-0.8439,-3.0,0.0,0.0,3.3248,0.8678867895680096,0.1623808545166102,-0.0012735564915786,0.453600694319249,412.2314192354679,0.50055,-1.1476055657289157,0.8736,0.2720820444444444,0.23525,-0.3342,0.0,0.0,1.2078,0.4135006225549525,0.2312889778650345,0.000741573751382,0.311443792403789,0.6113000000000001,-1.110707514900183,0.9399,0.2220467555555555,0.2419,-0.438,0.0,0.0,1.3779,0.4570965497426847,0.0515257045840181,-4.463512275246992e-05,0.3996291699256372,2250.0,5.455673427733959,0.868625,-0.7698707966767104,3.1887,1.4533776444444446,1.45805,0.3848,0.0,0.0,2.8039,1.5530576770959494,0.1927655789999372,0.0014659241673542,0.5475534878418783
sub-cp019,ses-20210625,run-002,level-03B,3,sub-cp019_ses-20210625_level-03B_run-002,2,3.0,3,3545.169,4814.564,2193.8262,10553.5591,1.29435,0.2340190602529004,2.502,-0.7678213874910138,-1.0511,-2.876,0.0,0.0,5.378,1.4113855925250207,0.987437256985776,-0.0014469540490133,1.1844677742213183,483.84397588670254,2.762225,-1.7730839377652474,3.0,1.7272311286843998,1.9298,-0.0976,0.0,0.0,3.0976,2.1562721502053623,-0.1851210798613845,0.0064020637940635,1.2910388624903428,0.934975,1.5451024475670891,3.0,-0.3472302300503235,-0.24425,-3.0,0.0,0.0,6.0,1.1313336729627732,-0.66959541642429,0.0058250182713031,1.0769233623026098,2782.0,5.74772062606232,2.8199750000000003,-0.92505735810012,7.5368,3.7935155283968367,3.87245,0.3056,0.0,0.0,7.2312,4.199399668186298,0.0568872677376127,0.0132706002761177,1.8014894023755263
sub-cp019,ses-20210625,run-005,level-03B,3,sub-cp019_ses-20210625_level-03B_run-005,2,3.0,3,2374.9705,648.7207,2107.4294,5131.1206,0.8793000000000001,-0.9039150504281644,0.3287,-0.9747984251968504,-0.7902,-2.2489,0.0,0.0,2.5776,1.12589742681409,-0.2252516880313087,-0.0003077081393971,0.5635109966885256,431.2528107315302,0.2536,1.7744987742411222,1.0723,0.2445290924160795,0.256,-0.319,0.0,0.0,1.3913,0.3246854683869953,0.5785797348274693,0.0007911832491508,0.2136471218365344,1.0891000000000002,0.9512937799820208,1.9287,-0.5762099046829672,-0.8036,-1.6896,0.0,0.0,3.6183,1.019719869293398,1.1489394679724023,0.000941675021923,0.8414892818429615,2413.0,5.593007025063899,1.1704,-0.7808725739545328,3.7013,2.1264484044757563,2.2387,0.2615,0.0,0.0,3.4398,2.2740272808442814,-0.4003829801481929,0.0016593515037876,0.8060313278209712
sub-cp019,ses-20210625,run-011,level-03B,3,sub-cp019_ses-20210625_level-03B_run-011,2,3.0,3,2728.1619,857.8441,1653.5345,5239.5405,1.0884,-0.8937994166061554,0.0023,-1.1135319591836734,-0.99635,-3.0,0.0,0.0,3.0023,1.2949451973606247,-0.3867874821778929,-0.0006652744642147,0.6611414761558269,437.26313821971416,0.281575,-0.1175008984021901,1.0015,0.3176651020408163,0.35335,-0.2542,0.0,0.0,1.2557,0.4064865850285384,-0.0918735563750426,0.0007240491418714,0.2536661006663808,0.879725,-1.1412349750725106,0.4186,-0.5986578775510204,-0.7323,-1.4612,0.0,0.0,1.8798,0.8034506645153789,0.1989827501232613,-0.0006458353684917,0.5359654508578475,2450.0,5.6007465206670055,1.45805,-0.6526593881240936,4.5601,2.1385877551020407,2.0668,0.3056,0.0,0.0,4.2545,2.344263556898857,0.3728093968216105,0.0007581247331976,0.960411642921826
sub-cp019,ses-20210625,run-004,level-04B,4,sub-cp019_ses-20210625_level-04B_run-004,3,4.0,3,4456.2498,1283.3875,1783.6071,7523.2445,0.9620000000000002,3.1724949700292235,1.7219,-1.7634501014198782,-1.7839,-3.0,0.0,0.0,4.7219,1.907707066389421,1.2346394398609952,-0.0064137811490419,0.7278769964473208,456.4702056348324,0.5699,3.905073605465465,0.0675,-0.5167804868154159,-0.3806,-2.741,0.0,0.0,2.8085,0.7179185918778636,-1.7561825466751442,-0.0021105430061095,0.4984433993855237,1.3982,0.6545017044938244,3.0,0.0748906288032454,0.1778,-1.6636,0.0,0.0,4.6636,0.9008221411960108,0.4720114809703018,0.0032010851572839,0.8978858402920984,2465.0,5.39794266872952,1.7016,0.0141196319062144,6.5405,3.052025476673428,2.7977,0.4288,0.0,0.0,6.1117,3.299284916751916,0.6191865040801643,0.0111856150455625,1.2534188438073643
sub-cp019,ses-20210625,run-006,level-04B,4,sub-cp019_ses-20210625_level-04B_run-006,3,4.0,3,3472.5567,2421.3835,2387.5524,8281.4926,1.251575,1.379716518483841,2.1272,-1.4004486683848798,-1.4502,-3.0,0.0,0.0,5.1272,1.6702373449605477,0.8759159198292467,-0.004510458091468,0.9103803195199583,440.3100438416004,1.586775,-0.4309471221906173,2.1081,-0.981184149484536,-0.5447500000000001,-3.0,0.0,0.0,5.1081,1.400629714188294,-0.4402702298604041,0.0010424472628317,0.999735258416436,1.5934,-0.6248714805819722,2.799,-0.0381187714776632,-0.11775,-1.9906,0.0,0.0,4.7896,1.2504314335992843,0.5162536480569485,0.0018128135189374,1.250118807938689,2328.0,5.284912376055469,3.021675,-0.9093119430864977,7.4844,3.557341537800687,3.0082,0.4208,0.0,0.0,7.0636,3.992291408914167,0.5529393959583839,0.005576979299803,1.8124908309953809
sub-cp019,ses-20210625,run-009,level-04B,4,sub-cp019_ses-20210625_level-04B_run-009,3,4.0,3,4289.3983,1113.1153,1841.3394,7243.853,0.9869,2.631353239799255,1.7455,-1.7000364881693648,-1.8035,-3.0,0.0,0.0,4.7455,1.9044060659749125,1.3326208144794092,-0.0049271625449655,0.858454609151164,456.9364171475172,0.5215,0.107055046863834,0.7472,-0.3956586550435865,-0.3416,-1.4011,0.0,0.0,2.1483,0.5656910176144868,0.1278749260708932,-0.000611244780496,0.4043864962997064,1.1861,-0.3749559991381752,2.1504,-0.248274595267746,-0.385,-1.6079,0.0,0.0,3.7583,0.921914427654654,0.4736572811768477,0.0029360758951433,0.888039018586499,2409.0,5.269879811795788,0.9869,0.2982362912416199,5.0194,3.006995890410959,3.0472,0.4769,0.0,0.0,4.5425,3.1203900477051505,-0.3480381662905789,0.0069066502068298,0.8337255586403204
sub-cp020,ses-20210604,run-001,level-01B,1,sub-cp020_ses-20210604_level-01B_run-001,0,1.0,2,1636.7913,1044.137,249.2425,2930.1708,1.0289499999999998,0.8500015923633404,1.7891,-0.579478198567042,-0.58055,-3.0,0.0,0.0,4.7891,1.0859248617531476,-0.0645856363356998,-0.0063605225708642,0.918623802524124,371.7147409915924,0.797175,-0.3518534263839323,1.3891,-0.0472158648925281,-0.3084,-1.007,0.0,0.0,2.3961,0.629437473714645,0.9318525218751046,-0.0015837413346308,0.6278247502073796,0.174975,-0.1244823703899049,0.419,0.0520525076765609,0.0553499999999999,-0.2871,0.0,0.0,0.7061,0.1623036966894418,0.0612769387076138,-3.6856219270329854e-05,0.1537697216217001,1954.0,5.254028922259431,0.8136999999999999,-0.0581975849053484,3.5135,1.49957604912999,1.25895,0.3025,0.0,0.0,3.2110000000000003,1.6588430005954031,0.8028207066546864,0.0079811201247655,0.7094288845631274
sub-cp020,ses-20210604,run-007,level-01B,1,sub-cp020_ses-20210604_level-01B_run-007,0,1.0,2,2013.5463,961.5468,296.9044,3271.9976,0.858725,-1.0036872263957488,-0.0845,-1.161215051903114,-1.2241,-1.8928,0.0,0.0,1.8083,1.2533889117601984,0.4049414884105066,-0.0036469238362675,0.471902314040945,407.1924906224013,1.05025,-1.1602217607914034,0.9282,0.0358367358708189,0.0949,-1.1683,0.0,0.0,2.0965,0.627776028616066,-0.3467037118045443,0.0025022563614633,0.6269331225083362,0.2304749999999999,-0.2670057838007986,0.2983,-0.1074780853517877,-0.14005,-0.4286,0.0,0.0,0.7269,0.1986532100576411,0.5712092568621895,-0.000114196604974,0.1671157232433016,1734.0,4.255972396129107,0.8908,-0.909344107199038,2.9662,1.8869659746251444,1.87215,0.5468,0.0,0.0,2.4194000000000004,1.977470025798025,-0.0074377326869946,0.0056209288056897,0.5915648143088603
sub-cp020,ses-20210604,run-012,level-01B,1,sub-cp020_ses-20210604_level-01B_run-012,0,1.0,2,4262.0481,1450.4299,216.6407,5929.1188,0.4880000000000004,0.8481945166055733,-0.4078,-1.8482428447528183,-1.822,-3.0,0.0,0.0,2.5922,1.882602094417812,0.5073594605498559,-0.0041018669476085,0.3581126166299662,422.8074733167887,1.30135,-0.5967284556464856,1.8841,0.102223807458803,-0.04005,-1.1181,0.0,0.0,3.0022,0.802292043685339,0.5716067544898981,0.0007760033128699,0.7959255829576624,0.144525,0.1649032747234438,0.0883,-0.0804711188204683,-0.03825,-0.3623,0.0,0.0,0.4506,0.1359393726147299,-0.9610531606865996,-1.892114142931902e-06,0.1095861297502033,2306.0,5.451653874322552,1.2380250000000002,-0.8203269733905678,3.7187,2.5711694275802257,2.68495,0.5468,0.0,0.0,3.1719,2.676268981014068,-0.2772839938065715,0.0042610410498826,0.7427938458127438
sub-cp020,ses-20210604,run-003,level-02B,2,sub-cp020_ses-20210604_level-02B_run-003,1,2.0,2,1361.5741,981.4306,435.799,2778.8037,0.655625,2.92280332716426,2.2684,-0.6487914670658683,-0.6730499999999999,-1.4786,0.0,0.0,3.747,0.774246871539577,0.9173884726397648,-0.0031014221007702,0.4226310217922622,409.1993797570467,0.930825,-0.9897345441534612,1.3958,0.1531609281437125,0.06125,-0.706,0.0,0.0,2.1018,0.5936023684515901,0.4292735536143565,-0.0012316734211553,0.5736459782503427,0.3386249999999999,-0.4872709136337851,0.6749,0.1040018962075848,0.09305,-0.4809,0.0,0.0,1.1558000000000002,0.2738708893838412,0.3171182256783104,0.000152492899762,0.253418460263639,2004.0,4.89492433050421,0.4229499999999999,0.6295358331303822,2.5575,1.3866286427145706,1.3971,0.2575,0.0,0.0,2.3000000000000003,1.4412060981224957,-0.0306360462863957,0.0044855884216877,0.3929542936558909
sub-cp020,ses-20210604,run-008,level-02B,2,sub-cp020_ses-20210604_level-02B_run-008,1,2.0,2,2016.8317,450.5569,366.176,2833.5646,1.11485,-0.944084364317761,-0.0334,-0.9337177777777776,-0.66025,-3.0,0.0,0.0,2.9666,1.1517020056243972,-0.5236496811956283,-0.0042137635521398,0.6743880013725368,420.9538523107767,0.3751,-0.6741362572310079,0.3835,-0.0559488888888888,0.0273,-0.6425,0.0,0.0,1.026,0.2674076806426222,-0.5573590578302355,-5.630070818903699e-05,0.2615497275653357,0.295725,-0.63210297637682,0.3828,-0.0599177314814815,-0.0566,-0.4741,0.0,0.0,0.8569,0.2037841293728715,0.1673718104271533,-1.0690007883994336e-05,0.1948214792749628,2160.0,5.128828227009738,1.3028,-1.3309650430673747,3.1877,1.3118354166666666,1.01,0.3441,0.0,0.0,2.8436,1.4946529696892603,0.3104727982151297,0.0042593742524448,0.7164586410115021
sub-cp020,ses-20210604,run-010,level-02B,2,sub-cp020_ses-20210604_level-02B_run-010,1,2.0,2,2864.2724,797.7726,285.4044,3947.4493,0.2285999999999999,3.2446146088218857,-0.2095,-1.2410196273830156,-1.225,-2.1296,0.0,0.0,1.9201,1.2672644596624536,-0.9284762305181704,-0.0044586520076998,0.2566281937914637,430.64585365355015,0.572625,-0.494226121145823,0.7938,-0.1533652512998267,-0.14765,-1.1837,0.0,0.0,1.9775,0.4214369165455051,0.281053762180013,-0.0025071645084701,0.3926257326014225,0.18745,0.043646552980483,0.369,-0.0263655545927209,-0.0192,-0.3995,0.0,0.0,0.7685,0.160326089593468,0.0394838078514955,-2.5543030094629167e-06,0.1581776000459692,2308.0,5.357070038937275,0.6147250000000002,0.6920016787863483,3.3987,1.7103327556325822,1.60765,0.4,0.0,0.0,2.9987,1.7565622847233888,0.4575245667114184,0.0069632622131604,0.4004277682248429
sub-cp020,ses-20210604,run-002,level-03B,3,sub-cp020_ses-20210604_level-03B_run-002,2,3.0,2,1178.7692,766.6362,167.4978,2112.9032,2.1816,0.3032337047216327,3.0,-1.0682820303383898,-0.865,-3.0,0.0,0.0,6.0,1.72781090743952,0.4180752933937429,0.0186255651691804,1.3587709014647644,162.48634457588196,0.5351,4.692133442070727,-0.0857,-0.8945583430571762,-0.7962,-3.0,0.0,0.0,2.9143,1.0764135599218656,-1.9808653309609263,-0.0178624241167821,0.5990411098288734,0.3470999999999999,-0.3758534507973792,0.4382,-0.0704680280046674,-0.0474,-0.633,0.0,0.0,1.0712,0.2435769480128758,-0.1360644973003414,0.0009089994632196,0.2332970123310169,857.0,5.268135006878954,2.9182,-0.7432118223823068,6.3561,2.465462893815636,1.8822,0.3056,0.0,0.0,6.0505,2.870499537141655,0.6938662466680224,0.0370720383655803,1.4709810157720289
sub-cp020,ses-20210604,run-005,level-03B,3,sub-cp020_ses-20210604_level-03B_run-005,2,3.0,2,531.48,1196.9255,430.3907,2158.7961,0.407725,0.1937223170984214,0.8349,-0.1313886044176707,-0.1109,-1.0456,0.0,0.0,1.8805,0.3435415704065369,0.0299307387050404,-0.0008998715661891,0.3175034675072324,399.8348359018564,1.2231,-1.056726920174033,1.3924,0.1074977409638554,-0.0325499999999999,-1.3031,0.0,0.0,2.6955,0.7049461195373752,0.2436207287784094,0.0004046670911879,0.6968766467917503,0.2507,1.834126384431375,0.8768,-0.0869690261044176,-0.1347499999999999,-0.5789,0.0,0.0,1.4557,0.267610962507174,1.0506538685707905,-0.000121049982778,0.2531485463691922,1992.0,4.979556109735049,0.7118,-0.2638007608741919,2.6266,1.083732580321285,1.06665,0.0925,0.0,0.0,2.5341,1.1860402352168382,0.2099160791840325,0.0006952870911634,0.4820080562772695
sub-cp020,ses-20210604,run-011,level-03B,3,sub-cp020_ses-20210604_level-03B_run-011,2,3.0,2,1794.2933,2686.8405,754.4832,5235.617,0.519,1.8858833867503888,0.9466,-0.6980500625782228,-0.6276,-3.0,0.0,0.0,3.9466,0.932019364356818,-0.9055493260466267,-0.0065991192300669,0.6176935987067886,422.2078587859869,1.7344,-0.7765546077309482,1.7452,-0.6154458906967043,-0.8987,-1.7996,0.0,0.0,3.5448000000000004,1.2317763569639184,0.7328300625333144,-0.0024580309873532,1.0672274902161822,0.2412,4.711094484732048,0.573,-0.2570112640801001,-0.2071,-1.7583,0.0,0.0,2.3313,0.4567261306183978,-1.748137314424619,0.0002389818140527,0.3776287343409472,2397.0,5.674929895642964,0.9074999999999998,3.0453950381285324,5.3954,2.184237713808928,2.1107,0.3056,0.0,0.0,5.0898,2.353071048558909,1.3743152727610142,0.0092961320314729,0.8754248620400895
sub-cp020,ses-20210604,run-004,level-04B,4,sub-cp020_ses-20210604_level-04B_run-004,3,4.0,2,1589.3847,1555.4372,1423.8401,4568.662,0.808225,1.9009144943082603,1.5701,-0.5610677260519248,-0.5897,-3.0,0.0,0.0,4.5701,0.8791791356616756,-0.0419213427051014,-0.0026866692545182,0.6770259491273445,432.3196828365326,0.7848249999999999,3.5231348683854,3.0,-0.2154959265890779,-0.2764999999999999,-2.6501,0.0,0.0,5.6501,0.976441426409029,1.5315928970479673,0.0074743300577915,0.952578366631133,0.8382000000000001,3.885064299295305,3.0,-0.1151307967770814,-0.15145,-3.0,0.0,0.0,6.0,0.9452355743662256,0.197987707558823,0.0004492046226667,0.9384078941053796,2234.0,5.165159229736795,1.041575,3.2527875175667367,7.498,2.0450590868397494,1.71595,0.2658,0.0,0.0,7.232200000000001,2.408384801263686,1.7425595628730712,0.00788305537615,1.272311003940512
sub-cp020,ses-20210604,run-006,level-04B,4,sub-cp020_ses-20210604_level-04B_run-006,3,4.0,2,1363.2171,2375.7644,745.0107,4483.9922,1.188675,-0.0862725784650773,1.8445,-0.2102687973997833,-0.26395,-3.0,0.0,0.0,4.8445,0.9144150304893462,-0.2064573502047137,-0.0054376192675536,0.890152300236682,417.7563540637493,0.92425,5.866938765764386,3.0,-1.0632335861321778,-1.1475,-3.0,0.0,0.0,6.0,1.4673593538667622,1.8104215572700963,0.0077348913273666,1.0115493619291782,0.6232500000000001,1.2189057806198225,1.6528,-0.0518653304442036,-0.10715,-1.5197,0.0,0.0,3.1725000000000003,0.5325949075998568,0.5911952488848042,-0.0013313980615483,0.5302071377407056,1846.0,4.416449880540786,1.0874500000000002,5.392787968230067,6.8204,2.429031744312026,2.2943,0.5152,0.0,0.0,6.3052,2.611356860010716,1.7773802906862937,0.012281081903585,0.958899125406051
sub-cp020,ses-20210604,run-009,level-04B,4,sub-cp020_ses-20210604_level-04B_run-009,3,4.0,2,2463.1383,2005.3099,878.5377,5346.9859,1.094425,-0.3970467997710996,0.7888,-1.0135181587837838,-0.9483,-3.0,0.0,0.0,3.7888,1.233715874250785,-0.2507343644622678,-0.0058755694183504,0.7035942412347923,446.2546203285456,0.8982249999999998,3.0518483021807974,2.9966,-0.6637188766891892,-0.76525,-2.6186,0.0,0.0,5.6152,0.9972362655332804,1.1510254171202672,0.0059990415293158,0.744440364015197,0.528525,1.9474584898875715,1.7722,-0.0772542652027027,-0.11315,-0.829,0.0,0.0,2.6012,0.4942585384956385,1.0417182390211988,0.0027325207279697,0.4882867673619533,2368.0,5.304146763247731,1.5650749999999998,0.2132742555834053,6.6259,2.2580172297297296,2.06325,0.2266,0.0,0.0,6.399299999999999,2.5379489681214733,0.7492596139059922,0.0119651422232197,1.1589263768255502
sub-cp022,ses-20210621,run-001,level-01B,1,sub-cp022_ses-20210621_level-01B_run-001,0,1.0,5,1348.5615,1736.9249,615.1176,3700.604,0.86065,0.0434636241219008,2.0499,0.3508524819027921,0.3917,-1.7369,0.0,0.0,3.7868,0.8311609088287578,-0.4658200668511882,0.0033787017538964,0.7536741317757697,346.4052423834801,0.8005749999999999,0.0383125627385965,1.863,-0.5748704239917269,-0.3492,-3.0,0.0,0.0,4.863,1.2490125312610585,-0.5501291457211064,0.0012115867447969,1.1091403815265577,0.42395,-0.5253084231734033,1.0058,0.3107089968976215,0.2148,-0.043,0.0,0.0,1.0488,0.4291601348980693,0.7793997563782297,0.0013111810805022,0.2961142999344806,1934.0,5.580169591833475,1.6603,-0.1712300233820283,5.3025,1.913446690796277,1.701,0.2924,0.0,0.0,5.0101,2.241637544020937,0.7435308224711203,0.002744473476956,1.168060830430966
sub-cp022,ses-20210621,run-007,level-01B,1,sub-cp022_ses-20210621_level-01B_run-007,0,1.0,5,568.3388,222.249,225.8391,1016.4268,0.713925,-1.1508278671077314,0.8517,0.1454378221649484,0.2129,-0.558,0.0,0.0,1.4097,0.4199022809047608,-0.051697935600748,0.0020558666236291,0.3940378253351664,360.48058345913887,0.233775,1.5627944932643825,0.8092,0.0061483891752577,-0.018,-0.5265,0.0,0.0,1.3357,0.1860282887983637,0.551465674178674,0.002621777824844,0.185986584369476,0.14005,1.7298564297679349,0.1882,-0.1097130154639175,-0.08135,-0.6435,0.0,0.0,0.8317,0.2106590873790182,-1.3156274701825026,3.328889418911025e-05,0.1798920692911917,1552.0,4.3025895739425,0.34345,-0.2769111947145806,1.288,0.6549136597938144,0.6003499999999999,0.1651,0.0,0.0,1.1229,0.7073470766755477,0.7260462249580729,0.0007983786456354,0.2673462884657709
sub-cp022,ses-20210621,run-012,level-01B,1,sub-cp022_ses-20210621_level-01B_run-012,0,1.0,5,882.5306,324.3618,341.694,1548.5864,1.09705,-1.4091120773595374,0.5875,-0.2579108868501529,-0.4786,-1.0912,0.0,0.0,1.6787,0.5829382058039537,0.4422937491212131,0.0014436888622943,0.522939942856627,362.1278889477253,0.33325,-0.5938312540781996,0.242,-0.1138984709480122,-0.0709,-0.6639,0.0,0.0,0.9059,0.2550697458854245,-0.4380688707621517,0.0004807693782047,0.2282971550577284,0.2212,3.055183552892625,1.2297,0.1081955963302752,-0.0169,-0.3096,0.0,0.0,1.5393,0.3528815819430333,1.9232843852642327,0.0002783547003046,0.335988345870459,1635.0,4.512218058509918,0.4738500000000001,0.0518795300752765,1.9062,0.9471494189602448,0.911,0.2822,0.0,0.0,1.624,1.0200258144451817,0.6553417507675949,-0.0014483833364066,0.3787457937823226
sub-cp022,ses-20210621,run-003,level-02B,2,sub-cp022_ses-20210621_level-02B_run-003,1,2.0,5,685.1616,386.9891,1302.7853,2374.936,0.53665,-0.0355365098471258,1.1419,0.0405677740863787,0.0866,-1.0344,0.0,0.0,2.1763,0.400655604014223,-0.0106673222610235,0.0028039134531177,0.3986911209625901,383.3570536226034,0.31325,1.4755124471588088,0.3794,-0.0755988134788799,-0.0551,-0.9893,0.0,0.0,1.3687,0.2431335963057895,-0.765075711808034,-0.0004948389450706,0.2311365842789361,0.8620000000000001,-0.4504227741388518,1.7101,0.2212186521120075,0.229,-1.287,0.0,0.0,2.9971,0.7675951434560003,-0.2119097229984435,-0.0002212037034369,0.735201433702506,2107.0,5.493573106582919,0.7402000000000001,-0.6899573192878847,2.3699,1.127164261983863,1.1256,0.2475,0.0,0.0,2.1224,1.2339711352669662,0.1662988252990443,-0.000940115739607,0.5022999456247327
sub-cp022,ses-20210621,run-008,level-02B,2,sub-cp022_ses-20210621_level-02B_run-008,1,2.0,5,1884.1267,912.0298,960.6408,3756.7973,2.5631500000000003,-1.0564710111943807,2.946,0.2721535082367297,-0.1195,-2.1114,0.0,0.0,5.0574,1.45523443389163,0.5749758223935072,-0.0028226857419306,1.4299955835031162,373.68665747344494,0.7289,2.729456863075886,1.5043,-0.1732906650396583,-0.2684,-2.8123,0.0,0.0,4.3166,0.7515726201720712,-0.5787113979713393,-0.0069122082588232,0.7315451208993088,1.0378,1.7124072156593773,3.0,0.3002816351433801,0.1244,-0.6197,0.0,0.0,3.6197,0.8074624987618004,1.250157932110319,0.0008499099276044,0.7497797156503658,1639.0,4.383351578765962,1.7931,0.1251800258179103,6.6377,2.2921241000610126,2.148,0.2308,0.0,0.0,6.406899999999999,2.600932444038152,0.5531291805935421,0.0105848039283582,1.2296093546246682
sub-cp022,ses-20210621,run-010,level-02B,2,sub-cp022_ses-20210621_level-02B_run-010,1,2.0,5,1261.7509,634.6695,800.3043,2696.7247,0.95385,-0.6222306525239016,1.1254,-0.35808182299947,-0.6585,-1.2241,0.0,0.0,2.3495,0.738346608394896,0.8334422845361654,0.0009398436920948,0.6458747475855354,396.02329954504967,0.42845,-0.0486137750717432,0.8178,-0.1443329093799682,-0.1858,-0.8713,0.0,0.0,1.6890999999999998,0.4053189730053522,0.4517249850196814,-0.0016135414273202,0.3788502901922508,0.563,1.384031091304747,1.8149,0.0495087440381557,-0.119,-0.8664,0.0,0.0,2.6813,0.5882386636707944,1.326778828171735,-1.2373009380077147e-05,0.5863068993502705,1887.0,4.762346059352142,0.6320000000000001,0.5833076056497832,2.9331,1.4291075781664015,1.3358,0.6005,0.0,0.0,2.3326,1.4926270356938316,0.7815532653526457,0.0006860707446055,0.4309122882319878
sub-cp022,ses-20210621,run-002,level-03B,3,sub-cp022_ses-20210621_level-03B_run-002,2,3.0,5,1713.5661,1066.2568,1874.0538,4653.8768,1.42035,-0.521593804963461,2.7606,0.2583484416740873,0.1921,-1.5864,0.0,0.0,4.347,0.9478396153183694,0.3091876263009205,0.0001262877633349,0.9121548482395055,395.9211777895689,0.37055,0.8133850791549655,1.5455,-0.1570287177203917,-0.196,-1.8222,0.0,0.0,3.3677,0.6402270093452028,0.301442142422376,-0.0006225986732415,0.6208093114004275,1.419975,-0.456604682520302,0.6137,-0.6779544078361531,-0.25715,-3.0,0.0,0.0,3.6137,1.2479950227299317,-0.9510395333954144,-0.0080359429565321,1.0480259664431684,2246.0,5.670320573741099,1.85335,-0.0793421416324475,5.8076,2.0720736865538734,1.9125,0.2551,0.0,0.0,5.5525,2.412580570535976,0.7003263863941843,0.0077341152021615,1.2360161203558206
sub-cp022,ses-20210621,run-005,level-03B,3,sub-cp022_ses-20210621_level-03B_run-005,2,3.0,5,1422.8882,1388.2619,704.6031,3515.7532,0.903675,0.6496574710910679,2.2224,0.3276039448669202,0.3933,-2.9875,0.0,0.0,5.209899999999999,0.8489141805204947,-0.3899906691004953,0.0002673004205394,0.7833406582787775,380.09667098522186,0.958525,1.4540154426638443,1.0102,-0.3245581273764258,-0.0681,-3.0,0.0,0.0,4.0102,0.9772083278415364,-1.4031571877228286,-0.0020226433396726,0.9219556016236372,0.4655,-0.7899870912461884,0.3875,-0.2444012357414448,-0.2507,-0.9715,0.0,0.0,1.359,0.4061396210388325,-0.06885390216724,-0.0005661717568906,0.3244494718877929,2104.0,5.532802996008782,0.8383,2.0519401980879586,5.1429,1.670988403041825,1.4349500000000002,0.2238,0.0,0.0,4.9191,1.931674007048214,1.500323163479666,0.0017616571022955,0.9693342088974114
sub-cp022,ses-20210621,run-011,level-03B,3,sub-cp022_ses-20210621_level-03B_run-011,2,3.0,5,1671.3792,759.8728,629.3149,3060.5669,1.6291999999999998,-0.9507042026426716,2.2964,0.3071,0.4071,-1.6907,0.0,0.0,3.9871,1.049386495167164,-0.128591823702945,0.0045529574772076,1.0037153034300226,379.2040687054396,0.535525,2.0496344964684763,1.6732,0.0340787715517241,0.08655,-1.9438,0.0,0.0,3.617,0.5629171526559751,-0.646433443435737,5.537915263328177e-05,0.5620360793608253,0.3798249999999999,0.4411980858865112,1.0807,0.1592146012931034,0.2284999999999999,-0.7886,0.0,0.0,1.8693,0.4174368741831533,-0.2348435421568301,-0.0005295301832744,0.3859851376650112,1856.0,4.891825149273222,1.015525,1.8487577553867367,4.5369,1.6490116918103446,1.6113499999999998,0.2206,0.0,0.0,4.3163,1.8167565187413,0.8985636626244674,0.0009554222380494,0.7626782367464172
sub-cp022,ses-20210621,run-004,level-04B,4,sub-cp022_ses-20210621_level-04B_run-004,3,4.0,5,1827.1121,1302.3887,2241.5336,5371.0344,1.547575,-0.6939907594831802,2.6321,0.4833442687747036,0.5548500000000001,-1.6784,0.0,0.0,4.310499999999999,1.0868670203074595,-0.0754297477147129,0.0018732656884292,0.9737179672318328,376.6684055328369,0.987125,0.446864138827606,1.6352,-0.3188450592885375,-0.2744499999999999,-2.8574,0.0,0.0,4.4926,0.8486264513802368,-0.4805555506149961,-0.0027883942071388,0.786645039723947,1.92985,-0.2245481516841692,3.0,-0.3699991600790514,-0.11075,-3.0,0.0,0.0,6.0,1.4697924798686577,-0.1105679143084485,0.0076327081267488,1.42281086180729,2024.0,5.370771666230553,1.922175,-0.8137716499514926,5.4804,2.653671294466403,2.6078,0.2277,0.0,0.0,5.252700000000001,2.897426848213091,0.1053969474880016,0.0085478366454584,1.1635204618917687
sub-cp022,ses-20210621,run-006,level-04B,4,sub-cp022_ses-20210621_level-04B_run-006,3,4.0,5,1404.6522,1162.1016,1246.0737,3812.8275,1.2117,0.0082304922412821,2.7261,0.2023499711815562,0.1484,-3.0,0.0,0.0,5.726100000000001,1.0494630776847895,0.2221315458587535,-0.0022220051897151,1.0300673717391062,386.3177295774221,0.5635,3.1186765902470226,3.0,-0.3397112391930835,-0.3018,-3.0,0.0,0.0,6.0,1.004089565513698,-0.036730897596686,0.0042625535250511,0.9451491966315244,1.4146,-0.6395949021959595,2.2888,-0.0806884149855907,-0.165,-1.2344,0.0,0.0,3.5232,0.862222994084116,0.6124760342282616,0.0062487424603591,0.8586867022877315,1735.0,4.488533316596043,1.3674500000000005,1.4144089611587871,6.8395,2.197595273775216,1.8447,0.3976,0.0,0.0,6.4419,2.521848768019369,1.2552052139668204,0.0096814091449831,1.2374080754601926
sub-cp022,ses-20210621,run-009,level-04B,4,sub-cp022_ses-20210621_level-04B_run-009,3,4.0,5,1424.0494,853.9938,1305.3292,3583.3725,1.2768000000000002,0.0488230651668155,2.154,-0.1623957191780821,-0.14215,-3.0,0.0,0.0,5.154,1.0391324264378712,-0.2183783855893364,0.0023299163539575,1.026657412559288,400.8727602660656,0.734425,0.1267282728178385,0.8279,-0.2801434360730593,-0.2457,-1.9559,0.0,0.0,2.7838,0.6304531655255868,-0.4211828255783397,-0.0022570752859322,0.5649540030222354,1.335275,-0.784368278756459,1.2936,-0.2560768264840183,-0.1314,-2.0939,0.0,0.0,3.3875,0.9321203008898852,-0.2171813418137495,-0.0025214983410923,0.8965108282778251,1752.0,4.367969524389319,1.28215,-0.3199690675456579,4.5423,2.045303767123288,1.99885,0.2247,0.0,0.0,4.3176,2.212136549566265,0.3051192997290179,0.0071084899809821,0.8430220975508049
sub-cp023,ses-20210628,run-001,level-01B,1,sub-cp023_ses-20210628_level-01B_run-001,0,1.0,3,824.3803,3449.342,421.4704,4695.1927,0.6919500000000001,-1.1814837182357696,0.5458,-0.2339730482347091,-0.3287,-1.0234,0.0,0.0,1.5692,0.479605835104345,0.098557416482372,-0.0013220245363264,0.418766728543389,367.0128554105759,2.4108,-1.2152367451467023,3.0,1.4918415713575337,1.8438,-1.115,0.0,0.0,4.115,1.992081389231556,-0.4772001309260023,0.0070501617636945,1.3204787201882382,0.2228,0.8497462886729048,0.5247,-0.095526106414719,-0.0732,-0.8336,0.0,0.0,1.3583,0.2872706364179709,-0.2766348583982083,-0.0005885352428823,0.2709902185448245,2011.0,5.476647399043886,1.97595,-1.363707407591234,3.6928,2.334755146693188,2.5977,0.3024,0.0,0.0,3.3904,2.5526572051923244,-0.3475141084377667,0.008247939970968,1.0322340101057612
sub-cp023,ses-20210628,run-007,level-01B,1,sub-cp023_ses-20210628_level-01B_run-007,0,1.0,3,944.1258,1711.7774,1094.6603,3750.5636,1.0506,-0.8387071919533993,1.6313,0.0637187932118164,0.0508,-1.0115,0.0,0.0,2.6428000000000003,0.6994103036198093,0.4850556773747783,0.0055123520441709,0.6967207416021634,359.19331423938274,1.35235,-0.4969594088180384,3.0,1.0460944688874922,0.8895,-0.2277,0.0,0.0,3.2277,1.4669909190497674,0.8446143342541914,0.0087426460223788,1.028792481263339,1.07785,-0.8495922026793572,0.1411,-0.6611949088623507,-0.5741,-2.0194,0.0,0.0,2.1605,0.94643707379369,-0.6295638836605353,-0.000662595851774,0.677386767250263,1591.0,4.426585732440309,2.4549000000000003,-1.1990680300088787,5.2842,2.3573635449402888,1.9679,0.487,0.0,0.0,4.7972,2.7877492139153643,0.4421037477994004,0.0085043342370348,1.4885481148606177
sub-cp023,ses-20210628,run-012,level-01B,1,sub-cp023_ses-20210628_level-01B_run-012,0,1.0,3,1798.1147,1683.5861,1903.0514,5384.7522,1.57755,-1.108604591776064,2.7415,1.0057750595238095,1.1783,-1.2258,0.0,0.0,3.9673,1.3387417341414822,-0.0114122325899738,0.0041558115343679,0.8838047902906362,327.854136005044,2.084225,-1.182002483426335,2.0062,0.0253763095238094,0.2201,-2.3271,0.0,0.0,4.3333,1.1355559076526185,-0.285338689647168,0.0058885943106427,1.1356103591673488,1.601725,-1.3393959286448929,0.1965,-1.097859880952381,-1.31275,-2.0252,0.0,0.0,2.2217,1.3494963414927736,0.4209381036943639,-0.0015879012732418,0.7849909869992314,1680.0,5.121179865103696,2.50435,-1.0863827916833313,5.6663,3.2052106547619053,3.65235,0.3526,0.0,0.0,5.3137,3.545113248573074,-0.4474134084034062,0.0033749764864426,1.5151960806557652
sub-cp023,ses-20210628,run-003,level-02B,2,sub-cp023_ses-20210628_level-02B_run-003,1,2.0,3,1337.6757,1111.5625,1057.7527,3506.9909,1.16625,-0.6596816198510504,0.8598,-0.2867232515053265,-0.127,-3.0,0.0,0.0,3.8598,0.7823793826303092,-0.3489068916139518,0.0001507454448587,0.7281159455877065,397.3586071282625,0.9145,-0.3713063698872769,1.4981,-0.1572349698934692,-0.1512,-1.05,0.0,0.0,2.5481,0.6217312327566356,0.3950747826848712,0.0009633615407667,0.6016598355587981,0.7198,-0.2225969466398467,1.5419,0.3024995831403427,0.1918,-0.8633,0.0,0.0,2.4052,0.6496242770509357,0.2204532094295418,-0.0003488033164845,0.5750294403268789,2159.0,5.430862604426796,0.6754500000000001,0.0320455428713306,3.1884,1.6243585919407133,1.6904,0.1399,0.0,0.0,3.0485,1.7623771357607183,-0.0849771336916379,0.0002025877848268,0.683848622034334
sub-cp023,ses-20210628,run-008,level-02B,2,sub-cp023_ses-20210628_level-02B_run-008,1,2.0,3,464.8578,1075.1036,2764.604,4304.5653,0.0792999999999999,4.4151647125279005,0.1563,-0.2320486389316897,-0.2716,-0.9046,0.0,0.0,1.0609,0.2569652865765975,0.5614027877573018,0.0026584496533084,0.1104121778864941,399.0671776235104,0.7083999999999999,2.641857789006327,3.0,0.2748236260914227,-0.0954,-0.3476,0.0,0.0,3.3476,0.8762899858561443,1.8140859294905127,0.0077886635992207,0.8322931563366912,1.7278,-1.381667693117416,0.0708,-1.4181019517205955,-1.514,-2.6558,0.0,0.0,2.7266000000000004,1.6755759155212526,0.1402436040028443,-0.0003232538460522,0.8927210234216998,1947.0,4.876371972229457,1.5978000000000003,-1.0405471989431818,3.8755,2.2108706728299947,2.3127,0.3328,0.0,0.0,3.5427,2.4069324926726785,-0.3344762586735454,0.0056945299624313,0.9517563456460928
sub-cp023,ses-20210628,run-010,level-02B,2,sub-cp023_ses-20210628_level-02B_run-010,1,2.0,3,536.6833,417.453,4605.4882,5559.6246,0.31455,16.8899181872869,0.7612,0.058620406278855,0.0979,-3.0,0.0,0.0,3.7612,0.3585631012152439,-2.693144412973401,0.0006727620035697,0.3538204951902133,409.3572445213794,0.18375,9.8954047939085,1.8956,0.0376824561403508,-0.0075499999999999,-0.452,0.0,0.0,2.3476,0.3513183545605811,2.799787608404701,0.0048847309453089,0.3493722540829734,1.92525,-0.9444353438884412,0.1816,-2.1042640350877195,-3.0,-3.0,0.0,0.0,3.1816,2.3985413729266405,0.8191384829402467,-0.0011740356532884,1.1513842240994117,2166.0,5.2887790040977976,1.7722250000000002,-0.8976271796432247,4.1263,2.566772253000923,3.09,0.2737,0.0,0.0,3.8526,2.7937665951170096,-0.7216549661723173,0.0047772453673966,1.1033467392830605
sub-cp023,ses-20210628,run-002,level-03B,3,sub-cp023_ses-20210628_level-03B_run-002,2,3.0,3,710.436,1063.5824,686.9251,2460.9435,0.52965,6.009657578643859,0.7954,-0.0758471661863592,-0.092,-3.0,0.0,0.0,3.7954,0.4534301156719422,-1.2453149696328292,-0.0029139901362817,0.4471488687836878,362.1837928891182,0.17345,4.154811385146997,0.7038,-0.3674418828049952,-0.19645,-3.0,0.0,0.0,3.7038,0.9123973317790138,-2.151511466183661,-0.0080136109262309,0.8353385587535288,0.491275,-0.7627305910167514,0.4088,-0.2165511047070125,-0.19385,-0.9871,0.0,0.0,1.3959,0.4185286271665596,-0.2619194851320873,-0.0015227075612652,0.3582366122036416,2082.0,5.745701604701825,0.6435500000000001,3.531491336593003,4.4524,1.1820068203650334,0.79555,0.1439,0.0,0.0,4.3085,1.5377846354961764,2.109011265438151,0.0114475028463499,0.9839240064495004
sub-cp023,ses-20210628,run-005,level-03B,3,sub-cp023_ses-20210628_level-03B_run-005,2,3.0,3,2087.2568,1251.9058,2311.8988,5651.0614,1.312425,0.2223663788188283,2.5178,0.9803600941422594,1.0509499999999998,-2.564,0.0,0.0,5.081799999999999,1.2995655153903711,-0.5718067380087367,-0.0006759665771868,0.8533143874400783,358.44967514276505,1.11555,-0.989454805911075,1.5567,0.2904891213389121,0.4216499999999999,-1.3649,0.0,0.0,2.9216,0.7632722510656744,-0.1542288920179995,-0.0009200733683707,0.7060179184326313,2.0252,-1.2079063859553385,0.8612,-1.0924180962343095,-1.1035,-3.0,0.0,0.0,3.8612,1.5439059331711795,-0.1098322252442147,-0.0002817689818236,1.0912795629381995,1912.0,5.3312923194556605,2.7936000000000005,-1.1143617174597618,6.2423,2.9555753661087865,3.06775,0.1116,0.0,0.0,6.1307,3.386986682197289,0.1054231908738009,0.0013142709637339,1.654595081641242
sub-cp023,ses-20210628,run-011,level-03B,3,sub-cp023_ses-20210628_level-03B_run-011,2,3.0,3,2409.0582,2199.5406,688.4112,5297.0101,1.6780000000000002,0.0200599361518336,2.911,1.2329858836206895,1.5412,-3.0,0.0,0.0,5.911,1.5456471580289095,-0.549757261393847,0.0161858198133504,0.9323300317208488,350.4301954060793,1.615525,-0.8939350093120315,3.0,1.104689655172414,1.1182,-0.5876,0.0,0.0,3.5876,1.511267411952972,0.3326348517734161,0.0088539744596055,1.0315829196161936,0.4271,-0.2151262908664795,0.3495,-0.3154998383620689,-0.27785,-1.0759,0.0,0.0,1.4254,0.4543610259139884,-0.2179522806025294,-0.0003567044211334,0.3270495741331498,1856.0,5.293493609620089,2.68145,-1.1469514507574885,5.887,2.8539918642241373,2.82465,0.0289,0.0,0.0,5.858099999999999,3.2383802304578864,-0.063083131008335,0.0076885497748783,1.5307185899966285
sub-cp023,ses-20210628,run-004,level-04B,4,sub-cp023_ses-20210628_level-04B_run-004,3,4.0,3,1901.4265,3006.3787,1334.31,6242.1152,1.720925,-0.9741911235928722,2.0016,-0.0937303948576676,-0.03025,-2.3241,0.0,0.0,4.325699999999999,1.0510157974032477,-0.2095026324279017,0.0035652709884183,1.0470683813077943,400.6427574902773,1.0698249999999998,0.7264618813174057,3.0,-0.7160864095500459,-0.98615,-2.8627,0.0,0.0,5.8627,1.595013046660574,1.0207187315880617,0.0081541471521029,1.4255595182529688,1.41285,-1.0458923073713724,1.0853,-0.1582250688705234,0.04515,-1.61,0.0,0.0,2.6953,0.7677371505784573,-0.4826451009135911,0.0009512214881589,0.751428246074894,2178.0,5.433768511472046,1.4156250000000004,-0.2411315635269306,5.4655,2.865983654729109,2.83755,0.3817,0.0,0.0,5.083799999999999,3.05388426876887,0.0994618784649381,0.0089820667732582,1.054920741971223
sub-cp023,ses-20210628,run-006,level-04B,4,sub-cp023_ses-20210628_level-04B_run-006,3,4.0,3,1978.5879,2235.5433,1921.971,6136.1022,1.7471249999999998,-0.9617899434868624,3.0,0.9732787933094385,1.0427499999999998,-1.2828,0.0,0.0,4.2828,1.4672348067674663,0.0711180490298745,0.0089352630871593,1.0982836311061663,341.0979587584734,3.07055,-1.5055356342668869,1.9265,-1.1459070489844685,-0.52625,-3.0,0.0,0.0,4.9265,1.8027424615634964,-0.253548759334392,-0.0027326460803009,1.3920973691256702,2.501075,-0.8921680282861644,3.0,-0.2696610513739546,0.07235,-3.0,0.0,0.0,6.0,1.4382230921175336,-0.3549122013617193,0.0091598320065361,1.4131388849273006,1674.0,4.904749374899154,2.37585,0.056162274497006,8.8541,3.665532437275986,4.03525,0.1993,0.0,0.0,8.654800000000002,4.059795968585271,0.0143841543105897,0.0132387189194453,1.7457479281968915
sub-cp023,ses-20210628,run-009,level-04B,4,sub-cp023_ses-20210628_level-04B_run-009,3,4.0,3,1891.335,3206.5242,2896.4634,7994.3226,1.6684,-0.4593717859447448,2.6235,-0.2771987454260324,-0.3315,-2.6731,0.0,0.0,5.2966,1.205337425983153,0.1356558225649161,-0.0058206703346743,1.17333662298835,382.24119767546654,1.187,-0.8725964709349383,-0.2709,-1.67617600627287,-1.6391,-3.0,0.0,0.0,2.7291,1.818279466998892,-0.3089356140723235,-0.0071397327566901,0.7048644767989655,2.6042,-0.989864711167141,3.0,-0.2349223209618399,-0.2346,-3.0,0.0,0.0,6.0,1.7990454544514531,0.0574868201535541,0.0081725884572292,1.784107606032841,1913.0,5.00207725286415,1.5313999999999997,0.2212379941020987,8.2083,4.178946314688971,4.1233,0.424,0.0,0.0,7.784299999999999,4.432499722891043,-0.1140169780217395,0.020331926666362,1.478040415599189
sub-cp024,ses-20210629,run-001,level-01B,1,sub-cp024_ses-20210629_level-01B_run-001,0,1.0,3,1222.1162,1833.4721,5289.9786,8345.5669,0.179,2.2360984272488107,0.2249,-0.4836411435425829,-0.5263,-0.8461,0.0,0.0,1.071,0.5143043116774308,1.2802682466411726,0.0008759596919531,0.1749640230176815,458.3544239401817,0.8057,0.3951367360307811,3.0,0.6839817273090764,0.2089,-0.3206,0.0,0.0,3.3206,1.254863444453742,1.3992468647320846,0.0068305220512251,1.0522803815704136,3.5345,-1.1958055481580312,3.0,0.8902333866453419,1.4706,-3.0,0.0,0.0,6.0,2.413712293476116,-0.5240107384375731,-0.0027795084621377,2.243993081451208,2501.0,5.454294470442957,2.0945,-0.7070640174692095,6.5469,3.3368928028788485,3.526,0.4047,0.0,0.0,6.1422,3.742104226799984,0.0680669394235059,0.0081633334480225,1.6940005497390431
sub-cp024,ses-20210629,run-007,level-01B,1,sub-cp024_ses-20210629_level-01B_run-007,0,1.0,3,1568.8029,3417.0399,1371.3296,6357.1724,0.2577,11.499301128556423,2.4348,-0.5881972628598396,-0.6566,-1.9431,0.0,0.0,4.3779,0.8172117893976648,2.8038418851855105,0.0038605419330726,0.5674601769124867,420.0446538627148,3.0652,-1.7271223900788557,3.0,1.4807116564417178,1.4633,-0.4086,0.0,0.0,3.4086,2.034760564887879,-0.0853907133427987,0.0074534932684163,1.3959452573139877,1.2992,-0.7713088437862616,1.5544,-0.1524036337895234,-0.0099,-1.8759,0.0,0.0,3.4303,0.8236885857933267,-0.2779303752603392,-0.0002311658989278,0.8096575722006908,2119.0,5.042321049733527,2.9230500000000004,-1.2876820681944303,5.8281,3.0000801793298724,2.7727,0.5468,0.0,0.0,5.2813,3.3270815309468627,0.1272975333847114,0.0089807118488714,1.4387380899972184
sub-cp024,ses-20210629,run-012,level-01B,1,sub-cp024_ses-20210629_level-01B_run-012,0,1.0,3,790.1357,765.878,771.9673,2327.9809,0.8258,-0.4582902037514378,1.486,-0.0087422764227642,-0.0055,-1.1881,0.0,0.0,2.6741,0.5087349822690413,0.3182199299024737,0.0035963168763568,0.5087977658467133,357.7270980924368,0.6339,0.6905900353294707,2.0653,0.3223183197831978,0.2756,-0.4459,0.0,0.0,2.5112,0.5403814255090846,0.7163904171803034,0.0046577405203154,0.4338490575535753,0.8322,-1.05497752508939,0.8471,-0.1991114363143631,-0.047,-1.0609,0.0,0.0,1.908,0.5258080508011101,-0.1992155570784818,-3.4942837896976966e-05,0.486782471221879,1845.0,5.154767446562043,0.6098999999999999,-0.3428303757902275,2.555,1.261779620596206,1.2209,0.3688,0.0,0.0,2.1862000000000004,1.3371938765528786,0.3645149062644438,0.0008939775647562,0.4428385067071658
sub-cp024,ses-20210629,run-003,level-02B,2,sub-cp024_ses-20210629_level-02B_run-003,1,2.0,3,306.6326,2154.943,1835.2268,4296.8024,0.218525,1.8665317909902468,0.784,0.0251305604982206,-0.0086,-0.3651,0.0,0.0,1.1491,0.1795391111520663,0.93738055427671,0.0020845554869833,0.1778111688853404,410.97490824759007,1.714225,-0.7718713675887203,3.0,0.7867019572953736,0.2681,-0.4104,0.0,0.0,3.4104,1.4332217553470223,0.8907330410361795,0.007552772536006,1.1982751602366366,1.4179,-1.2320604068724086,0.7021,-0.6188332295373665,-0.52695,-2.0145,0.0,0.0,2.7166,1.00717820389416,-0.0921436075017972,0.0007905592129343,0.7948172048059353,2248.0,5.467487077450248,2.1704,-0.816990539834598,4.7139,1.9113870106761568,1.6205,0.1039,0.0,0.0,4.609999999999999,2.309836359315297,0.5654857136600595,0.0089022466495591,1.2971862745210634
sub-cp024,ses-20210629,run-008,level-02B,2,sub-cp024_ses-20210629_level-02B_run-008,1,2.0,3,2255.6408,3889.0035,1289.6385,7434.2828,1.2744,-0.3822044973278173,3.0,0.9743485334809076,0.8743,-1.4596,0.0,0.0,4.4596,1.498635039488512,-0.0265409774422999,0.0075329468606165,1.1389775372945596,395.7017160952091,1.87865,-0.7995697238809534,3.0,2.0748929717764253,3.0,-0.4122,0.0,0.0,3.4122,2.4204370876550523,-0.8977674947907895,0.0078910448779774,1.2466735530144093,0.73305,1.9262699516964967,2.9722,-0.2502539014941892,-0.0679,-3.0,0.0,0.0,5.9722,1.171835819436513,-0.4747315708690799,0.0040896966936848,1.1451191419369169,1807.0,4.564043890993542,4.170250000000001,-0.974218079475119,8.9722,4.114157498616491,4.48,0.2185,0.0,0.0,8.7537,4.654493245111443,-0.0990619457016813,0.0185063640164704,2.1773008361767303
sub-cp024,ses-20210629,run-010,level-02B,2,sub-cp024_ses-20210629_level-02B_run-010,1,2.0,3,1318.7208,721.5262,1535.9944,3576.2414,1.0757,-0.1852430292590554,1.8977,-0.3668889725658956,-0.3709,-2.1712,0.0,0.0,4.068899999999999,0.8842951546015934,0.0819554394665102,0.000175049082364,0.8048098070435161,414.7408202290535,0.63025,1.771853441710748,2.3532,0.1225247444862829,0.0857,-0.844,0.0,0.0,3.1972,0.5045217132859366,0.6988255896473838,0.0034040536429963,0.4895495524197281,1.1569,0.6469281546404044,2.623,-0.2659298009682625,-0.3538,-2.017,0.0,0.0,4.640000000000001,1.0466959420941413,0.8447885602111982,-0.0001405697176559,1.0126229929706858,1859.0,4.479906267663409,0.8413000000000002,1.997095356887288,4.503,1.92374491662184,1.8224,0.2322,0.0,0.0,4.2708,2.032781377590849,0.9507638668345336,0.002586916810859,0.6569914862648285
sub-cp024,ses-20210629,run-002,level-03B,3,sub-cp024_ses-20210629_level-03B_run-002,2,3.0,3,2107.2477,6577.6873,3648.8785,12333.8135,1.03505,0.9091193906116032,3.0,0.4785977165639724,0.3995,-2.3377,0.0,0.0,5.3377,1.0246859984159853,0.2358034120648078,0.0019412104980956,0.9062137019262956,493.5580149292946,0.9491999999999998,0.3024988579661767,3.0,2.318718919898514,3.0,-0.444,0.0,0.0,3.444,2.602079040835491,-1.4034266743324562,0.0062760605770807,1.18104338351882,2.5011,-1.1076980706624715,3.0,0.6806704240666908,0.1807,-3.0,0.0,0.0,6.0,1.6729576087401428,0.2674113177056808,0.0057103722657685,1.5285031025929217,2759.0,5.58799556804908,3.2503,-0.8468998856468142,9.0,4.470394164552374,4.191,0.3056,0.0,0.0,8.6944,4.939481852438844,0.1520940774612612,0.0134251694827592,2.1013465777610407
sub-cp024,ses-20210629,run-005,level-03B,3,sub-cp024_ses-20210629_level-03B_run-005,2,3.0,3,503.2544,2381.6276,2769.6683,5654.5502,0.32885,2.1598382393143627,1.0177,-0.1438264596848934,-0.0969,-1.2264,0.0,0.0,2.2441,0.3254458905253994,-0.1645621935903867,0.0023529186534656,0.2920076880716966,424.8340666294098,1.9009,-0.954983078474806,3.0,1.0537386468952734,0.7311,-0.2058,0.0,0.0,3.2058,1.5517171221648771,0.7053994566783883,0.0072658956577808,1.1393254157748471,1.7445499999999998,-0.7392147861122016,1.2833,-0.9857061167747916,-1.2052999999999998,-3.0,0.0,0.0,4.2833000000000006,1.4852446927306366,0.4602918046199967,-0.0008553927957877,1.1112639177656212,2158.0,5.077276446103812,1.55855,0.1858553827049176,6.0962,2.620274003707136,2.4662,0.2013,0.0,0.0,5.8949,2.913070636737121,0.5805165371259284,0.009226190430296,1.2731440571697794
sub-cp024,ses-20210629,run-011,level-03B,3,sub-cp024_ses-20210629_level-03B_run-011,2,3.0,3,2110.7425,2981.279,2776.124,7868.1454,1.5393,-0.9140264101276494,3.0,1.19218155283129,1.1063,-0.8022,0.0,0.0,3.8022,1.5330804191045933,0.2901972753688207,0.0042607535950965,0.9641480069638688,370.8498895168304,2.4891,-0.5350275832688807,3.0,0.7357502626970228,1.0419,-3.0,0.0,0.0,6.0,2.028733685660137,-0.6795639847099928,0.0013959826189364,1.8911688944630431,2.7306,-1.015652695706527,3.0,-0.229850029188558,-0.5367,-3.0,0.0,0.0,6.0,1.915897985237352,0.2513830083876405,-0.0084648805048586,1.9026159031040528,1713.0,4.616423109173675,3.5641,-0.9046284381172688,9.0,4.593197373029772,4.8072,0.0816,0.0,0.0,8.9184,5.16247688186052,0.0005773463304626,0.0110049918184343,2.3573182718852137
sub-cp024,ses-20210629,run-004,level-04B,4,sub-cp024_ses-20210629_level-04B_run-004,3,4.0,3,1647.19,4541.0669,3255.4952,9443.7522,0.6437749999999998,-0.6801341292326923,1.7565,0.7683712806026366,0.77625,-0.6136,0.0,0.0,2.3701,0.8832062636724262,-0.0657709193324346,0.0034068221624583,0.4356009810054435,408.8267404586077,2.69695,-1.0443676444017334,3.0,2.0090237758945384,3.0,-0.5987,0.0,0.0,3.5987,2.4421686626985566,-0.8706335605793706,0.0079351463076042,1.3888554277173732,2.07675,-0.930487346773214,3.0,0.0450050376647833,0.13705,-3.0,0.0,0.0,6.0,1.920742131056641,-0.4050185091127664,0.007644314059531,1.920666988284308,2124.0,5.192908853316425,2.423575,-0.5979486747632468,7.7279,4.44620988700565,4.54905,0.4351,0.0,0.0,7.2928,4.857962013772842,-0.4732399110591064,0.0141778886417701,1.9577581811286
sub-cp024,ses-20210629,run-006,level-04B,4,sub-cp024_ses-20210629_level-04B_run-006,3,4.0,3,739.1916,2780.8591,1315.9497,4836.0004,0.436725,8.041146121377258,1.0364,-0.0808221473029045,0.0374,-3.0,0.0,0.0,4.0364,0.6676662598627615,-2.596368568399185,0.0006599764493092,0.662928320400286,371.6799292713404,2.590675,-1.580809293205579,-0.0554,-1.442354149377593,-1.12675,-3.0,0.0,0.0,2.9446,1.839742532613478,-0.3729514271094511,-0.0074295106690683,1.1423414254151036,1.02355,1.0357583167395994,2.9852,0.5013402489626556,0.3812,-1.5166,0.0,0.0,4.501799999999999,0.9670649990866726,1.0361872423163112,-0.0037427363988342,0.8271804863754413,1928.0,5.184568356375298,2.849525,-0.4773571941693824,7.3127,2.5082977697095434,2.26425,0.1483,0.0,0.0,7.1644000000000005,2.9698775426444675,0.5434089091891008,0.0105122706185934,1.59057446214786
sub-cp024,ses-20210629,run-009,level-04B,4,sub-cp024_ses-20210629_level-04B_run-009,3,4.0,3,2547.0784,1902.7494,1939.0935,6388.9214,1.0717499999999998,0.0735187645508603,3.0,1.6099499009900988,1.7518,-0.9973,0.0,0.0,3.9973,1.8581724096275325,-0.7358519392709536,0.0029539796691709,0.9281350246139382,343.97663958370686,2.0624,-0.4796054679402259,3.0,1.012954191419142,0.6376,-3.0,0.0,0.0,6.0,1.6482801169704135,0.03225955673944,0.0094084877505539,1.300718222587528,2.2995,-0.7068336543698264,3.0,-0.1699462706270627,0.1657,-3.0,0.0,0.0,6.0,1.611072044773959,-0.3374826739073844,-0.0083575442898656,1.602612457862698,1515.0,4.401461685980474,3.3586,-0.8817654750963397,9.0,4.2171116171617165,4.4715,0.2947,0.0,0.0,8.7053,4.721386982039453,-0.1223919268735928,0.0193460811991582,2.123780080869792
sub-cp025,ses-20210820,run-001,level-01B,1,sub-cp025_ses-20210820_level-01B_run-001,0,1.0,3,2198.7959,2189.1802,233.5054,4621.4815,0.6563000000000001,0.5634096400917397,-0.4078,-1.0490442270992366,-1.03345,-3.0,0.0,0.0,2.5922,1.1152761166026617,-0.4504396052725559,-0.0010833757366517,0.3787023227489376,394.3230271339417,1.74015,-0.6330159013757339,3.0,0.2879227099236641,-0.30945,-1.3134,0.0,0.0,4.3134,1.3976782796913574,0.9718785211008816,0.003809059823153,1.3680270380688222,0.2006,-0.7388471793940607,0.2766,0.0149447996183206,-0.0083,-0.2652,0.0,0.0,0.5418000000000001,0.1371151083018145,0.0142842652821491,-0.0003651828325792,0.1363307496141848,2096.0,5.3129030156496055,1.2418,-1.0297123260034486,3.9077,2.204905057251908,2.23905,0.5468,0.0,0.0,3.3609,2.346756151633358,0.1539449350722571,0.0045942029131984,0.8037202957305243
sub-cp025,ses-20210820,run-007,level-01B,1,sub-cp025_ses-20210820_level-01B_run-007,0,1.0,3,1682.4173,1241.9351,340.0722,3264.4246,1.6695749999999998,-0.949511974386608,1.4205,-0.3144922794117646,-0.5660000000000001,-3.0,0.0,0.0,4.4205000000000005,0.973261316531872,0.4236812593836638,-0.004525267560069,0.9212914757033356,364.9949926882982,0.8674249999999999,-1.090179307769546,1.5876,0.6035595063025209,0.5536000000000001,-0.4624,0.0,0.0,2.05,0.7910440119283965,-0.0155559265331025,0.0015948163992953,0.5114723337495815,0.3508,-0.8897624686914316,0.3019,-0.0753600840336134,-0.08895,-0.4579,0.0,0.0,0.7598,0.2086918228447605,0.0843404684469358,-0.0007701475516954,0.1946613378706206,1904.0,5.213770156088529,0.5567500000000003,0.587349470026199,3.1458,1.7145103991596635,1.7110500000000002,0.4923,0.0,0.0,2.6535,1.755470678112336,-0.2068151756042017,0.0061735093498235,0.3771022155242296
sub-cp025,ses-20210820,run-012,level-01B,1,sub-cp025_ses-20210820_level-01B_run-012,0,1.0,3,1535.8653,977.6613,446.1117,2959.6384,0.708425,0.4487803652127411,0.8649,-0.5011813559322034,-0.6563,-3.0,0.0,0.0,3.8649,0.7981112727916215,0.6885586774947736,0.0045604179979615,0.6212733501912724,371.7641673982144,0.871925,-0.8134313193972122,1.6759,0.3093651600753295,-0.0177,-0.32,0.0,0.0,1.9959,0.6420405402099385,0.7740167151315087,0.0017928032297047,0.562724034364583,0.29045,-0.6810252334920861,0.2561,-0.1675475517890772,-0.1356,-0.5385,0.0,0.0,0.7946,0.2625299211536498,-0.0898719329249765,-0.0005576115671684,0.2021608738721758,2124.0,5.710609537378984,0.507225,1.4155150389132851,3.1399,1.393427777777778,1.35845,0.8628,0.0,0.0,2.2771,1.430768373377747,0.6117129949186801,-0.0019512370034925,0.3248181645610129
sub-cp025,ses-20210820,run-003,level-02B,2,sub-cp025_ses-20210820_level-02B_run-003,1,2.0,3,1204.8266,1119.6553,451.6615,2776.1435,0.8159000000000001,0.5270862534907779,0.0348,-0.5578394712430427,-0.429,-3.0,0.0,0.0,3.0348,0.7288495853761381,-0.7279522963504413,-0.0017248076806313,0.4691896713372513,408.4513351321221,0.3636750000000001,4.571412868484753,2.412,-0.1568202690166976,-0.2831,-0.822,0.0,0.0,3.234,0.6686502537302619,2.212906184432259,0.0011896154038591,0.6501512293195546,0.326075,-0.1083337104280879,0.2258,-0.1389399814471243,-0.10675,-0.7219,0.0,0.0,0.9477,0.2790101129959071,-0.755253009515296,-0.0003150926167455,0.2420113437865914,2156.0,5.276026333229932,0.9876,-0.5703400223638599,3.1878,1.2876357142857144,1.13615,0.3632,0.0,0.0,2.8246,1.4339588901712974,0.488975221646338,0.0022967240386092,0.6312029472353626
sub-cp025,ses-20210820,run-008,level-02B,2,sub-cp025_ses-20210820_level-02B_run-008,1,2.0,3,897.8863,322.5919,304.4338,1524.912,0.6990999999999999,2.8327412502004634,0.3974,-0.3431151396374326,-0.361,-3.0,0.0,0.0,3.3974,0.5479632335037867,-0.5888610850387156,-0.0009869788489206,0.4273466795365035,394.942607358098,0.2823,-0.9113538364650262,0.3048,0.036560999510044,0.0756,-0.3986,0.0,0.0,0.7034,0.1812506769049179,-0.3813871683240222,-0.0007459311669882,0.1775684368696583,0.2037,0.1312045046896242,0.3114,0.0124763841254287,0.047,-0.4561,0.0,0.0,0.7675000000000001,0.1890534045311566,-0.9095890903681356,8.912687399180471e-05,0.1886875022120879,2041.0,5.16530746997959,0.4088999999999999,13.064217326957449,3.1892,0.747140862322391,0.7467,0.1138,0.0,0.0,3.0754,0.8018686354450673,1.696645104358877,0.0018220368899006,0.2912308296914759
sub-cp025,ses-20210820,run-010,level-02B,2,sub-cp025_ses-20210820_level-02B_run-010,1,2.0,3,876.7094,496.7618,268.6479,1642.119,0.8466250000000001,2.0827789372536456,0.8556,-0.0183882851445663,0.0764,-3.0,0.0,0.0,3.8556,0.5240704572788116,-0.8277581775782038,-0.0029093122031825,0.5238783532318245,382.495903596282,0.272125,2.4858211656205844,1.2181,0.1691789631106679,0.1706,-0.7483,0.0,0.0,1.9664,0.339296499108197,0.7204093116786997,-0.0010329522389265,0.2941831660516136,0.183825,0.5540078242178383,0.4819,0.0078783150548355,-0.0282499999999999,-0.2511,0.0,0.0,0.733,0.1784236931636422,1.0883371215683957,-0.0003403958023493,0.1782941201782244,2006.0,5.241886203613421,0.34975,12.489080452792424,3.1892,0.8186027916251247,0.7826500000000001,0.268,0.0,0.0,2.9212,0.8697993268868639,2.000949762830586,0.0038303678189097,0.2940806878812712
sub-cp025,ses-20210820,run-002,level-03B,3,sub-cp025_ses-20210820_level-03B_run-002,2,3.0,3,340.0609,867.9969,473.8897,1681.9474,0.2597,41.23611930246759,0.3961,-0.0682429906542056,-0.0074,-3.0,0.0,0.0,3.3961,0.288639318992187,-4.710911973918137,-0.0013602396873012,0.280524970608939,388.3874326944351,0.5595,2.5424809415869305,1.317,-0.1091731923266109,-0.2618,-2.3542,0.0,0.0,3.6712,0.5429905571825124,0.1968034631318274,-0.0058101776989663,0.5320330737181765,0.2903,1.5804602499171576,0.945,-0.0577847024102311,-0.076,-0.5727,0.0,0.0,1.5177,0.3071750210567903,1.0199770044149554,-0.0008048664134968,0.3017651632757712,2033.0,5.231889162589567,0.4787,5.696897580635891,3.2753,0.8273227742252829,0.7277,0.1504,0.0,0.0,3.1249,0.9368169198295354,1.7918089269150823,0.0070401351069235,0.4396112248829495
sub-cp025,ses-20210820,run-005,level-03B,3,sub-cp025_ses-20210820_level-03B_run-005,2,3.0,3,1512.7701,1166.15,676.183,3355.1031,1.131975,-0.2939854608328502,1.5176,-0.359539953488372,-0.3672499999999999,-3.0,0.0,0.0,4.5176,0.8707348268840733,-0.0278169215540861,-0.002400585711881,0.7932230537910567,406.0259107500314,0.905825,-0.95560806130527,1.5379,0.4203457209302325,0.3618,-0.7048,0.0,0.0,2.2427,0.6773420681107576,0.041558960124316,0.0002514617843265,0.5312560807198633,0.53225,-0.9083735526671846,0.4832,-0.1750640930232558,-0.1961,-0.8312,0.0,0.0,1.3144,0.3771413728021227,-0.0306093608874064,-0.0002216607305522,0.334125880534271,2150.0,5.292765666186819,0.9705750000000002,-0.2529126971753119,3.4851,1.5605125581395347,1.6097,0.2328,0.0,0.0,3.2523,1.69575348831022,0.2143876610769226,0.0019496292700574,0.663766052486961
sub-cp025,ses-20210820,run-011,level-03B,3,sub-cp025_ses-20210820_level-03B_run-011,2,3.0,3,1182.9348,379.4229,378.6153,1940.973,0.852525,0.5562066014619456,0.7672,-0.4046920296570899,-0.3828,-3.0,0.0,0.0,3.7672,0.6951373840383451,-0.3886426956527756,0.000600745046154,0.5653215355484839,407.8269168734551,0.241825,0.823592312328449,0.7784,0.0695434198331788,0.0419999999999999,-0.3381,0.0,0.0,1.1165,0.2436262764396028,0.9311192812745136,0.0009521195976392,0.2335438931022604,0.18775,0.6356606503805375,0.3454,-0.1441259036144578,-0.14145,-0.378,0.0,0.0,0.7234,0.2086252423533354,0.649029948943964,-0.0004465129506312,0.1508733367351333,2158.0,5.289008426752022,0.6100749999999999,1.6888440173914132,3.2731,0.8994332715477292,0.8868,0.0873,0.0,0.0,3.1858,1.0004659929035276,0.6737667173990338,0.0005007026058149,0.4382248090311585
sub-cp025,ses-20210820,run-004,level-04B,4,sub-cp025_ses-20210820_level-04B_run-004,3,4.0,3,2958.5716,4383.3979,677.8456,8019.8151,2.52475,-1.2440697690089155,2.2016,-0.8570178037383178,-0.7179,-3.0,0.0,0.0,5.2016,1.65957556877131,0.1368485287495858,-0.0079440929306115,1.4214977257150403,406.96905590593815,2.6267,-0.5113302145885275,2.3682,-1.729449953271028,-3.0,-3.0,0.0,0.0,5.3682,2.334403135015678,0.8607728364564691,-0.0033117997067362,1.568308068306566,0.624725,-0.9552797407059406,1.0659,0.0775028504672897,-0.0432,-0.4772,0.0,0.0,1.5431,0.3829575020405775,0.4663242500438003,0.0028250305110807,0.3751206625214033,2140.0,5.255927862226415,3.5641000000000007,-1.2409161405158091,6.4177,3.747577242990654,3.87045,0.2697,0.0,0.0,6.148,4.179248466239525,-0.2262554668464498,0.0123205927508132,1.850238433748808
sub-cp025,ses-20210820,run-006,level-04B,4,sub-cp025_ses-20210820_level-04B_run-006,3,4.0,3,1494.4636,481.6028,840.9724,2817.0388,1.1441,-0.5460286892593631,1.5278,-0.4034144004014048,-0.5094,-2.2275,0.0,0.0,3.7553,0.8774599220458953,0.2870488237432931,-0.0020113086203049,0.7794212929964509,384.7743663936853,0.4427,4.814525806294198,1.0979,-0.0541516808830908,-0.0522,-2.2115,0.0,0.0,3.3094,0.3092379529024592,-0.4730182835512168,-0.0051463927250651,0.3045361078136444,0.8437999999999999,-1.3331927205663456,0.6657,-0.1429412443552433,-0.1231,-0.9934,0.0,0.0,1.6591,0.4871786293178551,-0.0110584674711181,0.0003862003630666,0.4658537415314515,1993.0,5.177060048646451,0.7414000000000001,0.3438534661719177,3.1952,1.4134660812844957,1.394,0.2774,0.0,0.0,2.9178,1.504422801407197,0.5272691089335493,0.0056820313174476,0.5153007240323854
sub-cp025,ses-20210820,run-009,level-04B,4,sub-cp025_ses-20210820_level-04B_run-009,3,4.0,3,2032.4157,964.6349,849.086,3846.1366,1.19075,0.0690405668326614,2.0452,-0.7501304975124378,-0.7354499999999999,-3.0,0.0,0.0,5.0452,1.2289126502948555,0.2663215079957564,0.0030559687396785,0.973654035904388,416.6600212454796,0.6843,0.0734944727664181,1.3615,-0.2480379601990049,-0.17665,-1.6643,0.0,0.0,3.0258,0.6397674110594658,-0.0077613406505197,2.6400421060601937e-05,0.589875089583311,0.782675,-0.0492401467410901,1.5647,0.0518332338308457,-0.0492,-0.8458,0.0,0.0,2.4105,0.530842939969463,0.6726202011224962,-0.001072337102716,0.5284377649059401,2010.0,4.821676900977204,2.08605,-1.2518856937812926,4.0182,1.913500497512438,1.7512,0.091,0.0,0.0,3.9272,2.185793974915321,0.2324717284383997,0.004101905421334,1.0567718543494136
sub-cp026,ses-20210716,run-001,level-01B,1,sub-cp026_ses-20210716_level-01B_run-001,0,1.0,2,1238.0123,211.7189,129.0321,1578.7633,0.2030499999999999,64.09720227993498,-0.146,-0.6306738155883851,-0.6329,-3.0,0.0,0.0,2.854,0.6609178846302668,-5.645031359145856,-1.0951262441221387e-05,0.1976939511857504,374.3860602378845,0.2199499999999999,-1.0337400785287272,0.2787,-0.0025788079470198,-0.015,-0.2135,0.0,0.0,0.4921999999999999,0.124539803145415,0.2474575302922034,-7.665883708854985e-05,0.1245448281109244,0.0829,1.3066733040257814,0.234,-0.0024732552215995,-0.0124,-0.2796,0.0,0.0,0.5136000000000001,0.0902480552833403,-0.4138585130979476,-0.0004874647306153,0.0902371464663808,1963.0,5.240579734067415,0.1421,84.58959277361134,3.1402,0.8042606724401427,0.7991,0.3682,0.0,0.0,2.772,0.8245822624916777,7.021786700773505,0.0005750748301451,0.1819822773460347
sub-cp026,ses-20210716,run-007,level-01B,1,sub-cp026_ses-20210716_level-01B_run-007,0,1.0,2,691.1905,293.9054,327.299,1312.395,0.4522,0.2046630359884576,0.6938,-0.2340859718309859,-0.2304,-1.2822,0.0,0.0,1.976,0.4574140415022043,0.2461297742872589,0.0004865190017164,0.3930883053258311,361.9591411203146,0.2054,0.4469513179884847,0.651,0.0557067042253521,0.0343,-0.4045,0.0,0.0,1.0555,0.2268070563772988,0.3279342312452782,-7.542287760851305e-05,0.2199214679582123,0.3571,-0.785673979928454,0.3176,-0.034458028169014,0.0215,-0.5006,0.0,0.0,0.8182,0.2357394968550344,-0.651688946026611,-0.0001298489101685,0.2332732556586369,1775.0,4.901105673168579,0.2551,5.545136934771639,1.9846,0.7393778028169014,0.6731,0.2591,0.0,0.0,1.7254999999999998,0.7911842971711085,1.85020665051901,-0.0002812472139394,0.2816695832319418
sub-cp026,ses-20210716,run-012,level-01B,1,sub-cp026_ses-20210716_level-01B_run-012,0,1.0,2,870.4429,385.5683,294.8146,1550.8259,0.7294,0.1094239210157468,0.7104,-0.2869449660928534,-0.3159,-2.4192,0.0,0.0,3.1296,0.5257391031739559,0.2585459368879276,0.0004088037421962,0.4406421191311159,365.45653715729713,0.31,-0.6952031897864996,0.7261,0.1387841940532081,0.129,-0.2329,0.0,0.0,0.959,0.2520417796323251,0.2485392366578361,0.0023447384651137,0.2104450247948323,0.2577,-1.0507719846339507,0.2291,-0.0707574856546687,-0.0691,-0.3537,0.0,0.0,0.5828,0.1796263282591396,0.3285669949097884,2.4626731457607754e-06,0.1651460658359953,1917.0,5.242757496975158,0.3476,1.8628071242464928,2.5605,0.8089844027125718,0.8024,0.1981,0.0,0.0,2.3624,0.8561357931069784,0.4134020518594847,0.0012176550554039,0.2802743474248889
sub-cp026,ses-20210716,run-003,level-02B,2,sub-cp026_ses-20210716_level-02B_run-003,1,2.0,2,1114.9651,388.2169,448.5304,1951.7123,0.81745,-0.1094984510644563,1.3476,-0.1263390471258415,-0.4248,-2.0128,0.0,0.0,3.3604,0.6679009278013063,1.0184127315144542,-0.0008596555355526,0.6560129265975885,391.5521811693907,0.26785,-0.4821775450972598,0.3211,-0.1371452615225271,-0.1286,-0.5419,0.0,0.0,0.863,0.2511521086986538,-0.0272260543827115,0.0010517116742145,0.2104554490215731,0.5038,-1.4288895174545746,0.5467,0.072516519937856,-0.0194,-0.3192,0.0,0.0,0.8658999999999999,0.2704025338562834,0.3548100339496912,0.0003606160475937,0.2605648569854771,1931.0,4.929100367251067,0.55935,-0.6008054412849329,2.1996,1.010725220093216,0.929,0.2762,0.0,0.0,1.9234,1.0797500972884932,0.1490502289100102,0.001740764150424,0.3799599534269064
sub-cp026,ses-20210716,run-008,level-02B,2,sub-cp026_ses-20210716_level-02B_run-008,1,2.0,2,429.4362,184.8823,434.2798,1048.5983,0.399625,18.24393208564266,0.3271,-0.1457607995846313,-0.10525,-2.8635,0.0,0.0,3.1906000000000003,0.3038041774049901,-2.275728605302392,0.0002019323672364,0.2666227240930316,388.74401897192,0.1702,-0.4525139513375955,0.1987,0.0129252336448598,0.0491,-0.2721,0.0,0.0,0.4708,0.1120213720615232,-0.6129504822576024,4.4759531081703526e-05,0.1113021033013124,0.485575,-1.473966850269371,0.468,0.1017771547248182,0.04345,-0.3203,0.0,0.0,0.7883,0.2698075564896965,0.0415200023970312,-0.0002971106804561,0.2499399195700946,1926.0,4.951844674268925,0.2542,14.724814490981569,3.0511,0.5444434579439253,0.50925,0.0975,0.0,0.0,2.9536,0.6016595911726597,2.1371255444765103,-0.0003946041418352,0.2561438072469165
sub-cp026,ses-20210716,run-010,level-02B,2,sub-cp026_ses-20210716_level-02B_run-010,1,2.0,2,1339.5649,549.2251,376.8615,2265.6514,0.97835,-0.8463710276810801,0.7581,-0.4328956860945388,-0.4291,-2.5714,0.0,0.0,3.3295000000000003,0.7330758440752159,0.1253651755912714,-0.0006041899660868,0.5917450605728175,399.8742341995239,0.4694,-1.2252338513814782,0.3369,-0.1128148233134465,-0.1673,-0.51,0.0,0.0,0.8469,0.2809021465047362,0.4184869473543495,0.0001070336529325,0.2573115168238252,0.3566,-0.959527188355716,0.4181,0.0086269848554382,-0.0511,-0.2767,0.0,0.0,0.6948000000000001,0.2022777650329108,0.5270274813127199,0.0003531110232262,0.2021401033074514,2179.0,5.446712525401801,0.6926499999999999,-0.893144971865814,2.76,1.039767508031207,0.9052,0.314,0.0,0.0,2.446,1.1044328728320316,0.2797811828038111,0.0008502673363804,0.3724502136933776
sub-cp026,ses-20210716,run-002,level-03B,3,sub-cp026_ses-20210716_level-03B_run-002,2,3.0,2,1142.4344,781.8808,504.8488,2429.164,0.6426499999999999,2.1232534713218847,0.4734,-0.4800520599250936,-0.4993499999999999,-3.0,0.0,0.0,3.4734,0.643568769144353,-0.3586993521934058,-0.0003648499352277,0.4287386581021802,411.9501896202564,0.257175,1.5859677781103132,0.8938,-0.2876942415730337,-0.3298,-0.7767,0.0,0.0,1.6705,0.4062879255647869,1.1325664772988335,0.0002949385703936,0.286950258277645,0.4262,-1.0654144388589657,0.3776,-0.1046972378277153,-0.1267,-0.4861,0.0,0.0,0.8636999999999999,0.2740614512287809,0.2569941722440702,-0.0002529432019343,0.2533341931539015,2136.0,5.182665413913473,0.6042750000000001,0.8659057717132237,3.2744,1.1372479400749065,1.1969,0.1518,0.0,0.0,3.1226,1.2073485457742292,0.1466742539926944,-6.699839129930288e-05,0.4055053837827374
sub-cp026,ses-20210716,run-005,level-03B,3,sub-cp026_ses-20210716_level-03B_run-005,2,3.0,2,921.886,396.0265,556.6048,1874.5174,0.551,1.527526859291025,1.0171,-0.2443103583701521,-0.329,-3.0,0.0,0.0,4.0171,0.5295334241899327,0.2382720259702661,-0.0001551493187197,0.4699218060876291,399.6150322258472,0.2926999999999999,-0.1366492046570653,0.3519,-0.0874031418753068,-0.0902,-0.8008,0.0,0.0,1.1526999999999998,0.2413800445779876,-0.1875237543328652,-0.0012709732093184,0.2250552857638354,0.1719,1.4846494044593763,0.5598,-0.1552598429062346,-0.2195,-0.4736,0.0,0.0,1.0334,0.2994521055362006,1.5067381539563671,-0.0002692591402297,0.2561213540560639,2037.0,5.094903434086358,0.3368999999999998,5.41487347662998,3.2732,0.9202359842906236,0.8999,0.0836,0.0,0.0,3.1896,0.9677756311300316,0.9450064541910748,0.0011568633878085,0.2996656296827169
sub-cp026,ses-20210716,run-011,level-03B,3,sub-cp026_ses-20210716_level-03B_run-011,2,3.0,2,848.2235,376.0362,319.3743,1543.6341,0.5053,1.671031767904311,1.1389,-0.2036187358916479,-0.2905,-2.4424,0.0,0.0,3.5813,0.4722039417316499,0.1137268992358093,-0.0011101808182236,0.4261431197556909,398.4936442226172,0.3003,-0.4419859843397655,0.5218,0.0382574266365688,0.0277,-0.4239,0.0,0.0,0.9457,0.2089651900115635,0.2186867061695122,-0.0003217115300548,0.2054796382645791,0.14215,-0.1090589861218895,0.184,-0.1081058239277652,-0.1073,-0.4262,0.0,0.0,0.6102000000000001,0.1740236106551716,-0.0447165158549134,-0.0004604841323328,0.1364028877425061,2215.0,5.555922991743267,0.4138499999999999,2.1917751362826525,2.7114,0.6969020767494357,0.6394,0.163,0.0,0.0,2.5484,0.7730522563438869,1.195088801520375,0.0009809441271329,0.3346458505754079
sub-cp026,ses-20210716,run-004,level-04B,4,sub-cp026_ses-20210716_level-04B_run-004,3,4.0,2,1068.4049,951.9862,883.1773,2903.5684,0.7768999999999999,3.21895841903645,2.7603,-0.2065909511568123,-0.2591,-1.6565,0.0,0.0,4.4168,0.7346290625460411,1.2501535719227836,-0.0029542431880799,0.7051635958367284,391.6739165782929,0.4497,0.675440473231204,0.6752,-0.4226604627249357,-0.4328,-1.1394,0.0,0.0,1.8146,0.5565390525727376,0.7124846736888324,-0.0021193650249979,0.3621619601723465,0.9422,-1.4070725372615556,0.9926,0.0337934190231362,0.0658,-0.6919,0.0,0.0,1.6845,0.4927603292236047,0.1379110889873205,0.0004927568363144,0.4917266142025512,1945.0,4.963312382358779,0.7357,2.3773145288628044,3.9192,1.492837840616967,1.4389,0.4053,0.0,0.0,3.5139,1.5939112347064357,1.0715117743750324,0.0037372925233008,0.5587026879348468
sub-cp026,ses-20210716,run-006,level-04B,4,sub-cp026_ses-20210716_level-04B_run-006,3,4.0,2,919.3518,616.2558,550.4014,2086.009,0.8955,0.5475768096916052,1.3981,-0.1084510225485055,-0.0657,-3.0,0.0,0.0,4.3981,0.5982240890050881,-0.449993084770174,-0.0007756482898296,0.5884658242581151,385.2261442691088,0.4146499999999999,1.9535002594207749,0.9531,-0.2765044048243314,-0.3107,-0.8077,0.0,0.0,1.7608,0.3959991899121978,0.8490747080056343,-0.000765783954149,0.2835539357365158,0.49805,-0.6727202008603625,0.6126,-0.043376927110645,-0.0049,-0.7661,0.0,0.0,1.3787,0.3656300608181522,-0.2936277338865144,0.0019152386487158,0.3631431337721704,1907.0,4.947743107146224,0.8026,-0.2930299155540812,3.3659,1.0938700576822236,1.1538,0.0582,0.0,0.0,3.3077,1.1982954026615695,0.1011851252164177,0.0015969840291271,0.4893728143309966
sub-cp026,ses-20210716,run-009,level-04B,4,sub-cp026_ses-20210716_level-04B_run-009,3,4.0,2,1155.2791,543.2165,907.0652,2605.5608,0.9949,0.1058412457331492,1.942,0.0717694705591291,0.1229,-3.0,0.0,0.0,4.942,0.7011591780395057,-0.2039013134491385,-0.0011288817154815,0.6976490266809507,381.3508484512568,0.2496,0.5562845428168082,0.42,-0.2129702622464127,-0.2053,-1.106,0.0,0.0,1.526,0.3337575257756374,-0.3134363881567658,-0.0005609008105493,0.2570417191191023,0.8434,-0.8670878647549083,1.0851,-0.0543544779811975,0.0439,-1.039,0.0,0.0,2.1241,0.5525144793542437,-0.2118930791589112,0.0021665088811402,0.5499704564036317,2021.0,5.29695950121425,0.8382000000000001,0.0172388844363631,3.366,1.2892418604651164,1.281,0.2021,0.0,0.0,3.1639,1.408110167472958,0.4290030215160728,0.0019777063642652,0.5663818469231352
sub-cp027,ses-20210722,run-001,level-01B,1,sub-cp027_ses-20210722_level-01B_run-001,0,1.0,1,1171.8495,760.716,386.7327,2319.2982,0.0665999999999999,172.6968074905713,-0.4488,-0.588573782019086,-0.5628,-3.0,0.0,0.0,2.5512,0.6004231200862468,-10.45828870706096,0.0062158879924004,0.1187261810471511,376.76032818853855,0.5706,2.7396227875272974,1.8978,0.326409141135108,0.3671,-0.2317,0.0,0.0,2.1295,0.5239975150810834,1.3296136087461468,0.0047242235098311,0.4100181774213128,0.3002,-0.541861653345439,0.4309,0.0207256654947262,0.0453,-0.4707,0.0,0.0,0.9016,0.2427704322864844,-0.2389891894836549,9.820566878125352e-05,0.2419448915600547,1991.0,5.281872456072826,0.3585999999999999,4.132865805977144,3.1399,1.1648910095429434,1.137,0.6194,0.0,0.0,2.5205,1.2166762288820596,1.563770199850382,-0.0020782442879924,0.3512719127370206
sub-cp027,ses-20210722,run-007,level-01B,1,sub-cp027_ses-20210722_level-01B_run-007,0,1.0,1,1017.5707,894.4308,204.1303,2116.1319,0.24535,-0.6660531646584849,-0.1877,-0.5392532591414944,-0.499,-0.8717,0.0,0.0,0.684,0.5611835165736604,-0.392608833221065,0.0003408162542013,0.1553887305123229,369.99409049749374,0.3390499999999999,-0.4965074452954359,0.8167,0.4689962374138844,0.5193,-0.1286,0.0,0.0,0.9453,0.5246812611205637,-0.6484564911971715,0.0003840601881206,0.2352919332471023,0.18895,-0.6631360041572014,0.2109,-0.0195494965553789,-0.0249,-0.2966,0.0,0.0,0.5075,0.1321282872333869,-0.3344056441529861,-8.378512196861693e-06,0.1307086661093589,1887.0,5.097378710735855,0.24705,0.2288703244582741,1.5571,1.12142644409115,1.165,0.45,0.0,0.0,1.1071,1.141475397050708,-0.7181524289105399,-0.0006435237916363,0.2130560211286026
sub-cp027,ses-20210722,run-012,level-01B,1,sub-cp027_ses-20210722_level-01B_run-012,0,1.0,1,645.4036,391.7245,95.7593,1132.8875,0.3223,-0.527304517551491,-0.0352,-0.3544235035694673,-0.304,-0.9784,0.0,0.0,0.9432,0.4023461677647642,-0.605207739854383,0.001832959106765,0.1904897515256127,361.8738669902086,0.2329,0.4843693110460831,0.374,0.1578453047775947,0.2158,-0.3933,0.0,0.0,0.7673,0.2369588747896363,-1.1336692584427732,-0.000387704149976,0.1767810222901592,0.0778,0.5127004607408834,0.1969,0.0089799560680944,-0.0093,-0.109,0.0,0.0,0.3059,0.071193640503246,0.8330818320761956,6.079466357429803e-06,0.0706444296365919,1821.0,5.029376713873744,0.3109,-0.7073984402702038,1.1204,0.6221241076331685,0.6399,0.1504,0.0,0.0,0.97,0.6539980548599293,-0.1086249844503384,-0.0014513344231464,0.2017359645453189
sub-cp027,ses-20210722,run-003,level-02B,2,sub-cp027_ses-20210722_level-02B_run-003,1,2.0,1,1318.7025,283.7038,534.5117,2136.918,0.0744500000000001,142.33814903888393,-0.2095,-0.632167497603068,-0.6322,-3.0,0.0,0.0,2.7905,0.6510996596510391,-9.899699929642775,-0.0011748380145995,0.1559059782708588,411.0353887081146,0.2120999999999999,4.638074376726176,0.9173,0.0582425215723873,0.02185,-0.2658,0.0,0.0,1.1831,0.2028182692470388,1.743963538266967,0.0013906345188343,0.1943223126865138,0.44555,-0.6981860155870718,0.6007,-0.027259635666347,-0.0144,-0.685,0.0,0.0,1.2857,0.3260711734768639,-0.335175347374085,0.0001571640831292,0.3250076306806266,2086.0,5.072555933816698,0.455675,5.8998023043731305,3.1888,1.024408389261745,0.9124,0.4,0.0,0.0,2.7888,1.069425175797687,1.5826205876972386,0.0022165974634534,0.3070877173548464
sub-cp027,ses-20210722,run-008,level-02B,2,sub-cp027_ses-20210722_level-02B_run-008,1,2.0,1,1274.2105,525.6718,464.8409,2264.7233,0.3317,-0.491878842653084,-0.2336,-0.5979404504927264,-0.6906,-1.7076,0.0,0.0,1.474,0.6303032529694693,-0.1049647429014906,0.0031861773560776,0.199419332218619,407.2591871023178,0.5152,-1.2333535213119118,0.6436,0.129607085875176,0.1021,-0.3327,0.0,0.0,0.9763,0.3011871063031829,0.3034673533801126,0.0015731996239511,0.2719381887298525,0.3884,-0.8770750413261044,0.4278,-0.0896572970436414,-0.1134,-0.4385,0.0,0.0,0.8663000000000001,0.253674291986454,0.4737302881240442,0.000147080782698,0.2373576482052282,2131.0,5.230084593438206,0.3137999999999999,-0.0993130265376827,1.8885,1.0627510558423274,1.1023,0.4477,0.0,0.0,1.4408,1.0873901660874137,-0.6257591750784992,-0.0019771193026462,0.2302225851358444
sub-cp027,ses-20210722,run-010,level-02B,2,sub-cp027_ses-20210722_level-02B_run-010,1,2.0,1,1160.1695,441.787,296.8463,1898.8028,0.2444249999999999,0.5752744788669579,-0.3222,-0.5503650379506642,-0.5041,-1.6019,0.0,0.0,1.2797,0.5698822431002293,-0.7057748024456015,0.0031075702110083,0.1479002126001992,402.2113468497992,0.38025,-1.0641025991552493,0.6034,0.1230857210626185,0.14125,-0.254,0.0,0.0,0.8574,0.2528985281038183,0.1369888212226063,-0.0002531007660458,0.2209767754154193,0.218725,-0.0366430980588146,0.4927,0.0555549335863377,0.04305,-0.2596,0.0,0.0,0.7523,0.1838350263076468,0.5928014753410932,0.0003846236592071,0.1752813195596272,2108.0,5.238539430830213,0.3273499999999999,-0.3992421568342408,1.7781,0.9007617647058824,0.9086,0.5281,0.0,0.0,1.25,0.9299497363995548,0.4596680219024306,-0.0028487510583033,0.2312144373950561
sub-cp027,ses-20210722,run-002,level-03B,3,sub-cp027_ses-20210722_level-03B_run-002,2,3.0,1,1192.3748,400.8151,664.8492,2258.039,0.1657,3.117318388314798,0.1041,-0.5532970274036229,-0.5451,-1.2521,0.0,0.0,1.3562,0.5759828872340198,-0.407335534535567,0.0011346696252893,0.1600955666049185,414.3937490880489,0.2964,-0.423454264959024,0.3574,-0.0670730608453321,-0.1148,-0.5991,0.0,0.0,0.9565,0.2159850350585711,0.1163073258360374,0.0007434957710583,0.2053541493448011,0.458,-0.3006429335014813,0.4995,-0.1978206223873664,-0.1219,-1.0717,0.0,0.0,1.5712000000000002,0.4085919038164796,-0.4893562446983643,0.0002319050425144,0.3575943770611421,2153.0,5.193128527483532,0.4630999999999999,0.0765878298291498,1.9967,1.0487872735717605,1.0059,0.3407,0.0,0.0,1.656,1.0991720380427483,0.5647319259940873,-0.0004898722542189,0.3290512333494858
sub-cp027,ses-20210722,run-005,level-03B,3,sub-cp027_ses-20210722_level-03B_run-005,2,3.0,1,1540.5516,592.8845,884.4777,3017.9139,0.2704499999999999,0.6934540855604099,-0.1895,-0.7018468337129841,-0.6502,-1.53,0.0,0.0,1.3405,0.740384509263995,-0.9119007905234314,0.0019136942843862,0.235808346760192,423.4218634665013,0.3248499999999999,3.3866219966994286,1.6006,0.1984461503416856,0.2154,-0.4175,0.0,0.0,2.0181,0.3284787033797349,0.4224405863310936,0.0039249272259921,0.2618179012696366,0.6737500000000001,-0.9995962992607486,0.3813,-0.2827201366742597,-0.2296,-1.0924,0.0,0.0,1.4737,0.4974614385714772,-0.1983041267274479,0.0001882283530366,0.4094063613565568,2195.0,5.181593557871574,0.7988000000000002,-1.0231654477136982,2.6191,1.37490569476082,1.3343,0.4572,0.0,0.0,2.1619,1.456428789998718,0.1788387923901618,0.0019099155470605,0.4805458933017696
sub-cp027,ses-20210722,run-011,level-03B,3,sub-cp027_ses-20210722_level-03B_run-011,2,3.0,1,1269.8139,545.9758,440.4261,2256.2157,0.190825,47.79628231761873,-0.0264,-0.5709596672661871,-0.55365,-3.0,0.0,0.0,2.9736,0.6087540928281895,-4.614232301085747,-0.0012485278159373,0.2112028902315838,415.9298602491617,0.49515,-1.3751186307512369,0.6415,0.1018946043165467,0.07,-0.2513,0.0,0.0,0.8928,0.2827474099964706,0.2297247844837103,0.0009814154717227,0.2638084155837656,0.367125,-1.1689621147809934,0.3306,-0.1000655575539568,-0.11135,-0.4364,0.0,0.0,0.767,0.2306040811027051,0.2284966660092659,0.0001702210078343,0.2078089120403542,2224.0,5.344651135814864,0.3000750000000001,16.045173329749474,3.2728,1.014487275179856,0.99825,0.3056,0.0,0.0,2.9672,1.0454919560849378,1.9657853987616123,0.0019308543981884,0.2527800026308329
sub-cp027,ses-20210722,run-004,level-04B,4,sub-cp027_ses-20210722_level-04B_run-004,3,4.0,1,933.3074,769.6897,1140.0232,2843.0202,0.4973000000000001,5.038451530074781,1.8791,-0.3408830738322451,-0.3654,-3.0,0.0,0.0,4.8791,0.5758453451988147,0.5934339658434892,6.871963012439142e-05,0.4642249789219332,388.5352693498135,0.37615,3.343262398787445,0.9963,-0.2572461577096936,-0.2672,-2.5635,0.0,0.0,3.5598,0.4883284522354622,0.0152036158839975,-0.0060025438717642,0.4151814892781824,0.96625,-0.702915919734874,1.0747,-0.2098682571572074,-0.219,-1.7356,0.0,0.0,2.8103,0.7088882110927067,-0.2046254522209492,-0.0036107404157868,0.6772800021582979,1991.0,5.121800147847905,0.6389500000000001,2.672752245158774,4.3513,1.4279338021094927,1.3796,0.3247,0.0,0.0,4.0266,1.5146536966891222,1.0032695890940413,0.0096820039176755,0.505281218020202
sub-cp027,ses-20210722,run-006,level-04B,4,sub-cp027_ses-20210722_level-04B_run-006,3,4.0,1,745.2182,812.4346,1006.8081,2564.461,0.4109,0.732908827180542,0.7746,-0.3757065277015908,-0.3601,-1.428,0.0,0.0,2.2026,0.4914365598013442,-0.0605214625697741,0.0003829742278277,0.3168747018283295,397.93800450861454,0.6111,-0.4321616493494531,0.584,-0.3018272078990675,-0.3454,-1.3605,0.0,0.0,1.9445,0.5384279506352109,-0.0900693463151663,0.0018186249913316,0.4459978791491467,0.71235,-0.2661127018054898,1.0326,-0.3450750411409764,-0.4284,-1.0286,0.0,0.0,2.0612,0.6302543912026951,0.744464661708109,-0.0002344586316032,0.5275381238606732,1823.0,4.578602645027229,0.7363999999999999,-0.4735380637978754,2.7131,1.4067269336258914,1.4371,0.3755,0.0,0.0,2.3376,1.4916010488536489,0.2887582074720393,0.0003734250016745,0.4961129264482035
sub-cp027,ses-20210722,run-009,level-04B,4,sub-cp027_ses-20210722_level-04B_run-009,3,4.0,1,782.2722,622.7993,670.7377,2075.8091,0.42275,-0.4332376054075166,0.5181,-0.3289617217898832,-0.346,-1.1663,0.0,0.0,1.6844,0.4466361226495764,0.2619140424342593,-0.0008664493098627,0.3021794571280803,390.7903164625168,0.295725,2.637799458697625,1.0806,-0.2152844844357976,-0.2404,-0.8154,0.0,0.0,1.896,0.3660619682462295,0.972988226559372,0.0004357835719717,0.296136133138783,0.4695749999999999,1.1199593643288424,1.3084,-0.0582728112840467,-0.0949,-0.9258,0.0,0.0,2.2342,0.4293238778774816,1.1794448570170974,-0.0020489248742088,0.4254542420781148,2056.0,5.25857451792081,0.54745,-0.3273024518790617,2.1759,1.00963390077821,0.968,0.0571,0.0,0.0,2.1188,1.0744665114541174,0.4194247468175245,0.0022370052766746,0.3676729815026712
sub-cp028,ses-20211214,run-001,level-01B,1,sub-cp028_ses-20211214_level-01B_run-001,0,1.0,5,4278.0802,4827.457,365.3384,9470.8756,0.6818749999999998,-0.4053064911771296,-0.4078,-1.897994365572316,-2.02125,-3.0,0.0,0.0,2.5922,1.990789085512244,0.2297415509843704,-0.0012700826283776,0.600848349652612,425.7990684360266,1.980225,-0.9227747311296608,3.0,2.123928527062999,3.0,-0.1445,0.0,0.0,3.1445,2.450171261450762,-0.9138239691253895,0.0037395572654692,1.2218548068151502,0.286,-0.6275656402442449,0.4666,0.0333819875776397,0.04365,-0.3418,0.0,0.0,0.8084,0.1983632303912474,0.101154206787432,0.0003849233409598,0.195577565603004,2254.0,5.291228109716961,1.9809,-0.8379299128648374,6.1037,4.201808074534162,4.2567,0.5468,0.0,0.0,5.5569,4.398467201094469,-0.4374638042739691,0.0047416731262843,1.3007971870728356
sub-cp028,ses-20211214,run-007,level-01B,1,sub-cp028_ses-20211214_level-01B_run-007,0,1.0,5,1139.396,1099.8501,163.8394,2403.0856,1.18435,-0.0159476655664154,2.048,-0.0712586306098964,-0.11115,-3.0,0.0,0.0,5.048,0.7794569929661126,0.3467201021069627,0.003520529920733,0.7764162927824649,356.4520195126533,0.8459749999999999,-0.5047966624887033,2.0174,0.6176504027617952,0.48635,-0.1465,0.0,0.0,2.1639,0.800678663717003,0.5905783782053265,0.0013547405360761,0.509650617874422,0.17565,-1.1268692369145104,0.1706,-0.0355383774453394,-0.0404,-0.2059,0.0,0.0,0.3765,0.1090817215372621,0.141869355364751,-0.0001133392372281,0.1031599186417689,1738.0,4.873026115477907,0.4380499999999998,1.8403489201593857,3.1423,1.382673072497123,1.3504,0.5468,0.0,0.0,2.5955000000000004,1.424847699833747,0.8866007884977555,0.0019666040915083,0.3442009723247943
sub-cp028,ses-20211214,run-012,level-01B,1,sub-cp028_ses-20211214_level-01B_run-012,0,1.0,5,3366.9366,567.4262,319.4236,4253.7865,0.0,15.639101183985424,3.0,2.756385219594595,3.0,-3.0,0.0,0.0,6.0,2.8957872587690185,-3.979868808569317,0.0113090626981893,0.8880261304971647,246.430679038167,0.828125,-1.0792888409791752,1.2981,0.3506972128378379,0.3451999999999999,-0.3515,0.0,0.0,1.6496,0.5935444912554257,0.2334031756034058,-0.0006508929838851,0.4790619613090673,0.43645,-1.087576754351692,0.6627,0.2122419763513513,0.18905,-0.2289,0.0,0.0,0.8916,0.3284503425305657,-0.0274741441440961,0.0007973844846224,0.2507709796402566,1184.0,4.800538652968521,0.8308499999999994,3.9197820461674606,4.7766,3.5927230574324325,3.57445,0.2276,0.0,0.0,4.549,3.689652873246904,-1.6876223784403694,0.0093811371580157,0.8405212927106767
sub-cp028,ses-20211214,run-003,level-02B,2,sub-cp028_ses-20211214_level-02B_run-003,1,2.0,5,889.9703,1062.5128,331.3644,2283.8474,0.321075,11.244392871454018,0.0802,-0.4120163246268657,-0.3373,-3.0,0.0,0.0,3.0802,0.5858441678084915,-2.979435029696227,-0.0039628573448986,0.4165775772940387,398.72744902968407,0.581925,3.669828273620777,3.0,0.2291147854477612,0.00385,-0.8922,0.0,0.0,3.8922,0.8047902236838659,1.7266263757950493,-0.0006636111976838,0.7716679712022665,0.241975,0.2613735217143205,0.4894,0.0023611007462686,-0.0245,-0.4626,0.0,0.0,0.952,0.1966210043146117,0.2093724579773624,0.0001231417604167,0.1966526938180828,2144.0,5.374598626743804,0.693075,2.2073331447487785,3.8284,1.065226259328358,0.8167,0.2562,0.0,0.0,3.5722,1.3206841244985212,1.6933325278217213,0.0047496103029992,0.7808866673934994
sub-cp028,ses-20211214,run-008,level-02B,2,sub-cp028_ses-20211214_level-02B_run-008,1,2.0,5,871.2588,569.1242,346.046,1786.429,0.9353,1.6808109664301245,1.0359,0.0693982483256053,0.1053,-3.0,0.0,0.0,4.0359,0.552341904870844,-0.5712314421130888,0.0004769762761646,0.5481060472367993,384.0861886739731,0.5298,-0.0552942210495115,1.2338,0.0958675425038639,0.1283,-0.8083,0.0,0.0,2.0421,0.3537158408074548,0.0602817227961346,0.0029394444093337,0.3405643333226997,0.2706,5.643254850083356,0.2527,-0.1043369397217928,-0.0583,-1.2503,0.0,0.0,1.503,0.2829327153617048,-2.108604907874971,-2.994119637496685e-05,0.2630596440947346,1941.0,5.050949649342235,0.5769999999999998,4.0758977572991615,3.1888,0.9203653271509532,0.8765,0.096,0.0,0.0,3.0928,1.0375009318407016,1.5989807354613106,0.0018909818197511,0.4790136349868962
sub-cp028,ses-20211214,run-010,level-02B,2,sub-cp028_ses-20211214_level-02B_run-010,1,2.0,5,876.0404,923.7874,269.767,2069.5947,0.5332,0.8231263162575462,1.2894,-0.0315306269270298,0.0303,-3.0,0.0,0.0,4.2894000000000005,0.6341140831686083,-0.3194747661474829,-0.0004555277496493,0.6334924738738617,383.7307389825583,0.517075,1.4089358869353212,1.971,0.4134095580678314,0.28955,-0.608,0.0,0.0,2.579,0.6505702560425557,1.1727064083929866,-0.0003541545833944,0.5024578889322384,0.22205,-0.1118830857777837,0.2828,-0.0332009763617677,-0.0211,-0.4514,0.0,0.0,0.7342,0.1806274916648022,-0.4842147176140094,0.0002035281307071,0.1775955900876581,1946.0,5.068658312745715,0.6187250000000002,0.1191810667467678,3.1886,1.0635120760534431,0.95145,0.4,0.0,0.0,2.7886,1.163452827069951,0.8063259367050669,0.0010132104637509,0.4718887305048588
sub-cp028,ses-20211214,run-002,level-03B,3,sub-cp028_ses-20211214_level-03B_run-002,2,3.0,5,3396.3188,1155.1649,450.3424,5001.8262,0.5259999999999998,0.2808205141571087,-0.0264,-1.375584244633455,-1.414,-2.7989,0.0,0.0,2.7725,1.4543256818701038,0.1548788447738524,-0.0021573730616773,0.4721455951520907,462.64599189162254,0.5235,5.681267173084351,3.0,0.0176601053057917,-0.2147,-0.7538,0.0,0.0,3.7538,0.7108516030988392,2.329550272554432,0.0066954000559581,0.7107761537029507,0.3209999999999999,-0.2700036610767435,0.4522,-0.0200875658161198,-0.0244,-0.648,0.0,0.0,1.1002,0.2265225947439374,-0.1670617389318484,9.661815034263004e-05,0.2256758809730138,2469.0,5.334532327642305,0.8368000000000002,0.5015705013103853,4.2508,2.0258499392466587,2.0135,0.3056,0.0,0.0,3.9452,2.157205632613897,0.4866415237989631,0.0085274703966833,0.7414113581914592
sub-cp028,ses-20211214,run-005,level-03B,3,sub-cp028_ses-20211214_level-03B_run-005,2,3.0,5,801.1509,479.8559,377.6288,1658.6356,0.512925,2.650666851808115,1.0297,-0.0096224137931034,0.11075,-3.0,0.0,0.0,4.0297,0.5348722421937304,-1.4094037601143703,0.0010482661189431,0.5349137887410068,393.8885293900967,0.2367499999999999,0.9997749234579718,0.7863,0.2149273946360153,0.1976,-0.3813,0.0,0.0,1.1676,0.2768773486360693,0.3019398015293555,0.000997490332121,0.174590606345709,0.275875,0.9551594821995756,0.6185,-0.0690460727969348,-0.099,-0.4648,0.0,0.0,1.0833,0.2219992780700008,0.8036871844397534,-0.0004927790111089,0.2110394503093429,2088.0,5.298453354890898,0.4091249999999999,3.914161272352121,3.2729,0.7943669540229885,0.7311000000000001,0.1341,0.0,0.0,3.1388,0.8772822692457373,1.460224657751059,0.0009868274168884,0.3723865410508749
sub-cp028,ses-20211214,run-011,level-03B,3,sub-cp028_ses-20211214_level-03B_run-011,2,3.0,5,774.9615,916.2311,632.8319,2324.0244,0.6135999999999999,3.4662056388545714,1.2662,0.0574591087169441,0.0472,-3.0,0.0,0.0,4.2662,0.48350857375664,-0.6415474949349822,0.0008713151228848,0.4801998711623831,394.1168826073408,0.3929500000000001,0.7374722683314205,0.9723,-0.315064887365328,-0.29975,-1.4606,0.0,0.0,2.4329,0.54459267538344,0.3634760903496192,0.0012605397584425,0.444310673545405,0.52415,-0.480234521417398,0.9564,0.0306867286973555,0.0472999999999999,-0.7593,0.0,0.0,1.7157,0.3775956556328361,-0.0543105140639165,0.0001151942532876,0.3764388391530612,2042.0,5.178666761234512,0.5991249999999999,1.5566305433442116,3.274,1.1381127815866798,1.07965,0.1919,0.0,0.0,3.0821,1.2386707155108865,0.9598987634345144,0.0016177941827354,0.4890005516241083
sub-cp028,ses-20211214,run-004,level-04B,4,sub-cp028_ses-20211214_level-04B_run-004,3,4.0,5,2550.57,918.0717,604.7946,4073.4363,1.57295,-0.7941313081603409,1.2696,-0.9971106617647058,-0.96305,-3.0,0.0,0.0,4.2696000000000005,1.447264441560404,-0.0621156765446013,-0.0029232838729619,1.0492142763067107,411.284039542079,0.3215999999999999,5.841580327711036,0.4654,-0.3513113970588235,-0.3557,-2.4183,0.0,0.0,2.8837,0.5242111091163139,-1.2803874357309393,-0.0049360048161856,0.3891621617129905,0.4993499999999999,-0.4428599172175369,0.9456,0.0602017003676471,-0.01075,-0.78,0.0,0.0,1.7256,0.3580814498017114,0.2806134708521922,-0.0015920870664688,0.3530656687338585,2176.0,5.288316080589053,1.7390500000000002,-0.6544435335813019,4.4135,1.871984604779412,1.6735,0.2077,0.0,0.0,4.2058,2.1379588810420684,0.5671832674401606,0.0083183388390396,1.032972497479524
sub-cp028,ses-20211214,run-006,level-04B,4,sub-cp028_ses-20211214_level-04B_run-006,3,4.0,5,1914.5615,799.6482,617.9568,3332.1664,1.5781,-0.9192760734546316,1.4288,-0.6135176015473888,-0.43465,-2.8255,0.0,0.0,4.2543,1.1783281061589015,-0.236282638041686,-0.0038026311650512,1.0062519081140255,400.696237385273,0.425525,6.598764492121333,1.3582,-0.3571339458413926,-0.2491499999999999,-2.4174,0.0,0.0,3.7756,0.5640197522245296,-1.604124183917111,-0.0034422584274825,0.4366529786926479,0.5495249999999999,-0.4688330317475384,1.0493,0.0868594777562862,-0.035,-0.5667,0.0,0.0,1.616,0.3713253471462309,0.6669937135547936,0.0022156434654672,0.3611107878949683,2068.0,5.158521111872985,1.3828,-0.1905031549648943,4.736,1.611298839458414,1.168,0.1909,0.0,0.0,4.5451,1.9398860879660773,0.9684101079282234,0.0076726450441907,1.0804807308250282
sub-cp028,ses-20211214,run-009,level-04B,4,sub-cp028_ses-20211214_level-04B_run-009,3,4.0,5,1530.0346,730.1966,738.8957,2999.1269,1.2495,-0.022481146477101,2.4676,0.6864842943437671,0.6048,-3.0,0.0,0.0,5.4676,1.0558236125708516,-0.0921983868067124,0.0039175687183015,0.802406622266101,340.18548130989075,0.6847,6.400914554256957,0.9094,0.0135405271828665,0.1089,-3.0,0.0,0.0,3.9094,0.5208595021318229,-1.7171169281139067,-0.0081387953105437,0.520826494452498,0.5481,2.1889346329774124,2.0961,0.020674574409665,-0.0459,-0.8512,0.0,0.0,2.9473,0.5523050461952329,1.028434040011012,0.0065296731402141,0.5520695572479952,1821.0,5.350022561198247,1.6918,1.692879927711715,6.6618,1.6469690280065898,1.5071,0.2374,0.0,0.0,6.4244,1.9358909954489425,0.9446747794987146,0.0178499681309692,1.017711029765396
sub-cp029,ses-20220119,run-001,level-01B,1,sub-cp029_ses-20220119_level-01B_run-001,0,1.0,4,791.912,324.9695,155.1431,1272.0246,0.2104249999999999,5.406473061040536,-0.1471,-0.406526386036961,-0.42755,-1.2381,0.0,0.0,1.091,0.4338171472503824,-1.4782460773914738,2.5333372361617515e-05,0.1514773701042566,367.1046976000071,0.236175,0.1974160790460626,0.4755,-0.0254549794661191,-0.05645,-0.5972,0.0,0.0,1.0727,0.2124411951368435,0.0151505798248582,-0.0003707389224103,0.2109648134462924,0.163975,-1.246730858548466,0.1253,-0.0239183264887063,-0.0165,-0.2145,0.0,0.0,0.3398,0.0932037245281204,-0.1305902570312475,0.0001827816435983,0.0901055813836127,1948.0,5.303664084738649,0.2587750000000001,4.344589833445636,1.711,0.6529909650924025,0.66135,0.2836,0.0,0.0,1.4274,0.6852394208831233,1.113777012543984,0.0004835132896975,0.2077932355791022
sub-cp029,ses-20220119,run-007,level-01B,1,sub-cp029_ses-20220119_level-01B_run-007,0,1.0,4,680.5556,788.0406,324.8305,1793.4266,0.7281,-1.249806585872121,0.7218,0.006826293779404,-0.0801,-0.6924,0.0,0.0,1.4142,0.41405975142121,0.127580878439381,0.0005633648506403,0.414111727949885,352.70216055214405,0.618,-0.6885386978349457,0.9391,0.1340794563512806,0.1193,-0.8704,0.0,0.0,1.8095,0.509339702903157,-0.3060962419139912,-0.001128997904001,0.4915037268693723,0.3459,-1.1367216400727012,0.2788,-0.0388762676424464,-0.0361,-0.3741,0.0,0.0,0.6529,0.2026874785276781,-0.0214936758247121,0.0001474331768158,0.1989762443540277,1913.0,5.421004501381065,0.5136,-0.9075291292509068,1.7226,0.9374935703084162,0.8747,0.2313,0.0,0.0,1.4912999999999998,0.9985829555377128,0.1646966410175276,0.0006665680744114,0.3439993944230849
sub-cp029,ses-20220119,run-012,level-01B,1,sub-cp029_ses-20220119_level-01B_run-012,0,1.0,4,797.2894,514.6808,449.5504,1761.5206,0.95405,1.5933123968311025,0.6745,-0.0878951639799888,-0.1455,-3.0,0.0,0.0,3.6745,0.5191626534787463,-0.4793397631812073,-1.7890240040291422e-05,0.5118104234354971,357.7369552105665,0.4523999999999999,-1.0506942564430908,0.7736,0.2311033907726514,0.2038,-0.2617,0.0,0.0,1.0353,0.3647420470543298,0.2547066997393508,0.0005355890612062,0.2822627687797653,0.43155,-0.8549213377972626,0.6028,0.0182541967759866,-0.0104,-0.5127,0.0,0.0,1.1155,0.3198199999325635,0.1737250874882021,0.0002552154555747,0.3193874127874488,1799.0,5.026039311319359,0.4184999999999998,4.982418290192999,3.1399,0.9791668148971652,0.9625,0.0648,0.0,0.0,3.0751,1.0306794998072666,0.5586004025315435,3.158745507113971e-05,0.3218542558474976
sub-cp029,ses-20220119,run-003,level-02B,2,sub-cp029_ses-20220119_level-02B_run-003,1,2.0,4,1043.2787,498.4614,510.0697,2051.8098,0.0502499999999999,53.34789772253834,0.1691,-0.471065187557182,-0.5174,-3.0,0.0,0.0,3.1691,0.5199772094511276,-4.145286474869647,0.0003835979407297,0.2202182378137652,407.9792495816946,0.3032249999999999,13.8402309066461,2.4236,-0.0464994967978042,-0.03415,-0.5505,0.0,0.0,2.9741,0.4194378445044769,3.227174235056679,0.0055390071978341,0.4169477532363119,0.38865,-0.6918098709391081,0.659,0.0797066331198536,0.0876,-0.4412,0.0,0.0,1.1002,0.2835706337941426,-0.0143487219171015,0.0001453505296183,0.2722003882034935,2186.0,5.355664539900751,0.3038499999999999,9.62575094766188,3.1875,0.9386136779505948,0.90265,0.2244,0.0,0.0,2.9631,1.0120667640161722,2.636943725265553,0.0047909299357849,0.378614677953757
sub-cp029,ses-20220119,run-008,level-02B,2,sub-cp029_ses-20220119_level-02B_run-008,1,2.0,4,430.7979,456.9037,373.403,1261.1046,0.220125,72.42923437791582,0.0661,-0.1930318555758683,-0.17425,-3.0,0.0,0.0,3.0661,0.2974761133774685,-6.580725608465463,-0.0006370155301779,0.2263938291663911,391.35623574256897,0.296325,-0.64769726709119,0.2969,-0.1301704296160877,-0.1710499999999999,-0.5273,0.0,0.0,0.8242,0.2391381912047663,0.5164051298112348,0.0004844690915432,0.200651774550964,0.26485,-0.39755939694354,0.5569,0.0202975319926873,-0.01385,-0.3837,0.0,0.0,0.9406,0.220961489940132,0.357570228214591,0.0003122474841064,0.220077546530351,2188.0,5.588258983149539,0.3122749999999999,30.55073307433726,3.1881,0.5763721206581354,0.57595,0.0232,0.0,0.0,3.1649,0.6315051525132813,3.165002177384728,0.0009022470264975,0.2581170007595343
sub-cp029,ses-20220119,run-010,level-02B,2,sub-cp029_ses-20220119_level-02B_run-010,1,2.0,4,1360.2437,427.8733,436.5153,2224.6323,0.1651749999999999,48.57481532598483,-0.2095,-0.6661332517140058,-0.6519,-3.0,0.0,0.0,2.7905,0.6943299064184911,-4.491686237390872,-0.0010987949773668,0.1959063676003009,408.9934967458248,0.3896499999999999,-0.6651688161320162,0.6823,0.1047117042115572,0.07045,-0.3243,0.0,0.0,1.0066,0.2694377512655788,0.5025681675603599,-0.0004435278346558,0.2483190646108863,0.365275,-0.8131966996928566,0.583,0.0995190009794319,0.1187,-0.3954,0.0,0.0,0.9784,0.2527918305029851,-0.1636140013888416,0.0002046487307645,0.2324352285566039,2042.0,4.990299396541286,0.3447000000000002,8.107715286285703,3.1881,1.089437904015671,1.0733,0.4,0.0,0.0,2.7881,1.1213872065756316,1.2517420070164746,0.0017469715427872,0.2658362805708171
sub-cp029,ses-20220119,run-002,level-03B,3,sub-cp029_ses-20220119_level-03B_run-002,2,3.0,4,692.2743,685.8139,778.5704,2156.6587,0.4498,5.740560037991717,0.9689,-0.1025250591016548,-0.1028,-3.0,0.0,0.0,3.9689,0.4453665749739409,-1.066131672054127,0.0004140230179408,0.4335076165537982,395.1471123844385,0.5014,0.2132874521864023,1.3079,0.0859720567375886,-0.0437,-0.5792,0.0,0.0,1.8871,0.4406053558651112,1.0022254019067849,-0.0010494825522008,0.4322386156732924,0.66025,-0.3764595382785547,0.7115,-0.027471536643026,0.086,-1.1232,0.0,0.0,1.8347,0.4478990528313123,-0.6557510473501842,0.0010545439582881,0.4471615108931778,2115.0,5.349906234271781,0.5897999999999999,1.81961405055827,3.272,1.0196965957446809,0.9036,0.3056,0.0,0.0,2.9664,1.1527641601809262,1.3653691632752984,0.0023844284077251,0.5377925334660127
sub-cp029,ses-20220119,run-005,level-03B,3,sub-cp029_ses-20220119_level-03B_run-005,2,3.0,4,1376.3703,616.5289,601.415,2594.3142,0.3636,6.915765873080904,0.4439,-0.6172163844393592,-0.5972,-3.0,0.0,0.0,3.4439,0.7061886088163473,-0.9016995343664403,-0.0013155528696491,0.3432203361343688,414.12246711552143,0.5527,-0.3962113570281982,1.0299,0.019431304347826,0.0326,-0.6997,0.0,0.0,1.7296,0.3307311240724191,0.4037586071169626,-0.0014539177364459,0.3302353884506578,0.4204,-0.7248554831024907,0.4455,-0.1545510297482837,-0.1632,-0.6528,0.0,0.0,1.0983,0.3250866409702185,0.237682116236723,-7.268381309919e-05,0.2860642504805769,2185.0,5.2738022527784345,0.4795,2.4887105612629554,3.2738,1.1873264988558352,1.1954,0.3056,0.0,0.0,2.9682,1.2410552468779157,0.4968519113628179,0.0026967867929958,0.3612944114149156
sub-cp029,ses-20220119,run-011,level-03B,3,sub-cp029_ses-20220119_level-03B_run-011,2,3.0,4,487.7337,326.292,602.553,1416.5786,0.329825,23.696704236263173,0.3786,-0.1888941539923954,-0.1348,-3.0,0.0,0.0,3.3786,0.3448253307835722,-3.079463782870936,-0.0005177627129746,0.2885534284066268,400.9558718651533,0.1659749999999999,3.699250295602957,0.6686,-0.0485058460076045,-0.07,-0.8139,0.0,0.0,1.4825,0.2290056260308953,0.2007722650525566,0.0006913478999834,0.2238628561705704,0.50205,-0.6481436811098398,0.6072,-0.0470170627376425,-0.0321,-0.9155,0.0,0.0,1.5227,0.3460001639115306,-0.2015866831400161,-0.0005434513254198,0.3428722567094636,2104.0,5.244966210913271,0.3802249999999999,6.378335346462464,3.2753,0.6732794201520913,0.6132500000000001,0.0528,0.0,0.0,3.2225,0.7658595327238987,1.6844761062310114,0.0003598899782381,0.3651013575739948
sub-cp029,ses-20220119,run-004,level-04B,4,sub-cp029_ses-20220119_level-04B_run-004,3,4.0,4,1142.4014,1827.5987,1186.883,4156.8832,0.8584999999999999,0.6898743539342829,1.7511,-0.0941975775193798,-0.18635,-3.0,0.0,0.0,4.7511,0.7005208432733927,0.157656871188572,-0.0015244235079071,0.6943268962875709,392.47623570263386,0.7163250000000001,1.9058167498745595,1.4282,-0.8115473352713178,-0.8607,-1.9122,0.0,0.0,3.3404,0.9854976771124284,0.9809619276332672,-0.0006871753636679,0.5592388751327037,1.041775,0.2465511931729866,2.2109,0.1333447189922481,-0.0315499999999999,-1.0055,0.0,0.0,3.2164,0.751302346803858,0.7402331486725161,0.0046076675107793,0.7395535087101445,2064.0,5.256369207441813,0.8818750000000002,-0.0717741578054051,4.2323,2.013992054263566,1.93305,0.3846,0.0,0.0,3.847700000000001,2.1439162343552907,0.3452074581859925,0.0049939329358148,0.735169832885254
sub-cp029,ses-20220119,run-006,level-04B,4,sub-cp029_ses-20220119_level-04B_run-006,3,4.0,4,831.5065,1056.2484,1145.4528,3033.2077,0.5601,3.146133268443841,0.9752,-0.1387962402765774,-0.1149,-3.0,0.0,0.0,3.9752,0.4784371117058018,-0.9300193998012606,-0.0016328825330303,0.4579610333586474,399.60008561611176,0.3529,8.341071588294147,3.0,-0.1083677182368193,-0.246,-2.7106,0.0,0.0,5.7106,0.7770404254413634,2.2010446929986847,0.0080863346038024,0.7696130364928281,0.59705,0.5686953281414229,1.6401,-0.1735949438202247,-0.3279499999999999,-0.957,0.0,0.0,2.5971,0.5956824892282856,1.1033806386455598,0.0044176667211625,0.5699498267034495,2314.0,5.7882870481215445,0.76145,6.8686239948005685,5.5725,1.3108068712186691,1.01465,0.1324,0.0,0.0,5.4401,1.6189727214516825,2.4916501391427626,0.0111864340396922,0.9503937919946523
sub-cp029,ses-20220119,run-009,level-04B,4,sub-cp029_ses-20220119_level-04B_run-009,3,4.0,4,1277.3606,2473.3002,1877.4381,5628.0989,0.90625,0.8435552664420376,2.427,-0.1955859051128513,-0.253,-2.0836,0.0,0.0,4.5106,0.7453294410636546,0.382108156624705,-0.0087196854697225,0.7193750753830359,392.25038699805737,0.8609,1.482062544825382,2.0727,-1.0672100875172732,-0.8795,-3.0,0.0,0.0,5.0727,1.3428366885613738,-0.2091198164336051,0.0072020324100126,0.815217221259639,1.1349,1.0841049977848414,3.0,-0.0079721326577614,-0.1799,-2.6131,0.0,0.0,5.6131,1.194376771636789,1.0137250545000884,-0.0036695948499016,1.1946253296500482,2171.0,5.532180647691106,0.9029000000000004,1.753823530407132,6.7462,2.5924,2.2063,0.7179,0.0,0.0,6.0283,2.932084814989818,1.6198441073511087,0.005165323138381,1.3702001267566923
sub-cp030,ses-20211025,run-001,level-01B,1,sub-cp030_ses-20211025_level-01B_run-001,0,1.0,5,1089.4463,1538.9282,1813.3537,4441.7281,0.2093999999999999,23.893272525555123,0.3023,-0.5084088474414156,-0.4965,-3.0,0.0,0.0,3.3023,0.5749831946268515,-2.3797720948607592,-0.000933310639641,0.2686273032490777,357.11582601070404,0.87785,1.5571421068106774,2.3658,0.2824962697274031,0.2392,-3.0,0.0,0.0,5.3658,1.0403532652349083,-0.5756868189800503,-0.0080343680985843,1.00150409578356,0.8987999999999999,-0.3893029893797544,0.5559,-0.7954254423720707,-0.806,-2.5859,0.0,0.0,3.1418,1.0748209200499164,-0.3012634998077898,-0.0008075811235298,0.7230410736367423,2091.0,5.852442954845007,1.1131000000000002,-0.1829977875958994,4.5348,2.124211669057867,2.0526,0.5468,0.0,0.0,3.988,2.3023318957011165,0.4579034118794767,0.0097752598617552,0.8881633831266215
sub-cp030,ses-20211025,run-007,level-01B,1,sub-cp030_ses-20211025_level-01B_run-007,0,1.0,5,1002.8454,1224.5022,208.231,2435.5786,0.4123,1.6581407071873375,1.2155,-0.4201055911473501,-0.5249,-1.5208,0.0,0.0,2.7363,0.6585304726665289,1.060808285828122,-0.000792498316945,0.5072706810239773,321.7672448605299,0.7650999999999999,2.3158687702120133,1.4818,0.0403789749563191,0.2266,-3.0,0.0,0.0,4.4818,1.0272683074589666,-1.576255884359378,-0.0089313006401433,1.0267734554787982,0.1847,-0.7130289131449565,0.2688,0.0693473500291205,0.0952,-0.1904,0.0,0.0,0.4592,0.1415542652747431,-0.4832992434169454,0.0003384433988835,0.1234399834362734,1717.0,5.333047497559302,0.7884999999999999,1.887853620539575,3.8051,1.4185075131042515,1.2122,0.1189,0.0,0.0,3.6862,1.5986318763184233,1.451108689876914,0.0099565759137125,0.737412376531094
sub-cp030,ses-20211025,run-012,level-01B,1,sub-cp030_ses-20211025_level-01B_run-012,0,1.0,5,1022.6633,562.5171,290.8304,1876.0108,0.492575,0.365650709971586,1.1756,-0.3817515028901734,-0.5376,-1.5131,0.0,0.0,2.6887,0.6672632837003445,0.761015706346724,0.0021237329382129,0.5474297259442202,365.9122981131077,0.512825,0.3044423927854347,1.373,-0.0015882080924855,-0.03545,-0.997,0.0,0.0,2.37,0.419037096706467,0.0794635257115473,0.0026968210827802,0.4191552475787971,0.223175,-0.3284401049080037,0.4426,0.0993086705202312,0.10015,-0.3702,0.0,0.0,0.8128,0.2122142760502638,-0.1809012019829555,-0.0004367166690598,0.1875980535900681,1730.0,4.7251759749970095,0.7200249999999999,-0.6059195796907328,2.358,1.0843987861271676,0.92875,0.2816,0.0,0.0,2.0764,1.1595370337716089,0.5185843619020611,0.0002631778174622,0.4107346119739199
sub-cp030,ses-20211025,run-003,level-02B,2,sub-cp030_ses-20211025_level-02B_run-003,1,2.0,5,333.994,2106.8541,1865.8413,4306.6895,0.1445,4.969325115220263,0.1414,-0.1428863026376677,-0.0791,-1.0651,0.0,0.0,1.2065,0.2539759506754878,-2.159714835716263,0.0004177931445747,0.2100183297275613,388.7091066688299,0.4296999999999999,0.2142804128456736,0.4093,-0.9659844053678852,-0.5522,-3.0,0.0,0.0,3.4093,1.3753704240512548,-1.3430243485646494,-0.00134342105971,0.9792658935359722,1.1524,1.5715498480654926,3.0,-0.327196205460435,-0.3497,-2.1912,0.0,0.0,5.1912,1.1630108438630664,1.0689635849647516,0.0006632208908335,1.116294541558532,2161.0,5.556854632274576,1.6916000000000002,0.7709494094543978,6.2992,1.9929163350300785,1.6019,0.2004,0.0,0.0,6.0988,2.499817664092047,1.1707367777667907,0.0015888488059688,1.5094459826547248
sub-cp030,ses-20211025,run-008,level-02B,2,sub-cp030_ses-20211025_level-02B_run-008,1,2.0,5,489.5349,1002.3579,943.4782,2435.371,0.1281,4.67610618371863,1.1451,-0.0603037091264031,-0.044,-1.9274,0.0,0.0,3.0725,0.4108090283686149,-0.6437062181269108,0.0023846956309605,0.4064580533423599,380.4678417742252,0.7666,4.066592171965317,3.0,0.1276078086871644,-0.0327,-1.9249,0.0,0.0,4.9249,0.7156328415973303,1.147416223947069,-0.0045375714066905,0.7043356612708338,0.5107999999999999,0.7770320352308921,1.3481,-0.1175302586627622,-0.1903,-1.4754,0.0,0.0,2.8235,0.6107964844306772,0.527970522774135,-0.0004286827481645,0.5995284839915193,2049.0,5.38284652508243,1.1172,4.645810394540939,5.5614,1.1885638848218645,0.9012,0.1898,0.0,0.0,5.3716,1.5165860398640083,1.871050929020176,0.0021720626798477,0.9422220459844896
sub-cp030,ses-20211025,run-010,level-02B,2,sub-cp030_ses-20211025_level-02B_run-010,1,2.0,5,390.619,642.2301,1081.0761,2113.9252,0.21985,3.276663041371428,1.4628,0.1232624271330153,0.0166,-0.286,0.0,0.0,1.7488,0.3467225390087927,1.84828457223476,0.0011412310784072,0.3241582617106205,379.239584505558,0.59525,0.3319621838906395,1.4557,0.0821063593004769,-0.0513,-1.1472,0.0,0.0,2.6029,0.4282730925308098,0.8442770041089024,-0.0027497129587871,0.4204403232070085,0.7807,0.0879964148641141,1.1302,0.1693967143614202,0.2896,-1.4167,0.0,0.0,2.5469,0.6962167306721612,-0.9406218877414756,0.0004480017565189,0.6754733767543611,1887.0,4.973109551469724,0.8119000000000001,0.3193752185046552,2.9708,1.1202583465818758,1.1321,0.1879,0.0,0.0,2.7829,1.2303090884645422,0.4022666707933844,0.003552108100098,0.5087424190831459
sub-cp030,ses-20211025,run-002,level-03B,3,sub-cp030_ses-20211025_level-03B_run-002,2,3.0,5,1947.8215,9348.8904,8585.643,19882.3549,0.6626,5.332311681508877,3.0,-0.1714513555787278,-0.29595,-3.0,0.0,0.0,6.0,0.6593235515834207,1.5468976891075092,-0.0009976145442358,0.6367241678711637,684.7334012389183,0.0313249999999998,1.150759339281768,1.7294,-2.3683481230448384,-3.0,-3.0,0.0,0.0,4.7294,2.649405043598831,1.5873637336731252,-0.0012003211739238,1.187704504858926,2.815125,-0.0317426557820277,3.0,1.7558343065693431,3.0,-3.0,0.0,0.0,6.0,2.4830509317661056,-1.108094312639944,0.0041160545036952,1.7559588894625255,3836.0,5.600719919695995,2.288825,0.0615136429507243,9.0,5.183095046923879,6.109999999999999,0.3056,0.0,0.0,8.6944,5.519303564765803,-1.0832316007454916,0.0063139902218549,1.8971493977336005
sub-cp030,ses-20211025,run-011,level-03B,3,sub-cp030_ses-20211025_level-03B_run-011,2,3.0,5,1636.4414,1753.3011,2762.0688,6151.8112,0.7615999999999999,1.447419433734062,2.6391,-0.2632966903073285,-0.4782,-1.6945,0.0,0.0,4.3336,0.9668273950334848,1.3512223318382892,0.0055306410761467,0.930504940885696,411.9233138859272,1.22135,-0.1489762368660674,3.0,0.4599285579196218,0.0311,-1.1442,0.0,0.0,4.1442,1.1880842666443123,0.8796989307226616,0.0019884769139986,1.095708718245379,1.6022,-1.0272603735256085,0.4348,-1.2573988179669031,-1.257,-3.0,0.0,0.0,3.4348,1.6350716263183975,-0.315223392732561,-0.0002432491597883,1.0454301434292328,2115.0,5.132023191543425,1.76385,-0.0737819812533797,7.0519,2.9086577304964534,2.4978,0.4113,0.0,0.0,6.6406,3.337220728608802,0.9179743935785944,0.0031416041684845,1.636465276419783
sub-cp030,ses-20211025,run-004,level-04B,4,sub-cp030_ses-20211025_level-04B_run-004,3,4.0,5,1340.6273,3575.4532,2465.9933,7382.0738,0.6691499999999999,3.910546258342146,1.8846,0.6732675646551725,0.67655,-2.8923,0.0,0.0,4.7769,0.8390229733546098,-0.7871411166194326,0.0018679481445969,0.5008048207204232,354.23895567655563,2.25795,-1.7579016205791558,-0.2313,-1.9264292564655168,-2.09675,-3.0,0.0,0.0,2.7687,2.197964578432551,0.1752485885272157,-0.0030843586863936,1.0585472769723827,2.907925,-1.2208453060228517,3.0,0.5274716594827586,0.1261,-2.0091,0.0,0.0,5.0091,1.6795058651352506,0.3458829265269437,0.0088222933980573,1.5949558698420316,1856.0,5.236578220080746,3.597025,-1.0948382672645842,7.8846,3.977409967672414,4.057,0.4508,0.0,0.0,7.4338,4.449491080159525,-0.0431017550642746,0.0130677327431675,1.9950752851335527
sub-cp030,ses-20211025,run-006,level-04B,4,sub-cp030_ses-20211025_level-04B_run-006,3,4.0,5,2444.1003,5695.3442,3443.7827,11583.2272,1.541,-0.765760411131938,2.5724,0.1356862659380691,0.0776,-3.0,0.0,0.0,5.5724,1.088606638194583,-0.1266118618241505,-0.0011673738221132,1.0803142206235292,548.9244215190411,1.968,0.99158517303638,3.0,-1.9107483788706736,-2.5509,-3.0,0.0,0.0,6.0,2.325864539611658,1.167115389645209,0.0001830853138613,1.326396400024624,1.5508,-0.3230171535059223,3.0,0.293455810564663,0.1204,-3.0,0.0,0.0,6.0,1.7114831035725149,-0.0227854105199684,0.0002131440967341,1.6864442478039707,2745.0,4.998866678961953,2.9541,-0.7542776565150389,8.1882,4.219762149362477,4.0181,0.4121,0.0,0.0,7.7761,4.699348609851624,0.0715228318744974,-7.778848658588767e-05,2.068584929330495
sub-cp030,ses-20211025,run-009,level-04B,4,sub-cp030_ses-20211025_level-04B_run-009,3,4.0,5,1779.3612,2988.9114,2898.5813,7666.854,1.85135,-0.3494744892496699,2.2814,0.0576115571776156,0.40895,-3.0,0.0,0.0,5.2814,1.295450392485844,-0.722095118594825,-0.0087237733548118,1.2945624847470412,331.72572031617165,2.00575,-1.7064024629848709,-0.4384,-1.818072141119221,-1.2904,-3.0,0.0,0.0,2.5616,2.046280703128866,-0.2613413666628215,-0.0077220421665178,0.9393695516468517,2.7185,-0.4437680944706326,2.403,-1.165225,-1.24715,-3.0,0.0,0.0,5.4030000000000005,2.0379043083565644,0.6693359428319645,-0.0007482084891199,1.67242518853587,1644.0,4.95288697672896,3.205875,-1.182576309449872,8.4026,4.663536557177616,4.588850000000001,0.9692,0.0,0.0,7.4334,5.017762665792898,0.1213594392997055,0.0147034121905024,1.8524190159253184
sub-cp031,ses-20211216,run-001,level-01B,1,sub-cp031_ses-20211216_level-01B_run-001,0,1.0,2,619.3914,463.405,149.9592,1232.7556,0.351275,-0.9773090867383258,0.216,-0.2640921248835042,-0.2571,-0.6599,0.0,0.0,0.8759,0.3449019873674664,0.0980321516684461,0.0002490042797714,0.2218911297515724,363.0459688603878,0.329725,-0.5387125853583603,0.3888,-0.0903905405405405,-0.11785,-0.6088,0.0,0.0,0.9976,0.2628355175701437,0.0428611487643306,-6.36283060035389e-05,0.2468612094025299,0.1301,-0.5890503908413267,0.2244,0.0194945479962721,-0.01975,-0.1092,0.0,0.0,0.3336,0.0894407998485009,0.8683830061749872,-0.0001870286570407,0.0873107756581017,2146.0,5.9083427003286095,0.3405999999999999,-0.498713997957934,1.2029,0.5744440354147251,0.49205,0.0705,0.0,0.0,1.1324,0.628653135494454,0.6267062446356038,1.6526832728193152e-06,0.2554392686831572
sub-cp031,ses-20211216,run-007,level-01B,1,sub-cp031_ses-20211216_level-01B_run-007,0,1.0,2,1379.3011,1318.7947,272.7571,2970.8529,0.6102,3.66986199336918,0.52,-0.4282431414971873,-0.3225,-3.0,0.0,0.0,3.52,0.9636842074944072,-2.01119080521422,0.0004436686772,0.8634915761548496,446.9551496207714,0.5862499999999999,3.178718962719474,3.0,-0.2887183037646041,-0.0035,-3.0,0.0,0.0,6.0,1.0310375831641705,-1.9446929634787269,5.996127357015359e-05,0.99000219341568,0.1403,-0.3569757961524882,0.1838,-0.0696174383383816,-0.0918,-0.2938,0.0,0.0,0.4776,0.138601579815326,0.5172791171381521,0.0002118780823542,0.1198750528932618,2311.0,5.168303803994581,0.2881500000000001,5.111767886802019,6.0637,1.2855254002596277,0.821,0.089,0.0,0.0,5.9747,1.990666955115244,2.58413443576018,-0.0003284445880633,1.520256376117236
sub-cp031,ses-20211216,run-003,level-02B,2,sub-cp031_ses-20211216_level-02B_run-003,1,2.0,2,795.7761,435.2834,262.4435,1493.503,0.447,12.391102537590529,0.5092,-0.285972593235039,-0.2648,-3.0,0.0,0.0,3.5092,0.4386115271930772,-1.5423252999342276,-0.000259367837135,0.3326375358284686,394.0349780023098,0.277175,-0.6259731525561971,0.3375,-0.0869885516045099,-0.0743,-0.572,0.0,0.0,0.9095,0.2337263273884308,-0.0206593536168995,-0.0001035441071928,0.2169824991071144,0.20185,-1.033691492201107,0.1835,-0.0516919340849956,-0.08185,-0.2601,0.0,0.0,0.4436,0.1277710807002629,0.3561029177355224,-0.0002436331933949,0.1168730781436967,2306.0,5.849734487242623,0.4975,10.801693388528014,3.1884,0.6476601908065915,0.6487,0.1189,0.0,0.0,3.0695,0.7209881292651058,1.6024910389469451,0.000167497820459,0.3168654288259284
sub-cp031,ses-20211216,run-008,level-02B,2,sub-cp031_ses-20211216_level-02B_run-008,1,2.0,2,633.9566,491.7528,201.6157,1327.3251,0.5404,3.737770511206614,0.3532,-0.2462279800498753,-0.1749,-2.698,0.0,0.0,3.0512,0.410238988281507,-0.7440077433130652,-0.0007901424948402,0.3282095912653414,393.093653395772,0.3886,-0.7669047254906314,0.6318,0.0563975561097256,0.11,-0.5188,0.0,0.0,1.1506,0.2903293088134743,-0.1370192466433926,0.0002007155275044,0.2848699659213732,0.1608,1.546475847623931,0.4795,0.0370170573566084,-0.0084,-0.1476,0.0,0.0,0.6271,0.1412604459006832,1.331235697758637,-0.000231242603931,0.1363580750050434,2005.0,5.098021763231944,0.4772999999999999,2.367867727900787,2.8853,0.6620087780548629,0.6571,0.0055,0.0,0.0,2.8798,0.7357962834935988,0.6476376468510455,0.0003805708861175,0.3212351411675119
sub-cp031,ses-20211216,run-010,level-02B,2,sub-cp031_ses-20211216_level-02B_run-010,1,2.0,2,898.7124,505.9703,238.5252,1643.2079,0.6751999999999999,0.0418174198669958,0.8285,-0.2542706904435299,-0.3025,-3.0,0.0,0.0,3.8285,0.4977445971910914,0.1242825946419385,0.0077406122761226,0.4279951617985775,404.5674797147512,0.43355,6.908274709125918,0.6366,0.0829212620027435,0.0884,-3.0,0.0,0.0,3.6366,0.2797147296228653,-0.5283708679312301,0.0066695919353243,0.2672022462197238,0.1851999999999999,0.1289230139989774,0.3804,0.0097946502057613,-0.0107,-0.3204,0.0,0.0,0.7008000000000001,0.1386220679011486,0.3449321201768259,0.0002879618502261,0.1383072274713713,2187.0,5.403301326990704,0.54995,27.25897100435629,6.0701,0.7513554183813443,0.7311,0.1081,0.0,0.0,5.962,0.8231157266094854,1.8387242045592305,-0.0138182139699948,0.3362085962246348
sub-cp031,ses-20211216,run-012,level-02B,2,sub-cp031_ses-20211216_level-02B_run-012,1,2.0,2,589.8513,346.0283,183.2944,1119.1739,0.4643,3.2462004679837584,0.5871,-0.166326625704045,-0.1619,-3.0,0.0,0.0,3.5871,0.3844923205370574,-0.4770814151432249,0.0073334418336387,0.3467439408705836,372.9217551648617,0.3033,19.41483984236478,0.3844,0.0358313876088069,0.0308,-3.0,0.0,0.0,3.3844,0.2168086384324313,-1.341534630620843,0.0074546468836901,0.2138820248795288,0.1718,0.8461876111588591,0.3543,-0.0027907322068612,-0.0219,-0.2453,0.0,0.0,0.5996,0.1169391251081296,0.9873309597623762,0.0005304061703575,0.1169357614963358,1953.0,5.234341984519133,0.385,71.83366956230161,6.2453,0.5730539170506912,0.508,0.1591,0.0,0.0,6.086200000000001,0.6437064982413462,4.293501079350748,-0.0153184948876864,0.2932768395860282
sub-cp031,ses-20211216,run-002,level-03B,3,sub-cp031_ses-20211216_level-03B_run-002,2,3.0,2,810.5387,572.1418,562.6832,1945.3636,0.3128499999999999,15.271400921373932,0.2849,-0.3167922268907563,-0.30565,-3.0,0.0,0.0,3.2849,0.4334251251234004,-2.1577994188265417,-0.0010639553390096,0.2958661931341252,403.9643246680498,0.4682499999999999,-1.0790329811715988,0.3993,-0.0805929831932772,-0.07595,-0.5912,0.0,0.0,0.9905,0.2861070063305486,-0.0533038549274719,-0.0003849349818892,0.274579074481763,0.2164749999999999,-0.4074255131492239,0.2014,-0.2024761764705882,-0.2264999999999999,-0.5497,0.0,0.0,0.7511,0.270818597903815,0.3735164124657728,-0.0005203429787338,0.1798880414262548,2380.0,5.889133902987347,0.4526,4.216971457713372,3.2736,0.817377857142857,0.75235,0.1676,0.0,0.0,3.106,0.8927774195516733,1.21015650199578,0.0010701440043133,0.3591645317148959
sub-cp031,ses-20211216,run-005,level-03B,3,sub-cp031_ses-20211216_level-03B_run-005,2,3.0,2,1211.3808,806.3761,518.2502,2536.0071,0.91785,-0.52469170262636,1.0917,-0.224532133784928,-0.13165,-2.5682,0.0,0.0,3.6599,0.6301782266849649,-0.2303002312183752,-0.0021441028074877,0.5889454703485447,399.8875413089991,0.61205,-0.1650508440753566,0.714,0.0030579593564775,0.02775,-1.1169,0.0,0.0,1.8309,0.4247220704376571,-0.5298136860683524,-0.0007724671766188,0.4248009953075684,0.2954,0.2113968791934546,0.5518,-0.1148728619813717,-0.1546,-0.5947,0.0,0.0,1.1465,0.2565521117628106,0.5893571961439787,-0.000306836266012,0.2294460724373052,2362.0,5.9041599352444445,0.5005249999999998,0.3955969395239935,2.8394,1.0736712531752752,1.04945,0.1807,0.0,0.0,2.6587,1.146901140874415,0.3722050846686123,0.0026097337180944,0.4033375030455514
sub-cp031,ses-20211216,run-011,level-03B,3,sub-cp031_ses-20211216_level-03B_run-011,2,3.0,2,632.839,399.3803,295.8351,1328.0545,0.33165,0.8102877203631342,0.8405,-0.1966592840095465,-0.2422,-1.044,0.0,0.0,1.8845,0.3641299779475668,0.4934311267269816,-0.0003185320268476,0.3065299606716494,399.33190159499645,0.37215,-0.9578087412731144,0.4276,-0.0097698329355608,-0.0915,-0.325,0.0,0.0,0.7525999999999999,0.2190563826897907,0.6107231324185615,-1.126882170451762e-05,0.218890656231822,0.1286,0.9354137489467144,0.2836,-0.0839014319809069,-0.0659,-0.5559,0.0,0.0,0.8394999999999999,0.1848667390905055,-0.3495263448137449,-0.000489066861976,0.1647702035818289,2095.0,5.2437583665022105,0.2614000000000001,0.7936509361757422,1.545,0.6339173747016706,0.605,0.0516,0.0,0.0,1.4933999999999998,0.6772804793220046,0.5367643967721547,-9.065141015634196e-05,0.2385052669296444
sub-cp031,ses-20211216,run-004,level-04B,4,sub-cp031_ses-20211216_level-04B_run-004,3,4.0,2,1630.6102,880.239,637.7841,3148.6333,0.5329,1.505726766101752,1.0063,-0.6238093606351859,-0.6434,-2.6265,0.0,0.0,3.6328,0.781936236345386,0.2855570575140324,0.0014569015307695,0.4715708730299914,408.5382487624884,0.3159,3.603875030772085,1.1471,-0.2444105307145842,-0.3076,-0.813,0.0,0.0,1.9601,0.4250624161536872,1.7619008112070906,-0.0006087557303467,0.34783920272294,0.4878,-0.9357086063058904,0.5163,-0.1278502716255746,-0.1086,-0.6105,0.0,0.0,1.1268,0.3173883242763696,0.2229540865740308,0.0007414238468919,0.2905596950523785,2393.0,5.855020936829432,0.6105999999999999,0.127069307013921,2.9896,1.3157682824905976,1.3297,0.1308,0.0,0.0,2.8588,1.3901800785788725,0.1771895860382285,0.0021941642005743,0.4488191795842091
sub-cp031,ses-20211216,run-006,level-04B,4,sub-cp031_ses-20211216_level-04B_run-006,3,4.0,2,972.6079,746.6878,601.8681,2321.1638,0.48055,2.80175893479673,1.4008,-0.3604976584022039,-0.38885,-2.5854,0.0,0.0,3.9862,0.530850327750592,0.5877400220409675,0.0003925036361857,0.3897605133026306,402.03449204564095,0.48625,1.5446667913463603,1.0271,-0.2495923783287419,-0.24915,-0.918,0.0,0.0,1.9451,0.4195587791092448,1.019369612381778,0.0019567972787536,0.3373209997924847,0.5696749999999999,-1.279510994619906,0.4331,-0.0780735996326905,-0.0375,-0.6465,0.0,0.0,1.0796,0.3232349968394793,-0.2212921323740052,0.000461651932041,0.3137364647615485,2178.0,5.414958276149242,0.558875,-0.065426527525136,2.9466,1.065731129476584,1.04015,0.1909,0.0,0.0,2.7557,1.133663122722908,0.2819663681954312,0.0010374731727064,0.3866236752696576
sub-cp031,ses-20211216,run-009,level-04B,4,sub-cp031_ses-20211216_level-04B_run-009,3,4.0,2,1215.8305,777.5062,457.8374,2451.174,0.84195,0.0334094591700169,0.7703,-0.4480655437921078,-0.5292,-3.0,0.0,0.0,3.7703,0.6962342165344503,0.0756404425816159,-0.0034656107185264,0.5330254013414122,400.6508845835924,0.2888,6.491389567730957,0.6916,-0.3369248315688162,-0.3407,-2.0228,0.0,0.0,2.7144000000000004,0.4709446151910841,-1.404678164627985,-0.000282290653414,0.3291240142473727,0.3166,1.05339073885637,1.1143,-0.0576307507218479,-0.1011499999999999,-0.4936,0.0,0.0,1.6079,0.2776260002943906,0.7021283852423903,0.0030937158700853,0.2716438898824372,2078.0,5.184064430953856,0.5337500000000002,2.067678657434156,3.3677,1.1795827237728584,1.1435499999999998,0.2162,0.0,0.0,3.1515,1.2511924355719752,0.9932685474012792,0.0050535268432124,0.4173139293080251
sub-cp032,ses-20211105,run-001,level-01B,1,sub-cp032_ses-20211105_level-01B_run-001,0,1.0,5,463.6364,348.8277,323.0826,1135.5467,0.3339999999999999,0.0183176282167298,0.337,0.0099842592592592,0.1429,-0.7693,0.0,0.0,1.1063,0.3058944239086933,-1.1724983544243754,0.0018986975134034,0.3058147337993541,349.9767579138279,0.316225,0.2621369105409536,0.6884,0.004905991285403,0.0178499999999999,-0.479,0.0,0.0,1.1674,0.2327841529225128,0.2773535661879581,0.0007654794038236,0.2327958558088955,0.1949249999999999,-0.0797273502715816,0.2311,-0.1627308278867102,-0.1818,-0.3609,0.0,0.0,0.592,0.2018004117891167,0.6183148050647402,0.0007380490108534,0.1193727155055192,1836.0,5.243205322942668,0.3418749999999999,-0.7335978901023656,1.1284,0.6184889433551197,0.628,0.1862,0.0,0.0,0.9422,0.6520175430988914,0.1487632015917893,-0.000818054323683,0.206449794842452
sub-cp032,ses-20211105,run-007,level-01B,1,sub-cp032_ses-20211105_level-01B_run-007,0,1.0,5,523.7921,339.0188,194.5415,1057.3524,0.5730999999999999,-0.3836465292791122,0.8666,0.0781035979440319,0.0043,-0.9831,0.0,0.0,1.8497,0.3732347417817273,0.1838669849820911,0.002390102032491,0.3650754949770823,348.9809174090624,0.3439,-0.8954929507512759,0.5334,0.0815010850942318,0.0483,-0.4477,0.0,0.0,0.9811,0.2353665248912981,0.170496399640865,-0.0009100784144816,0.2208683638575421,0.19455,0.9957944519216292,0.4783,0.0147765848086807,-0.0195,-0.2243,0.0,0.0,0.7026,0.1468808541732814,0.9675674773435572,0.0005859919262012,0.1461774301515156,1751.0,5.014600835462632,0.4337499999999999,0.1401624767135283,1.4983,0.603855168475157,0.4989,0.0346,0.0,0.0,1.4637,0.688695431328731,0.911993841935761,-0.0009725460134605,0.3312446160862524
sub-cp032,ses-20211105,run-012,level-01B,1,sub-cp032_ses-20211105_level-01B_run-012,0,1.0,5,515.9917,524.7131,239.0453,1279.7502,0.514975,0.2025190608860434,0.6868,-0.0189847324239244,0.03365,-1.6533,0.0,0.0,2.3401,0.3170636466190112,-0.5181716311748675,0.0039291250377231,0.3165778230715822,355.95711171627045,0.3172999999999999,3.331282670919258,1.5091,0.1531944386149003,0.122,-0.3219,0.0,0.0,1.831,0.4326174091587627,1.855994876203605,0.0024733316768278,0.4046915032706376,0.185725,-0.456709794985926,0.3955,0.0790293809024134,0.0857499999999999,-0.1717,0.0,0.0,0.5672,0.1552059346516807,0.2600441681082787,0.0003916202132551,0.1336136431469372,1906.0,5.351768337525041,0.2668,4.25176388554726,2.1914,0.671432371458552,0.55465,0.0871,0.0,0.0,2.1043,0.7824595212384505,2.091801729483626,-0.0018395474579587,0.4018783505186371
sub-cp032,ses-20211105,run-003,level-02B,2,sub-cp032_ses-20211105_level-02B_run-003,1,2.0,5,823.1029,701.8259,493.2864,2018.2152,0.6972,-0.8440346631797926,0.8677,0.0777965466926069,0.04865,-1.0307,0.0,0.0,1.8984,0.46932740100452,-0.3544338250148582,0.0020948592855917,0.4629472410258757,380.4551482200623,0.667525,-0.9730696651134788,0.6176,-0.0569607976653696,0.0131,-0.889,0.0,0.0,1.5066000000000002,0.4055849031191031,-0.4688172137314939,0.0009181108512637,0.4016628568215143,0.409525,-0.6159121711821518,0.7831,0.1639324416342412,0.12865,-0.2446,0.0,0.0,1.0277,0.3123250885515218,0.5413386790359106,0.0012174891105221,0.2659088308594194,2056.0,5.401425134116861,0.5366,-0.4897303932813077,1.474,0.9816226653696496,1.02175,0.1124,0.0,0.0,1.3616,1.0360539753762812,-0.5336778657747878,-0.0005201664399229,0.3314788461459274
sub-cp032,ses-20211105,run-008,level-02B,2,sub-cp032_ses-20211105_level-02B_run-008,1,2.0,5,611.1084,601.1259,531.6755,1743.9099,0.6305499999999999,-0.8668856360167467,0.8524,0.0093842213114753,-0.01925,-0.9829,0.0,0.0,1.8353,0.3684467695165926,0.280228886341511,0.0039600741868562,0.3684216259553196,382.5433384627104,0.547075,-0.5918076012990938,1.1415,0.1184944159836065,0.09505,-0.5173,0.0,0.0,1.6587999999999998,0.3736407740295724,0.2730658609292045,0.0002831051781876,0.3544444405976721,0.52905,-0.983974943680464,0.7877,0.1792582991803278,0.1123,-0.432,0.0,0.0,1.2197,0.3596805873949419,0.3995551013880636,0.0002697733553921,0.3119077210996471,1952.0,5.100075740020186,0.465575,-0.4924053440329303,1.7144,0.8933966700819672,0.8803,0.2841,0.0,0.0,1.4303,0.939570693813486,0.1885656269748395,-0.0011852251873527,0.2909963214933885
sub-cp032,ses-20211105,run-010,level-02B,2,sub-cp032_ses-20211105_level-02B_run-010,1,2.0,5,464.2738,458.8058,396.9743,1320.0539,0.374075,-0.0420987250138229,0.7125,0.0297981299212598,-0.0178499999999999,-0.7109,0.0,0.0,1.4234,0.2833286952588576,0.3977954798643213,0.0009802115613013,0.2818267353546442,379.40788976848125,0.3628749999999999,0.0338802614357054,0.7841,0.0866867125984252,0.06595,-0.6087,0.0,0.0,1.3928,0.2893103598915033,0.1301231113131862,-0.0003776937798722,0.2760858738145809,0.3303999999999999,-1.100764668610687,0.4609,0.1268595964566929,0.1381,-0.2584,0.0,0.0,0.7193,0.2320857922738781,-0.1697257523520296,0.0008523807983996,0.1943940707377558,2032.0,5.353077926870045,0.3804749999999999,-0.7785020652719097,1.2054,0.6496337106299214,0.63285,0.1597,0.0,0.0,1.0457,0.696440684419262,0.3003936321469727,0.0002498630169705,0.2510710873858903
sub-cp032,ses-20211105,run-002,level-03B,3,sub-cp032_ses-20211105_level-03B_run-002,2,3.0,5,773.9923,387.1691,351.9408,1513.1022,0.68875,-0.6343628692323735,0.9622,-0.003275,-0.0031999999999999,-1.1691,0.0,0.0,2.1313,0.4457999417521482,-0.2288912000019124,0.0019701733522908,0.4458949053306799,388.23994807899,0.3357,-0.583330422423689,0.5511,0.0089300863723608,-0.04195,-0.4712,0.0,0.0,1.0223,0.224051599817984,0.2612522024838665,7.984752767814842e-06,0.2239272964316197,0.3392,-0.9132255832547213,0.3981,-0.049717178502879,-0.0596499999999999,-0.3611,0.0,0.0,0.7592,0.1987303862049073,0.296468842335253,-0.0004365856755305,0.192457117175533,2084.0,5.365238714631705,0.3390499999999999,-0.2832921934067682,1.3434,0.7260570057581575,0.72205,0.0786,0.0,0.0,1.2648,0.7639160369608115,-0.0185251372717145,-0.0024126831992297,0.2375626581294915
sub-cp032,ses-20211105,run-005,level-03B,3,sub-cp032_ses-20211105_level-03B_run-005,2,3.0,5,736.7357,599.45,402.2127,1738.3983,0.6194,-0.4530168273381143,1.133,0.0617944579484686,0.1152,-1.1943,0.0,0.0,2.3273,0.4271014781521677,-0.0878599115107632,0.0025604532396683,0.4227102836565009,387.6266844570637,0.5377000000000001,-0.1208776392098833,0.9567,0.028861837627613,0.0233,-0.7184,0.0,0.0,1.6751,0.3538016163524307,0.3464889911916097,0.0004019331130884,0.3527081739483333,0.284,-0.4371859984333297,0.4192,-0.0624659698590179,-0.1168,-0.5111,0.0,0.0,0.9303,0.2286576831365285,0.5067114828654633,0.00023837368196,0.2200133426245461,2057.0,5.304072403786581,0.4669999999999999,-0.6290851678466871,1.5897,0.8451140009722897,0.8434,0.0856,0.0,0.0,1.5041,0.9084287390960044,0.2077579697075206,-0.002520724292675,0.3332853130740706
sub-cp032,ses-20211105,run-011,level-03B,3,sub-cp032_ses-20211105_level-03B_run-011,2,3.0,5,707.7018,437.4826,320.8771,1466.0615,0.51805,-0.0943133937644615,1.3513,0.1281922580645161,0.1214,-0.9989,0.0,0.0,2.3502,0.4507617743122651,0.0938745711024731,0.0026940604114104,0.4322564626734367,380.4294794797897,0.3819,-0.0737919996799965,0.8057,0.0855031265508684,0.0637,-0.6076,0.0,0.0,1.4133,0.2684145438956127,0.3866206701895465,-0.0012443830605539,0.2544950402592074,0.266,0.0438194960493443,0.4891,-0.0461191563275434,-0.0663,-0.3657,0.0,0.0,0.8548,0.1926799973393445,0.5500675900714341,0.0002515577923426,0.1871255793661334,2015.0,5.2940166538986455,0.55745,-0.7548681262221106,1.6319,0.7275716625310173,0.6951,0.0949,0.0,0.0,1.537,0.8079784015766709,0.4206989333981012,-0.0005614706838494,0.3514681755818546
sub-cp032,ses-20211105,run-004,level-04B,4,sub-cp032_ses-20211105_level-04B_run-004,3,4.0,5,744.8588,396.0061,536.6226,1677.4874,0.5719,5.621475016697239,1.523,0.1999948974487243,0.2006,-3.0,0.0,0.0,4.523,0.4820289025789436,-0.7496624268434212,0.0090842030944901,0.4386914372780919,379.0646206587553,0.21485,2.5050928664846426,1.0141,-0.1392386693346673,-0.1361,-0.8443,0.0,0.0,1.8584,0.2537085812050679,0.0609791741948429,0.0032904679888943,0.2121394587774764,0.3878,0.7869961836117279,1.0405,0.0679122061030515,-0.0197,-0.4365,0.0,0.0,1.477,0.3793689843386502,1.1708761926511386,-0.0008204405873054,0.3733342773490392,1999.0,5.270869110727841,0.5589,2.4124723014548906,3.3619,0.8391653826913456,0.7447,0.052,0.0,0.0,3.3099,0.944287511869418,1.1651383080732511,-0.0017901960853553,0.4330983717145827
sub-cp032,ses-20211105,run-006,level-04B,4,sub-cp032_ses-20211105_level-04B_run-006,3,4.0,5,778.2904,561.1276,564.7882,1904.2062,0.61325,-0.1275543440856985,1.5606,0.1227091140529531,0.1241,-1.0516,0.0,0.0,2.6122,0.5005184215395146,0.1371824876019592,0.0033535294138461,0.4853669882461027,377.2443428635597,0.43445,3.687936220891033,1.7099,-0.0361041242362525,-0.07655,-0.8574,0.0,0.0,2.5673,0.3891868884214171,1.3879050886967426,0.0045071583766995,0.3876073051214224,0.3929,4.6559416961138895,1.8265,0.0282251527494908,-0.0732,-0.4913,0.0,0.0,2.3178,0.4177325588251982,1.9552863771593323,0.0051592556305183,0.4168840611206322,1964.0,5.2035240213263325,0.481375,12.246889671288397,4.6801,0.9695570264765784,0.8363499999999999,0.0842,0.0,0.0,4.5959,1.1925278174862903,3.2631132427159306,0.0098707908294512,0.6944979136613711
sub-cp032,ses-20211105,run-009,level-04B,4,sub-cp032_ses-20211105_level-04B_run-009,3,4.0,5,892.5467,637.5596,493.7577,2023.864,0.8214250000000001,0.2455151334422498,1.2785,0.0353719226856561,0.06545,-3.0,0.0,0.0,4.2785,0.5534989352312579,-0.4166031992958242,0.0068232207843115,0.5525080728827193,382.6198920607567,0.6381000000000001,1.251858817205111,0.6109,-0.0572417090539165,-0.04535,-1.8137,0.0,0.0,2.4246,0.3873703045516308,-0.6728464007491476,0.0020576556952114,0.3832151306461706,0.359025,0.6777510960916033,0.9349,-0.0011876398779247,-0.03495,-0.6184,0.0,0.0,1.5533,0.3362228493427275,0.7567975169370597,0.0010062205546251,0.3363062932585674,1966.0,5.135645168411618,0.4360249999999999,2.2495620111000223,3.363,1.0294343336724314,1.01205,0.0968,0.0,0.0,3.2662,1.0859566574765307,0.5519719374429264,-0.0050023536144223,0.3458723215663377
sub-cp033,ses-20211215,run-001,level-01B,1,sub-cp033_ses-20211215_level-01B_run-001,0,1.0,1,3089.0452,546.4225,298.5337,3934.0014,0.5119500000000001,0.0790986230753993,-0.4078,-1.4228677107323813,-1.4859,-3.0,0.0,0.0,2.5922,1.4720443280486537,0.2849440586842365,-0.0037739614713983,0.3773957950152222,406.4164437353611,0.1903999999999999,-0.058593848981769,0.0484,-0.2510155688622754,-0.2281,-0.6382,0.0,0.0,0.6866,0.2891045184985974,-0.5809839864365447,7.135538053889194e-06,0.1434645854175154,0.2453,-1.137743606710108,0.2924,-0.014199355135882,-0.002,-0.2778,0.0,0.0,0.5702,0.159660003912621,-0.0755379624110405,0.0002079148157081,0.1590639789534564,2171.0,5.339350888599872,0.53575,-0.1443122148932403,3.1402,1.8120683555965,1.8406,0.5468,0.0,0.0,2.5934,1.8640221995720616,-0.3604372222719339,0.0039343880510927,0.4371213190887135
sub-cp033,ses-20211215,run-007,level-01B,1,sub-cp033_ses-20211215_level-01B_run-007,0,1.0,1,1657.0896,833.9142,199.921,2690.9248,1.3653499999999998,-0.8269896210899184,1.4718,-0.3865554185927067,-0.7812,-3.0,0.0,0.0,4.4718,0.9697848566761162,0.5025178328737735,-0.0021528487121947,0.8896426704032507,365.60859829187393,0.75995,-0.7216729990524571,1.2996,0.1740085772984078,-0.015,-0.7891,0.0,0.0,2.0887,0.5533569563911171,0.597426454102144,-0.0004980736253216,0.5254205239931897,0.1991,-0.983224182129164,0.1916,-0.0205789933230611,-0.0283,-0.2563,0.0,0.0,0.4478999999999999,0.1218277823892813,0.1092331354651995,-0.0001274587091707,0.120107963532051,1947.0,5.322631932322507,0.5255499999999997,0.386715079532963,3.1406,1.3820862865947612,1.3952,0.3418,0.0,0.0,2.7988,1.4391659751383408,-0.3407749902671371,0.0027783810466871,0.4013962541155714
sub-cp033,ses-20211215,run-012,level-01B,1,sub-cp033_ses-20211215_level-01B_run-012,0,1.0,1,1213.3166,407.5214,175.0683,1795.9064,0.7929999999999999,1.369353496287416,1.5049,0.4307717417061611,0.4653,-3.0,0.0,0.0,4.5049,0.8189113492656951,-1.0845666565127037,-0.0002679351202539,0.6966627789858103,342.9934825748205,0.4274,3.8419633209125728,1.4382,0.073299289099526,-0.02815,-0.3926,0.0,0.0,1.8308,0.3205775122718491,1.5203445888775575,0.0023799286035178,0.3121776570019184,0.10335,0.4621489648311865,0.2386,-0.0454944312796208,-0.06725,-0.2076,0.0,0.0,0.4462,0.1217766554119365,1.0359945335398515,-8.979762463352724e-05,0.1129928056830682,1688.0,4.918460803790924,0.7913,0.2787379937815597,3.1409,1.063926362559242,1.09605,0.2809,0.0,0.0,2.86,1.1426867208505986,0.3185549125458093,0.0019749646404789,0.4170091802418345
sub-cp033,ses-20211215,run-003,level-02B,2,sub-cp033_ses-20211215_level-02B_run-003,1,2.0,1,2398.8918,533.6265,802.2644,3734.7827,1.6585,-0.7800976769839969,1.3173,-0.8162775271149675,-0.7664,-3.0,0.0,0.0,4.3173,1.2974532748975198,-0.0848501909145534,-0.0019478178397485,1.008720694000657,426.8879681825638,0.3765,-0.0668968189242003,0.4036,-0.1227459002169197,-0.1081,-0.8831,0.0,0.0,1.2867,0.2950413308963564,-0.4356054534378977,0.0003748055975463,0.2683543803726191,0.2044,0.3958863540194524,0.1816,-0.3277446420824295,-0.3239,-0.9745,0.0,0.0,1.1561,0.4081032677889793,-0.3552598540871716,-0.0005502614678976,0.2432229256839661,2305.0,5.397200604666999,1.6661,-1.1785737443420952,3.6956,1.6202962255965292,1.3112,0.2839,0.0,0.0,3.4117,1.86002809655732,0.4642320136954798,0.0015648133697558,0.9136228926967256
sub-cp033,ses-20211215,run-008,level-02B,2,sub-cp033_ses-20211215_level-02B_run-008,1,2.0,1,784.1251,180.1299,317.5669,1281.8219,0.40375,5.561744921488312,1.2327,0.1437107458292443,0.2312,-3.0,0.0,0.0,4.2327,0.4813817443290794,-1.1968080438746216,-0.0012619617354563,0.4595424094945302,379.8054937273264,0.143575,1.9186112176920025,0.1743,-0.0368478410206084,-0.0214,-0.5018,0.0,0.0,0.6761,0.1194792118150149,-1.0430032357751189,0.0004710305747405,0.1136831566710841,0.2979,-0.679938980455276,0.4634,0.0362946025515211,-0.00445,-0.2795,0.0,0.0,0.7429,0.1893726209831233,0.4235401727151421,-0.0002619762000373,0.1859076383988454,2038.0,5.363271552523731,0.340175,12.90075642237271,3.1873,0.6289607458292443,0.5898,0.0771,0.0,0.0,3.1102,0.6973785511763495,2.225238139580696,0.000991823462855,0.3013134121011875
sub-cp033,ses-20211215,run-010,level-02B,2,sub-cp033_ses-20211215_level-02B_run-010,1,2.0,1,1039.847,325.0228,232.5264,1597.3962,1.1084,-0.1798749865695672,1.6273,0.3263858140784524,0.0605,-2.8091,0.0,0.0,4.4364,0.7359225034910577,-0.0003613153712338,-0.000883302336793,0.6597636937854046,372.1262656152248,0.207,-0.0821065525144022,0.2491,-0.1156807630306286,-0.096,-0.6654,0.0,0.0,0.9145,0.2244499173063527,-0.3120937908803959,-0.0012130291293835,0.1923944298023915,0.2163999999999999,0.3587255309764594,0.4554,-0.0024220311660397,-0.029,-0.2533,0.0,0.0,0.7087000000000001,0.1556047519473193,0.7935235309627878,7.255601792945686e-06,0.1556277195586054,1861.0,4.998303457362569,0.8344,0.4064415983448843,2.9971,0.8583538420204192,0.7302,0.1184,0.0,0.0,2.8787000000000003,1.018886666097044,0.8970329942122812,0.0021035870679695,0.5491090429563763
sub-cp033,ses-20211215,run-002,level-03B,3,sub-cp033_ses-20211215_level-03B_run-002,2,3.0,1,2481.0698,737.7803,460.7837,3679.6339,1.79015,-0.9280159980975782,1.6331,-0.8217589455488332,-0.67805,-3.0,0.0,0.0,4.6331,1.307602985141215,0.1311943663027602,-0.0042010322891833,1.0173421612966191,425.7048927247524,0.5533250000000001,-0.2374287876905225,0.3665,-0.194750518582541,-0.08635,-1.2487,0.0,0.0,1.6152,0.4375752039821467,-0.8116368898434146,0.0006025300727888,0.3919319811288064,0.3945499999999999,-1.1703815858784714,0.4546,-0.0009253673292999,-0.0339,-0.3594,0.0,0.0,0.8140000000000001,0.2261033960957144,0.2533160893140913,-0.0003161814728942,0.2261503734365854,2314.0,5.433341358130723,1.6535,-1.1149193939943958,3.7485,1.5901600691443387,1.1204,0.2513,0.0,0.0,3.4972,1.8510900178684928,0.5579284827220584,0.0040288472820276,0.9477939738131576
sub-cp033,ses-20211215,run-005,level-03B,3,sub-cp033_ses-20211215_level-03B_run-005,2,3.0,1,2823.5004,608.6085,349.73,3781.8389,1.6483,-0.6115890881452373,1.7848,-0.883397636761488,-1.1674,-2.2462,0.0,0.0,4.031,1.3741647912320074,0.7163586509929851,-0.0044217149643059,1.0528164964950617,427.4811957031488,0.3928,-0.453193876199526,0.5178,-0.1742575054704595,-0.1655,-0.9002,0.0,0.0,1.418,0.3298764767425775,-0.186829936081332,-0.0006056406751977,0.2801556006259304,0.2314999999999999,-0.303521444989772,0.3303,-0.0675731291028446,-0.0907,-0.4907,0.0,0.0,0.821,0.1822660005312888,0.3302927972330783,-0.0004257497214599,0.1693142434733792,2285.0,5.342925075904517,0.9634,-0.8275616408448352,3.098,1.6550715973741794,1.6154,0.3056,0.0,0.0,2.7924,1.7898065928054605,0.3298197100366111,0.0046034773453907,0.6814314810367429
sub-cp033,ses-20211215,run-011,level-03B,3,sub-cp033_ses-20211215_level-03B_run-011,2,3.0,1,1283.9472,313.0218,277.563,1874.5319,0.50605,7.1710584655090965,1.7122,0.5600378029912325,0.6484,-3.0,0.0,0.0,4.7122,0.7657428200525903,-1.6612285741064687,-0.0005730413991841,0.5223604578598208,369.9558187276125,0.2270499999999999,2.464980924658528,0.3579,-0.0542728726147498,-0.0168,-0.9485,0.0,0.0,1.3064,0.234647969075888,-1.3289007784064382,-0.0020821405178847,0.2283440723180622,0.198,-0.6312165540907446,0.2485,-0.0892636926250644,-0.0963,-0.3929,0.0,0.0,0.6414,0.1670990406658245,0.3399698344534285,-0.0005227651254821,0.141295360131228,1939.0,5.238463356693119,0.45305,3.441973877997341,3.2733,0.9667526044352758,0.9262,0.067,0.0,0.0,3.2063,1.0377997355629869,0.8730039688456388,0.002196208192628,0.3774800390668151
sub-cp033,ses-20211215,run-004,level-04B,4,sub-cp033_ses-20211215_level-04B_run-004,3,4.0,1,1818.8323,1099.6736,1093.9342,4012.4401,1.19115,-0.4149504902566701,1.2508,-0.5334240837696335,-0.48995,-3.0,0.0,0.0,4.2508,0.997017931710274,-0.2385282269708616,-0.0060762601728474,0.8425041214303061,434.88921225070953,0.3597749999999999,7.138157476732392,3.0,-0.0862903141361256,-0.1714,-3.0,0.0,0.0,6.0,0.828702125021836,1.4310979398069723,0.0074301682106043,0.8243771602234693,0.91975,-0.9744052968749436,1.1027,-0.1605982111692844,-0.1237,-1.0105,0.0,0.0,2.1132,0.5678205356085787,0.2368162641651409,0.0028234777166468,0.5447548537921465,2292.0,5.2680083466390055,0.912225,5.259221505384399,6.5589,1.7506289267015709,1.5262,0.1251,0.0,0.0,6.433800000000001,2.041887250382992,2.094123729238268,0.0136188708138973,1.0512297810837297
sub-cp033,ses-20211215,run-006,level-04B,4,sub-cp033_ses-20211215_level-04B_run-006,3,4.0,1,936.529,528.0823,795.9795,2260.5908,0.7118,1.1657160995195497,1.5378,-0.0481616171456405,0.0043,-3.0,0.0,0.0,4.5378,0.5893933225200904,-0.3640044069492187,-0.0009957528289594,0.5875654070576933,389.3536515533924,0.388,6.092557084587408,2.0078,-0.0312399902581588,-0.0644,-1.2362,0.0,0.0,3.244,0.348973371915242,0.9831886944404784,0.005410505312061,0.3476569427853577,0.6638999999999999,2.129763315772988,1.9142,0.0306233317096931,-0.0771,-0.6194,0.0,0.0,2.5336,0.5316669661345476,1.4578626514892203,-0.0012692830747273,0.5309136188849833,2053.0,5.270272904371637,0.5748000000000001,1.6657245303940558,3.3647,1.1011137847053092,1.0489,0.1688,0.0,0.0,3.1959,1.1962136994529402,0.9300332530655512,0.0052905629413816,0.467527664962001
sub-cp033,ses-20211215,run-009,level-04B,4,sub-cp033_ses-20211215_level-04B_run-009,3,4.0,1,1156.0749,583.423,606.5478,2346.0457,0.9964,0.4804318002066621,2.4059,0.3938933862433862,0.32045,-3.0,0.0,0.0,5.4059,0.8003691724686147,0.2826598712009346,-0.0022492556175266,0.6969187860960702,368.210706487298,0.5735250000000001,-0.3327579106958427,1.0571,0.0170155026455026,0.0703999999999999,-0.7718,0.0,0.0,1.8289,0.3716721384108573,0.2260827479209559,0.0013869775946279,0.3713807030587779,0.335725,1.1591456500821715,1.0916,-0.0894221164021164,-0.1252,-0.7033,0.0,0.0,1.7949,0.4113539518127396,1.2508465729409564,0.0009622207984661,0.4016230860759977,1890.0,5.130214756710677,0.731025,0.1585831510376687,3.363,1.2412948148148149,1.1825,0.2268,0.0,0.0,3.1362,1.3541043684463552,0.6449731891203901,0.001396483021652,0.5412400747370999
sub-cp035,ses-20220125,run-001,level-01B,1,sub-cp035_ses-20220125_level-01B_run-001,0,1.0,5,1478.9414,405.8667,599.9206,2484.7286,0.4311999999999999,1.173714159983371,0.2677,-0.6808254571026723,-0.6727,-1.9941,0.0,0.0,2.2618,0.7663232905748393,-0.2220397746296796,-0.0015018966086086,0.3518325119261363,403.6895725876093,0.303,-0.7788154349660203,0.5529,0.1178961556493202,0.1103,-0.2572,0.0,0.0,0.8100999999999999,0.2390171649743331,0.2088612172253301,8.694799762850588e-05,0.2079662910930342,0.4826999999999999,-0.973970629104548,0.6217,-0.0273091889357712,-0.1079,-0.4074,0.0,0.0,1.0291,0.3213379145330592,0.6068326961081909,-0.0009660888625389,0.3202504429213506,2133.0,5.281285781879616,0.5066,-0.4836445080362708,2.1352,1.1648924988279417,1.0643,0.3705,0.0,0.0,1.7647000000000002,1.223327920771587,0.5265990261690775,0.002381037473519,0.3736604421304514
sub-cp035,ses-20220125,run-007,level-01B,1,sub-cp035_ses-20220125_level-01B_run-007,0,1.0,5,707.0128,177.4673,109.7015,994.1816,0.2521,18.929972590045697,0.0572,-0.3614629820051414,-0.3619,-2.812,0.0,0.0,2.8692,0.4334250708201179,-2.329565008314075,-0.0001666724534444,0.2392304944023826,365.9872926771641,0.1313,-0.5026165902296365,0.2352,0.0345760411311054,0.0421,-0.1904,0.0,0.0,0.4256,0.1119309238877489,-0.3057019850497409,0.0001866185011517,0.1064840779156472,0.0968,-0.6629402530431925,0.1494,0.0027973778920308,-0.0089,-0.1526,0.0,0.0,0.302,0.0670851565267688,-0.1706065111204712,-0.0001371632321788,0.0670440445358875,1945.0,5.311659827803897,0.2815,14.364455337211488,2.9529,0.5111484832904885,0.5098,0.0215,0.0,0.0,2.9314,0.5710294832631535,1.874660479015076,0.0001172171844715,0.2546276361585526
sub-cp035,ses-20220125,run-012,level-01B,1,sub-cp035_ses-20220125_level-01B_run-012,0,1.0,5,784.315,234.3564,262.6632,1281.3346,0.3262,6.940807532293665,0.2722,-0.3824563835330901,-0.3851,-2.6977,0.0,0.0,2.9699,0.4796429058191704,-0.933276403168726,0.0008452262512116,0.2895308533225859,365.582587569952,0.1763499999999999,-0.0573662759257187,0.386,0.0601998957790516,0.0576,-0.3777,0.0,0.0,0.7637,0.1574103359089359,0.1575301286548583,-0.0006753603929584,0.1454820112218156,0.2157,-0.497826364192516,0.3998,0.0433592496091714,-0.0008,-0.2592,0.0,0.0,0.659,0.1759915367002033,0.3663688930249631,-1.148851215239116e-05,0.1706111510604532,1919.0,5.2464205495919645,0.40145,5.827076735537073,2.8388,0.6677095362167795,0.6414,0.1225,0.0,0.0,2.7163,0.721954675961575,1.0514791240456378,-0.0001583773461008,0.2746303553183767
sub-cp035,ses-20220125,run-003,level-02B,2,sub-cp035_ses-20220125_level-02B_run-003,1,2.0,5,967.4027,243.7026,340.2514,1551.3567,0.1835,69.56669375027101,-0.1703,-0.4447828045977011,-0.4299,-3.0,0.0,0.0,2.8297,0.4842637155588848,-5.970029144602816,-0.0006067404008906,0.1915632399067602,402.3137401789427,0.1227,11.41649749689317,0.5956,-0.0843152183908046,-0.0975,-0.2615,0.0,0.0,0.8571,0.1357984399890082,2.456553349887105,0.0013499414654802,0.1064771000561685,0.26165,-0.6434885718767269,0.5583,0.1197744827586207,0.0735,-0.114,0.0,0.0,0.6723,0.2175588178892763,0.7291236055186578,0.0009614387016162,0.1816620087803926,2175.0,5.403742857584332,0.3959000000000001,10.035098051255108,3.1872,0.7132672643678161,0.6779,0.2727,0.0,0.0,2.9145,0.7716400410679258,1.8636875829335853,0.0024011111317509,0.2944792571990866
sub-cp035,ses-20220125,run-008,level-02B,2,sub-cp035_ses-20220125_level-02B_run-008,1,2.0,5,1043.8083,258.8517,267.3527,1570.0127,0.3498249999999999,7.469304431153477,0.4414,-0.4678360853432282,-0.47415,-2.6071,0.0,0.0,3.0485,0.5361877883958761,-0.2691289087469964,-0.0012792773644524,0.2620278363673419,401.6329955309629,0.189625,0.0781515232370311,0.2954,-0.0556710575139146,-0.06545,-0.4656,0.0,0.0,0.761,0.1492372713920411,-0.0689041769885408,5.477637605674233e-06,0.1384969071060905,0.14675,0.2202497712911739,0.2642,-0.0792885899814471,-0.0716,-0.3863,0.0,0.0,0.6505,0.1501982064622936,0.2730635224675821,0.0004419457613668,0.1275945606840463,2156.0,5.365595018285457,0.4407749999999999,3.801555524224258,2.7946,0.7282076066790353,0.6511,0.1629,0.0,0.0,2.6317,0.7783726067714426,0.921296985357246,0.0017157454882136,0.2749775760992609
sub-cp035,ses-20220125,run-010,level-02B,2,sub-cp035_ses-20220125_level-02B_run-010,1,2.0,5,721.0895,107.7378,284.6913,1113.5186,0.0647749999999999,92.93868837408908,-0.2095,-0.3562696640316205,-0.322,-2.4395,0.0,0.0,2.23,0.3813418045885836,-7.514258090574511,-0.0002352473546312,0.1360244097147491,397.02890664339066,0.0445249999999999,1.3807174607018986,0.1785,0.0264380434782608,0.0296,-0.1544,0.0,0.0,0.3329,0.0676501854316217,-0.6253779555833716,0.0001176236773156,0.0622855857491662,0.1866,1.2474705943840307,0.6043,0.0744334980237154,0.0611499999999999,-0.2821,0.0,0.0,0.8864,0.1925438907409427,0.7587950100955083,0.0004354846639801,0.1776186684543791,2024.0,5.095346878148216,0.198625,18.23104921700971,2.626,0.5501571146245059,0.4978,0.2702,0.0,0.0,2.3558,0.5862912642379546,2.839732203847828,0.0005531083412957,0.2026940912082813
sub-cp035,ses-20220125,run-002,level-03B,3,sub-cp035_ses-20220125_level-03B_run-002,2,3.0,5,1047.179,343.2769,400.8061,1791.2619,0.3566,9.779096824264135,0.1499,-0.4721863945578231,-0.5053,-2.9191,0.0,0.0,3.069,0.5398374376793271,-1.1449848118352508,-0.0025146244833269,0.2617165100788232,411.39343343675137,0.2075,-0.657554429713529,0.1311,-0.1331163718820861,-0.1132,-0.4702,0.0,0.0,0.6013,0.1969359582588431,-0.3581821797251586,0.000287073128546,0.1451666637757004,0.2192,-0.5697339731883817,0.1816,-0.1559284807256235,-0.1697,-0.4151,0.0,0.0,0.5967,0.2130381164089748,0.3413516643900957,-0.0002542578259603,0.1451933487978106,2205.0,5.357401992511017,0.4686999999999999,4.431796681582321,3.187,0.8123666666666667,0.8577,0.1871,0.0,0.0,2.9999,0.8645225375002118,0.5088985810220298,0.0020729548181548,0.2958028041727171
sub-cp035,ses-20220125,run-005,level-03B,3,sub-cp035_ses-20220125_level-03B_run-005,2,3.0,5,754.6626,425.6342,556.5952,1736.892,0.2915999999999999,2.602269638503234,0.9208,-0.2902089976689976,-0.3085,-1.8642,0.0,0.0,2.785,0.418554824001156,0.2229680184890628,-0.001118997337255,0.3016774883015338,403.9330434054136,0.4008,-0.8482009319550134,0.5609,0.021928578088578,0.0252,-0.4298,0.0,0.0,0.9907,0.2424415379413093,0.083127557063031,0.0012784297012356,0.2415040943016117,0.3681999999999999,-0.5632515695882176,0.3775,-0.1855038228438228,-0.179,-0.7095,0.0,0.0,1.087,0.3171279996665292,0.0186715573545753,0.000442895185033,0.2572729239389475,2145.0,5.307810378484291,0.5196999999999999,-0.5631014900070368,2.1371,0.8097393006993007,0.8094,0.1406,0.0,0.0,1.9965,0.87483800721189,0.1940282323829555,0.0023570738159304,0.3312324756537051
sub-cp035,ses-20220125,run-011,level-03B,3,sub-cp035_ses-20220125_level-03B_run-011,2,3.0,5,1004.5676,277.5373,693.1904,1975.2953,0.3153,10.3287749162249,0.4998,-0.4233826067003212,-0.4314,-3.0,0.0,0.0,3.4998,0.5252917172138488,-0.8217593278375861,-0.0008991569489922,0.3110031273193,409.04983319342136,0.2181,-0.4231418459042086,0.3749,-0.0137329967875172,-0.0619,-0.333,0.0,0.0,0.7079,0.1498596126892566,0.6517557339862409,0.0007573649341974,0.1492633008280099,0.3592999999999999,-0.8137845216156805,0.1816,-0.2950535566773749,-0.3733,-0.6126,0.0,0.0,0.7942,0.3648883837525138,0.6017987599015717,-2.444689910256352e-06,0.2147279476378343,2179.0,5.324534624538329,0.4717500000000001,5.413073429474251,3.2719,0.9065159247361176,0.8743,0.2974,0.0,0.0,2.9745,0.9598910785788144,1.1498411132414363,0.0011768737227974,0.3156984321081473
sub-cp035,ses-20220125,run-004,level-04B,4,sub-cp035_ses-20220125_level-04B_run-004,3,4.0,5,1081.6758,801.5812,1017.3776,2900.6345,0.52535,0.9628965386926756,0.7565,-0.452286329588015,-0.44825,-2.7441,0.0,0.0,3.5006,0.6084829793596629,-0.1512246619414001,-0.0027987504482258,0.4071439771697292,406.57429844141006,0.1927499999999999,21.837570454599508,3.0,-0.1985063202247191,-0.28835,-1.2935,0.0,0.0,4.2935,0.536259808597862,4.279606319284793,0.0055554421631142,0.4982831142446036,0.86865,-0.7845625841258719,1.6518,0.1868367041198502,-0.1023,-0.5475,0.0,0.0,2.1993,0.582724236147132,0.5686067597388433,0.0043706648620241,0.552089013731563,2136.0,5.251192729556335,0.69815,13.057099929819667,6.0193,1.357974859550562,1.1749,0.3902,0.0,0.0,5.6291,1.5589540330725424,3.013403268946984,0.0098250184906256,0.7658436814774909
sub-cp035,ses-20220125,run-006,level-04B,4,sub-cp035_ses-20220125_level-04B_run-006,3,4.0,5,1099.9231,519.2964,664.6832,2283.9027,0.439,1.701607136693843,0.723,-0.4932704964539007,-0.5077,-2.6492,0.0,0.0,3.3722,0.6004618517594933,-0.0474518072693885,-0.000515534261198,0.3424822783080191,403.2709669321776,0.3122,28.55432333782302,2.8152,-0.0991369739952718,-0.1516,-0.6633,0.0,0.0,3.4785,0.375643347114891,4.385119509650933,0.0014692354485802,0.3624112095405964,0.54325,0.5819378274085647,1.2318,0.0713569739952718,-0.0726,-0.4442,0.0,0.0,1.676,0.3997227035050668,1.0127599647552743,0.0003798934526961,0.3933949597347055,2115.0,5.242132891643386,0.5459000000000002,6.513757481942765,3.7846,1.0798594799054373,1.0455,0.2524,0.0,0.0,3.5322,1.1695115862623555,1.6338740289339213,-0.00043444734277,0.4491728476710007
sub-cp035,ses-20220125,run-009,level-04B,4,sub-cp035_ses-20220125_level-04B_run-009,3,4.0,5,1033.9367,465.0188,1002.3899,2501.3455,0.6748000000000001,-0.3767882778525635,0.7606,-0.3948926805622879,-0.4138,-1.8686,0.0,0.0,2.6292,0.6107937142179534,0.025440394668658,-0.0016405774812705,0.4660837180492255,395.1047770678997,0.3967,1.680624494565892,1.2243,-0.0855053320407174,-0.0974,-0.6471,0.0,0.0,1.8714,0.2764287267530443,0.673617368436097,-0.0003599045322997,0.2629357167360001,0.99625,-1.292367992130047,1.2883,0.1734232670867668,-0.0378,-0.5688,0.0,0.0,1.8571,0.5740673676900918,0.3831376967825709,0.0026243671557071,0.547378250941586,2063.0,5.218868815766407,0.7878,-0.2983199951710213,3.0487,1.212480222976248,1.1282,0.2501,0.0,0.0,2.7986000000000004,1.3257577624136685,0.5606827620565727,0.0028116592470586,0.5363439134801525
sub-cp036,ses-20211218,run-001,level-01B,1,sub-cp036_ses-20211218_level-01B_run-001,0,1.0,4,1852.0478,726.4109,380.8584,2959.3172,1.8751,-1.4284610240193447,1.6376,-0.034257773512476,-0.2629,-1.7576,0.0,0.0,3.3952,0.9707472586134694,0.1214015338081673,-0.0025824799405283,0.9703754336044872,357.60200321674347,0.5660499999999999,2.6614967023162306,0.9893,-0.0594447696737044,-0.0394,-1.8995,0.0,0.0,2.8888,0.4853661394784429,-1.3175818452031438,0.0016893082101496,0.4818277793017543,0.342675,-0.8780052457483261,0.5072,0.028595537428023,-0.05795,-0.3193,0.0,0.0,0.8265,0.2183880541002744,0.5942636559817857,-0.0004913283438558,0.2165597869399815,2084.0,5.824911441386665,0.532,0.1854441326202804,2.6629,1.4200157389635315,1.4485,0.3531,0.0,0.0,2.3098,1.4985495891597398,0.31270617537041,0.0040315769683375,0.4788697201068568
sub-cp036,ses-20211218,run-007,level-01B,1,sub-cp036_ses-20211218_level-01B_run-007,0,1.0,4,4088.5024,471.1925,398.2871,4957.982,0.05735,15.939903715772676,3.0,2.688003304113284,3.0,-3.0,0.0,0.0,6.0,2.817746697089993,-3.799626429160391,0.006980354757065,0.8454683277617115,278.9399776607752,0.36245,0.0120222705461361,0.9319,0.2924725556304787,0.296,-0.3968,0.0,0.0,1.3287,0.3799042401080259,-0.0186358359194002,0.0013852442494632,0.2425421679227291,0.4445,0.1694797399959049,1.0284,0.0622358057990559,0.0591,-0.642,0.0,0.0,1.6704,0.3538772818843423,0.4162121065341301,-0.0012210512198943,0.3484791552429027,1483.0,5.312970956792331,0.3937500000000002,6.19912039363221,4.2965,3.343212137559002,3.5437,0.0625,0.0,0.0,4.234,3.426442972759038,-2.4275978002859624,0.0057248875309727,0.7508823080309249
sub-cp036,ses-20211218,run-012,level-01B,1,sub-cp036_ses-20211218_level-01B_run-012,0,1.0,4,4349.6222,478.4132,500.0696,5328.105,0.0,8.260191466368633,3.0,2.6767374055415614,3.0,-2.0321,0.0,0.0,5.0321,2.821573620480857,-2.991912239473123,0.0060135412458978,0.8926681109354715,275.2288430929184,0.366025,-0.3297032045950496,0.9033,0.2449033375314861,0.26575,-0.4383,0.0,0.0,1.3416,0.3587748017300312,-0.0552224844384682,-0.0010921820424849,0.2622690014696571,0.182125,2.183087981858149,0.2981,-0.2938744332493703,-0.2733,-1.1486,0.0,0.0,1.4467,0.3995382505025139,-1.1152055796256115,-0.0002666871653971,0.2707670569077484,1588.0,5.766110783179153,0.3922250000000002,3.3465963320726058,4.8338,3.3552297858942066,3.5036,0.053,0.0,0.0,4.7808,3.4710907899276644,-1.8056938326887744,0.0044090582453609,0.889608183529327
sub-cp036,ses-20211218,run-003,level-02B,2,sub-cp036_ses-20211218_level-02B_run-003,1,2.0,4,2868.9272,818.5331,766.7359,4454.1962,0.7101500000000001,9.546369842251211,2.5363,1.460571616640337,1.5336,-3.0,0.0,0.0,5.536300000000001,1.5947175945596463,-2.033305666707883,0.0009881295496661,0.6403676283194208,338.01235891878605,0.6299,3.03084725494586,2.3031,-0.164383570300158,-0.0804,-2.4251,0.0,0.0,4.7282,0.6324439410058476,-0.2658032581757887,0.0004993900239031,0.6108681393655984,0.4476,4.920334453194373,0.4971,-0.3637687730384413,-0.335,-2.139,0.0,0.0,2.6361,0.5494060589915817,-1.6036110921187956,-0.006285864832861,0.4118356615412176,1899.0,5.6151792972044285,1.1245999999999996,0.1363618025096977,4.9867,2.3455478672985786,2.2471,0.1985,0.0,0.0,4.7882,2.507609992984189,0.4563327167551217,0.0054066070419605,0.8870893244639484
sub-cp036,ses-20211218,run-008,level-02B,2,sub-cp036_ses-20211218_level-02B_run-008,1,2.0,4,4634.254,755.301,473.5166,5863.0716,0.0,10.08009191427842,3.0,2.705279109792285,3.0,-2.3522,0.0,0.0,5.3522,2.8294590278777974,-3.2078691636663703,0.0056390274323718,0.8292837065378384,310.9933443367481,0.6008,6.455023751575531,3.0,0.337153412462908,0.1301,-0.4695,0.0,0.0,3.4695,0.7937639466771658,2.5043650965323097,0.0099809209956562,0.7188152917665853,0.4317,-0.2492683578600232,0.8047,0.0400946587537092,0.0529,-0.7258,0.0,0.0,1.5305,0.3642071402904887,-0.0817103185459602,0.0011865205693934,0.3621009164101091,1685.0,5.414906880375357,0.4972000000000003,3.432222537148057,6.0348,3.479566587537092,3.5293,0.2665,0.0,0.0,5.7683,3.609025611042026,-1.1867916630186714,0.0147903486803221,0.9582417054120638
sub-cp036,ses-20211218,run-010,level-02B,2,sub-cp036_ses-20211218_level-02B_run-010,1,2.0,4,4652.4988,569.0766,421.1915,5642.7669,0.1076000000000001,11.323357521063365,3.0,2.668762609713283,3.0,-2.9196,0.0,0.0,5.9196,2.7974643644470403,-3.2456137352808336,0.0043716514531552,0.8390023219315512,305.49096018075943,0.4293,1.0243835629187386,1.4915,0.2222046225863078,0.1537,-0.5649,0.0,0.0,2.0564,0.466830606432782,0.8478777458676264,0.0023437682070079,0.4106757929802748,0.3813999999999999,-0.0466429705583419,0.5585,-0.0867354008191925,-0.0915,-0.8763,0.0,0.0,1.4348,0.3134272826131274,-0.3698172783360697,-0.0008831685226965,0.3012751943930779,1709.0,5.591000136270396,0.3775999999999997,6.217125114120893,4.4617,3.3017950848449384,3.4352,0.0511,0.0,0.0,4.4106000000000005,3.387999060182333,-2.383160123438336,0.0049798527560352,0.7596212794286629
sub-cp036,ses-20211218,run-002,level-03B,3,sub-cp036_ses-20211218_level-03B_run-002,2,3.0,4,2907.5752,767.975,929.6088,4605.159,0.6172250000000001,7.473978203536685,2.4548,1.38438629112662,1.55165,-3.0,0.0,0.0,5.4548000000000005,1.538811925797325,-2.1209761966647123,-0.0001556866419579,0.6720430681310132,346.20825089514256,0.45135,4.300366991500752,2.5913,0.1091845463609172,0.1059,-1.5723,0.0,0.0,4.1636,0.5613638446691191,0.32413383900155,-0.0003102179099496,0.5507806522774387,0.45935,-0.7580923347383663,0.1816,-0.4487096211365903,-0.432,-1.0528,0.0,0.0,1.2344,0.5442101609737536,-0.0856800483986593,-0.0007365509035116,0.3080124496822456,2006.0,5.791312006042462,0.6312500000000005,1.0269858931943707,4.0899,2.295694017946162,2.45595,0.0538,0.0,0.0,4.0361,2.4149666396119605,-0.8147460187261786,0.0001533758940253,0.7497553416038122
sub-cp036,ses-20211218,run-005,level-03B,3,sub-cp036_ses-20211218_level-03B_run-005,2,3.0,4,4154.0316,976.4453,760.0748,5890.5517,1.3471,1.3728860101260727,3.0,2.2605516416249305,3.0,-3.0,0.0,0.0,6.0,2.4978796360957456,-1.4236121380540177,0.0167845822452649,1.0629852977085692,318.0657058954239,0.6008,0.3202139310318777,1.5563,-0.2502404006677796,-0.1876,-3.0,0.0,0.0,4.5563,0.7148515741899641,0.203822877396139,0.0070035843497456,0.6698075669564938,0.6376,0.7493556676406143,0.8162,-0.1556456872565386,-0.1051,-1.7223,0.0,0.0,2.5385,0.5673799880653034,-0.6349046603759199,-0.000706143403193,0.5457657235986564,1797.0,5.64663202197128,1.5211000000000006,-0.2965064267434476,6.2752,3.277994769059544,3.6284,0.3056,0.0,0.0,5.9696,3.564629592383469,-0.4894898262852896,-0.0083768855007462,1.4008663326469335
sub-cp036,ses-20211218,run-011,level-03B,3,sub-cp036_ses-20211218_level-03B_run-011,2,3.0,4,4706.4783,460.6797,481.1335,5648.2914,0.2012,6.4159758259414055,3.0,2.629250819672131,3.0,-1.4543,0.0,0.0,4.4543,2.7529444429223133,-2.591432399478995,0.0020292556777436,0.8161616167602391,303.4117419272661,0.3464,2.112055982637152,1.2621,0.0732607687959299,0.0988,-1.1496,0.0,0.0,2.4117,0.3534121281417682,0.1347851713278562,0.0018034898600963,0.3458331985676553,0.3525999999999999,0.6521870515253747,0.6003,-0.1200861503674392,-0.0748,-1.154,0.0,0.0,1.7542999999999995,0.3779943986263253,-0.7387840862991208,-0.0008882319395028,0.3585132350897938,1769.0,5.827065191247032,0.5134999999999996,4.628199922791885,4.4739,3.192928999434709,3.2961,0.2256,0.0,0.0,4.2483,3.278210178524939,-2.015207130553125,0.0027065531306855,0.743087155568274
sub-cp036,ses-20211218,run-004,level-04B,4,sub-cp036_ses-20211218_level-04B_run-004,3,4.0,4,3549.8405,966.5531,961.1907,5477.5843,0.7586000000000002,6.302030427448489,3.0,1.903858229223248,2.0042,-2.6453,0.0,0.0,5.645300000000001,2.0084511388460493,-1.6823656760509345,-0.0020458531318493,0.6398610875475355,330.18010407686234,0.8059000000000001,5.779756541748158,3.0,-0.2363900054318305,-0.2542,-2.9091,0.0,0.0,5.9091000000000005,0.7327717043680341,0.2664092353262407,0.0076973141888899,0.6937835320827273,0.6840999999999999,-0.3996989033774532,1.6788,0.0088721890277023,-0.1051,-0.9558,0.0,0.0,2.6346,0.6507780354992949,0.5937574842253728,-0.0021267180890964,0.6508943559158321,1841.0,5.572716154852468,0.8070999999999997,1.3641173805712707,5.9906,2.9753315046170563,3.0158,0.4255,0.0,0.0,5.565099999999999,3.070230198423972,0.0328438135803346,0.0090574809416857,0.7576461648237501
sub-cp036,ses-20211218,run-006,level-04B,4,sub-cp036_ses-20211218_level-04B_run-006,3,4.0,4,3463.8867,855.8141,889.2113,5208.9121,0.7456,1.2498607360044822,3.0,2.0127170249854736,2.1062,0.233,0.0,0.0,2.767,2.106323406870103,-1.0430282849418595,-0.0042743135565604,0.6211220808976171,337.0599702000618,0.8152,4.535852763728174,1.5361,0.0012295758280069,0.0519,-3.0,0.0,0.0,4.5361,0.6910142702933009,-1.4177038393473538,0.0041924290183769,0.6912140230868954,0.8263999999999999,-0.6977006981882656,0.9793,-0.2103275421266705,-0.2386,-1.2423,0.0,0.0,2.2216,0.6142378020069215,0.2905627693050104,-0.0009743073311407,0.5772729305901612,1721.0,5.1029494810051,0.9932000000000004,1.33959676426515,5.8427,3.0266744915746657,3.0871,0.5895,0.0,0.0,5.2532,3.1609796429673387,-0.3143855373036791,-0.002618525123218,0.9118755312573744
sub-cp036,ses-20211218,run-009,level-04B,4,sub-cp036_ses-20211218_level-04B_run-009,3,4.0,4,4523.6061,838.7675,659.8308,6022.2044,0.1003249999999997,12.357968530615713,3.0,2.711396074879227,3.0,-2.6886,0.0,0.0,5.6886,2.8050450130131943,-3.3004728951336326,-9.718539744919728e-05,0.7189721834134812,294.28289383649826,0.7108,4.928020056307145,2.0576,-0.0899588164251207,-0.0356999999999999,-3.0,0.0,0.0,5.0576,0.7807555410957331,-1.5077996416719763,0.0030820683736511,0.7757899601870712,0.745425,-0.2752636083080562,1.1978,-0.0544502415458937,-0.036,-0.9936,0.0,0.0,2.1914,0.4898914106730263,0.2284418793977693,0.0034351300098389,0.4870030649232658,1656.0,5.6238403069378124,0.5267500000000003,6.382221360630172,6.3876,3.636597282608696,3.68465,0.4717,0.0,0.0,5.9159,3.7080264586875984,-0.6794734412280952,0.0039971742314507,0.7245256473322101
sub-cp037,ses-20210113,run-001,level-01B,1,sub-cp037_ses-20210113_level-01B_run-001,0,1.0,3,807.877,514.9017,291.4607,1614.2395,0.281625,10.900373696938848,0.2926,-0.3521427366447985,-0.38945,-2.5229,0.0,0.0,2.8155,0.4302535264029721,-0.9161720946937578,0.0005893147896512,0.2472695724965267,365.00017270445824,0.233425,-0.6591180416907325,0.0793,-0.2358883786316776,-0.21755,-0.5461,0.0,0.0,0.6254000000000001,0.2823700687176163,-0.1350596949972185,-0.0006098627251342,0.1552443952780761,0.165,-0.1251945283850419,0.066,-0.133680084348641,-0.12315,-0.4188,0.0,0.0,0.4848,0.1728139348212872,-0.6417183470836009,0.0001997259328943,0.1095441204243423,2134.0,5.843832851353461,0.224725,10.119666086744012,2.6624,0.7564395032802249,0.76645,0.3309,0.0,0.0,2.3315,0.7858066188006374,1.3328800627517552,0.0001753423827879,0.212867455596373
sub-cp037,ses-20210113,run-007,level-01B,1,sub-cp037_ses-20210113_level-01B_run-007,0,1.0,3,994.2195,160.0999,250.3807,1404.7001,0.7413,-0.8372157704742422,0.0872,-0.4680419782300047,-0.2511,-2.1881,0.0,0.0,2.2753,0.6025744867502667,-0.6337319326731716,0.0005675125362234,0.3796062644463078,369.3310484290123,0.1004999999999999,-0.7934448087185242,0.0893,-0.0564969711310932,-0.0524,-0.2116,0.0,0.0,0.3009,0.0918102839011226,-0.0687005731960175,0.0001789722263567,0.0723857736545243,0.1467,-0.7643265910232024,0.1193,-0.086070468528159,-0.1133,-0.2665,0.0,0.0,0.3858,0.1346959538583181,0.4879395504367684,0.0001998207307885,0.1036337649298714,2113.0,5.718446929884746,0.7726,-0.9703603605505662,2.3284,0.664788878371983,0.4355,0.2338,0.0,0.0,2.0946,0.7732647543114153,0.7125354900201633,-0.0005910686386334,0.3950544118333777
sub-cp037,ses-20210113,run-012,level-01B,1,sub-cp037_ses-20210113_level-01B_run-012,0,1.0,3,708.8288,190.6885,200.7769,1100.2942,0.802625,-1.1246372405719465,0.3264,-0.2226071205821206,0.038,-1.7449,0.0,0.0,2.0713,0.501422833512571,-0.647849485299405,0.0013844079636666,0.4494172948557605,361.0929820686579,0.1524249999999999,-0.6634885486841755,0.0958,-0.0713227130977131,-0.0622,-0.3246,0.0,0.0,0.4204,0.1255704306806764,-0.3865604642358258,-0.0003162620313077,0.1033758095580762,0.14565,-0.5959080682256559,0.2154,-0.0433753118503118,-0.043,-0.2341,0.0,0.0,0.4495,0.1254339335219707,0.5333724001607533,-6.480325335027073e-05,0.1177261970034755,1924.0,5.3254981278876325,0.45615,-0.0986960715116929,1.8861,0.5718777027027027,0.4294,0.0674,0.0,0.0,1.8187,0.6836875302715829,0.977814618902997,-0.0004932247616103,0.374776646920796
sub-cp037,ses-20210113,run-003,level-02B,2,sub-cp037_ses-20210113_level-02B_run-003,1,2.0,3,2013.9247,623.7255,289.6074,2927.2576,0.4747999999999999,-0.0540003790284391,-0.2095,-0.8429998744244455,-0.7752,-2.4075,0.0,0.0,2.1980000000000004,0.8890904534006485,-0.5026231226500429,-0.0009772404126744,0.2826065763076755,416.88820347189903,0.2465,-0.398549078236647,0.2366,-0.2455999581414817,-0.2622,-0.5325,0.0,0.0,0.7691,0.2980394552851275,0.3394002342408818,0.0001604746774863,0.1688789968152489,0.2065,-0.4452403522426853,0.2719,-0.0287703223105901,-0.0291,-0.3633,0.0,0.0,0.6352,0.1499118790270465,0.038590401802443,-0.0001038647763102,0.1471560547503455,2389.0,5.728154407134638,0.6059,-0.96182525189169,2.5935,1.2253079531184596,1.2248,0.4,0.0,0.0,2.1935,1.2654415073277698,0.056234641829967,0.0007129009588778,0.3162348634951881
sub-cp037,ses-20210113,run-008,level-02B,2,sub-cp037_ses-20210113_level-02B_run-008,1,2.0,3,2330.135,1584.4022,241.3563,4155.8934,0.4684250000000001,2.4794404175226266,0.233,-0.8272557733428368,-0.54965,-3.0,0.0,0.0,3.233,1.1762877704936108,-1.95922246250735,0.0008571281846313,0.8363911223724296,516.2588372826576,0.264375,2.029074436669733,3.0,-0.547836279401283,-0.1502,-3.0,0.0,0.0,6.0,1.151704914618488,-1.8570899409179824,-0.0002465817353753,1.0132450362800112,0.15245,-0.5828017338642848,0.207,-0.0047250178189593,-0.0137,-0.2592,0.0,0.0,0.4661999999999999,0.1075711414055505,0.0522571026048546,-0.0004100656196304,0.1074864737562464,2806.0,5.433321034782074,0.456875,2.5609472650454794,6.0195,1.4810697434069846,0.80365,0.3731,0.0,0.0,5.6464,2.2856554936211,2.08439101916501,0.0003670639344353,1.741187496379316
sub-cp037,ses-20210113,run-010,level-02B,2,sub-cp037_ses-20210113_level-02B_run-010,1,2.0,3,647.9721,362.5427,173.6112,1184.1261,0.5779,-0.2392784687581381,0.5534,-0.1992428504890545,-0.1159,-1.8218,0.0,0.0,2.3752,0.3929262102689873,-0.2879655746156034,9.995573849159954e-05,0.3387428794764128,392.1735819429159,0.27705,2.759548424719904,0.8068,-0.0470552398695854,-0.0428,-0.4048,0.0,0.0,1.2116,0.2247048424340715,1.20780316883875,0.0012525066006906,0.2197739006005015,0.1365,0.3744956320924664,0.2054,-0.0024121564974382,-0.0133,-0.3405,0.0,0.0,0.5459,0.0990396309106489,-0.4334330630302473,-8.593133640731901e-05,0.0990333178252448,2147.0,5.472066704157466,0.4131,1.1097380135440131,2.0095,0.5515254308337215,0.5082,0.1635,0.0,0.0,1.846,0.6046073860120362,0.7011878217808402,0.0005362421378771,0.2477869804021034
sub-cp037,ses-20210113,run-002,level-03B,3,sub-cp037_ses-20210113_level-03B_run-002,2,3.0,3,2847.5439,457.4967,581.3052,3886.3457,0.27915,1.16162489121122,0.0234,-1.1053809782608697,-1.14195,-2.2849,0.0,0.0,2.3083,1.1403444627543349,0.6144729366719974,-0.0029011925541589,0.2802657296403691,441.19787849485874,0.1815999999999999,6.672130623340284,1.0195,-0.1118012422360248,-0.14385,-0.3991,0.0,0.0,1.4186,0.2143427492626953,1.8794082209123888,0.0025319704705085,0.1829105904093394,0.231925,-0.4527197936770188,0.2578,-0.1828439052795031,-0.1951,-0.4807,0.0,0.0,0.7384999999999999,0.2611420012959204,0.4374372818513455,6.505017680028217e-05,0.18648525795538,2576.0,5.836383458561908,0.4689499999999997,-0.1404864751415688,2.5541,1.508674340062112,1.5202,0.3056,0.0,0.0,2.2485,1.5455993884424164,-0.0642659083753768,0.0050557813369585,0.3358913558597658
sub-cp037,ses-20210113,run-005,level-03B,3,sub-cp037_ses-20210113_level-03B_run-005,2,3.0,3,989.5046,401.9276,408.0847,1799.5169,0.2553999999999999,9.289387765795338,0.2899,-0.4023417532197756,-0.4083,-2.4235,0.0,0.0,2.7134,0.4675189736990271,-1.092560643563078,-0.0009280509192553,0.2381568147978636,408.81377533078194,0.0967499999999999,0.7138888393787877,0.1682,-0.1562075612796011,-0.1651,-0.4116,0.0,0.0,0.5798,0.1848002873336171,0.6322721989195579,0.0001589965992398,0.0987643483738911,0.25975,-0.6294419867975374,0.35,-0.0703850851682592,-0.0439,-0.4843,0.0,0.0,0.8343,0.2162016674532263,-0.1443274343571684,-0.0002573298806158,0.2044663040674058,2407.0,5.88532027340136,0.27735,8.622455399605876,2.6919,0.747617989198172,0.7457,0.1767,0.0,0.0,2.5152,0.7825270266838406,1.4201427319512734,0.0005117244393996,0.2311668030575654
sub-cp037,ses-20210113,run-011,level-03B,3,sub-cp037_ses-20210113_level-03B_run-011,2,3.0,3,1122.1936,330.5257,429.78,1882.4992,0.56565,1.108018559809261,0.9795,-0.44703181195801,-0.4426,-2.5952,0.0,0.0,3.5747,0.6215372536883861,0.020626443372637,-0.0003100411063583,0.4319215940986564,408.9780271053314,0.22345,-0.7701565209638392,0.2172,-0.1078909630305796,-0.113,-0.4618,0.0,0.0,0.679,0.1836878191191322,0.0371330990050111,-0.0008905123890829,0.1486971642568274,0.274,-0.7413966446611933,0.2881,-0.143926517571885,-0.1368,-0.482,0.0,0.0,0.7701,0.2390551133725768,0.0987035094712549,-0.0003310691309221,0.1909165802546546,2191.0,5.354810906347225,0.63685,0.0145772586718537,2.8678,0.859196531264263,0.763,0.2084,0.0,0.0,2.6594,0.9506087584482488,0.6539202849345891,0.0008694843645192,0.4068339648056308
sub-cp037,ses-20210113,run-004,level-04B,4,sub-cp037_ses-20210113_level-04B_run-004,3,4.0,3,3100.4703,866.9654,611.0981,4578.5338,1.355,-1.2264565827655154,0.4544,-1.244582254782255,-1.3258,-2.706,0.0,0.0,3.1604,1.4685381084142406,0.1442677771941499,-0.006640677623195,0.7796579948253444,430.3175311535597,0.3443,0.010196304809884,0.5241,-0.33443256003256,-0.2941,-0.9959,0.0,0.0,1.52,0.424427479137255,-0.2005148130417854,-0.0002228586870326,0.2613835393746611,0.4165999999999999,-0.6089842717356975,0.4325,-0.123568376068376,-0.055,-0.8345,0.0,0.0,1.267,0.3178393014185809,-0.4294708075046223,0.0001863740010429,0.2928951920868032,2457.0,5.707413298770696,1.5822,-1.454541489982463,3.3053,1.863466056166056,1.854,0.3601,0.0,0.0,2.9452,2.041072663429518,0.0265442460818629,0.0055942410562421,0.8329191036177831
sub-cp037,ses-20210113,run-006,level-04B,4,sub-cp037_ses-20210113_level-04B_run-006,3,4.0,3,3582.3456,896.1471,724.5584,5203.0511,1.0239999999999998,-0.464934570198638,0.4354,-1.4976032759344815,-1.4408,-3.0,0.0,0.0,3.4354,1.6512148580135335,0.1131632373925432,-0.0033775893184469,0.695627895071085,443.7780495733023,0.3049999999999999,2.3338878293392966,0.5923,-0.3589672406551869,-0.3379,-1.355,0.0,0.0,1.9473,0.4332649148046401,-0.3023719616051182,-0.0024340996609422,0.242663837545739,0.3954,3.2208176317435218,1.6863,-0.0405944561108777,-0.0838,-0.7318,0.0,0.0,2.4181,0.417794721824257,1.4933429248821155,0.0006458183325551,0.415905240018847,2381.0,5.363041282209423,1.2553,-0.6824203960134634,4.2905,2.185235867282654,2.0128,0.4559,0.0,0.0,3.8346,2.329699789621101,0.2988589024450083,0.0048431868184255,0.8077867087016314
sub-cp037,ses-20210113,run-009,level-04B,4,sub-cp037_ses-20210113_level-04B_run-009,3,4.0,3,1682.4147,574.1903,510.802,2767.407,0.8320249999999998,-0.5594429080368086,0.7389,-0.6965381147540983,-0.67595,-1.9973,0.0,0.0,2.7362,0.9057366219681728,0.092158582207521,-0.0014381237377719,0.5790908312227753,411.7865413427353,0.3385,1.5861108062258549,0.2088,-0.2298843351548269,-0.24935,-1.2882,0.0,0.0,1.497,0.3199859345013285,-0.4904782320903826,-0.0007018199260656,0.2226359407517342,0.406475,0.6360614614618791,0.9506,-0.0689969034608379,-0.10875,-0.479,0.0,0.0,1.4296,0.2799447830020318,0.8033619442072565,0.0024199431014686,0.2713706754073566,2196.0,5.330431618388113,0.783175,-0.885394327896738,2.4314,1.2602024134790526,1.2032500000000002,0.1523,0.0,0.0,2.2791,1.350412697009692,0.2223701637543158,0.0028201504503116,0.4853984142668373
sub-cp038,ses-20220112,run-001,level-01B,1,sub-cp038_ses-20220112_level-01B_run-001,0,1.0,2,513.5466,3037.2944,562.4939,4113.3349,0.238775,0.8933183953683752,0.7063,-0.1572674152153987,-0.12275,-0.7436,0.0,0.0,1.4499,0.3062386893326505,0.2811531711515458,0.0006766305532692,0.262832179022598,414.9975176900625,2.764675,-1.6297340962760465,3.0,1.3728463336388634,0.8936,-0.7033,0.0,0.0,3.7033,1.854654407621388,0.294174792781769,-0.0013795263238841,1.247296639974081,0.267425,19.837618195844893,0.1449,-0.2491256645279559,-0.22215,-2.2712,0.0,0.0,2.4161,0.3413450391690977,-3.141156381694745,-0.0054530446654143,0.2334048113314634,2182.0,5.255453122080749,2.2667,-1.5565993838533927,4.088,1.885122914757104,1.53455,0.262,0.0,0.0,3.826,2.18188917913315,0.2331910895333692,0.0061559404360292,1.09886549683105
sub-cp038,ses-20220112,run-007,level-01B,1,sub-cp038_ses-20220112_level-01B_run-007,0,1.0,2,2989.8552,3995.5401,151.0251,7136.4204,1.1770000000000005,0.951411452323482,2.8837,1.8027797280593325,1.74815,-2.1259,0.0,0.0,5.009600000000001,1.997757158611548,-0.9890645665565054,0.0071083894036757,0.8610906947647496,306.1734348535538,0.7044000000000001,1.5577669777115055,3.0,2.4542851668726824,3.0,-0.2321,0.0,0.0,3.2321,2.6253665523179173,-1.6810359881225347,0.0057774444110282,0.9325080640940848,0.1413,0.2451011385587991,0.3726,0.0743460444993819,0.0519,-0.0625,0.0,0.0,0.4351,0.1320414532290075,1.0087172825856752,0.0005287852621094,0.1091557376062822,1618.0,5.2813203757322364,1.7375500000000006,0.1637871260387768,6.0309,4.410642088998764,4.74365,0.2577,0.0,0.0,5.7732,4.690789601032618,-1.1579571694428994,0.0098427873124963,1.5972852843749388
sub-cp038,ses-20220112,run-012,level-01B,1,sub-cp038_ses-20220112_level-01B_run-012,0,1.0,2,3193.0626,3314.5331,1083.0023,7590.598,0.6789499999999999,5.824629534394326,3.0,1.9037795371498167,2.01315,-2.1957,0.0,0.0,5.1957,2.025287270271913,-1.9357021720792085,0.0094648428248337,0.6911605663946468,307.6120812445879,1.90825,-0.8897822319896598,3.0,1.9918327040194883,2.31865,-0.2154,0.0,0.0,3.2154,2.2693703311242186,-0.6885572647569351,0.0095162062171168,1.0878257507719384,0.8935500000000001,-1.5290228547977969,0.0141,-0.6593950060901339,-0.78135,-1.1605,0.0,0.0,1.1746,0.7848696505352359,0.2911888952716032,-7.769525794728679e-05,0.4258274604591378,1642.0,5.334640932698646,2.053875,-0.1559341993945184,6.4562,4.622775822168088,5.6653,0.2333,0.0,0.0,6.2229,4.932090161187405,-1.1389722846058927,0.015556931251328,1.7196680103566744
sub-cp038,ses-20220112,run-003,level-02B,2,sub-cp038_ses-20220112_level-02B_run-003,1,2.0,2,396.1401,1544.407,1024.3954,2964.9426,0.2835499999999999,2.717671840123428,0.6897,0.101715335753176,0.0799999999999999,-1.2684,0.0,0.0,1.9581,0.238005378795844,-0.2889297147246261,0.0023045054927252,0.2152244592365781,390.19217044115067,1.093025,0.7313617183853829,3.0,0.5283979582577132,0.16685,-0.329,0.0,0.0,3.329,1.1220301573636848,1.3975640021556632,0.0079550545478414,0.9900464660596722,0.8530250000000001,-1.438340272212079,0.9766,0.2672626588021778,0.37365,-0.5568,0.0,0.0,1.5334,0.5408706169488082,-0.1409686832161025,7.944803188888056e-06,0.4703318657486838,2204.0,5.645935943587212,0.832875,1.3985539711300738,3.7793,1.3452566243194193,1.0169,0.2613,0.0,0.0,3.518,1.5970954455583517,1.4596559394283684,0.0086606043278094,0.8610080346700356
sub-cp038,ses-20220112,run-008,level-02B,2,sub-cp038_ses-20220112_level-02B_run-008,1,2.0,2,3564.772,3907.2803,909.678,8381.7303,0.9807,4.281825949340167,2.963,1.2929909750566897,1.6545,-2.6149,0.0,0.0,5.5779,1.743207588882204,-2.055254805585429,0.001092863720533,1.169430309279879,404.8995237797498,1.9163,0.8906016576938187,3.0,1.1014073015873016,1.461,-3.0,0.0,0.0,6.0,2.011972638488708,-1.2235720657186713,-0.0003143989867205,1.68410870271895,0.3757,-0.8405405067250986,0.1151,-0.4042892517006802,-0.4482,-0.7615,0.0,0.0,0.8765999999999999,0.4697114653779307,0.5933890978394332,-0.0005228457618911,0.2391756780688683,2205.0,5.443325740236961,1.6587000000000005,-0.1629232498467807,6.0845,3.801240090702948,4.1412,0.2337,0.0,0.0,5.8508,4.075137599425255,-0.7799868828663863,0.0004680173447254,1.469115055913521
sub-cp038,ses-20220112,run-010,level-02B,2,sub-cp038_ses-20220112_level-02B_run-010,1,2.0,2,3142.2408,4411.0169,663.8228,8217.0804,1.0619499999999995,-0.6846760810277264,3.0,1.757665358744395,1.8598,-0.2132,0.0,0.0,3.2132,1.9522692399708403,-0.3772983064567916,0.0052970389801713,0.8499250492702216,330.1655899733305,0.8276249999999998,1.6944000776388854,3.0,2.464541535874439,3.0,-0.145,0.0,0.0,3.145,2.616562517952349,-1.6739250141717716,0.0061611508339324,0.8791289155065647,0.17935,0.1918126534580939,0.6607,0.264242432735426,0.35695,-0.4582,0.0,0.0,1.1189,0.4000164276265116,-1.0978703900377187,0.0013705244087869,0.3003991709097314,1784.0,5.400320488104239,1.3495499999999998,0.4457176826102955,6.6003,4.605988565022421,5.1832,0.2127,0.0,0.0,6.3876,4.897938908953521,-1.2211686941886972,0.010929667141544,1.6662025921427512
sub-cp038,ses-20220112,run-002,level-03B,3,sub-cp038_ses-20220112_level-03B_run-002,2,3.0,2,878.1868,2003.0612,831.9181,3713.1661,0.4974,2.3060809152477635,1.413,0.3334963366336633,0.297,-1.4466,0.0,0.0,2.8596000000000004,0.5586466239808028,-0.6342248111986312,0.0031253066679777,0.4482920163500297,380.6666437536478,0.48685,2.912509481163294,1.9941,-0.7056715346534653,-0.9315,-1.6035,0.0,0.0,3.5976,1.0615703356349029,1.8528146605103533,-0.0012690893933765,0.7932658967013282,0.643375,-0.2318000368723689,0.5199,-0.3285333168316832,-0.20065,-1.4269,0.0,0.0,1.9468,0.5630465527286389,-0.652307813529116,-0.0005464098402449,0.457373851562379,2020.0,5.30385320891582,1.2281249999999997,-0.8812496742467464,3.7919,1.838198316831684,1.68325,0.3056,0.0,0.0,3.4863,2.0000665532045487,0.3046293540129289,0.0038479862211094,0.788416697220955
sub-cp038,ses-20220112,run-005,level-03B,3,sub-cp038_ses-20220112_level-03B_run-005,2,3.0,2,616.8039,3890.7681,1290.2006,5797.7727,0.349,0.9790707205602542,0.7115,-0.1847966842864007,-0.0984,-1.5642,0.0,0.0,2.2757,0.4363761224396492,-1.1199501952022313,7.855810201246987e-05,0.3954104672235704,403.5229872912169,1.624,-1.2424708790842784,-0.082,-1.8696625660740027,-1.8504,-3.0,0.0,0.0,2.918,2.055858085956213,0.069540137009807,-0.0004706051600053,0.8551407835830694,1.034,-0.8495695517957693,1.1255,-0.3006858721768381,-0.2984,-1.4939,0.0,0.0,2.6194,0.756653357773485,0.0750427474209199,-0.0004582142921799,0.694509967435757,2081.0,5.154601015329254,1.2323,0.0510653456662031,5.2876,2.786051225372417,2.7781,0.289,0.0,0.0,4.998600000000001,2.984857795140813,0.1673290781391083,-2.3542648868090364e-05,1.0713758494426362
sub-cp038,ses-20220112,run-011,level-03B,3,sub-cp038_ses-20220112_level-03B_run-011,2,3.0,2,2983.2636,4195.9138,1397.723,8576.9003,1.09265,-0.2341708379721745,3.0,1.5417093585699264,1.5895,-0.697,0.0,0.0,3.697,1.7413363817770895,-0.4241172057715445,0.0085191990539556,0.8097712059807166,355.2446633577347,1.3592,-0.2419020667853959,3.0,2.17926887486856,2.7702,-0.2386,0.0,0.0,3.2386,2.4459184848416373,-1.1500779685534628,0.0087196243026476,1.110834448351837,0.70255,-0.2398716877466111,0.7077,-0.6504052050473186,-0.6831,-1.753,0.0,0.0,2.4607,0.8589802367666125,0.1943172974318277,-0.001719941389759,0.5612358898352583,1902.0,5.351241541623597,1.6785000000000003,0.2401820704768766,6.6148,4.509412881177708,5.0655,0.3056,0.0,0.0,6.3092,4.818277809807863,-1.1882852959590366,0.0172382603643317,1.6977962291962234
sub-cp038,ses-20220112,run-004,level-04B,4,sub-cp038_ses-20220112_level-04B_run-004,3,4.0,2,2504.9264,4776.353,1699.0921,8980.3714,0.7977750000000001,-0.5308418637005747,2.2378,0.999133360064154,1.0085000000000002,-0.0264,0.0,0.0,2.2642,1.170380040690695,0.1085455503323293,-0.000517011785743,0.6096482547456504,501.72937475144863,2.553225,0.1511161529645348,3.0,-1.2137457097032878,-1.05155,-3.0,0.0,0.0,6.0,2.245846961434827,0.964260238409312,0.0002664783182492,1.8899952901238588,0.982825,-0.180488235413514,1.6083,-0.1358955092221331,0.1816,-2.1352,0.0,0.0,3.7435,0.907239464546419,-0.9708895814794012,0.0006114850264686,0.8971837084156686,2494.0,4.968814116644069,1.6702749999999993,-0.232275985456281,6.225,3.6007931836407376,4.07375,0.3056,0.0,0.0,5.9194,3.935577518047554,-0.8736977562996712,-0.0005658428911814,1.5887324842489596
sub-cp038,ses-20220112,run-006,level-04B,4,sub-cp038_ses-20220112_level-04B_run-006,3,4.0,2,1516.9739,3656.5553,2036.3445,7209.8736,0.7280499999999999,0.2011018614041209,2.2244,0.692072441337993,0.692,-1.4569,0.0,0.0,3.6813,0.891867836055049,-0.0441395153141754,0.0022761780845699,0.5626917867203487,375.40999352931976,2.3199,1.2956407865333812,3.0,-1.339315976035946,-1.1637,-3.0,0.0,0.0,6.0,2.099909332340072,1.1645408435463411,0.0086073894027747,1.6177634375039691,2.12395,-0.9816170095057496,1.4957,-0.6339502246630054,-0.4382,-3.0,0.0,0.0,4.4957,1.2828572715490412,-0.3821661077775576,0.0043176794116787,1.1155497234405247,2003.0,5.332836191116587,1.0600000000000005,-0.0456022247586234,6.0951,3.5995386420369444,3.715,0.4218,0.0,0.0,5.6733,3.753977496839165,-0.4705092496640632,0.0133019900537357,1.0659436562484237
sub-cp038,ses-20220112,run-009,level-04B,4,sub-cp038_ses-20220112_level-04B_run-009,3,4.0,2,3210.3649,2635.7096,1924.4719,7770.5463,1.51815,-0.9350479674632584,3.0,1.868670420070012,2.00475,-0.7406,0.0,0.0,3.7406,2.0643160278648347,-0.3483236788646408,0.0076092343590962,0.8774512632280566,325.5912333726883,2.2157750000000003,-1.228125109875179,3.0,1.3358418319719954,1.4023,-0.8864,0.0,0.0,3.8864,1.827156760170532,-0.2230255932947639,0.0099244072591515,1.2469705783097913,2.33045,-1.40786325066297,1.4944,-0.6423350058343057,-0.2968499999999999,-2.6635,0.0,0.0,4.1579,1.3832827529331908,-0.10802587568184,3.3784693420811026e-05,1.2254603557449024,1714.0,5.2611981663499305,2.879625,-0.9071481578497886,7.2199,4.533573628938156,4.88035,0.413,0.0,0.0,6.8069,4.86602290561618,-0.3737544495554913,0.0160790569996936,1.7682514779012175
sub-cp039,ses-20211219,run-001,level-01B,1,sub-cp039_ses-20211219_level-01B_run-001,0,1.0,1,1716.6615,723.944,745.1755,3185.781,1.76715,1.4317746695181155,3.0,-1.808846408839779,-2.56125,-3.0,0.0,0.0,6.0,2.5022780685282697,1.6044452097004065,0.0283334792931513,1.7302037495687217,120.27467451989652,0.810375,0.1920792822249306,1.0726,-0.075571408839779,0.5035499999999999,-3.0,0.0,0.0,4.0726,1.3065268130921497,-1.3516163727740138,-0.023855396087772,1.305241123046644,1.403225,0.1555521719768426,3.0,-0.386142541436464,-0.0394,-3.0,0.0,0.0,6.0,1.4388654483779613,-0.1426758818635851,-0.0248747295467017,1.38704182199915,724.0,6.0112405449112005,1.4974749999999997,0.563002738212615,9.0,4.40025179558011,4.3505,0.5468,0.0,0.0,8.4532,4.743890912786373,0.576224225087872,0.0702824599920378,1.7738746584088296
sub-cp039,ses-20211219,run-007,level-01B,1,sub-cp039_ses-20211219_level-01B_run-007,0,1.0,1,2809.0698,1964.0838,6090.3937,10863.5473,2.202125,-0.4864828365346123,3.0,0.5262240271493214,0.5202,-3.0,0.0,0.0,6.0,1.56894054871663,-0.1821108150497892,0.005659894331484,1.4783949747372231,417.3222787678242,1.2368,-0.1899887814124139,2.4833,0.6043437556561085,0.76305,-1.7318,0.0,0.0,4.2151,1.0503083958503163,-0.4175093009022824,0.0002448946658245,0.8592149913429679,6.0,-1.8639016926984868,3.0,0.2763928054298642,1.58725,-3.0,0.0,0.0,6.0,2.854442923193461,-0.2067932380483425,-0.0071690397379059,2.8416729777865863,2210.0,5.293271201629208,1.5145749999999998,1.3450009573751665,7.8842,4.915632624434389,4.9828,0.2322,0.0,0.0,7.652,5.099779732483618,-0.6626291240803509,0.0106296745361825,1.3583608240421023
sub-cp039,ses-20211219,run-012,level-01B,1,sub-cp039_ses-20211219_level-01B_run-012,0,1.0,1,5320.0273,7514.3951,7593.024,20427.4464,2.7753,-0.5469717184792757,3.0,1.4974563268257413,1.9054,-3.0,0.0,0.0,6.0,2.2071325338275387,-0.7546403337976428,0.006539342574913,1.62173037403133,521.1227215826511,0.0,6.46311356266024,3.0,2.6775791395516992,3.0,-0.7928,0.0,0.0,3.7928,2.809997676997699,-2.7214300091838086,0.0060077979146481,0.8525958606265052,0.0,10.139724527360704,3.0,2.559845046999277,3.0,-3.0,0.0,0.0,6.0,2.847802896428276,-3.205996807134889,0.0057725366318016,1.2480936846801882,2766.0,5.305851933691717,2.4977,2.636430941153756,9.0,7.3851931670282,7.8259,0.1596,0.0,0.0,8.8404,7.639446210054968,-1.6540059130589235,0.0162211311269015,1.9548508533795408
sub-cp039,ses-20211219,run-003,level-02B,2,sub-cp039_ses-20211219_level-02B_run-003,1,2.0,1,1917.0817,1509.3685,1767.0705,5193.5207,3.7489,-1.1927321949435223,3.0,-0.6028761497326204,-1.3625,-3.0,0.0,0.0,6.0,2.250850098211856,0.5197569168975402,0.0194353158583877,2.1697699651552136,165.13752713799477,2.70405,-0.4513657419382504,3.0,0.9433833155080212,1.1164,-3.0,0.0,0.0,6.0,1.930250168741123,-0.5515145448707435,-0.0175368981853531,1.6849124376754825,5.2405,-1.186098204049475,3.0,0.2900672727272727,0.6056,-3.0,0.0,0.0,6.0,2.2316922778573502,-0.4204977742942357,-0.0186904821302114,2.213945280210688,935.0,5.655891887127003,3.88595,-0.9347908267175008,9.0,5.55456588235294,5.5008,0.16,0.0,0.0,8.84,6.073689861641913,-0.1612463087680796,0.0520778053846811,2.458245199925507
sub-cp039,ses-20211219,run-008,level-02B,2,sub-cp039_ses-20211219_level-02B_run-008,1,2.0,1,232.3462,242.214,397.7931,872.3532,1.148675,0.1626011458958243,3.0,0.6969610759493671,0.11535,-0.2095,0.0,0.0,3.2095,1.3045938252303335,1.342761863423866,0.0579251453396771,1.1045683738653758,55.40771596133709,0.7564000000000001,0.8462472489939286,-0.104,-0.7664990506329115,-0.2864,-3.0,0.0,0.0,2.896,1.244003486108205,-1.5581909803260117,-0.0522670886130877,0.9813621012050728,1.832575,0.5423881790297305,3.0,-0.7225933544303798,-0.50595,-3.0,0.0,0.0,6.0,1.711440374834579,0.6407238620238306,0.0471252054826081,1.5538751274991365,316.0,5.685128768343449,4.249,-0.3316974055677093,9.0,2.7606091772151893,1.33775,0.1995,0.0,0.0,8.8005,4.145390666382407,1.0897364505494362,0.1497553157720844,3.097363464709734
sub-cp039,ses-20211219,run-010,level-02B,2,sub-cp039_ses-20211219_level-02B_run-010,1,2.0,1,1606.4589,1652.2927,1004.758,4263.5096,2.6059,-0.7425513628552345,3.0,0.6947591312931884,0.9275,-3.0,0.0,0.0,6.0,1.8427171781736955,-0.4324258484538883,0.0168655394097574,1.7075698299218465,190.299279615283,2.3445,-1.34635408650724,0.4496,-1.5239214215202368,-1.8304,-3.0,0.0,0.0,3.4496,1.938614517556329,0.3324366225383162,-0.0152181343295396,1.1988780638997252,0.8412999999999999,1.80283391068066,2.543,-0.7880097729516288,-0.7944,-2.7483,0.0,0.0,5.2913,1.2288915370536382,0.4408148925992358,0.0123584282859845,0.943447761421308,1013.0,5.3179392063170265,3.0424,-0.8419131141531766,8.543,4.208796150049358,3.9512,0.2252,0.0,0.0,8.3178,4.753062283074128,0.3377897836473588,0.0422403070376859,2.2096279851061387
sub-cp039,ses-20211219,run-002,level-03B,3,sub-cp039_ses-20211219_level-03B_run-002,2,3.0,1,1207.353,784.0125,551.1107,2542.4762,4.8767,-1.5357497476681348,3.0,-0.6412689839572191,-1.6045,-3.0,0.0,0.0,6.0,2.3007616944082514,0.3504767061293582,0.0183947967796327,2.2115598158476297,121.65396697819232,2.9404,-1.8830694744669272,0.2057,-1.3411645276292337,-0.2843,-3.0,0.0,0.0,3.2057,1.960821313709105,-0.2209135190998069,-0.0238578327702234,1.4316953867481352,1.0436,0.4329693181096123,1.8168,0.3895540106951872,0.7668,-2.1454,0.0,0.0,3.9622,1.1384201161502792,-1.2656431968214088,-0.0157528771778032,1.0706499585144162,561.0,4.603220214761969,2.7942,-0.769326756926985,7.8168,4.53204385026738,4.4057,0.3056,0.0,0.0,7.5112,4.869617165453036,0.0620979592785303,0.0545859717109791,1.7830920581461072
sub-cp039,ses-20211219,run-005,level-03B,3,sub-cp039_ses-20211219_level-03B_run-005,2,3.0,1,3329.3398,3886.614,4449.3935,11665.3472,3.073225,-1.0312707769991163,3.0,0.3634123795761079,0.3114,-3.0,0.0,0.0,6.0,1.9033192629331044,-0.1324348860446349,0.0081774895415432,1.868753021274179,370.0891312211752,3.953825,-1.1052476401319593,3.0,0.3573686416184971,1.17825,-3.0,0.0,0.0,6.0,2.081521369947976,-0.6475839650245282,-0.0078424351194076,2.051108330306991,4.402950000000001,-1.3660506335706275,3.0,-0.6477787572254334,-0.7891999999999999,-3.0,0.0,0.0,6.0,2.3925038605024795,0.3910061659213661,-0.0085968479795711,2.3036956763472074,2076.0,5.606757467189503,2.333,0.010263601002368,9.0,5.6191460982658965,5.7216,0.3056,0.0,0.0,8.6944,5.942088566482493,-0.3463520566731728,0.0234927190952927,1.9327216535623089
sub-cp039,ses-20211219,run-011,level-03B,3,sub-cp039_ses-20211219_level-03B_run-011,2,3.0,1,481.6534,422.4489,445.3712,1349.4735,2.05605,-0.2070620570115364,3.0,0.4105957711442786,0.2671,-3.0,0.0,0.0,6.0,1.5887714170693397,-0.2059696031228254,0.0398050166674347,1.5367107915657845,76.03061757981777,1.761375,-0.9708357245555286,0.0009,-1.0508532338308458,-0.38915,-3.0,0.0,0.0,3.0009,1.4786214555981607,-0.7003883254966049,-0.0381740947579839,1.0415023842081264,0.609475,-0.1695227088380666,3.0,0.0745888059701492,-0.12115,-3.0,0.0,0.0,6.0,1.60981097398582,0.5753841067662931,0.0370692766902914,1.6100858921030252,402.0,5.274191013627186,5.0554,-1.2134365403569445,9.0,3.3569004975124384,1.09455,0.2467,0.0,0.0,8.7533,4.498851515393922,0.564088751420055,0.114353931044589,2.99887567084346
sub-cp039,ses-20211219,run-004,level-04B,4,sub-cp039_ses-20211219_level-04B_run-004,3,4.0,1,1417.6301,1245.4684,1523.8426,4186.9412,4.44305,-1.2967413597484698,3.0,-0.5391069767441861,-0.9554,-3.0,0.0,0.0,6.0,2.293129972165596,0.4032878025109483,0.02110535993176,2.230479746492797,131.10413700342178,4.14975,-1.6963092236888937,1.8494,-0.8372255813953491,-0.64255,-3.0,0.0,0.0,4.8494,2.055500981661275,0.0625832275003736,-0.021118326723189,1.878634440368385,5.550825,-1.322710648110911,3.0,-0.7152678779069768,-1.5908,-3.0,0.0,0.0,6.0,2.446804251500288,0.5446503775548198,0.0238375391610901,2.341626079007195,688.0,5.240109242182568,3.2227750000000004,-0.279824134627042,9.0,6.085668459302325,6.559200000000001,0.4165,0.0,0.0,8.5835,6.53984190850078,-0.8131364051006779,0.064151293713794,2.3963552063864606
sub-cp039,ses-20211219,run-006,level-04B,4,sub-cp039_ses-20211219_level-04B_run-006,3,4.0,1,4903.0653,6925.4083,6213.7869,18042.2605,3.5879250000000003,-1.0828655814669688,3.0,0.7749719707520892,0.6875,-3.0,0.0,0.0,6.0,2.0310567794391448,-0.2886603224043606,0.0051838803304263,1.877721423757097,533.7700378149748,5.831175,-1.6811661334896215,3.0,0.3733419916434541,1.13015,-3.0,0.0,0.0,6.0,2.5612152091286946,-0.2341042332999535,-0.0051870652225701,2.534299787385595,5.9711,-1.5562849072224771,3.0,0.1763803969359331,0.32455,-3.0,0.0,0.0,6.0,2.4095015247736384,-0.1252771992947724,0.0058549558397717,2.4034556172429205,2872.0,5.378720790984523,2.248175,0.7021251386248988,9.0,6.282122910863509,6.4375,0.4649,0.0,0.0,8.5351,6.567333022970821,-0.9028167080351492,0.0157567855146552,1.9146987372985056
sub-cp039,ses-20211219,run-009,level-04B,4,sub-cp039_ses-20211219_level-04B_run-009,3,4.0,1,1803.9742,1430.2473,1117.0131,4351.2345,1.870725,-0.3875438571258938,3.0,1.978138698630137,2.50455,-1.2793,0.0,0.0,4.2793,2.296071178357604,-0.840311831629052,0.0158567244765211,1.1663889510931305,174.5000995695591,3.310875,-1.277548451644476,2.123,-0.9586010273972602,-0.93085,-3.0,0.0,0.0,5.123,1.930269481887304,0.1900612806104457,-0.0158664665913061,1.6763747703896474,2.44475,-0.6724109578378608,3.0,-0.3419081050228311,-0.1283,-3.0,0.0,0.0,6.0,1.5597201971184085,0.1042479294595388,0.0111421139861582,1.522653144756576,876.0,5.014323786395367,2.94085,-0.6570975896914937,9.0,4.967160844748858,5.0457,0.5733,0.0,0.0,8.4267,5.338121629057321,-0.1043364622673757,0.041430348852713,1.9563293809864504
sub-cp042,ses-20220111,run-001,level-01B,1,sub-cp042_ses-20220111_level-01B_run-001,0,1.0,4,1194.639,636.3471,780.5773,2611.5635,0.0667999999999999,1.664865703393137,-0.399,-0.5359520412741139,-0.5318,-0.782,0.0,0.0,0.383,0.5400790220373897,-0.7329418882661239,-0.0004394670122334,0.0666539770646381,373.86196330189705,0.5218,-0.4282565602349844,0.9637,0.1161141767608793,0.0005,-0.2756,0.0,0.0,1.2393,0.3689387817500735,0.86112549390971,0.0010418283704498,0.3502689888081055,0.7121,-0.9249474437838758,0.7185,-0.058824315836698,0.0426,-0.8336,0.0,0.0,1.5521,0.4402099610289879,-0.2220903528476157,0.0001067238818509,0.4363598670622928,2229.0,5.959418766013565,0.3468,-0.6388524475659407,1.6764,1.1716291610587706,1.1831,0.5468,0.0,0.0,1.1296,1.2028816130862348,-0.1924915730735304,0.0008444293107856,0.2724749376287404
sub-cp042,ses-20220111,run-007,level-01B,1,sub-cp042_ses-20220111_level-01B_run-007,0,1.0,4,1224.6396,1601.9423,1049.4469,3876.0288,0.5994999999999999,-0.3669465744663407,0.6374,-0.4951533062054933,-0.69855,-1.4219,0.0,0.0,2.0593,0.6798014453251214,0.9181843135697804,0.0018099490169936,0.4659008662552138,377.3034453392029,1.67445,-1.345773258284932,2.0244,0.4730660732451678,0.3631999999999999,-0.9423,0.0,0.0,2.9667,0.99849391809415,0.1487255774578753,0.0048231735556084,0.8795408348140449,0.8449749999999999,-0.418398327639113,1.7939,0.3700265513733468,0.1807,-0.4346,0.0,0.0,2.2285,0.744219085985482,0.828262664898753,-0.0003856312519733,0.6458750526618131,1966.0,5.208009691598305,0.8042000000000002,-0.4154187867026806,3.032,1.9715308748728384,1.94135,0.1896,0.0,0.0,2.8424,2.046788842025548,0.1467887183371684,0.0041637573666671,0.5500586075810399
sub-cp042,ses-20220111,run-012,level-01B,1,sub-cp042_ses-20220111_level-01B_run-012,0,1.0,4,3402.1482,3156.9189,363.2973,6922.3644,1.86915,0.287723088712684,3.0,2.083255023600809,3.0,-3.0,0.0,0.0,6.0,2.5171733757907133,-1.300069480958164,0.0126085742426164,1.4133496669088887,270.2763956040144,1.2956,0.1656913924911118,3.0,2.104320431557653,2.319,-0.2451,0.0,0.0,3.2451,2.3144160577217,-1.0587050167652676,0.0101237105589081,0.9638379694937684,0.52585,-1.1457733727951698,0.5857,0.0557385030343897,-0.0203,-0.312,0.0,0.0,0.8976999999999999,0.2966587136657144,0.5114318447583948,0.0001257971489667,0.2914736675252939,1483.0,5.483275728492762,1.8609500000000008,0.1243962892187093,6.286,4.667811867835469,5.3734,0.2629,0.0,0.0,6.0231,4.987029474056126,-1.2253110683514594,0.0188118536531367,1.7561534558767364
sub-cp042,ses-20220111,run-003,level-02B,2,sub-cp042_ses-20220111_level-02B_run-003,1,2.0,4,836.3227,1060.0599,1131.5402,3027.9228,0.146025,28.636396824530536,0.2992,-0.3395019759450172,-0.3224,-3.0,0.0,0.0,3.2992,0.4244322329630572,-3.016590375883603,0.0001565429021794,0.2547724682630264,401.167980954051,0.8550249999999999,-0.488076204136445,1.4649,0.1399665807560137,0.1848,-0.6246,0.0,0.0,2.0895,0.5396369090970278,0.418645302522771,0.002959358813175,0.5212811853404424,0.6556,-0.7404737139512356,0.741,-0.2575938144329897,-0.2467,-1.3354,0.0,0.0,2.0764,0.5853886957938548,0.1139509951968046,9.621904497014472e-05,0.5257795159517612,2328.0,5.8005626333038025,0.7853999999999999,-0.5334494272770298,3.1882,1.3006533505154638,1.33445,0.3499,0.0,0.0,2.8383000000000003,1.3749402639663824,0.0956625979874728,0.0023805489105307,0.445922646486704
sub-cp042,ses-20220111,run-008,level-02B,2,sub-cp042_ses-20220111_level-02B_run-008,1,2.0,4,1523.9139,663.9765,966.2921,3154.1825,0.5824,3.1511896035368974,0.4686,-0.6842298107983388,-0.7085,-3.0,0.0,0.0,3.4686,0.7854769054814803,-0.2074771897151004,-0.0006452471394849,0.385839649015808,413.9499172568321,0.62445,-1.0492642045945828,0.7576,-0.075630041532072,-0.093,-0.6016,0.0,0.0,1.3592,0.3534796262443141,0.2087684056841604,0.0020814112144523,0.3453736935640094,0.5318,-0.2547071521670725,1.3381,0.2339018458698662,0.188,-0.7768,0.0,0.0,2.1149,0.590238420142154,0.4656771059199583,0.0002106535026697,0.5420395755265794,2167.0,5.232517050259782,0.5585000000000002,0.2347239138364614,3.1881,1.4555517305029997,1.4224,0.4,0.0,0.0,2.7881,1.5193402195374803,0.2339385185742346,0.0024348356117067,0.4357194886760299
sub-cp042,ses-20220111,run-010,level-02B,2,sub-cp042_ses-20220111_level-02B_run-010,1,2.0,4,2626.3761,921.0166,1456.4077,5003.8004,0.24625,10.222083623861112,1.3246,-1.1051093694493783,-1.17935,-2.4257,0.0,0.0,3.7503,1.204430804798664,2.476436254704787,-0.0028520279357746,0.479049840331084,426.99441500008106,0.4192000000000001,-0.0403181685946023,0.3678,-0.3422566163410301,-0.31025,-1.1652,0.0,0.0,1.533,0.4800293254946133,0.1099190554130396,-0.0024852784081491,0.3366584174048144,1.293975,-1.269498929307997,1.1509,0.1954333925399644,0.31635,-1.0849,0.0,0.0,2.2358,0.730911016919051,-0.3784851165535887,-3.8876386708704e-05,0.7044551558134458,2252.0,5.271731715740527,0.5008249999999999,1.0079127620224924,3.5344,2.221937744227353,2.2236,0.2161,0.0,0.0,3.3183,2.269657208194379,-0.3795559489986739,0.0052984299572151,0.4630677292097921
sub-cp042,ses-20220111,run-002,level-03B,3,sub-cp042_ses-20220111_level-03B_run-002,2,3.0,4,2122.6509,2169.0289,3517.8372,7809.5171,1.0607,1.322330077591487,3.0,0.0674064759036144,0.0155,-3.0,0.0,0.0,6.0,1.151516547656004,0.0935526007067843,-0.0067517551606636,1.1497584296622991,451.0234639048576,1.0069,0.980459250115338,3.0,0.181353125,-0.0195,-3.0,0.0,0.0,6.0,1.1957346011886034,0.0113822787438569,0.0056855135158576,1.182124535311141,1.642275,0.0193139645633362,3.0,-0.5651394954819277,-0.7788999999999999,-3.0,0.0,0.0,6.0,1.6340526590962567,0.539912829034889,0.0097919517573738,1.5335028029078226,2656.0,5.886611700893828,2.576525,-0.3412381283873569,8.283,2.9403314759036143,2.59455,0.1804,0.0,0.0,8.102599999999999,3.5332772851681966,0.7243196487323487,0.0067284747754058,1.9595777473989573
sub-cp042,ses-20220111,run-005,level-03B,3,sub-cp042_ses-20220111_level-03B_run-005,2,3.0,4,3106.9231,3406.6707,2008.2302,8521.8239,1.3263,1.6505211302620362,2.6869,-1.0647126950653734,-1.3779,-2.261,0.0,0.0,4.947900000000001,1.461328478222911,1.3485191723350214,-0.0039248009842077,1.0011446085659694,455.1313575357199,1.0220000000000002,4.081116656604272,3.0,-1.0449271615352171,-1.3132,-2.5258,0.0,0.0,5.5258,1.5921439361305352,1.9982090269951696,0.0068059472253719,1.2015233755969217,1.11945,-0.9794353815933574,0.4503,-0.776073260227752,-0.7012,-2.069,0.0,0.0,2.5193,1.0360465946186994,-0.1364684243771942,0.000194009923812,0.6865141065925052,2371.0,5.20728787581725,1.2462500000000007,0.5732607743012039,6.8282,3.594188443694644,3.6873,0.3056,0.0,0.0,6.5226,3.730406004448597,0.0059194286457029,0.0104958709631978,0.9990792640727516
sub-cp042,ses-20220111,run-011,level-03B,3,sub-cp042_ses-20220111_level-03B_run-011,2,3.0,4,2105.0809,1055.1714,2009.0219,5169.2742,1.2669,-1.2057073508153804,0.3757,-0.8518258464079275,-0.75465,-3.0,0.0,0.0,3.3757,1.0858887557440506,-0.1820487287001932,0.0032740064044196,0.6735981413233141,459.4370976090431,0.3399999999999999,3.79784163088062,1.2249,-0.3033690751445086,-0.3542,-3.0,0.0,0.0,4.2249,0.5074159076864315,1.2483224551111307,0.0074791522449587,0.4068248299159649,0.8878499999999999,1.7482520856671266,2.6471,-0.4476297274979356,-0.4842999999999999,-2.2312,0.0,0.0,4.878299999999999,1.080482864183213,0.8784825451155136,0.0006608086320847,0.9836006800748508,2422.0,5.269491759805918,0.8534500000000003,1.4288176710849614,6.1736,2.1343019405450043,2.2139,0.3056,0.0,0.0,5.868,2.307126296031988,0.4557506527814015,-0.0089492120279297,0.8763013329406385
sub-cp042,ses-20220111,run-004,level-04B,4,sub-cp042_ses-20220111_level-04B_run-004,3,4.0,4,2181.8583,3243.6508,3120.6074,8546.1165,1.4456,-0.2885974724871483,3.0,0.2127620702974121,0.0111,-1.9634,0.0,0.0,4.9634,1.0728571695511206,0.5250115027111464,-0.0005445797073177,1.0517519051518078,476.3306390494108,1.0905,1.3342091451015907,3.0,-1.1231522595596757,-1.0352,-3.0,0.0,0.0,6.0,1.508153332602112,0.1592456902124446,0.0002806873819135,1.0067010081788668,1.6705,-0.6576486362434126,3.0,0.8690685979142525,0.7697,-1.9027,0.0,0.0,4.9027,1.5356269807833198,0.1091123326290866,0.000644090417136,1.2662895968986252,2589.0,5.433200780795335,2.2223,-0.5735440043401336,7.1815,3.300933101583623,3.1087,0.3056,0.0,0.0,6.8759,3.684345860915177,0.3993937035566564,-0.0005960145678778,1.6368506200323556
sub-cp042,ses-20220111,run-006,level-04B,4,sub-cp042_ses-20220111_level-04B_run-006,3,4.0,4,1636.146,3867.8565,2195.5853,7699.5878,1.5002,-0.3252398835310188,1.9285,-0.384385289514867,-0.2969,-3.0,0.0,0.0,4.9285,1.0857502559806391,-0.3605009602807094,-0.001191254888513,1.015696667704279,358.27764831483364,1.6217,-1.1351083072714758,-0.2313,-2.0176603025560773,-2.0478,-3.0,0.0,0.0,2.7687,2.189183763061179,0.3216795373886392,-0.0077278055525446,0.8496758532029683,1.206,0.2231874011088122,3.0,0.6616046948356807,0.7617,-2.3797,0.0,0.0,5.3797,1.4011258382852287,-0.4482930212408773,0.0087228439024858,1.235406409814235,1917.0,5.347807793793294,1.8162,0.1557159204051883,8.0132,4.016476995305164,3.9109,0.4347,0.0,0.0,7.578499999999999,4.297331264315497,0.199877305509607,0.0156423377968453,1.5284590965377125
sub-cp042,ses-20220111,run-009,level-04B,4,sub-cp042_ses-20220111_level-04B_run-009,3,4.0,4,1955.7531,1736.448,1837.7045,5529.9056,1.667025,-0.2801451378911657,3.0,-0.0203839240506329,0.0148,-3.0,0.0,0.0,6.0,1.6392532551111207,0.017484962838835,-0.0013304701663218,1.639645471621931,332.5891938060522,0.759875,0.7183879628502328,-0.104,-1.099018227848101,-0.7523,-3.0,0.0,0.0,2.896,1.3863553727834612,-1.3667524063966672,0.000382754468187,0.8453356896475611,2.03735,-0.3226923112601039,2.8063,0.2841884810126582,0.1914,-3.0,0.0,0.0,5.8063,1.4552950846364765,-0.4458934228851055,0.0006365209812663,1.427729254466601,1580.0,4.747598627394931,3.749200000000001,-0.9863087569611132,7.6358,3.499946202531646,2.6272,0.4,0.0,0.0,7.235799999999999,4.194384236221485,0.6070391636943488,-0.0005697719695321,2.3122758565808432
sub-cp043,ses-20220127,run-001,level-01B,1,sub-cp043_ses-20220127_level-01B_run-001,0,1.0,1,659.211,615.7115,668.4176,1943.3402,0.74365,-1.281342655517384,0.5409,-0.1260449161425576,-0.05255,-1.5074,0.0,0.0,2.0483,0.3991638118029236,-0.0157789056089129,0.0023484256592925,0.3788398708013751,360.4968275874853,0.374925,-0.7298193434038431,0.7797,0.2787159329140461,0.338,-0.2442,0.0,0.0,1.0239,0.37317159128326,-0.4150179808988771,-0.000142858400016,0.2482070787383713,0.57275,0.5682214436535844,0.821,-0.2218234800838574,-0.1953,-1.3906,0.0,0.0,2.2116,0.4649637538002381,-0.1928395021368274,-0.0009983444304032,0.4087458875659069,1908.0,5.2899217248651365,0.5437500000000001,0.0401754492704031,2.1405,1.0185213312368973,0.8992,0.3857,0.0,0.0,1.7548,1.088053145468424,0.8216967424331241,0.0012271952653803,0.3828194793245221
sub-cp043,ses-20220127,run-007,level-01B,1,sub-cp043_ses-20220127_level-01B_run-007,0,1.0,1,1418.2001,1647.7369,1320.7408,4386.6778,1.09205,-0.5310725951483755,0.8548,-0.404363125,-0.57125,-3.0,0.0,0.0,3.8548,0.7851380941341318,0.1374571628195585,0.001792512004458,0.6731642820665417,370.0393628329039,0.82015,1.2702190803978226,3.0,0.0166014423076922,-0.2113,-1.7758,0.0,0.0,4.7758,1.1156131362308217,1.044911302843294,0.0024502798649813,1.1157578496023848,1.016375,-0.412649270142996,2.2097,0.5626902403846153,0.21925,-0.3025,0.0,0.0,2.5122,0.9067021619398214,0.8025478830815556,0.0002924013250148,0.7111481168193714,2080.0,5.618321208002944,2.0488,-1.2903381006400487,4.1233,2.1089801923076923,1.815,0.4458,0.0,0.0,3.6775,2.371424550278474,0.3704828242809829,0.0015798319279454,1.0846301369010272
sub-cp043,ses-20220127,run-012,level-01B,1,sub-cp043_ses-20220127_level-01B_run-012,0,1.0,1,1459.8579,618.2881,1020.9426,3099.0886,0.6697750000000001,2.2048862737236377,1.4824,0.6127922183507549,0.82395,-3.0,0.0,0.0,4.4824,0.9246691888599649,-1.4057783668375614,-0.0023005846868215,0.6926596728155818,336.1319426447153,0.55185,3.542506872721,0.5004,0.0471687572590011,0.22095,-1.9023,0.0,0.0,2.4027000000000003,0.4670105890434879,-1.7759320369447804,-0.0006363572539908,0.4647573924411204,0.80005,-0.6551812695158774,0.0869,-0.5718206736353078,-0.56275,-1.628,0.0,0.0,1.7149,0.7569695848990587,-0.4376300358655886,-0.0016068095038824,0.4961522183790487,1722.0,5.12001324973468,1.20205,-0.5403602160128962,3.8378,1.7997008130081302,1.79025,0.5091,0.0,0.0,3.3287,1.9437359114950024,0.1852258451861598,0.0045437514446948,0.7345063481936809
sub-cp043,ses-20220127,run-003,level-02B,2,sub-cp043_ses-20220127_level-02B_run-003,1,2.0,1,413.3603,707.0333,678.029,1798.4226,0.291775,22.01311103020736,0.9221,0.1034012896825396,0.0049499999999999,-3.0,0.0,0.0,3.9221,0.3533380349249188,-2.133229563578363,0.002446235705869,0.3379535371743555,377.886725217104,0.7018249999999999,-1.0733652080411131,1.0091,0.1217759424603174,0.0985,-0.7673,0.0,0.0,1.7764000000000002,0.412286786461408,0.2841018616372017,-0.0017552879096743,0.3939898630047175,0.5704,-0.7117784726107943,0.266,-0.2956935019841269,-0.1345,-1.1396,0.0,0.0,1.4056,0.488044294056707,-0.7870059246382739,-0.000443254522645,0.3883650357907524,2016.0,5.332285750028238,0.8596999999999999,-0.2918700364169577,3.1881,0.8920737103174603,0.71795,0.0913,0.0,0.0,3.0968,1.0695247344262793,0.8011362570448313,0.0030781711088996,0.5901359175011184
sub-cp043,ses-20220127,run-008,level-02B,2,sub-cp043_ses-20220127_level-02B_run-008,1,2.0,1,587.9015,370.4355,963.3671,1921.704,0.443475,6.553879720713312,0.7287,0.1016549471661863,0.0124,-2.647,0.0,0.0,3.3757,0.4539126941914345,-1.891303926936145,0.0004849594560838,0.4424896026296989,380.4441746324301,0.1825,0.207048483496917,0.3245,-0.0985768491834774,-0.14905,-0.4354,0.0,0.0,0.7599,0.201443693431785,0.7568255517811822,-4.521031243708215e-05,0.1757185160376863,0.646925,-0.6144740785765657,1.3347,0.261347502401537,0.2345,-0.6225,0.0,0.0,1.9572,0.5813078969956542,0.24059311620027,-0.0003926988766337,0.5193706913719998,2082.0,5.46992210357953,0.5168500000000001,0.6114379340991354,2.8351,0.923012055715658,0.91905,0.1432,0.0,0.0,2.6919000000000004,1.001605069342581,0.4962536698708384,-0.0005017818979208,0.3890168978931644
sub-cp043,ses-20220127,run-010,level-02B,2,sub-cp043_ses-20220127_level-02B_run-010,1,2.0,1,1557.2691,634.3477,1249.6705,3441.2873,1.685825,-1.186929822525782,1.8498,0.2026764822134387,-0.3316,-3.0,0.0,0.0,4.8498,0.8970086433943157,0.3792439677291944,0.0038707468260408,0.8740275640838371,380.8050658553839,0.660075,-1.0529815170518986,0.8046,0.0379862648221344,-0.09505,-0.5828,0.0,0.0,1.3874,0.3676636044370832,0.5753835833088345,0.0019190921170085,0.3657863806540007,0.86485,0.4758819338443398,2.2356,0.1391098814229249,-0.00655,-1.4228,0.0,0.0,3.6584,0.852111681510586,0.755788289473865,-8.954712806512388e-05,0.8408876931361322,2024.0,5.312429327734477,1.3019999999999998,0.2242527730255274,4.2435,1.7002397233201585,1.3162,0.4,0.0,0.0,3.8435,1.9608736755569167,1.0525181191965218,0.0040537801053997,0.9770783671913624
sub-cp043,ses-20220127,run-002,level-03B,3,sub-cp043_ses-20220127_level-03B_run-002,2,3.0,1,1040.5623,2911.8818,1880.1434,5832.5875,0.7072999999999999,-0.6127398840677132,0.7085,-0.3323256614867702,-0.2817,-2.2356,0.0,0.0,2.9441,0.5491246251631052,-0.1573421487888016,0.0009915584618523,0.4372388383352678,446.8722894787789,0.8571,-0.0881144416629302,3.0,-0.0274513229735405,-0.5825,-1.7647,0.0,0.0,4.7647,1.5163709163635657,1.2059913666471485,0.0069317343521411,1.5164408958479525,1.2744,-0.3982317576493894,1.7099,-0.4695460730785384,-0.3266,-2.3464,0.0,0.0,4.0563,1.0217832980660018,0.0499362176523478,-0.0003296243769597,0.9076968823716076,2381.0,5.325906430170408,1.7266,-0.3451816122445805,5.3331,2.449636875262495,2.4468,0.3056,0.0,0.0,5.0275,2.6816684563552973,0.269356513467505,0.0070387000359067,1.0913868020659208
sub-cp043,ses-20220127,run-005,level-03B,3,sub-cp043_ses-20220127_level-03B_run-005,2,3.0,1,1096.2065,677.4035,993.4266,2767.0366,0.92485,-0.0672560490889759,0.9842,-0.2929014385150812,-0.2778,-3.0,0.0,0.0,3.9842,0.6244747753576638,-0.2678709687036501,-0.0006958471176091,0.5516508928220082,405.836271867156,0.37505,1.694848036344169,0.7753,-0.1559469141531322,-0.2169,-1.5943,0.0,0.0,2.3696,0.3822310385616364,0.0251398119759461,-6.381883975239635e-05,0.3490525232756484,0.83285,-0.7402928973319334,1.1094,-0.1509100232018561,-0.1754,-0.942,0.0,0.0,2.0514,0.5434863455510764,0.4433800794786388,-0.0013653289230425,0.5222357031095893,2155.0,5.307559105276517,0.9135,-0.834215025845928,3.2717,1.284008120649652,1.1642,0.3056,0.0,0.0,2.9661,1.3941607719973814,0.3631592559662865,0.0012300526951504,0.5432719045034351
sub-cp043,ses-20220127,run-011,level-03B,3,sub-cp043_ses-20220127_level-03B_run-011,2,3.0,1,1876.2388,1581.2773,2274.2397,5731.7558,1.845975,-1.270856885420039,2.3829,0.6426818135764943,0.5697,-1.4493,0.0,0.0,3.8322,1.163012136031362,0.0598344229798575,0.0032176392195567,0.969553259244933,370.737649127841,1.5444,-0.929788919728169,1.9158,0.466591995947315,0.42115,-1.8461,0.0,0.0,3.7619,0.9835259550182338,-0.1515737948136462,-0.0022646742298095,0.8660226037843066,1.56295,-0.8322243984823805,0.4388,-1.1135812563323202,-0.9321,-3.0,0.0,0.0,3.4388,1.488509172009713,-0.5380465851226215,0.000491722382199,0.9879730837759856,1974.0,5.3218226005410445,2.776325,-1.3626427510412649,5.7973,2.903625582573455,3.0753500000000003,0.4618,0.0,0.0,5.3355,3.294176125776253,0.1068300967013713,0.0016788151984676,1.5562074616219217
sub-cp043,ses-20220127,run-004,level-04B,4,sub-cp043_ses-20220127_level-04B_run-004,3,4.0,1,2061.8126,4328.0939,2077.6824,8467.5889,1.5543,-0.326981933780103,1.8936,-0.3280085371481311,-0.2455,-3.0,0.0,0.0,4.8936,1.2141865786507966,-0.596546606704622,-0.0006818385251339,1.1693119375829488,411.6810500621796,1.99995,2.1836480734490635,3.0,-1.6739764190124595,-1.6522,-3.0,0.0,0.0,6.0,2.201541664267617,1.3936351364158388,0.0078490375000548,1.430221169903706,1.31925,-0.0096519655950362,3.0,0.2647354407014305,-0.1854,-1.592,0.0,0.0,4.5920000000000005,1.3200818580025298,1.0997478509193888,0.0049431471273517,1.2935623036252184,2167.0,5.261354632847082,3.108750000000001,-0.7771148439147249,8.7993,3.9075190124596215,3.3809,0.5856,0.0,0.0,8.213700000000001,4.305044900545518,0.564279133404382,0.0106101556030822,1.807267001437808
sub-cp043,ses-20220127,run-006,level-04B,4,sub-cp043_ses-20220127_level-04B_run-006,3,4.0,1,1845.9843,1370.2072,2865.5991,6081.7906,1.3599,-0.3510509708145717,1.5917,-0.5300657026660642,-0.4046,-3.0,0.0,0.0,4.5917,1.0853958511408388,-0.5106964716009539,-0.0026295975120322,0.9473753594361326,427.0615540444851,0.6675,2.1744145112418254,1.3059,-0.5666631269769543,-0.3972,-2.8062,0.0,0.0,4.1121,0.8512779980127453,-1.1654114798017976,0.0010298281262616,0.6354129168331909,1.5508,-0.6407887295493002,1.8048,-1.0107250338906462,-0.8862,-3.0,0.0,0.0,4.8048,1.6224312434811432,-0.0873620740924384,7.961381603659498e-05,1.269427516010887,2213.0,5.179581208027885,2.2533,-1.032194337279558,5.9794,2.7482116583822864,2.6075,0.4236,0.0,0.0,5.5558,3.041343863923693,0.2870678936820765,0.0014054180113283,1.3030243305214713
sub-cp043,ses-20220127,run-009,level-04B,4,sub-cp043_ses-20220127_level-04B_run-009,3,4.0,1,1385.8808,746.6173,3074.4113,5206.9094,1.302,-0.865707287759856,1.3709,-0.2385750251256281,-0.45105,-2.9107,0.0,0.0,4.2816,0.7807510637087932,0.3206003870495993,0.0014198486484037,0.7435939995476513,377.4345953017473,0.399025,10.68306272519535,0.4781,-0.2471737688442211,-0.22635,-3.0,0.0,0.0,3.4781,0.5884586320192694,-2.7540154308911866,-0.007335575579092,0.5341648364918462,3.333175,-0.9011690342526016,3.0,-0.958515376884422,-0.4206,-3.0,0.0,0.0,6.0,1.94861173497916,0.2085215166950604,0.0027414021207377,1.6969923668529268,1990.0,5.26978720222998,2.481275,-1.2692474649444003,6.3053,2.616537738693467,2.29735,0.4304,0.0,0.0,5.8749,2.9353027903506312,0.2100549187449772,0.0108334001464043,1.3306473962248042
