run_key,subject_id,outer_fold,variant,dimension,seed,levels,feature_k,selected_structure_parameters,true_class,predicted_class,target_score,selected_temperature,similarity_prediction_raw,similarity_prediction_bounded,class_score_0,class_score_1,class_score_2,class_score_3
sub-cp005_ses-20210226_level-01B_run-001,sub-cp005,5,hybrid,1000,42,51,50,"{""centroids_per_class"":3,""epochs"":1,""learning_rate"":0.1,""margin_threshold"":0.0}",0,0,1.0,0.05,1.9892578659059703,1.9892578659059703,0.8856493830680847,0.8646918535232544,0.8590871095657349,0.8033875226974487
sub-cp005_ses-20210226_level-01B_run-007,sub-cp005,5,hybrid,1000,42,51,50,"{""centroids_per_class"":3,""epochs"":1,""learning_rate"":0.1,""margin_threshold"":0.0}",0,1,1.0,0.05,1.9549612505805025,1.9549612505805025,0.8977524042129517,0.9247480630874634,0.8733199238777161,0.7899118661880493
sub-cp005_ses-20210226_level-01B_run-012,sub-cp005,5,hybrid,1000,42,51,50,"{""centroids_per_class"":3,""epochs"":1,""learning_rate"":0.1,""margin_threshold"":0.0}",0,1,1.0,0.05,1.874479418881802,1.874479418881802,0.8969491720199585,0.9087042212486267,0.86014723777771,0.7725431323051453
sub-cp005_ses-20210226_level-02B_run-003,sub-cp005,5,hybrid,1000,42,51,50,"{""centroids_per_class"":3,""epochs"":1,""learning_rate"":0.1,""margin_threshold"":0.0}",1,1,2.0,0.05,2.4204893283038906,2.4204893283038906,0.7768301367759705,0.8356849551200867,0.8155452013015747,0.7751706838607788
sub-cp005_ses-20210226_level-02B_run-008,sub-cp005,5,hybrid,1000,42,51,50,"{""centroids_per_class"":3,""epochs"":1,""learning_rate"":0.1,""margin_threshold"":0.0}",1,1,2.0,0.05,2.235975036401659,2.235975036401659,0.8718920946121216,0.9239848256111145,0.9137153029441833,0.7456769347190857
sub-cp005_ses-20210226_level-02B_run-010,sub-cp005,5,hybrid,1000,42,51,50,"{""centroids_per_class"":3,""epochs"":1,""learning_rate"":0.1,""margin_threshold"":0.0}",1,1,2.0,0.05,2.0800670049658767,2.0800670049658767,0.8720170855522156,0.9106637835502625,0.8756816983222961,0.7727386951446533
sub-cp005_ses-20210226_level-03B_run-002,sub-cp005,5,hybrid,1000,42,51,50,"{""centroids_per_class"":3,""epochs"":1,""learning_rate"":0.1,""margin_threshold"":0.0}",2,3,3.0,0.05,2.798300153219955,2.798300153219955,0.7646426558494568,0.8155929446220398,0.789631187915802,0.8205670714378357
sub-cp005_ses-20210226_level-03B_run-005,sub-cp005,5,hybrid,1000,42,51,50,"{""centroids_per_class"":3,""epochs"":1,""learning_rate"":0.1,""margin_threshold"":0.0}",2,2,3.0,0.05,2.4271072992639877,2.4271072992639877,0.8310840725898743,0.8897478580474854,0.8972489833831787,0.7873657941818237
sub-cp005_ses-20210226_level-03B_run-011,sub-cp005,5,hybrid,1000,42,51,50,"{""centroids_per_class"":3,""epochs"":1,""learning_rate"":0.1,""margin_threshold"":0.0}",2,1,3.0,0.05,2.4464053692462318,2.4464053692462318,0.8369302749633789,0.8815421462059021,0.8769844174385071,0.8281164765357971
sub-cp005_ses-20210226_level-04B_run-004,sub-cp005,5,hybrid,1000,42,51,50,"{""centroids_per_class"":3,""epochs"":1,""learning_rate"":0.1,""margin_threshold"":0.0}",3,3,4.0,0.05,3.05467151363868,3.05467151363868,0.7444967031478882,0.7769820094108582,0.7886276841163635,0.8191393613815308
sub-cp005_ses-20210226_level-04B_run-006,sub-cp005,5,hybrid,1000,42,51,50,"{""centroids_per_class"":3,""epochs"":1,""learning_rate"":0.1,""margin_threshold"":0.0}",3,3,4.0,0.05,3.3965644901662744,3.3965644901662744,0.8075253963470459,0.8297408819198608,0.848038911819458,0.9177091717720032
sub-cp005_ses-20210226_level-04B_run-009,sub-cp005,5,hybrid,1000,42,51,50,"{""centroids_per_class"":3,""epochs"":1,""learning_rate"":0.1,""margin_threshold"":0.0}",3,3,4.0,0.05,3.0147079155248053,3.0147079155248053,0.8221818208694458,0.8170010447502136,0.8605749607086182,0.8772030472755432
sub-cp017_ses-20210521_level-01B_run-001,sub-cp017,5,hybrid,1000,42,51,50,"{""centroids_per_class"":3,""epochs"":1,""learning_rate"":0.1,""margin_threshold"":0.0}",0,0,1.0,0.05,1.7496964620468685,1.7496964620468685,0.9078714847564697,0.8935104608535767,0.8526302576065063,0.7716880440711975
sub-cp017_ses-20210521_level-01B_run-007,sub-cp017,5,hybrid,1000,42,51,50,"{""centroids_per_class"":3,""epochs"":1,""learning_rate"":0.1,""margin_threshold"":0.0}",0,0,1.0,0.05,1.7526309080879066,1.7526309080879066,0.8993324637413025,0.8790581822395325,0.8532100319862366,0.7394574284553528
sub-cp017_ses-20210521_level-01B_run-012,sub-cp017,5,hybrid,1000,42,51,50,"{""centroids_per_class"":3,""epochs"":1,""learning_rate"":0.1,""margin_threshold"":0.0}",0,0,1.0,0.05,1.79860825504906,1.79860825504906,0.8732863664627075,0.8720559477806091,0.8318859338760376,0.7057651877403259
sub-cp017_ses-20210521_level-02B_run-003,sub-cp017,5,hybrid,1000,42,51,50,"{""centroids_per_class"":3,""epochs"":1,""learning_rate"":0.1,""margin_threshold"":0.0}",1,2,2.0,0.05,2.3241025172331082,2.3241025172331082,0.8634017109870911,0.9166758060455322,0.9203136563301086,0.7443898916244507
sub-cp017_ses-20210521_level-02B_run-008,sub-cp017,5,hybrid,1000,42,51,50,"{""centroids_per_class"":3,""epochs"":1,""learning_rate"":0.1,""margin_threshold"":0.0}",1,1,2.0,0.05,2.1891533828912553,2.1891533828912553,0.8264399766921997,0.8609074354171753,0.8508032560348511,0.7266457676887512
sub-cp017_ses-20210521_level-02B_run-010,sub-cp017,5,hybrid,1000,42,51,50,"{""centroids_per_class"":3,""epochs"":1,""learning_rate"":0.1,""margin_threshold"":0.0}",1,1,2.0,0.05,2.1062473286169996,2.1062473286169996,0.8615385890007019,0.9123802781105042,0.8717421889305115,0.770053505897522
sub-cp017_ses-20210521_level-03B_run-002,sub-cp017,5,hybrid,1000,42,51,50,"{""centroids_per_class"":3,""epochs"":1,""learning_rate"":0.1,""margin_threshold"":0.0}",2,2,3.0,0.05,2.476256326693326,2.476256326693326,0.8505650758743286,0.8755084276199341,0.9168158769607544,0.7676350474357605
sub-cp017_ses-20210521_level-03B_run-005,sub-cp017,5,hybrid,1000,42,51,50,"{""centroids_per_class"":3,""epochs"":1,""learning_rate"":0.1,""margin_threshold"":0.0}",2,1,3.0,0.05,2.2777305965077006,2.2777305965077006,0.8689060211181641,0.9094571471214294,0.9084678888320923,0.7830461859703064
sub-cp017_ses-20210521_level-03B_run-011,sub-cp017,5,hybrid,1000,42,51,50,"{""centroids_per_class"":3,""epochs"":1,""learning_rate"":0.1,""margin_threshold"":0.0}",2,2,3.0,0.05,2.4314114062858376,2.4314114062858376,0.8531955480575562,0.8873735666275024,0.915019154548645,0.7749647498130798
sub-cp017_ses-20210521_level-04B_run-004,sub-cp017,5,hybrid,1000,42,51,50,"{""centroids_per_class"":3,""epochs"":1,""learning_rate"":0.1,""margin_threshold"":0.0}",3,3,4.0,0.05,3.4017055983883013,3.4017055983883013,0.7936357259750366,0.8320662975311279,0.8399184942245483,0.9124346971511841
sub-cp017_ses-20210521_level-04B_run-006,sub-cp017,5,hybrid,1000,42,51,50,"{""centroids_per_class"":3,""epochs"":1,""learning_rate"":0.1,""margin_threshold"":0.0}",3,3,4.0,0.05,3.3751492478063323,3.3751492478063323,0.7901719808578491,0.8306013345718384,0.842176616191864,0.9074544310569763
sub-cp017_ses-20210521_level-04B_run-009,sub-cp017,5,hybrid,1000,42,51,50,"{""centroids_per_class"":3,""epochs"":1,""learning_rate"":0.1,""margin_threshold"":0.0}",3,3,4.0,0.05,3.3594304002963753,3.3594304002963753,0.8159433603286743,0.8329957723617554,0.8447365164756775,0.9177837371826172
sub-cp022_ses-20210621_level-01B_run-001,sub-cp022,5,hybrid,1000,42,51,50,"{""centroids_per_class"":3,""epochs"":1,""learning_rate"":0.1,""margin_threshold"":0.0}",0,1,1.0,0.05,2.1278448863481225,2.1278448863481225,0.8642707467079163,0.8841371536254883,0.8408047556877136,0.8200157880783081
sub-cp022_ses-20210621_level-01B_run-007,sub-cp022,5,hybrid,1000,42,51,50,"{""centroids_per_class"":3,""epochs"":1,""learning_rate"":0.1,""margin_threshold"":0.0}",0,0,1.0,0.05,2.012349492535568,2.012349492535568,0.8639591336250305,0.839996874332428,0.8025876879692078,0.8139150142669678
sub-cp022_ses-20210621_level-01B_run-012,sub-cp022,5,hybrid,1000,42,51,50,"{""centroids_per_class"":3,""epochs"":1,""learning_rate"":0.1,""margin_threshold"":0.0}",0,1,1.0,0.05,2.0052965204504525,2.0052965204504525,0.9042252898216248,0.9188530445098877,0.8882141709327698,0.8078500032424927
sub-cp022_ses-20210621_level-02B_run-003,sub-cp022,5,hybrid,1000,42,51,50,"{""centroids_per_class"":3,""epochs"":1,""learning_rate"":0.1,""margin_threshold"":0.0}",1,1,2.0,0.05,2.200624881974908,2.200624881974908,0.872246265411377,0.8807657361030579,0.8681334257125854,0.8252021670341492
sub-cp022_ses-20210621_level-02B_run-008,sub-cp022,5,hybrid,1000,42,51,50,"{""centroids_per_class"":3,""epochs"":1,""learning_rate"":0.1,""margin_threshold"":0.0}",1,1,2.0,0.05,2.4123103137486015,2.4123103137486015,0.8281921744346619,0.8599225878715515,0.8404483199119568,0.8232793211936951
sub-cp022_ses-20210621_level-02B_run-010,sub-cp022,5,hybrid,1000,42,51,50,"{""centroids_per_class"":3,""epochs"":1,""learning_rate"":0.1,""margin_threshold"":0.0}",1,1,2.0,0.05,2.470201679440988,2.470201679440988,0.8457231521606445,0.8923101425170898,0.8900082111358643,0.8405492901802063
sub-cp022_ses-20210621_level-03B_run-002,sub-cp022,5,hybrid,1000,42,51,50,"{""centroids_per_class"":3,""epochs"":1,""learning_rate"":0.1,""margin_threshold"":0.0}",2,3,3.0,0.05,2.8744496505507824,2.8744496505507824,0.8109438419342041,0.8609349131584167,0.8640104532241821,0.8729270100593567
sub-cp022_ses-20210621_level-03B_run-005,sub-cp022,5,hybrid,1000,42,51,50,"{""centroids_per_class"":3,""epochs"":1,""learning_rate"":0.1,""margin_threshold"":0.0}",2,2,3.0,0.05,2.703314068171771,2.703314068171771,0.7960110902786255,0.8422528505325317,0.8534204363822937,0.8296561241149902
sub-cp022_ses-20210621_level-03B_run-011,sub-cp022,5,hybrid,1000,42,51,50,"{""centroids_per_class"":3,""epochs"":1,""learning_rate"":0.1,""margin_threshold"":0.0}",2,2,3.0,0.05,2.5393979377811355,2.5393979377811355,0.8408963680267334,0.8586965799331665,0.8635651469230652,0.844971776008606
sub-cp022_ses-20210621_level-04B_run-004,sub-cp022,5,hybrid,1000,42,51,50,"{""centroids_per_class"":3,""epochs"":1,""learning_rate"":0.1,""margin_threshold"":0.0}",3,3,4.0,0.05,3.0708401555456923,3.0708401555456923,0.8279416561126709,0.8488234877586365,0.8626903295516968,0.8988721966743469
sub-cp022_ses-20210621_level-04B_run-006,sub-cp022,5,hybrid,1000,42,51,50,"{""centroids_per_class"":3,""epochs"":1,""learning_rate"":0.1,""margin_threshold"":0.0}",3,3,4.0,0.05,3.348944582826502,3.348944582826502,0.7911890745162964,0.8146138787269592,0.8282080292701721,0.8954216241836548
sub-cp022_ses-20210621_level-04B_run-009,sub-cp022,5,hybrid,1000,42,51,50,"{""centroids_per_class"":3,""epochs"":1,""learning_rate"":0.1,""margin_threshold"":0.0}",3,3,4.0,0.05,3.1518683751877825,3.1518683751877825,0.7823098301887512,0.8401802182197571,0.8697260022163391,0.8855706453323364
sub-cp028_ses-20211214_level-01B_run-001,sub-cp028,5,hybrid,1000,42,51,50,"{""centroids_per_class"":3,""epochs"":1,""learning_rate"":0.1,""margin_threshold"":0.0}",0,1,1.0,0.05,1.9813935900879243,1.9813935900879243,0.8415452241897583,0.871641993522644,0.8165270686149597,0.7509664297103882
sub-cp028_ses-20211214_level-01B_run-007,sub-cp028,5,hybrid,1000,42,51,50,"{""centroids_per_class"":3,""epochs"":1,""learning_rate"":0.1,""margin_threshold"":0.0}",0,0,1.0,0.05,1.8055416150027488,1.8055416150027488,0.8887633681297302,0.8646923899650574,0.8348181843757629,0.785694420337677
sub-cp028_ses-20211214_level-01B_run-012,sub-cp028,5,hybrid,1000,42,51,50,"{""centroids_per_class"":3,""epochs"":1,""learning_rate"":0.1,""margin_threshold"":0.0}",0,0,1.0,0.05,2.0762623713054142,2.0762623713054142,0.8103212714195251,0.7898736000061035,0.7741338014602661,0.7582494616508484
sub-cp028_ses-20211214_level-02B_run-003,sub-cp028,5,hybrid,1000,42,51,50,"{""centroids_per_class"":3,""epochs"":1,""learning_rate"":0.1,""margin_threshold"":0.0}",1,1,2.0,0.05,2.188489216604407,2.188489216604407,0.8436061143875122,0.9145587682723999,0.8774800300598145,0.7641536593437195
sub-cp028_ses-20211214_level-02B_run-008,sub-cp028,5,hybrid,1000,42,51,50,"{""centroids_per_class"":3,""epochs"":1,""learning_rate"":0.1,""margin_threshold"":0.0}",1,1,2.0,0.05,1.9043675687765098,1.9043675687765098,0.8729419708251953,0.8883875608444214,0.8363506197929382,0.7660491466522217
sub-cp028_ses-20211214_level-02B_run-010,sub-cp028,5,hybrid,1000,42,51,50,"{""centroids_per_class"":3,""epochs"":1,""learning_rate"":0.1,""margin_threshold"":0.0}",1,1,2.0,0.05,1.9999358978351722,1.9999358978351722,0.8875893354415894,0.9099840521812439,0.8741284608840942,0.7806938290596008
sub-cp028_ses-20211214_level-03B_run-002,sub-cp028,5,hybrid,1000,42,51,50,"{""centroids_per_class"":3,""epochs"":1,""learning_rate"":0.1,""margin_threshold"":0.0}",2,2,3.0,0.05,2.47199742243709,2.47199742243709,0.8167961239814758,0.8623342514038086,0.887735903263092,0.757172703742981
sub-cp028_ses-20211214_level-03B_run-005,sub-cp028,5,hybrid,1000,42,51,50,"{""centroids_per_class"":3,""epochs"":1,""learning_rate"":0.1,""margin_threshold"":0.0}",2,2,3.0,0.05,2.4393653773783903,2.4393653773783903,0.8572369813919067,0.8886020183563232,0.9217000007629395,0.7608285546302795
sub-cp028_ses-20211214_level-03B_run-011,sub-cp028,5,hybrid,1000,42,51,50,"{""centroids_per_class"":3,""epochs"":1,""learning_rate"":0.1,""margin_threshold"":0.0}",2,2,3.0,0.05,2.438559206028317,2.438559206028317,0.8437351584434509,0.8852526545524597,0.8954951167106628,0.8141361474990845
sub-cp028_ses-20211214_level-04B_run-004,sub-cp028,5,hybrid,1000,42,51,50,"{""centroids_per_class"":3,""epochs"":1,""learning_rate"":0.1,""margin_threshold"":0.0}",3,3,4.0,0.05,3.3150210061439003,3.3150210061439003,0.8080856800079346,0.8243611454963684,0.8502378463745117,0.906137228012085
sub-cp028_ses-20211214_level-04B_run-006,sub-cp028,5,hybrid,1000,42,51,50,"{""centroids_per_class"":3,""epochs"":1,""learning_rate"":0.1,""margin_threshold"":0.0}",3,3,4.0,0.05,3.0073491505122925,3.0073491505122925,0.8403613567352295,0.8287012577056885,0.8546314239501953,0.8924772143363953
sub-cp028_ses-20211214_level-04B_run-009,sub-cp028,5,hybrid,1000,42,51,50,"{""centroids_per_class"":3,""epochs"":1,""learning_rate"":0.1,""margin_threshold"":0.0}",3,3,4.0,0.05,3.056665868384549,3.056665868384549,0.8229086995124817,0.8127973675727844,0.8341823220252991,0.880603551864624
sub-cp030_ses-20211025_level-01B_run-001,sub-cp030,5,hybrid,1000,42,51,50,"{""centroids_per_class"":3,""epochs"":1,""learning_rate"":0.1,""margin_threshold"":0.0}",0,0,1.0,0.05,2.0791394987638614,2.0791394987638614,0.8748006820678711,0.8723275065422058,0.8669053316116333,0.7921933531761169
sub-cp030_ses-20211025_level-01B_run-007,sub-cp030,5,hybrid,1000,42,51,50,"{""centroids_per_class"":3,""epochs"":1,""learning_rate"":0.1,""margin_threshold"":0.0}",0,0,1.0,0.05,1.6753904147025267,1.6753904147025267,0.8741201758384705,0.8337280750274658,0.8070927262306213,0.7473071217536926
sub-cp030_ses-20211025_level-01B_run-012,sub-cp030,5,hybrid,1000,42,51,50,"{""centroids_per_class"":3,""epochs"":1,""learning_rate"":0.1,""margin_threshold"":0.0}",0,0,1.0,0.05,1.544363230597862,1.544363230597862,0.8806546330451965,0.8253743052482605,0.7797430753707886,0.7552891373634338
sub-cp030_ses-20211025_level-02B_run-003,sub-cp030,5,hybrid,1000,42,51,50,"{""centroids_per_class"":3,""epochs"":1,""learning_rate"":0.1,""margin_threshold"":0.0}",1,1,2.0,0.05,2.1967809422360425,2.1967809422360425,0.8399020433425903,0.8563218116760254,0.8468332886695862,0.7802951335906982
sub-cp030_ses-20211025_level-02B_run-008,sub-cp030,5,hybrid,1000,42,51,50,"{""centroids_per_class"":3,""epochs"":1,""learning_rate"":0.1,""margin_threshold"":0.0}",1,1,2.0,0.05,2.1422250319426857,2.1422250319426857,0.8645930886268616,0.8781604170799255,0.8772255182266235,0.758921205997467
sub-cp030_ses-20211025_level-02B_run-010,sub-cp030,5,hybrid,1000,42,51,50,"{""centroids_per_class"":3,""epochs"":1,""learning_rate"":0.1,""margin_threshold"":0.0}",1,0,2.0,0.05,1.8384115500329552,1.8384115500329552,0.8830480575561523,0.8665859699249268,0.8465871810913086,0.7534780502319336
sub-cp030_ses-20211025_level-03B_run-002,sub-cp030,5,hybrid,1000,42,51,50,"{""centroids_per_class"":3,""epochs"":1,""learning_rate"":0.1,""margin_threshold"":0.0}",2,1,3.0,0.05,2.642003580899326,2.642003580899326,0.7885611653327942,0.8358924984931946,0.8126567006111145,0.8232332468032837
sub-cp030_ses-20211025_level-03B_run-011,sub-cp030,5,hybrid,1000,42,51,50,"{""centroids_per_class"":3,""epochs"":1,""learning_rate"":0.1,""margin_threshold"":0.0}",2,2,3.0,0.05,2.4519276746747924,2.4519276746747924,0.848528265953064,0.875247597694397,0.8948357105255127,0.8179209232330322
sub-cp030_ses-20211025_level-04B_run-004,sub-cp030,5,hybrid,1000,42,51,50,"{""centroids_per_class"":3,""epochs"":1,""learning_rate"":0.1,""margin_threshold"":0.0}",3,3,4.0,0.05,2.7311041211949187,2.7311041211949187,0.8054947853088379,0.8189565539360046,0.8034629225730896,0.8379800319671631
sub-cp030_ses-20211025_level-04B_run-006,sub-cp030,5,hybrid,1000,42,51,50,"{""centroids_per_class"":3,""epochs"":1,""learning_rate"":0.1,""margin_threshold"":0.0}",3,3,4.0,0.05,3.063257699288112,3.063257699288112,0.7666030526161194,0.7873005867004395,0.7905569076538086,0.8362754583358765
sub-cp030_ses-20211025_level-04B_run-009,sub-cp030,5,hybrid,1000,42,51,50,"{""centroids_per_class"":3,""epochs"":1,""learning_rate"":0.1,""margin_threshold"":0.0}",3,3,4.0,0.05,3.2532523797486235,3.2532523797486235,0.8062544465065002,0.839790403842926,0.8508159518241882,0.9044448137283325
sub-cp032_ses-20211105_level-01B_run-001,sub-cp032,5,hybrid,1000,42,51,50,"{""centroids_per_class"":3,""epochs"":1,""learning_rate"":0.1,""margin_threshold"":0.0}",0,1,1.0,0.05,2.029578497917876,2.029578497917876,0.8694981336593628,0.886580228805542,0.8529999256134033,0.786346435546875
sub-cp032_ses-20211105_level-01B_run-007,sub-cp032,5,hybrid,1000,42,51,50,"{""centroids_per_class"":3,""epochs"":1,""learning_rate"":0.1,""margin_threshold"":0.0}",0,0,1.0,0.05,1.9424617943253908,1.9424617943253908,0.8852862119674683,0.877358078956604,0.8545278906822205,0.7925050258636475
sub-cp032_ses-20211105_level-01B_run-012,sub-cp032,5,hybrid,1000,42,51,50,"{""centroids_per_class"":3,""epochs"":1,""learning_rate"":0.1,""margin_threshold"":0.0}",0,1,1.0,0.05,1.918368350220691,1.918368350220691,0.884707510471344,0.8887659907341003,0.8455119729042053,0.7935092449188232
sub-cp032_ses-20211105_level-02B_run-003,sub-cp032,5,hybrid,1000,42,51,50,"{""centroids_per_class"":3,""epochs"":1,""learning_rate"":0.1,""margin_threshold"":0.0}",1,1,2.0,0.05,2.1117451025280296,2.1117451025280296,0.8624995350837708,0.8897742033004761,0.8641726970672607,0.7831307053565979
sub-cp032_ses-20211105_level-02B_run-008,sub-cp032,5,hybrid,1000,42,51,50,"{""centroids_per_class"":3,""epochs"":1,""learning_rate"":0.1,""margin_threshold"":0.0}",1,1,2.0,0.05,2.0981986741630325,2.0981986741630325,0.8634392619132996,0.872931957244873,0.860319197177887,0.7815433740615845
sub-cp032_ses-20211105_level-02B_run-010,sub-cp032,5,hybrid,1000,42,51,50,"{""centroids_per_class"":3,""epochs"":1,""learning_rate"":0.1,""margin_threshold"":0.0}",1,2,2.0,0.05,2.2046185400252156,2.2046185400252156,0.8635586500167847,0.8787825107574463,0.8851519823074341,0.7663781046867371
sub-cp032_ses-20211105_level-03B_run-002,sub-cp032,5,hybrid,1000,42,51,50,"{""centroids_per_class"":3,""epochs"":1,""learning_rate"":0.1,""margin_threshold"":0.0}",2,2,3.0,0.05,2.437691075463267,2.437691075463267,0.8438693881034851,0.8855637907981873,0.9067642092704773,0.7835065722465515
sub-cp032_ses-20211105_level-03B_run-005,sub-cp032,5,hybrid,1000,42,51,50,"{""centroids_per_class"":3,""epochs"":1,""learning_rate"":0.1,""margin_threshold"":0.0}",2,2,3.0,0.05,2.282046791699349,2.282046791699349,0.8465530872344971,0.8728811740875244,0.8754062056541443,0.7829071879386902
sub-cp032_ses-20211105_level-03B_run-011,sub-cp032,5,hybrid,1000,42,51,50,"{""centroids_per_class"":3,""epochs"":1,""learning_rate"":0.1,""margin_threshold"":0.0}",2,1,3.0,0.05,2.3618846389048893,2.3618846389048893,0.8402637839317322,0.8843585252761841,0.8828881978988647,0.8004854321479797
sub-cp032_ses-20211105_level-04B_run-004,sub-cp032,5,hybrid,1000,42,51,50,"{""centroids_per_class"":3,""epochs"":1,""learning_rate"":0.1,""margin_threshold"":0.0}",3,3,4.0,0.05,2.8286129901001473,2.8286129901001473,0.841728687286377,0.8643785715103149,0.8702870011329651,0.8858088254928589
sub-cp032_ses-20211105_level-04B_run-006,sub-cp032,5,hybrid,1000,42,51,50,"{""centroids_per_class"":3,""epochs"":1,""learning_rate"":0.1,""margin_threshold"":0.0}",3,3,4.0,0.05,3.1132607311907505,3.1132607311907505,0.8101285696029663,0.8272060751914978,0.8182078003883362,0.8830580711364746
sub-cp032_ses-20211105_level-04B_run-009,sub-cp032,5,hybrid,1000,42,51,50,"{""centroids_per_class"":3,""epochs"":1,""learning_rate"":0.1,""margin_threshold"":0.0}",3,3,4.0,0.05,3.1623942827482736,3.1623942827482736,0.8331275582313538,0.8461514711380005,0.8534331321716309,0.9102211594581604
sub-cp035_ses-20220125_level-01B_run-001,sub-cp035,5,hybrid,1000,42,51,50,"{""centroids_per_class"":3,""epochs"":1,""learning_rate"":0.1,""margin_threshold"":0.0}",0,1,1.0,0.05,2.1488674662726863,2.1488674662726863,0.8532730340957642,0.8821298480033875,0.8508456349372864,0.7972071170806885
sub-cp035_ses-20220125_level-01B_run-007,sub-cp035,5,hybrid,1000,42,51,50,"{""centroids_per_class"":3,""epochs"":1,""learning_rate"":0.1,""margin_threshold"":0.0}",0,0,1.0,0.05,1.8762071910891513,1.8762071910891513,0.9064738154411316,0.8908793926239014,0.8628562092781067,0.8111931085586548
sub-cp035_ses-20220125_level-01B_run-012,sub-cp035,5,hybrid,1000,42,51,50,"{""centroids_per_class"":3,""epochs"":1,""learning_rate"":0.1,""margin_threshold"":0.0}",0,0,1.0,0.05,1.8736084088522758,1.8736084088522758,0.8906853199005127,0.8672102689743042,0.8283141851425171,0.8153217434883118
sub-cp035_ses-20220125_level-02B_run-003,sub-cp035,5,hybrid,1000,42,51,50,"{""centroids_per_class"":3,""epochs"":1,""learning_rate"":0.1,""margin_threshold"":0.0}",1,1,2.0,0.05,2.1751421462729357,2.1751421462729357,0.8453456163406372,0.897606372833252,0.8541411757469177,0.7966987490653992
sub-cp035_ses-20220125_level-02B_run-008,sub-cp035,5,hybrid,1000,42,51,50,"{""centroids_per_class"":3,""epochs"":1,""learning_rate"":0.1,""margin_threshold"":0.0}",1,1,2.0,0.05,2.153778827137116,2.153778827137116,0.857839822769165,0.9174147844314575,0.8792847394943237,0.7761825323104858
sub-cp035_ses-20220125_level-02B_run-010,sub-cp035,5,hybrid,1000,42,51,50,"{""centroids_per_class"":3,""epochs"":1,""learning_rate"":0.1,""margin_threshold"":0.0}",1,1,2.0,0.05,2.246920391924741,2.246920391924741,0.8602049946784973,0.9049645066261292,0.8844385147094727,0.8089234828948975
sub-cp035_ses-20220125_level-03B_run-002,sub-cp035,5,hybrid,1000,42,51,50,"{""centroids_per_class"":3,""epochs"":1,""learning_rate"":0.1,""margin_threshold"":0.0}",2,2,3.0,0.05,2.5432535432508576,2.5432535432508576,0.7846646308898926,0.8601177930831909,0.8647003769874573,0.7934397459030151
sub-cp035_ses-20220125_level-03B_run-005,sub-cp035,5,hybrid,1000,42,51,50,"{""centroids_per_class"":3,""epochs"":1,""learning_rate"":0.1,""margin_threshold"":0.0}",2,2,3.0,0.05,2.5032181207892235,2.5032181207892235,0.835533618927002,0.878617525100708,0.8952258825302124,0.8180517554283142
sub-cp035_ses-20220125_level-03B_run-011,sub-cp035,5,hybrid,1000,42,51,50,"{""centroids_per_class"":3,""epochs"":1,""learning_rate"":0.1,""margin_threshold"":0.0}",2,2,3.0,0.05,2.423065661970235,2.423065661970235,0.8432445526123047,0.8944620490074158,0.9012781381607056,0.8067357540130615
sub-cp035_ses-20220125_level-04B_run-004,sub-cp035,5,hybrid,1000,42,51,50,"{""centroids_per_class"":3,""epochs"":1,""learning_rate"":0.1,""margin_threshold"":0.0}",3,3,4.0,0.05,3.4110831049750083,3.4110831049750083,0.7931541204452515,0.8225709199905396,0.8447480797767639,0.910091757774353
sub-cp035_ses-20220125_level-04B_run-006,sub-cp035,5,hybrid,1000,42,51,50,"{""centroids_per_class"":3,""epochs"":1,""learning_rate"":0.1,""margin_threshold"":0.0}",3,3,4.0,0.05,3.3646785446265373,3.3646785446265373,0.8091633319854736,0.8218709826469421,0.853256344795227,0.9123673439025879
sub-cp035_ses-20220125_level-04B_run-009,sub-cp035,5,hybrid,1000,42,51,50,"{""centroids_per_class"":3,""epochs"":1,""learning_rate"":0.1,""margin_threshold"":0.0}",3,3,4.0,0.05,3.3590150293460557,3.3590150293460557,0.8009093999862671,0.8138184547424316,0.8500715494155884,0.904393196105957
sub-cp005_ses-20210226_level-01B_run-001,sub-cp005,5,hybrid,1000,43,51,50,"{""centroids_per_class"":3,""epochs"":1,""learning_rate"":0.1,""margin_threshold"":0.0}",0,0,1.0,0.05,1.6744322026280793,1.6744322026280793,0.8881720304489136,0.8570895195007324,0.8071960806846619,0.7740163207054138
sub-cp005_ses-20210226_level-01B_run-007,sub-cp005,5,hybrid,1000,43,51,50,"{""centroids_per_class"":3,""epochs"":1,""learning_rate"":0.1,""margin_threshold"":0.0}",0,0,1.0,0.05,1.863290277631464,1.863290277631464,0.9067846536636353,0.9030312299728394,0.8567383289337158,0.8116433024406433
sub-cp005_ses-20210226_level-01B_run-012,sub-cp005,5,hybrid,1000,43,51,50,"{""centroids_per_class"":3,""epochs"":1,""learning_rate"":0.1,""margin_threshold"":0.0}",0,0,1.0,0.05,1.6505227234329647,1.6505227234329647,0.9174144268035889,0.8989761471748352,0.8289543986320496,0.7886260151863098
sub-cp005_ses-20210226_level-02B_run-003,sub-cp005,5,hybrid,1000,43,51,50,"{""centroids_per_class"":3,""epochs"":1,""learning_rate"":0.1,""margin_threshold"":0.0}",1,2,2.0,0.05,2.4330981807618963,2.4330981807618963,0.8255932927131653,0.8370174765586853,0.852957546710968,0.8030105829238892
sub-cp005_ses-20210226_level-02B_run-008,sub-cp005,5,hybrid,1000,43,51,50,"{""centroids_per_class"":3,""epochs"":1,""learning_rate"":0.1,""margin_threshold"":0.0}",1,1,2.0,0.05,2.007494435792129,2.007494435792129,0.8882051110267639,0.9315518140792847,0.8778366446495056,0.7777326703071594
sub-cp005_ses-20210226_level-02B_run-010,sub-cp005,5,hybrid,1000,43,51,50,"{""centroids_per_class"":3,""epochs"":1,""learning_rate"":0.1,""margin_threshold"":0.0}",1,1,2.0,0.05,2.110452933051943,2.110452933051943,0.8865041732788086,0.9048944115638733,0.8833736181259155,0.8130035400390625
sub-cp005_ses-20210226_level-03B_run-002,sub-cp005,5,hybrid,1000,43,51,50,"{""centroids_per_class"":3,""epochs"":1,""learning_rate"":0.1,""margin_threshold"":0.0}",2,3,3.0,0.05,3.054706954874148,3.054706954874148,0.738105297088623,0.7740151286125183,0.8121240139007568,0.8156538009643555
sub-cp005_ses-20210226_level-03B_run-005,sub-cp005,5,hybrid,1000,43,51,50,"{""centroids_per_class"":3,""epochs"":1,""learning_rate"":0.1,""margin_threshold"":0.0}",2,2,3.0,0.05,2.4257022193382793,2.4257022193382793,0.8480268716812134,0.861961305141449,0.8820433616638184,0.8174601793289185
sub-cp005_ses-20210226_level-03B_run-011,sub-cp005,5,hybrid,1000,43,51,50,"{""centroids_per_class"":3,""epochs"":1,""learning_rate"":0.1,""margin_threshold"":0.0}",2,2,3.0,0.05,2.7953657382327854,2.7953657382327854,0.8348078727722168,0.8561626076698303,0.9030404090881348,0.8652275800704956
sub-cp005_ses-20210226_level-04B_run-004,sub-cp005,5,hybrid,1000,43,51,50,"{""centroids_per_class"":3,""epochs"":1,""learning_rate"":0.1,""margin_threshold"":0.0}",3,3,4.0,0.05,2.876262557327184,2.876262557327184,0.7871404886245728,0.7566372752189636,0.7969231009483337,0.8207728862762451
sub-cp005_ses-20210226_level-04B_run-006,sub-cp005,5,hybrid,1000,43,51,50,"{""centroids_per_class"":3,""epochs"":1,""learning_rate"":0.1,""margin_threshold"":0.0}",3,3,4.0,0.05,3.43814034124449,3.43814034124449,0.8170315027236938,0.8128565549850464,0.8545277714729309,0.9231128096580505
sub-cp005_ses-20210226_level-04B_run-009,sub-cp005,5,hybrid,1000,43,51,50,"{""centroids_per_class"":3,""epochs"":1,""learning_rate"":0.1,""margin_threshold"":0.0}",3,3,4.0,0.05,2.612113968908885,2.612113968908885,0.8533381819725037,0.8185935616493225,0.8427037596702576,0.8605762124061584
sub-cp017_ses-20210521_level-01B_run-001,sub-cp017,5,hybrid,1000,43,51,50,"{""centroids_per_class"":3,""epochs"":1,""learning_rate"":0.1,""margin_threshold"":0.0}",0,0,1.0,0.05,1.827819918752673,1.827819918752673,0.9129287600517273,0.8893809914588928,0.8606058359146118,0.8153671622276306
sub-cp017_ses-20210521_level-01B_run-007,sub-cp017,5,hybrid,1000,43,51,50,"{""centroids_per_class"":3,""epochs"":1,""learning_rate"":0.1,""margin_threshold"":0.0}",0,0,1.0,0.05,1.7338032745610823,1.7338032745610823,0.9016872048377991,0.8899468183517456,0.83477383852005,0.7780582904815674
sub-cp017_ses-20210521_level-01B_run-012,sub-cp017,5,hybrid,1000,43,51,50,"{""centroids_per_class"":3,""epochs"":1,""learning_rate"":0.1,""margin_threshold"":0.0}",0,1,1.0,0.05,1.7590442796076973,1.7590442796076973,0.8737632632255554,0.8748539090156555,0.8115718960762024,0.7402125000953674
sub-cp017_ses-20210521_level-02B_run-003,sub-cp017,5,hybrid,1000,43,51,50,"{""centroids_per_class"":3,""epochs"":1,""learning_rate"":0.1,""margin_threshold"":0.0}",1,1,2.0,0.05,2.1561393889342453,2.1561393889342453,0.8729690313339233,0.933534562587738,0.8994433879852295,0.7725607752799988
sub-cp017_ses-20210521_level-02B_run-008,sub-cp017,5,hybrid,1000,43,51,50,"{""centroids_per_class"":3,""epochs"":1,""learning_rate"":0.1,""margin_threshold"":0.0}",1,1,2.0,0.05,2.109022761353427,2.109022761353427,0.8674875497817993,0.880982518196106,0.8622725009918213,0.795606791973114
sub-cp017_ses-20210521_level-02B_run-010,sub-cp017,5,hybrid,1000,43,51,50,"{""centroids_per_class"":3,""epochs"":1,""learning_rate"":0.1,""margin_threshold"":0.0}",1,0,2.0,0.05,1.9715594415188054,1.9715594415188054,0.8893523812294006,0.8892621397972107,0.8546726703643799,0.8116950392723083
sub-cp017_ses-20210521_level-03B_run-002,sub-cp017,5,hybrid,1000,43,51,50,"{""centroids_per_class"":3,""epochs"":1,""learning_rate"":0.1,""margin_threshold"":0.0}",2,2,3.0,0.05,2.29724767529182,2.29724767529182,0.8536437153816223,0.8898963332176208,0.8939031362533569,0.7729254364967346
sub-cp017_ses-20210521_level-03B_run-005,sub-cp017,5,hybrid,1000,43,51,50,"{""centroids_per_class"":3,""epochs"":1,""learning_rate"":0.1,""margin_threshold"":0.0}",2,1,3.0,0.05,2.156567401336918,2.156567401336918,0.8871111869812012,0.8877103328704834,0.8870430588722229,0.8190690279006958
sub-cp017_ses-20210521_level-03B_run-011,sub-cp017,5,hybrid,1000,43,51,50,"{""centroids_per_class"":3,""epochs"":1,""learning_rate"":0.1,""margin_threshold"":0.0}",2,2,3.0,0.05,2.2358535571988245,2.2358535571988245,0.8833969235420227,0.8999507427215576,0.9064971804618835,0.8027188777923584
sub-cp017_ses-20210521_level-04B_run-004,sub-cp017,5,hybrid,1000,43,51,50,"{""centroids_per_class"":3,""epochs"":1,""learning_rate"":0.1,""margin_threshold"":0.0}",3,3,4.0,0.05,3.1584680859391137,3.1584680859391137,0.834375262260437,0.8335317969322205,0.8521543145179749,0.9059773087501526
sub-cp017_ses-20210521_level-04B_run-006,sub-cp017,5,hybrid,1000,43,51,50,"{""centroids_per_class"":3,""epochs"":1,""learning_rate"":0.1,""margin_threshold"":0.0}",3,3,4.0,0.05,3.2615561535832276,3.2615561535832276,0.8282768726348877,0.8158891797065735,0.8358682990074158,0.9067947268486023
sub-cp017_ses-20210521_level-04B_run-009,sub-cp017,5,hybrid,1000,43,51,50,"{""centroids_per_class"":3,""epochs"":1,""learning_rate"":0.1,""margin_threshold"":0.0}",3,3,4.0,0.05,3.056500562564972,3.056500562564972,0.8388315439224243,0.8220827579498291,0.8472175598144531,0.8946132659912109
sub-cp022_ses-20210621_level-01B_run-001,sub-cp022,5,hybrid,1000,43,51,50,"{""centroids_per_class"":3,""epochs"":1,""learning_rate"":0.1,""margin_threshold"":0.0}",0,0,1.0,0.05,2.1343522588506403,2.1343522588506403,0.8592155575752258,0.8490176200866699,0.8181577920913696,0.8206737637519836
sub-cp022_ses-20210621_level-01B_run-007,sub-cp022,5,hybrid,1000,43,51,50,"{""centroids_per_class"":3,""epochs"":1,""learning_rate"":0.1,""margin_threshold"":0.0}",0,0,1.0,0.05,2.210690991680891,2.210690991680891,0.8565362095832825,0.8409588932991028,0.8362742066383362,0.8186471462249756
sub-cp022_ses-20210621_level-01B_run-012,sub-cp022,5,hybrid,1000,43,51,50,"{""centroids_per_class"":3,""epochs"":1,""learning_rate"":0.1,""margin_threshold"":0.0}",0,1,1.0,0.05,2.127488314984253,2.127488314984253,0.8864651918411255,0.9013679027557373,0.8796033263206482,0.8241640329360962
sub-cp022_ses-20210621_level-02B_run-003,sub-cp022,5,hybrid,1000,43,51,50,"{""centroids_per_class"":3,""epochs"":1,""learning_rate"":0.1,""margin_threshold"":0.0}",1,0,2.0,0.05,2.2117625672249375,2.2117625672249375,0.868570864200592,0.8448502421379089,0.8468867540359497,0.8303529024124146
sub-cp022_ses-20210621_level-02B_run-008,sub-cp022,5,hybrid,1000,43,51,50,"{""centroids_per_class"":3,""epochs"":1,""learning_rate"":0.1,""margin_threshold"":0.0}",1,1,2.0,0.05,2.20227813591619,2.20227813591619,0.8457264304161072,0.8539518117904663,0.831893265247345,0.8074324727058411
sub-cp022_ses-20210621_level-02B_run-010,sub-cp022,5,hybrid,1000,43,51,50,"{""centroids_per_class"":3,""epochs"":1,""learning_rate"":0.1,""margin_threshold"":0.0}",1,1,2.0,0.05,2.403020380988708,2.403020380988708,0.8660517334938049,0.89487624168396,0.873593807220459,0.8603943586349487
sub-cp022_ses-20210621_level-03B_run-002,sub-cp022,5,hybrid,1000,43,51,50,"{""centroids_per_class"":3,""epochs"":1,""learning_rate"":0.1,""margin_threshold"":0.0}",2,2,3.0,0.05,2.9987815262611477,2.9987815262611477,0.8154546618461609,0.8257073760032654,0.8835576176643372,0.8738647103309631
sub-cp022_ses-20210621_level-03B_run-005,sub-cp022,5,hybrid,1000,43,51,50,"{""centroids_per_class"":3,""epochs"":1,""learning_rate"":0.1,""margin_threshold"":0.0}",2,2,3.0,0.05,2.75265377800955,2.75265377800955,0.8202573657035828,0.8399209380149841,0.8837087154388428,0.8435640335083008
sub-cp022_ses-20210621_level-03B_run-011,sub-cp022,5,hybrid,1000,43,51,50,"{""centroids_per_class"":3,""epochs"":1,""learning_rate"":0.1,""margin_threshold"":0.0}",2,2,3.0,0.05,2.747793623969359,2.747793623969359,0.8468738794326782,0.8488806486129761,0.8918443322181702,0.867885410785675
sub-cp022_ses-20210621_level-04B_run-004,sub-cp022,5,hybrid,1000,43,51,50,"{""centroids_per_class"":3,""epochs"":1,""learning_rate"":0.1,""margin_threshold"":0.0}",3,3,4.0,0.05,3.116425006523297,3.116425006523297,0.8370324373245239,0.8128284215927124,0.8542109727859497,0.8976258039474487
sub-cp022_ses-20210621_level-04B_run-006,sub-cp022,5,hybrid,1000,43,51,50,"{""centroids_per_class"":3,""epochs"":1,""learning_rate"":0.1,""margin_threshold"":0.0}",3,3,4.0,0.05,3.1832971476765444,3.1832971476765444,0.8055745959281921,0.8204172849655151,0.8561559915542603,0.8883920907974243
sub-cp022_ses-20210621_level-04B_run-009,sub-cp022,5,hybrid,1000,43,51,50,"{""centroids_per_class"":3,""epochs"":1,""learning_rate"":0.1,""margin_threshold"":0.0}",3,3,4.0,0.05,3.1389120327141526,3.1389120327141526,0.7970619797706604,0.8152475357055664,0.856523871421814,0.8766935467720032
sub-cp028_ses-20211214_level-01B_run-001,sub-cp028,5,hybrid,1000,43,51,50,"{""centroids_per_class"":3,""epochs"":1,""learning_rate"":0.1,""margin_threshold"":0.0}",0,0,1.0,0.05,1.8803840976745665,1.8803840976745665,0.8595602512359619,0.850804328918457,0.8042961955070496,0.7773281335830688
sub-cp028_ses-20211214_level-01B_run-007,sub-cp028,5,hybrid,1000,43,51,50,"{""centroids_per_class"":3,""epochs"":1,""learning_rate"":0.1,""margin_threshold"":0.0}",0,0,1.0,0.05,1.8771677443463357,1.8771677443463357,0.8834174275398254,0.8421967029571533,0.8263901472091675,0.8074293732643127
sub-cp028_ses-20211214_level-01B_run-012,sub-cp028,5,hybrid,1000,43,51,50,"{""centroids_per_class"":3,""epochs"":1,""learning_rate"":0.1,""margin_threshold"":0.0}",0,0,1.0,0.05,1.883962218430033,1.883962218430033,0.8313542008399963,0.7831516265869141,0.7778688073158264,0.7547003030776978
sub-cp028_ses-20211214_level-02B_run-003,sub-cp028,5,hybrid,1000,43,51,50,"{""centroids_per_class"":3,""epochs"":1,""learning_rate"":0.1,""margin_threshold"":0.0}",1,1,2.0,0.05,2.170135537154296,2.170135537154296,0.8629148006439209,0.8857265710830688,0.8662135004997253,0.8030077219009399
sub-cp028_ses-20211214_level-02B_run-008,sub-cp028,5,hybrid,1000,43,51,50,"{""centroids_per_class"":3,""epochs"":1,""learning_rate"":0.1,""margin_threshold"":0.0}",1,0,2.0,0.05,1.732575288496551,1.732575288496551,0.9113074541091919,0.8957222700119019,0.8394609689712524,0.7980848550796509
sub-cp028_ses-20211214_level-02B_run-010,sub-cp028,5,hybrid,1000,43,51,50,"{""centroids_per_class"":3,""epochs"":1,""learning_rate"":0.1,""margin_threshold"":0.0}",1,1,2.0,0.05,2.059697719390993,2.059697719390993,0.886355459690094,0.9210739135742188,0.8734353184700012,0.8136265873908997
sub-cp028_ses-20211214_level-03B_run-002,sub-cp028,5,hybrid,1000,43,51,50,"{""centroids_per_class"":3,""epochs"":1,""learning_rate"":0.1,""margin_threshold"":0.0}",2,2,3.0,0.05,2.3544734761524944,2.3544734761524944,0.834450364112854,0.8545572757720947,0.871952474117279,0.7766371369361877
sub-cp028_ses-20211214_level-03B_run-005,sub-cp028,5,hybrid,1000,43,51,50,"{""centroids_per_class"":3,""epochs"":1,""learning_rate"":0.1,""margin_threshold"":0.0}",2,2,3.0,0.05,2.5268030971050766,2.5268030971050766,0.8550302982330322,0.8632234334945679,0.9168172478675842,0.8028825521469116
sub-cp028_ses-20211214_level-03B_run-011,sub-cp028,5,hybrid,1000,43,51,50,"{""centroids_per_class"":3,""epochs"":1,""learning_rate"":0.1,""margin_threshold"":0.0}",2,2,3.0,0.05,2.3582545094278022,2.3582545094278022,0.8695687651634216,0.8585342168807983,0.900748610496521,0.8046666383743286
sub-cp028_ses-20211214_level-04B_run-004,sub-cp028,5,hybrid,1000,43,51,50,"{""centroids_per_class"":3,""epochs"":1,""learning_rate"":0.1,""margin_threshold"":0.0}",3,3,4.0,0.05,3.2518154579246414,3.2518154579246414,0.825110673904419,0.8274070620536804,0.8700439929962158,0.9111435413360596
sub-cp028_ses-20211214_level-04B_run-006,sub-cp028,5,hybrid,1000,43,51,50,"{""centroids_per_class"":3,""epochs"":1,""learning_rate"":0.1,""margin_threshold"":0.0}",3,3,4.0,0.05,2.979171504209792,2.979171504209792,0.834137499332428,0.8134691715240479,0.8556795716285706,0.8807816505432129
sub-cp028_ses-20211214_level-04B_run-009,sub-cp028,5,hybrid,1000,43,51,50,"{""centroids_per_class"":3,""epochs"":1,""learning_rate"":0.1,""margin_threshold"":0.0}",3,3,4.0,0.05,3.052242867110344,3.052242867110344,0.839597761631012,0.7966620326042175,0.8477024435997009,0.88927161693573
sub-cp030_ses-20211025_level-01B_run-001,sub-cp030,5,hybrid,1000,43,51,50,"{""centroids_per_class"":3,""epochs"":1,""learning_rate"":0.1,""margin_threshold"":0.0}",0,0,1.0,0.05,1.6999564582041145,1.6999564582041145,0.8708353042602539,0.8388232588768005,0.795366108417511,0.760749340057373
sub-cp030_ses-20211025_level-01B_run-007,sub-cp030,5,hybrid,1000,43,51,50,"{""centroids_per_class"":3,""epochs"":1,""learning_rate"":0.1,""margin_threshold"":0.0}",0,0,1.0,0.05,1.4966392341821866,1.4966392341821866,0.8959820866584778,0.8235740661621094,0.7976415157318115,0.7609182000160217
sub-cp030_ses-20211025_level-01B_run-012,sub-cp030,5,hybrid,1000,43,51,50,"{""centroids_per_class"":3,""epochs"":1,""learning_rate"":0.1,""margin_threshold"":0.0}",0,0,1.0,0.05,1.6333448998017306,1.6333448998017306,0.8753206133842468,0.838179349899292,0.7865744829177856,0.7581634521484375
sub-cp030_ses-20211025_level-02B_run-003,sub-cp030,5,hybrid,1000,43,51,50,"{""centroids_per_class"":3,""epochs"":1,""learning_rate"":0.1,""margin_threshold"":0.0}",1,0,2.0,0.05,1.9518092726173237,1.9518092726173237,0.8423635959625244,0.8311482667922974,0.8149304986000061,0.7475904822349548
sub-cp030_ses-20211025_level-02B_run-008,sub-cp030,5,hybrid,1000,43,51,50,"{""centroids_per_class"":3,""epochs"":1,""learning_rate"":0.1,""margin_threshold"":0.0}",1,0,2.0,0.05,1.914157591474977,1.914157591474977,0.889694094657898,0.8825110197067261,0.8579759001731873,0.7863470315933228
sub-cp030_ses-20211025_level-02B_run-010,sub-cp030,5,hybrid,1000,43,51,50,"{""centroids_per_class"":3,""epochs"":1,""learning_rate"":0.1,""margin_threshold"":0.0}",1,0,2.0,0.05,1.8300074380147626,1.8300074380147626,0.89329993724823,0.8588804006576538,0.8482638001441956,0.7889609932899475
sub-cp030_ses-20211025_level-03B_run-002,sub-cp030,5,hybrid,1000,43,51,50,"{""centroids_per_class"":3,""epochs"":1,""learning_rate"":0.1,""margin_threshold"":0.0}",2,2,3.0,0.05,2.6457511656777832,2.6457511656777832,0.8002092838287354,0.8021649718284607,0.8286126255989075,0.8113443851470947
sub-cp030_ses-20211025_level-03B_run-011,sub-cp030,5,hybrid,1000,43,51,50,"{""centroids_per_class"":3,""epochs"":1,""learning_rate"":0.1,""margin_threshold"":0.0}",2,2,3.0,0.05,2.5818083689058993,2.5818083689058993,0.8365143537521362,0.8676254153251648,0.8949615955352783,0.8329178690910339
sub-cp030_ses-20211025_level-04B_run-004,sub-cp030,5,hybrid,1000,43,51,50,"{""centroids_per_class"":3,""epochs"":1,""learning_rate"":0.1,""margin_threshold"":0.0}",3,0,4.0,0.05,2.328477881652906,2.328477881652906,0.838829755783081,0.7742127180099487,0.8011550307273865,0.818026065826416
sub-cp030_ses-20211025_level-04B_run-006,sub-cp030,5,hybrid,1000,43,51,50,"{""centroids_per_class"":3,""epochs"":1,""learning_rate"":0.1,""margin_threshold"":0.0}",3,3,4.0,0.05,3.2605532769221925,3.2605532769221925,0.7715865969657898,0.7896405458450317,0.8314264416694641,0.8664623498916626
sub-cp030_ses-20211025_level-04B_run-009,sub-cp030,5,hybrid,1000,43,51,50,"{""centroids_per_class"":3,""epochs"":1,""learning_rate"":0.1,""margin_threshold"":0.0}",3,3,4.0,0.05,3.263966420134188,3.263966420134188,0.8086450099945068,0.8209176063537598,0.8568708896636963,0.8999674916267395
sub-cp032_ses-20211105_level-01B_run-001,sub-cp032,5,hybrid,1000,43,51,50,"{""centroids_per_class"":3,""epochs"":1,""learning_rate"":0.1,""margin_threshold"":0.0}",0,0,1.0,0.05,2.0352588875924638,2.0352588875924638,0.8909334540367126,0.8617556095123291,0.8637516498565674,0.8219822645187378
sub-cp032_ses-20211105_level-01B_run-007,sub-cp032,5,hybrid,1000,43,51,50,"{""centroids_per_class"":3,""epochs"":1,""learning_rate"":0.1,""margin_threshold"":0.0}",0,0,1.0,0.05,2.094325338258277,2.094325338258277,0.8765680193901062,0.8599134087562561,0.8559512495994568,0.8155384063720703
sub-cp032_ses-20211105_level-01B_run-012,sub-cp032,5,hybrid,1000,43,51,50,"{""centroids_per_class"":3,""epochs"":1,""learning_rate"":0.1,""margin_threshold"":0.0}",0,0,1.0,0.05,1.9992891261828807,1.9992891261828807,0.9029154777526855,0.8759591579437256,0.8560646772384644,0.8432626128196716
sub-cp032_ses-20211105_level-02B_run-003,sub-cp032,5,hybrid,1000,43,51,50,"{""centroids_per_class"":3,""epochs"":1,""learning_rate"":0.1,""margin_threshold"":0.0}",1,1,2.0,0.05,2.088508951603643,2.088508951603643,0.8856639266014099,0.8902888298034668,0.8709961771965027,0.819193422794342
sub-cp032_ses-20211105_level-02B_run-008,sub-cp032,5,hybrid,1000,43,51,50,"{""centroids_per_class"":3,""epochs"":1,""learning_rate"":0.1,""margin_threshold"":0.0}",1,0,2.0,0.05,2.179977330930211,2.179977330930211,0.8786686062812805,0.8729561567306519,0.8688108325004578,0.8284953832626343
sub-cp032_ses-20211105_level-02B_run-010,sub-cp032,5,hybrid,1000,43,51,50,"{""centroids_per_class"":3,""epochs"":1,""learning_rate"":0.1,""margin_threshold"":0.0}",1,1,2.0,0.05,2.1295383443573956,2.1295383443573956,0.8761850595474243,0.8968459367752075,0.8702279925346375,0.8152256011962891
sub-cp032_ses-20211105_level-03B_run-002,sub-cp032,5,hybrid,1000,43,51,50,"{""centroids_per_class"":3,""epochs"":1,""learning_rate"":0.1,""margin_threshold"":0.0}",2,2,3.0,0.05,2.3698582001440465,2.3698582001440465,0.875622570514679,0.8816874027252197,0.9083232283592224,0.8235631585121155
sub-cp032_ses-20211105_level-03B_run-005,sub-cp032,5,hybrid,1000,43,51,50,"{""centroids_per_class"":3,""epochs"":1,""learning_rate"":0.1,""margin_threshold"":0.0}",2,2,3.0,0.05,2.2410095923887807,2.2410095923887807,0.8831728100776672,0.8845005035400391,0.8850403428077698,0.8371469974517822
sub-cp032_ses-20211105_level-03B_run-011,sub-cp032,5,hybrid,1000,43,51,50,"{""centroids_per_class"":3,""epochs"":1,""learning_rate"":0.1,""margin_threshold"":0.0}",2,2,3.0,0.05,2.3976439533637635,2.3976439533637635,0.8776243925094604,0.8818325996398926,0.897960364818573,0.850181519985199
sub-cp032_ses-20211105_level-04B_run-004,sub-cp032,5,hybrid,1000,43,51,50,"{""centroids_per_class"":3,""epochs"":1,""learning_rate"":0.1,""margin_threshold"":0.0}",3,3,4.0,0.05,3.147638265835786,3.147638265835786,0.838629424571991,0.8447324633598328,0.8759968876838684,0.912784218788147
sub-cp032_ses-20211105_level-04B_run-006,sub-cp032,5,hybrid,1000,43,51,50,"{""centroids_per_class"":3,""epochs"":1,""learning_rate"":0.1,""margin_threshold"":0.0}",3,3,4.0,0.05,3.3039313574495246,3.3039313574495246,0.8185057640075684,0.8083178997039795,0.8516678810119629,0.9054011106491089
sub-cp032_ses-20211105_level-04B_run-009,sub-cp032,5,hybrid,1000,43,51,50,"{""centroids_per_class"":3,""epochs"":1,""learning_rate"":0.1,""margin_threshold"":0.0}",3,3,4.0,0.05,3.242122744217867,3.242122744217867,0.8418338298797607,0.8449435830116272,0.871781051158905,0.9250684976577759
sub-cp035_ses-20220125_level-01B_run-001,sub-cp035,5,hybrid,1000,43,51,50,"{""centroids_per_class"":3,""epochs"":1,""learning_rate"":0.1,""margin_threshold"":0.0}",0,1,1.0,0.05,2.081635811908797,2.081635811908797,0.8758653402328491,0.8913159370422363,0.8554990887641907,0.8162038326263428
sub-cp035_ses-20220125_level-01B_run-007,sub-cp035,5,hybrid,1000,43,51,50,"{""centroids_per_class"":3,""epochs"":1,""learning_rate"":0.1,""margin_threshold"":0.0}",0,0,1.0,0.05,1.929642862322805,1.929642862322805,0.8959922790527344,0.8885853886604309,0.858018159866333,0.8096421360969543
sub-cp035_ses-20220125_level-01B_run-012,sub-cp035,5,hybrid,1000,43,51,50,"{""centroids_per_class"":3,""epochs"":1,""learning_rate"":0.1,""margin_threshold"":0.0}",0,0,1.0,0.05,1.9836105298892561,1.9836105298892561,0.8855476975440979,0.8720716238021851,0.8506524562835693,0.8122297525405884
sub-cp035_ses-20220125_level-02B_run-003,sub-cp035,5,hybrid,1000,43,51,50,"{""centroids_per_class"":3,""epochs"":1,""learning_rate"":0.1,""margin_threshold"":0.0}",1,1,2.0,0.05,2.3025754039600503,2.3025754039600503,0.8614718914031982,0.8799662590026855,0.8699676394462585,0.8305191993713379
sub-cp035_ses-20220125_level-02B_run-008,sub-cp035,5,hybrid,1000,43,51,50,"{""centroids_per_class"":3,""epochs"":1,""learning_rate"":0.1,""margin_threshold"":0.0}",1,2,2.0,0.05,2.4036432163987973,2.4036432163987973,0.857494592666626,0.8964488506317139,0.9080625176429749,0.8120893239974976
sub-cp035_ses-20220125_level-02B_run-010,sub-cp035,5,hybrid,1000,43,51,50,"{""centroids_per_class"":3,""epochs"":1,""learning_rate"":0.1,""margin_threshold"":0.0}",1,1,2.0,0.05,2.2062398570974233,2.2062398570974233,0.8626514077186584,0.8915672898292542,0.8635885119438171,0.8200545310974121
sub-cp035_ses-20220125_level-03B_run-002,sub-cp035,5,hybrid,1000,43,51,50,"{""centroids_per_class"":3,""epochs"":1,""learning_rate"":0.1,""margin_threshold"":0.0}",2,1,3.0,0.05,2.415430608496125,2.415430608496125,0.8292111754417419,0.8734103441238403,0.8661275506019592,0.8152205944061279
sub-cp035_ses-20220125_level-03B_run-005,sub-cp035,5,hybrid,1000,43,51,50,"{""centroids_per_class"":3,""epochs"":1,""learning_rate"":0.1,""margin_threshold"":0.0}",2,2,3.0,0.05,2.470948067955493,2.470948067955493,0.8563603162765503,0.8860240578651428,0.9058957695960999,0.8297768831253052
sub-cp035_ses-20220125_level-03B_run-011,sub-cp035,5,hybrid,1000,43,51,50,"{""centroids_per_class"":3,""epochs"":1,""learning_rate"":0.1,""margin_threshold"":0.0}",2,2,3.0,0.05,2.4568585340068867,2.4568585340068867,0.8628281354904175,0.8910972476005554,0.9165428876876831,0.8211658596992493
sub-cp035_ses-20220125_level-04B_run-004,sub-cp035,5,hybrid,1000,43,51,50,"{""centroids_per_class"":3,""epochs"":1,""learning_rate"":0.1,""margin_threshold"":0.0}",3,3,4.0,0.05,3.342842538602543,3.342842538602543,0.8203192949295044,0.8212102055549622,0.8501308560371399,0.9146143794059753
sub-cp035_ses-20220125_level-04B_run-006,sub-cp035,5,hybrid,1000,43,51,50,"{""centroids_per_class"":3,""epochs"":1,""learning_rate"":0.1,""margin_threshold"":0.0}",3,3,4.0,0.05,3.2707040024532685,3.2707040024532685,0.8157923817634583,0.8319400548934937,0.8684331774711609,0.9100232124328613
sub-cp035_ses-20220125_level-04B_run-009,sub-cp035,5,hybrid,1000,43,51,50,"{""centroids_per_class"":3,""epochs"":1,""learning_rate"":0.1,""margin_threshold"":0.0}",3,3,4.0,0.05,3.2691548332203304,3.2691548332203304,0.8110495805740356,0.8271423578262329,0.869174599647522,0.9059939980506897
sub-cp005_ses-20210226_level-01B_run-001,sub-cp005,5,hybrid,1000,44,51,50,"{""centroids_per_class"":3,""epochs"":1,""learning_rate"":0.1,""margin_threshold"":0.0}",0,0,1.0,0.05,1.954369093531375,1.954369093531375,0.867999792098999,0.8538175821304321,0.8230471014976501,0.797002375125885
sub-cp005_ses-20210226_level-01B_run-007,sub-cp005,5,hybrid,1000,44,51,50,"{""centroids_per_class"":3,""epochs"":1,""learning_rate"":0.1,""margin_threshold"":0.0}",0,1,1.0,0.05,1.9583937301661556,1.9583937301661556,0.887911856174469,0.9195650219917297,0.8578240871429443,0.7935674786567688
sub-cp005_ses-20210226_level-01B_run-012,sub-cp005,5,hybrid,1000,44,51,50,"{""centroids_per_class"":3,""epochs"":1,""learning_rate"":0.1,""margin_threshold"":0.0}",0,0,1.0,0.05,1.7666549616636926,1.7666549616636926,0.9132209420204163,0.905835747718811,0.8499026298522949,0.7968205213546753
sub-cp005_ses-20210226_level-02B_run-003,sub-cp005,5,hybrid,1000,44,51,50,"{""centroids_per_class"":3,""epochs"":1,""learning_rate"":0.1,""margin_threshold"":0.0}",1,2,2.0,0.05,2.6154837624769534,2.6154837624769534,0.7891843318939209,0.8123429417610168,0.8213785290718079,0.803985595703125
sub-cp005_ses-20210226_level-02B_run-008,sub-cp005,5,hybrid,1000,44,51,50,"{""centroids_per_class"":3,""epochs"":1,""learning_rate"":0.1,""margin_threshold"":0.0}",1,1,2.0,0.05,2.1944891569345697,2.1944891569345697,0.8663405179977417,0.9257588982582092,0.8946664929389954,0.7926239371299744
sub-cp005_ses-20210226_level-02B_run-010,sub-cp005,5,hybrid,1000,44,51,50,"{""centroids_per_class"":3,""epochs"":1,""learning_rate"":0.1,""margin_threshold"":0.0}",1,1,2.0,0.05,2.186327239679073,2.186327239679073,0.8710908889770508,0.9184077978134155,0.8809226155281067,0.8217355608940125
sub-cp005_ses-20210226_level-03B_run-002,sub-cp005,5,hybrid,1000,44,51,50,"{""centroids_per_class"":3,""epochs"":1,""learning_rate"":0.1,""margin_threshold"":0.0}",2,3,3.0,0.05,2.816846948368358,2.816846948368358,0.7694087624549866,0.7682140469551086,0.7815549373626709,0.8043733835220337
sub-cp005_ses-20210226_level-03B_run-005,sub-cp005,5,hybrid,1000,44,51,50,"{""centroids_per_class"":3,""epochs"":1,""learning_rate"":0.1,""margin_threshold"":0.0}",2,2,3.0,0.05,2.613738933265366,2.613738933265366,0.8081607818603516,0.8623392581939697,0.8950502276420593,0.8022485971450806
sub-cp005_ses-20210226_level-03B_run-011,sub-cp005,5,hybrid,1000,44,51,50,"{""centroids_per_class"":3,""epochs"":1,""learning_rate"":0.1,""margin_threshold"":0.0}",2,2,3.0,0.05,2.5309205339850305,2.5309205339850305,0.8575294613838196,0.8640162944793701,0.8793383836746216,0.8554708957672119
sub-cp005_ses-20210226_level-04B_run-004,sub-cp005,5,hybrid,1000,44,51,50,"{""centroids_per_class"":3,""epochs"":1,""learning_rate"":0.1,""margin_threshold"":0.0}",3,3,4.0,0.05,3.227777888469973,3.227777888469973,0.7247809767723083,0.7538219690322876,0.8072924017906189,0.8239214420318604
sub-cp005_ses-20210226_level-04B_run-006,sub-cp005,5,hybrid,1000,44,51,50,"{""centroids_per_class"":3,""epochs"":1,""learning_rate"":0.1,""margin_threshold"":0.0}",3,3,4.0,0.05,3.464554123335339,3.464554123335339,0.8153491020202637,0.8344874382019043,0.8563480377197266,0.9333133697509766
sub-cp005_ses-20210226_level-04B_run-009,sub-cp005,5,hybrid,1000,44,51,50,"{""centroids_per_class"":3,""epochs"":1,""learning_rate"":0.1,""margin_threshold"":0.0}",3,3,4.0,0.05,3.252031168874777,3.252031168874777,0.7908475995063782,0.8068685531616211,0.8323030471801758,0.8811723589897156
sub-cp017_ses-20210521_level-01B_run-001,sub-cp017,5,hybrid,1000,44,51,50,"{""centroids_per_class"":3,""epochs"":1,""learning_rate"":0.1,""margin_threshold"":0.0}",0,0,1.0,0.05,1.8800128390070892,1.8800128390070892,0.9123309850692749,0.9061084985733032,0.8774034976959229,0.7983883023262024
sub-cp017_ses-20210521_level-01B_run-007,sub-cp017,5,hybrid,1000,44,51,50,"{""centroids_per_class"":3,""epochs"":1,""learning_rate"":0.1,""margin_threshold"":0.0}",0,0,1.0,0.05,1.7431973516373733,1.7431973516373733,0.8884851336479187,0.8722943663597107,0.8377740383148193,0.7334558367729187
sub-cp017_ses-20210521_level-01B_run-012,sub-cp017,5,hybrid,1000,44,51,50,"{""centroids_per_class"":3,""epochs"":1,""learning_rate"":0.1,""margin_threshold"":0.0}",0,0,1.0,0.05,1.789325908568537,1.789325908568537,0.8761770725250244,0.8566067814826965,0.83487868309021,0.7291653156280518
sub-cp017_ses-20210521_level-02B_run-003,sub-cp017,5,hybrid,1000,44,51,50,"{""centroids_per_class"":3,""epochs"":1,""learning_rate"":0.1,""margin_threshold"":0.0}",1,1,2.0,0.05,2.1748282307150553,2.1748282307150553,0.8626602292060852,0.9039192795753479,0.8885796070098877,0.7490406632423401
sub-cp017_ses-20210521_level-02B_run-008,sub-cp017,5,hybrid,1000,44,51,50,"{""centroids_per_class"":3,""epochs"":1,""learning_rate"":0.1,""margin_threshold"":0.0}",1,1,2.0,0.05,2.2058051541376007,2.2058051541376007,0.8269756436347961,0.8651601672172546,0.8503958582878113,0.7492130398750305
sub-cp017_ses-20210521_level-02B_run-010,sub-cp017,5,hybrid,1000,44,51,50,"{""centroids_per_class"":3,""epochs"":1,""learning_rate"":0.1,""margin_threshold"":0.0}",1,1,2.0,0.05,1.9731413237622497,1.9731413237622497,0.8852314352989197,0.9133307933807373,0.8637844920158386,0.7820386290550232
sub-cp017_ses-20210521_level-03B_run-002,sub-cp017,5,hybrid,1000,44,51,50,"{""centroids_per_class"":3,""epochs"":1,""learning_rate"":0.1,""margin_threshold"":0.0}",2,2,3.0,0.05,2.5827086691388517,2.5827086691388517,0.8295763731002808,0.8801903128623962,0.9210129976272583,0.785603940486908
sub-cp017_ses-20210521_level-03B_run-005,sub-cp017,5,hybrid,1000,44,51,50,"{""centroids_per_class"":3,""epochs"":1,""learning_rate"":0.1,""margin_threshold"":0.0}",2,2,3.0,0.05,2.3802710964444445,2.3802710964444445,0.8693162798881531,0.8966531753540039,0.912529706954956,0.8167847394943237
sub-cp017_ses-20210521_level-03B_run-011,sub-cp017,5,hybrid,1000,44,51,50,"{""centroids_per_class"":3,""epochs"":1,""learning_rate"":0.1,""margin_threshold"":0.0}",2,2,3.0,0.05,2.6112226554222575,2.6112226554222575,0.8369625806808472,0.8693317770957947,0.9188819527626038,0.8079900741577148
sub-cp017_ses-20210521_level-04B_run-004,sub-cp017,5,hybrid,1000,44,51,50,"{""centroids_per_class"":3,""epochs"":1,""learning_rate"":0.1,""margin_threshold"":0.0}",3,3,4.0,0.05,3.1250439264527645,3.1250439264527645,0.8274216055870056,0.8511995673179626,0.8611711263656616,0.9056249856948853
sub-cp017_ses-20210521_level-04B_run-006,sub-cp017,5,hybrid,1000,44,51,50,"{""centroids_per_class"":3,""epochs"":1,""learning_rate"":0.1,""margin_threshold"":0.0}",3,3,4.0,0.05,3.2550531842293977,3.2550531842293977,0.8039242625236511,0.8400936126708984,0.8507336378097534,0.9038171172142029
sub-cp017_ses-20210521_level-04B_run-009,sub-cp017,5,hybrid,1000,44,51,50,"{""centroids_per_class"":3,""epochs"":1,""learning_rate"":0.1,""margin_threshold"":0.0}",3,3,4.0,0.05,3.1523646725879546,3.1523646725879546,0.8197798728942871,0.8327018022537231,0.8352345824241638,0.8954762816429138
sub-cp022_ses-20210621_level-01B_run-001,sub-cp022,5,hybrid,1000,44,51,50,"{""centroids_per_class"":3,""epochs"":1,""learning_rate"":0.1,""margin_threshold"":0.0}",0,0,1.0,0.05,1.9809118781114172,1.9809118781114172,0.8775879740715027,0.8721371293067932,0.8254513144493103,0.8172943592071533
sub-cp022_ses-20210621_level-01B_run-007,sub-cp022,5,hybrid,1000,44,51,50,"{""centroids_per_class"":3,""epochs"":1,""learning_rate"":0.1,""margin_threshold"":0.0}",0,0,1.0,0.05,2.2458864551747197,2.2458864551747197,0.8432761430740356,0.824826717376709,0.8295955061912537,0.806597113609314
sub-cp022_ses-20210621_level-01B_run-012,sub-cp022,5,hybrid,1000,44,51,50,"{""centroids_per_class"":3,""epochs"":1,""learning_rate"":0.1,""margin_threshold"":0.0}",0,1,1.0,0.05,1.9767514575721168,1.9767514575721168,0.9038299918174744,0.9150673747062683,0.8666825294494629,0.829863429069519
sub-cp022_ses-20210621_level-02B_run-003,sub-cp022,5,hybrid,1000,44,51,50,"{""centroids_per_class"":3,""epochs"":1,""learning_rate"":0.1,""margin_threshold"":0.0}",1,0,2.0,0.05,2.1930825309468527,2.1930825309468527,0.8680235743522644,0.8503986597061157,0.847393274307251,0.8269522190093994
sub-cp022_ses-20210621_level-02B_run-008,sub-cp022,5,hybrid,1000,44,51,50,"{""centroids_per_class"":3,""epochs"":1,""learning_rate"":0.1,""margin_threshold"":0.0}",1,1,2.0,0.05,2.4519365284164887,2.4519365284164887,0.8379835486412048,0.8523500561714172,0.8473111987113953,0.8327364921569824
sub-cp022_ses-20210621_level-02B_run-010,sub-cp022,5,hybrid,1000,44,51,50,"{""centroids_per_class"":3,""epochs"":1,""learning_rate"":0.1,""margin_threshold"":0.0}",1,3,2.0,0.05,2.7742334678646507,2.7742334678646507,0.848924458026886,0.8712100386619568,0.8796981573104858,0.8858535885810852
sub-cp022_ses-20210621_level-03B_run-002,sub-cp022,5,hybrid,1000,44,51,50,"{""centroids_per_class"":3,""epochs"":1,""learning_rate"":0.1,""margin_threshold"":0.0}",2,3,3.0,0.05,3.0166544629706493,3.0166544629706493,0.8045551776885986,0.8343594074249268,0.8708399534225464,0.8737578988075256
sub-cp022_ses-20210621_level-03B_run-005,sub-cp022,5,hybrid,1000,44,51,50,"{""centroids_per_class"":3,""epochs"":1,""learning_rate"":0.1,""margin_threshold"":0.0}",2,2,3.0,0.05,2.65253856335829,2.65253856335829,0.845253050327301,0.860893726348877,0.8915864825248718,0.8558937311172485
sub-cp022_ses-20210621_level-03B_run-011,sub-cp022,5,hybrid,1000,44,51,50,"{""centroids_per_class"":3,""epochs"":1,""learning_rate"":0.1,""margin_threshold"":0.0}",2,2,3.0,0.05,2.7929184016849034,2.7929184016849034,0.8626978397369385,0.8536615371704102,0.900027334690094,0.8883889317512512
sub-cp022_ses-20210621_level-04B_run-004,sub-cp022,5,hybrid,1000,44,51,50,"{""centroids_per_class"":3,""epochs"":1,""learning_rate"":0.1,""margin_threshold"":0.0}",3,3,4.0,0.05,3.2220216899448277,3.2220216899448277,0.8074409365653992,0.8355485796928406,0.8545525670051575,0.8998178243637085
sub-cp022_ses-20210621_level-04B_run-006,sub-cp022,5,hybrid,1000,44,51,50,"{""centroids_per_class"":3,""epochs"":1,""learning_rate"":0.1,""margin_threshold"":0.0}",3,3,4.0,0.05,3.185644055595507,3.185644055595507,0.7820496559143066,0.7972698211669922,0.8162804841995239,0.8636088371276855
sub-cp022_ses-20210621_level-04B_run-009,sub-cp022,5,hybrid,1000,44,51,50,"{""centroids_per_class"":3,""epochs"":1,""learning_rate"":0.1,""margin_threshold"":0.0}",3,3,4.0,0.05,3.2697815343028083,3.2697815343028083,0.8126847743988037,0.8302580714225769,0.8694877028465271,0.9080154299736023
sub-cp028_ses-20211214_level-01B_run-001,sub-cp028,5,hybrid,1000,44,51,50,"{""centroids_per_class"":3,""epochs"":1,""learning_rate"":0.1,""margin_threshold"":0.0}",0,1,1.0,0.05,1.9249343963457233,1.9249343963457233,0.8427755832672119,0.8638690114021301,0.8070171475410461,0.7434509992599487
sub-cp028_ses-20211214_level-01B_run-007,sub-cp028,5,hybrid,1000,44,51,50,"{""centroids_per_class"":3,""epochs"":1,""learning_rate"":0.1,""margin_threshold"":0.0}",0,0,1.0,0.05,1.924051807738897,1.924051807738897,0.8714544773101807,0.8625837564468384,0.826342761516571,0.7920299768447876
sub-cp028_ses-20211214_level-01B_run-012,sub-cp028,5,hybrid,1000,44,51,50,"{""centroids_per_class"":3,""epochs"":1,""learning_rate"":0.1,""margin_threshold"":0.0}",0,0,1.0,0.05,1.8694586872893693,1.8694586872893693,0.8000770807266235,0.7688102126121521,0.739996612071991,0.7233930826187134
sub-cp028_ses-20211214_level-02B_run-003,sub-cp028,5,hybrid,1000,44,51,50,"{""centroids_per_class"":3,""epochs"":1,""learning_rate"":0.1,""margin_threshold"":0.0}",1,1,2.0,0.05,2.2105518257492847,2.2105518257492847,0.841447651386261,0.9057508111000061,0.8675051331520081,0.7902745008468628
sub-cp028_ses-20211214_level-02B_run-008,sub-cp028,5,hybrid,1000,44,51,50,"{""centroids_per_class"":3,""epochs"":1,""learning_rate"":0.1,""margin_threshold"":0.0}",1,1,2.0,0.05,1.925326553145568,1.925326553145568,0.8791797757148743,0.8815008401870728,0.8443637490272522,0.7843670845031738
sub-cp028_ses-20211214_level-02B_run-010,sub-cp028,5,hybrid,1000,44,51,50,"{""centroids_per_class"":3,""epochs"":1,""learning_rate"":0.1,""margin_threshold"":0.0}",1,1,2.0,0.05,1.93988110071965,1.93988110071965,0.8941383361816406,0.9142118096351624,0.8638415932655334,0.792847216129303
sub-cp028_ses-20211214_level-03B_run-002,sub-cp028,5,hybrid,1000,44,51,50,"{""centroids_per_class"":3,""epochs"":1,""learning_rate"":0.1,""margin_threshold"":0.0}",2,2,3.0,0.05,2.635572949595776,2.635572949595776,0.8046327829360962,0.8345100283622742,0.8883143663406372,0.7808453440666199
sub-cp028_ses-20211214_level-03B_run-005,sub-cp028,5,hybrid,1000,44,51,50,"{""centroids_per_class"":3,""epochs"":1,""learning_rate"":0.1,""margin_threshold"":0.0}",2,2,3.0,0.05,2.541272038272883,2.541272038272883,0.8391469120979309,0.8759594559669495,0.9070271849632263,0.8143565058708191
sub-cp028_ses-20211214_level-03B_run-011,sub-cp028,5,hybrid,1000,44,51,50,"{""centroids_per_class"":3,""epochs"":1,""learning_rate"":0.1,""margin_threshold"":0.0}",2,2,3.0,0.05,2.463117075961227,2.463117075961227,0.8394065499305725,0.8962273597717285,0.8992565870285034,0.8239774107933044
sub-cp028_ses-20211214_level-04B_run-004,sub-cp028,5,hybrid,1000,44,51,50,"{""centroids_per_class"":3,""epochs"":1,""learning_rate"":0.1,""margin_threshold"":0.0}",3,3,4.0,0.05,3.2805065583734514,3.2805065583734514,0.8307232856750488,0.8291448950767517,0.8643984198570251,0.9173820614814758
sub-cp028_ses-20211214_level-04B_run-006,sub-cp028,5,hybrid,1000,44,51,50,"{""centroids_per_class"":3,""epochs"":1,""learning_rate"":0.1,""margin_threshold"":0.0}",3,3,4.0,0.05,3.0333938578355992,3.0333938578355992,0.8278274536132812,0.8375332951545715,0.8622847199440002,0.8900437951087952
sub-cp028_ses-20211214_level-04B_run-009,sub-cp028,5,hybrid,1000,44,51,50,"{""centroids_per_class"":3,""epochs"":1,""learning_rate"":0.1,""margin_threshold"":0.0}",3,3,4.0,0.05,2.910875423190988,2.910875423190988,0.843071460723877,0.8321468234062195,0.8706239461898804,0.8843834400177002
sub-cp030_ses-20211025_level-01B_run-001,sub-cp030,5,hybrid,1000,44,51,50,"{""centroids_per_class"":3,""epochs"":1,""learning_rate"":0.1,""margin_threshold"":0.0}",0,0,1.0,0.05,1.9220923870866349,1.9220923870866349,0.8488699197769165,0.8230801224708557,0.7980729937553406,0.7761534452438354
sub-cp030_ses-20211025_level-01B_run-007,sub-cp030,5,hybrid,1000,44,51,50,"{""centroids_per_class"":3,""epochs"":1,""learning_rate"":0.1,""margin_threshold"":0.0}",0,0,1.0,0.05,1.7608987934840892,1.7608987934840892,0.8725199103355408,0.8507305383682251,0.8183949589729309,0.7482542395591736
sub-cp030_ses-20211025_level-01B_run-012,sub-cp030,5,hybrid,1000,44,51,50,"{""centroids_per_class"":3,""epochs"":1,""learning_rate"":0.1,""margin_threshold"":0.0}",0,0,1.0,0.05,1.5409199180499806,1.5409199180499806,0.8785901665687561,0.8357954621315002,0.7743552923202515,0.7433362007141113
sub-cp030_ses-20211025_level-02B_run-003,sub-cp030,5,hybrid,1000,44,51,50,"{""centroids_per_class"":3,""epochs"":1,""learning_rate"":0.1,""margin_threshold"":0.0}",1,1,2.0,0.05,2.316752526110121,2.316752526110121,0.807911217212677,0.8257263898849487,0.8195052146911621,0.7770237922668457
sub-cp030_ses-20211025_level-02B_run-008,sub-cp030,5,hybrid,1000,44,51,50,"{""centroids_per_class"":3,""epochs"":1,""learning_rate"":0.1,""margin_threshold"":0.0}",1,1,2.0,0.05,2.125705973013607,2.125705973013607,0.8474729657173157,0.8754402995109558,0.8471052050590515,0.7791274785995483
sub-cp030_ses-20211025_level-02B_run-010,sub-cp030,5,hybrid,1000,44,51,50,"{""centroids_per_class"":3,""epochs"":1,""learning_rate"":0.1,""margin_threshold"":0.0}",1,0,2.0,0.05,1.9067749589348677,1.9067749589348677,0.8738624453544617,0.8693270087242126,0.8427882790565491,0.7643932700157166
sub-cp030_ses-20211025_level-03B_run-002,sub-cp030,5,hybrid,1000,44,51,50,"{""centroids_per_class"":3,""epochs"":1,""learning_rate"":0.1,""margin_threshold"":0.0}",2,2,3.0,0.05,2.508989028850809,2.508989028850809,0.7755720019340515,0.7953587174415588,0.810696005821228,0.7677014470100403
sub-cp030_ses-20211025_level-03B_run-011,sub-cp030,5,hybrid,1000,44,51,50,"{""centroids_per_class"":3,""epochs"":1,""learning_rate"":0.1,""margin_threshold"":0.0}",2,2,3.0,0.05,2.4876177691323695,2.4876177691323695,0.8371631503105164,0.8572207689285278,0.8680605888366699,0.8282469511032104
sub-cp030_ses-20211025_level-04B_run-004,sub-cp030,5,hybrid,1000,44,51,50,"{""centroids_per_class"":3,""epochs"":1,""learning_rate"":0.1,""margin_threshold"":0.0}",3,3,4.0,0.05,2.653736112171174,2.653736112171174,0.7892253398895264,0.7703989148139954,0.7804250121116638,0.804079532623291
sub-cp030_ses-20211025_level-04B_run-006,sub-cp030,5,hybrid,1000,44,51,50,"{""centroids_per_class"":3,""epochs"":1,""learning_rate"":0.1,""margin_threshold"":0.0}",3,3,4.0,0.05,3.2547506065781198,3.2547506065781198,0.7467448115348816,0.7597189545631409,0.7753541469573975,0.8347560167312622
sub-cp030_ses-20211025_level-04B_run-009,sub-cp030,5,hybrid,1000,44,51,50,"{""centroids_per_class"":3,""epochs"":1,""learning_rate"":0.1,""margin_threshold"":0.0}",3,3,4.0,0.05,3.383976355175504,3.383976355175504,0.7812239527702332,0.8008344173431396,0.790093183517456,0.8848183751106262
sub-cp032_ses-20211105_level-01B_run-001,sub-cp032,5,hybrid,1000,44,51,50,"{""centroids_per_class"":3,""epochs"":1,""learning_rate"":0.1,""margin_threshold"":0.0}",0,1,1.0,0.05,2.1404422089933552,2.1404422089933552,0.8757157325744629,0.8834268450737,0.8659446835517883,0.8189342617988586
sub-cp032_ses-20211105_level-01B_run-007,sub-cp032,5,hybrid,1000,44,51,50,"{""centroids_per_class"":3,""epochs"":1,""learning_rate"":0.1,""margin_threshold"":0.0}",0,1,1.0,0.05,2.090060906372923,2.090060906372923,0.8719732165336609,0.8864697813987732,0.8564973473548889,0.8090595602989197
sub-cp032_ses-20211105_level-01B_run-012,sub-cp032,5,hybrid,1000,44,51,50,"{""centroids_per_class"":3,""epochs"":1,""learning_rate"":0.1,""margin_threshold"":0.0}",0,0,1.0,0.05,1.8991120601584264,1.8991120601584264,0.896811842918396,0.8863553404808044,0.8403126001358032,0.8210446834564209
sub-cp032_ses-20211105_level-02B_run-003,sub-cp032,5,hybrid,1000,44,51,50,"{""centroids_per_class"":3,""epochs"":1,""learning_rate"":0.1,""margin_threshold"":0.0}",1,1,2.0,0.05,2.2593176833905244,2.2593176833905244,0.8645040392875671,0.9053753018379211,0.8813140988349915,0.8262485861778259
sub-cp032_ses-20211105_level-02B_run-008,sub-cp032,5,hybrid,1000,44,51,50,"{""centroids_per_class"":3,""epochs"":1,""learning_rate"":0.1,""margin_threshold"":0.0}",1,1,2.0,0.05,2.232669030938563,2.232669030938563,0.8694268465042114,0.896398663520813,0.8725453019142151,0.8307245373725891
sub-cp032_ses-20211105_level-02B_run-010,sub-cp032,5,hybrid,1000,44,51,50,"{""centroids_per_class"":3,""epochs"":1,""learning_rate"":0.1,""margin_threshold"":0.0}",1,1,2.0,0.05,2.1875455660904466,2.1875455660904466,0.872464120388031,0.8876765966415405,0.8769877552986145,0.8130555748939514
sub-cp032_ses-20211105_level-03B_run-002,sub-cp032,5,hybrid,1000,44,51,50,"{""centroids_per_class"":3,""epochs"":1,""learning_rate"":0.1,""margin_threshold"":0.0}",2,2,3.0,0.05,2.561937894107904,2.561937894107904,0.838397204875946,0.8912503719329834,0.9153760075569153,0.8266357183456421
sub-cp032_ses-20211105_level-03B_run-005,sub-cp032,5,hybrid,1000,44,51,50,"{""centroids_per_class"":3,""epochs"":1,""learning_rate"":0.1,""margin_threshold"":0.0}",2,2,3.0,0.05,2.501771034581235,2.501771034581235,0.8486126661300659,0.8875815272331238,0.895491898059845,0.8424052596092224
sub-cp032_ses-20211105_level-03B_run-011,sub-cp032,5,hybrid,1000,44,51,50,"{""centroids_per_class"":3,""epochs"":1,""learning_rate"":0.1,""margin_threshold"":0.0}",2,2,3.0,0.05,2.4250607135562343,2.4250607135562343,0.8535882830619812,0.8839133977890015,0.8839755058288574,0.8378164768218994
sub-cp032_ses-20211105_level-04B_run-004,sub-cp032,5,hybrid,1000,44,51,50,"{""centroids_per_class"":3,""epochs"":1,""learning_rate"":0.1,""margin_threshold"":0.0}",3,3,4.0,0.05,3.095861491748483,3.095861491748483,0.8557814359664917,0.8665074706077576,0.8845663666725159,0.9252045750617981
sub-cp032_ses-20211105_level-04B_run-006,sub-cp032,5,hybrid,1000,44,51,50,"{""centroids_per_class"":3,""epochs"":1,""learning_rate"":0.1,""margin_threshold"":0.0}",3,3,4.0,0.05,3.2375398911725464,3.2375398911725464,0.8101281523704529,0.8432331681251526,0.8654696345329285,0.9075942039489746
sub-cp032_ses-20211105_level-04B_run-009,sub-cp032,5,hybrid,1000,44,51,50,"{""centroids_per_class"":3,""epochs"":1,""learning_rate"":0.1,""margin_threshold"":0.0}",3,3,4.0,0.05,3.2193703423137965,3.2193703423137965,0.8480339646339417,0.8486229777336121,0.8735520839691162,0.9274113774299622
sub-cp035_ses-20220125_level-01B_run-001,sub-cp035,5,hybrid,1000,44,51,50,"{""centroids_per_class"":3,""epochs"":1,""learning_rate"":0.1,""margin_threshold"":0.0}",0,1,1.0,0.05,2.1233816817227305,2.1233816817227305,0.8689904808998108,0.8947893381118774,0.8524373769760132,0.8197208046913147
sub-cp035_ses-20220125_level-01B_run-007,sub-cp035,5,hybrid,1000,44,51,50,"{""centroids_per_class"":3,""epochs"":1,""learning_rate"":0.1,""margin_threshold"":0.0}",0,0,1.0,0.05,1.8835634254459446,1.8835634254459446,0.9064426422119141,0.8947199583053589,0.8588072657585144,0.8179923295974731
sub-cp035_ses-20220125_level-01B_run-012,sub-cp035,5,hybrid,1000,44,51,50,"{""centroids_per_class"":3,""epochs"":1,""learning_rate"":0.1,""margin_threshold"":0.0}",0,0,1.0,0.05,2.0642157949192788,2.0642157949192788,0.8935155868530273,0.8804148435592651,0.8496714234352112,0.8443604707717896
sub-cp035_ses-20220125_level-02B_run-003,sub-cp035,5,hybrid,1000,44,51,50,"{""centroids_per_class"":3,""epochs"":1,""learning_rate"":0.1,""margin_threshold"":0.0}",1,1,2.0,0.05,2.3544185897297676,2.3544185897297676,0.8650591373443604,0.9001089930534363,0.8667330145835876,0.8570238351821899
sub-cp035_ses-20220125_level-02B_run-008,sub-cp035,5,hybrid,1000,44,51,50,"{""centroids_per_class"":3,""epochs"":1,""learning_rate"":0.1,""margin_threshold"":0.0}",1,1,2.0,0.05,2.310892014450716,2.310892014450716,0.8601775169372559,0.9185912609100342,0.9038634300231934,0.8131834268569946
sub-cp035_ses-20220125_level-02B_run-010,sub-cp035,5,hybrid,1000,44,51,50,"{""centroids_per_class"":3,""epochs"":1,""learning_rate"":0.1,""margin_threshold"":0.0}",1,1,2.0,0.05,2.0035904996956515,2.0035904996956515,0.8936057686805725,0.8981852531433105,0.8628379106521606,0.8211825489997864
sub-cp035_ses-20220125_level-03B_run-002,sub-cp035,5,hybrid,1000,44,51,50,"{""centroids_per_class"":3,""epochs"":1,""learning_rate"":0.1,""margin_threshold"":0.0}",2,2,3.0,0.05,2.7464123945567858,2.7464123945567858,0.8099920153617859,0.8299911618232727,0.8662605881690979,0.8352742195129395
sub-cp035_ses-20220125_level-03B_run-005,sub-cp035,5,hybrid,1000,44,51,50,"{""centroids_per_class"":3,""epochs"":1,""learning_rate"":0.1,""margin_threshold"":0.0}",2,1,3.0,0.05,2.525380004028536,2.525380004028536,0.854523241519928,0.8995347619056702,0.8971609473228455,0.8617638349533081
sub-cp035_ses-20220125_level-03B_run-011,sub-cp035,5,hybrid,1000,44,51,50,"{""centroids_per_class"":3,""epochs"":1,""learning_rate"":0.1,""margin_threshold"":0.0}",2,2,3.0,0.05,2.566368541723637,2.566368541723637,0.8491470813751221,0.9005893468856812,0.9190428256988525,0.8478233218193054
sub-cp035_ses-20220125_level-04B_run-004,sub-cp035,5,hybrid,1000,44,51,50,"{""centroids_per_class"":3,""epochs"":1,""learning_rate"":0.1,""margin_threshold"":0.0}",3,3,4.0,0.05,3.402106795013996,3.402106795013996,0.7948247790336609,0.8158765435218811,0.8326990008354187,0.9048241376876831
sub-cp035_ses-20220125_level-04B_run-006,sub-cp035,5,hybrid,1000,44,51,50,"{""centroids_per_class"":3,""epochs"":1,""learning_rate"":0.1,""margin_threshold"":0.0}",3,3,4.0,0.05,3.3961231484931815,3.3961231484931815,0.8145521879196167,0.8374366164207458,0.8724901080131531,0.9282183051109314
sub-cp035_ses-20220125_level-04B_run-009,sub-cp035,5,hybrid,1000,44,51,50,"{""centroids_per_class"":3,""epochs"":1,""learning_rate"":0.1,""margin_threshold"":0.0}",3,3,4.0,0.05,3.237333983526846,3.237333983526846,0.8281263113021851,0.842642605304718,0.8634540438652039,0.9154404401779175
sub-cp005_ses-20210226_level-01B_run-001,sub-cp005,5,hybrid,1000,45,51,50,"{""centroids_per_class"":3,""epochs"":1,""learning_rate"":0.1,""margin_threshold"":0.0}",0,0,1.0,0.05,2.0382084809572607,2.0382084809572607,0.8791617155075073,0.8762428760528564,0.8556166887283325,0.808106541633606
sub-cp005_ses-20210226_level-01B_run-007,sub-cp005,5,hybrid,1000,45,51,50,"{""centroids_per_class"":3,""epochs"":1,""learning_rate"":0.1,""margin_threshold"":0.0}",0,1,1.0,0.05,2.0178265301325493,2.0178265301325493,0.8989638090133667,0.9181351065635681,0.8856597542762756,0.8030785918235779
sub-cp005_ses-20210226_level-01B_run-012,sub-cp005,5,hybrid,1000,45,51,50,"{""centroids_per_class"":3,""epochs"":1,""learning_rate"":0.1,""margin_threshold"":0.0}",0,1,1.0,0.05,1.845293767688273,1.845293767688273,0.8986127376556396,0.9112235903739929,0.8505668640136719,0.7808664441108704
sub-cp005_ses-20210226_level-02B_run-003,sub-cp005,5,hybrid,1000,45,51,50,"{""centroids_per_class"":3,""epochs"":1,""learning_rate"":0.1,""margin_threshold"":0.0}",1,2,2.0,0.05,2.5065520054952897,2.5065520054952897,0.8039621114730835,0.8322011232376099,0.8502716422080994,0.7909703254699707
sub-cp005_ses-20210226_level-02B_run-008,sub-cp005,5,hybrid,1000,45,51,50,"{""centroids_per_class"":3,""epochs"":1,""learning_rate"":0.1,""margin_threshold"":0.0}",1,1,2.0,0.05,2.2499962393753288,2.2499962393753288,0.8467565178871155,0.917668342590332,0.8889259099960327,0.7878976464271545
sub-cp005_ses-20210226_level-02B_run-010,sub-cp005,5,hybrid,1000,45,51,50,"{""centroids_per_class"":3,""epochs"":1,""learning_rate"":0.1,""margin_threshold"":0.0}",1,1,2.0,0.05,2.0052060472446227,2.0052060472446227,0.8972299695014954,0.9031555652618408,0.873947262763977,0.815186083316803
sub-cp005_ses-20210226_level-03B_run-002,sub-cp005,5,hybrid,1000,45,51,50,"{""centroids_per_class"":3,""epochs"":1,""learning_rate"":0.1,""margin_threshold"":0.0}",2,2,3.0,0.05,2.778359355466434,2.778359355466434,0.7485825419425964,0.7696738243103027,0.7883144021034241,0.7838752269744873
sub-cp005_ses-20210226_level-03B_run-005,sub-cp005,5,hybrid,1000,45,51,50,"{""centroids_per_class"":3,""epochs"":1,""learning_rate"":0.1,""margin_threshold"":0.0}",2,2,3.0,0.05,2.500385340858445,2.500385340858445,0.8297608494758606,0.8629496693611145,0.8876727819442749,0.8031801581382751
sub-cp005_ses-20210226_level-03B_run-011,sub-cp005,5,hybrid,1000,45,51,50,"{""centroids_per_class"":3,""epochs"":1,""learning_rate"":0.1,""margin_threshold"":0.0}",2,2,3.0,0.05,2.6252892410060173,2.6252892410060173,0.8338760137557983,0.8696975708007812,0.8893987536430359,0.8464507460594177
sub-cp005_ses-20210226_level-04B_run-004,sub-cp005,5,hybrid,1000,45,51,50,"{""centroids_per_class"":3,""epochs"":1,""learning_rate"":0.1,""margin_threshold"":0.0}",3,3,4.0,0.05,2.8527726080332987,2.8527726080332987,0.7506895065307617,0.74382483959198,0.7763395309448242,0.786547839641571
sub-cp005_ses-20210226_level-04B_run-006,sub-cp005,5,hybrid,1000,45,51,50,"{""centroids_per_class"":3,""epochs"":1,""learning_rate"":0.1,""margin_threshold"":0.0}",3,3,4.0,0.05,3.2272439121968537,3.2272439121968537,0.8145056366920471,0.833911120891571,0.8622692227363586,0.9039920568466187
sub-cp005_ses-20210226_level-04B_run-009,sub-cp005,5,hybrid,1000,45,51,50,"{""centroids_per_class"":3,""epochs"":1,""learning_rate"":0.1,""margin_threshold"":0.0}",3,3,4.0,0.05,2.756169590870674,2.756169590870674,0.8283321261405945,0.8179633021354675,0.8254208564758301,0.8554785251617432
sub-cp017_ses-20210521_level-01B_run-001,sub-cp017,5,hybrid,1000,45,51,50,"{""centroids_per_class"":3,""epochs"":1,""learning_rate"":0.1,""margin_threshold"":0.0}",0,0,1.0,0.05,1.9597398572393705,1.9597398572393705,0.8923501372337341,0.8807218074798584,0.8646285533905029,0.8013100624084473
sub-cp017_ses-20210521_level-01B_run-007,sub-cp017,5,hybrid,1000,45,51,50,"{""centroids_per_class"":3,""epochs"":1,""learning_rate"":0.1,""margin_threshold"":0.0}",0,0,1.0,0.05,1.7805532840749723,1.7805532840749723,0.8854719400405884,0.8507822155952454,0.8351648449897766,0.771034836769104
sub-cp017_ses-20210521_level-01B_run-012,sub-cp017,5,hybrid,1000,45,51,50,"{""centroids_per_class"":3,""epochs"":1,""learning_rate"":0.1,""margin_threshold"":0.0}",0,0,1.0,0.05,1.8413119591927811,1.8413119591927811,0.8627522587776184,0.83762127161026,0.8215174674987793,0.7523730993270874
sub-cp017_ses-20210521_level-02B_run-003,sub-cp017,5,hybrid,1000,45,51,50,"{""centroids_per_class"":3,""epochs"":1,""learning_rate"":0.1,""margin_threshold"":0.0}",1,1,2.0,0.05,2.2644035419211477,2.2644035419211477,0.8352271318435669,0.9138702154159546,0.8882123231887817,0.7638499140739441
sub-cp017_ses-20210521_level-02B_run-008,sub-cp017,5,hybrid,1000,45,51,50,"{""centroids_per_class"":3,""epochs"":1,""learning_rate"":0.1,""margin_threshold"":0.0}",1,1,2.0,0.05,2.219055605051346,2.219055605051346,0.7970232963562012,0.8671320080757141,0.8257066607475281,0.7519703507423401
sub-cp017_ses-20210521_level-02B_run-010,sub-cp017,5,hybrid,1000,45,51,50,"{""centroids_per_class"":3,""epochs"":1,""learning_rate"":0.1,""margin_threshold"":0.0}",1,1,2.0,0.05,2.160993186169681,2.160993186169681,0.8560142517089844,0.8954833745956421,0.8655422925949097,0.7909324169158936
sub-cp017_ses-20210521_level-03B_run-002,sub-cp017,5,hybrid,1000,45,51,50,"{""centroids_per_class"":3,""epochs"":1,""learning_rate"":0.1,""margin_threshold"":0.0}",2,2,3.0,0.05,2.4658543095245062,2.4658543095245062,0.8210322856903076,0.8588279485702515,0.8846063017845154,0.7700214385986328
sub-cp017_ses-20210521_level-03B_run-005,sub-cp017,5,hybrid,1000,45,51,50,"{""centroids_per_class"":3,""epochs"":1,""learning_rate"":0.1,""margin_threshold"":0.0}",2,1,3.0,0.05,2.2070418765015773,2.2070418765015773,0.866446852684021,0.8959900140762329,0.8859273791313171,0.7926903963088989
sub-cp017_ses-20210521_level-03B_run-011,sub-cp017,5,hybrid,1000,45,51,50,"{""centroids_per_class"":3,""epochs"":1,""learning_rate"":0.1,""margin_threshold"":0.0}",2,2,3.0,0.05,2.56439003121858,2.56439003121858,0.8326159715652466,0.8790509700775146,0.9132712483406067,0.8038105964660645
sub-cp017_ses-20210521_level-04B_run-004,sub-cp017,5,hybrid,1000,45,51,50,"{""centroids_per_class"":3,""epochs"":1,""learning_rate"":0.1,""margin_threshold"":0.0}",3,3,4.0,0.05,3.3169376497577048,3.3169376497577048,0.8306235671043396,0.8536849617958069,0.8705441355705261,0.9312406778335571
sub-cp017_ses-20210521_level-04B_run-006,sub-cp017,5,hybrid,1000,45,51,50,"{""centroids_per_class"":3,""epochs"":1,""learning_rate"":0.1,""margin_threshold"":0.0}",3,3,4.0,0.05,3.230241480953144,3.230241480953144,0.8340712785720825,0.8442738652229309,0.8776304125785828,0.9199599623680115
sub-cp017_ses-20210521_level-04B_run-009,sub-cp017,5,hybrid,1000,45,51,50,"{""centroids_per_class"":3,""epochs"":1,""learning_rate"":0.1,""margin_threshold"":0.0}",3,3,4.0,0.05,3.078347271844656,3.078347271844656,0.8099348545074463,0.8420374393463135,0.8627347946166992,0.887555718421936
sub-cp022_ses-20210621_level-01B_run-001,sub-cp022,5,hybrid,1000,45,51,50,"{""centroids_per_class"":3,""epochs"":1,""learning_rate"":0.1,""margin_threshold"":0.0}",0,0,1.0,0.05,2.1356346058936406,2.1356346058936406,0.8644846081733704,0.8479740023612976,0.8342383503913879,0.8196878433227539
sub-cp022_ses-20210621_level-01B_run-007,sub-cp022,5,hybrid,1000,45,51,50,"{""centroids_per_class"":3,""epochs"":1,""learning_rate"":0.1,""margin_threshold"":0.0}",0,0,1.0,0.05,2.105083190446398,2.105083190446398,0.8442939519882202,0.8298192620277405,0.7820014953613281,0.8085067272186279
sub-cp022_ses-20210621_level-01B_run-012,sub-cp022,5,hybrid,1000,45,51,50,"{""centroids_per_class"":3,""epochs"":1,""learning_rate"":0.1,""margin_threshold"":0.0}",0,0,1.0,0.05,1.9051094106921513,1.9051094106921513,0.9086464643478394,0.9031248688697815,0.8624764084815979,0.8239830136299133
sub-cp022_ses-20210621_level-02B_run-003,sub-cp022,5,hybrid,1000,45,51,50,"{""centroids_per_class"":3,""epochs"":1,""learning_rate"":0.1,""margin_threshold"":0.0}",1,1,2.0,0.05,2.03888505139521,2.03888505139521,0.8436025381088257,0.8516647815704346,0.8129920959472656,0.7812477946281433
sub-cp022_ses-20210621_level-02B_run-008,sub-cp022,5,hybrid,1000,45,51,50,"{""centroids_per_class"":3,""epochs"":1,""learning_rate"":0.1,""margin_threshold"":0.0}",1,1,2.0,0.05,2.354929650669027,2.354929650669027,0.822124183177948,0.8601170778274536,0.830560028553009,0.81224524974823
sub-cp022_ses-20210621_level-02B_run-010,sub-cp022,5,hybrid,1000,45,51,50,"{""centroids_per_class"":3,""epochs"":1,""learning_rate"":0.1,""margin_threshold"":0.0}",1,1,2.0,0.05,2.406406611663817,2.406406611663817,0.8544198274612427,0.8890533447265625,0.8678081035614014,0.8494558334350586
sub-cp022_ses-20210621_level-03B_run-002,sub-cp022,5,hybrid,1000,45,51,50,"{""centroids_per_class"":3,""epochs"":1,""learning_rate"":0.1,""margin_threshold"":0.0}",2,2,3.0,0.05,2.769101691372609,2.769101691372609,0.8179077506065369,0.847209095954895,0.8686803579330444,0.8536069393157959
sub-cp022_ses-20210621_level-03B_run-005,sub-cp022,5,hybrid,1000,45,51,50,"{""centroids_per_class"":3,""epochs"":1,""learning_rate"":0.1,""margin_threshold"":0.0}",2,2,3.0,0.05,2.6380788395555963,2.6380788395555963,0.8208118081092834,0.8317829370498657,0.8662495613098145,0.8267838954925537
sub-cp022_ses-20210621_level-03B_run-011,sub-cp022,5,hybrid,1000,45,51,50,"{""centroids_per_class"":3,""epochs"":1,""learning_rate"":0.1,""margin_threshold"":0.0}",2,3,3.0,0.05,2.7504576225214183,2.7504576225214183,0.844282865524292,0.8459916114807129,0.8688659071922302,0.8706911206245422
sub-cp022_ses-20210621_level-04B_run-004,sub-cp022,5,hybrid,1000,45,51,50,"{""centroids_per_class"":3,""epochs"":1,""learning_rate"":0.1,""margin_threshold"":0.0}",3,3,4.0,0.05,2.8377234393345248,2.8377234393345248,0.8278937935829163,0.8471857905387878,0.8340619802474976,0.8733736276626587
sub-cp022_ses-20210621_level-04B_run-006,sub-cp022,5,hybrid,1000,45,51,50,"{""centroids_per_class"":3,""epochs"":1,""learning_rate"":0.1,""margin_threshold"":0.0}",3,3,4.0,0.05,2.9871455377181793,2.9871455377181793,0.8058565258979797,0.8329195380210876,0.8244138360023499,0.8701538443565369
sub-cp022_ses-20210621_level-04B_run-009,sub-cp022,5,hybrid,1000,45,51,50,"{""centroids_per_class"":3,""epochs"":1,""learning_rate"":0.1,""margin_threshold"":0.0}",3,3,4.0,0.05,3.131817677353067,3.131817677353067,0.7996652126312256,0.8371714949607849,0.8493147492408752,0.8860310316085815
sub-cp028_ses-20211214_level-01B_run-001,sub-cp028,5,hybrid,1000,45,51,50,"{""centroids_per_class"":3,""epochs"":1,""learning_rate"":0.1,""margin_threshold"":0.0}",0,1,1.0,0.05,1.9148856354511805,1.9148856354511805,0.8463807106018066,0.8572717905044556,0.8187326788902283,0.7252294421195984
sub-cp028_ses-20211214_level-01B_run-007,sub-cp028,5,hybrid,1000,45,51,50,"{""centroids_per_class"":3,""epochs"":1,""learning_rate"":0.1,""margin_threshold"":0.0}",0,0,1.0,0.05,1.7128618246080665,1.7128618246080665,0.9049445986747742,0.8581536412239075,0.8398045897483826,0.7943492531776428
sub-cp028_ses-20211214_level-01B_run-012,sub-cp028,5,hybrid,1000,45,51,50,"{""centroids_per_class"":3,""epochs"":1,""learning_rate"":0.1,""margin_threshold"":0.0}",0,0,1.0,0.05,1.751498742996059,1.751498742996059,0.8244749903678894,0.7778330445289612,0.7411260008811951,0.740347146987915
sub-cp028_ses-20211214_level-02B_run-003,sub-cp028,5,hybrid,1000,45,51,50,"{""centroids_per_class"":3,""epochs"":1,""learning_rate"":0.1,""margin_threshold"":0.0}",1,1,2.0,0.05,2.23791514822015,2.23791514822015,0.867003858089447,0.908134937286377,0.894922137260437,0.7984791994094849
sub-cp028_ses-20211214_level-02B_run-008,sub-cp028,5,hybrid,1000,45,51,50,"{""centroids_per_class"":3,""epochs"":1,""learning_rate"":0.1,""margin_threshold"":0.0}",1,1,2.0,0.05,1.9814463264939808,1.9814463264939808,0.8628343343734741,0.8997905254364014,0.8319427967071533,0.7810787558555603
sub-cp028_ses-20211214_level-02B_run-010,sub-cp028,5,hybrid,1000,45,51,50,"{""centroids_per_class"":3,""epochs"":1,""learning_rate"":0.1,""margin_threshold"":0.0}",1,1,2.0,0.05,1.9407514174510851,1.9407514174510851,0.8928215503692627,0.9120080471038818,0.857687771320343,0.8011481165885925
sub-cp028_ses-20211214_level-03B_run-002,sub-cp028,5,hybrid,1000,45,51,50,"{""centroids_per_class"":3,""epochs"":1,""learning_rate"":0.1,""margin_threshold"":0.0}",2,2,3.0,0.05,2.408201812716579,2.408201812716579,0.8093670010566711,0.8530233502388,0.8597534894943237,0.7726930379867554
sub-cp028_ses-20211214_level-03B_run-005,sub-cp028,5,hybrid,1000,45,51,50,"{""centroids_per_class"":3,""epochs"":1,""learning_rate"":0.1,""margin_threshold"":0.0}",2,2,3.0,0.05,2.4520099914258373,2.4520099914258373,0.8566555976867676,0.8838602900505066,0.9166730642318726,0.7903274297714233
sub-cp028_ses-20211214_level-03B_run-011,sub-cp028,5,hybrid,1000,45,51,50,"{""centroids_per_class"":3,""epochs"":1,""learning_rate"":0.1,""margin_threshold"":0.0}",2,2,3.0,0.05,2.5193781637138333,2.5193781637138333,0.8430324792861938,0.8752875328063965,0.8959991931915283,0.8292129635810852
sub-cp028_ses-20211214_level-04B_run-004,sub-cp028,5,hybrid,1000,45,51,50,"{""centroids_per_class"":3,""epochs"":1,""learning_rate"":0.1,""margin_threshold"":0.0}",3,3,4.0,0.05,3.2541623943764564,3.2541623943764564,0.8261188864707947,0.841891348361969,0.8418686389923096,0.913964033126831
sub-cp028_ses-20211214_level-04B_run-006,sub-cp028,5,hybrid,1000,45,51,50,"{""centroids_per_class"":3,""epochs"":1,""learning_rate"":0.1,""margin_threshold"":0.0}",3,3,4.0,0.05,3.067182244764488,3.067182244764488,0.8450315594673157,0.8426389098167419,0.8656092286109924,0.9064453840255737
sub-cp028_ses-20211214_level-04B_run-009,sub-cp028,5,hybrid,1000,45,51,50,"{""centroids_per_class"":3,""epochs"":1,""learning_rate"":0.1,""margin_threshold"":0.0}",3,3,4.0,0.05,3.118187777054488,3.118187777054488,0.8419305682182312,0.8324383497238159,0.8533418774604797,0.906244158744812
sub-cp030_ses-20211025_level-01B_run-001,sub-cp030,5,hybrid,1000,45,51,50,"{""centroids_per_class"":3,""epochs"":1,""learning_rate"":0.1,""margin_threshold"":0.0}",0,0,1.0,0.05,1.9530635177837947,1.9530635177837947,0.8580112457275391,0.8178598284721375,0.8175888657569885,0.7839699983596802
sub-cp030_ses-20211025_level-01B_run-007,sub-cp030,5,hybrid,1000,45,51,50,"{""centroids_per_class"":3,""epochs"":1,""learning_rate"":0.1,""margin_threshold"":0.0}",0,0,1.0,0.05,1.67684706225927,1.67684706225927,0.887712299823761,0.8394952416419983,0.8094464540481567,0.7813940048217773
sub-cp030_ses-20211025_level-01B_run-012,sub-cp030,5,hybrid,1000,45,51,50,"{""centroids_per_class"":3,""epochs"":1,""learning_rate"":0.1,""margin_threshold"":0.0}",0,0,1.0,0.05,1.633989547204797,1.633989547204797,0.8935930728912354,0.8348969221115112,0.7931597828865051,0.7962325811386108
sub-cp030_ses-20211025_level-02B_run-003,sub-cp030,5,hybrid,1000,45,51,50,"{""centroids_per_class"":3,""epochs"":1,""learning_rate"":0.1,""margin_threshold"":0.0}",1,1,2.0,0.05,2.2894626652019925,2.2894626652019925,0.8186418414115906,0.8322521448135376,0.8242147564888,0.7851346731185913
sub-cp030_ses-20211025_level-02B_run-008,sub-cp030,5,hybrid,1000,45,51,50,"{""centroids_per_class"":3,""epochs"":1,""learning_rate"":0.1,""margin_threshold"":0.0}",1,1,2.0,0.05,2.194639790162908,2.194639790162908,0.8588306903839111,0.8954503536224365,0.8710620403289795,0.8012690544128418
sub-cp030_ses-20211025_level-02B_run-010,sub-cp030,5,hybrid,1000,45,51,50,"{""centroids_per_class"":3,""epochs"":1,""learning_rate"":0.1,""margin_threshold"":0.0}",1,1,2.0,0.05,2.0031692028824235,2.0031692028824235,0.8603574633598328,0.8803192973136902,0.829012930393219,0.7885927557945251
sub-cp030_ses-20211025_level-03B_run-002,sub-cp030,5,hybrid,1000,45,51,50,"{""centroids_per_class"":3,""epochs"":1,""learning_rate"":0.1,""margin_threshold"":0.0}",2,2,3.0,0.05,2.3479784260938255,2.3479784260938255,0.7998228073120117,0.8040850162506104,0.8125346899032593,0.7686795592308044
sub-cp030_ses-20211025_level-03B_run-011,sub-cp030,5,hybrid,1000,45,51,50,"{""centroids_per_class"":3,""epochs"":1,""learning_rate"":0.1,""margin_threshold"":0.0}",2,2,3.0,0.05,2.587436678493755,2.587436678493755,0.8440618515014648,0.8729413747787476,0.9030985832214355,0.839542031288147
sub-cp030_ses-20211025_level-04B_run-004,sub-cp030,5,hybrid,1000,45,51,50,"{""centroids_per_class"":3,""epochs"":1,""learning_rate"":0.1,""margin_threshold"":0.0}",3,3,4.0,0.05,2.795330483685878,2.795330483685878,0.7894332408905029,0.7488729357719421,0.7842767834663391,0.8138746619224548
sub-cp030_ses-20211025_level-04B_run-006,sub-cp030,5,hybrid,1000,45,51,50,"{""centroids_per_class"":3,""epochs"":1,""learning_rate"":0.1,""margin_threshold"":0.0}",3,3,4.0,0.05,2.9147257483007722,2.9147257483007722,0.7725011110305786,0.7865467071533203,0.7798919081687927,0.823792576789856
sub-cp030_ses-20211025_level-04B_run-009,sub-cp030,5,hybrid,1000,45,51,50,"{""centroids_per_class"":3,""epochs"":1,""learning_rate"":0.1,""margin_threshold"":0.0}",3,3,4.0,0.05,3.309552724619221,3.309552724619221,0.8019740581512451,0.8183577656745911,0.8199760913848877,0.8964768052101135
sub-cp032_ses-20211105_level-01B_run-001,sub-cp032,5,hybrid,1000,45,51,50,"{""centroids_per_class"":3,""epochs"":1,""learning_rate"":0.1,""margin_threshold"":0.0}",0,0,1.0,0.05,1.9525411674927808,1.9525411674927808,0.901763916015625,0.8810609579086304,0.865552544593811,0.821775496006012
sub-cp032_ses-20211105_level-01B_run-007,sub-cp032,5,hybrid,1000,45,51,50,"{""centroids_per_class"":3,""epochs"":1,""learning_rate"":0.1,""margin_threshold"":0.0}",0,0,1.0,0.05,2.0914376674498607,2.0914376674498607,0.8708207011222839,0.8675640821456909,0.8475325703620911,0.8135290741920471
sub-cp032_ses-20211105_level-01B_run-012,sub-cp032,5,hybrid,1000,45,51,50,"{""centroids_per_class"":3,""epochs"":1,""learning_rate"":0.1,""margin_threshold"":0.0}",0,0,1.0,0.05,2.0026582779539956,2.0026582779539956,0.8931552767753601,0.8672695159912109,0.8432907462120056,0.8359637260437012
sub-cp032_ses-20211105_level-02B_run-003,sub-cp032,5,hybrid,1000,45,51,50,"{""centroids_per_class"":3,""epochs"":1,""learning_rate"":0.1,""margin_threshold"":0.0}",1,1,2.0,0.05,2.1498867096529226,2.1498867096529226,0.8742654919624329,0.8918060064315796,0.8728591203689575,0.8123429417610168
sub-cp032_ses-20211105_level-02B_run-008,sub-cp032,5,hybrid,1000,45,51,50,"{""centroids_per_class"":3,""epochs"":1,""learning_rate"":0.1,""margin_threshold"":0.0}",1,1,2.0,0.05,2.1333765266018,2.1333765266018,0.8615437746047974,0.8839354515075684,0.8563822507858276,0.8013887405395508
sub-cp032_ses-20211105_level-02B_run-010,sub-cp032,5,hybrid,1000,45,51,50,"{""centroids_per_class"":3,""epochs"":1,""learning_rate"":0.1,""margin_threshold"":0.0}",1,2,2.0,0.05,2.322549796541506,2.322549796541506,0.8534296154975891,0.8747037053108215,0.8788689374923706,0.8089672327041626
sub-cp032_ses-20211105_level-03B_run-002,sub-cp032,5,hybrid,1000,45,51,50,"{""centroids_per_class"":3,""epochs"":1,""learning_rate"":0.1,""margin_threshold"":0.0}",2,2,3.0,0.05,2.513860396397919,2.513860396397919,0.828944981098175,0.8751083612442017,0.9034876823425293,0.7874900698661804
sub-cp032_ses-20211105_level-03B_run-005,sub-cp032,5,hybrid,1000,45,51,50,"{""centroids_per_class"":3,""epochs"":1,""learning_rate"":0.1,""margin_threshold"":0.0}",2,1,3.0,0.05,2.2544136661692717,2.2544136661692717,0.856505811214447,0.8770571947097778,0.871136486530304,0.8062691688537598
sub-cp032_ses-20211105_level-03B_run-011,sub-cp032,5,hybrid,1000,45,51,50,"{""centroids_per_class"":3,""epochs"":1,""learning_rate"":0.1,""margin_threshold"":0.0}",2,1,3.0,0.05,2.3063845840345936,2.3063845840345936,0.8561345338821411,0.8850197792053223,0.8779144883155823,0.8173741102218628
sub-cp032_ses-20211105_level-04B_run-004,sub-cp032,5,hybrid,1000,45,51,50,"{""centroids_per_class"":3,""epochs"":1,""learning_rate"":0.1,""margin_threshold"":0.0}",3,3,4.0,0.05,2.994912077411457,2.994912077411457,0.8503866791725159,0.847221851348877,0.8880665898323059,0.9036777019500732
sub-cp032_ses-20211105_level-04B_run-006,sub-cp032,5,hybrid,1000,45,51,50,"{""centroids_per_class"":3,""epochs"":1,""learning_rate"":0.1,""margin_threshold"":0.0}",3,3,4.0,0.05,3.13587058269158,3.13587058269158,0.8263058662414551,0.848811686038971,0.8553470969200134,0.9048874378204346
sub-cp032_ses-20211105_level-04B_run-009,sub-cp032,5,hybrid,1000,45,51,50,"{""centroids_per_class"":3,""epochs"":1,""learning_rate"":0.1,""margin_threshold"":0.0}",3,3,4.0,0.05,2.970963485850928,2.970963485850928,0.8528833389282227,0.8345779180526733,0.8848221302032471,0.8990207314491272
sub-cp035_ses-20220125_level-01B_run-001,sub-cp035,5,hybrid,1000,45,51,50,"{""centroids_per_class"":3,""epochs"":1,""learning_rate"":0.1,""margin_threshold"":0.0}",0,0,1.0,0.05,1.980484408695538,1.980484408695538,0.8643961548805237,0.8631214499473572,0.8240101337432861,0.7952797412872314
sub-cp035_ses-20220125_level-01B_run-007,sub-cp035,5,hybrid,1000,45,51,50,"{""centroids_per_class"":3,""epochs"":1,""learning_rate"":0.1,""margin_threshold"":0.0}",0,0,1.0,0.05,1.850632504773716,1.850632504773716,0.917101263999939,0.8895713090896606,0.8725066184997559,0.817532479763031
sub-cp035_ses-20220125_level-01B_run-012,sub-cp035,5,hybrid,1000,45,51,50,"{""centroids_per_class"":3,""epochs"":1,""learning_rate"":0.1,""margin_threshold"":0.0}",0,0,1.0,0.05,1.8848289810530376,1.8848289810530376,0.9136005640029907,0.8785778284072876,0.8623353838920593,0.8336730003356934
sub-cp035_ses-20220125_level-02B_run-003,sub-cp035,5,hybrid,1000,45,51,50,"{""centroids_per_class"":3,""epochs"":1,""learning_rate"":0.1,""margin_threshold"":0.0}",1,1,2.0,0.05,2.011184719093997,2.011184719093997,0.8836746215820312,0.8869869112968445,0.858182430267334,0.8070134520530701
sub-cp035_ses-20220125_level-02B_run-008,sub-cp035,5,hybrid,1000,45,51,50,"{""centroids_per_class"":3,""epochs"":1,""learning_rate"":0.1,""margin_threshold"":0.0}",1,1,2.0,0.05,2.1057627264525984,2.1057627264525984,0.8874141573905945,0.9049177169799805,0.8929867744445801,0.7873814702033997
sub-cp035_ses-20220125_level-02B_run-010,sub-cp035,5,hybrid,1000,45,51,50,"{""centroids_per_class"":3,""epochs"":1,""learning_rate"":0.1,""margin_threshold"":0.0}",1,0,2.0,0.05,2.0105329219818193,2.0105329219818193,0.8967840671539307,0.8902573585510254,0.8825046420097351,0.7980449795722961
sub-cp035_ses-20220125_level-03B_run-002,sub-cp035,5,hybrid,1000,45,51,50,"{""centroids_per_class"":3,""epochs"":1,""learning_rate"":0.1,""margin_threshold"":0.0}",2,1,3.0,0.05,2.3119922231555,2.3119922231555,0.8223581910133362,0.8465301990509033,0.8439513444900513,0.7823479175567627
sub-cp035_ses-20220125_level-03B_run-005,sub-cp035,5,hybrid,1000,45,51,50,"{""centroids_per_class"":3,""epochs"":1,""learning_rate"":0.1,""margin_threshold"":0.0}",2,2,3.0,0.05,2.379814132310001,2.379814132310001,0.850107729434967,0.8769862651824951,0.893126904964447,0.7973310351371765
sub-cp035_ses-20220125_level-03B_run-011,sub-cp035,5,hybrid,1000,45,51,50,"{""centroids_per_class"":3,""epochs"":1,""learning_rate"":0.1,""margin_threshold"":0.0}",2,2,3.0,0.05,2.2967428010900806,2.2967428010900806,0.862876296043396,0.8952240943908691,0.8987025022506714,0.7933075428009033
sub-cp035_ses-20220125_level-04B_run-004,sub-cp035,5,hybrid,1000,45,51,50,"{""centroids_per_class"":3,""epochs"":1,""learning_rate"":0.1,""margin_threshold"":0.0}",3,3,4.0,0.05,3.1486489551640884,3.1486489551640884,0.8149438500404358,0.8371092677116394,0.8526034355163574,0.8953806757926941
sub-cp035_ses-20220125_level-04B_run-006,sub-cp035,5,hybrid,1000,45,51,50,"{""centroids_per_class"":3,""epochs"":1,""learning_rate"":0.1,""margin_threshold"":0.0}",3,3,4.0,0.05,3.1344219937237128,3.1344219937237128,0.8332906365394592,0.8388961553573608,0.8774390816688538,0.9063084125518799
sub-cp035_ses-20220125_level-04B_run-009,sub-cp035,5,hybrid,1000,45,51,50,"{""centroids_per_class"":3,""epochs"":1,""learning_rate"":0.1,""margin_threshold"":0.0}",3,3,4.0,0.05,3.206435725148632,3.206435725148632,0.821053683757782,0.8330965042114258,0.8704401850700378,0.9054958820343018
sub-cp005_ses-20210226_level-01B_run-001,sub-cp005,5,hybrid,1000,46,51,50,"{""centroids_per_class"":3,""epochs"":1,""learning_rate"":0.1,""margin_threshold"":0.0}",0,0,1.0,0.05,2.023917475863736,2.023917475863736,0.8745428323745728,0.8351563811302185,0.8424331545829773,0.807910144329071
sub-cp005_ses-20210226_level-01B_run-007,sub-cp005,5,hybrid,1000,46,51,50,"{""centroids_per_class"":3,""epochs"":1,""learning_rate"":0.1,""margin_threshold"":0.0}",0,0,1.0,0.05,1.8494408817067027,1.8494408817067027,0.9104867577552795,0.9069804549217224,0.857840359210968,0.8132576942443848
sub-cp005_ses-20210226_level-01B_run-012,sub-cp005,5,hybrid,1000,46,51,50,"{""centroids_per_class"":3,""epochs"":1,""learning_rate"":0.1,""margin_threshold"":0.0}",0,0,1.0,0.05,1.734589417123149,1.734589417123149,0.9148063659667969,0.8908000588417053,0.8518535494804382,0.7961475849151611
sub-cp005_ses-20210226_level-02B_run-003,sub-cp005,5,hybrid,1000,46,51,50,"{""centroids_per_class"":3,""epochs"":1,""learning_rate"":0.1,""margin_threshold"":0.0}",1,2,2.0,0.05,2.3829284674472073,2.3829284674472073,0.8312874436378479,0.838238000869751,0.8448178768157959,0.8079582452774048
sub-cp005_ses-20210226_level-02B_run-008,sub-cp005,5,hybrid,1000,46,51,50,"{""centroids_per_class"":3,""epochs"":1,""learning_rate"":0.1,""margin_threshold"":0.0}",1,1,2.0,0.05,2.254432710443321,2.254432710443321,0.8626653552055359,0.9107816219329834,0.8951947093009949,0.7992944121360779
sub-cp005_ses-20210226_level-02B_run-010,sub-cp005,5,hybrid,1000,46,51,50,"{""centroids_per_class"":3,""epochs"":1,""learning_rate"":0.1,""margin_threshold"":0.0}",1,1,2.0,0.05,2.0254747491946934,2.0254747491946934,0.8901442289352417,0.9104481339454651,0.8712281584739685,0.8098297715187073
sub-cp005_ses-20210226_level-03B_run-002,sub-cp005,5,hybrid,1000,46,51,50,"{""centroids_per_class"":3,""epochs"":1,""learning_rate"":0.1,""margin_threshold"":0.0}",2,3,3.0,0.05,2.998296267947854,2.998296267947854,0.7744025588035583,0.7966902852058411,0.7917671203613281,0.8377336859703064
sub-cp005_ses-20210226_level-03B_run-005,sub-cp005,5,hybrid,1000,46,51,50,"{""centroids_per_class"":3,""epochs"":1,""learning_rate"":0.1,""margin_threshold"":0.0}",2,2,3.0,0.05,2.6826238007163146,2.6826238007163146,0.8243663907051086,0.854047954082489,0.9063307642936707,0.8230671882629395
sub-cp005_ses-20210226_level-03B_run-011,sub-cp005,5,hybrid,1000,46,51,50,"{""centroids_per_class"":3,""epochs"":1,""learning_rate"":0.1,""margin_threshold"":0.0}",2,2,3.0,0.05,2.648464058455223,2.648464058455223,0.8553759455680847,0.8673591613769531,0.9022594094276428,0.8630176186561584
sub-cp005_ses-20210226_level-04B_run-004,sub-cp005,5,hybrid,1000,46,51,50,"{""centroids_per_class"":3,""epochs"":1,""learning_rate"":0.1,""margin_threshold"":0.0}",3,3,4.0,0.05,3.0355582796862493,3.0355582796862493,0.7513786554336548,0.753341555595398,0.7636502981185913,0.8106863498687744
sub-cp005_ses-20210226_level-04B_run-006,sub-cp005,5,hybrid,1000,46,51,50,"{""centroids_per_class"":3,""epochs"":1,""learning_rate"":0.1,""margin_threshold"":0.0}",3,3,4.0,0.05,3.307685996935457,3.307685996935457,0.8373430371284485,0.8373647928237915,0.8442397117614746,0.9246562123298645
sub-cp005_ses-20210226_level-04B_run-009,sub-cp005,5,hybrid,1000,46,51,50,"{""centroids_per_class"":3,""epochs"":1,""learning_rate"":0.1,""margin_threshold"":0.0}",3,3,4.0,0.05,2.736698638244511,2.736698638244511,0.8368071913719177,0.8402462005615234,0.8396884202957153,0.8655990362167358
sub-cp017_ses-20210521_level-01B_run-001,sub-cp017,5,hybrid,1000,46,51,50,"{""centroids_per_class"":3,""epochs"":1,""learning_rate"":0.1,""margin_threshold"":0.0}",0,0,1.0,0.05,1.7971413618154648,1.7971413618154648,0.9127406477928162,0.8966452479362488,0.8608365654945374,0.7984795570373535
sub-cp017_ses-20210521_level-01B_run-007,sub-cp017,5,hybrid,1000,46,51,50,"{""centroids_per_class"":3,""epochs"":1,""learning_rate"":0.1,""margin_threshold"":0.0}",0,1,1.0,0.05,1.8782797597716991,1.8782797597716991,0.8781186938285828,0.8890458941459656,0.8417113423347473,0.7562070488929749
sub-cp017_ses-20210521_level-01B_run-012,sub-cp017,5,hybrid,1000,46,51,50,"{""centroids_per_class"":3,""epochs"":1,""learning_rate"":0.1,""margin_threshold"":0.0}",0,0,1.0,0.05,1.939616438239042,1.939616438239042,0.8477289080619812,0.8401839733123779,0.823876678943634,0.7380136251449585
sub-cp017_ses-20210521_level-02B_run-003,sub-cp017,5,hybrid,1000,46,51,50,"{""centroids_per_class"":3,""epochs"":1,""learning_rate"":0.1,""margin_threshold"":0.0}",1,1,2.0,0.05,2.2768073293488653,2.2768073293488653,0.8464686274528503,0.9048671722412109,0.8901636004447937,0.7775160670280457
sub-cp017_ses-20210521_level-02B_run-008,sub-cp017,5,hybrid,1000,46,51,50,"{""centroids_per_class"":3,""epochs"":1,""learning_rate"":0.1,""margin_threshold"":0.0}",1,1,2.0,0.05,2.2101224271714877,2.2101224271714877,0.8165261745452881,0.870945155620575,0.8426699042320251,0.7529263496398926
sub-cp017_ses-20210521_level-02B_run-010,sub-cp017,5,hybrid,1000,46,51,50,"{""centroids_per_class"":3,""epochs"":1,""learning_rate"":0.1,""margin_threshold"":0.0}",1,1,2.0,0.05,2.0564781972255077,2.0564781972255077,0.8689182996749878,0.9169307351112366,0.855507493019104,0.799251139163971
sub-cp017_ses-20210521_level-03B_run-002,sub-cp017,5,hybrid,1000,46,51,50,"{""centroids_per_class"":3,""epochs"":1,""learning_rate"":0.1,""margin_threshold"":0.0}",2,2,3.0,0.05,2.6223901774547476,2.6223901774547476,0.8194363713264465,0.8571356534957886,0.903174638748169,0.799776554107666
sub-cp017_ses-20210521_level-03B_run-005,sub-cp017,5,hybrid,1000,46,51,50,"{""centroids_per_class"":3,""epochs"":1,""learning_rate"":0.1,""margin_threshold"":0.0}",2,2,3.0,0.05,2.39210650634931,2.39210650634931,0.8728165626525879,0.8877255320549011,0.9095156192779541,0.8278357982635498
sub-cp017_ses-20210521_level-03B_run-011,sub-cp017,5,hybrid,1000,46,51,50,"{""centroids_per_class"":3,""epochs"":1,""learning_rate"":0.1,""margin_threshold"":0.0}",2,2,3.0,0.05,2.6984101263656193,2.6984101263656193,0.836493968963623,0.8648316264152527,0.919486939907074,0.8380767107009888
sub-cp017_ses-20210521_level-04B_run-004,sub-cp017,5,hybrid,1000,46,51,50,"{""centroids_per_class"":3,""epochs"":1,""learning_rate"":0.1,""margin_threshold"":0.0}",3,3,4.0,0.05,3.3979531593539436,3.3979531593539436,0.8366310596466064,0.8344137668609619,0.8579785823822021,0.9354552030563354
sub-cp017_ses-20210521_level-04B_run-006,sub-cp017,5,hybrid,1000,46,51,50,"{""centroids_per_class"":3,""epochs"":1,""learning_rate"":0.1,""margin_threshold"":0.0}",3,3,4.0,0.05,3.192547587176511,3.192547587176511,0.8461303114891052,0.8590460419654846,0.8531902432441711,0.925615131855011
sub-cp017_ses-20210521_level-04B_run-009,sub-cp017,5,hybrid,1000,46,51,50,"{""centroids_per_class"":3,""epochs"":1,""learning_rate"":0.1,""margin_threshold"":0.0}",3,3,4.0,0.05,3.2737560061820625,3.2737560061820625,0.8279141783714294,0.8475357890129089,0.8597009778022766,0.9210363626480103
sub-cp022_ses-20210621_level-01B_run-001,sub-cp022,5,hybrid,1000,46,51,50,"{""centroids_per_class"":3,""epochs"":1,""learning_rate"":0.1,""margin_threshold"":0.0}",0,0,1.0,0.05,2.102247100498926,2.102247100498926,0.872901976108551,0.8418175578117371,0.8391293287277222,0.8230538368225098
sub-cp022_ses-20210621_level-01B_run-007,sub-cp022,5,hybrid,1000,46,51,50,"{""centroids_per_class"":3,""epochs"":1,""learning_rate"":0.1,""margin_threshold"":0.0}",0,0,1.0,0.05,2.0915389411184284,2.0915389411184284,0.8570470809936523,0.8464018106460571,0.8081757426261902,0.8150341510772705
sub-cp022_ses-20210621_level-01B_run-012,sub-cp022,5,hybrid,1000,46,51,50,"{""centroids_per_class"":3,""epochs"":1,""learning_rate"":0.1,""margin_threshold"":0.0}",0,1,1.0,0.05,2.003591954794301,2.003591954794301,0.8889691829681396,0.9079617857933044,0.8501046299934387,0.8245866298675537
sub-cp022_ses-20210621_level-02B_run-003,sub-cp022,5,hybrid,1000,46,51,50,"{""centroids_per_class"":3,""epochs"":1,""learning_rate"":0.1,""margin_threshold"":0.0}",1,0,2.0,0.05,2.27378002351417,2.27378002351417,0.8755047917366028,0.8675118684768677,0.8661574125289917,0.843201756477356
sub-cp022_ses-20210621_level-02B_run-008,sub-cp022,5,hybrid,1000,46,51,50,"{""centroids_per_class"":3,""epochs"":1,""learning_rate"":0.1,""margin_threshold"":0.0}",1,1,2.0,0.05,2.331561290660561,2.331561290660561,0.8721204996109009,0.875847578048706,0.869341254234314,0.8492734432220459
sub-cp022_ses-20210621_level-02B_run-010,sub-cp022,5,hybrid,1000,46,51,50,"{""centroids_per_class"":3,""epochs"":1,""learning_rate"":0.1,""margin_threshold"":0.0}",1,1,2.0,0.05,2.4712962638404483,2.4712962638404483,0.856365442276001,0.8754291534423828,0.8677327036857605,0.8553403615951538
sub-cp022_ses-20210621_level-03B_run-002,sub-cp022,5,hybrid,1000,46,51,50,"{""centroids_per_class"":3,""epochs"":1,""learning_rate"":0.1,""margin_threshold"":0.0}",2,3,3.0,0.05,2.76555143779298,2.76555143779298,0.8542726039886475,0.8682622313499451,0.8812223672866821,0.8870197534561157
sub-cp022_ses-20210621_level-03B_run-005,sub-cp022,5,hybrid,1000,46,51,50,"{""centroids_per_class"":3,""epochs"":1,""learning_rate"":0.1,""margin_threshold"":0.0}",2,2,3.0,0.05,2.670013488148241,2.670013488148241,0.8452887535095215,0.8513169884681702,0.8768693804740906,0.8605664372444153
sub-cp022_ses-20210621_level-03B_run-011,sub-cp022,5,hybrid,1000,46,51,50,"{""centroids_per_class"":3,""epochs"":1,""learning_rate"":0.1,""margin_threshold"":0.0}",2,2,3.0,0.05,2.6741557399641236,2.6741557399641236,0.851848304271698,0.8623450994491577,0.8768171072006226,0.8716196417808533
sub-cp022_ses-20210621_level-04B_run-004,sub-cp022,5,hybrid,1000,46,51,50,"{""centroids_per_class"":3,""epochs"":1,""learning_rate"":0.1,""margin_threshold"":0.0}",3,3,4.0,0.05,2.8704270730001697,2.8704270730001697,0.8601932525634766,0.8555042147636414,0.8535455465316772,0.9008960127830505
sub-cp022_ses-20210621_level-04B_run-006,sub-cp022,5,hybrid,1000,46,51,50,"{""centroids_per_class"":3,""epochs"":1,""learning_rate"":0.1,""margin_threshold"":0.0}",3,3,4.0,0.05,2.7732883976354694,2.7732883976354694,0.838898241519928,0.8628883957862854,0.8545646071434021,0.8785767555236816
sub-cp022_ses-20210621_level-04B_run-009,sub-cp022,5,hybrid,1000,46,51,50,"{""centroids_per_class"":3,""epochs"":1,""learning_rate"":0.1,""margin_threshold"":0.0}",3,3,4.0,0.05,3.2129545128588894,3.2129545128588894,0.8145378232002258,0.8482798337936401,0.8475768566131592,0.907055139541626
sub-cp028_ses-20211214_level-01B_run-001,sub-cp028,5,hybrid,1000,46,51,50,"{""centroids_per_class"":3,""epochs"":1,""learning_rate"":0.1,""margin_threshold"":0.0}",0,1,1.0,0.05,2.0552300575570897,2.0552300575570897,0.8497678637504578,0.867730438709259,0.8220131993293762,0.7902997732162476
sub-cp028_ses-20211214_level-01B_run-007,sub-cp028,5,hybrid,1000,46,51,50,"{""centroids_per_class"":3,""epochs"":1,""learning_rate"":0.1,""margin_threshold"":0.0}",0,0,1.0,0.05,1.7329204149991984,1.7329204149991984,0.9007545709609985,0.8503243923187256,0.8327710032463074,0.8013018369674683
sub-cp028_ses-20211214_level-01B_run-012,sub-cp028,5,hybrid,1000,46,51,50,"{""centroids_per_class"":3,""epochs"":1,""learning_rate"":0.1,""margin_threshold"":0.0}",0,0,1.0,0.05,1.5867340701734194,1.5867340701734194,0.8554431200027466,0.7924680113792419,0.7552247643470764,0.7475704550743103
sub-cp028_ses-20211214_level-02B_run-003,sub-cp028,5,hybrid,1000,46,51,50,"{""centroids_per_class"":3,""epochs"":1,""learning_rate"":0.1,""margin_threshold"":0.0}",1,1,2.0,0.05,2.3077711713434206,2.3077711713434206,0.8514277338981628,0.8896033763885498,0.8724460005760193,0.8206431865692139
sub-cp028_ses-20211214_level-02B_run-008,sub-cp028,5,hybrid,1000,46,51,50,"{""centroids_per_class"":3,""epochs"":1,""learning_rate"":0.1,""margin_threshold"":0.0}",1,1,2.0,0.05,2.091146475600716,2.091146475600716,0.8608375191688538,0.8791524767875671,0.8445333242416382,0.8001121282577515
sub-cp028_ses-20211214_level-02B_run-010,sub-cp028,5,hybrid,1000,46,51,50,"{""centroids_per_class"":3,""epochs"":1,""learning_rate"":0.1,""margin_threshold"":0.0}",1,1,2.0,0.05,1.9926545634085422,1.9926545634085422,0.8896646499633789,0.9047766327857971,0.8580065965652466,0.8146654367446899
sub-cp028_ses-20211214_level-03B_run-002,sub-cp028,5,hybrid,1000,46,51,50,"{""centroids_per_class"":3,""epochs"":1,""learning_rate"":0.1,""margin_threshold"":0.0}",2,2,3.0,0.05,2.5318241423504224,2.5318241423504224,0.811843752861023,0.8491311073303223,0.8705650568008423,0.7990961074829102
sub-cp028_ses-20211214_level-03B_run-005,sub-cp028,5,hybrid,1000,46,51,50,"{""centroids_per_class"":3,""epochs"":1,""learning_rate"":0.1,""margin_threshold"":0.0}",2,2,3.0,0.05,2.5835366766626735,2.5835366766626735,0.8461247086524963,0.8642407059669495,0.9130274653434753,0.8196691274642944
sub-cp028_ses-20211214_level-03B_run-011,sub-cp028,5,hybrid,1000,46,51,50,"{""centroids_per_class"":3,""epochs"":1,""learning_rate"":0.1,""margin_threshold"":0.0}",2,2,3.0,0.05,2.5055687456672664,2.5055687456672664,0.8561393618583679,0.8865721225738525,0.8932377696037292,0.8527485728263855
sub-cp028_ses-20211214_level-04B_run-004,sub-cp028,5,hybrid,1000,46,51,50,"{""centroids_per_class"":3,""epochs"":1,""learning_rate"":0.1,""margin_threshold"":0.0}",3,3,4.0,0.05,3.0187030694331582,3.0187030694331582,0.8387230634689331,0.8449310660362244,0.8409051895141602,0.897693395614624
sub-cp028_ses-20211214_level-04B_run-006,sub-cp028,5,hybrid,1000,46,51,50,"{""centroids_per_class"":3,""epochs"":1,""learning_rate"":0.1,""margin_threshold"":0.0}",3,3,4.0,0.05,2.8865133198280195,2.8865133198280195,0.8455060720443726,0.8322025537490845,0.8509485721588135,0.8847185969352722
sub-cp028_ses-20211214_level-04B_run-009,sub-cp028,5,hybrid,1000,46,51,50,"{""centroids_per_class"":3,""epochs"":1,""learning_rate"":0.1,""margin_threshold"":0.0}",3,3,4.0,0.05,2.8126923507153565,2.8126923507153565,0.8620343804359436,0.8455758094787598,0.8400686979293823,0.8945868611335754
sub-cp030_ses-20211025_level-01B_run-001,sub-cp030,5,hybrid,1000,46,51,50,"{""centroids_per_class"":3,""epochs"":1,""learning_rate"":0.1,""margin_threshold"":0.0}",0,0,1.0,0.05,2.100532806503847,2.100532806503847,0.8634670376777649,0.8099902272224426,0.8278628587722778,0.8131051063537598
sub-cp030_ses-20211025_level-01B_run-007,sub-cp030,5,hybrid,1000,46,51,50,"{""centroids_per_class"":3,""epochs"":1,""learning_rate"":0.1,""margin_threshold"":0.0}",0,0,1.0,0.05,1.8687216258152346,1.8687216258152346,0.8570918440818787,0.8202733397483826,0.7936801910400391,0.7833425998687744
sub-cp030_ses-20211025_level-01B_run-012,sub-cp030,5,hybrid,1000,46,51,50,"{""centroids_per_class"":3,""epochs"":1,""learning_rate"":0.1,""margin_threshold"":0.0}",0,0,1.0,0.05,1.7373216191148386,1.7373216191148386,0.8593624234199524,0.8064201474189758,0.7855512499809265,0.767130434513092
sub-cp030_ses-20211025_level-02B_run-003,sub-cp030,5,hybrid,1000,46,51,50,"{""centroids_per_class"":3,""epochs"":1,""learning_rate"":0.1,""margin_threshold"":0.0}",1,2,2.0,0.05,2.39761849396832,2.39761849396832,0.8294150829315186,0.8291720151901245,0.8446637988090515,0.8046322464942932
sub-cp030_ses-20211025_level-02B_run-008,sub-cp030,5,hybrid,1000,46,51,50,"{""centroids_per_class"":3,""epochs"":1,""learning_rate"":0.1,""margin_threshold"":0.0}",1,1,2.0,0.05,2.222563496591039,2.222563496591039,0.8653379082679749,0.886921763420105,0.8741598129272461,0.8140946626663208
sub-cp030_ses-20211025_level-02B_run-010,sub-cp030,5,hybrid,1000,46,51,50,"{""centroids_per_class"":3,""epochs"":1,""learning_rate"":0.1,""margin_threshold"":0.0}",1,1,2.0,0.05,2.016046618790483,2.016046618790483,0.8567705154418945,0.884790301322937,0.8247241973876953,0.7903741598129272
sub-cp030_ses-20211025_level-03B_run-002,sub-cp030,5,hybrid,1000,46,51,50,"{""centroids_per_class"":3,""epochs"":1,""learning_rate"":0.1,""margin_threshold"":0.0}",2,2,3.0,0.05,2.5520285602406902,2.5520285602406902,0.8102892637252808,0.8193385601043701,0.8330522179603577,0.8122975826263428
sub-cp030_ses-20211025_level-03B_run-011,sub-cp030,5,hybrid,1000,46,51,50,"{""centroids_per_class"":3,""epochs"":1,""learning_rate"":0.1,""margin_threshold"":0.0}",2,2,3.0,0.05,2.70229450473839,2.70229450473839,0.8312937021255493,0.8557419180870056,0.8960805535316467,0.8465224504470825
sub-cp030_ses-20211025_level-04B_run-004,sub-cp030,5,hybrid,1000,46,51,50,"{""centroids_per_class"":3,""epochs"":1,""learning_rate"":0.1,""margin_threshold"":0.0}",3,3,4.0,0.05,2.6540272648698924,2.6540272648698924,0.8138556480407715,0.7759019136428833,0.7995685338973999,0.8255369067192078
sub-cp030_ses-20211025_level-04B_run-006,sub-cp030,5,hybrid,1000,46,51,50,"{""centroids_per_class"":3,""epochs"":1,""learning_rate"":0.1,""margin_threshold"":0.0}",3,3,4.0,0.05,3.073369994498803,3.073369994498803,0.7730225324630737,0.7738252282142639,0.7737099528312683,0.8355880379676819
sub-cp030_ses-20211025_level-04B_run-009,sub-cp030,5,hybrid,1000,46,51,50,"{""centroids_per_class"":3,""epochs"":1,""learning_rate"":0.1,""margin_threshold"":0.0}",3,3,4.0,0.05,2.942338704802501,2.942338704802501,0.8352308869361877,0.8525764346122742,0.8367600440979004,0.8908348679542542
sub-cp032_ses-20211105_level-01B_run-001,sub-cp032,5,hybrid,1000,46,51,50,"{""centroids_per_class"":3,""epochs"":1,""learning_rate"":0.1,""margin_threshold"":0.0}",0,1,1.0,0.05,2.1186657335393595,2.1186657335393595,0.8622770309448242,0.897754967212677,0.8535671234130859,0.8067349195480347
sub-cp032_ses-20211105_level-01B_run-007,sub-cp032,5,hybrid,1000,46,51,50,"{""centroids_per_class"":3,""epochs"":1,""learning_rate"":0.1,""margin_threshold"":0.0}",0,1,1.0,0.05,2.0570245698809613,2.0570245698809613,0.8643411993980408,0.8840580582618713,0.8390031456947327,0.803332507610321
sub-cp032_ses-20211105_level-01B_run-012,sub-cp032,5,hybrid,1000,46,51,50,"{""centroids_per_class"":3,""epochs"":1,""learning_rate"":0.1,""margin_threshold"":0.0}",0,1,1.0,0.05,1.8749449421024742,1.8749449421024742,0.88970947265625,0.8912230134010315,0.8182996511459351,0.8149368166923523
sub-cp032_ses-20211105_level-02B_run-003,sub-cp032,5,hybrid,1000,46,51,50,"{""centroids_per_class"":3,""epochs"":1,""learning_rate"":0.1,""margin_threshold"":0.0}",1,1,2.0,0.05,2.245250676362225,2.245250676362225,0.8547790050506592,0.9006711840629578,0.8580865859985352,0.8292431831359863
sub-cp032_ses-20211105_level-02B_run-008,sub-cp032,5,hybrid,1000,46,51,50,"{""centroids_per_class"":3,""epochs"":1,""learning_rate"":0.1,""margin_threshold"":0.0}",1,1,2.0,0.05,2.2572769356237696,2.2572769356237696,0.8507324457168579,0.8903534412384033,0.8615775108337402,0.8178532123565674
sub-cp032_ses-20211105_level-02B_run-010,sub-cp032,5,hybrid,1000,46,51,50,"{""centroids_per_class"":3,""epochs"":1,""learning_rate"":0.1,""margin_threshold"":0.0}",1,1,2.0,0.05,2.122218965514723,2.122218965514723,0.8504775166511536,0.8818932771682739,0.8475150465965271,0.7866625189781189
sub-cp032_ses-20211105_level-03B_run-002,sub-cp032,5,hybrid,1000,46,51,50,"{""centroids_per_class"":3,""epochs"":1,""learning_rate"":0.1,""margin_threshold"":0.0}",2,2,3.0,0.05,2.585222057878003,2.585222057878003,0.8257718086242676,0.866831362247467,0.8975914716720581,0.816324770450592
sub-cp032_ses-20211105_level-03B_run-005,sub-cp032,5,hybrid,1000,46,51,50,"{""centroids_per_class"":3,""epochs"":1,""learning_rate"":0.1,""margin_threshold"":0.0}",2,1,3.0,0.05,2.4086798173050017,2.4086798173050017,0.8519620895385742,0.8802381753921509,0.878315806388855,0.8346864581108093
sub-cp032_ses-20211105_level-03B_run-011,sub-cp032,5,hybrid,1000,46,51,50,"{""centroids_per_class"":3,""epochs"":1,""learning_rate"":0.1,""margin_threshold"":0.0}",2,2,3.0,0.05,2.5577425048379174,2.5577425048379174,0.8371306657791138,0.8829708695411682,0.8855688571929932,0.847864031791687
sub-cp032_ses-20211105_level-04B_run-004,sub-cp032,5,hybrid,1000,46,51,50,"{""centroids_per_class"":3,""epochs"":1,""learning_rate"":0.1,""margin_threshold"":0.0}",3,3,4.0,0.05,3.2111963613665653,3.2111963613665653,0.8321019411087036,0.8327606916427612,0.8642269372940063,0.9112372994422913
sub-cp032_ses-20211105_level-04B_run-006,sub-cp032,5,hybrid,1000,46,51,50,"{""centroids_per_class"":3,""epochs"":1,""learning_rate"":0.1,""margin_threshold"":0.0}",3,3,4.0,0.05,3.2745584975136035,3.2745584975136035,0.8324209451675415,0.8291293382644653,0.8419229388237,0.9152188897132874
sub-cp032_ses-20211105_level-04B_run-009,sub-cp032,5,hybrid,1000,46,51,50,"{""centroids_per_class"":3,""epochs"":1,""learning_rate"":0.1,""margin_threshold"":0.0}",3,3,4.0,0.05,3.2806117070531586,3.2806117070531586,0.8348272442817688,0.8263937830924988,0.8544722199440002,0.9177562594413757
sub-cp035_ses-20220125_level-01B_run-001,sub-cp035,5,hybrid,1000,46,51,50,"{""centroids_per_class"":3,""epochs"":1,""learning_rate"":0.1,""margin_threshold"":0.0}",0,1,1.0,0.05,2.159953701428422,2.159953701428422,0.8624657988548279,0.8826160430908203,0.8551907539367676,0.8121757507324219
sub-cp035_ses-20220125_level-01B_run-007,sub-cp035,5,hybrid,1000,46,51,50,"{""centroids_per_class"":3,""epochs"":1,""learning_rate"":0.1,""margin_threshold"":0.0}",0,0,1.0,0.05,1.8012330271055819,1.8012330271055819,0.9169080257415771,0.8875735402107239,0.8632527589797974,0.8140028119087219
sub-cp035_ses-20220125_level-01B_run-012,sub-cp035,5,hybrid,1000,46,51,50,"{""centroids_per_class"":3,""epochs"":1,""learning_rate"":0.1,""margin_threshold"":0.0}",0,0,1.0,0.05,1.9371885815410854,1.9371885815410854,0.8887069225311279,0.878612220287323,0.8332495093345642,0.8212572932243347
sub-cp035_ses-20220125_level-02B_run-003,sub-cp035,5,hybrid,1000,46,51,50,"{""centroids_per_class"":3,""epochs"":1,""learning_rate"":0.1,""margin_threshold"":0.0}",1,1,2.0,0.05,2.3038204181297166,2.3038204181297166,0.8667387962341309,0.897919774055481,0.8790004253387451,0.8393601179122925
sub-cp035_ses-20220125_level-02B_run-008,sub-cp035,5,hybrid,1000,46,51,50,"{""centroids_per_class"":3,""epochs"":1,""learning_rate"":0.1,""margin_threshold"":0.0}",1,1,2.0,0.05,2.0871758551726045,2.0871758551726045,0.8746671080589294,0.9125270247459412,0.8754929304122925,0.789032518863678
sub-cp035_ses-20220125_level-02B_run-010,sub-cp035,5,hybrid,1000,46,51,50,"{""centroids_per_class"":3,""epochs"":1,""learning_rate"":0.1,""margin_threshold"":0.0}",1,1,2.0,0.05,2.028191318778864,2.028191318778864,0.8817878365516663,0.9108555912971497,0.8510836958885193,0.8181958794593811
sub-cp035_ses-20220125_level-03B_run-002,sub-cp035,5,hybrid,1000,46,51,50,"{""centroids_per_class"":3,""epochs"":1,""learning_rate"":0.1,""margin_threshold"":0.0}",2,2,3.0,0.05,2.5290147090690738,2.5290147090690738,0.8119673728942871,0.8410928845405579,0.8561088442802429,0.8072113990783691
sub-cp035_ses-20220125_level-03B_run-005,sub-cp035,5,hybrid,1000,46,51,50,"{""centroids_per_class"":3,""epochs"":1,""learning_rate"":0.1,""margin_threshold"":0.0}",2,2,3.0,0.05,2.6470581364362475,2.6470581364362475,0.8361092209815979,0.8798803687095642,0.8960385322570801,0.8563913702964783
sub-cp035_ses-20220125_level-03B_run-011,sub-cp035,5,hybrid,1000,46,51,50,"{""centroids_per_class"":3,""epochs"":1,""learning_rate"":0.1,""margin_threshold"":0.0}",2,2,3.0,0.05,2.4539382168950086,2.4539382168950086,0.8403387665748596,0.886239230632782,0.8916676640510559,0.8217679262161255
sub-cp035_ses-20220125_level-04B_run-004,sub-cp035,5,hybrid,1000,46,51,50,"{""centroids_per_class"":3,""epochs"":1,""learning_rate"":0.1,""margin_threshold"":0.0}",3,3,4.0,0.05,3.299773102676345,3.299773102676345,0.8285117745399475,0.8413732647895813,0.8411396145820618,0.9200299978256226
sub-cp035_ses-20220125_level-04B_run-006,sub-cp035,5,hybrid,1000,46,51,50,"{""centroids_per_class"":3,""epochs"":1,""learning_rate"":0.1,""margin_threshold"":0.0}",3,3,4.0,0.05,3.2840988450600452,3.2840988450600452,0.8244999647140503,0.8244896531105042,0.8589160442352295,0.9121655821800232
sub-cp035_ses-20220125_level-04B_run-009,sub-cp035,5,hybrid,1000,46,51,50,"{""centroids_per_class"":3,""epochs"":1,""learning_rate"":0.1,""margin_threshold"":0.0}",3,3,4.0,0.05,3.3414824807679455,3.3414824807679455,0.8189511299133301,0.8214495778083801,0.8460344672203064,0.9132176637649536
sub-cp005_ses-20210226_level-01B_run-001,sub-cp005,5,hybrid,2000,42,51,50,"{""centroids_per_class"":3,""epochs"":1,""learning_rate"":0.1,""margin_threshold"":0.0}",0,0,1.0,0.05,1.984880964139038,1.984880964139038,0.8923448324203491,0.8777748942375183,0.8722295165061951,0.7962204813957214
sub-cp005_ses-20210226_level-01B_run-007,sub-cp005,5,hybrid,2000,42,51,50,"{""centroids_per_class"":3,""epochs"":1,""learning_rate"":0.1,""margin_threshold"":0.0}",0,1,1.0,0.05,1.941786698628459,1.941786698628459,0.9092807173728943,0.9241176843643188,0.879794180393219,0.8089492321014404
sub-cp005_ses-20210226_level-01B_run-012,sub-cp005,5,hybrid,2000,42,51,50,"{""centroids_per_class"":3,""epochs"":1,""learning_rate"":0.1,""margin_threshold"":0.0}",0,1,1.0,0.05,1.863474786410307,1.863474786410307,0.9076420068740845,0.9129328727722168,0.8654749393463135,0.7945859432220459
sub-cp005_ses-20210226_level-02B_run-003,sub-cp005,5,hybrid,2000,42,51,50,"{""centroids_per_class"":3,""epochs"":1,""learning_rate"":0.1,""margin_threshold"":0.0}",1,1,2.0,0.05,2.442686763341746,2.442686763341746,0.798776388168335,0.8408285975456238,0.8260107040405273,0.7971786856651306
sub-cp005_ses-20210226_level-02B_run-008,sub-cp005,5,hybrid,2000,42,51,50,"{""centroids_per_class"":3,""epochs"":1,""learning_rate"":0.1,""margin_threshold"":0.0}",1,1,2.0,0.05,2.0240389198707,2.0240389198707,0.8962472677230835,0.9321091771125793,0.8892029523849487,0.7877407073974609
sub-cp005_ses-20210226_level-02B_run-010,sub-cp005,5,hybrid,2000,42,51,50,"{""centroids_per_class"":3,""epochs"":1,""learning_rate"":0.1,""margin_threshold"":0.0}",1,1,2.0,0.05,2.1110226956495617,2.1110226956495617,0.8793222308158875,0.918631374835968,0.8815954923629761,0.8046653270721436
sub-cp005_ses-20210226_level-03B_run-002,sub-cp005,5,hybrid,2000,42,51,50,"{""centroids_per_class"":3,""epochs"":1,""learning_rate"":0.1,""margin_threshold"":0.0}",2,3,3.0,0.05,2.6410274629813797,2.6410274629813797,0.7880130410194397,0.7930123209953308,0.7830126881599426,0.807946503162384
sub-cp005_ses-20210226_level-03B_run-005,sub-cp005,5,hybrid,2000,42,51,50,"{""centroids_per_class"":3,""epochs"":1,""learning_rate"":0.1,""margin_threshold"":0.0}",2,2,3.0,0.05,2.4035135066735274,2.4035135066735274,0.8589691519737244,0.8736443519592285,0.8971460461616516,0.8151578903198242
sub-cp005_ses-20210226_level-03B_run-011,sub-cp005,5,hybrid,2000,42,51,50,"{""centroids_per_class"":3,""epochs"":1,""learning_rate"":0.1,""margin_threshold"":0.0}",2,2,3.0,0.05,2.608185058662972,2.608185058662972,0.8644425272941589,0.8837108016014099,0.9190836548805237,0.8623080849647522
sub-cp005_ses-20210226_level-04B_run-004,sub-cp005,5,hybrid,2000,42,51,50,"{""centroids_per_class"":3,""epochs"":1,""learning_rate"":0.1,""margin_threshold"":0.0}",3,3,4.0,0.05,2.8575134484037337,2.8575134484037337,0.7793452739715576,0.7835685610771179,0.7903886437416077,0.8207079768180847
sub-cp005_ses-20210226_level-04B_run-006,sub-cp005,5,hybrid,2000,42,51,50,"{""centroids_per_class"":3,""epochs"":1,""learning_rate"":0.1,""margin_threshold"":0.0}",3,3,4.0,0.05,3.301386731042549,3.301386731042549,0.8234689235687256,0.8322629928588867,0.8654177784919739,0.9171629548072815
sub-cp005_ses-20210226_level-04B_run-009,sub-cp005,5,hybrid,2000,42,51,50,"{""centroids_per_class"":3,""epochs"":1,""learning_rate"":0.1,""margin_threshold"":0.0}",3,3,4.0,0.05,2.830251838823595,2.830251838823595,0.8519567251205444,0.8254247903823853,0.8599832057952881,0.8816721439361572
sub-cp017_ses-20210521_level-01B_run-001,sub-cp017,5,hybrid,2000,42,51,50,"{""centroids_per_class"":3,""epochs"":1,""learning_rate"":0.1,""margin_threshold"":0.0}",0,0,1.0,0.05,1.8320352426878745,1.8320352426878745,0.9112824201583862,0.9035348296165466,0.8635565042495728,0.8009272813796997
sub-cp017_ses-20210521_level-01B_run-007,sub-cp017,5,hybrid,2000,42,51,50,"{""centroids_per_class"":3,""epochs"":1,""learning_rate"":0.1,""margin_threshold"":0.0}",0,0,1.0,0.05,1.6217986905765753,1.6217986905765753,0.910560131072998,0.896739661693573,0.8181502223014832,0.7603201866149902
sub-cp017_ses-20210521_level-01B_run-012,sub-cp017,5,hybrid,2000,42,51,50,"{""centroids_per_class"":3,""epochs"":1,""learning_rate"":0.1,""margin_threshold"":0.0}",0,0,1.0,0.05,1.6436730164598712,1.6436730164598712,0.8899660706520081,0.8826436400413513,0.8029035329818726,0.7310341596603394
sub-cp017_ses-20210521_level-02B_run-003,sub-cp017,5,hybrid,2000,42,51,50,"{""centroids_per_class"":3,""epochs"":1,""learning_rate"":0.1,""margin_threshold"":0.0}",1,1,2.0,0.05,1.9595911598445588,1.9595911598445588,0.8937406539916992,0.932727575302124,0.8750357031822205,0.7651102542877197
sub-cp017_ses-20210521_level-02B_run-008,sub-cp017,5,hybrid,2000,42,51,50,"{""centroids_per_class"":3,""epochs"":1,""learning_rate"":0.1,""margin_threshold"":0.0}",1,1,2.0,0.05,2.027201045665727,2.027201045665727,0.8494566082954407,0.8791624903678894,0.8376436829566956,0.7566619515419006
sub-cp017_ses-20210521_level-02B_run-010,sub-cp017,5,hybrid,2000,42,51,50,"{""centroids_per_class"":3,""epochs"":1,""learning_rate"":0.1,""margin_threshold"":0.0}",1,1,2.0,0.05,2.0096190942409238,2.0096190942409238,0.8834215402603149,0.9141960740089417,0.8658626079559326,0.7936224341392517
sub-cp017_ses-20210521_level-03B_run-002,sub-cp017,5,hybrid,2000,42,51,50,"{""centroids_per_class"":3,""epochs"":1,""learning_rate"":0.1,""margin_threshold"":0.0}",2,1,3.0,0.05,2.1536295230511198,2.1536295230511198,0.8783900737762451,0.8946343660354614,0.8904954791069031,0.7854918241500854
sub-cp017_ses-20210521_level-03B_run-005,sub-cp017,5,hybrid,2000,42,51,50,"{""centroids_per_class"":3,""epochs"":1,""learning_rate"":0.1,""margin_threshold"":0.0}",2,2,3.0,0.05,2.260244500370898,2.260244500370898,0.8846989274024963,0.8949148058891296,0.9054557085037231,0.8180837631225586
sub-cp017_ses-20210521_level-03B_run-011,sub-cp017,5,hybrid,2000,42,51,50,"{""centroids_per_class"":3,""epochs"":1,""learning_rate"":0.1,""margin_threshold"":0.0}",2,2,3.0,0.05,2.3182080174385424,2.3182080174385424,0.8665273785591125,0.8894186615943909,0.8995981812477112,0.8058953285217285
sub-cp017_ses-20210521_level-04B_run-004,sub-cp017,5,hybrid,2000,42,51,50,"{""centroids_per_class"":3,""epochs"":1,""learning_rate"":0.1,""margin_threshold"":0.0}",3,3,4.0,0.05,3.3903357627143977,3.3903357627143977,0.8217257857322693,0.8362393975257874,0.8708030581474304,0.9297643899917603
sub-cp017_ses-20210521_level-04B_run-006,sub-cp017,5,hybrid,2000,42,51,50,"{""centroids_per_class"":3,""epochs"":1,""learning_rate"":0.1,""margin_threshold"":0.0}",3,3,4.0,0.05,3.4027372065409853,3.4027372065409853,0.8185964822769165,0.8165391683578491,0.8598353862762451,0.9213999509811401
sub-cp017_ses-20210521_level-04B_run-009,sub-cp017,5,hybrid,2000,42,51,50,"{""centroids_per_class"":3,""epochs"":1,""learning_rate"":0.1,""margin_threshold"":0.0}",3,3,4.0,0.05,3.139601387345384,3.139601387345384,0.835908830165863,0.831865668296814,0.8647423386573792,0.9051885008811951
sub-cp022_ses-20210621_level-01B_run-001,sub-cp022,5,hybrid,2000,42,51,50,"{""centroids_per_class"":3,""epochs"":1,""learning_rate"":0.1,""margin_threshold"":0.0}",0,1,1.0,0.05,2.183999869401611,2.183999869401611,0.8826019167900085,0.8902723789215088,0.8738731145858765,0.8358718156814575
sub-cp022_ses-20210621_level-01B_run-007,sub-cp022,5,hybrid,2000,42,51,50,"{""centroids_per_class"":3,""epochs"":1,""learning_rate"":0.1,""margin_threshold"":0.0}",0,0,1.0,0.05,2.0519232946103507,2.0519232946103507,0.88125079870224,0.8494439125061035,0.8227101564407349,0.8358302712440491
sub-cp022_ses-20210621_level-01B_run-012,sub-cp022,5,hybrid,2000,42,51,50,"{""centroids_per_class"":3,""epochs"":1,""learning_rate"":0.1,""margin_threshold"":0.0}",0,1,1.0,0.05,2.1407405343408463,2.1407405343408463,0.903741717338562,0.905236005783081,0.8984953165054321,0.8392693400382996
sub-cp022_ses-20210621_level-02B_run-003,sub-cp022,5,hybrid,2000,42,51,50,"{""centroids_per_class"":3,""epochs"":1,""learning_rate"":0.1,""margin_threshold"":0.0}",1,2,2.0,0.05,2.2414585817124646,2.2414585817124646,0.8812090158462524,0.8823358416557312,0.8831003308296204,0.8351964950561523
sub-cp022_ses-20210621_level-02B_run-008,sub-cp022,5,hybrid,2000,42,51,50,"{""centroids_per_class"":3,""epochs"":1,""learning_rate"":0.1,""margin_threshold"":0.0}",1,2,2.0,0.05,2.4018139843548347,2.4018139843548347,0.8525293469429016,0.8674437403678894,0.8709306716918945,0.832886278629303
sub-cp022_ses-20210621_level-02B_run-010,sub-cp022,5,hybrid,2000,42,51,50,"{""centroids_per_class"":3,""epochs"":1,""learning_rate"":0.1,""margin_threshold"":0.0}",1,2,2.0,0.05,2.5788771092625193,2.5788771092625193,0.8522223830223083,0.8948222994804382,0.9027678966522217,0.8634431958198547
sub-cp022_ses-20210621_level-03B_run-002,sub-cp022,5,hybrid,2000,42,51,50,"{""centroids_per_class"":3,""epochs"":1,""learning_rate"":0.1,""margin_threshold"":0.0}",2,3,3.0,0.05,2.724710341829544,2.724710341829544,0.852805495262146,0.8578494787216187,0.8729681968688965,0.8780835270881653
sub-cp022_ses-20210621_level-03B_run-005,sub-cp022,5,hybrid,2000,42,51,50,"{""centroids_per_class"":3,""epochs"":1,""learning_rate"":0.1,""margin_threshold"":0.0}",2,2,3.0,0.05,2.766058785376351,2.766058785376351,0.8369426727294922,0.8520101308822632,0.9011189937591553,0.8600065112113953
sub-cp022_ses-20210621_level-03B_run-011,sub-cp022,5,hybrid,2000,42,51,50,"{""centroids_per_class"":3,""epochs"":1,""learning_rate"":0.1,""margin_threshold"":0.0}",2,2,3.0,0.05,2.6850643683518864,2.6850643683518864,0.859088122844696,0.8665355443954468,0.9135251045227051,0.8671380877494812
sub-cp022_ses-20210621_level-04B_run-004,sub-cp022,5,hybrid,2000,42,51,50,"{""centroids_per_class"":3,""epochs"":1,""learning_rate"":0.1,""margin_threshold"":0.0}",3,3,4.0,0.05,2.9626999563764014,2.9626999563764014,0.8567918539047241,0.8453262448310852,0.8896534442901611,0.9038047790527344
sub-cp022_ses-20210621_level-04B_run-006,sub-cp022,5,hybrid,2000,42,51,50,"{""centroids_per_class"":3,""epochs"":1,""learning_rate"":0.1,""margin_threshold"":0.0}",3,3,4.0,0.05,3.1196931462436948,3.1196931462436948,0.8257777094841003,0.82713383436203,0.8393613696098328,0.8937395215034485
sub-cp022_ses-20210621_level-04B_run-009,sub-cp022,5,hybrid,2000,42,51,50,"{""centroids_per_class"":3,""epochs"":1,""learning_rate"":0.1,""margin_threshold"":0.0}",3,3,4.0,0.05,3.2855354388559075,3.2855354388559075,0.8182878494262695,0.8257167339324951,0.8784973621368408,0.9127844572067261
sub-cp028_ses-20211214_level-01B_run-001,sub-cp028,5,hybrid,2000,42,51,50,"{""centroids_per_class"":3,""epochs"":1,""learning_rate"":0.1,""margin_threshold"":0.0}",0,1,1.0,0.05,1.9514734664369384,1.9514734664369384,0.8543931245803833,0.8673504590988159,0.8239935040473938,0.76120924949646
sub-cp028_ses-20211214_level-01B_run-007,sub-cp028,5,hybrid,2000,42,51,50,"{""centroids_per_class"":3,""epochs"":1,""learning_rate"":0.1,""margin_threshold"":0.0}",0,0,1.0,0.05,1.9793673208975477,1.9793673208975477,0.8934773802757263,0.8821130394935608,0.8652235865592957,0.8103060126304626
sub-cp028_ses-20211214_level-01B_run-012,sub-cp028,5,hybrid,2000,42,51,50,"{""centroids_per_class"":3,""epochs"":1,""learning_rate"":0.1,""margin_threshold"":0.0}",0,0,1.0,0.05,2.0225374201652353,2.0225374201652353,0.8229097723960876,0.7986581325531006,0.7776419520378113,0.7665928602218628
sub-cp028_ses-20211214_level-02B_run-003,sub-cp028,5,hybrid,2000,42,51,50,"{""centroids_per_class"":3,""epochs"":1,""learning_rate"":0.1,""margin_threshold"":0.0}",1,1,2.0,0.05,2.1310834571230854,2.1310834571230854,0.8705735206604004,0.9111617803573608,0.8738337159156799,0.8045287132263184
sub-cp028_ses-20211214_level-02B_run-008,sub-cp028,5,hybrid,2000,42,51,50,"{""centroids_per_class"":3,""epochs"":1,""learning_rate"":0.1,""margin_threshold"":0.0}",1,1,2.0,0.05,1.971736197438797,1.971736197438797,0.8869629502296448,0.906673014163971,0.8620729446411133,0.7921937704086304
sub-cp028_ses-20211214_level-02B_run-010,sub-cp028,5,hybrid,2000,42,51,50,"{""centroids_per_class"":3,""epochs"":1,""learning_rate"":0.1,""margin_threshold"":0.0}",1,1,2.0,0.05,2.087496227690756,2.087496227690756,0.8901835083961487,0.9102685451507568,0.8918092250823975,0.7933201789855957
sub-cp028_ses-20211214_level-03B_run-002,sub-cp028,5,hybrid,2000,42,51,50,"{""centroids_per_class"":3,""epochs"":1,""learning_rate"":0.1,""margin_threshold"":0.0}",2,2,3.0,0.05,2.4337928247168126,2.4337928247168126,0.8440563678741455,0.8566604852676392,0.8893506526947021,0.7953341007232666
sub-cp028_ses-20211214_level-03B_run-005,sub-cp028,5,hybrid,2000,42,51,50,"{""centroids_per_class"":3,""epochs"":1,""learning_rate"":0.1,""margin_threshold"":0.0}",2,2,3.0,0.05,2.231271534183309,2.231271534183309,0.8758931159973145,0.8997935056686401,0.9020910263061523,0.788192629814148
sub-cp028_ses-20211214_level-03B_run-011,sub-cp028,5,hybrid,2000,42,51,50,"{""centroids_per_class"":3,""epochs"":1,""learning_rate"":0.1,""margin_threshold"":0.0}",2,2,3.0,0.05,2.3639336930961607,2.3639336930961607,0.8570351004600525,0.8874949216842651,0.8897109031677246,0.8219144344329834
sub-cp028_ses-20211214_level-04B_run-004,sub-cp028,5,hybrid,2000,42,51,50,"{""centroids_per_class"":3,""epochs"":1,""learning_rate"":0.1,""margin_threshold"":0.0}",3,3,4.0,0.05,3.23943587205542,3.23943587205542,0.826018214225769,0.8278990983963013,0.8615833520889282,0.9091927409172058
sub-cp028_ses-20211214_level-04B_run-006,sub-cp028,5,hybrid,2000,42,51,50,"{""centroids_per_class"":3,""epochs"":1,""learning_rate"":0.1,""margin_threshold"":0.0}",3,3,4.0,0.05,2.9240073764537815,2.9240073764537815,0.859374463558197,0.8323965668678284,0.859504222869873,0.8992040753364563
sub-cp028_ses-20211214_level-04B_run-009,sub-cp028,5,hybrid,2000,42,51,50,"{""centroids_per_class"":3,""epochs"":1,""learning_rate"":0.1,""margin_threshold"":0.0}",3,3,4.0,0.05,2.9221995707448953,2.9221995707448953,0.8571283221244812,0.8164552450180054,0.8526256084442139,0.8941488862037659
sub-cp030_ses-20211025_level-01B_run-001,sub-cp030,5,hybrid,2000,42,51,50,"{""centroids_per_class"":3,""epochs"":1,""learning_rate"":0.1,""margin_threshold"":0.0}",0,0,1.0,0.05,2.0168774203326514,2.0168774203326514,0.8795114755630493,0.8705425262451172,0.852372944355011,0.8064139485359192
sub-cp030_ses-20211025_level-01B_run-007,sub-cp030,5,hybrid,2000,42,51,50,"{""centroids_per_class"":3,""epochs"":1,""learning_rate"":0.1,""margin_threshold"":0.0}",0,0,1.0,0.05,1.7570266997695105,1.7570266997695105,0.8797435164451599,0.8453511595726013,0.8266103863716125,0.760214626789093
sub-cp030_ses-20211025_level-01B_run-012,sub-cp030,5,hybrid,2000,42,51,50,"{""centroids_per_class"":3,""epochs"":1,""learning_rate"":0.1,""margin_threshold"":0.0}",0,0,1.0,0.05,1.675710830465806,1.675710830465806,0.8818648457527161,0.831592857837677,0.8180080056190491,0.7560755610466003
sub-cp030_ses-20211025_level-02B_run-003,sub-cp030,5,hybrid,2000,42,51,50,"{""centroids_per_class"":3,""epochs"":1,""learning_rate"":0.1,""margin_threshold"":0.0}",1,1,2.0,0.05,2.166446727247605,2.166446727247605,0.8479589819908142,0.8563133478164673,0.8366806507110596,0.7996646761894226
sub-cp030_ses-20211025_level-02B_run-008,sub-cp030,5,hybrid,2000,42,51,50,"{""centroids_per_class"":3,""epochs"":1,""learning_rate"":0.1,""margin_threshold"":0.0}",1,0,2.0,0.05,2.0430956744536948,2.0430956744536948,0.8823713064193726,0.8815008401870728,0.8714940547943115,0.7911432981491089
sub-cp030_ses-20211025_level-02B_run-010,sub-cp030,5,hybrid,2000,42,51,50,"{""centroids_per_class"":3,""epochs"":1,""learning_rate"":0.1,""margin_threshold"":0.0}",1,0,2.0,0.05,1.9227240338878375,1.9227240338878375,0.8868263363838196,0.8789297342300415,0.8595054745674133,0.7774317264556885
sub-cp030_ses-20211025_level-03B_run-002,sub-cp030,5,hybrid,2000,42,51,50,"{""centroids_per_class"":3,""epochs"":1,""learning_rate"":0.1,""margin_threshold"":0.0}",2,1,3.0,0.05,2.415350159802375,2.415350159802375,0.8103966116905212,0.8249064087867737,0.8058595657348633,0.8054927587509155
sub-cp030_ses-20211025_level-03B_run-011,sub-cp030,5,hybrid,2000,42,51,50,"{""centroids_per_class"":3,""epochs"":1,""learning_rate"":0.1,""margin_threshold"":0.0}",2,2,3.0,0.05,2.5154904125480213,2.5154904125480213,0.8573415279388428,0.8712364435195923,0.8999601602554321,0.8404934406280518
sub-cp030_ses-20211025_level-04B_run-004,sub-cp030,5,hybrid,2000,42,51,50,"{""centroids_per_class"":3,""epochs"":1,""learning_rate"":0.1,""margin_threshold"":0.0}",3,3,4.0,0.05,2.6660960423899756,2.6660960423899756,0.8155611157417297,0.7908648252487183,0.8123326897621155,0.8294082283973694
sub-cp030_ses-20211025_level-04B_run-006,sub-cp030,5,hybrid,2000,42,51,50,"{""centroids_per_class"":3,""epochs"":1,""learning_rate"":0.1,""margin_threshold"":0.0}",3,3,4.0,0.05,2.9910114712452684,2.9910114712452684,0.7854277491569519,0.7814110517501831,0.794083833694458,0.8381267786026001
sub-cp030_ses-20211025_level-04B_run-009,sub-cp030,5,hybrid,2000,42,51,50,"{""centroids_per_class"":3,""epochs"":1,""learning_rate"":0.1,""margin_threshold"":0.0}",3,3,4.0,0.05,3.1226522142461146,3.1226522142461146,0.8292673826217651,0.8362898230552673,0.8572911024093628,0.9002635478973389
sub-cp032_ses-20211105_level-01B_run-001,sub-cp032,5,hybrid,2000,42,51,50,"{""centroids_per_class"":3,""epochs"":1,""learning_rate"":0.1,""margin_threshold"":0.0}",0,1,1.0,0.05,2.2394077083132267,2.2394077083132267,0.870960533618927,0.8889671564102173,0.8797379732131958,0.8231038451194763
sub-cp032_ses-20211105_level-01B_run-007,sub-cp032,5,hybrid,2000,42,51,50,"{""centroids_per_class"":3,""epochs"":1,""learning_rate"":0.1,""margin_threshold"":0.0}",0,1,1.0,0.05,2.1740792503624156,2.1740792503624156,0.8746626377105713,0.8853743672370911,0.8752714395523071,0.8150026798248291
sub-cp032_ses-20211105_level-01B_run-012,sub-cp032,5,hybrid,2000,42,51,50,"{""centroids_per_class"":3,""epochs"":1,""learning_rate"":0.1,""margin_threshold"":0.0}",0,1,1.0,0.05,2.055169835272899,2.055169835272899,0.8972949981689453,0.9000064730644226,0.8771799802780151,0.8274970054626465
sub-cp032_ses-20211105_level-02B_run-003,sub-cp032,5,hybrid,2000,42,51,50,"{""centroids_per_class"":3,""epochs"":1,""learning_rate"":0.1,""margin_threshold"":0.0}",1,1,2.0,0.05,2.1827496044427166,2.1827496044427166,0.866233229637146,0.8937104344367981,0.8640478253364563,0.8197370171546936
sub-cp032_ses-20211105_level-02B_run-008,sub-cp032,5,hybrid,2000,42,51,50,"{""centroids_per_class"":3,""epochs"":1,""learning_rate"":0.1,""margin_threshold"":0.0}",1,1,2.0,0.05,2.2418827082124935,2.2418827082124935,0.8620396852493286,0.8891111016273499,0.8664104342460632,0.8245217204093933
sub-cp032_ses-20211105_level-02B_run-010,sub-cp032,5,hybrid,2000,42,51,50,"{""centroids_per_class"":3,""epochs"":1,""learning_rate"":0.1,""margin_threshold"":0.0}",1,1,2.0,0.05,2.0955160349745077,2.0955160349745077,0.8657775521278381,0.893212616443634,0.852550208568573,0.8051632046699524
sub-cp032_ses-20211105_level-03B_run-002,sub-cp032,5,hybrid,2000,42,51,50,"{""centroids_per_class"":3,""epochs"":1,""learning_rate"":0.1,""margin_threshold"":0.0}",2,2,3.0,0.05,2.3750550811184103,2.3750550811184103,0.8587430119514465,0.884117841720581,0.8889132142066956,0.8266636729240417
sub-cp032_ses-20211105_level-03B_run-005,sub-cp032,5,hybrid,2000,42,51,50,"{""centroids_per_class"":3,""epochs"":1,""learning_rate"":0.1,""margin_threshold"":0.0}",2,1,3.0,0.05,2.351404907191886,2.351404907191886,0.8524050712585449,0.8818545937538147,0.8764622807502747,0.8240654468536377
sub-cp032_ses-20211105_level-03B_run-011,sub-cp032,5,hybrid,2000,42,51,50,"{""centroids_per_class"":3,""epochs"":1,""learning_rate"":0.1,""margin_threshold"":0.0}",2,2,3.0,0.05,2.586592785070022,2.586592785070022,0.8402133584022522,0.8825026750564575,0.9001790881156921,0.8458357453346252
sub-cp032_ses-20211105_level-04B_run-004,sub-cp032,5,hybrid,2000,42,51,50,"{""centroids_per_class"":3,""epochs"":1,""learning_rate"":0.1,""margin_threshold"":0.0}",3,2,4.0,0.05,2.8748121940838978,2.8748121940838978,0.8566513657569885,0.874126136302948,0.9051864147186279,0.9019686579704285
sub-cp032_ses-20211105_level-04B_run-006,sub-cp032,5,hybrid,2000,42,51,50,"{""centroids_per_class"":3,""epochs"":1,""learning_rate"":0.1,""margin_threshold"":0.0}",3,3,4.0,0.05,3.169330979968497,3.169330979968497,0.8331502079963684,0.8322572708129883,0.8490673303604126,0.9057846069335938
sub-cp032_ses-20211105_level-04B_run-009,sub-cp032,5,hybrid,2000,42,51,50,"{""centroids_per_class"":3,""epochs"":1,""learning_rate"":0.1,""margin_threshold"":0.0}",3,3,4.0,0.05,3.136807257241407,3.136807257241407,0.8426698446273804,0.8531783223152161,0.8949914574623108,0.9184456467628479
sub-cp035_ses-20220125_level-01B_run-001,sub-cp035,5,hybrid,2000,42,51,50,"{""centroids_per_class"":3,""epochs"":1,""learning_rate"":0.1,""margin_threshold"":0.0}",0,2,1.0,0.05,2.2911323871466713,2.2911323871466713,0.8659309148788452,0.8800026178359985,0.8852658271789551,0.8163034319877625
sub-cp035_ses-20220125_level-01B_run-007,sub-cp035,5,hybrid,2000,42,51,50,"{""centroids_per_class"":3,""epochs"":1,""learning_rate"":0.1,""margin_threshold"":0.0}",0,0,1.0,0.05,1.940292511564489,1.940292511564489,0.9150933623313904,0.8912210464477539,0.8857747316360474,0.8209980726242065
sub-cp035_ses-20220125_level-01B_run-012,sub-cp035,5,hybrid,2000,42,51,50,"{""centroids_per_class"":3,""epochs"":1,""learning_rate"":0.1,""margin_threshold"":0.0}",0,0,1.0,0.05,2.1146071719350745,2.1146071719350745,0.8873831033706665,0.8779069781303406,0.8705039024353027,0.8282418847084045
sub-cp035_ses-20220125_level-02B_run-003,sub-cp035,5,hybrid,2000,42,51,50,"{""centroids_per_class"":3,""epochs"":1,""learning_rate"":0.1,""margin_threshold"":0.0}",1,1,2.0,0.05,2.2948184088419104,2.2948184088419104,0.87319415807724,0.9005830883979797,0.8947800993919373,0.8299998044967651
sub-cp035_ses-20220125_level-02B_run-008,sub-cp035,5,hybrid,2000,42,51,50,"{""centroids_per_class"":3,""epochs"":1,""learning_rate"":0.1,""margin_threshold"":0.0}",1,1,2.0,0.05,2.2329705608830013,2.2329705608830013,0.8636156320571899,0.9129309058189392,0.8863925933837891,0.8134584426879883
sub-cp035_ses-20220125_level-02B_run-010,sub-cp035,5,hybrid,2000,42,51,50,"{""centroids_per_class"":3,""epochs"":1,""learning_rate"":0.1,""margin_threshold"":0.0}",1,1,2.0,0.05,2.2459310259339107,2.2459310259339107,0.873219907283783,0.8990986347198486,0.8881942629814148,0.8229044079780579
sub-cp035_ses-20220125_level-03B_run-002,sub-cp035,5,hybrid,2000,42,51,50,"{""centroids_per_class"":3,""epochs"":1,""learning_rate"":0.1,""margin_threshold"":0.0}",2,2,3.0,0.05,2.6890716210363683,2.6890716210363683,0.7953442335128784,0.8410879373550415,0.8795518279075623,0.809330940246582
sub-cp035_ses-20220125_level-03B_run-005,sub-cp035,5,hybrid,2000,42,51,50,"{""centroids_per_class"":3,""epochs"":1,""learning_rate"":0.1,""margin_threshold"":0.0}",2,2,3.0,0.05,2.5282466166449975,2.5282466166449975,0.8675693869590759,0.8819410800933838,0.9222968816757202,0.8384993076324463
sub-cp035_ses-20220125_level-03B_run-011,sub-cp035,5,hybrid,2000,42,51,50,"{""centroids_per_class"":3,""epochs"":1,""learning_rate"":0.1,""margin_threshold"":0.0}",2,2,3.0,0.05,2.450155659845752,2.450155659845752,0.8557252883911133,0.8901553153991699,0.9037680625915527,0.829054057598114
sub-cp035_ses-20220125_level-04B_run-004,sub-cp035,5,hybrid,2000,42,51,50,"{""centroids_per_class"":3,""epochs"":1,""learning_rate"":0.1,""margin_threshold"":0.0}",3,3,4.0,0.05,3.2755435129207084,3.2755435129207084,0.8198769688606262,0.8230381011962891,0.8618943691253662,0.9086073040962219
sub-cp035_ses-20220125_level-04B_run-006,sub-cp035,5,hybrid,2000,42,51,50,"{""centroids_per_class"":3,""epochs"":1,""learning_rate"":0.1,""margin_threshold"":0.0}",3,3,4.0,0.05,3.2907608356178444,3.2907608356178444,0.8238893747329712,0.8306690454483032,0.8826617002487183,0.9185615181922913
sub-cp035_ses-20220125_level-04B_run-009,sub-cp035,5,hybrid,2000,42,51,50,"{""centroids_per_class"":3,""epochs"":1,""learning_rate"":0.1,""margin_threshold"":0.0}",3,3,4.0,0.05,3.1809283280272043,3.1809283280272043,0.8286247849464417,0.8296249508857727,0.8762186169624329,0.906065046787262
sub-cp005_ses-20210226_level-01B_run-001,sub-cp005,5,hybrid,2000,43,51,50,"{""centroids_per_class"":3,""epochs"":1,""learning_rate"":0.1,""margin_threshold"":0.0}",0,0,1.0,0.05,1.731924899182439,1.731924899182439,0.8814330697059631,0.8403878211975098,0.8253492712974548,0.7602412104606628
sub-cp005_ses-20210226_level-01B_run-007,sub-cp005,5,hybrid,2000,43,51,50,"{""centroids_per_class"":3,""epochs"":1,""learning_rate"":0.1,""margin_threshold"":0.0}",0,1,1.0,0.05,1.9111897448027488,1.9111897448027488,0.9011784195899963,0.9036426544189453,0.8719874024391174,0.7864575982093811
sub-cp005_ses-20210226_level-01B_run-012,sub-cp005,5,hybrid,2000,43,51,50,"{""centroids_per_class"":3,""epochs"":1,""learning_rate"":0.1,""margin_threshold"":0.0}",0,0,1.0,0.05,1.7468948310250219,1.7468948310250219,0.9113695621490479,0.8932294845581055,0.856377124786377,0.7770897150039673
sub-cp005_ses-20210226_level-02B_run-003,sub-cp005,5,hybrid,2000,43,51,50,"{""centroids_per_class"":3,""epochs"":1,""learning_rate"":0.1,""margin_threshold"":0.0}",1,2,2.0,0.05,2.4066420938458553,2.4066420938458553,0.812343955039978,0.8357390761375427,0.8425300121307373,0.7875651121139526
sub-cp005_ses-20210226_level-02B_run-008,sub-cp005,5,hybrid,2000,43,51,50,"{""centroids_per_class"":3,""epochs"":1,""learning_rate"":0.1,""margin_threshold"":0.0}",1,1,2.0,0.05,2.1147299502229258,2.1147299502229258,0.8726927638053894,0.9260074496269226,0.8877493143081665,0.7719998359680176
sub-cp005_ses-20210226_level-02B_run-010,sub-cp005,5,hybrid,2000,43,51,50,"{""centroids_per_class"":3,""epochs"":1,""learning_rate"":0.1,""margin_threshold"":0.0}",1,1,2.0,0.05,2.0312137115616045,2.0312137115616045,0.8908270597457886,0.9102679491043091,0.8817610144615173,0.7913283705711365
sub-cp005_ses-20210226_level-03B_run-002,sub-cp005,5,hybrid,2000,43,51,50,"{""centroids_per_class"":3,""epochs"":1,""learning_rate"":0.1,""margin_threshold"":0.0}",2,3,3.0,0.05,2.8528023653820656,2.8528023653820656,0.7455252408981323,0.7869369387626648,0.7911563515663147,0.8004102110862732
sub-cp005_ses-20210226_level-03B_run-005,sub-cp005,5,hybrid,2000,43,51,50,"{""centroids_per_class"":3,""epochs"":1,""learning_rate"":0.1,""margin_threshold"":0.0}",2,2,3.0,0.05,2.569792556405581,2.569792556405581,0.8122221827507019,0.8618528246879578,0.8765003085136414,0.8162864446640015
sub-cp005_ses-20210226_level-03B_run-011,sub-cp005,5,hybrid,2000,43,51,50,"{""centroids_per_class"":3,""epochs"":1,""learning_rate"":0.1,""margin_threshold"":0.0}",2,2,3.0,0.05,2.3552246613627004,2.3552246613627004,0.8659533858299255,0.8610921502113342,0.8679940700531006,0.8413674831390381
sub-cp005_ses-20210226_level-04B_run-004,sub-cp005,5,hybrid,2000,43,51,50,"{""centroids_per_class"":3,""epochs"":1,""learning_rate"":0.1,""margin_threshold"":0.0}",3,3,4.0,0.05,2.9797430933715816,2.9797430933715816,0.757609486579895,0.777791440486908,0.7983616590499878,0.8178089261054993
sub-cp005_ses-20210226_level-04B_run-006,sub-cp005,5,hybrid,2000,43,51,50,"{""centroids_per_class"":3,""epochs"":1,""learning_rate"":0.1,""margin_threshold"":0.0}",3,3,4.0,0.05,3.315753144932698,3.315753144932698,0.818662703037262,0.8261648416519165,0.832751452922821,0.9101335406303406
sub-cp005_ses-20210226_level-04B_run-009,sub-cp005,5,hybrid,2000,43,51,50,"{""centroids_per_class"":3,""epochs"":1,""learning_rate"":0.1,""margin_threshold"":0.0}",3,3,4.0,0.05,2.645175279978739,2.645175279978739,0.8348997235298157,0.8414037227630615,0.8341870903968811,0.8551222085952759
sub-cp017_ses-20210521_level-01B_run-001,sub-cp017,5,hybrid,2000,43,51,50,"{""centroids_per_class"":3,""epochs"":1,""learning_rate"":0.1,""margin_threshold"":0.0}",0,0,1.0,0.05,1.843980822189184,1.843980822189184,0.905910074710846,0.8961924314498901,0.8630331754684448,0.7929431200027466
sub-cp017_ses-20210521_level-01B_run-007,sub-cp017,5,hybrid,2000,43,51,50,"{""centroids_per_class"":3,""epochs"":1,""learning_rate"":0.1,""margin_threshold"":0.0}",0,1,1.0,0.05,1.9283018993904015,1.9283018993904015,0.867499589920044,0.8920226693153381,0.8414252400398254,0.7439367175102234
sub-cp017_ses-20210521_level-01B_run-012,sub-cp017,5,hybrid,2000,43,51,50,"{""centroids_per_class"":3,""epochs"":1,""learning_rate"":0.1,""margin_threshold"":0.0}",0,1,1.0,0.05,1.8729732581924599,1.8729732581924599,0.8532503247261047,0.8785915970802307,0.8123706579208374,0.725281834602356
sub-cp017_ses-20210521_level-02B_run-003,sub-cp017,5,hybrid,2000,43,51,50,"{""centroids_per_class"":3,""epochs"":1,""learning_rate"":0.1,""margin_threshold"":0.0}",1,1,2.0,0.05,2.2773882584383682,2.2773882584383682,0.8438087701797485,0.9133026003837585,0.8987433910369873,0.7415682673454285
sub-cp017_ses-20210521_level-02B_run-008,sub-cp017,5,hybrid,2000,43,51,50,"{""centroids_per_class"":3,""epochs"":1,""learning_rate"":0.1,""margin_threshold"":0.0}",1,1,2.0,0.05,2.2160136011945224,2.2160136011945224,0.8290995359420776,0.8863154649734497,0.8589913845062256,0.7622920870780945
sub-cp017_ses-20210521_level-02B_run-010,sub-cp017,5,hybrid,2000,43,51,50,"{""centroids_per_class"":3,""epochs"":1,""learning_rate"":0.1,""margin_threshold"":0.0}",1,1,2.0,0.05,1.9688624923258355,1.9688624923258355,0.8869981169700623,0.9065538048744202,0.8607870936393738,0.793390154838562
sub-cp017_ses-20210521_level-03B_run-002,sub-cp017,5,hybrid,2000,43,51,50,"{""centroids_per_class"":3,""epochs"":1,""learning_rate"":0.1,""margin_threshold"":0.0}",2,2,3.0,0.05,2.5024968799499514,2.5024968799499514,0.8203890323638916,0.8832881450653076,0.9086700081825256,0.7494539618492126
sub-cp017_ses-20210521_level-03B_run-005,sub-cp017,5,hybrid,2000,43,51,50,"{""centroids_per_class"":3,""epochs"":1,""learning_rate"":0.1,""margin_threshold"":0.0}",2,1,3.0,0.05,2.118742632242736,2.118742632242736,0.880091667175293,0.9030875563621521,0.8846667408943176,0.7947195172309875
sub-cp017_ses-20210521_level-03B_run-011,sub-cp017,5,hybrid,2000,43,51,50,"{""centroids_per_class"":3,""epochs"":1,""learning_rate"":0.1,""margin_threshold"":0.0}",2,2,3.0,0.05,2.359193014501465,2.359193014501465,0.8649489283561707,0.8936946392059326,0.913078248500824,0.7831464409828186
sub-cp017_ses-20210521_level-04B_run-004,sub-cp017,5,hybrid,2000,43,51,50,"{""centroids_per_class"":3,""epochs"":1,""learning_rate"":0.1,""margin_threshold"":0.0}",3,3,4.0,0.05,2.9756398709857264,2.9756398709857264,0.8459598422050476,0.8301863670349121,0.8296288251876831,0.8938555717468262
sub-cp017_ses-20210521_level-04B_run-006,sub-cp017,5,hybrid,2000,43,51,50,"{""centroids_per_class"":3,""epochs"":1,""learning_rate"":0.1,""margin_threshold"":0.0}",3,3,4.0,0.05,3.3164873795564853,3.3164873795564853,0.8266989588737488,0.8131507039070129,0.8176354169845581,0.9095556139945984
sub-cp017_ses-20210521_level-04B_run-009,sub-cp017,5,hybrid,2000,43,51,50,"{""centroids_per_class"":3,""epochs"":1,""learning_rate"":0.1,""margin_threshold"":0.0}",3,3,4.0,0.05,3.0423035938947116,3.0423035938947116,0.834262490272522,0.8286675214767456,0.8334757685661316,0.8916187286376953
sub-cp022_ses-20210621_level-01B_run-001,sub-cp022,5,hybrid,2000,43,51,50,"{""centroids_per_class"":3,""epochs"":1,""learning_rate"":0.1,""margin_threshold"":0.0}",0,0,1.0,0.05,1.919098995479616,1.919098995479616,0.8725740313529968,0.8518401980400085,0.8219013810157776,0.7985360622406006
sub-cp022_ses-20210621_level-01B_run-007,sub-cp022,5,hybrid,2000,43,51,50,"{""centroids_per_class"":3,""epochs"":1,""learning_rate"":0.1,""margin_threshold"":0.0}",0,1,1.0,0.05,2.0714546742394004,2.0714546742394004,0.8562079668045044,0.8564900755882263,0.814380407333374,0.8083863854408264
sub-cp022_ses-20210621_level-01B_run-012,sub-cp022,5,hybrid,2000,43,51,50,"{""centroids_per_class"":3,""epochs"":1,""learning_rate"":0.1,""margin_threshold"":0.0}",0,0,1.0,0.05,1.928193628732686,1.928193628732686,0.9027038812637329,0.9003739953041077,0.8696438670158386,0.8071325421333313
sub-cp022_ses-20210621_level-02B_run-003,sub-cp022,5,hybrid,2000,43,51,50,"{""centroids_per_class"":3,""epochs"":1,""learning_rate"":0.1,""margin_threshold"":0.0}",1,0,2.0,0.05,2.007459179093309,2.007459179093309,0.8781542181968689,0.8449916839599609,0.8401435613632202,0.8135387301445007
sub-cp022_ses-20210621_level-02B_run-008,sub-cp022,5,hybrid,2000,43,51,50,"{""centroids_per_class"":3,""epochs"":1,""learning_rate"":0.1,""margin_threshold"":0.0}",1,1,2.0,0.05,2.1998555731799767,2.1998555731799767,0.8416538834571838,0.8487752079963684,0.8292246460914612,0.8014935255050659
sub-cp022_ses-20210621_level-02B_run-010,sub-cp022,5,hybrid,2000,43,51,50,"{""centroids_per_class"":3,""epochs"":1,""learning_rate"":0.1,""margin_threshold"":0.0}",1,1,2.0,0.05,2.3426165155591137,2.3426165155591137,0.8663751482963562,0.8850498795509338,0.8560920357704163,0.8544305562973022
sub-cp022_ses-20210621_level-03B_run-002,sub-cp022,5,hybrid,2000,43,51,50,"{""centroids_per_class"":3,""epochs"":1,""learning_rate"":0.1,""margin_threshold"":0.0}",2,2,3.0,0.05,2.8670923923680833,2.8670923923680833,0.7954422235488892,0.8602750301361084,0.8724210858345032,0.8634916543960571
sub-cp022_ses-20210621_level-03B_run-005,sub-cp022,5,hybrid,2000,43,51,50,"{""centroids_per_class"":3,""epochs"":1,""learning_rate"":0.1,""margin_threshold"":0.0}",2,2,3.0,0.05,2.4964340395219073,2.4964340395219073,0.8438352346420288,0.8444790244102478,0.8561690449714661,0.8386279940605164
sub-cp022_ses-20210621_level-03B_run-011,sub-cp022,5,hybrid,2000,43,51,50,"{""centroids_per_class"":3,""epochs"":1,""learning_rate"":0.1,""margin_threshold"":0.0}",2,0,3.0,0.05,2.383888672939968,2.383888672939968,0.870392382144928,0.8505462408065796,0.8630120754241943,0.851629376411438
sub-cp022_ses-20210621_level-04B_run-004,sub-cp022,5,hybrid,2000,43,51,50,"{""centroids_per_class"":3,""epochs"":1,""learning_rate"":0.1,""margin_threshold"":0.0}",3,3,4.0,0.05,3.0247249514993175,3.0247249514993175,0.821264922618866,0.8365381956100464,0.845866322517395,0.884522020816803
sub-cp022_ses-20210621_level-04B_run-006,sub-cp022,5,hybrid,2000,43,51,50,"{""centroids_per_class"":3,""epochs"":1,""learning_rate"":0.1,""margin_threshold"":0.0}",3,3,4.0,0.05,3.2168283050540216,3.2168283050540216,0.7898330092430115,0.8325520157814026,0.8350186347961426,0.8882946968078613
sub-cp022_ses-20210621_level-04B_run-009,sub-cp022,5,hybrid,2000,43,51,50,"{""centroids_per_class"":3,""epochs"":1,""learning_rate"":0.1,""margin_threshold"":0.0}",3,3,4.0,0.05,2.9634251760778985,2.9634251760778985,0.8063018321990967,0.8479668498039246,0.8503299951553345,0.8749567270278931
sub-cp028_ses-20211214_level-01B_run-001,sub-cp028,5,hybrid,2000,43,51,50,"{""centroids_per_class"":3,""epochs"":1,""learning_rate"":0.1,""margin_threshold"":0.0}",0,1,1.0,0.05,1.969541230261481,1.969541230261481,0.8377850651741028,0.851777970790863,0.8109015226364136,0.7465353608131409
sub-cp028_ses-20211214_level-01B_run-007,sub-cp028,5,hybrid,2000,43,51,50,"{""centroids_per_class"":3,""epochs"":1,""learning_rate"":0.1,""margin_threshold"":0.0}",0,0,1.0,0.05,1.7974655468519085,1.7974655468519085,0.8942892551422119,0.8602613806724548,0.84367436170578,0.7870563864707947
sub-cp028_ses-20211214_level-01B_run-012,sub-cp028,5,hybrid,2000,43,51,50,"{""centroids_per_class"":3,""epochs"":1,""learning_rate"":0.1,""margin_threshold"":0.0}",0,0,1.0,0.05,1.8764882917213161,1.8764882917213161,0.825707733631134,0.8183876872062683,0.75865238904953,0.7509306073188782
sub-cp028_ses-20211214_level-02B_run-003,sub-cp028,5,hybrid,2000,43,51,50,"{""centroids_per_class"":3,""epochs"":1,""learning_rate"":0.1,""margin_threshold"":0.0}",1,1,2.0,0.05,2.1947603873175483,2.1947603873175483,0.8539760708808899,0.887661337852478,0.8755985498428345,0.7698920369148254
sub-cp028_ses-20211214_level-02B_run-008,sub-cp028,5,hybrid,2000,43,51,50,"{""centroids_per_class"":3,""epochs"":1,""learning_rate"":0.1,""margin_threshold"":0.0}",1,1,2.0,0.05,1.800525917936531,1.800525917936531,0.8916445374488831,0.8917925953865051,0.8372065424919128,0.7709239721298218
sub-cp028_ses-20211214_level-02B_run-010,sub-cp028,5,hybrid,2000,43,51,50,"{""centroids_per_class"":3,""epochs"":1,""learning_rate"":0.1,""margin_threshold"":0.0}",1,1,2.0,0.05,1.935474505624205,1.935474505624205,0.8862159252166748,0.9009270071983337,0.8609636425971985,0.7710880637168884
sub-cp028_ses-20211214_level-03B_run-002,sub-cp028,5,hybrid,2000,43,51,50,"{""centroids_per_class"":3,""epochs"":1,""learning_rate"":0.1,""margin_threshold"":0.0}",2,1,3.0,0.05,2.3608199858512307,2.3608199858512307,0.8084062337875366,0.8634293079376221,0.8631384968757629,0.7524533271789551
sub-cp028_ses-20211214_level-03B_run-005,sub-cp028,5,hybrid,2000,43,51,50,"{""centroids_per_class"":3,""epochs"":1,""learning_rate"":0.1,""margin_threshold"":0.0}",2,2,3.0,0.05,2.362887968323914,2.362887968323914,0.8499573469161987,0.878890335559845,0.8956406116485596,0.7821195721626282
sub-cp028_ses-20211214_level-03B_run-011,sub-cp028,5,hybrid,2000,43,51,50,"{""centroids_per_class"":3,""epochs"":1,""learning_rate"":0.1,""margin_threshold"":0.0}",2,2,3.0,0.05,2.2892655358023326,2.2892655358023326,0.8673765659332275,0.8826156258583069,0.8971958756446838,0.7936078906059265
sub-cp028_ses-20211214_level-04B_run-004,sub-cp028,5,hybrid,2000,43,51,50,"{""centroids_per_class"":3,""epochs"":1,""learning_rate"":0.1,""margin_threshold"":0.0}",3,3,4.0,0.05,3.178425180520726,3.178425180520726,0.8229471445083618,0.840889036655426,0.8509036898612976,0.9042609333992004
sub-cp028_ses-20211214_level-04B_run-006,sub-cp028,5,hybrid,2000,43,51,50,"{""centroids_per_class"":3,""epochs"":1,""learning_rate"":0.1,""margin_threshold"":0.0}",3,3,4.0,0.05,2.9562939117662426,2.9562939117662426,0.8285248279571533,0.8347894549369812,0.8484848737716675,0.8808995485305786
sub-cp028_ses-20211214_level-04B_run-009,sub-cp028,5,hybrid,2000,43,51,50,"{""centroids_per_class"":3,""epochs"":1,""learning_rate"":0.1,""margin_threshold"":0.0}",3,3,4.0,0.05,2.9570639760604376,2.9570639760604376,0.8490707278251648,0.8190508484840393,0.8336910605430603,0.8917840719223022
sub-cp030_ses-20211025_level-01B_run-001,sub-cp030,5,hybrid,2000,43,51,50,"{""centroids_per_class"":3,""epochs"":1,""learning_rate"":0.1,""margin_threshold"":0.0}",0,0,1.0,0.05,1.7413337387894796,1.7413337387894796,0.8742019534111023,0.827067494392395,0.823580265045166,0.7486172318458557
sub-cp030_ses-20211025_level-01B_run-007,sub-cp030,5,hybrid,2000,43,51,50,"{""centroids_per_class"":3,""epochs"":1,""learning_rate"":0.1,""margin_threshold"":0.0}",0,0,1.0,0.05,1.507442695349117,1.507442695349117,0.8986502289772034,0.8433332443237305,0.8070839643478394,0.7404905557632446
sub-cp030_ses-20211025_level-01B_run-012,sub-cp030,5,hybrid,2000,43,51,50,"{""centroids_per_class"":3,""epochs"":1,""learning_rate"":0.1,""margin_threshold"":0.0}",0,0,1.0,0.05,1.555902324311796,1.555902324311796,0.879014790058136,0.8192786574363708,0.8002716302871704,0.7293303608894348
sub-cp030_ses-20211025_level-02B_run-003,sub-cp030,5,hybrid,2000,43,51,50,"{""centroids_per_class"":3,""epochs"":1,""learning_rate"":0.1,""margin_threshold"":0.0}",1,2,2.0,0.05,2.1914895967897516,2.1914895967897516,0.825360119342804,0.8152958750724792,0.8293030261993408,0.758324921131134
sub-cp030_ses-20211025_level-02B_run-008,sub-cp030,5,hybrid,2000,43,51,50,"{""centroids_per_class"":3,""epochs"":1,""learning_rate"":0.1,""margin_threshold"":0.0}",1,1,2.0,0.05,2.1360429908615632,2.1360429908615632,0.8663325905799866,0.8814202547073364,0.8780714273452759,0.7611499428749084
sub-cp030_ses-20211025_level-02B_run-010,sub-cp030,5,hybrid,2000,43,51,50,"{""centroids_per_class"":3,""epochs"":1,""learning_rate"":0.1,""margin_threshold"":0.0}",1,1,2.0,0.05,1.8321842529056918,1.8321842529056918,0.8845981359481812,0.8860360980033875,0.8436179161071777,0.7493354082107544
sub-cp030_ses-20211025_level-03B_run-002,sub-cp030,5,hybrid,2000,43,51,50,"{""centroids_per_class"":3,""epochs"":1,""learning_rate"":0.1,""margin_threshold"":0.0}",2,2,3.0,0.05,2.664714450440364,2.664714450440364,0.7814422249794006,0.8200979232788086,0.8316311240196228,0.8061793446540833
sub-cp030_ses-20211025_level-03B_run-011,sub-cp030,5,hybrid,2000,43,51,50,"{""centroids_per_class"":3,""epochs"":1,""learning_rate"":0.1,""margin_threshold"":0.0}",2,2,3.0,0.05,2.5178959893517785,2.5178959893517785,0.8405250310897827,0.8367558121681213,0.8828642964363098,0.814109742641449
sub-cp030_ses-20211025_level-04B_run-004,sub-cp030,5,hybrid,2000,43,51,50,"{""centroids_per_class"":3,""epochs"":1,""learning_rate"":0.1,""margin_threshold"":0.0}",3,3,4.0,0.05,2.5370214426099493,2.5370214426099493,0.8171008229255676,0.7936558723449707,0.7987862825393677,0.8200558423995972
sub-cp030_ses-20211025_level-04B_run-006,sub-cp030,5,hybrid,2000,43,51,50,"{""centroids_per_class"":3,""epochs"":1,""learning_rate"":0.1,""margin_threshold"":0.0}",3,3,4.0,0.05,3.127429627944214,3.127429627944214,0.7650169730186462,0.8028622269630432,0.8155242204666138,0.8510965704917908
sub-cp030_ses-20211025_level-04B_run-009,sub-cp030,5,hybrid,2000,43,51,50,"{""centroids_per_class"":3,""epochs"":1,""learning_rate"":0.1,""margin_threshold"":0.0}",3,3,4.0,0.05,3.3160016581069005,3.3160016581069005,0.8002448081970215,0.8417143821716309,0.8442153930664062,0.9095965623855591
sub-cp032_ses-20211105_level-01B_run-001,sub-cp032,5,hybrid,2000,43,51,50,"{""centroids_per_class"":3,""epochs"":1,""learning_rate"":0.1,""margin_threshold"":0.0}",0,1,1.0,0.05,2.0079721931540977,2.0079721931540977,0.8872965574264526,0.8907241821289062,0.8618136048316956,0.8095350861549377
sub-cp032_ses-20211105_level-01B_run-007,sub-cp032,5,hybrid,2000,43,51,50,"{""centroids_per_class"":3,""epochs"":1,""learning_rate"":0.1,""margin_threshold"":0.0}",0,1,1.0,0.05,2.002241875951543,2.002241875951543,0.8744603395462036,0.8881259560585022,0.8399499654769897,0.805683434009552
sub-cp032_ses-20211105_level-01B_run-012,sub-cp032,5,hybrid,2000,43,51,50,"{""centroids_per_class"":3,""epochs"":1,""learning_rate"":0.1,""margin_threshold"":0.0}",0,0,1.0,0.05,1.770312876683861,1.770312876683861,0.9145330786705017,0.8747628927230835,0.8460859060287476,0.8224930763244629
sub-cp032_ses-20211105_level-02B_run-003,sub-cp032,5,hybrid,2000,43,51,50,"{""centroids_per_class"":3,""epochs"":1,""learning_rate"":0.1,""margin_threshold"":0.0}",1,1,2.0,0.05,2.0483431926034417,2.0483431926034417,0.889202356338501,0.9057691693305969,0.8656434416770935,0.8232247233390808
sub-cp032_ses-20211105_level-02B_run-008,sub-cp032,5,hybrid,2000,43,51,50,"{""centroids_per_class"":3,""epochs"":1,""learning_rate"":0.1,""margin_threshold"":0.0}",1,1,2.0,0.05,2.051421066197978,2.051421066197978,0.8806536197662354,0.8960755467414856,0.8618658781051636,0.8095436692237854
sub-cp032_ses-20211105_level-02B_run-010,sub-cp032,5,hybrid,2000,43,51,50,"{""centroids_per_class"":3,""epochs"":1,""learning_rate"":0.1,""margin_threshold"":0.0}",1,1,2.0,0.05,2.1101130145799587,2.1101130145799587,0.8716341853141785,0.8969616293907166,0.8687695264816284,0.8001617193222046
sub-cp032_ses-20211105_level-03B_run-002,sub-cp032,5,hybrid,2000,43,51,50,"{""centroids_per_class"":3,""epochs"":1,""learning_rate"":0.1,""margin_threshold"":0.0}",2,2,3.0,0.05,2.3281839041423376,2.3281839041423376,0.8567854762077332,0.890670120716095,0.8957216143608093,0.7975019216537476
sub-cp032_ses-20211105_level-03B_run-005,sub-cp032,5,hybrid,2000,43,51,50,"{""centroids_per_class"":3,""epochs"":1,""learning_rate"":0.1,""margin_threshold"":0.0}",2,1,3.0,0.05,2.117755115456549,2.117755115456549,0.8843755125999451,0.9007332921028137,0.8743382692337036,0.8236988186836243
sub-cp032_ses-20211105_level-03B_run-011,sub-cp032,5,hybrid,2000,43,51,50,"{""centroids_per_class"":3,""epochs"":1,""learning_rate"":0.1,""margin_threshold"":0.0}",2,1,3.0,0.05,2.2202511345492013,2.2202511345492013,0.8824788928031921,0.8998320698738098,0.88596111536026,0.8355275392532349
sub-cp032_ses-20211105_level-04B_run-004,sub-cp032,5,hybrid,2000,43,51,50,"{""centroids_per_class"":3,""epochs"":1,""learning_rate"":0.1,""margin_threshold"":0.0}",3,3,4.0,0.05,2.8794476996089426,2.8794476996089426,0.8644589781761169,0.8502793312072754,0.8640497922897339,0.9030010104179382
sub-cp032_ses-20211105_level-04B_run-006,sub-cp032,5,hybrid,2000,43,51,50,"{""centroids_per_class"":3,""epochs"":1,""learning_rate"":0.1,""margin_threshold"":0.0}",3,3,4.0,0.05,3.253992319472596,3.253992319472596,0.826950192451477,0.8174057602882385,0.8278391361236572,0.9049291014671326
sub-cp032_ses-20211105_level-04B_run-009,sub-cp032,5,hybrid,2000,43,51,50,"{""centroids_per_class"":3,""epochs"":1,""learning_rate"":0.1,""margin_threshold"":0.0}",3,3,4.0,0.05,3.0897860804004953,3.0897860804004953,0.8550505042076111,0.8455852270126343,0.8596413731575012,0.9161635041236877
sub-cp035_ses-20220125_level-01B_run-001,sub-cp035,5,hybrid,2000,43,51,50,"{""centroids_per_class"":3,""epochs"":1,""learning_rate"":0.1,""margin_threshold"":0.0}",0,1,1.0,0.05,1.9641565954449087,1.9641565954449087,0.8828734159469604,0.894783079624176,0.8486559391021729,0.8010329008102417
sub-cp035_ses-20220125_level-01B_run-007,sub-cp035,5,hybrid,2000,43,51,50,"{""centroids_per_class"":3,""epochs"":1,""learning_rate"":0.1,""margin_threshold"":0.0}",0,0,1.0,0.05,1.8423909305249022,1.8423909305249022,0.9051816463470459,0.8898638486862183,0.8651155233383179,0.7879583239555359
sub-cp035_ses-20220125_level-01B_run-012,sub-cp035,5,hybrid,2000,43,51,50,"{""centroids_per_class"":3,""epochs"":1,""learning_rate"":0.1,""margin_threshold"":0.0}",0,1,1.0,0.05,1.9486460353784192,1.9486460353784192,0.8857960104942322,0.8915957808494568,0.8443858623504639,0.8078708648681641
sub-cp035_ses-20220125_level-02B_run-003,sub-cp035,5,hybrid,2000,43,51,50,"{""centroids_per_class"":3,""epochs"":1,""learning_rate"":0.1,""margin_threshold"":0.0}",1,1,2.0,0.05,2.1343995408319087,2.1343995408319087,0.8752613067626953,0.8925227522850037,0.876201868057251,0.8032798171043396
sub-cp035_ses-20220125_level-02B_run-008,sub-cp035,5,hybrid,2000,43,51,50,"{""centroids_per_class"":3,""epochs"":1,""learning_rate"":0.1,""margin_threshold"":0.0}",1,1,2.0,0.05,2.2280785537772885,2.2280785537772885,0.8592129945755005,0.9124270677566528,0.8915977478027344,0.7865128517150879
sub-cp035_ses-20220125_level-02B_run-010,sub-cp035,5,hybrid,2000,43,51,50,"{""centroids_per_class"":3,""epochs"":1,""learning_rate"":0.1,""margin_threshold"":0.0}",1,1,2.0,0.05,2.0828485945765975,2.0828485945765975,0.8738719820976257,0.8981805443763733,0.8689960837364197,0.7936863303184509
sub-cp035_ses-20220125_level-03B_run-002,sub-cp035,5,hybrid,2000,43,51,50,"{""centroids_per_class"":3,""epochs"":1,""learning_rate"":0.1,""margin_threshold"":0.0}",2,1,3.0,0.05,2.460148712582311,2.460148712582311,0.8041951656341553,0.8490203022956848,0.8486388921737671,0.7947523593902588
sub-cp035_ses-20220125_level-03B_run-005,sub-cp035,5,hybrid,2000,43,51,50,"{""centroids_per_class"":3,""epochs"":1,""learning_rate"":0.1,""margin_threshold"":0.0}",2,2,3.0,0.05,2.3600379756620695,2.3600379756620695,0.8634021878242493,0.8829492926597595,0.9008970260620117,0.8076410293579102
sub-cp035_ses-20220125_level-03B_run-011,sub-cp035,5,hybrid,2000,43,51,50,"{""centroids_per_class"":3,""epochs"":1,""learning_rate"":0.1,""margin_threshold"":0.0}",2,2,3.0,0.05,2.423795367773614,2.423795367773614,0.8488054871559143,0.891407310962677,0.908989667892456,0.7911185026168823
sub-cp035_ses-20220125_level-04B_run-004,sub-cp035,5,hybrid,2000,43,51,50,"{""centroids_per_class"":3,""epochs"":1,""learning_rate"":0.1,""margin_threshold"":0.0}",3,3,4.0,0.05,3.27825179195401,3.27825179195401,0.8122402429580688,0.827076256275177,0.8382982611656189,0.9033759236335754
sub-cp035_ses-20220125_level-04B_run-006,sub-cp035,5,hybrid,2000,43,51,50,"{""centroids_per_class"":3,""epochs"":1,""learning_rate"":0.1,""margin_threshold"":0.0}",3,3,4.0,0.05,3.274538620148355,3.274538620148355,0.8254533410072327,0.8251590728759766,0.8499951958656311,0.9106916189193726
sub-cp035_ses-20220125_level-04B_run-009,sub-cp035,5,hybrid,2000,43,51,50,"{""centroids_per_class"":3,""epochs"":1,""learning_rate"":0.1,""margin_threshold"":0.0}",3,3,4.0,0.05,3.2501976466344384,3.2501976466344384,0.8309561014175415,0.8244307041168213,0.8427274823188782,0.910281777381897
sub-cp005_ses-20210226_level-01B_run-001,sub-cp005,5,hybrid,2000,44,51,50,"{""centroids_per_class"":3,""epochs"":1,""learning_rate"":0.1,""margin_threshold"":0.0}",0,0,1.0,0.05,1.952250833893562,1.952250833893562,0.8783642053604126,0.8516930341720581,0.8542543053627014,0.778400719165802
sub-cp005_ses-20210226_level-01B_run-007,sub-cp005,5,hybrid,2000,44,51,50,"{""centroids_per_class"":3,""epochs"":1,""learning_rate"":0.1,""margin_threshold"":0.0}",0,1,1.0,0.05,1.9074012783680345,1.9074012783680345,0.895031213760376,0.9112045764923096,0.864146888256073,0.7751582860946655
sub-cp005_ses-20210226_level-01B_run-012,sub-cp005,5,hybrid,2000,44,51,50,"{""centroids_per_class"":3,""epochs"":1,""learning_rate"":0.1,""margin_threshold"":0.0}",0,0,1.0,0.05,1.752364808538391,1.752364808538391,0.9147384166717529,0.8971153497695923,0.8635981678962708,0.7721015214920044
sub-cp005_ses-20210226_level-02B_run-003,sub-cp005,5,hybrid,2000,44,51,50,"{""centroids_per_class"":3,""epochs"":1,""learning_rate"":0.1,""margin_threshold"":0.0}",1,2,2.0,0.05,2.58261429627453,2.58261429627453,0.7932302355766296,0.8114511966705322,0.8193469047546387,0.8028387427330017
sub-cp005_ses-20210226_level-02B_run-008,sub-cp005,5,hybrid,2000,44,51,50,"{""centroids_per_class"":3,""epochs"":1,""learning_rate"":0.1,""margin_threshold"":0.0}",1,1,2.0,0.05,2.0984279402809904,2.0984279402809904,0.8658462166786194,0.9274306297302246,0.8781934976577759,0.7703542113304138
sub-cp005_ses-20210226_level-02B_run-010,sub-cp005,5,hybrid,2000,44,51,50,"{""centroids_per_class"":3,""epochs"":1,""learning_rate"":0.1,""margin_threshold"":0.0}",1,1,2.0,0.05,2.131695063880377,2.131695063880377,0.8772051334381104,0.9057390689849854,0.8806344270706177,0.8043074607849121
sub-cp005_ses-20210226_level-03B_run-002,sub-cp005,5,hybrid,2000,44,51,50,"{""centroids_per_class"":3,""epochs"":1,""learning_rate"":0.1,""margin_threshold"":0.0}",2,3,3.0,0.05,2.9099387013879157,2.9099387013879157,0.7665045857429504,0.7727399468421936,0.7889073491096497,0.8136696219444275
sub-cp005_ses-20210226_level-03B_run-005,sub-cp005,5,hybrid,2000,44,51,50,"{""centroids_per_class"":3,""epochs"":1,""learning_rate"":0.1,""margin_threshold"":0.0}",2,2,3.0,0.05,2.4612393595609245,2.4612393595609245,0.8331190943717957,0.8542184829711914,0.8860198259353638,0.7870718240737915
sub-cp005_ses-20210226_level-03B_run-011,sub-cp005,5,hybrid,2000,44,51,50,"{""centroids_per_class"":3,""epochs"":1,""learning_rate"":0.1,""margin_threshold"":0.0}",2,2,3.0,0.05,2.447051254626019,2.447051254626019,0.8580785989761353,0.8612450361251831,0.8861632943153381,0.8336982131004333
sub-cp005_ses-20210226_level-04B_run-004,sub-cp005,5,hybrid,2000,44,51,50,"{""centroids_per_class"":3,""epochs"":1,""learning_rate"":0.1,""margin_threshold"":0.0}",3,3,4.0,0.05,3.050948368209955,3.050948368209955,0.7076126337051392,0.7519760131835938,0.7806813716888428,0.7888954281806946
sub-cp005_ses-20210226_level-04B_run-006,sub-cp005,5,hybrid,2000,44,51,50,"{""centroids_per_class"":3,""epochs"":1,""learning_rate"":0.1,""margin_threshold"":0.0}",3,3,4.0,0.05,3.4473809710494705,3.4473809710494705,0.8085653781890869,0.8221327662467957,0.8437507152557373,0.9211331605911255
sub-cp005_ses-20210226_level-04B_run-009,sub-cp005,5,hybrid,2000,44,51,50,"{""centroids_per_class"":3,""epochs"":1,""learning_rate"":0.1,""margin_threshold"":0.0}",3,3,4.0,0.05,2.873466677631795,2.873466677631795,0.8017401695251465,0.8374786376953125,0.8271016478538513,0.8576791882514954
sub-cp017_ses-20210521_level-01B_run-001,sub-cp017,5,hybrid,2000,44,51,50,"{""centroids_per_class"":3,""epochs"":1,""learning_rate"":0.1,""margin_threshold"":0.0}",0,0,1.0,0.05,1.8154434768822438,1.8154434768822438,0.9101630449295044,0.894432783126831,0.8659701347351074,0.7883866429328918
sub-cp017_ses-20210521_level-01B_run-007,sub-cp017,5,hybrid,2000,44,51,50,"{""centroids_per_class"":3,""epochs"":1,""learning_rate"":0.1,""margin_threshold"":0.0}",0,0,1.0,0.05,1.6925157670939763,1.6925157670939763,0.8911269307136536,0.8721228837966919,0.8323837518692017,0.7220385074615479
sub-cp017_ses-20210521_level-01B_run-012,sub-cp017,5,hybrid,2000,44,51,50,"{""centroids_per_class"":3,""epochs"":1,""learning_rate"":0.1,""margin_threshold"":0.0}",0,0,1.0,0.05,1.6539423300516962,1.6539423300516962,0.8745735883712769,0.838538646697998,0.8124249577522278,0.7154101729393005
sub-cp017_ses-20210521_level-02B_run-003,sub-cp017,5,hybrid,2000,44,51,50,"{""centroids_per_class"":3,""epochs"":1,""learning_rate"":0.1,""margin_threshold"":0.0}",1,1,2.0,0.05,2.1984370939618163,2.1984370939618163,0.8540249466896057,0.9171178340911865,0.8928523063659668,0.7319377660751343
sub-cp017_ses-20210521_level-02B_run-008,sub-cp017,5,hybrid,2000,44,51,50,"{""centroids_per_class"":3,""epochs"":1,""learning_rate"":0.1,""margin_threshold"":0.0}",1,1,2.0,0.05,2.0710366145171597,2.0710366145171597,0.8252069354057312,0.857453465461731,0.8276790380477905,0.7189553380012512
sub-cp017_ses-20210521_level-02B_run-010,sub-cp017,5,hybrid,2000,44,51,50,"{""centroids_per_class"":3,""epochs"":1,""learning_rate"":0.1,""margin_threshold"":0.0}",1,1,2.0,0.05,1.9522825775356096,1.9522825775356096,0.8807336688041687,0.906571626663208,0.8553234934806824,0.7739563584327698
sub-cp017_ses-20210521_level-03B_run-002,sub-cp017,5,hybrid,2000,44,51,50,"{""centroids_per_class"":3,""epochs"":1,""learning_rate"":0.1,""margin_threshold"":0.0}",2,2,3.0,0.05,2.539312495789582,2.539312495789582,0.8341508507728577,0.8672117590904236,0.9139489531517029,0.756877601146698
sub-cp017_ses-20210521_level-03B_run-005,sub-cp017,5,hybrid,2000,44,51,50,"{""centroids_per_class"":3,""epochs"":1,""learning_rate"":0.1,""margin_threshold"":0.0}",2,1,3.0,0.05,2.205846318763918,2.205846318763918,0.8745399713516235,0.8982191681861877,0.8926495909690857,0.7989456653594971
sub-cp017_ses-20210521_level-03B_run-011,sub-cp017,5,hybrid,2000,44,51,50,"{""centroids_per_class"":3,""epochs"":1,""learning_rate"":0.1,""margin_threshold"":0.0}",2,2,3.0,0.05,2.4122277196572193,2.4122277196572193,0.8465017080307007,0.8738324046134949,0.9000142812728882,0.7788414359092712
sub-cp017_ses-20210521_level-04B_run-004,sub-cp017,5,hybrid,2000,44,51,50,"{""centroids_per_class"":3,""epochs"":1,""learning_rate"":0.1,""margin_threshold"":0.0}",3,3,4.0,0.05,3.218462342259595,3.218462342259595,0.8287014365196228,0.830241322517395,0.8502676486968994,0.9079247117042542
sub-cp017_ses-20210521_level-04B_run-006,sub-cp017,5,hybrid,2000,44,51,50,"{""centroids_per_class"":3,""epochs"":1,""learning_rate"":0.1,""margin_threshold"":0.0}",3,3,4.0,0.05,3.3044667795782106,3.3044667795782106,0.8245816230773926,0.827254593372345,0.8490247130393982,0.9142149686813354
sub-cp017_ses-20210521_level-04B_run-009,sub-cp017,5,hybrid,2000,44,51,50,"{""centroids_per_class"":3,""epochs"":1,""learning_rate"":0.1,""margin_threshold"":0.0}",3,3,4.0,0.05,3.109702969203389,3.109702969203389,0.8344799280166626,0.8275572061538696,0.8429045677185059,0.8985373973846436
sub-cp022_ses-20210621_level-01B_run-001,sub-cp022,5,hybrid,2000,44,51,50,"{""centroids_per_class"":3,""epochs"":1,""learning_rate"":0.1,""margin_threshold"":0.0}",0,0,1.0,0.05,2.0037740566667632,2.0037740566667632,0.8751219511032104,0.8464139699935913,0.8360607624053955,0.8106473684310913
sub-cp022_ses-20210621_level-01B_run-007,sub-cp022,5,hybrid,2000,44,51,50,"{""centroids_per_class"":3,""epochs"":1,""learning_rate"":0.1,""margin_threshold"":0.0}",0,0,1.0,0.05,2.2918768321383105,2.2918768321383105,0.8399971723556519,0.8297474384307861,0.807310938835144,0.820706844329834
sub-cp022_ses-20210621_level-01B_run-012,sub-cp022,5,hybrid,2000,44,51,50,"{""centroids_per_class"":3,""epochs"":1,""learning_rate"":0.1,""margin_threshold"":0.0}",0,0,1.0,0.05,1.9169102348447749,1.9169102348447749,0.9117200374603271,0.9020675420761108,0.8789557218551636,0.8124333620071411
sub-cp022_ses-20210621_level-02B_run-003,sub-cp022,5,hybrid,2000,44,51,50,"{""centroids_per_class"":3,""epochs"":1,""learning_rate"":0.1,""margin_threshold"":0.0}",1,1,2.0,0.05,2.2012550020744213,2.2012550020744213,0.8500510454177856,0.8502079248428345,0.8392320275306702,0.806962251663208
sub-cp022_ses-20210621_level-02B_run-008,sub-cp022,5,hybrid,2000,44,51,50,"{""centroids_per_class"":3,""epochs"":1,""learning_rate"":0.1,""margin_threshold"":0.0}",1,1,2.0,0.05,2.3449433361345746,2.3449433361345746,0.828990638256073,0.8521427512168884,0.8394325971603394,0.8079162240028381
sub-cp022_ses-20210621_level-02B_run-010,sub-cp022,5,hybrid,2000,44,51,50,"{""centroids_per_class"":3,""epochs"":1,""learning_rate"":0.1,""margin_threshold"":0.0}",1,1,2.0,0.05,2.6391092610176434,2.6391092610176434,0.8434136509895325,0.8693400025367737,0.8683314323425293,0.8655419945716858
sub-cp022_ses-20210621_level-03B_run-002,sub-cp022,5,hybrid,2000,44,51,50,"{""centroids_per_class"":3,""epochs"":1,""learning_rate"":0.1,""margin_threshold"":0.0}",2,2,3.0,0.05,2.821457219532973,2.821457219532973,0.803440272808075,0.8490871787071228,0.8612683415412903,0.8549321889877319
sub-cp022_ses-20210621_level-03B_run-005,sub-cp022,5,hybrid,2000,44,51,50,"{""centroids_per_class"":3,""epochs"":1,""learning_rate"":0.1,""margin_threshold"":0.0}",2,2,3.0,0.05,2.5184311524543785,2.5184311524543785,0.8464271426200867,0.8575656414031982,0.8776112198829651,0.8386332392692566
sub-cp022_ses-20210621_level-03B_run-011,sub-cp022,5,hybrid,2000,44,51,50,"{""centroids_per_class"":3,""epochs"":1,""learning_rate"":0.1,""margin_threshold"":0.0}",2,2,3.0,0.05,2.5729165046985005,2.5729165046985005,0.8626735210418701,0.8476341962814331,0.8763805031776428,0.8629579544067383
sub-cp022_ses-20210621_level-04B_run-004,sub-cp022,5,hybrid,2000,44,51,50,"{""centroids_per_class"":3,""epochs"":1,""learning_rate"":0.1,""margin_threshold"":0.0}",3,3,4.0,0.05,3.0775532508796477,3.0775532508796477,0.8158041834831238,0.8501103520393372,0.855941891670227,0.8938143253326416
sub-cp022_ses-20210621_level-04B_run-006,sub-cp022,5,hybrid,2000,44,51,50,"{""centroids_per_class"":3,""epochs"":1,""learning_rate"":0.1,""margin_threshold"":0.0}",3,3,4.0,0.05,3.18702138707536,3.18702138707536,0.7869735956192017,0.8203225135803223,0.8411473631858826,0.8783190846443176
sub-cp022_ses-20210621_level-04B_run-009,sub-cp022,5,hybrid,2000,44,51,50,"{""centroids_per_class"":3,""epochs"":1,""learning_rate"":0.1,""margin_threshold"":0.0}",3,3,4.0,0.05,3.194211009624273,3.194211009624273,0.8120132088661194,0.8380538821220398,0.8688457012176514,0.9013422727584839
sub-cp028_ses-20211214_level-01B_run-001,sub-cp028,5,hybrid,2000,44,51,50,"{""centroids_per_class"":3,""epochs"":1,""learning_rate"":0.1,""margin_threshold"":0.0}",0,1,1.0,0.05,1.9062858717463835,1.9062858717463835,0.841818630695343,0.8526315689086914,0.8142750263214111,0.7130794525146484
sub-cp028_ses-20211214_level-01B_run-007,sub-cp028,5,hybrid,2000,44,51,50,"{""centroids_per_class"":3,""epochs"":1,""learning_rate"":0.1,""margin_threshold"":0.0}",0,0,1.0,0.05,1.8401587085077256,1.8401587085077256,0.887726366519928,0.8559539914131165,0.8487133979797363,0.7744081616401672
sub-cp028_ses-20211214_level-01B_run-012,sub-cp028,5,hybrid,2000,44,51,50,"{""centroids_per_class"":3,""epochs"":1,""learning_rate"":0.1,""margin_threshold"":0.0}",0,0,1.0,0.05,1.6658960927224216,1.6658960927224216,0.8208044171333313,0.7719246745109558,0.7248519659042358,0.725129246711731
sub-cp028_ses-20211214_level-02B_run-003,sub-cp028,5,hybrid,2000,44,51,50,"{""centroids_per_class"":3,""epochs"":1,""learning_rate"":0.1,""margin_threshold"":0.0}",1,1,2.0,0.05,2.095793677547617,2.095793677547617,0.8681906461715698,0.899603545665741,0.8709775805473328,0.778907299041748
sub-cp028_ses-20211214_level-02B_run-008,sub-cp028,5,hybrid,2000,44,51,50,"{""centroids_per_class"":3,""epochs"":1,""learning_rate"":0.1,""margin_threshold"":0.0}",1,1,2.0,0.05,1.89209867468765,1.89209867468765,0.8782609105110168,0.8933576941490173,0.8432624340057373,0.7594892978668213
sub-cp028_ses-20211214_level-02B_run-010,sub-cp028,5,hybrid,2000,44,51,50,"{""centroids_per_class"":3,""epochs"":1,""learning_rate"":0.1,""margin_threshold"":0.0}",1,1,2.0,0.05,1.9677460484177307,1.9677460484177307,0.8922054767608643,0.9111089110374451,0.8783634305000305,0.7577388286590576
sub-cp028_ses-20211214_level-03B_run-002,sub-cp028,5,hybrid,2000,44,51,50,"{""centroids_per_class"":3,""epochs"":1,""learning_rate"":0.1,""margin_threshold"":0.0}",2,2,3.0,0.05,2.503188038894826,2.503188038894826,0.8123973608016968,0.850167453289032,0.8812111020088196,0.7672502994537354
sub-cp028_ses-20211214_level-03B_run-005,sub-cp028,5,hybrid,2000,44,51,50,"{""centroids_per_class"":3,""epochs"":1,""learning_rate"":0.1,""margin_threshold"":0.0}",2,2,3.0,0.05,2.2931898085242026,2.2931898085242026,0.8602240085601807,0.8686179518699646,0.8910236358642578,0.7782589197158813
sub-cp028_ses-20211214_level-03B_run-011,sub-cp028,5,hybrid,2000,44,51,50,"{""centroids_per_class"":3,""epochs"":1,""learning_rate"":0.1,""margin_threshold"":0.0}",2,2,3.0,0.05,2.3300047166887796,2.3300047166887796,0.856878399848938,0.8812099099159241,0.8876590132713318,0.8078845143318176
sub-cp028_ses-20211214_level-04B_run-004,sub-cp028,5,hybrid,2000,44,51,50,"{""centroids_per_class"":3,""epochs"":1,""learning_rate"":0.1,""margin_threshold"":0.0}",3,3,4.0,0.05,3.2384361161478643,3.2384361161478643,0.8130641579627991,0.8271211981773376,0.8633155822753906,0.9022228717803955
sub-cp028_ses-20211214_level-04B_run-006,sub-cp028,5,hybrid,2000,44,51,50,"{""centroids_per_class"":3,""epochs"":1,""learning_rate"":0.1,""margin_threshold"":0.0}",3,3,4.0,0.05,3.0935616620891935,3.0935616620891935,0.8250035047531128,0.839577317237854,0.8601552248001099,0.8959518074989319
sub-cp028_ses-20211214_level-04B_run-009,sub-cp028,5,hybrid,2000,44,51,50,"{""centroids_per_class"":3,""epochs"":1,""learning_rate"":0.1,""margin_threshold"":0.0}",3,3,4.0,0.05,2.827074625227026,2.827074625227026,0.8386045694351196,0.8431430459022522,0.8473374247550964,0.8769773840904236
sub-cp030_ses-20211025_level-01B_run-001,sub-cp030,5,hybrid,2000,44,51,50,"{""centroids_per_class"":3,""epochs"":1,""learning_rate"":0.1,""margin_threshold"":0.0}",0,0,1.0,0.05,2.055630884873402,2.055630884873402,0.8467435240745544,0.8280835747718811,0.8296870589256287,0.7704206109046936
sub-cp030_ses-20211025_level-01B_run-007,sub-cp030,5,hybrid,2000,44,51,50,"{""centroids_per_class"":3,""epochs"":1,""learning_rate"":0.1,""margin_threshold"":0.0}",0,0,1.0,0.05,1.5632393783185916,1.5632393783185916,0.8828935623168945,0.8369133472442627,0.8004457950592041,0.7292951941490173
sub-cp030_ses-20211025_level-01B_run-012,sub-cp030,5,hybrid,2000,44,51,50,"{""centroids_per_class"":3,""epochs"":1,""learning_rate"":0.1,""margin_threshold"":0.0}",0,0,1.0,0.05,1.662584677460276,1.662584677460276,0.8686211705207825,0.8322014808654785,0.7978227138519287,0.7390609979629517
sub-cp030_ses-20211025_level-02B_run-003,sub-cp030,5,hybrid,2000,44,51,50,"{""centroids_per_class"":3,""epochs"":1,""learning_rate"":0.1,""margin_threshold"":0.0}",1,2,2.0,0.05,2.354537258153545,2.354537258153545,0.8018935918807983,0.8179600834846497,0.8231488466262817,0.7692201733589172
sub-cp030_ses-20211025_level-02B_run-008,sub-cp030,5,hybrid,2000,44,51,50,"{""centroids_per_class"":3,""epochs"":1,""learning_rate"":0.1,""margin_threshold"":0.0}",1,1,2.0,0.05,2.0432462669803035,2.0432462669803035,0.868776261806488,0.8732690215110779,0.8601826429367065,0.7724291086196899
sub-cp030_ses-20211025_level-02B_run-010,sub-cp030,5,hybrid,2000,44,51,50,"{""centroids_per_class"":3,""epochs"":1,""learning_rate"":0.1,""margin_threshold"":0.0}",1,0,2.0,0.05,1.8167829386940517,1.8167829386940517,0.8804663419723511,0.8570084571838379,0.841759204864502,0.7487218379974365
sub-cp030_ses-20211025_level-03B_run-002,sub-cp030,5,hybrid,2000,44,51,50,"{""centroids_per_class"":3,""epochs"":1,""learning_rate"":0.1,""margin_threshold"":0.0}",2,2,3.0,0.05,2.6012289999564997,2.6012289999564997,0.7848941087722778,0.8008837103843689,0.8118331432342529,0.7959683537483215
sub-cp030_ses-20211025_level-03B_run-011,sub-cp030,5,hybrid,2000,44,51,50,"{""centroids_per_class"":3,""epochs"":1,""learning_rate"":0.1,""margin_threshold"":0.0}",2,2,3.0,0.05,2.474048475924409,2.474048475924409,0.8406136631965637,0.8531469106674194,0.8866587281227112,0.8059046864509583
sub-cp030_ses-20211025_level-04B_run-004,sub-cp030,5,hybrid,2000,44,51,50,"{""centroids_per_class"":3,""epochs"":1,""learning_rate"":0.1,""margin_threshold"":0.0}",3,3,4.0,0.05,2.71749886070104,2.71749886070104,0.7722343802452087,0.7675487399101257,0.7822938561439514,0.7950810194015503
sub-cp030_ses-20211025_level-04B_run-006,sub-cp030,5,hybrid,2000,44,51,50,"{""centroids_per_class"":3,""epochs"":1,""learning_rate"":0.1,""margin_threshold"":0.0}",3,3,4.0,0.05,3.27701628122556,3.27701628122556,0.738328754901886,0.7724306583404541,0.7853583693504333,0.8398972749710083
sub-cp030_ses-20211025_level-04B_run-009,sub-cp030,5,hybrid,2000,44,51,50,"{""centroids_per_class"":3,""epochs"":1,""learning_rate"":0.1,""margin_threshold"":0.0}",3,3,4.0,0.05,3.26712458709623,3.26712458709623,0.7860586643218994,0.8140857815742493,0.8177635073661804,0.881972074508667
sub-cp032_ses-20211105_level-01B_run-001,sub-cp032,5,hybrid,2000,44,51,50,"{""centroids_per_class"":3,""epochs"":1,""learning_rate"":0.1,""margin_threshold"":0.0}",0,0,1.0,0.05,1.9671663089826397,1.9671663089826397,0.8963353037834167,0.8698155879974365,0.8653662800788879,0.81402587890625
sub-cp032_ses-20211105_level-01B_run-007,sub-cp032,5,hybrid,2000,44,51,50,"{""centroids_per_class"":3,""epochs"":1,""learning_rate"":0.1,""margin_threshold"":0.0}",0,0,1.0,0.05,1.9128177294000996,1.9128177294000996,0.8929201364517212,0.8797126412391663,0.8564980030059814,0.7993346452713013
sub-cp032_ses-20211105_level-01B_run-012,sub-cp032,5,hybrid,2000,44,51,50,"{""centroids_per_class"":3,""epochs"":1,""learning_rate"":0.1,""margin_threshold"":0.0}",0,0,1.0,0.05,1.8353724361795665,1.8353724361795665,0.9073458313941956,0.8734365105628967,0.858923614025116,0.810116171836853
sub-cp032_ses-20211105_level-02B_run-003,sub-cp032,5,hybrid,2000,44,51,50,"{""centroids_per_class"":3,""epochs"":1,""learning_rate"":0.1,""margin_threshold"":0.0}",1,1,2.0,0.05,2.113376347805591,2.113376347805591,0.8804535269737244,0.8889973163604736,0.8706817030906677,0.8158881068229675
sub-cp032_ses-20211105_level-02B_run-008,sub-cp032,5,hybrid,2000,44,51,50,"{""centroids_per_class"":3,""epochs"":1,""learning_rate"":0.1,""margin_threshold"":0.0}",1,1,2.0,0.05,2.0424040666525416,2.0424040666525416,0.880669355392456,0.8813507556915283,0.8578205704689026,0.8102853894233704
sub-cp032_ses-20211105_level-02B_run-010,sub-cp032,5,hybrid,2000,44,51,50,"{""centroids_per_class"":3,""epochs"":1,""learning_rate"":0.1,""margin_threshold"":0.0}",1,1,2.0,0.05,2.089449926492752,2.089449926492752,0.8695493936538696,0.8928869962692261,0.8617395162582397,0.7976120114326477
sub-cp032_ses-20211105_level-03B_run-002,sub-cp032,5,hybrid,2000,44,51,50,"{""centroids_per_class"":3,""epochs"":1,""learning_rate"":0.1,""margin_threshold"":0.0}",2,2,3.0,0.05,2.341510765493231,2.341510765493231,0.8531342148780823,0.8846808075904846,0.8895360827445984,0.8039042949676514
sub-cp032_ses-20211105_level-03B_run-005,sub-cp032,5,hybrid,2000,44,51,50,"{""centroids_per_class"":3,""epochs"":1,""learning_rate"":0.1,""margin_threshold"":0.0}",2,2,3.0,0.05,2.3222419853901237,2.3222419853901237,0.8658514022827148,0.8846650123596191,0.8873644471168518,0.8255635499954224
sub-cp032_ses-20211105_level-03B_run-011,sub-cp032,5,hybrid,2000,44,51,50,"{""centroids_per_class"":3,""epochs"":1,""learning_rate"":0.1,""margin_threshold"":0.0}",2,2,3.0,0.05,2.346162328767501,2.346162328767501,0.8667106032371521,0.8786019086837769,0.8861091136932373,0.8317255973815918
sub-cp032_ses-20211105_level-04B_run-004,sub-cp032,5,hybrid,2000,44,51,50,"{""centroids_per_class"":3,""epochs"":1,""learning_rate"":0.1,""margin_threshold"":0.0}",3,3,4.0,0.05,3.2447909690539065,3.2447909690539065,0.8564502000808716,0.8571422696113586,0.8658298254013062,0.9372676610946655
sub-cp032_ses-20211105_level-04B_run-006,sub-cp032,5,hybrid,2000,44,51,50,"{""centroids_per_class"":3,""epochs"":1,""learning_rate"":0.1,""margin_threshold"":0.0}",3,3,4.0,0.05,3.183874580827294,3.183874580827294,0.8234537243843079,0.8338251113891602,0.8430254459381104,0.9018233418464661
sub-cp032_ses-20211105_level-04B_run-009,sub-cp032,5,hybrid,2000,44,51,50,"{""centroids_per_class"":3,""epochs"":1,""learning_rate"":0.1,""margin_threshold"":0.0}",3,3,4.0,0.05,3.3838704306192358,3.3838704306192358,0.8349601030349731,0.835383415222168,0.8525158762931824,0.9323939085006714
sub-cp035_ses-20220125_level-01B_run-001,sub-cp035,5,hybrid,2000,44,51,50,"{""centroids_per_class"":3,""epochs"":1,""learning_rate"":0.1,""margin_threshold"":0.0}",0,1,1.0,0.05,2.1781024029446763,2.1781024029446763,0.8653723001480103,0.8845336437225342,0.8701610565185547,0.8040920495986938
sub-cp035_ses-20220125_level-01B_run-007,sub-cp035,5,hybrid,2000,44,51,50,"{""centroids_per_class"":3,""epochs"":1,""learning_rate"":0.1,""margin_threshold"":0.0}",0,0,1.0,0.05,1.7380060878383612,1.7380060878383612,0.922757089138031,0.8801106214523315,0.863186240196228,0.8112042546272278
sub-cp035_ses-20220125_level-01B_run-012,sub-cp035,5,hybrid,2000,44,51,50,"{""centroids_per_class"":3,""epochs"":1,""learning_rate"":0.1,""margin_threshold"":0.0}",0,0,1.0,0.05,1.853609055572965,1.853609055572965,0.9035220742225647,0.8747605681419373,0.849873423576355,0.8168479204177856
sub-cp035_ses-20220125_level-02B_run-003,sub-cp035,5,hybrid,2000,44,51,50,"{""centroids_per_class"":3,""epochs"":1,""learning_rate"":0.1,""margin_threshold"":0.0}",1,1,2.0,0.05,2.2866231024091705,2.2866231024091705,0.8771072030067444,0.8839778900146484,0.8708780407905579,0.8494612574577332
sub-cp035_ses-20220125_level-02B_run-008,sub-cp035,5,hybrid,2000,44,51,50,"{""centroids_per_class"":3,""epochs"":1,""learning_rate"":0.1,""margin_threshold"":0.0}",1,1,2.0,0.05,2.2388031039637126,2.2388031039637126,0.8704764246940613,0.9002766609191895,0.8962588906288147,0.7960361242294312
sub-cp035_ses-20220125_level-02B_run-010,sub-cp035,5,hybrid,2000,44,51,50,"{""centroids_per_class"":3,""epochs"":1,""learning_rate"":0.1,""margin_threshold"":0.0}",1,1,2.0,0.05,2.0248740364629887,2.0248740364629887,0.8866547346115112,0.889849841594696,0.8625210523605347,0.8126542568206787
sub-cp035_ses-20220125_level-03B_run-002,sub-cp035,5,hybrid,2000,44,51,50,"{""centroids_per_class"":3,""epochs"":1,""learning_rate"":0.1,""margin_threshold"":0.0}",2,2,3.0,0.05,2.5753586783694478,2.5753586783694478,0.8051835298538208,0.8294739127159119,0.8386394381523132,0.8134711980819702
sub-cp035_ses-20220125_level-03B_run-005,sub-cp035,5,hybrid,2000,44,51,50,"{""centroids_per_class"":3,""epochs"":1,""learning_rate"":0.1,""margin_threshold"":0.0}",2,2,3.0,0.05,2.408189975457982,2.408189975457982,0.8701618909835815,0.8900560736656189,0.9095889329910278,0.8300578594207764
sub-cp035_ses-20220125_level-03B_run-011,sub-cp035,5,hybrid,2000,44,51,50,"{""centroids_per_class"":3,""epochs"":1,""learning_rate"":0.1,""margin_threshold"":0.0}",2,2,3.0,0.05,2.423693558751692,2.423693558751692,0.8595810532569885,0.8888695240020752,0.9099370837211609,0.8118693828582764
sub-cp035_ses-20220125_level-04B_run-004,sub-cp035,5,hybrid,2000,44,51,50,"{""centroids_per_class"":3,""epochs"":1,""learning_rate"":0.1,""margin_threshold"":0.0}",3,3,4.0,0.05,3.414685409543501,3.414685409543501,0.7978965640068054,0.8066630959510803,0.8342509865760803,0.9047318696975708
sub-cp035_ses-20220125_level-04B_run-006,sub-cp035,5,hybrid,2000,44,51,50,"{""centroids_per_class"":3,""epochs"":1,""learning_rate"":0.1,""margin_threshold"":0.0}",3,3,4.0,0.05,3.3706007346662012,3.3706007346662012,0.8160552382469177,0.8298295140266418,0.8568319082260132,0.9198125600814819
sub-cp035_ses-20220125_level-04B_run-009,sub-cp035,5,hybrid,2000,44,51,50,"{""centroids_per_class"":3,""epochs"":1,""learning_rate"":0.1,""margin_threshold"":0.0}",3,3,4.0,0.05,3.1563809547348045,3.1563809547348045,0.825039267539978,0.8332501649856567,0.8556747436523438,0.9003936648368835
sub-cp005_ses-20210226_level-01B_run-001,sub-cp005,5,hybrid,2000,45,51,50,"{""centroids_per_class"":3,""epochs"":1,""learning_rate"":0.1,""margin_threshold"":0.0}",0,1,1.0,0.05,2.031849049826054,2.031849049826054,0.8706578016281128,0.8890190720558167,0.8536345362663269,0.789600670337677
sub-cp005_ses-20210226_level-01B_run-007,sub-cp005,5,hybrid,2000,45,51,50,"{""centroids_per_class"":3,""epochs"":1,""learning_rate"":0.1,""margin_threshold"":0.0}",0,1,1.0,0.05,1.9240018727406396,1.9240018727406396,0.8907912969589233,0.9255582094192505,0.8599921464920044,0.7713680267333984
sub-cp005_ses-20210226_level-01B_run-012,sub-cp005,5,hybrid,2000,45,51,50,"{""centroids_per_class"":3,""epochs"":1,""learning_rate"":0.1,""margin_threshold"":0.0}",0,1,1.0,0.05,1.8025379790642657,1.8025379790642657,0.9024062156677246,0.9103912711143494,0.8515271544456482,0.7640300989151001
sub-cp005_ses-20210226_level-02B_run-003,sub-cp005,5,hybrid,2000,45,51,50,"{""centroids_per_class"":3,""epochs"":1,""learning_rate"":0.1,""margin_threshold"":0.0}",1,2,2.0,0.05,2.532430387625597,2.532430387625597,0.7967512011528015,0.8248938322067261,0.8355547189712524,0.7961908578872681
sub-cp005_ses-20210226_level-02B_run-008,sub-cp005,5,hybrid,2000,45,51,50,"{""centroids_per_class"":3,""epochs"":1,""learning_rate"":0.1,""margin_threshold"":0.0}",1,1,2.0,0.05,2.108761352098254,2.108761352098254,0.8724250197410583,0.9160269498825073,0.8859868049621582,0.7600815892219543
sub-cp005_ses-20210226_level-02B_run-010,sub-cp005,5,hybrid,2000,45,51,50,"{""centroids_per_class"":3,""epochs"":1,""learning_rate"":0.1,""margin_threshold"":0.0}",1,1,2.0,0.05,2.0635346729439927,2.0635346729439927,0.8729940056800842,0.9222052097320557,0.8673697710037231,0.7937221527099609
sub-cp005_ses-20210226_level-03B_run-002,sub-cp005,5,hybrid,2000,45,51,50,"{""centroids_per_class"":3,""epochs"":1,""learning_rate"":0.1,""margin_threshold"":0.0}",2,3,3.0,0.05,2.8421099833940717,2.8421099833940717,0.7498289346694946,0.7804147005081177,0.7910910844802856,0.7979970574378967
sub-cp005_ses-20210226_level-03B_run-005,sub-cp005,5,hybrid,2000,45,51,50,"{""centroids_per_class"":3,""epochs"":1,""learning_rate"":0.1,""margin_threshold"":0.0}",2,2,3.0,0.05,2.441930630808313,2.441930630808313,0.8218854665756226,0.8694197535514832,0.8745831251144409,0.7989236116409302
sub-cp005_ses-20210226_level-03B_run-011,sub-cp005,5,hybrid,2000,45,51,50,"{""centroids_per_class"":3,""epochs"":1,""learning_rate"":0.1,""margin_threshold"":0.0}",2,2,3.0,0.05,2.5989123452859366,2.5989123452859366,0.8442814946174622,0.8691617846488953,0.9062514901161194,0.8364858627319336
sub-cp005_ses-20210226_level-04B_run-004,sub-cp005,5,hybrid,2000,45,51,50,"{""centroids_per_class"":3,""epochs"":1,""learning_rate"":0.1,""margin_threshold"":0.0}",3,3,4.0,0.05,2.902671219219958,2.902671219219958,0.7455196380615234,0.7497460842132568,0.7850480675697327,0.7899868488311768
sub-cp005_ses-20210226_level-04B_run-006,sub-cp005,5,hybrid,2000,45,51,50,"{""centroids_per_class"":3,""epochs"":1,""learning_rate"":0.1,""margin_threshold"":0.0}",3,3,4.0,0.05,3.4478600822238055,3.4478600822238055,0.8065695762634277,0.8139729499816895,0.8455963134765625,0.9177714586257935
sub-cp005_ses-20210226_level-04B_run-009,sub-cp005,5,hybrid,2000,45,51,50,"{""centroids_per_class"":3,""epochs"":1,""learning_rate"":0.1,""margin_threshold"":0.0}",3,3,4.0,0.05,2.87308725731664,2.87308725731664,0.8346877694129944,0.8111200928688049,0.8350697755813599,0.8701444268226624
sub-cp017_ses-20210521_level-01B_run-001,sub-cp017,5,hybrid,2000,45,51,50,"{""centroids_per_class"":3,""epochs"":1,""learning_rate"":0.1,""margin_threshold"":0.0}",0,0,1.0,0.05,1.770283740721339,1.770283740721339,0.9110680222511292,0.8942592144012451,0.861970067024231,0.774605393409729
sub-cp017_ses-20210521_level-01B_run-007,sub-cp017,5,hybrid,2000,45,51,50,"{""centroids_per_class"":3,""epochs"":1,""learning_rate"":0.1,""margin_threshold"":0.0}",0,0,1.0,0.05,1.5998256710931829,1.5998256710931829,0.9053668975830078,0.8600667715072632,0.8340670466423035,0.7472947835922241
sub-cp017_ses-20210521_level-01B_run-012,sub-cp017,5,hybrid,2000,45,51,50,"{""centroids_per_class"":3,""epochs"":1,""learning_rate"":0.1,""margin_threshold"":0.0}",0,0,1.0,0.05,1.6330108480825527,1.6330108480825527,0.881209135055542,0.8393075466156006,0.814414381980896,0.7299231290817261
sub-cp017_ses-20210521_level-02B_run-003,sub-cp017,5,hybrid,2000,45,51,50,"{""centroids_per_class"":3,""epochs"":1,""learning_rate"":0.1,""margin_threshold"":0.0}",1,1,2.0,0.05,2.1662968077917886,2.1662968077917886,0.8642297983169556,0.9083590507507324,0.8901125192642212,0.7450889945030212
sub-cp017_ses-20210521_level-02B_run-008,sub-cp017,5,hybrid,2000,45,51,50,"{""centroids_per_class"":3,""epochs"":1,""learning_rate"":0.1,""margin_threshold"":0.0}",1,1,2.0,0.05,2.1245170481862323,2.1245170481862323,0.8249200582504272,0.8738129734992981,0.8353074193000793,0.7448262572288513
sub-cp017_ses-20210521_level-02B_run-010,sub-cp017,5,hybrid,2000,45,51,50,"{""centroids_per_class"":3,""epochs"":1,""learning_rate"":0.1,""margin_threshold"":0.0}",1,1,2.0,0.05,2.0442869352460034,2.0442869352460034,0.869543194770813,0.90633624792099,0.863308310508728,0.7746360898017883
sub-cp017_ses-20210521_level-03B_run-002,sub-cp017,5,hybrid,2000,45,51,50,"{""centroids_per_class"":3,""epochs"":1,""learning_rate"":0.1,""margin_threshold"":0.0}",2,2,3.0,0.05,2.3283991191058675,2.3283991191058675,0.856819748878479,0.8712737560272217,0.8999125957489014,0.7445013523101807
sub-cp017_ses-20210521_level-03B_run-005,sub-cp017,5,hybrid,2000,45,51,50,"{""centroids_per_class"":3,""epochs"":1,""learning_rate"":0.1,""margin_threshold"":0.0}",2,1,3.0,0.05,2.1718712215024794,2.1718712215024794,0.8689010739326477,0.9070281386375427,0.8878785371780396,0.7832881808280945
sub-cp017_ses-20210521_level-03B_run-011,sub-cp017,5,hybrid,2000,45,51,50,"{""centroids_per_class"":3,""epochs"":1,""learning_rate"":0.1,""margin_threshold"":0.0}",2,2,3.0,0.05,2.405690818966438,2.405690818966438,0.8499327301979065,0.8896814584732056,0.9034914374351501,0.7984498143196106
sub-cp017_ses-20210521_level-04B_run-004,sub-cp017,5,hybrid,2000,45,51,50,"{""centroids_per_class"":3,""epochs"":1,""learning_rate"":0.1,""margin_threshold"":0.0}",3,3,4.0,0.05,3.293914655884612,3.293914655884612,0.8150655627250671,0.8316311240196228,0.8464276790618896,0.909271240234375
sub-cp017_ses-20210521_level-04B_run-006,sub-cp017,5,hybrid,2000,45,51,50,"{""centroids_per_class"":3,""epochs"":1,""learning_rate"":0.1,""margin_threshold"":0.0}",3,3,4.0,0.05,3.2836239158285,3.2836239158285,0.8212329745292664,0.8276442289352417,0.8368361592292786,0.9088286757469177
sub-cp017_ses-20210521_level-04B_run-009,sub-cp017,5,hybrid,2000,45,51,50,"{""centroids_per_class"":3,""epochs"":1,""learning_rate"":0.1,""margin_threshold"":0.0}",3,3,4.0,0.05,3.22493576337792,3.22493576337792,0.8115798830986023,0.8332120180130005,0.8514730334281921,0.9007588028907776
sub-cp022_ses-20210621_level-01B_run-001,sub-cp022,5,hybrid,2000,45,51,50,"{""centroids_per_class"":3,""epochs"":1,""learning_rate"":0.1,""margin_threshold"":0.0}",0,1,1.0,0.05,2.162430056947414,2.162430056947414,0.8603829741477966,0.8691861629486084,0.8366599082946777,0.8209432363510132
sub-cp022_ses-20210621_level-01B_run-007,sub-cp022,5,hybrid,2000,45,51,50,"{""centroids_per_class"":3,""epochs"":1,""learning_rate"":0.1,""margin_threshold"":0.0}",0,0,1.0,0.05,2.041183674296215,2.041183674296215,0.84959876537323,0.819303572177887,0.7872054576873779,0.80409175157547
sub-cp022_ses-20210621_level-01B_run-012,sub-cp022,5,hybrid,2000,45,51,50,"{""centroids_per_class"":3,""epochs"":1,""learning_rate"":0.1,""margin_threshold"":0.0}",0,1,1.0,0.05,2.002428894106158,2.002428894106158,0.8953847885131836,0.8984218239784241,0.8768170475959778,0.8033275604248047
sub-cp022_ses-20210621_level-02B_run-003,sub-cp022,5,hybrid,2000,45,51,50,"{""centroids_per_class"":3,""epochs"":1,""learning_rate"":0.1,""margin_threshold"":0.0}",1,1,2.0,0.05,2.048241498909799,2.048241498909799,0.8541449904441833,0.8564051389694214,0.8343639373779297,0.7816566228866577
sub-cp022_ses-20210621_level-02B_run-008,sub-cp022,5,hybrid,2000,45,51,50,"{""centroids_per_class"":3,""epochs"":1,""learning_rate"":0.1,""margin_threshold"":0.0}",1,1,2.0,0.05,2.343785371299476,2.343785371299476,0.8281337022781372,0.8410704135894775,0.8328028917312622,0.8062263131141663
sub-cp022_ses-20210621_level-02B_run-010,sub-cp022,5,hybrid,2000,45,51,50,"{""centroids_per_class"":3,""epochs"":1,""learning_rate"":0.1,""margin_threshold"":0.0}",1,2,2.0,0.05,2.5482605808425043,2.5482605808425043,0.8523305654525757,0.8687214255332947,0.8841605186462402,0.8524566292762756
sub-cp022_ses-20210621_level-03B_run-002,sub-cp022,5,hybrid,2000,45,51,50,"{""centroids_per_class"":3,""epochs"":1,""learning_rate"":0.1,""margin_threshold"":0.0}",2,2,3.0,0.05,2.717057646811549,2.717057646811549,0.8258049488067627,0.8460118770599365,0.8628570437431335,0.8527147769927979
sub-cp022_ses-20210621_level-03B_run-005,sub-cp022,5,hybrid,2000,45,51,50,"{""centroids_per_class"":3,""epochs"":1,""learning_rate"":0.1,""margin_threshold"":0.0}",2,2,3.0,0.05,2.672129990553028,2.672129990553028,0.8230012059211731,0.8398621678352356,0.8811101913452148,0.8312374353408813
sub-cp022_ses-20210621_level-03B_run-011,sub-cp022,5,hybrid,2000,45,51,50,"{""centroids_per_class"":3,""epochs"":1,""learning_rate"":0.1,""margin_threshold"":0.0}",2,2,3.0,0.05,2.691619344741709,2.691619344741709,0.8450609445571899,0.8467628359794617,0.8828482031822205,0.8596188426017761
sub-cp022_ses-20210621_level-04B_run-004,sub-cp022,5,hybrid,2000,45,51,50,"{""centroids_per_class"":3,""epochs"":1,""learning_rate"":0.1,""margin_threshold"":0.0}",3,3,4.0,0.05,3.1009130242659317,3.1009130242659317,0.8270812034606934,0.8336275815963745,0.8417248725891113,0.8949105143547058
sub-cp022_ses-20210621_level-04B_run-006,sub-cp022,5,hybrid,2000,45,51,50,"{""centroids_per_class"":3,""epochs"":1,""learning_rate"":0.1,""margin_threshold"":0.0}",3,3,4.0,0.05,3.153736786404131,3.153736786404131,0.7983266115188599,0.8219543695449829,0.8023920059204102,0.8780829310417175
sub-cp022_ses-20210621_level-04B_run-009,sub-cp022,5,hybrid,2000,45,51,50,"{""centroids_per_class"":3,""epochs"":1,""learning_rate"":0.1,""margin_threshold"":0.0}",3,3,4.0,0.05,3.100669540715607,3.100669540715607,0.7954219579696655,0.8331266641616821,0.8451113104820251,0.8782359957695007
sub-cp028_ses-20211214_level-01B_run-001,sub-cp028,5,hybrid,2000,45,51,50,"{""centroids_per_class"":3,""epochs"":1,""learning_rate"":0.1,""margin_threshold"":0.0}",0,1,1.0,0.05,1.9396915404133535,1.9396915404133535,0.8454949259757996,0.8677850961685181,0.8185078501701355,0.7353114485740662
sub-cp028_ses-20211214_level-01B_run-007,sub-cp028,5,hybrid,2000,45,51,50,"{""centroids_per_class"":3,""epochs"":1,""learning_rate"":0.1,""margin_threshold"":0.0}",0,0,1.0,0.05,1.882148372859003,1.882148372859003,0.8911095261573792,0.8764858245849609,0.8467655777931213,0.7987130284309387
sub-cp028_ses-20211214_level-01B_run-012,sub-cp028,5,hybrid,2000,45,51,50,"{""centroids_per_class"":3,""epochs"":1,""learning_rate"":0.1,""margin_threshold"":0.0}",0,0,1.0,0.05,1.8908290031886805,1.8908290031886805,0.8329851627349854,0.7856130003929138,0.7857536673545837,0.7519643306732178
sub-cp028_ses-20211214_level-02B_run-003,sub-cp028,5,hybrid,2000,45,51,50,"{""centroids_per_class"":3,""epochs"":1,""learning_rate"":0.1,""margin_threshold"":0.0}",1,1,2.0,0.05,2.197822638152643,2.197822638152643,0.8501294255256653,0.9095187187194824,0.8782955408096313,0.7793594598770142
sub-cp028_ses-20211214_level-02B_run-008,sub-cp028,5,hybrid,2000,45,51,50,"{""centroids_per_class"":3,""epochs"":1,""learning_rate"":0.1,""margin_threshold"":0.0}",1,1,2.0,0.05,1.9456883902583053,1.9456883902583053,0.8689834475517273,0.9074944257736206,0.8373482823371887,0.7672151923179626
sub-cp028_ses-20211214_level-02B_run-010,sub-cp028,5,hybrid,2000,45,51,50,"{""centroids_per_class"":3,""epochs"":1,""learning_rate"":0.1,""margin_threshold"":0.0}",1,1,2.0,0.05,1.9523109536505006,1.9523109536505006,0.8917014598846436,0.9185515642166138,0.8675633668899536,0.7811087369918823
sub-cp028_ses-20211214_level-03B_run-002,sub-cp028,5,hybrid,2000,45,51,50,"{""centroids_per_class"":3,""epochs"":1,""learning_rate"":0.1,""margin_threshold"":0.0}",2,2,3.0,0.05,2.339416056207367,2.339416056207367,0.823672890663147,0.8514617681503296,0.8599408268928528,0.7699182629585266
sub-cp028_ses-20211214_level-03B_run-005,sub-cp028,5,hybrid,2000,45,51,50,"{""centroids_per_class"":3,""epochs"":1,""learning_rate"":0.1,""margin_threshold"":0.0}",2,1,3.0,0.05,2.2741213055824026,2.2741213055824026,0.8483234643936157,0.8939628005027771,0.8894597291946411,0.7615696787834167
sub-cp028_ses-20211214_level-03B_run-011,sub-cp028,5,hybrid,2000,45,51,50,"{""centroids_per_class"":3,""epochs"":1,""learning_rate"":0.1,""margin_threshold"":0.0}",2,1,3.0,0.05,2.360332390482677,2.360332390482677,0.8486001491546631,0.8836939334869385,0.8826492428779602,0.8141627907752991
sub-cp028_ses-20211214_level-04B_run-004,sub-cp028,5,hybrid,2000,45,51,50,"{""centroids_per_class"":3,""epochs"":1,""learning_rate"":0.1,""margin_threshold"":0.0}",3,3,4.0,0.05,3.1601852671677446,3.1601852671677446,0.8277459144592285,0.8371543884277344,0.8404433727264404,0.9027894735336304
sub-cp028_ses-20211214_level-04B_run-006,sub-cp028,5,hybrid,2000,45,51,50,"{""centroids_per_class"":3,""epochs"":1,""learning_rate"":0.1,""margin_threshold"":0.0}",3,3,4.0,0.05,2.9713643520859714,2.9713643520859714,0.8462129235267639,0.828300952911377,0.8447854518890381,0.8930062651634216
sub-cp028_ses-20211214_level-04B_run-009,sub-cp028,5,hybrid,2000,45,51,50,"{""centroids_per_class"":3,""epochs"":1,""learning_rate"":0.1,""margin_threshold"":0.0}",3,3,4.0,0.05,2.9282811956375285,2.9282811956375285,0.8448563814163208,0.8135071396827698,0.8280283212661743,0.8845998048782349
sub-cp030_ses-20211025_level-01B_run-001,sub-cp030,5,hybrid,2000,45,51,50,"{""centroids_per_class"":3,""epochs"":1,""learning_rate"":0.1,""margin_threshold"":0.0}",0,0,1.0,0.05,2.1430131483082433,2.1430131483082433,0.8397714495658875,0.8317498564720154,0.8268065452575684,0.7835801243782043
sub-cp030_ses-20211025_level-01B_run-007,sub-cp030,5,hybrid,2000,45,51,50,"{""centroids_per_class"":3,""epochs"":1,""learning_rate"":0.1,""margin_threshold"":0.0}",0,0,1.0,0.05,1.6424319326524004,1.6424319326524004,0.8805378079414368,0.8439294099807739,0.806479275226593,0.7465920448303223
sub-cp030_ses-20211025_level-01B_run-012,sub-cp030,5,hybrid,2000,45,51,50,"{""centroids_per_class"":3,""epochs"":1,""learning_rate"":0.1,""margin_threshold"":0.0}",0,0,1.0,0.05,1.7575881285505255,1.7575881285505255,0.8664393424987793,0.8454529643058777,0.8008534908294678,0.7593986988067627
sub-cp030_ses-20211025_level-02B_run-003,sub-cp030,5,hybrid,2000,45,51,50,"{""centroids_per_class"":3,""epochs"":1,""learning_rate"":0.1,""margin_threshold"":0.0}",1,2,2.0,0.05,2.2364258892186566,2.2364258892186566,0.816502571105957,0.8211762309074402,0.8213068246841431,0.7670125961303711
sub-cp030_ses-20211025_level-02B_run-008,sub-cp030,5,hybrid,2000,45,51,50,"{""centroids_per_class"":3,""epochs"":1,""learning_rate"":0.1,""margin_threshold"":0.0}",1,1,2.0,0.05,2.006446004467474,2.006446004467474,0.8660905957221985,0.8868494629859924,0.8531583547592163,0.7620974183082581
sub-cp030_ses-20211025_level-02B_run-010,sub-cp030,5,hybrid,2000,45,51,50,"{""centroids_per_class"":3,""epochs"":1,""learning_rate"":0.1,""margin_threshold"":0.0}",1,0,2.0,0.05,1.756760207618424,1.756760207618424,0.8751184940338135,0.8705255389213562,0.8105818033218384,0.7524412274360657
sub-cp030_ses-20211025_level-03B_run-002,sub-cp030,5,hybrid,2000,45,51,50,"{""centroids_per_class"":3,""epochs"":1,""learning_rate"":0.1,""margin_threshold"":0.0}",2,2,3.0,0.05,2.4716678358027186,2.4716678358027186,0.8054726123809814,0.8058655858039856,0.8130268454551697,0.798618733882904
sub-cp030_ses-20211025_level-03B_run-011,sub-cp030,5,hybrid,2000,45,51,50,"{""centroids_per_class"":3,""epochs"":1,""learning_rate"":0.1,""margin_threshold"":0.0}",2,2,3.0,0.05,2.4540542994632055,2.4540542994632055,0.8451133370399475,0.8720158338546753,0.8875736594200134,0.8210497498512268
sub-cp030_ses-20211025_level-04B_run-004,sub-cp030,5,hybrid,2000,45,51,50,"{""centroids_per_class"":3,""epochs"":1,""learning_rate"":0.1,""margin_threshold"":0.0}",3,3,4.0,0.05,2.8742282236051393,2.8742282236051393,0.7716364860534668,0.7485519647598267,0.7773306369781494,0.8070147037506104
sub-cp030_ses-20211025_level-04B_run-006,sub-cp030,5,hybrid,2000,45,51,50,"{""centroids_per_class"":3,""epochs"":1,""learning_rate"":0.1,""margin_threshold"":0.0}",3,3,4.0,0.05,3.0873628573460774,3.0873628573460774,0.7557597756385803,0.7826054692268372,0.792129635810852,0.8312245011329651
sub-cp030_ses-20211025_level-04B_run-009,sub-cp030,5,hybrid,2000,45,51,50,"{""centroids_per_class"":3,""epochs"":1,""learning_rate"":0.1,""margin_threshold"":0.0}",3,3,4.0,0.05,3.2395485453567203,3.2395485453567203,0.8076802492141724,0.836231529712677,0.8215869665145874,0.899279773235321
sub-cp032_ses-20211105_level-01B_run-001,sub-cp032,5,hybrid,2000,45,51,50,"{""centroids_per_class"":3,""epochs"":1,""learning_rate"":0.1,""margin_threshold"":0.0}",0,1,1.0,0.05,2.204643100653274,2.204643100653274,0.867052435874939,0.8828481435775757,0.8738749623298645,0.8100078105926514
sub-cp032_ses-20211105_level-01B_run-007,sub-cp032,5,hybrid,2000,45,51,50,"{""centroids_per_class"":3,""epochs"":1,""learning_rate"":0.1,""margin_threshold"":0.0}",0,1,1.0,0.05,2.2148650809527934,2.2148650809527934,0.8538203239440918,0.8726130723953247,0.859709620475769,0.802880048751831
sub-cp032_ses-20211105_level-01B_run-012,sub-cp032,5,hybrid,2000,45,51,50,"{""centroids_per_class"":3,""epochs"":1,""learning_rate"":0.1,""margin_threshold"":0.0}",0,0,1.0,0.05,2.1359975364810566,2.1359975364810566,0.8759143948554993,0.8754913806915283,0.8636469841003418,0.8188037872314453
sub-cp032_ses-20211105_level-02B_run-003,sub-cp032,5,hybrid,2000,45,51,50,"{""centroids_per_class"":3,""epochs"":1,""learning_rate"":0.1,""margin_threshold"":0.0}",1,1,2.0,0.05,2.1646845326602224,2.1646845326602224,0.8628659844398499,0.8876485824584961,0.8688809275627136,0.797135591506958
sub-cp032_ses-20211105_level-02B_run-008,sub-cp032,5,hybrid,2000,45,51,50,"{""centroids_per_class"":3,""epochs"":1,""learning_rate"":0.1,""margin_threshold"":0.0}",1,1,2.0,0.05,2.264455948548339,2.264455948548339,0.8445302248001099,0.8786501288414001,0.8540031313896179,0.8116260170936584
sub-cp032_ses-20211105_level-02B_run-010,sub-cp032,5,hybrid,2000,45,51,50,"{""centroids_per_class"":3,""epochs"":1,""learning_rate"":0.1,""margin_threshold"":0.0}",1,1,2.0,0.05,2.155349801471438,2.155349801471438,0.8667529225349426,0.894640326499939,0.8753607869148254,0.793163537979126
sub-cp032_ses-20211105_level-03B_run-002,sub-cp032,5,hybrid,2000,45,51,50,"{""centroids_per_class"":3,""epochs"":1,""learning_rate"":0.1,""margin_threshold"":0.0}",2,2,3.0,0.05,2.3729414467859713,2.3729414467859713,0.8441505432128906,0.8834580779075623,0.8900088667869568,0.7961114645004272
sub-cp032_ses-20211105_level-03B_run-005,sub-cp032,5,hybrid,2000,45,51,50,"{""centroids_per_class"":3,""epochs"":1,""learning_rate"":0.1,""margin_threshold"":0.0}",2,1,3.0,0.05,2.2824006438295634,2.2824006438295634,0.8505425453186035,0.8762339353561401,0.8713078498840332,0.8032808303833008
sub-cp032_ses-20211105_level-03B_run-011,sub-cp032,5,hybrid,2000,45,51,50,"{""centroids_per_class"":3,""epochs"":1,""learning_rate"":0.1,""margin_threshold"":0.0}",2,2,3.0,0.05,2.456978708769764,2.456978708769764,0.8365824222564697,0.8771811723709106,0.8810917735099792,0.8224747180938721
sub-cp032_ses-20211105_level-04B_run-004,sub-cp032,5,hybrid,2000,45,51,50,"{""centroids_per_class"":3,""epochs"":1,""learning_rate"":0.1,""margin_threshold"":0.0}",3,3,4.0,0.05,3.222252894937302,3.222252894937302,0.8317285180091858,0.8324857950210571,0.8593050837516785,0.9116864800453186
sub-cp032_ses-20211105_level-04B_run-006,sub-cp032,5,hybrid,2000,45,51,50,"{""centroids_per_class"":3,""epochs"":1,""learning_rate"":0.1,""margin_threshold"":0.0}",3,3,4.0,0.05,3.2131639331046697,3.2131639331046697,0.8183177709579468,0.8191125392913818,0.8299636840820312,0.8959212899208069
sub-cp032_ses-20211105_level-04B_run-009,sub-cp032,5,hybrid,2000,45,51,50,"{""centroids_per_class"":3,""epochs"":1,""learning_rate"":0.1,""margin_threshold"":0.0}",3,3,4.0,0.05,3.221748647909021,3.221748647909021,0.8276051878929138,0.824531078338623,0.8654362559318542,0.9074558019638062
sub-cp035_ses-20220125_level-01B_run-001,sub-cp035,5,hybrid,2000,45,51,50,"{""centroids_per_class"":3,""epochs"":1,""learning_rate"":0.1,""margin_threshold"":0.0}",0,1,1.0,0.05,2.011213539762111,2.011213539762111,0.8703311681747437,0.8821624517440796,0.8471474647521973,0.7905766367912292
sub-cp035_ses-20220125_level-01B_run-007,sub-cp035,5,hybrid,2000,45,51,50,"{""centroids_per_class"":3,""epochs"":1,""learning_rate"":0.1,""margin_threshold"":0.0}",0,0,1.0,0.05,1.960465229353134,1.960465229353134,0.8988173604011536,0.8909047842025757,0.872528076171875,0.8049849271774292
sub-cp035_ses-20220125_level-01B_run-012,sub-cp035,5,hybrid,2000,45,51,50,"{""centroids_per_class"":3,""epochs"":1,""learning_rate"":0.1,""margin_threshold"":0.0}",0,0,1.0,0.05,1.9990426751798818,1.9990426751798818,0.8942061066627502,0.8831774592399597,0.8725024461746216,0.8070036768913269
sub-cp035_ses-20220125_level-02B_run-003,sub-cp035,5,hybrid,2000,45,51,50,"{""centroids_per_class"":3,""epochs"":1,""learning_rate"":0.1,""margin_threshold"":0.0}",1,1,2.0,0.05,2.2386714150866482,2.2386714150866482,0.853606104850769,0.8950307965278625,0.8640048503875732,0.8170508742332458
sub-cp035_ses-20220125_level-02B_run-008,sub-cp035,5,hybrid,2000,45,51,50,"{""centroids_per_class"":3,""epochs"":1,""learning_rate"":0.1,""margin_threshold"":0.0}",1,1,2.0,0.05,2.2196244130614695,2.2196244130614695,0.8552745580673218,0.9024158716201782,0.8858166337013245,0.7733694314956665
sub-cp035_ses-20220125_level-02B_run-010,sub-cp035,5,hybrid,2000,45,51,50,"{""centroids_per_class"":3,""epochs"":1,""learning_rate"":0.1,""margin_threshold"":0.0}",1,1,2.0,0.05,2.1302710031504923,2.1302710031504923,0.873703122138977,0.8991907238960266,0.8805984854698181,0.7897536754608154
sub-cp035_ses-20220125_level-03B_run-002,sub-cp035,5,hybrid,2000,45,51,50,"{""centroids_per_class"":3,""epochs"":1,""learning_rate"":0.1,""margin_threshold"":0.0}",2,2,3.0,0.05,2.43299384654729,2.43299384654729,0.8158887624740601,0.836842954158783,0.8533847332000732,0.787667453289032
sub-cp035_ses-20220125_level-03B_run-005,sub-cp035,5,hybrid,2000,45,51,50,"{""centroids_per_class"":3,""epochs"":1,""learning_rate"":0.1,""margin_threshold"":0.0}",2,2,3.0,0.05,2.4872944847271246,2.4872944847271246,0.8376346826553345,0.875399112701416,0.8985705375671387,0.8051512837409973
sub-cp035_ses-20220125_level-03B_run-011,sub-cp035,5,hybrid,2000,45,51,50,"{""centroids_per_class"":3,""epochs"":1,""learning_rate"":0.1,""margin_threshold"":0.0}",2,2,3.0,0.05,2.432842790488584,2.432842790488584,0.8349743485450745,0.8911454677581787,0.901776134967804,0.787513792514801
sub-cp035_ses-20220125_level-04B_run-004,sub-cp035,5,hybrid,2000,45,51,50,"{""centroids_per_class"":3,""epochs"":1,""learning_rate"":0.1,""margin_threshold"":0.0}",3,3,4.0,0.05,3.2158016359628547,3.2158016359628547,0.8215939998626709,0.8228998184204102,0.8329691290855408,0.8996320962905884
sub-cp035_ses-20220125_level-04B_run-006,sub-cp035,5,hybrid,2000,45,51,50,"{""centroids_per_class"":3,""epochs"":1,""learning_rate"":0.1,""margin_threshold"":0.0}",3,3,4.0,0.05,3.192808972957277,3.192808972957277,0.8316652774810791,0.8412681221961975,0.8749562501907349,0.9128814339637756
sub-cp035_ses-20220125_level-04B_run-009,sub-cp035,5,hybrid,2000,45,51,50,"{""centroids_per_class"":3,""epochs"":1,""learning_rate"":0.1,""margin_threshold"":0.0}",3,3,4.0,0.05,3.285050253318435,3.285050253318435,0.8188329935073853,0.8245164752006531,0.8623387217521667,0.9097501635551453
sub-cp005_ses-20210226_level-01B_run-001,sub-cp005,5,hybrid,2000,46,51,50,"{""centroids_per_class"":3,""epochs"":1,""learning_rate"":0.1,""margin_threshold"":0.0}",0,0,1.0,0.05,2.005318226764544,2.005318226764544,0.8617249131202698,0.8572681546211243,0.8376667499542236,0.7808085680007935
sub-cp005_ses-20210226_level-01B_run-007,sub-cp005,5,hybrid,2000,46,51,50,"{""centroids_per_class"":3,""epochs"":1,""learning_rate"":0.1,""margin_threshold"":0.0}",0,1,1.0,0.05,2.0175051084241726,2.0175051084241726,0.8867999911308289,0.9132872819900513,0.8722565174102783,0.7944584488868713
sub-cp005_ses-20210226_level-01B_run-012,sub-cp005,5,hybrid,2000,46,51,50,"{""centroids_per_class"":3,""epochs"":1,""learning_rate"":0.1,""margin_threshold"":0.0}",0,1,1.0,0.05,1.877963021576706,1.877963021576706,0.8996099233627319,0.9030291438102722,0.8636729717254639,0.7816304564476013
sub-cp005_ses-20210226_level-02B_run-003,sub-cp005,5,hybrid,2000,46,51,50,"{""centroids_per_class"":3,""epochs"":1,""learning_rate"":0.1,""margin_threshold"":0.0}",1,2,2.0,0.05,2.603733302284131,2.603733302284131,0.8088468313217163,0.8207347393035889,0.8502052426338196,0.8111919164657593
sub-cp005_ses-20210226_level-02B_run-008,sub-cp005,5,hybrid,2000,46,51,50,"{""centroids_per_class"":3,""epochs"":1,""learning_rate"":0.1,""margin_threshold"":0.0}",1,1,2.0,0.05,2.1612310205823246,2.1612310205823246,0.8633370399475098,0.9198657870292664,0.884737491607666,0.7836797833442688
sub-cp005_ses-20210226_level-02B_run-010,sub-cp005,5,hybrid,2000,46,51,50,"{""centroids_per_class"":3,""epochs"":1,""learning_rate"":0.1,""margin_threshold"":0.0}",1,1,2.0,0.05,2.0762972541886366,2.0762972541886366,0.8846157789230347,0.9287269115447998,0.8797639608383179,0.8088095188140869
sub-cp005_ses-20210226_level-03B_run-002,sub-cp005,5,hybrid,2000,46,51,50,"{""centroids_per_class"":3,""epochs"":1,""learning_rate"":0.1,""margin_threshold"":0.0}",2,3,3.0,0.05,2.9218277531532273,2.9218277531532273,0.7642814517021179,0.782429039478302,0.7589983344078064,0.8183099627494812
sub-cp005_ses-20210226_level-03B_run-005,sub-cp005,5,hybrid,2000,46,51,50,"{""centroids_per_class"":3,""epochs"":1,""learning_rate"":0.1,""margin_threshold"":0.0}",2,2,3.0,0.05,2.5438883216497796,2.5438883216497796,0.8108422160148621,0.8870304822921753,0.8971642851829529,0.8115347623825073
sub-cp005_ses-20210226_level-03B_run-011,sub-cp005,5,hybrid,2000,46,51,50,"{""centroids_per_class"":3,""epochs"":1,""learning_rate"":0.1,""margin_threshold"":0.0}",2,2,3.0,0.05,2.696673024098397,2.696673024098397,0.8337582349777222,0.8743122816085815,0.9114527702331543,0.8507208228111267
sub-cp005_ses-20210226_level-04B_run-004,sub-cp005,5,hybrid,2000,46,51,50,"{""centroids_per_class"":3,""epochs"":1,""learning_rate"":0.1,""margin_threshold"":0.0}",3,3,4.0,0.05,3.0218812942993223,3.0218812942993223,0.7571345567703247,0.7526828646659851,0.7670589685440063,0.8128939270973206
sub-cp005_ses-20210226_level-04B_run-006,sub-cp005,5,hybrid,2000,46,51,50,"{""centroids_per_class"":3,""epochs"":1,""learning_rate"":0.1,""margin_threshold"":0.0}",3,3,4.0,0.05,3.4214549431333103,3.4214549431333103,0.8165094256401062,0.8131834268569946,0.8571338653564453,0.9212620854377747
sub-cp005_ses-20210226_level-04B_run-009,sub-cp005,5,hybrid,2000,46,51,50,"{""centroids_per_class"":3,""epochs"":1,""learning_rate"":0.1,""margin_threshold"":0.0}",3,3,4.0,0.05,2.681663075517947,2.681663075517947,0.8288900852203369,0.8171756863594055,0.8335145711898804,0.846415638923645
sub-cp017_ses-20210521_level-01B_run-001,sub-cp017,5,hybrid,2000,46,51,50,"{""centroids_per_class"":3,""epochs"":1,""learning_rate"":0.1,""margin_threshold"":0.0}",0,1,1.0,0.05,1.951675783946364,1.951675783946364,0.8924627900123596,0.9008040428161621,0.8681060671806335,0.7873977422714233
sub-cp017_ses-20210521_level-01B_run-007,sub-cp017,5,hybrid,2000,46,51,50,"{""centroids_per_class"":3,""epochs"":1,""learning_rate"":0.1,""margin_threshold"":0.0}",0,0,1.0,0.05,1.762219183882686,1.762219183882686,0.8902763724327087,0.889127254486084,0.8379415273666382,0.7324456572532654
sub-cp017_ses-20210521_level-01B_run-012,sub-cp017,5,hybrid,2000,46,51,50,"{""centroids_per_class"":3,""epochs"":1,""learning_rate"":0.1,""margin_threshold"":0.0}",0,0,1.0,0.05,1.7473236037571191,1.7473236037571191,0.8653922080993652,0.8496721386909485,0.8153226375579834,0.7109499573707581
sub-cp017_ses-20210521_level-02B_run-003,sub-cp017,5,hybrid,2000,46,51,50,"{""centroids_per_class"":3,""epochs"":1,""learning_rate"":0.1,""margin_threshold"":0.0}",1,1,2.0,0.05,2.17868392045036,2.17868392045036,0.8502511382102966,0.9280239343643188,0.887330949306488,0.7602372765541077
sub-cp017_ses-20210521_level-02B_run-008,sub-cp017,5,hybrid,2000,46,51,50,"{""centroids_per_class"":3,""epochs"":1,""learning_rate"":0.1,""margin_threshold"":0.0}",1,1,2.0,0.05,2.156185360912162,2.156185360912162,0.817082405090332,0.8775569796562195,0.8395166397094727,0.7351377010345459
sub-cp017_ses-20210521_level-02B_run-010,sub-cp017,5,hybrid,2000,46,51,50,"{""centroids_per_class"":3,""epochs"":1,""learning_rate"":0.1,""margin_threshold"":0.0}",1,1,2.0,0.05,2.0451082489285666,2.0451082489285666,0.8743583559989929,0.9150211811065674,0.8709360957145691,0.7725400924682617
sub-cp017_ses-20210521_level-03B_run-002,sub-cp017,5,hybrid,2000,46,51,50,"{""centroids_per_class"":3,""epochs"":1,""learning_rate"":0.1,""margin_threshold"":0.0}",2,2,3.0,0.05,2.4864830949867445,2.4864830949867445,0.8350086808204651,0.8844020366668701,0.9089688062667847,0.7833737730979919
sub-cp017_ses-20210521_level-03B_run-005,sub-cp017,5,hybrid,2000,46,51,50,"{""centroids_per_class"":3,""epochs"":1,""learning_rate"":0.1,""margin_threshold"":0.0}",2,1,3.0,0.05,2.3554640450276394,2.3554640450276394,0.8565624356269836,0.9059357643127441,0.9026501178741455,0.8131011128425598
sub-cp017_ses-20210521_level-03B_run-011,sub-cp017,5,hybrid,2000,46,51,50,"{""centroids_per_class"":3,""epochs"":1,""learning_rate"":0.1,""margin_threshold"":0.0}",2,2,3.0,0.05,2.6483425868871406,2.6483425868871406,0.8203533291816711,0.8777921795845032,0.9133374094963074,0.8233518004417419
sub-cp017_ses-20210521_level-04B_run-004,sub-cp017,5,hybrid,2000,46,51,50,"{""centroids_per_class"":3,""epochs"":1,""learning_rate"":0.1,""margin_threshold"":0.0}",3,3,4.0,0.05,3.2785955005974285,3.2785955005974285,0.8263346552848816,0.8232631087303162,0.8709914684295654,0.913956880569458
sub-cp017_ses-20210521_level-04B_run-006,sub-cp017,5,hybrid,2000,46,51,50,"{""centroids_per_class"":3,""epochs"":1,""learning_rate"":0.1,""margin_threshold"":0.0}",3,3,4.0,0.05,3.303549777803811,3.303549777803811,0.8214338421821594,0.8403174877166748,0.8622381091117859,0.9188997745513916
sub-cp017_ses-20210521_level-04B_run-009,sub-cp017,5,hybrid,2000,46,51,50,"{""centroids_per_class"":3,""epochs"":1,""learning_rate"":0.1,""margin_threshold"":0.0}",3,3,4.0,0.05,3.24477996681538,3.24477996681538,0.8130378127098083,0.835771381855011,0.8625669479370117,0.9061812162399292
sub-cp022_ses-20210621_level-01B_run-001,sub-cp022,5,hybrid,2000,46,51,50,"{""centroids_per_class"":3,""epochs"":1,""learning_rate"":0.1,""margin_threshold"":0.0}",0,0,1.0,0.05,2.170299834296632,2.170299834296632,0.8597601652145386,0.8510919213294983,0.848723292350769,0.8078696727752686
sub-cp022_ses-20210621_level-01B_run-007,sub-cp022,5,hybrid,2000,46,51,50,"{""centroids_per_class"":3,""epochs"":1,""learning_rate"":0.1,""margin_threshold"":0.0}",0,0,1.0,0.05,2.107014629725879,2.107014629725879,0.8502011895179749,0.8231900334358215,0.8112882971763611,0.8045254945755005
sub-cp022_ses-20210621_level-01B_run-012,sub-cp022,5,hybrid,2000,46,51,50,"{""centroids_per_class"":3,""epochs"":1,""learning_rate"":0.1,""margin_threshold"":0.0}",0,1,1.0,0.05,2.0808803801244866,2.0808803801244866,0.8922131061553955,0.9172704815864563,0.8837661147117615,0.8183579444885254
sub-cp022_ses-20210621_level-02B_run-003,sub-cp022,5,hybrid,2000,46,51,50,"{""centroids_per_class"":3,""epochs"":1,""learning_rate"":0.1,""margin_threshold"":0.0}",1,2,2.0,0.05,2.2968773532510336,2.2968773532510336,0.860140860080719,0.8691365718841553,0.8715551495552063,0.8203740119934082
sub-cp022_ses-20210621_level-02B_run-008,sub-cp022,5,hybrid,2000,46,51,50,"{""centroids_per_class"":3,""epochs"":1,""learning_rate"":0.1,""margin_threshold"":0.0}",1,2,2.0,0.05,2.2959343301228547,2.2959343301228547,0.8563785552978516,0.8482041954994202,0.8621618747711182,0.8157972693443298
sub-cp022_ses-20210621_level-02B_run-010,sub-cp022,5,hybrid,2000,46,51,50,"{""centroids_per_class"":3,""epochs"":1,""learning_rate"":0.1,""margin_threshold"":0.0}",1,2,2.0,0.05,2.584971016235202,2.584971016235202,0.8363162875175476,0.877926230430603,0.8948506712913513,0.8421866297721863
sub-cp022_ses-20210621_level-03B_run-002,sub-cp022,5,hybrid,2000,46,51,50,"{""centroids_per_class"":3,""epochs"":1,""learning_rate"":0.1,""margin_threshold"":0.0}",2,2,3.0,0.05,2.7723068112545795,2.7723068112545795,0.8244189023971558,0.8489148616790771,0.8622124195098877,0.8609272837638855
sub-cp022_ses-20210621_level-03B_run-005,sub-cp022,5,hybrid,2000,46,51,50,"{""centroids_per_class"":3,""epochs"":1,""learning_rate"":0.1,""margin_threshold"":0.0}",2,2,3.0,0.05,2.7214052187650455,2.7214052187650455,0.8299493193626404,0.8522920608520508,0.8868075609207153,0.8518313765525818
sub-cp022_ses-20210621_level-03B_run-011,sub-cp022,5,hybrid,2000,46,51,50,"{""centroids_per_class"":3,""epochs"":1,""learning_rate"":0.1,""margin_threshold"":0.0}",2,2,3.0,0.05,2.6619678778831766,2.6619678778831766,0.8525646924972534,0.8586748838424683,0.8943675756454468,0.8624354004859924
sub-cp022_ses-20210621_level-04B_run-004,sub-cp022,5,hybrid,2000,46,51,50,"{""centroids_per_class"":3,""epochs"":1,""learning_rate"":0.1,""margin_threshold"":0.0}",3,3,4.0,0.05,3.0010397811845335,3.0010397811845335,0.8247655630111694,0.836837887763977,0.8448414206504822,0.8841640949249268
sub-cp022_ses-20210621_level-04B_run-006,sub-cp022,5,hybrid,2000,46,51,50,"{""centroids_per_class"":3,""epochs"":1,""learning_rate"":0.1,""margin_threshold"":0.0}",3,3,4.0,0.05,2.7825515407615766,2.7825515407615766,0.8230094313621521,0.8480358123779297,0.8274117708206177,0.8652909398078918
sub-cp022_ses-20210621_level-04B_run-009,sub-cp022,5,hybrid,2000,46,51,50,"{""centroids_per_class"":3,""epochs"":1,""learning_rate"":0.1,""margin_threshold"":0.0}",3,3,4.0,0.05,3.1932296207582325,3.1932296207582325,0.8025408983230591,0.8348996639251709,0.8605864644050598,0.8946348428726196
sub-cp028_ses-20211214_level-01B_run-001,sub-cp028,5,hybrid,2000,46,51,50,"{""centroids_per_class"":3,""epochs"":1,""learning_rate"":0.1,""margin_threshold"":0.0}",0,1,1.0,0.05,2.093973290500037,2.093973290500037,0.831936776638031,0.8518533110618591,0.8302906155586243,0.7482194900512695
sub-cp028_ses-20211214_level-01B_run-007,sub-cp028,5,hybrid,2000,46,51,50,"{""centroids_per_class"":3,""epochs"":1,""learning_rate"":0.1,""margin_threshold"":0.0}",0,0,1.0,0.05,1.8386170196639628,1.8386170196639628,0.8947787880897522,0.8622418642044067,0.8588196039199829,0.7728515863418579
sub-cp028_ses-20211214_level-01B_run-012,sub-cp028,5,hybrid,2000,46,51,50,"{""centroids_per_class"":3,""epochs"":1,""learning_rate"":0.1,""margin_threshold"":0.0}",0,0,1.0,0.05,1.8036471944405235,1.8036471944405235,0.8027079701423645,0.7524886131286621,0.7423348426818848,0.7142029404640198
sub-cp028_ses-20211214_level-02B_run-003,sub-cp028,5,hybrid,2000,46,51,50,"{""centroids_per_class"":3,""epochs"":1,""learning_rate"":0.1,""margin_threshold"":0.0}",1,1,2.0,0.05,2.312991227977911,2.312991227977911,0.8408557176589966,0.8933008909225464,0.881621778011322,0.7934646606445312
sub-cp028_ses-20211214_level-02B_run-008,sub-cp028,5,hybrid,2000,46,51,50,"{""centroids_per_class"":3,""epochs"":1,""learning_rate"":0.1,""margin_threshold"":0.0}",1,1,2.0,0.05,1.9935425518662027,1.9935425518662027,0.8607423305511475,0.887401282787323,0.8382306694984436,0.7721214890480042
sub-cp028_ses-20211214_level-02B_run-010,sub-cp028,5,hybrid,2000,46,51,50,"{""centroids_per_class"":3,""epochs"":1,""learning_rate"":0.1,""margin_threshold"":0.0}",1,1,2.0,0.05,2.080050869528196,2.080050869528196,0.8864374160766602,0.9078696966171265,0.8870146870613098,0.788782000541687
sub-cp028_ses-20211214_level-03B_run-002,sub-cp028,5,hybrid,2000,46,51,50,"{""centroids_per_class"":3,""epochs"":1,""learning_rate"":0.1,""margin_threshold"":0.0}",2,2,3.0,0.05,2.572043001973537,2.572043001973537,0.8015376329421997,0.8569828271865845,0.8845901489257812,0.7862980961799622
sub-cp028_ses-20211214_level-03B_run-005,sub-cp028,5,hybrid,2000,46,51,50,"{""centroids_per_class"":3,""epochs"":1,""learning_rate"":0.1,""margin_threshold"":0.0}",2,2,3.0,0.05,2.416565980806105,2.416565980806105,0.840924859046936,0.8876678347587585,0.8966311812400818,0.80009925365448
sub-cp028_ses-20211214_level-03B_run-011,sub-cp028,5,hybrid,2000,46,51,50,"{""centroids_per_class"":3,""epochs"":1,""learning_rate"":0.1,""margin_threshold"":0.0}",2,2,3.0,0.05,2.5348522129461952,2.5348522129461952,0.8351463079452515,0.8894832134246826,0.9004151225090027,0.8330326676368713
sub-cp028_ses-20211214_level-04B_run-004,sub-cp028,5,hybrid,2000,46,51,50,"{""centroids_per_class"":3,""epochs"":1,""learning_rate"":0.1,""margin_threshold"":0.0}",3,3,4.0,0.05,3.317959058997328,3.317959058997328,0.826695442199707,0.8202170133590698,0.8543301224708557,0.9154964685440063
sub-cp028_ses-20211214_level-04B_run-006,sub-cp028,5,hybrid,2000,46,51,50,"{""centroids_per_class"":3,""epochs"":1,""learning_rate"":0.1,""margin_threshold"":0.0}",3,3,4.0,0.05,2.99736576599675,2.99736576599675,0.8351541757583618,0.8169039487838745,0.8449748754501343,0.8844350576400757
sub-cp028_ses-20211214_level-04B_run-009,sub-cp028,5,hybrid,2000,46,51,50,"{""centroids_per_class"":3,""epochs"":1,""learning_rate"":0.1,""margin_threshold"":0.0}",3,3,4.0,0.05,2.698100593125229,2.698100593125229,0.8525967001914978,0.8193557858467102,0.8494395613670349,0.8680604100227356
sub-cp030_ses-20211025_level-01B_run-001,sub-cp030,5,hybrid,2000,46,51,50,"{""centroids_per_class"":3,""epochs"":1,""learning_rate"":0.1,""margin_threshold"":0.0}",0,0,1.0,0.05,2.0343641008373874,2.0343641008373874,0.8503405451774597,0.8066276907920837,0.8290078043937683,0.7729886770248413
sub-cp030_ses-20211025_level-01B_run-007,sub-cp030,5,hybrid,2000,46,51,50,"{""centroids_per_class"":3,""epochs"":1,""learning_rate"":0.1,""margin_threshold"":0.0}",0,0,1.0,0.05,1.7780029696117068,1.7780029696117068,0.8638278245925903,0.8287047743797302,0.8088090419769287,0.7568259239196777
sub-cp030_ses-20211025_level-01B_run-012,sub-cp030,5,hybrid,2000,46,51,50,"{""centroids_per_class"":3,""epochs"":1,""learning_rate"":0.1,""margin_threshold"":0.0}",0,0,1.0,0.05,1.8376429642254812,1.8376429642254812,0.8479362726211548,0.816244900226593,0.804226815700531,0.7432699799537659
sub-cp030_ses-20211025_level-02B_run-003,sub-cp030,5,hybrid,2000,46,51,50,"{""centroids_per_class"":3,""epochs"":1,""learning_rate"":0.1,""margin_threshold"":0.0}",1,0,2.0,0.05,2.1853739279511872,2.1853739279511872,0.8249415159225464,0.8003824353218079,0.8201360702514648,0.7660517692565918
sub-cp030_ses-20211025_level-02B_run-008,sub-cp030,5,hybrid,2000,46,51,50,"{""centroids_per_class"":3,""epochs"":1,""learning_rate"":0.1,""margin_threshold"":0.0}",1,1,2.0,0.05,2.1532648780236956,2.1532648780236956,0.8543362617492676,0.8780773282051086,0.8651305437088013,0.7710179686546326
sub-cp030_ses-20211025_level-02B_run-010,sub-cp030,5,hybrid,2000,46,51,50,"{""centroids_per_class"":3,""epochs"":1,""learning_rate"":0.1,""margin_threshold"":0.0}",1,1,2.0,0.05,2.083623720138547,2.083623720138547,0.8499113321304321,0.8671242594718933,0.8472257256507874,0.7624325752258301
sub-cp030_ses-20211025_level-03B_run-002,sub-cp030,5,hybrid,2000,46,51,50,"{""centroids_per_class"":3,""epochs"":1,""learning_rate"":0.1,""margin_threshold"":0.0}",2,2,3.0,0.05,2.435862186685747,2.435862186685747,0.8044182658195496,0.7928677797317505,0.8047518134117126,0.7917436957359314
sub-cp030_ses-20211025_level-03B_run-011,sub-cp030,5,hybrid,2000,46,51,50,"{""centroids_per_class"":3,""epochs"":1,""learning_rate"":0.1,""margin_threshold"":0.0}",2,2,3.0,0.05,2.714632931120068,2.714632931120068,0.82448410987854,0.8511882424354553,0.8941239714622498,0.8408971428871155
sub-cp030_ses-20211025_level-04B_run-004,sub-cp030,5,hybrid,2000,46,51,50,"{""centroids_per_class"":3,""epochs"":1,""learning_rate"":0.1,""margin_threshold"":0.0}",3,0,4.0,0.05,2.5620815544000033,2.5620815544000033,0.7956949472427368,0.7538577318191528,0.7888422012329102,0.7951980233192444
sub-cp030_ses-20211025_level-04B_run-006,sub-cp030,5,hybrid,2000,46,51,50,"{""centroids_per_class"":3,""epochs"":1,""learning_rate"":0.1,""margin_threshold"":0.0}",3,3,4.0,0.05,2.928307178954199,2.928307178954199,0.7754828333854675,0.7736222743988037,0.7704087495803833,0.8227449059486389
sub-cp030_ses-20211025_level-04B_run-009,sub-cp030,5,hybrid,2000,46,51,50,"{""centroids_per_class"":3,""epochs"":1,""learning_rate"":0.1,""margin_threshold"":0.0}",3,3,4.0,0.05,3.135865130200433,3.135865130200433,0.8144256472587585,0.8345338702201843,0.8113483190536499,0.8905619382858276
sub-cp032_ses-20211105_level-01B_run-001,sub-cp032,5,hybrid,2000,46,51,50,"{""centroids_per_class"":3,""epochs"":1,""learning_rate"":0.1,""margin_threshold"":0.0}",0,1,1.0,0.05,2.1918068497107437,2.1918068497107437,0.8710006475448608,0.894228458404541,0.8773257732391357,0.8141350150108337
sub-cp032_ses-20211105_level-01B_run-007,sub-cp032,5,hybrid,2000,46,51,50,"{""centroids_per_class"":3,""epochs"":1,""learning_rate"":0.1,""margin_threshold"":0.0}",0,1,1.0,0.05,2.130709355399265,2.130709355399265,0.8694090843200684,0.8758309483528137,0.863655686378479,0.8039246201515198
sub-cp032_ses-20211105_level-01B_run-012,sub-cp032,5,hybrid,2000,46,51,50,"{""centroids_per_class"":3,""epochs"":1,""learning_rate"":0.1,""margin_threshold"":0.0}",0,0,1.0,0.05,1.9488857983537995,1.9488857983537995,0.8911514282226562,0.8692185878753662,0.8538119792938232,0.8115963339805603
sub-cp032_ses-20211105_level-02B_run-003,sub-cp032,5,hybrid,2000,46,51,50,"{""centroids_per_class"":3,""epochs"":1,""learning_rate"":0.1,""margin_threshold"":0.0}",1,1,2.0,0.05,2.275034493300479,2.275034493300479,0.8600189685821533,0.9004372954368591,0.8757658004760742,0.8274322152137756
sub-cp032_ses-20211105_level-02B_run-008,sub-cp032,5,hybrid,2000,46,51,50,"{""centroids_per_class"":3,""epochs"":1,""learning_rate"":0.1,""margin_threshold"":0.0}",1,1,2.0,0.05,2.2530386051075335,2.2530386051075335,0.8565281629562378,0.9019583463668823,0.8710980415344238,0.8223070502281189
sub-cp032_ses-20211105_level-02B_run-010,sub-cp032,5,hybrid,2000,46,51,50,"{""centroids_per_class"":3,""epochs"":1,""learning_rate"":0.1,""margin_threshold"":0.0}",1,1,2.0,0.05,2.1524841257625096,2.1524841257625096,0.8518602848052979,0.8956139087677002,0.855026125907898,0.7968930602073669
sub-cp032_ses-20211105_level-03B_run-002,sub-cp032,5,hybrid,2000,46,51,50,"{""centroids_per_class"":3,""epochs"":1,""learning_rate"":0.1,""margin_threshold"":0.0}",2,2,3.0,0.05,2.526277228004405,2.526277228004405,0.8220826387405396,0.8935949206352234,0.9016750454902649,0.8194686770439148
sub-cp032_ses-20211105_level-03B_run-005,sub-cp032,5,hybrid,2000,46,51,50,"{""centroids_per_class"":3,""epochs"":1,""learning_rate"":0.1,""margin_threshold"":0.0}",2,1,3.0,0.05,2.3786104714459113,2.3786104714459113,0.8505920171737671,0.9036446809768677,0.8881677389144897,0.8336370587348938
sub-cp032_ses-20211105_level-03B_run-011,sub-cp032,5,hybrid,2000,46,51,50,"{""centroids_per_class"":3,""epochs"":1,""learning_rate"":0.1,""margin_threshold"":0.0}",2,1,3.0,0.05,2.5408508968099937,2.5408508968099937,0.8384953737258911,0.8999708294868469,0.896329939365387,0.8524916768074036
sub-cp032_ses-20211105_level-04B_run-004,sub-cp032,5,hybrid,2000,46,51,50,"{""centroids_per_class"":3,""epochs"":1,""learning_rate"":0.1,""margin_threshold"":0.0}",3,3,4.0,0.05,3.2115369890674255,3.2115369890674255,0.8262226581573486,0.8452594876289368,0.8783514499664307,0.9142400026321411
sub-cp032_ses-20211105_level-04B_run-006,sub-cp032,5,hybrid,2000,46,51,50,"{""centroids_per_class"":3,""epochs"":1,""learning_rate"":0.1,""margin_threshold"":0.0}",3,3,4.0,0.05,3.361944711385817,3.361944711385817,0.8143069744110107,0.8142975568771362,0.8589380979537964,0.9131559133529663
sub-cp032_ses-20211105_level-04B_run-009,sub-cp032,5,hybrid,2000,46,51,50,"{""centroids_per_class"":3,""epochs"":1,""learning_rate"":0.1,""margin_threshold"":0.0}",3,3,4.0,0.05,3.297417423483604,3.297417423483604,0.8230810761451721,0.8370012044906616,0.8731038570404053,0.9193710684776306
sub-cp035_ses-20220125_level-01B_run-001,sub-cp035,5,hybrid,2000,46,51,50,"{""centroids_per_class"":3,""epochs"":1,""learning_rate"":0.1,""margin_threshold"":0.0}",0,1,1.0,0.05,2.201323784552933,2.201323784552933,0.863777756690979,0.8829982876777649,0.8726513981819153,0.8039152026176453
sub-cp035_ses-20220125_level-01B_run-007,sub-cp035,5,hybrid,2000,46,51,50,"{""centroids_per_class"":3,""epochs"":1,""learning_rate"":0.1,""margin_threshold"":0.0}",0,0,1.0,0.05,1.8685085322104271,1.8685085322104271,0.9059188961982727,0.8924473524093628,0.8660629987716675,0.8003756403923035
sub-cp035_ses-20220125_level-01B_run-012,sub-cp035,5,hybrid,2000,46,51,50,"{""centroids_per_class"":3,""epochs"":1,""learning_rate"":0.1,""margin_threshold"":0.0}",0,0,1.0,0.05,2.055935118772905,2.055935118772905,0.8911871314048767,0.8879566192626953,0.8657240271568298,0.8272354602813721
sub-cp035_ses-20220125_level-02B_run-003,sub-cp035,5,hybrid,2000,46,51,50,"{""centroids_per_class"":3,""epochs"":1,""learning_rate"":0.1,""margin_threshold"":0.0}",1,1,2.0,0.05,2.344242043539136,2.344242043539136,0.8574509620666504,0.9053378701210022,0.887686550617218,0.8342353105545044
sub-cp035_ses-20220125_level-02B_run-008,sub-cp035,5,hybrid,2000,46,51,50,"{""centroids_per_class"":3,""epochs"":1,""learning_rate"":0.1,""margin_threshold"":0.0}",1,1,2.0,0.05,2.109358290856247,2.109358290856247,0.8683841824531555,0.9184696674346924,0.8774799108505249,0.7824208736419678
sub-cp035_ses-20220125_level-02B_run-010,sub-cp035,5,hybrid,2000,46,51,50,"{""centroids_per_class"":3,""epochs"":1,""learning_rate"":0.1,""margin_threshold"":0.0}",1,1,2.0,0.05,2.1391077690041462,2.1391077690041462,0.8743693828582764,0.9044586420059204,0.8804580569267273,0.8000195026397705
sub-cp035_ses-20220125_level-03B_run-002,sub-cp035,5,hybrid,2000,46,51,50,"{""centroids_per_class"":3,""epochs"":1,""learning_rate"":0.1,""margin_threshold"":0.0}",2,2,3.0,0.05,2.4801097430595176,2.4801097430595176,0.8012936115264893,0.8454914689064026,0.8530519008636475,0.7885698676109314
sub-cp035_ses-20220125_level-03B_run-005,sub-cp035,5,hybrid,2000,46,51,50,"{""centroids_per_class"":3,""epochs"":1,""learning_rate"":0.1,""margin_threshold"":0.0}",2,2,3.0,0.05,2.613424576812805,2.613424576812805,0.8320595026016235,0.8893226385116577,0.9123724102973938,0.839679479598999
sub-cp035_ses-20220125_level-03B_run-011,sub-cp035,5,hybrid,2000,46,51,50,"{""centroids_per_class"":3,""epochs"":1,""learning_rate"":0.1,""margin_threshold"":0.0}",2,2,3.0,0.05,2.471135923310626,2.471135923310626,0.8395664095878601,0.9016566276550293,0.9069409370422363,0.8215920329093933
sub-cp035_ses-20220125_level-04B_run-004,sub-cp035,5,hybrid,2000,46,51,50,"{""centroids_per_class"":3,""epochs"":1,""learning_rate"":0.1,""margin_threshold"":0.0}",3,3,4.0,0.05,3.2851088960205743,3.2851088960205743,0.8082355856895447,0.8307576179504395,0.8640091419219971,0.907173216342926
sub-cp035_ses-20220125_level-04B_run-006,sub-cp035,5,hybrid,2000,46,51,50,"{""centroids_per_class"":3,""epochs"":1,""learning_rate"":0.1,""margin_threshold"":0.0}",3,3,4.0,0.05,3.2940704038850424,3.2940704038850424,0.8290333151817322,0.831653892993927,0.8772464394569397,0.9208548665046692
sub-cp035_ses-20220125_level-04B_run-009,sub-cp035,5,hybrid,2000,46,51,50,"{""centroids_per_class"":3,""epochs"":1,""learning_rate"":0.1,""margin_threshold"":0.0}",3,3,4.0,0.05,3.327950648511339,3.327950648511339,0.818141520023346,0.8316962718963623,0.877123236656189,0.9198294281959534
sub-cp005_ses-20210226_level-01B_run-001,sub-cp005,5,hybrid,5000,42,51,50,"{""centroids_per_class"":3,""epochs"":1,""learning_rate"":0.1,""margin_threshold"":0.0}",0,0,1.0,0.05,1.9902540168702627,1.9902540168702627,0.8708224892616272,0.8379561901092529,0.8499680757522583,0.7789219617843628
sub-cp005_ses-20210226_level-01B_run-007,sub-cp005,5,hybrid,5000,42,51,50,"{""centroids_per_class"":3,""epochs"":1,""learning_rate"":0.1,""margin_threshold"":0.0}",0,0,1.0,0.05,1.8407857965730052,1.8407857965730052,0.9099025130271912,0.9086648225784302,0.8700651526451111,0.7806839942932129
sub-cp005_ses-20210226_level-01B_run-012,sub-cp005,5,hybrid,5000,42,51,50,"{""centroids_per_class"":3,""epochs"":1,""learning_rate"":0.1,""margin_threshold"":0.0}",0,0,1.0,0.05,1.7157399592209504,1.7157399592209504,0.9173006415367126,0.9029291868209839,0.8553740978240967,0.7741027474403381
sub-cp005_ses-20210226_level-02B_run-003,sub-cp005,5,hybrid,5000,42,51,50,"{""centroids_per_class"":3,""epochs"":1,""learning_rate"":0.1,""margin_threshold"":0.0}",1,2,2.0,0.05,2.4567967732400224,2.4567967732400224,0.8076096773147583,0.8233575820922852,0.8244537115097046,0.7998703718185425
sub-cp005_ses-20210226_level-02B_run-008,sub-cp005,5,hybrid,5000,42,51,50,"{""centroids_per_class"":3,""epochs"":1,""learning_rate"":0.1,""margin_threshold"":0.0}",1,1,2.0,0.05,2.092638895396374,2.092638895396374,0.8783493041992188,0.9348182678222656,0.8905941843986511,0.7703782320022583
sub-cp005_ses-20210226_level-02B_run-010,sub-cp005,5,hybrid,5000,42,51,50,"{""centroids_per_class"":3,""epochs"":1,""learning_rate"":0.1,""margin_threshold"":0.0}",1,1,2.0,0.05,2.0885966248227184,2.0885966248227184,0.8848692178726196,0.906201958656311,0.8840631246566772,0.7966654896736145
sub-cp005_ses-20210226_level-03B_run-002,sub-cp005,5,hybrid,5000,42,51,50,"{""centroids_per_class"":3,""epochs"":1,""learning_rate"":0.1,""margin_threshold"":0.0}",2,3,3.0,0.05,2.888553706208496,2.888553706208496,0.7712764739990234,0.7752548456192017,0.7947966456413269,0.8151405453681946
sub-cp005_ses-20210226_level-03B_run-005,sub-cp005,5,hybrid,5000,42,51,50,"{""centroids_per_class"":3,""epochs"":1,""learning_rate"":0.1,""margin_threshold"":0.0}",2,2,3.0,0.05,2.4451515057084072,2.4451515057084072,0.8299366235733032,0.8798689246177673,0.888503909111023,0.800525963306427
sub-cp005_ses-20210226_level-03B_run-011,sub-cp005,5,hybrid,5000,42,51,50,"{""centroids_per_class"":3,""epochs"":1,""learning_rate"":0.1,""margin_threshold"":0.0}",2,2,3.0,0.05,2.5469890982066232,2.5469890982066232,0.857284426689148,0.8675910234451294,0.9005441665649414,0.8452888131141663
sub-cp005_ses-20210226_level-04B_run-004,sub-cp005,5,hybrid,5000,42,51,50,"{""centroids_per_class"":3,""epochs"":1,""learning_rate"":0.1,""margin_threshold"":0.0}",3,3,4.0,0.05,3.075668210336424,3.075668210336424,0.7576580047607422,0.7557044625282288,0.7939339876174927,0.820777177810669
sub-cp005_ses-20210226_level-04B_run-006,sub-cp005,5,hybrid,5000,42,51,50,"{""centroids_per_class"":3,""epochs"":1,""learning_rate"":0.1,""margin_threshold"":0.0}",3,3,4.0,0.05,3.3821297718683114,3.3821297718683114,0.8211102485656738,0.820949912071228,0.8521592020988464,0.9200633764266968
sub-cp005_ses-20210226_level-04B_run-009,sub-cp005,5,hybrid,5000,42,51,50,"{""centroids_per_class"":3,""epochs"":1,""learning_rate"":0.1,""margin_threshold"":0.0}",3,3,4.0,0.05,2.9380926629861346,2.9380926629861346,0.836965799331665,0.8241622447967529,0.8497005701065063,0.8814370036125183
sub-cp017_ses-20210521_level-01B_run-001,sub-cp017,5,hybrid,5000,42,51,50,"{""centroids_per_class"":3,""epochs"":1,""learning_rate"":0.1,""margin_threshold"":0.0}",0,0,1.0,0.05,1.7666226739627386,1.7666226739627386,0.9167451858520508,0.9027966260910034,0.8634259700775146,0.7866202592849731
sub-cp017_ses-20210521_level-01B_run-007,sub-cp017,5,hybrid,5000,42,51,50,"{""centroids_per_class"":3,""epochs"":1,""learning_rate"":0.1,""margin_threshold"":0.0}",0,1,1.0,0.05,1.8008828409396669,1.8008828409396669,0.8869324922561646,0.8947708010673523,0.8396454453468323,0.7335100173950195
sub-cp017_ses-20210521_level-01B_run-012,sub-cp017,5,hybrid,5000,42,51,50,"{""centroids_per_class"":3,""epochs"":1,""learning_rate"":0.1,""margin_threshold"":0.0}",0,1,1.0,0.05,1.8651264369494098,1.8651264369494098,0.8554419875144958,0.8659011721611023,0.8195199966430664,0.7211793661117554
sub-cp017_ses-20210521_level-02B_run-003,sub-cp017,5,hybrid,5000,42,51,50,"{""centroids_per_class"":3,""epochs"":1,""learning_rate"":0.1,""margin_threshold"":0.0}",1,1,2.0,0.05,2.180426968302563,2.180426968302563,0.8603648543357849,0.9295622706413269,0.89801424741745,0.7388730645179749
sub-cp017_ses-20210521_level-02B_run-008,sub-cp017,5,hybrid,5000,42,51,50,"{""centroids_per_class"":3,""epochs"":1,""learning_rate"":0.1,""margin_threshold"":0.0}",1,1,2.0,0.05,2.1284458940559485,2.1284458940559485,0.8198099136352539,0.8813357353210449,0.838640570640564,0.7279324531555176
sub-cp017_ses-20210521_level-02B_run-010,sub-cp017,5,hybrid,5000,42,51,50,"{""centroids_per_class"":3,""epochs"":1,""learning_rate"":0.1,""margin_threshold"":0.0}",1,1,2.0,0.05,1.9605047392955903,1.9605047392955903,0.8823632597923279,0.9186227321624756,0.8589499592781067,0.7728356719017029
sub-cp017_ses-20210521_level-03B_run-002,sub-cp017,5,hybrid,5000,42,51,50,"{""centroids_per_class"":3,""epochs"":1,""learning_rate"":0.1,""margin_threshold"":0.0}",2,2,3.0,0.05,2.4739968564147232,2.4739968564147232,0.8318074345588684,0.8787022233009338,0.9073202610015869,0.7510040402412415
sub-cp017_ses-20210521_level-03B_run-005,sub-cp017,5,hybrid,5000,42,51,50,"{""centroids_per_class"":3,""epochs"":1,""learning_rate"":0.1,""margin_threshold"":0.0}",2,2,3.0,0.05,2.2607048732531694,2.2607048732531694,0.8749268651008606,0.8984581828117371,0.9032126069068909,0.7983992099761963
sub-cp017_ses-20210521_level-03B_run-011,sub-cp017,5,hybrid,5000,42,51,50,"{""centroids_per_class"":3,""epochs"":1,""learning_rate"":0.1,""margin_threshold"":0.0}",2,2,3.0,0.05,2.4991890829942434,2.4991890829942434,0.8438820838928223,0.8831923007965088,0.9149253964424133,0.7910029292106628
sub-cp017_ses-20210521_level-04B_run-004,sub-cp017,5,hybrid,5000,42,51,50,"{""centroids_per_class"":3,""epochs"":1,""learning_rate"":0.1,""margin_threshold"":0.0}",3,3,4.0,0.05,3.2042295900034325,3.2042295900034325,0.8358416557312012,0.8350247144699097,0.8605877757072449,0.9130032062530518
sub-cp017_ses-20210521_level-04B_run-006,sub-cp017,5,hybrid,5000,42,51,50,"{""centroids_per_class"":3,""epochs"":1,""learning_rate"":0.1,""margin_threshold"":0.0}",3,3,4.0,0.05,3.2922797828570705,3.2922797828570705,0.8172442317008972,0.8166160583496094,0.8430672287940979,0.9045678973197937
sub-cp017_ses-20210521_level-04B_run-009,sub-cp017,5,hybrid,5000,42,51,50,"{""centroids_per_class"":3,""epochs"":1,""learning_rate"":0.1,""margin_threshold"":0.0}",3,3,4.0,0.05,3.0925318324388864,3.0925318324388864,0.8419429659843445,0.8242530822753906,0.845677375793457,0.9010440111160278
sub-cp022_ses-20210621_level-01B_run-001,sub-cp022,5,hybrid,5000,42,51,50,"{""centroids_per_class"":3,""epochs"":1,""learning_rate"":0.1,""margin_threshold"":0.0}",0,0,1.0,0.05,2.226710020346105,2.226710020346105,0.8716933131217957,0.8455208539962769,0.8447223901748657,0.8383433222770691
sub-cp022_ses-20210621_level-01B_run-007,sub-cp022,5,hybrid,5000,42,51,50,"{""centroids_per_class"":3,""epochs"":1,""learning_rate"":0.1,""margin_threshold"":0.0}",0,0,1.0,0.05,2.25966685827343,2.25966685827343,0.8591224551200867,0.8460087776184082,0.8335406184196472,0.832192063331604
sub-cp022_ses-20210621_level-01B_run-012,sub-cp022,5,hybrid,5000,42,51,50,"{""centroids_per_class"":3,""epochs"":1,""learning_rate"":0.1,""margin_threshold"":0.0}",0,2,1.0,0.05,2.182026741003641,2.182026741003641,0.8858537673950195,0.888826310634613,0.8907014727592468,0.8186352252960205
sub-cp022_ses-20210621_level-02B_run-003,sub-cp022,5,hybrid,5000,42,51,50,"{""centroids_per_class"":3,""epochs"":1,""learning_rate"":0.1,""margin_threshold"":0.0}",1,0,2.0,0.05,2.1995875282741006,2.1995875282741006,0.8788249492645264,0.8580323457717896,0.8543896675109863,0.8407232761383057
sub-cp022_ses-20210621_level-02B_run-008,sub-cp022,5,hybrid,5000,42,51,50,"{""centroids_per_class"":3,""epochs"":1,""learning_rate"":0.1,""margin_threshold"":0.0}",1,0,2.0,0.05,2.3882906699723527,2.3882906699723527,0.8529054522514343,0.8510623574256897,0.8454647660255432,0.8396104574203491
sub-cp022_ses-20210621_level-02B_run-010,sub-cp022,5,hybrid,5000,42,51,50,"{""centroids_per_class"":3,""epochs"":1,""learning_rate"":0.1,""margin_threshold"":0.0}",1,2,2.0,0.05,2.472890146153735,2.472890146153735,0.862069845199585,0.876966118812561,0.8897165656089783,0.8497498035430908
sub-cp022_ses-20210621_level-03B_run-002,sub-cp022,5,hybrid,5000,42,51,50,"{""centroids_per_class"":3,""epochs"":1,""learning_rate"":0.1,""margin_threshold"":0.0}",2,3,3.0,0.05,2.820631697902065,2.820631697902065,0.8401660323143005,0.8584739565849304,0.8749730587005615,0.8805378079414368
sub-cp022_ses-20210621_level-03B_run-005,sub-cp022,5,hybrid,5000,42,51,50,"{""centroids_per_class"":3,""epochs"":1,""learning_rate"":0.1,""margin_threshold"":0.0}",2,2,3.0,0.05,2.665024577785581,2.665024577785581,0.8410962224006653,0.8424424529075623,0.8869221210479736,0.847274899482727
sub-cp022_ses-20210621_level-03B_run-011,sub-cp022,5,hybrid,5000,42,51,50,"{""centroids_per_class"":3,""epochs"":1,""learning_rate"":0.1,""margin_threshold"":0.0}",2,2,3.0,0.05,2.6606181679094028,2.6606181679094028,0.8647636771202087,0.8502835631370544,0.8900403380393982,0.8734179139137268
sub-cp022_ses-20210621_level-04B_run-004,sub-cp022,5,hybrid,5000,42,51,50,"{""centroids_per_class"":3,""epochs"":1,""learning_rate"":0.1,""margin_threshold"":0.0}",3,3,4.0,0.05,3.119882936123746,3.119882936123746,0.8345875144004822,0.8409099578857422,0.8716796636581421,0.9056053161621094
sub-cp022_ses-20210621_level-04B_run-006,sub-cp022,5,hybrid,5000,42,51,50,"{""centroids_per_class"":3,""epochs"":1,""learning_rate"":0.1,""margin_threshold"":0.0}",3,3,4.0,0.05,3.0736656970065637,3.0736656970065637,0.8098692297935486,0.829772412776947,0.844352126121521,0.8806960582733154
sub-cp022_ses-20210621_level-04B_run-009,sub-cp022,5,hybrid,5000,42,51,50,"{""centroids_per_class"":3,""epochs"":1,""learning_rate"":0.1,""margin_threshold"":0.0}",3,3,4.0,0.05,3.1084047696560133,3.1084047696560133,0.8221694827079773,0.8355123400688171,0.8592739105224609,0.894439160823822
sub-cp028_ses-20211214_level-01B_run-001,sub-cp028,5,hybrid,5000,42,51,50,"{""centroids_per_class"":3,""epochs"":1,""learning_rate"":0.1,""margin_threshold"":0.0}",0,1,1.0,0.05,1.9270168146561102,1.9270168146561102,0.8396098613739014,0.8421435356140137,0.8062256574630737,0.7429471611976624
sub-cp028_ses-20211214_level-01B_run-007,sub-cp028,5,hybrid,5000,42,51,50,"{""centroids_per_class"":3,""epochs"":1,""learning_rate"":0.1,""margin_threshold"":0.0}",0,0,1.0,0.05,1.8790793460303405,1.8790793460303405,0.8829373717308044,0.8357577919960022,0.8435248732566833,0.7887465357780457
sub-cp028_ses-20211214_level-01B_run-012,sub-cp028,5,hybrid,5000,42,51,50,"{""centroids_per_class"":3,""epochs"":1,""learning_rate"":0.1,""margin_threshold"":0.0}",0,0,1.0,0.05,1.7355623888085183,1.7355623888085183,0.8513821959495544,0.8034157752990723,0.7591677308082581,0.7688134908676147
sub-cp028_ses-20211214_level-02B_run-003,sub-cp028,5,hybrid,5000,42,51,50,"{""centroids_per_class"":3,""epochs"":1,""learning_rate"":0.1,""margin_threshold"":0.0}",1,1,2.0,0.05,2.173756392319558,2.173756392319558,0.8504597544670105,0.8992317914962769,0.8708963990211487,0.773419201374054
sub-cp028_ses-20211214_level-02B_run-008,sub-cp028,5,hybrid,5000,42,51,50,"{""centroids_per_class"":3,""epochs"":1,""learning_rate"":0.1,""margin_threshold"":0.0}",1,1,2.0,0.05,1.9320748584828125,1.9320748584828125,0.879519522190094,0.8877515196800232,0.8517144918441772,0.7717533111572266
sub-cp028_ses-20211214_level-02B_run-010,sub-cp028,5,hybrid,5000,42,51,50,"{""centroids_per_class"":3,""epochs"":1,""learning_rate"":0.1,""margin_threshold"":0.0}",1,1,2.0,0.05,2.0605800445169558,2.0605800445169558,0.8807177543640137,0.9011055827140808,0.8789307475090027,0.7773184776306152
sub-cp028_ses-20211214_level-03B_run-002,sub-cp028,5,hybrid,5000,42,51,50,"{""centroids_per_class"":3,""epochs"":1,""learning_rate"":0.1,""margin_threshold"":0.0}",2,2,3.0,0.05,2.4441362521895416,2.4441362521895416,0.8158888220787048,0.8668015003204346,0.880764365196228,0.7714029550552368
sub-cp028_ses-20211214_level-03B_run-005,sub-cp028,5,hybrid,5000,42,51,50,"{""centroids_per_class"":3,""epochs"":1,""learning_rate"":0.1,""margin_threshold"":0.0}",2,2,3.0,0.05,2.3964968986653967,2.3964968986653967,0.8568906784057617,0.88751620054245,0.9117292165756226,0.7764464616775513
sub-cp028_ses-20211214_level-03B_run-011,sub-cp028,5,hybrid,5000,42,51,50,"{""centroids_per_class"":3,""epochs"":1,""learning_rate"":0.1,""margin_threshold"":0.0}",2,2,3.0,0.05,2.4602867069017496,2.4602867069017496,0.8463447690010071,0.8851332068443298,0.902818500995636,0.8129953145980835
sub-cp028_ses-20211214_level-04B_run-004,sub-cp028,5,hybrid,5000,42,51,50,"{""centroids_per_class"":3,""epochs"":1,""learning_rate"":0.1,""margin_threshold"":0.0}",3,3,4.0,0.05,3.1905731245483917,3.1905731245483917,0.8256113529205322,0.8401932120323181,0.8524613976478577,0.9068580865859985
sub-cp028_ses-20211214_level-04B_run-006,sub-cp028,5,hybrid,5000,42,51,50,"{""centroids_per_class"":3,""epochs"":1,""learning_rate"":0.1,""margin_threshold"":0.0}",3,3,4.0,0.05,2.9507138517500366,2.9507138517500366,0.8422891497612,0.8357539176940918,0.8577760457992554,0.8898741006851196
sub-cp028_ses-20211214_level-04B_run-009,sub-cp028,5,hybrid,5000,42,51,50,"{""centroids_per_class"":3,""epochs"":1,""learning_rate"":0.1,""margin_threshold"":0.0}",3,3,4.0,0.05,2.8968073262743594,2.8968073262743594,0.8437049984931946,0.8197140097618103,0.8478642702102661,0.8812955617904663
sub-cp030_ses-20211025_level-01B_run-001,sub-cp030,5,hybrid,5000,42,51,50,"{""centroids_per_class"":3,""epochs"":1,""learning_rate"":0.1,""margin_threshold"":0.0}",0,0,1.0,0.05,1.8391378214914222,1.8391378214914222,0.878846287727356,0.8222644925117493,0.8299723863601685,0.787897527217865
sub-cp030_ses-20211025_level-01B_run-007,sub-cp030,5,hybrid,5000,42,51,50,"{""centroids_per_class"":3,""epochs"":1,""learning_rate"":0.1,""margin_threshold"":0.0}",0,0,1.0,0.05,1.656897680996135,1.656897680996135,0.8794324994087219,0.8375176787376404,0.8118329644203186,0.7455506324768066
sub-cp030_ses-20211025_level-01B_run-012,sub-cp030,5,hybrid,5000,42,51,50,"{""centroids_per_class"":3,""epochs"":1,""learning_rate"":0.1,""margin_threshold"":0.0}",0,0,1.0,0.05,1.6996852045931803,1.6996852045931803,0.8661197423934937,0.8074653744697571,0.8027188181877136,0.7532927393913269
sub-cp030_ses-20211025_level-02B_run-003,sub-cp030,5,hybrid,5000,42,51,50,"{""centroids_per_class"":3,""epochs"":1,""learning_rate"":0.1,""margin_threshold"":0.0}",1,0,2.0,0.05,2.1705624422287153,2.1705624422287153,0.8341876268386841,0.8246757984161377,0.8145458698272705,0.7897090315818787
sub-cp030_ses-20211025_level-02B_run-008,sub-cp030,5,hybrid,5000,42,51,50,"{""centroids_per_class"":3,""epochs"":1,""learning_rate"":0.1,""margin_threshold"":0.0}",1,1,2.0,0.05,2.0400870892776344,2.0400870892776344,0.8694794178009033,0.8864303827285767,0.8623645901679993,0.7691982984542847
sub-cp030_ses-20211025_level-02B_run-010,sub-cp030,5,hybrid,5000,42,51,50,"{""centroids_per_class"":3,""epochs"":1,""learning_rate"":0.1,""margin_threshold"":0.0}",1,1,2.0,0.05,1.905287613923356,1.905287613923356,0.8681929111480713,0.8710536360740662,0.8363553285598755,0.7568359971046448
sub-cp030_ses-20211025_level-03B_run-002,sub-cp030,5,hybrid,5000,42,51,50,"{""centroids_per_class"":3,""epochs"":1,""learning_rate"":0.1,""margin_threshold"":0.0}",2,2,3.0,0.05,2.5301523136469064,2.5301523136469064,0.8034307956695557,0.807856559753418,0.8178500533103943,0.80385822057724
sub-cp030_ses-20211025_level-03B_run-011,sub-cp030,5,hybrid,5000,42,51,50,"{""centroids_per_class"":3,""epochs"":1,""learning_rate"":0.1,""margin_threshold"":0.0}",2,2,3.0,0.05,2.3985174290398397,2.3985174290398397,0.8550674915313721,0.8634141683578491,0.885844886302948,0.8175544738769531
sub-cp030_ses-20211025_level-04B_run-004,sub-cp030,5,hybrid,5000,42,51,50,"{""centroids_per_class"":3,""epochs"":1,""learning_rate"":0.1,""margin_threshold"":0.0}",3,3,4.0,0.05,2.8131281281230827,2.8131281281230827,0.8052449226379395,0.7688558101654053,0.7854397296905518,0.8332996368408203
sub-cp030_ses-20211025_level-04B_run-006,sub-cp030,5,hybrid,5000,42,51,50,"{""centroids_per_class"":3,""epochs"":1,""learning_rate"":0.1,""margin_threshold"":0.0}",3,3,4.0,0.05,3.008406705868075,3.008406705868075,0.768952488899231,0.7818048596382141,0.8052476048469543,0.8295195698738098
sub-cp030_ses-20211025_level-04B_run-009,sub-cp030,5,hybrid,5000,42,51,50,"{""centroids_per_class"":3,""epochs"":1,""learning_rate"":0.1,""margin_threshold"":0.0}",3,3,4.0,0.05,3.136778320384069,3.136778320384069,0.8181836605072021,0.8326189517974854,0.8504876494407654,0.8937788009643555
sub-cp032_ses-20211105_level-01B_run-001,sub-cp032,5,hybrid,5000,42,51,50,"{""centroids_per_class"":3,""epochs"":1,""learning_rate"":0.1,""margin_threshold"":0.0}",0,0,1.0,0.05,2.1524359226286447,2.1524359226286447,0.8827058672904968,0.8736275434494019,0.8803175687789917,0.8144239187240601
sub-cp032_ses-20211105_level-01B_run-007,sub-cp032,5,hybrid,5000,42,51,50,"{""centroids_per_class"":3,""epochs"":1,""learning_rate"":0.1,""margin_threshold"":0.0}",0,0,1.0,0.05,2.087899221254619,2.087899221254619,0.8802005648612976,0.8649091720581055,0.86759352684021,0.8071727752685547
sub-cp032_ses-20211105_level-01B_run-012,sub-cp032,5,hybrid,5000,42,51,50,"{""centroids_per_class"":3,""epochs"":1,""learning_rate"":0.1,""margin_threshold"":0.0}",0,0,1.0,0.05,2.137795135197669,2.137795135197669,0.8856472373008728,0.8638169765472412,0.8721311092376709,0.8263535499572754
sub-cp032_ses-20211105_level-02B_run-003,sub-cp032,5,hybrid,5000,42,51,50,"{""centroids_per_class"":3,""epochs"":1,""learning_rate"":0.1,""margin_threshold"":0.0}",1,1,2.0,0.05,2.112593180993355,2.112593180993355,0.876251220703125,0.882949709892273,0.8661726117134094,0.8114010095596313
sub-cp032_ses-20211105_level-02B_run-008,sub-cp032,5,hybrid,5000,42,51,50,"{""centroids_per_class"":3,""epochs"":1,""learning_rate"":0.1,""margin_threshold"":0.0}",1,1,2.0,0.05,2.2338097031412585,2.2338097031412585,0.8695936799049377,0.8799005150794983,0.8740406632423401,0.8221396207809448
sub-cp032_ses-20211105_level-02B_run-010,sub-cp032,5,hybrid,5000,42,51,50,"{""centroids_per_class"":3,""epochs"":1,""learning_rate"":0.1,""margin_threshold"":0.0}",1,1,2.0,0.05,2.1858047009655497,2.1858047009655497,0.8669765591621399,0.8963525891304016,0.8760068416595459,0.8068280816078186
sub-cp032_ses-20211105_level-03B_run-002,sub-cp032,5,hybrid,5000,42,51,50,"{""centroids_per_class"":3,""epochs"":1,""learning_rate"":0.1,""margin_threshold"":0.0}",2,2,3.0,0.05,2.3850569868026086,2.3850569868026086,0.8504533171653748,0.8910518884658813,0.895825982093811,0.8106504082679749
sub-cp032_ses-20211105_level-03B_run-005,sub-cp032,5,hybrid,5000,42,51,50,"{""centroids_per_class"":3,""epochs"":1,""learning_rate"":0.1,""margin_threshold"":0.0}",2,2,3.0,0.05,2.370224593962715,2.370224593962715,0.8555631637573242,0.8805107474327087,0.8851907849311829,0.8224811553955078
sub-cp032_ses-20211105_level-03B_run-011,sub-cp032,5,hybrid,5000,42,51,50,"{""centroids_per_class"":3,""epochs"":1,""learning_rate"":0.1,""margin_threshold"":0.0}",2,2,3.0,0.05,2.533314614251164,2.533314614251164,0.8489130735397339,0.8852666020393372,0.9051755666732788,0.8388329148292542
sub-cp032_ses-20211105_level-04B_run-004,sub-cp032,5,hybrid,5000,42,51,50,"{""centroids_per_class"":3,""epochs"":1,""learning_rate"":0.1,""margin_threshold"":0.0}",3,3,4.0,0.05,3.135649193487449,3.135649193487449,0.8445786833763123,0.8504252433776855,0.8859380483627319,0.9175856709480286
sub-cp032_ses-20211105_level-04B_run-006,sub-cp032,5,hybrid,5000,42,51,50,"{""centroids_per_class"":3,""epochs"":1,""learning_rate"":0.1,""margin_threshold"":0.0}",3,3,4.0,0.05,3.28212200645122,3.28212200645122,0.8351892232894897,0.8088403344154358,0.8390843868255615,0.9121211171150208
sub-cp032_ses-20211105_level-04B_run-009,sub-cp032,5,hybrid,5000,42,51,50,"{""centroids_per_class"":3,""epochs"":1,""learning_rate"":0.1,""margin_threshold"":0.0}",3,3,4.0,0.05,3.1719857386407213,3.1719857386407213,0.8444972038269043,0.8407766222953796,0.8758028745651245,0.9177238941192627
sub-cp035_ses-20220125_level-01B_run-001,sub-cp035,5,hybrid,5000,42,51,50,"{""centroids_per_class"":3,""epochs"":1,""learning_rate"":0.1,""margin_threshold"":0.0}",0,1,1.0,0.05,2.246928637228672,2.246928637228672,0.8522778153419495,0.8703209757804871,0.8657137155532837,0.7999783754348755
sub-cp035_ses-20220125_level-01B_run-007,sub-cp035,5,hybrid,5000,42,51,50,"{""centroids_per_class"":3,""epochs"":1,""learning_rate"":0.1,""margin_threshold"":0.0}",0,0,1.0,0.05,1.8243433664920308,1.8243433664920308,0.9098003506660461,0.8700287342071533,0.8657373189926147,0.8031991720199585
sub-cp035_ses-20220125_level-01B_run-012,sub-cp035,5,hybrid,5000,42,51,50,"{""centroids_per_class"":3,""epochs"":1,""learning_rate"":0.1,""margin_threshold"":0.0}",0,0,1.0,0.05,2.0841691895475263,2.0841691895475263,0.8823055028915405,0.8619329929351807,0.858539879322052,0.82176274061203
sub-cp035_ses-20220125_level-02B_run-003,sub-cp035,5,hybrid,5000,42,51,50,"{""centroids_per_class"":3,""epochs"":1,""learning_rate"":0.1,""margin_threshold"":0.0}",1,1,2.0,0.05,2.20681179713416,2.20681179713416,0.8742861151695251,0.9026309251785278,0.8827283978462219,0.8221661448478699
sub-cp035_ses-20220125_level-02B_run-008,sub-cp035,5,hybrid,5000,42,51,50,"{""centroids_per_class"":3,""epochs"":1,""learning_rate"":0.1,""margin_threshold"":0.0}",1,1,2.0,0.05,2.180021045690875,2.180021045690875,0.8713072538375854,0.9175791144371033,0.8952133655548096,0.7830559015274048
sub-cp035_ses-20220125_level-02B_run-010,sub-cp035,5,hybrid,5000,42,51,50,"{""centroids_per_class"":3,""epochs"":1,""learning_rate"":0.1,""margin_threshold"":0.0}",1,1,2.0,0.05,2.0865010061486373,2.0865010061486373,0.8774526119232178,0.8932148218154907,0.8675501942634583,0.8057085871696472
sub-cp035_ses-20220125_level-03B_run-002,sub-cp035,5,hybrid,5000,42,51,50,"{""centroids_per_class"":3,""epochs"":1,""learning_rate"":0.1,""margin_threshold"":0.0}",2,2,3.0,0.05,2.4762835234509395,2.4762835234509395,0.7971653342247009,0.8480520248413086,0.851560115814209,0.7868519425392151
sub-cp035_ses-20220125_level-03B_run-005,sub-cp035,5,hybrid,5000,42,51,50,"{""centroids_per_class"":3,""epochs"":1,""learning_rate"":0.1,""margin_threshold"":0.0}",2,2,3.0,0.05,2.524960021152854,2.524960021152854,0.839939296245575,0.8847616910934448,0.9073464870452881,0.8196244239807129
sub-cp035_ses-20220125_level-03B_run-011,sub-cp035,5,hybrid,5000,42,51,50,"{""centroids_per_class"":3,""epochs"":1,""learning_rate"":0.1,""margin_threshold"":0.0}",2,2,3.0,0.05,2.407100629969794,2.407100629969794,0.8559530377388,0.9033775925636292,0.9150619506835938,0.8004034161567688
sub-cp035_ses-20220125_level-04B_run-004,sub-cp035,5,hybrid,5000,42,51,50,"{""centroids_per_class"":3,""epochs"":1,""learning_rate"":0.1,""margin_threshold"":0.0}",3,3,4.0,0.05,3.1920375106096373,3.1920375106096373,0.8196564316749573,0.8251392245292664,0.8422031998634338,0.8973791003227234
sub-cp035_ses-20220125_level-04B_run-006,sub-cp035,5,hybrid,5000,42,51,50,"{""centroids_per_class"":3,""epochs"":1,""learning_rate"":0.1,""margin_threshold"":0.0}",3,3,4.0,0.05,3.3391664493648907,3.3391664493648907,0.8319790959358215,0.8195733428001404,0.8591809868812561,0.9216104745864868
sub-cp035_ses-20220125_level-04B_run-009,sub-cp035,5,hybrid,5000,42,51,50,"{""centroids_per_class"":3,""epochs"":1,""learning_rate"":0.1,""margin_threshold"":0.0}",3,3,4.0,0.05,3.2263122543578326,3.2263122543578326,0.8287973403930664,0.8272640109062195,0.8561323285102844,0.9084628820419312
sub-cp005_ses-20210226_level-01B_run-001,sub-cp005,5,hybrid,5000,43,51,50,"{""centroids_per_class"":3,""epochs"":1,""learning_rate"":0.1,""margin_threshold"":0.0}",0,0,1.0,0.05,1.8073800773714357,1.8073800773714357,0.8805708289146423,0.8675637245178223,0.8275785446166992,0.7711189985275269
sub-cp005_ses-20210226_level-01B_run-007,sub-cp005,5,hybrid,5000,43,51,50,"{""centroids_per_class"":3,""epochs"":1,""learning_rate"":0.1,""margin_threshold"":0.0}",0,1,1.0,0.05,1.9242291262901061,1.9242291262901061,0.902794361114502,0.9259816408157349,0.8669509291648865,0.8023565411567688
sub-cp005_ses-20210226_level-01B_run-012,sub-cp005,5,hybrid,5000,43,51,50,"{""centroids_per_class"":3,""epochs"":1,""learning_rate"":0.1,""margin_threshold"":0.0}",0,1,1.0,0.05,1.8053657233176557,1.8053657233176557,0.9069722294807434,0.9203110933303833,0.846271276473999,0.7862949967384338
sub-cp005_ses-20210226_level-02B_run-003,sub-cp005,5,hybrid,5000,43,51,50,"{""centroids_per_class"":3,""epochs"":1,""learning_rate"":0.1,""margin_threshold"":0.0}",1,2,2.0,0.05,2.5140838864036854,2.5140838864036854,0.8194759488105774,0.838496208190918,0.8538953065872192,0.8127505779266357
sub-cp005_ses-20210226_level-02B_run-008,sub-cp005,5,hybrid,5000,43,51,50,"{""centroids_per_class"":3,""epochs"":1,""learning_rate"":0.1,""margin_threshold"":0.0}",1,1,2.0,0.05,2.1337285882727683,2.1337285882727683,0.8794111013412476,0.935211718082428,0.8946340680122375,0.7981468439102173
sub-cp005_ses-20210226_level-02B_run-010,sub-cp005,5,hybrid,5000,43,51,50,"{""centroids_per_class"":3,""epochs"":1,""learning_rate"":0.1,""margin_threshold"":0.0}",1,1,2.0,0.05,2.041021388596784,2.041021388596784,0.8893173336982727,0.9264132976531982,0.8731955885887146,0.8137871623039246
sub-cp005_ses-20210226_level-03B_run-002,sub-cp005,5,hybrid,5000,43,51,50,"{""centroids_per_class"":3,""epochs"":1,""learning_rate"":0.1,""margin_threshold"":0.0}",2,3,3.0,0.05,2.861798383775312,2.861798383775312,0.7621694803237915,0.7790968418121338,0.790890097618103,0.807628870010376
sub-cp005_ses-20210226_level-03B_run-005,sub-cp005,5,hybrid,5000,43,51,50,"{""centroids_per_class"":3,""epochs"":1,""learning_rate"":0.1,""margin_threshold"":0.0}",2,2,3.0,0.05,2.5439234980623686,2.5439234980623686,0.8258486986160278,0.8751512765884399,0.887055516242981,0.8256658315658569
sub-cp005_ses-20210226_level-03B_run-011,sub-cp005,5,hybrid,5000,43,51,50,"{""centroids_per_class"":3,""epochs"":1,""learning_rate"":0.1,""margin_threshold"":0.0}",2,2,3.0,0.05,2.5092808239044944,2.5092808239044944,0.8680781722068787,0.8576794862747192,0.8955471515655518,0.8516344428062439
sub-cp005_ses-20210226_level-04B_run-004,sub-cp005,5,hybrid,5000,43,51,50,"{""centroids_per_class"":3,""epochs"":1,""learning_rate"":0.1,""margin_threshold"":0.0}",3,3,4.0,0.05,2.984069873643155,2.984069873643155,0.7649645805358887,0.7724793553352356,0.8024181723594666,0.8206482529640198
sub-cp005_ses-20210226_level-04B_run-006,sub-cp005,5,hybrid,5000,43,51,50,"{""centroids_per_class"":3,""epochs"":1,""learning_rate"":0.1,""margin_threshold"":0.0}",3,3,4.0,0.05,3.2839436596226195,3.2839436596226195,0.8308079838752747,0.8289329409599304,0.8627099990844727,0.9175431728363037
sub-cp005_ses-20210226_level-04B_run-009,sub-cp005,5,hybrid,5000,43,51,50,"{""centroids_per_class"":3,""epochs"":1,""learning_rate"":0.1,""margin_threshold"":0.0}",3,3,4.0,0.05,2.996492303701298,2.996492303701298,0.8173998594284058,0.8187451362609863,0.8351866602897644,0.8724073171615601
sub-cp017_ses-20210521_level-01B_run-001,sub-cp017,5,hybrid,5000,43,51,50,"{""centroids_per_class"":3,""epochs"":1,""learning_rate"":0.1,""margin_threshold"":0.0}",0,0,1.0,0.05,1.841303148697029,1.841303148697029,0.9158408045768738,0.9091976881027222,0.8678862452507019,0.8096820116043091
sub-cp017_ses-20210521_level-01B_run-007,sub-cp017,5,hybrid,5000,43,51,50,"{""centroids_per_class"":3,""epochs"":1,""learning_rate"":0.1,""margin_threshold"":0.0}",0,0,1.0,0.05,1.7899540423008744,1.7899540423008744,0.8995710611343384,0.8887195587158203,0.8543179631233215,0.7584460377693176
sub-cp017_ses-20210521_level-01B_run-012,sub-cp017,5,hybrid,5000,43,51,50,"{""centroids_per_class"":3,""epochs"":1,""learning_rate"":0.1,""margin_threshold"":0.0}",0,0,1.0,0.05,1.7846239870811136,1.7846239870811136,0.8796949982643127,0.8708925843238831,0.8311514258384705,0.7429181337356567
sub-cp017_ses-20210521_level-02B_run-003,sub-cp017,5,hybrid,5000,43,51,50,"{""centroids_per_class"":3,""epochs"":1,""learning_rate"":0.1,""margin_threshold"":0.0}",1,1,2.0,0.05,2.195218050302732,2.195218050302732,0.8714461326599121,0.9265605211257935,0.904994547367096,0.7635980844497681
sub-cp017_ses-20210521_level-02B_run-008,sub-cp017,5,hybrid,5000,43,51,50,"{""centroids_per_class"":3,""epochs"":1,""learning_rate"":0.1,""margin_threshold"":0.0}",1,1,2.0,0.05,2.1286330065458032,2.1286330065458032,0.8469301462173462,0.8833435773849487,0.8564020395278931,0.7619475722312927
sub-cp017_ses-20210521_level-02B_run-010,sub-cp017,5,hybrid,5000,43,51,50,"{""centroids_per_class"":3,""epochs"":1,""learning_rate"":0.1,""margin_threshold"":0.0}",1,1,2.0,0.05,2.1094573201250326,2.1094573201250326,0.8742778897285461,0.9173824191093445,0.8758931756019592,0.8023849129676819
sub-cp017_ses-20210521_level-03B_run-002,sub-cp017,5,hybrid,5000,43,51,50,"{""centroids_per_class"":3,""epochs"":1,""learning_rate"":0.1,""margin_threshold"":0.0}",2,2,3.0,0.05,2.435258718625826,2.435258718625826,0.8454787135124207,0.8752386569976807,0.9063294529914856,0.7657083868980408
sub-cp017_ses-20210521_level-03B_run-005,sub-cp017,5,hybrid,5000,43,51,50,"{""centroids_per_class"":3,""epochs"":1,""learning_rate"":0.1,""margin_threshold"":0.0}",2,1,3.0,0.05,2.292542712295082,2.292542712295082,0.8696818947792053,0.9031241536140442,0.8998104333877563,0.8149300813674927
sub-cp017_ses-20210521_level-03B_run-011,sub-cp017,5,hybrid,5000,43,51,50,"{""centroids_per_class"":3,""epochs"":1,""learning_rate"":0.1,""margin_threshold"":0.0}",2,2,3.0,0.05,2.430019591242285,2.430019591242285,0.867500901222229,0.8898871541023254,0.9196136593818665,0.8089375495910645
sub-cp017_ses-20210521_level-04B_run-004,sub-cp017,5,hybrid,5000,43,51,50,"{""centroids_per_class"":3,""epochs"":1,""learning_rate"":0.1,""margin_threshold"":0.0}",3,3,4.0,0.05,3.0632292615519363,3.0632292615519363,0.8470519781112671,0.8366543650627136,0.8576003313064575,0.905330240726471
sub-cp017_ses-20210521_level-04B_run-006,sub-cp017,5,hybrid,5000,43,51,50,"{""centroids_per_class"":3,""epochs"":1,""learning_rate"":0.1,""margin_threshold"":0.0}",3,3,4.0,0.05,3.1526141881005056,3.1526141881005056,0.8285635113716125,0.8294875621795654,0.8494285941123962,0.9003086686134338
sub-cp017_ses-20210521_level-04B_run-009,sub-cp017,5,hybrid,5000,43,51,50,"{""centroids_per_class"":3,""epochs"":1,""learning_rate"":0.1,""margin_threshold"":0.0}",3,3,4.0,0.05,3.019860955863929,3.019860955863929,0.8308848142623901,0.8350067138671875,0.8496678471565247,0.8893575072288513
sub-cp022_ses-20210621_level-01B_run-001,sub-cp022,5,hybrid,5000,43,51,50,"{""centroids_per_class"":3,""epochs"":1,""learning_rate"":0.1,""margin_threshold"":0.0}",0,0,1.0,0.05,2.126320107465694,2.126320107465694,0.8710854649543762,0.8640828728675842,0.8404190540313721,0.8261650204658508
sub-cp022_ses-20210621_level-01B_run-007,sub-cp022,5,hybrid,5000,43,51,50,"{""centroids_per_class"":3,""epochs"":1,""learning_rate"":0.1,""margin_threshold"":0.0}",0,0,1.0,0.05,2.2372751558523456,2.2372751558523456,0.8536014556884766,0.8481439352035522,0.8140754699707031,0.8302070498466492
sub-cp022_ses-20210621_level-01B_run-012,sub-cp022,5,hybrid,5000,43,51,50,"{""centroids_per_class"":3,""epochs"":1,""learning_rate"":0.1,""margin_threshold"":0.0}",0,0,1.0,0.05,1.9191864658872946,1.9191864658872946,0.9123323559761047,0.9078253507614136,0.8715487122535706,0.8256087899208069
sub-cp022_ses-20210621_level-02B_run-003,sub-cp022,5,hybrid,5000,43,51,50,"{""centroids_per_class"":3,""epochs"":1,""learning_rate"":0.1,""margin_threshold"":0.0}",1,0,2.0,0.05,2.1540274743753516,2.1540274743753516,0.8719468712806702,0.8661929368972778,0.8484283089637756,0.8277568221092224
sub-cp022_ses-20210621_level-02B_run-008,sub-cp022,5,hybrid,5000,43,51,50,"{""centroids_per_class"":3,""epochs"":1,""learning_rate"":0.1,""margin_threshold"":0.0}",1,1,2.0,0.05,2.450895794175972,2.450895794175972,0.8359006643295288,0.8454671502113342,0.83597332239151,0.8324902057647705
sub-cp022_ses-20210621_level-02B_run-010,sub-cp022,5,hybrid,5000,43,51,50,"{""centroids_per_class"":3,""epochs"":1,""learning_rate"":0.1,""margin_threshold"":0.0}",1,1,2.0,0.05,2.3917471081890507,2.3917471081890507,0.8740402460098267,0.8795880079269409,0.8714883327484131,0.861499011516571
sub-cp022_ses-20210621_level-03B_run-002,sub-cp022,5,hybrid,5000,43,51,50,"{""centroids_per_class"":3,""epochs"":1,""learning_rate"":0.1,""margin_threshold"":0.0}",2,2,3.0,0.05,2.8730273542164495,2.8730273542164495,0.8123008608818054,0.8434780240058899,0.8666747212409973,0.8632955551147461
sub-cp022_ses-20210621_level-03B_run-005,sub-cp022,5,hybrid,5000,43,51,50,"{""centroids_per_class"":3,""epochs"":1,""learning_rate"":0.1,""margin_threshold"":0.0}",2,2,3.0,0.05,2.563420473055943,2.563420473055943,0.8567471504211426,0.8465838432312012,0.8868342638015747,0.848834753036499
sub-cp022_ses-20210621_level-03B_run-011,sub-cp022,5,hybrid,5000,43,51,50,"{""centroids_per_class"":3,""epochs"":1,""learning_rate"":0.1,""margin_threshold"":0.0}",2,2,3.0,0.05,2.577404839654527,2.577404839654527,0.8707506060600281,0.843832790851593,0.882301390171051,0.869303822517395
sub-cp022_ses-20210621_level-04B_run-004,sub-cp022,5,hybrid,5000,43,51,50,"{""centroids_per_class"":3,""epochs"":1,""learning_rate"":0.1,""margin_threshold"":0.0}",3,3,4.0,0.05,3.1420282968374744,3.1420282968374744,0.8193577527999878,0.8245787024497986,0.8396434783935547,0.8913800120353699
sub-cp022_ses-20210621_level-04B_run-006,sub-cp022,5,hybrid,5000,43,51,50,"{""centroids_per_class"":3,""epochs"":1,""learning_rate"":0.1,""margin_threshold"":0.0}",3,3,4.0,0.05,3.186920480056218,3.186920480056218,0.8051623106002808,0.8160994052886963,0.8372049927711487,0.8850584030151367
sub-cp022_ses-20210621_level-04B_run-009,sub-cp022,5,hybrid,5000,43,51,50,"{""centroids_per_class"":3,""epochs"":1,""learning_rate"":0.1,""margin_threshold"":0.0}",3,3,4.0,0.05,3.016824553894013,3.016824553894013,0.8152035474777222,0.8421863317489624,0.8706133961677551,0.8829604387283325
sub-cp028_ses-20211214_level-01B_run-001,sub-cp028,5,hybrid,5000,43,51,50,"{""centroids_per_class"":3,""epochs"":1,""learning_rate"":0.1,""margin_threshold"":0.0}",0,1,1.0,0.05,2.0205473677377284,2.0205473677377284,0.8436107039451599,0.8648737072944641,0.8245306611061096,0.7615157961845398
sub-cp028_ses-20211214_level-01B_run-007,sub-cp028,5,hybrid,5000,43,51,50,"{""centroids_per_class"":3,""epochs"":1,""learning_rate"":0.1,""margin_threshold"":0.0}",0,0,1.0,0.05,1.8306715889039942,1.8306715889039942,0.8965150117874146,0.871006429195404,0.8469667434692383,0.796743631362915
sub-cp028_ses-20211214_level-01B_run-012,sub-cp028,5,hybrid,5000,43,51,50,"{""centroids_per_class"":3,""epochs"":1,""learning_rate"":0.1,""margin_threshold"":0.0}",0,0,1.0,0.05,1.919233693242326,1.919233693242326,0.8287289142608643,0.7947879433631897,0.7642221450805664,0.7649250626564026
sub-cp028_ses-20211214_level-02B_run-003,sub-cp028,5,hybrid,5000,43,51,50,"{""centroids_per_class"":3,""epochs"":1,""learning_rate"":0.1,""margin_threshold"":0.0}",1,1,2.0,0.05,2.1670273763487233,2.1670273763487233,0.8626520037651062,0.9219379425048828,0.882951557636261,0.7939181923866272
sub-cp028_ses-20211214_level-02B_run-008,sub-cp028,5,hybrid,5000,43,51,50,"{""centroids_per_class"":3,""epochs"":1,""learning_rate"":0.1,""margin_threshold"":0.0}",1,1,2.0,0.05,1.8266237843313256,1.8266237843313256,0.8933033347129822,0.8947027325630188,0.8384361267089844,0.7864978313446045
sub-cp028_ses-20211214_level-02B_run-010,sub-cp028,5,hybrid,5000,43,51,50,"{""centroids_per_class"":3,""epochs"":1,""learning_rate"":0.1,""margin_threshold"":0.0}",1,1,2.0,0.05,1.9191725725804005,1.9191725725804005,0.8991820216178894,0.9214766025543213,0.8687217235565186,0.7833539247512817
sub-cp028_ses-20211214_level-03B_run-002,sub-cp028,5,hybrid,5000,43,51,50,"{""centroids_per_class"":3,""epochs"":1,""learning_rate"":0.1,""margin_threshold"":0.0}",2,2,3.0,0.05,2.42108645230216,2.42108645230216,0.820794939994812,0.8680330514907837,0.8784482479095459,0.7779543995857239
sub-cp028_ses-20211214_level-03B_run-005,sub-cp028,5,hybrid,5000,43,51,50,"{""centroids_per_class"":3,""epochs"":1,""learning_rate"":0.1,""margin_threshold"":0.0}",2,2,3.0,0.05,2.4445587377056617,2.4445587377056617,0.8544827103614807,0.8838906288146973,0.9090088605880737,0.8061960935592651
sub-cp028_ses-20211214_level-03B_run-011,sub-cp028,5,hybrid,5000,43,51,50,"{""centroids_per_class"":3,""epochs"":1,""learning_rate"":0.1,""margin_threshold"":0.0}",2,2,3.0,0.05,2.3292920190427275,2.3292920190427275,0.8638994693756104,0.8895670175552368,0.8916797637939453,0.8211448192596436
sub-cp028_ses-20211214_level-04B_run-004,sub-cp028,5,hybrid,5000,43,51,50,"{""centroids_per_class"":3,""epochs"":1,""learning_rate"":0.1,""margin_threshold"":0.0}",3,3,4.0,0.05,3.1256223406528996,3.1256223406528996,0.8277270197868347,0.8377543091773987,0.8655328750610352,0.9007768034934998
sub-cp028_ses-20211214_level-04B_run-006,sub-cp028,5,hybrid,5000,43,51,50,"{""centroids_per_class"":3,""epochs"":1,""learning_rate"":0.1,""margin_threshold"":0.0}",3,3,4.0,0.05,3.1969339645618122,3.1969339645618122,0.8255054354667664,0.8234882354736328,0.8599153161048889,0.9024050831794739
sub-cp028_ses-20211214_level-04B_run-009,sub-cp028,5,hybrid,5000,43,51,50,"{""centroids_per_class"":3,""epochs"":1,""learning_rate"":0.1,""margin_threshold"":0.0}",3,3,4.0,0.05,2.938738931725924,2.938738931725924,0.8381268382072449,0.8175105452537537,0.8433123826980591,0.8808148503303528
sub-cp030_ses-20211025_level-01B_run-001,sub-cp030,5,hybrid,5000,43,51,50,"{""centroids_per_class"":3,""epochs"":1,""learning_rate"":0.1,""margin_threshold"":0.0}",0,0,1.0,0.05,2.0274585899742825,2.0274585899742825,0.8516189455986023,0.8426516056060791,0.8324000835418701,0.7703449726104736
sub-cp030_ses-20211025_level-01B_run-007,sub-cp030,5,hybrid,5000,43,51,50,"{""centroids_per_class"":3,""epochs"":1,""learning_rate"":0.1,""margin_threshold"":0.0}",0,0,1.0,0.05,1.6708203470323897,1.6708203470323897,0.8789135813713074,0.8510952591896057,0.8034930229187012,0.7530746459960938
sub-cp030_ses-20211025_level-01B_run-012,sub-cp030,5,hybrid,5000,43,51,50,"{""centroids_per_class"":3,""epochs"":1,""learning_rate"":0.1,""margin_threshold"":0.0}",0,0,1.0,0.05,1.703608518775952,1.703608518775952,0.8638513088226318,0.8386932611465454,0.7944284081459045,0.7420638203620911
sub-cp030_ses-20211025_level-02B_run-003,sub-cp030,5,hybrid,5000,43,51,50,"{""centroids_per_class"":3,""epochs"":1,""learning_rate"":0.1,""margin_threshold"":0.0}",1,1,2.0,0.05,2.271246753266467,2.271246753266467,0.8151422142982483,0.8353312611579895,0.8309644460678101,0.7682980895042419
sub-cp030_ses-20211025_level-02B_run-008,sub-cp030,5,hybrid,5000,43,51,50,"{""centroids_per_class"":3,""epochs"":1,""learning_rate"":0.1,""margin_threshold"":0.0}",1,1,2.0,0.05,1.9813236714053761,1.9813236714053761,0.8806495666503906,0.8906159996986389,0.8642683625221252,0.7708190083503723
sub-cp030_ses-20211025_level-02B_run-010,sub-cp030,5,hybrid,5000,43,51,50,"{""centroids_per_class"":3,""epochs"":1,""learning_rate"":0.1,""margin_threshold"":0.0}",1,0,2.0,0.05,1.8466934489417364,1.8466934489417364,0.8824810981750488,0.8774616718292236,0.8379818201065063,0.7715969085693359
sub-cp030_ses-20211025_level-03B_run-002,sub-cp030,5,hybrid,5000,43,51,50,"{""centroids_per_class"":3,""epochs"":1,""learning_rate"":0.1,""margin_threshold"":0.0}",2,2,3.0,0.05,2.6573163480619626,2.6573163480619626,0.7920939326286316,0.8014500737190247,0.8244916796684265,0.806605339050293
sub-cp030_ses-20211025_level-03B_run-011,sub-cp030,5,hybrid,5000,43,51,50,"{""centroids_per_class"":3,""epochs"":1,""learning_rate"":0.1,""margin_threshold"":0.0}",2,2,3.0,0.05,2.442127485316642,2.442127485316642,0.8586902618408203,0.8697494864463806,0.8968345522880554,0.8252025246620178
sub-cp030_ses-20211025_level-04B_run-004,sub-cp030,5,hybrid,5000,43,51,50,"{""centroids_per_class"":3,""epochs"":1,""learning_rate"":0.1,""margin_threshold"":0.0}",3,3,4.0,0.05,2.643501563799114,2.643501563799114,0.8141082525253296,0.794781506061554,0.8019051551818848,0.8282912969589233
sub-cp030_ses-20211025_level-04B_run-006,sub-cp030,5,hybrid,5000,43,51,50,"{""centroids_per_class"":3,""epochs"":1,""learning_rate"":0.1,""margin_threshold"":0.0}",3,3,4.0,0.05,3.156992669981338,3.156992669981338,0.7853052020072937,0.7957178950309753,0.8088679909706116,0.8610312938690186
sub-cp030_ses-20211025_level-04B_run-009,sub-cp030,5,hybrid,5000,43,51,50,"{""centroids_per_class"":3,""epochs"":1,""learning_rate"":0.1,""margin_threshold"":0.0}",3,3,4.0,0.05,3.1923151865896986,3.1923151865896986,0.8177487254142761,0.8289245963096619,0.840466320514679,0.8975697159767151
sub-cp032_ses-20211105_level-01B_run-001,sub-cp032,5,hybrid,5000,43,51,50,"{""centroids_per_class"":3,""epochs"":1,""learning_rate"":0.1,""margin_threshold"":0.0}",0,0,1.0,0.05,1.9743765691411224,1.9743765691411224,0.9006390571594238,0.8921444416046143,0.8591130375862122,0.8312612175941467
sub-cp032_ses-20211105_level-01B_run-007,sub-cp032,5,hybrid,5000,43,51,50,"{""centroids_per_class"":3,""epochs"":1,""learning_rate"":0.1,""margin_threshold"":0.0}",0,0,1.0,0.05,1.980604390829433,1.980604390829433,0.8855148553848267,0.8774639964103699,0.8412869572639465,0.8198599815368652
sub-cp032_ses-20211105_level-01B_run-012,sub-cp032,5,hybrid,5000,43,51,50,"{""centroids_per_class"":3,""epochs"":1,""learning_rate"":0.1,""margin_threshold"":0.0}",0,0,1.0,0.05,1.8897499755725455,1.8897499755725455,0.9153041243553162,0.8850287199020386,0.8531548380851746,0.8442224860191345
sub-cp032_ses-20211105_level-02B_run-003,sub-cp032,5,hybrid,5000,43,51,50,"{""centroids_per_class"":3,""epochs"":1,""learning_rate"":0.1,""margin_threshold"":0.0}",1,1,2.0,0.05,2.1638020353704746,2.1638020353704746,0.8842869997024536,0.9010745286941528,0.8668323159217834,0.842942476272583
sub-cp032_ses-20211105_level-02B_run-008,sub-cp032,5,hybrid,5000,43,51,50,"{""centroids_per_class"":3,""epochs"":1,""learning_rate"":0.1,""margin_threshold"":0.0}",1,1,2.0,0.05,2.174933218861595,2.174933218861595,0.8816853165626526,0.8926419615745544,0.864840030670166,0.8406746983528137
sub-cp032_ses-20211105_level-02B_run-010,sub-cp032,5,hybrid,5000,43,51,50,"{""centroids_per_class"":3,""epochs"":1,""learning_rate"":0.1,""margin_threshold"":0.0}",1,1,2.0,0.05,2.190881171093352,2.190881171093352,0.8733371496200562,0.8989981412887573,0.8766932487487793,0.8217300772666931
sub-cp032_ses-20211105_level-03B_run-002,sub-cp032,5,hybrid,5000,43,51,50,"{""centroids_per_class"":3,""epochs"":1,""learning_rate"":0.1,""margin_threshold"":0.0}",2,2,3.0,0.05,2.495244506390471,2.495244506390471,0.8513861894607544,0.8816139698028564,0.9088414907455444,0.8203610777854919
sub-cp032_ses-20211105_level-03B_run-005,sub-cp032,5,hybrid,5000,43,51,50,"{""centroids_per_class"":3,""epochs"":1,""learning_rate"":0.1,""margin_threshold"":0.0}",2,1,3.0,0.05,2.3305596194614857,2.3305596194614857,0.8750824928283691,0.8919825553894043,0.8861137628555298,0.8473833799362183
sub-cp032_ses-20211105_level-03B_run-011,sub-cp032,5,hybrid,5000,43,51,50,"{""centroids_per_class"":3,""epochs"":1,""learning_rate"":0.1,""margin_threshold"":0.0}",2,1,3.0,0.05,2.3186086323567197,2.3186086323567197,0.8776267170906067,0.8968117237091064,0.8838735222816467,0.8523488640785217
sub-cp032_ses-20211105_level-04B_run-004,sub-cp032,5,hybrid,5000,43,51,50,"{""centroids_per_class"":3,""epochs"":1,""learning_rate"":0.1,""margin_threshold"":0.0}",3,3,4.0,0.05,3.1048200639542225,3.1048200639542225,0.8646566271781921,0.8431994318962097,0.8804004192352295,0.9245832562446594
sub-cp032_ses-20211105_level-04B_run-006,sub-cp032,5,hybrid,5000,43,51,50,"{""centroids_per_class"":3,""epochs"":1,""learning_rate"":0.1,""margin_threshold"":0.0}",3,3,4.0,0.05,3.208195850405785,3.208195850405785,0.8326607346534729,0.8197404146194458,0.8497104048728943,0.906019926071167
sub-cp032_ses-20211105_level-04B_run-009,sub-cp032,5,hybrid,5000,43,51,50,"{""centroids_per_class"":3,""epochs"":1,""learning_rate"":0.1,""margin_threshold"":0.0}",3,3,4.0,0.05,3.216796020210925,3.216796020210925,0.8524940013885498,0.8345056772232056,0.8733030557632446,0.9258217215538025
sub-cp035_ses-20220125_level-01B_run-001,sub-cp035,5,hybrid,5000,43,51,50,"{""centroids_per_class"":3,""epochs"":1,""learning_rate"":0.1,""margin_threshold"":0.0}",0,1,1.0,0.05,1.9547922715034687,1.9547922715034687,0.8836201429367065,0.8912273645401001,0.8496132493019104,0.7984972596168518
sub-cp035_ses-20220125_level-01B_run-007,sub-cp035,5,hybrid,5000,43,51,50,"{""centroids_per_class"":3,""epochs"":1,""learning_rate"":0.1,""margin_threshold"":0.0}",0,0,1.0,0.05,1.7588825629287397,1.7588825629287397,0.9184184670448303,0.9024319052696228,0.8525862097740173,0.8089721202850342
sub-cp035_ses-20220125_level-01B_run-012,sub-cp035,5,hybrid,5000,43,51,50,"{""centroids_per_class"":3,""epochs"":1,""learning_rate"":0.1,""margin_threshold"":0.0}",0,0,1.0,0.05,1.9293837629477961,1.9293837629477961,0.8949893712997437,0.8899874687194824,0.8422905206680298,0.82316654920578
sub-cp035_ses-20220125_level-02B_run-003,sub-cp035,5,hybrid,5000,43,51,50,"{""centroids_per_class"":3,""epochs"":1,""learning_rate"":0.1,""margin_threshold"":0.0}",1,1,2.0,0.05,2.1738615453375774,2.1738615453375774,0.8784870505332947,0.9043691754341125,0.8693337440490723,0.8358046412467957
sub-cp035_ses-20220125_level-02B_run-008,sub-cp035,5,hybrid,5000,43,51,50,"{""centroids_per_class"":3,""epochs"":1,""learning_rate"":0.1,""margin_threshold"":0.0}",1,1,2.0,0.05,2.170852765496188,2.170852765496188,0.875259518623352,0.9176340699195862,0.8918319344520569,0.8010446429252625
sub-cp035_ses-20220125_level-02B_run-010,sub-cp035,5,hybrid,5000,43,51,50,"{""centroids_per_class"":3,""epochs"":1,""learning_rate"":0.1,""margin_threshold"":0.0}",1,1,2.0,0.05,2.0495422609975513,2.0495422609975513,0.8822887539863586,0.906514585018158,0.8622463941574097,0.8135635256767273
sub-cp035_ses-20220125_level-03B_run-002,sub-cp035,5,hybrid,5000,43,51,50,"{""centroids_per_class"":3,""epochs"":1,""learning_rate"":0.1,""margin_threshold"":0.0}",2,2,3.0,0.05,2.3826561003154736,2.3826561003154736,0.8244180083274841,0.8417345881462097,0.8494949340820312,0.7953483462333679
sub-cp035_ses-20220125_level-03B_run-005,sub-cp035,5,hybrid,5000,43,51,50,"{""centroids_per_class"":3,""epochs"":1,""learning_rate"":0.1,""margin_threshold"":0.0}",2,2,3.0,0.05,2.421975743970485,2.421975743970485,0.8621231913566589,0.8830995559692383,0.9021361470222473,0.8267086148262024
sub-cp035_ses-20220125_level-03B_run-011,sub-cp035,5,hybrid,5000,43,51,50,"{""centroids_per_class"":3,""epochs"":1,""learning_rate"":0.1,""margin_threshold"":0.0}",2,1,3.0,0.05,2.3152302239230766,2.3152302239230766,0.8652119636535645,0.9079064130783081,0.9039099216461182,0.8110966086387634
sub-cp035_ses-20220125_level-04B_run-004,sub-cp035,5,hybrid,5000,43,51,50,"{""centroids_per_class"":3,""epochs"":1,""learning_rate"":0.1,""margin_threshold"":0.0}",3,3,4.0,0.05,3.2499563157466813,3.2499563157466813,0.80828857421875,0.828110933303833,0.8524325489997864,0.9001798033714294
sub-cp035_ses-20220125_level-04B_run-006,sub-cp035,5,hybrid,5000,43,51,50,"{""centroids_per_class"":3,""epochs"":1,""learning_rate"":0.1,""margin_threshold"":0.0}",3,3,4.0,0.05,3.223461947993793,3.223461947993793,0.8363655209541321,0.8254928588867188,0.8684317469596863,0.9135025143623352
sub-cp035_ses-20220125_level-04B_run-009,sub-cp035,5,hybrid,5000,43,51,50,"{""centroids_per_class"":3,""epochs"":1,""learning_rate"":0.1,""margin_threshold"":0.0}",3,3,4.0,0.05,3.1553441809205047,3.1553441809205047,0.8390134572982788,0.8282416462898254,0.8692167401313782,0.9082149267196655
sub-cp005_ses-20210226_level-01B_run-001,sub-cp005,5,hybrid,5000,44,51,50,"{""centroids_per_class"":3,""epochs"":1,""learning_rate"":0.1,""margin_threshold"":0.0}",0,0,1.0,0.05,1.854518582598432,1.854518582598432,0.8871852159500122,0.8605693578720093,0.8406496047973633,0.7916458249092102
sub-cp005_ses-20210226_level-01B_run-007,sub-cp005,5,hybrid,5000,44,51,50,"{""centroids_per_class"":3,""epochs"":1,""learning_rate"":0.1,""margin_threshold"":0.0}",0,1,1.0,0.05,1.8367262766709092,1.8367262766709092,0.907751739025116,0.9180763363838196,0.8554977178573608,0.7950134873390198
sub-cp005_ses-20210226_level-01B_run-012,sub-cp005,5,hybrid,5000,44,51,50,"{""centroids_per_class"":3,""epochs"":1,""learning_rate"":0.1,""margin_threshold"":0.0}",0,0,1.0,0.05,1.7505340646525451,1.7505340646525451,0.9100227355957031,0.9093341827392578,0.8428688645362854,0.78327876329422
sub-cp005_ses-20210226_level-02B_run-003,sub-cp005,5,hybrid,5000,44,51,50,"{""centroids_per_class"":3,""epochs"":1,""learning_rate"":0.1,""margin_threshold"":0.0}",1,2,2.0,0.05,2.5804641737354483,2.5804641737354483,0.7948698401451111,0.8205588459968567,0.8355503082275391,0.8009870648384094
sub-cp005_ses-20210226_level-02B_run-008,sub-cp005,5,hybrid,5000,44,51,50,"{""centroids_per_class"":3,""epochs"":1,""learning_rate"":0.1,""margin_threshold"":0.0}",1,1,2.0,0.05,2.20916699014736,2.20916699014736,0.8667028546333313,0.9262592196464539,0.899111270904541,0.7898939251899719
sub-cp005_ses-20210226_level-02B_run-010,sub-cp005,5,hybrid,5000,44,51,50,"{""centroids_per_class"":3,""epochs"":1,""learning_rate"":0.1,""margin_threshold"":0.0}",1,1,2.0,0.05,2.108291616370262,2.108291616370262,0.8802199959754944,0.9103885293006897,0.8765687346458435,0.8113723993301392
sub-cp005_ses-20210226_level-03B_run-002,sub-cp005,5,hybrid,5000,44,51,50,"{""centroids_per_class"":3,""epochs"":1,""learning_rate"":0.1,""margin_threshold"":0.0}",2,3,3.0,0.05,2.9825150893686354,2.9825150893686354,0.7552453875541687,0.7696810364723206,0.7741901278495789,0.8135929107666016
sub-cp005_ses-20210226_level-03B_run-005,sub-cp005,5,hybrid,5000,44,51,50,"{""centroids_per_class"":3,""epochs"":1,""learning_rate"":0.1,""margin_threshold"":0.0}",2,2,3.0,0.05,2.532893109772085,2.532893109772085,0.8259197473526001,0.8652693033218384,0.8916060328483582,0.8050203323364258
sub-cp005_ses-20210226_level-03B_run-011,sub-cp005,5,hybrid,5000,44,51,50,"{""centroids_per_class"":3,""epochs"":1,""learning_rate"":0.1,""margin_threshold"":0.0}",2,2,3.0,0.05,2.652734213758906,2.652734213758906,0.8439743518829346,0.8576366901397705,0.8960344195365906,0.8502325415611267
sub-cp005_ses-20210226_level-04B_run-004,sub-cp005,5,hybrid,5000,44,51,50,"{""centroids_per_class"":3,""epochs"":1,""learning_rate"":0.1,""margin_threshold"":0.0}",3,3,4.0,0.05,3.1080998218705824,3.1080998218705824,0.7311707735061646,0.7430990934371948,0.7624837160110474,0.8025361895561218
sub-cp005_ses-20210226_level-04B_run-006,sub-cp005,5,hybrid,5000,44,51,50,"{""centroids_per_class"":3,""epochs"":1,""learning_rate"":0.1,""margin_threshold"":0.0}",3,3,4.0,0.05,3.4543409665943337,3.4543409665943337,0.8002394437789917,0.8194311261177063,0.8408588767051697,0.9167811274528503
sub-cp005_ses-20210226_level-04B_run-009,sub-cp005,5,hybrid,5000,44,51,50,"{""centroids_per_class"":3,""epochs"":1,""learning_rate"":0.1,""margin_threshold"":0.0}",3,3,4.0,0.05,2.8622162263101734,2.8622162263101734,0.8172730207443237,0.8269888758659363,0.8365934491157532,0.8606033325195312
sub-cp017_ses-20210521_level-01B_run-001,sub-cp017,5,hybrid,5000,44,51,50,"{""centroids_per_class"":3,""epochs"":1,""learning_rate"":0.1,""margin_threshold"":0.0}",0,0,1.0,0.05,1.8105221646948,1.8105221646948,0.919073760509491,0.9113099575042725,0.8696581125259399,0.8007913827896118
sub-cp017_ses-20210521_level-01B_run-007,sub-cp017,5,hybrid,5000,44,51,50,"{""centroids_per_class"":3,""epochs"":1,""learning_rate"":0.1,""margin_threshold"":0.0}",0,1,1.0,0.05,1.9491713501464258,1.9491713501464258,0.872798502445221,0.8828589916229248,0.8497755527496338,0.7620691061019897
sub-cp017_ses-20210521_level-01B_run-012,sub-cp017,5,hybrid,5000,44,51,50,"{""centroids_per_class"":3,""epochs"":1,""learning_rate"":0.1,""margin_threshold"":0.0}",0,1,1.0,0.05,1.9218486953042375,1.9218486953042375,0.8472622632980347,0.8506556749343872,0.8186674118041992,0.7371268272399902
sub-cp017_ses-20210521_level-02B_run-003,sub-cp017,5,hybrid,5000,44,51,50,"{""centroids_per_class"":3,""epochs"":1,""learning_rate"":0.1,""margin_threshold"":0.0}",1,1,2.0,0.05,2.3332976183418763,2.3332976183418763,0.839509904384613,0.908361554145813,0.902015745639801,0.7580634355545044
sub-cp017_ses-20210521_level-02B_run-008,sub-cp017,5,hybrid,5000,44,51,50,"{""centroids_per_class"":3,""epochs"":1,""learning_rate"":0.1,""margin_threshold"":0.0}",1,1,2.0,0.05,2.1785576647239395,2.1785576647239395,0.8194994330406189,0.8764473795890808,0.8429253101348877,0.746608555316925
sub-cp017_ses-20210521_level-02B_run-010,sub-cp017,5,hybrid,5000,44,51,50,"{""centroids_per_class"":3,""epochs"":1,""learning_rate"":0.1,""margin_threshold"":0.0}",1,1,2.0,0.05,2.0337262525751845,2.0337262525751845,0.8827999234199524,0.9095841646194458,0.8681030869483948,0.7994374632835388
sub-cp017_ses-20210521_level-03B_run-002,sub-cp017,5,hybrid,5000,44,51,50,"{""centroids_per_class"":3,""epochs"":1,""learning_rate"":0.1,""margin_threshold"":0.0}",2,2,3.0,0.05,2.53090598610567,2.53090598610567,0.8296633362770081,0.8665673136711121,0.9066601395606995,0.7708957195281982
sub-cp017_ses-20210521_level-03B_run-005,sub-cp017,5,hybrid,5000,44,51,50,"{""centroids_per_class"":3,""epochs"":1,""learning_rate"":0.1,""margin_threshold"":0.0}",2,2,3.0,0.05,2.3205832178799644,2.3205832178799644,0.872680127620697,0.8983689546585083,0.9052135348320007,0.8172415494918823
sub-cp017_ses-20210521_level-03B_run-011,sub-cp017,5,hybrid,5000,44,51,50,"{""centroids_per_class"":3,""epochs"":1,""learning_rate"":0.1,""margin_threshold"":0.0}",2,2,3.0,0.05,2.5317849924327724,2.5317849924327724,0.8427442908287048,0.8888362646102905,0.9215012788772583,0.7985396385192871
sub-cp017_ses-20210521_level-04B_run-004,sub-cp017,5,hybrid,5000,44,51,50,"{""centroids_per_class"":3,""epochs"":1,""learning_rate"":0.1,""margin_threshold"":0.0}",3,3,4.0,0.05,3.41593350462985,3.41593350462985,0.8198957443237305,0.8344303369522095,0.8549460172653198,0.9287128448486328
sub-cp017_ses-20210521_level-04B_run-006,sub-cp017,5,hybrid,5000,44,51,50,"{""centroids_per_class"":3,""epochs"":1,""learning_rate"":0.1,""margin_threshold"":0.0}",3,3,4.0,0.05,3.391371837001916,3.391371837001916,0.806369960308075,0.8270885944366455,0.8342530727386475,0.9134440422058105
sub-cp017_ses-20210521_level-04B_run-009,sub-cp017,5,hybrid,5000,44,51,50,"{""centroids_per_class"":3,""epochs"":1,""learning_rate"":0.1,""margin_threshold"":0.0}",3,3,4.0,0.05,3.222045096794974,3.222045096794974,0.8161910772323608,0.8231856226921082,0.8333356976509094,0.8973100781440735
sub-cp022_ses-20210621_level-01B_run-001,sub-cp022,5,hybrid,5000,44,51,50,"{""centroids_per_class"":3,""epochs"":1,""learning_rate"":0.1,""margin_threshold"":0.0}",0,0,1.0,0.05,2.120550576692005,2.120550576692005,0.8663386106491089,0.8511638045310974,0.8298963904380798,0.8227013945579529
sub-cp022_ses-20210621_level-01B_run-007,sub-cp022,5,hybrid,5000,44,51,50,"{""centroids_per_class"":3,""epochs"":1,""learning_rate"":0.1,""margin_threshold"":0.0}",0,0,1.0,0.05,2.240028686602167,2.240028686602167,0.852969229221344,0.8415799140930176,0.8296451568603516,0.8223761916160583
sub-cp022_ses-20210621_level-01B_run-012,sub-cp022,5,hybrid,5000,44,51,50,"{""centroids_per_class"":3,""epochs"":1,""learning_rate"":0.1,""margin_threshold"":0.0}",0,1,1.0,0.05,1.9652326359840546,1.9652326359840546,0.9057542085647583,0.9108574986457825,0.8688712120056152,0.8282536864280701
sub-cp022_ses-20210621_level-02B_run-003,sub-cp022,5,hybrid,5000,44,51,50,"{""centroids_per_class"":3,""epochs"":1,""learning_rate"":0.1,""margin_threshold"":0.0}",1,1,2.0,0.05,2.17419967575921,2.17419967575921,0.8596145510673523,0.8677976727485657,0.8452536463737488,0.8157745003700256
sub-cp022_ses-20210621_level-02B_run-008,sub-cp022,5,hybrid,5000,44,51,50,"{""centroids_per_class"":3,""epochs"":1,""learning_rate"":0.1,""margin_threshold"":0.0}",1,1,2.0,0.05,2.411879410984948,2.411879410984948,0.8305652737617493,0.8582712411880493,0.8491073846817017,0.8196460604667664
sub-cp022_ses-20210621_level-02B_run-010,sub-cp022,5,hybrid,5000,44,51,50,"{""centroids_per_class"":3,""epochs"":1,""learning_rate"":0.1,""margin_threshold"":0.0}",1,2,2.0,0.05,2.6605294536817197,2.6605294536817197,0.8409967422485352,0.8678408265113831,0.8701589703559875,0.8653995990753174
sub-cp022_ses-20210621_level-03B_run-002,sub-cp022,5,hybrid,5000,44,51,50,"{""centroids_per_class"":3,""epochs"":1,""learning_rate"":0.1,""margin_threshold"":0.0}",2,3,3.0,0.05,2.905484756730089,2.905484756730089,0.8102378845214844,0.8418521881103516,0.8628461956977844,0.8660035729408264
sub-cp022_ses-20210621_level-03B_run-005,sub-cp022,5,hybrid,5000,44,51,50,"{""centroids_per_class"":3,""epochs"":1,""learning_rate"":0.1,""margin_threshold"":0.0}",2,2,3.0,0.05,2.6342105149298805,2.6342105149298805,0.8363705277442932,0.8521925210952759,0.8870957493782043,0.8409119248390198
sub-cp022_ses-20210621_level-03B_run-011,sub-cp022,5,hybrid,5000,44,51,50,"{""centroids_per_class"":3,""epochs"":1,""learning_rate"":0.1,""margin_threshold"":0.0}",2,2,3.0,0.05,2.6775492272135253,2.6775492272135253,0.8565651178359985,0.8469855785369873,0.8891798853874207,0.8666465282440186
sub-cp022_ses-20210621_level-04B_run-004,sub-cp022,5,hybrid,5000,44,51,50,"{""centroids_per_class"":3,""epochs"":1,""learning_rate"":0.1,""margin_threshold"":0.0}",3,3,4.0,0.05,3.0953438075487703,3.0953438075487703,0.8224017024040222,0.8359137177467346,0.848310649394989,0.8927015662193298
sub-cp022_ses-20210621_level-04B_run-006,sub-cp022,5,hybrid,5000,44,51,50,"{""centroids_per_class"":3,""epochs"":1,""learning_rate"":0.1,""margin_threshold"":0.0}",3,3,4.0,0.05,3.2552007984939815,3.2552007984939815,0.7936595678329468,0.8267993330955505,0.8297780752182007,0.890978991985321
sub-cp022_ses-20210621_level-04B_run-009,sub-cp022,5,hybrid,5000,44,51,50,"{""centroids_per_class"":3,""epochs"":1,""learning_rate"":0.1,""margin_threshold"":0.0}",3,3,4.0,0.05,3.113865307693629,3.113865307693629,0.7977693676948547,0.8376806974411011,0.8580387234687805,0.8839697241783142
sub-cp028_ses-20211214_level-01B_run-001,sub-cp028,5,hybrid,5000,44,51,50,"{""centroids_per_class"":3,""epochs"":1,""learning_rate"":0.1,""margin_threshold"":0.0}",0,0,1.0,0.05,1.8286333973527125,1.8286333973527125,0.8515732288360596,0.8477877974510193,0.7981367707252502,0.7468665242195129
sub-cp028_ses-20211214_level-01B_run-007,sub-cp028,5,hybrid,5000,44,51,50,"{""centroids_per_class"":3,""epochs"":1,""learning_rate"":0.1,""margin_threshold"":0.0}",0,0,1.0,0.05,1.8510834387260422,1.8510834387260422,0.8863428831100464,0.8662213087081909,0.8307850956916809,0.7988268136978149
sub-cp028_ses-20211214_level-01B_run-012,sub-cp028,5,hybrid,5000,44,51,50,"{""centroids_per_class"":3,""epochs"":1,""learning_rate"":0.1,""margin_threshold"":0.0}",0,0,1.0,0.05,2.022578115839473,2.022578115839473,0.8082365989685059,0.7981044054031372,0.7684736251831055,0.7485842704772949
sub-cp028_ses-20211214_level-02B_run-003,sub-cp028,5,hybrid,5000,44,51,50,"{""centroids_per_class"":3,""epochs"":1,""learning_rate"":0.1,""margin_threshold"":0.0}",1,1,2.0,0.05,2.13496204472992,2.13496204472992,0.8626813292503357,0.90483158826828,0.8637855648994446,0.8028972744941711
sub-cp028_ses-20211214_level-02B_run-008,sub-cp028,5,hybrid,5000,44,51,50,"{""centroids_per_class"":3,""epochs"":1,""learning_rate"":0.1,""margin_threshold"":0.0}",1,1,2.0,0.05,1.8904329800278166,1.8904329800278166,0.882849931716919,0.8926535248756409,0.8377481698989868,0.7864695191383362
sub-cp028_ses-20211214_level-02B_run-010,sub-cp028,5,hybrid,5000,44,51,50,"{""centroids_per_class"":3,""epochs"":1,""learning_rate"":0.1,""margin_threshold"":0.0}",1,1,2.0,0.05,1.9130417667429618,1.9130417667429618,0.8965485692024231,0.9110548496246338,0.866086483001709,0.7807124257087708
sub-cp028_ses-20211214_level-03B_run-002,sub-cp028,5,hybrid,5000,44,51,50,"{""centroids_per_class"":3,""epochs"":1,""learning_rate"":0.1,""margin_threshold"":0.0}",2,2,3.0,0.05,2.499339757347946,2.499339757347946,0.8177419304847717,0.8548179864883423,0.8838504552841187,0.7773677110671997
sub-cp028_ses-20211214_level-03B_run-005,sub-cp028,5,hybrid,5000,44,51,50,"{""centroids_per_class"":3,""epochs"":1,""learning_rate"":0.1,""margin_threshold"":0.0}",2,2,3.0,0.05,2.4480443790520976,2.4480443790520976,0.8473623991012573,0.8845588564872742,0.9068530201911926,0.7978762984275818
sub-cp028_ses-20211214_level-03B_run-011,sub-cp028,5,hybrid,5000,44,51,50,"{""centroids_per_class"":3,""epochs"":1,""learning_rate"":0.1,""margin_threshold"":0.0}",2,1,3.0,0.05,2.3334437398194385,2.3334437398194385,0.8628039360046387,0.8821045160293579,0.8818380236625671,0.8290584087371826
sub-cp028_ses-20211214_level-04B_run-004,sub-cp028,5,hybrid,5000,44,51,50,"{""centroids_per_class"":3,""epochs"":1,""learning_rate"":0.1,""margin_threshold"":0.0}",3,3,4.0,0.05,3.255931725108334,3.255931725108334,0.8116656541824341,0.8289343118667603,0.8424346446990967,0.9016897678375244
sub-cp028_ses-20211214_level-04B_run-006,sub-cp028,5,hybrid,5000,44,51,50,"{""centroids_per_class"":3,""epochs"":1,""learning_rate"":0.1,""margin_threshold"":0.0}",3,3,4.0,0.05,2.903148995029911,2.903148995029911,0.8324580788612366,0.831925630569458,0.8507545590400696,0.8766974210739136
sub-cp028_ses-20211214_level-04B_run-009,sub-cp028,5,hybrid,5000,44,51,50,"{""centroids_per_class"":3,""epochs"":1,""learning_rate"":0.1,""margin_threshold"":0.0}",3,3,4.0,0.05,2.8597121283589635,2.8597121283589635,0.8380753397941589,0.8380522131919861,0.8457980751991272,0.8784199357032776
sub-cp030_ses-20211025_level-01B_run-001,sub-cp030,5,hybrid,5000,44,51,50,"{""centroids_per_class"":3,""epochs"":1,""learning_rate"":0.1,""margin_threshold"":0.0}",0,0,1.0,0.05,1.8470790352448427,1.8470790352448427,0.8678538799285889,0.8340470194816589,0.8154951930046082,0.7790805697441101
sub-cp030_ses-20211025_level-01B_run-007,sub-cp030,5,hybrid,5000,44,51,50,"{""centroids_per_class"":3,""epochs"":1,""learning_rate"":0.1,""margin_threshold"":0.0}",0,0,1.0,0.05,1.4982524468493816,1.4982524468493816,0.8948156833648682,0.8359554409980774,0.7922732830047607,0.7542703151702881
sub-cp030_ses-20211025_level-01B_run-012,sub-cp030,5,hybrid,5000,44,51,50,"{""centroids_per_class"":3,""epochs"":1,""learning_rate"":0.1,""margin_threshold"":0.0}",0,0,1.0,0.05,1.5793945268928413,1.5793945268928413,0.8789698481559753,0.8321796655654907,0.7875938415527344,0.7506559491157532
sub-cp030_ses-20211025_level-02B_run-003,sub-cp030,5,hybrid,5000,44,51,50,"{""centroids_per_class"":3,""epochs"":1,""learning_rate"":0.1,""margin_threshold"":0.0}",1,1,2.0,0.05,2.193476737673861,2.193476737673861,0.8179582357406616,0.8277533054351807,0.8174937963485718,0.7652669548988342
sub-cp030_ses-20211025_level-02B_run-008,sub-cp030,5,hybrid,5000,44,51,50,"{""centroids_per_class"":3,""epochs"":1,""learning_rate"":0.1,""margin_threshold"":0.0}",1,1,2.0,0.05,1.9414770334035116,1.9414770334035116,0.8838426470756531,0.8872224688529968,0.8556130528450012,0.7835551500320435
sub-cp030_ses-20211025_level-02B_run-010,sub-cp030,5,hybrid,5000,44,51,50,"{""centroids_per_class"":3,""epochs"":1,""learning_rate"":0.1,""margin_threshold"":0.0}",1,0,2.0,0.05,1.7557410706690153,1.7557410706690153,0.8920661211013794,0.8797637224197388,0.8315967917442322,0.7695225477218628
sub-cp030_ses-20211025_level-03B_run-002,sub-cp030,5,hybrid,5000,44,51,50,"{""centroids_per_class"":3,""epochs"":1,""learning_rate"":0.1,""margin_threshold"":0.0}",2,2,3.0,0.05,2.6412633710869304,2.6412633710869304,0.7823109030723572,0.7910873293876648,0.8064889311790466,0.7970280647277832
sub-cp030_ses-20211025_level-03B_run-011,sub-cp030,5,hybrid,5000,44,51,50,"{""centroids_per_class"":3,""epochs"":1,""learning_rate"":0.1,""margin_threshold"":0.0}",2,2,3.0,0.05,2.485382754106276,2.485382754106276,0.8334997296333313,0.8646723628044128,0.8793515563011169,0.8176565170288086
sub-cp030_ses-20211025_level-04B_run-004,sub-cp030,5,hybrid,5000,44,51,50,"{""centroids_per_class"":3,""epochs"":1,""learning_rate"":0.1,""margin_threshold"":0.0}",3,3,4.0,0.05,2.6941276821755906,2.6941276821755906,0.7925364971160889,0.7693049311637878,0.7810630202293396,0.8109460473060608
sub-cp030_ses-20211025_level-04B_run-006,sub-cp030,5,hybrid,5000,44,51,50,"{""centroids_per_class"":3,""epochs"":1,""learning_rate"":0.1,""margin_threshold"":0.0}",3,3,4.0,0.05,3.197521436476449,3.197521436476449,0.7585674524307251,0.7757847309112549,0.7901772260665894,0.8420215249061584
sub-cp030_ses-20211025_level-04B_run-009,sub-cp030,5,hybrid,5000,44,51,50,"{""centroids_per_class"":3,""epochs"":1,""learning_rate"":0.1,""margin_threshold"":0.0}",3,3,4.0,0.05,3.2923108704499824,3.2923108704499824,0.8005294799804688,0.8203245997428894,0.825130820274353,0.8950933218002319
sub-cp032_ses-20211105_level-01B_run-001,sub-cp032,5,hybrid,5000,44,51,50,"{""centroids_per_class"":3,""epochs"":1,""learning_rate"":0.1,""margin_threshold"":0.0}",0,0,1.0,0.05,2.1047533933947427,2.1047533933947427,0.8806946873664856,0.8756357431411743,0.8642395734786987,0.8193089962005615
sub-cp032_ses-20211105_level-01B_run-007,sub-cp032,5,hybrid,5000,44,51,50,"{""centroids_per_class"":3,""epochs"":1,""learning_rate"":0.1,""margin_threshold"":0.0}",0,0,1.0,0.05,2.1097389546937975,2.1097389546937975,0.8739442229270935,0.8663507699966431,0.850473940372467,0.8203588724136353
sub-cp032_ses-20211105_level-01B_run-012,sub-cp032,5,hybrid,5000,44,51,50,"{""centroids_per_class"":3,""epochs"":1,""learning_rate"":0.1,""margin_threshold"":0.0}",0,0,1.0,0.05,1.948474655142948,1.948474655142948,0.8956416249275208,0.8805068731307983,0.8465200662612915,0.8266993165016174
sub-cp032_ses-20211105_level-02B_run-003,sub-cp032,5,hybrid,5000,44,51,50,"{""centroids_per_class"":3,""epochs"":1,""learning_rate"":0.1,""margin_threshold"":0.0}",1,1,2.0,0.05,2.2732781868724286,2.2732781868724286,0.8651331663131714,0.8972439765930176,0.878987729549408,0.828742265701294
sub-cp032_ses-20211105_level-02B_run-008,sub-cp032,5,hybrid,5000,44,51,50,"{""centroids_per_class"":3,""epochs"":1,""learning_rate"":0.1,""margin_threshold"":0.0}",1,1,2.0,0.05,2.2976368403893286,2.2976368403893286,0.8578235507011414,0.8858587145805359,0.8688849210739136,0.8282773494720459
sub-cp032_ses-20211105_level-02B_run-010,sub-cp032,5,hybrid,5000,44,51,50,"{""centroids_per_class"":3,""epochs"":1,""learning_rate"":0.1,""margin_threshold"":0.0}",1,1,2.0,0.05,2.2265632523474306,2.2265632523474306,0.8607965111732483,0.901663064956665,0.8785496354103088,0.8095600008964539
sub-cp032_ses-20211105_level-03B_run-002,sub-cp032,5,hybrid,5000,44,51,50,"{""centroids_per_class"":3,""epochs"":1,""learning_rate"":0.1,""margin_threshold"":0.0}",2,2,3.0,0.05,2.5501935613067928,2.5501935613067928,0.8343015313148499,0.8883470892906189,0.9148870706558228,0.8114338517189026
sub-cp032_ses-20211105_level-03B_run-005,sub-cp032,5,hybrid,5000,44,51,50,"{""centroids_per_class"":3,""epochs"":1,""learning_rate"":0.1,""margin_threshold"":0.0}",2,2,3.0,0.05,2.5262452211234963,2.5262452211234963,0.8463248610496521,0.8797391653060913,0.8989227414131165,0.835900604724884
sub-cp032_ses-20211105_level-03B_run-011,sub-cp032,5,hybrid,5000,44,51,50,"{""centroids_per_class"":3,""epochs"":1,""learning_rate"":0.1,""margin_threshold"":0.0}",2,2,3.0,0.05,2.4880030728705864,2.4880030728705864,0.8455861210823059,0.8815047740936279,0.8876723051071167,0.8380683064460754
sub-cp032_ses-20211105_level-04B_run-004,sub-cp032,5,hybrid,5000,44,51,50,"{""centroids_per_class"":3,""epochs"":1,""learning_rate"":0.1,""margin_threshold"":0.0}",3,3,4.0,0.05,3.221957986657558,3.221957986657558,0.8372973799705505,0.8449990749359131,0.8643125295639038,0.9195146560668945
sub-cp032_ses-20211105_level-04B_run-006,sub-cp032,5,hybrid,5000,44,51,50,"{""centroids_per_class"":3,""epochs"":1,""learning_rate"":0.1,""margin_threshold"":0.0}",3,3,4.0,0.05,3.3137491416476,3.3137491416476,0.809161901473999,0.822303056716919,0.8339216113090515,0.9036031365394592
sub-cp032_ses-20211105_level-04B_run-009,sub-cp032,5,hybrid,5000,44,51,50,"{""centroids_per_class"":3,""epochs"":1,""learning_rate"":0.1,""margin_threshold"":0.0}",3,3,4.0,0.05,3.2628579290547908,3.2628579290547908,0.8312338590621948,0.8304952383041382,0.8533823490142822,0.914743185043335
sub-cp035_ses-20220125_level-01B_run-001,sub-cp035,5,hybrid,5000,44,51,50,"{""centroids_per_class"":3,""epochs"":1,""learning_rate"":0.1,""margin_threshold"":0.0}",0,1,1.0,0.05,2.077171403334578,2.077171403334578,0.8689733147621155,0.8734188675880432,0.8554986119270325,0.797096312046051
sub-cp035_ses-20220125_level-01B_run-007,sub-cp035,5,hybrid,5000,44,51,50,"{""centroids_per_class"":3,""epochs"":1,""learning_rate"":0.1,""margin_threshold"":0.0}",0,0,1.0,0.05,1.6666397926035952,1.6666397926035952,0.9203702807426453,0.8756424188613892,0.8441408276557922,0.8066655397415161
sub-cp035_ses-20220125_level-01B_run-012,sub-cp035,5,hybrid,5000,44,51,50,"{""centroids_per_class"":3,""epochs"":1,""learning_rate"":0.1,""margin_threshold"":0.0}",0,0,1.0,0.05,1.893589199034299,1.893589199034299,0.9017651677131653,0.8752151727676392,0.8436750769615173,0.8283147215843201
sub-cp035_ses-20220125_level-02B_run-003,sub-cp035,5,hybrid,5000,44,51,50,"{""centroids_per_class"":3,""epochs"":1,""learning_rate"":0.1,""margin_threshold"":0.0}",1,1,2.0,0.05,2.2827524532566095,2.2827524532566095,0.8633639812469482,0.8917759656906128,0.8610661625862122,0.840948760509491
sub-cp035_ses-20220125_level-02B_run-008,sub-cp035,5,hybrid,5000,44,51,50,"{""centroids_per_class"":3,""epochs"":1,""learning_rate"":0.1,""margin_threshold"":0.0}",1,1,2.0,0.05,2.272547994569197,2.272547994569197,0.8596154451370239,0.9089457988739014,0.8953619599342346,0.7992597222328186
sub-cp035_ses-20220125_level-02B_run-010,sub-cp035,5,hybrid,5000,44,51,50,"{""centroids_per_class"":3,""epochs"":1,""learning_rate"":0.1,""margin_threshold"":0.0}",1,1,2.0,0.05,1.943442667375455,1.943442667375455,0.8894399404525757,0.8952763676643372,0.851982831954956,0.8050580024719238
sub-cp035_ses-20220125_level-03B_run-002,sub-cp035,5,hybrid,5000,44,51,50,"{""centroids_per_class"":3,""epochs"":1,""learning_rate"":0.1,""margin_threshold"":0.0}",2,2,3.0,0.05,2.5196957515581753,2.5196957515581753,0.8081462979316711,0.8391440510749817,0.8579565286636353,0.797024130821228
sub-cp035_ses-20220125_level-03B_run-005,sub-cp035,5,hybrid,5000,44,51,50,"{""centroids_per_class"":3,""epochs"":1,""learning_rate"":0.1,""margin_threshold"":0.0}",2,2,3.0,0.05,2.516197752289308,2.516197752289308,0.8478639125823975,0.887073814868927,0.9060903787612915,0.8327489495277405
sub-cp035_ses-20220125_level-03B_run-011,sub-cp035,5,hybrid,5000,44,51,50,"{""centroids_per_class"":3,""epochs"":1,""learning_rate"":0.1,""margin_threshold"":0.0}",2,2,3.0,0.05,2.4430560046359244,2.4430560046359244,0.841938853263855,0.8937531113624573,0.9038786292076111,0.8067111968994141
sub-cp035_ses-20220125_level-04B_run-004,sub-cp035,5,hybrid,5000,44,51,50,"{""centroids_per_class"":3,""epochs"":1,""learning_rate"":0.1,""margin_threshold"":0.0}",3,3,4.0,0.05,3.322793276527936,3.322793276527936,0.799811601638794,0.8167797923088074,0.8328630328178406,0.8977859616279602
sub-cp035_ses-20220125_level-04B_run-006,sub-cp035,5,hybrid,5000,44,51,50,"{""centroids_per_class"":3,""epochs"":1,""learning_rate"":0.1,""margin_threshold"":0.0}",3,3,4.0,0.05,3.2781181208965795,3.2781181208965795,0.814007043838501,0.8352224230766296,0.8608290553092957,0.9101822376251221
sub-cp035_ses-20220125_level-04B_run-009,sub-cp035,5,hybrid,5000,44,51,50,"{""centroids_per_class"":3,""epochs"":1,""learning_rate"":0.1,""margin_threshold"":0.0}",3,3,4.0,0.05,3.2476369680691834,3.2476369680691834,0.8131922483444214,0.8390576243400574,0.8616005778312683,0.907817006111145
sub-cp005_ses-20210226_level-01B_run-001,sub-cp005,5,hybrid,5000,45,51,50,"{""centroids_per_class"":3,""epochs"":1,""learning_rate"":0.1,""margin_threshold"":0.0}",0,0,1.0,0.05,1.7744391275966105,1.7744391275966105,0.8888038396835327,0.8562100529670715,0.8304783701896667,0.7842910885810852
sub-cp005_ses-20210226_level-01B_run-007,sub-cp005,5,hybrid,5000,45,51,50,"{""centroids_per_class"":3,""epochs"":1,""learning_rate"":0.1,""margin_threshold"":0.0}",0,0,1.0,0.05,1.7825926737848365,1.7825926737848365,0.9042794704437256,0.9004262089729309,0.848687469959259,0.7789555788040161
sub-cp005_ses-20210226_level-01B_run-012,sub-cp005,5,hybrid,5000,45,51,50,"{""centroids_per_class"":3,""epochs"":1,""learning_rate"":0.1,""margin_threshold"":0.0}",0,0,1.0,0.05,1.658056323441477,1.658056323441477,0.9157982468605042,0.8908364176750183,0.8428769111633301,0.7743543386459351
sub-cp005_ses-20210226_level-02B_run-003,sub-cp005,5,hybrid,5000,45,51,50,"{""centroids_per_class"":3,""epochs"":1,""learning_rate"":0.1,""margin_threshold"":0.0}",1,2,2.0,0.05,2.429347800659588,2.429347800659588,0.8033449649810791,0.8459555506706238,0.8480823040008545,0.7827252149581909
sub-cp005_ses-20210226_level-02B_run-008,sub-cp005,5,hybrid,5000,45,51,50,"{""centroids_per_class"":3,""epochs"":1,""learning_rate"":0.1,""margin_threshold"":0.0}",1,1,2.0,0.05,2.1906430702738,2.1906430702738,0.8713167905807495,0.9146789908409119,0.897569477558136,0.7773331999778748
sub-cp005_ses-20210226_level-02B_run-010,sub-cp005,5,hybrid,5000,45,51,50,"{""centroids_per_class"":3,""epochs"":1,""learning_rate"":0.1,""margin_threshold"":0.0}",1,1,2.0,0.05,1.9868612689018608,1.9868612689018608,0.8887908458709717,0.9039736986160278,0.8609381914138794,0.8065508604049683
sub-cp005_ses-20210226_level-03B_run-002,sub-cp005,5,hybrid,5000,45,51,50,"{""centroids_per_class"":3,""epochs"":1,""learning_rate"":0.1,""margin_threshold"":0.0}",2,3,3.0,0.05,2.6089393111703574,2.6089393111703574,0.774092972278595,0.7778951525688171,0.7725657224655151,0.7893309593200684
sub-cp005_ses-20210226_level-03B_run-005,sub-cp005,5,hybrid,5000,45,51,50,"{""centroids_per_class"":3,""epochs"":1,""learning_rate"":0.1,""margin_threshold"":0.0}",2,1,3.0,0.05,2.381662707486893,2.381662707486893,0.8334481716156006,0.8872323632240295,0.8849013447761536,0.7963303923606873
sub-cp005_ses-20210226_level-03B_run-011,sub-cp005,5,hybrid,5000,45,51,50,"{""centroids_per_class"":3,""epochs"":1,""learning_rate"":0.1,""margin_threshold"":0.0}",2,2,3.0,0.05,2.568204405668522,2.568204405668522,0.8293092250823975,0.9019890427589417,0.9079170227050781,0.8439603447914124
sub-cp005_ses-20210226_level-04B_run-004,sub-cp005,5,hybrid,5000,45,51,50,"{""centroids_per_class"":3,""epochs"":1,""learning_rate"":0.1,""margin_threshold"":0.0}",3,2,4.0,0.05,2.782605413894752,2.782605413894752,0.7587312459945679,0.7503412961959839,0.7890634536743164,0.784679114818573
sub-cp005_ses-20210226_level-04B_run-006,sub-cp005,5,hybrid,5000,45,51,50,"{""centroids_per_class"":3,""epochs"":1,""learning_rate"":0.1,""margin_threshold"":0.0}",3,3,4.0,0.05,3.355894313782362,3.355894313782362,0.8091955184936523,0.8406848907470703,0.8683990240097046,0.9213097095489502
sub-cp005_ses-20210226_level-04B_run-009,sub-cp005,5,hybrid,5000,45,51,50,"{""centroids_per_class"":3,""epochs"":1,""learning_rate"":0.1,""margin_threshold"":0.0}",3,3,4.0,0.05,2.9218245679923402,2.9218245679923402,0.8294283151626587,0.8033732175827026,0.8496662378311157,0.8684298992156982
sub-cp017_ses-20210521_level-01B_run-001,sub-cp017,5,hybrid,5000,45,51,50,"{""centroids_per_class"":3,""epochs"":1,""learning_rate"":0.1,""margin_threshold"":0.0}",0,0,1.0,0.05,1.8296512200710828,1.8296512200710828,0.9103407859802246,0.9028787016868591,0.8670924305915833,0.7885929942131042
sub-cp017_ses-20210521_level-01B_run-007,sub-cp017,5,hybrid,5000,45,51,50,"{""centroids_per_class"":3,""epochs"":1,""learning_rate"":0.1,""margin_threshold"":0.0}",0,1,1.0,0.05,1.902655487199961,1.902655487199961,0.881510853767395,0.8938384056091309,0.8533622622489929,0.7506570816040039
sub-cp017_ses-20210521_level-01B_run-012,sub-cp017,5,hybrid,5000,45,51,50,"{""centroids_per_class"":3,""epochs"":1,""learning_rate"":0.1,""margin_threshold"":0.0}",0,1,1.0,0.05,1.997653992226392,1.997653992226392,0.8473348617553711,0.8786552548408508,0.8337851166725159,0.7388856410980225
sub-cp017_ses-20210521_level-02B_run-003,sub-cp017,5,hybrid,5000,45,51,50,"{""centroids_per_class"":3,""epochs"":1,""learning_rate"":0.1,""margin_threshold"":0.0}",1,1,2.0,0.05,2.1873225169987975,2.1873225169987975,0.8481519222259521,0.927180290222168,0.8889703154563904,0.7508241534233093
sub-cp017_ses-20210521_level-02B_run-008,sub-cp017,5,hybrid,5000,45,51,50,"{""centroids_per_class"":3,""epochs"":1,""learning_rate"":0.1,""margin_threshold"":0.0}",1,1,2.0,0.05,2.173088462911481,2.173088462911481,0.8155792951583862,0.8833283185958862,0.8432181477546692,0.7404842972755432
sub-cp017_ses-20210521_level-02B_run-010,sub-cp017,5,hybrid,5000,45,51,50,"{""centroids_per_class"":3,""epochs"":1,""learning_rate"":0.1,""margin_threshold"":0.0}",1,1,2.0,0.05,1.9234483478175335,1.9234483478175335,0.8870750069618225,0.9099075794219971,0.856015145778656,0.7757694125175476
sub-cp017_ses-20210521_level-03B_run-002,sub-cp017,5,hybrid,5000,45,51,50,"{""centroids_per_class"":3,""epochs"":1,""learning_rate"":0.1,""margin_threshold"":0.0}",2,2,3.0,0.05,2.4814657806102236,2.4814657806102236,0.8297619819641113,0.8830468654632568,0.9092231392860413,0.7546848058700562
sub-cp017_ses-20210521_level-03B_run-005,sub-cp017,5,hybrid,5000,45,51,50,"{""centroids_per_class"":3,""epochs"":1,""learning_rate"":0.1,""margin_threshold"":0.0}",2,1,3.0,0.05,2.2218327013974326,2.2218327013974326,0.8788144588470459,0.9024452567100525,0.9004758596420288,0.801336944103241
sub-cp017_ses-20210521_level-03B_run-011,sub-cp017,5,hybrid,5000,45,51,50,"{""centroids_per_class"":3,""epochs"":1,""learning_rate"":0.1,""margin_threshold"":0.0}",2,2,3.0,0.05,2.4532515957328065,2.4532515957328065,0.8527604341506958,0.8890056610107422,0.9119717478752136,0.8055898547172546
sub-cp017_ses-20210521_level-04B_run-004,sub-cp017,5,hybrid,5000,45,51,50,"{""centroids_per_class"":3,""epochs"":1,""learning_rate"":0.1,""margin_threshold"":0.0}",3,3,4.0,0.05,3.1988012934596557,3.1988012934596557,0.8183628916740417,0.845717191696167,0.87552410364151,0.9088476896286011
sub-cp017_ses-20210521_level-04B_run-006,sub-cp017,5,hybrid,5000,45,51,50,"{""centroids_per_class"":3,""epochs"":1,""learning_rate"":0.1,""margin_threshold"":0.0}",3,3,4.0,0.05,3.2274147923436978,3.2274147923436978,0.8227579593658447,0.8431179523468018,0.8713749647140503,0.912749171257019
sub-cp017_ses-20210521_level-04B_run-009,sub-cp017,5,hybrid,5000,45,51,50,"{""centroids_per_class"":3,""epochs"":1,""learning_rate"":0.1,""margin_threshold"":0.0}",3,3,4.0,0.05,3.0964250203798187,3.0964250203798187,0.8209900259971619,0.8471888899803162,0.8598540425300598,0.8973087668418884
sub-cp022_ses-20210621_level-01B_run-001,sub-cp022,5,hybrid,5000,45,51,50,"{""centroids_per_class"":3,""epochs"":1,""learning_rate"":0.1,""margin_threshold"":0.0}",0,1,1.0,0.05,2.1623351437497145,2.1623351437497145,0.8570162057876587,0.857562243938446,0.8363869786262512,0.8136510252952576
sub-cp022_ses-20210621_level-01B_run-007,sub-cp022,5,hybrid,5000,45,51,50,"{""centroids_per_class"":3,""epochs"":1,""learning_rate"":0.1,""margin_threshold"":0.0}",0,0,1.0,0.05,2.0976070485466285,2.0976070485466285,0.8620009422302246,0.8360084295272827,0.8104657530784607,0.8207519054412842
sub-cp022_ses-20210621_level-01B_run-012,sub-cp022,5,hybrid,5000,45,51,50,"{""centroids_per_class"":3,""epochs"":1,""learning_rate"":0.1,""margin_threshold"":0.0}",0,1,1.0,0.05,2.0022348605047116,2.0022348605047116,0.8867406249046326,0.8942998051643372,0.8579192161560059,0.8115638494491577
sub-cp022_ses-20210621_level-02B_run-003,sub-cp022,5,hybrid,5000,45,51,50,"{""centroids_per_class"":3,""epochs"":1,""learning_rate"":0.1,""margin_threshold"":0.0}",1,1,2.0,0.05,2.1751867636540494,2.1751867636540494,0.8581730127334595,0.8652441501617432,0.8495243787765503,0.8090497255325317
sub-cp022_ses-20210621_level-02B_run-008,sub-cp022,5,hybrid,5000,45,51,50,"{""centroids_per_class"":3,""epochs"":1,""learning_rate"":0.1,""margin_threshold"":0.0}",1,1,2.0,0.05,2.4254766847355738,2.4254766847355738,0.8338764309883118,0.8583340644836426,0.8523489832878113,0.8238372206687927
sub-cp022_ses-20210621_level-02B_run-010,sub-cp022,5,hybrid,5000,45,51,50,"{""centroids_per_class"":3,""epochs"":1,""learning_rate"":0.1,""margin_threshold"":0.0}",1,1,2.0,0.05,2.5346771778135153,2.5346771778135153,0.8452624678611755,0.8923592567443848,0.8825991749763489,0.8588846325874329
sub-cp022_ses-20210621_level-03B_run-002,sub-cp022,5,hybrid,5000,45,51,50,"{""centroids_per_class"":3,""epochs"":1,""learning_rate"":0.1,""margin_threshold"":0.0}",2,2,3.0,0.05,2.780615220364362,2.780615220364362,0.8216760158538818,0.8420460820198059,0.8749619722366333,0.8537712693214417
sub-cp022_ses-20210621_level-03B_run-005,sub-cp022,5,hybrid,5000,45,51,50,"{""centroids_per_class"":3,""epochs"":1,""learning_rate"":0.1,""margin_threshold"":0.0}",2,2,3.0,0.05,2.6424111816133156,2.6424111816133156,0.817732572555542,0.862536609172821,0.8835196495056152,0.8341007232666016
sub-cp022_ses-20210621_level-03B_run-011,sub-cp022,5,hybrid,5000,45,51,50,"{""centroids_per_class"":3,""epochs"":1,""learning_rate"":0.1,""margin_threshold"":0.0}",2,2,3.0,0.05,2.67842282845021,2.67842282845021,0.8439788818359375,0.8714109659194946,0.895304799079895,0.8635590672492981
sub-cp022_ses-20210621_level-04B_run-004,sub-cp022,5,hybrid,5000,45,51,50,"{""centroids_per_class"":3,""epochs"":1,""learning_rate"":0.1,""margin_threshold"":0.0}",3,3,4.0,0.05,3.174928125917056,3.174928125917056,0.8263189792633057,0.8211860060691833,0.8510710597038269,0.898887574672699
sub-cp022_ses-20210621_level-04B_run-006,sub-cp022,5,hybrid,5000,45,51,50,"{""centroids_per_class"":3,""epochs"":1,""learning_rate"":0.1,""margin_threshold"":0.0}",3,3,4.0,0.05,3.052799986149946,3.052799986149946,0.8155650496482849,0.8157739043235779,0.8196538090705872,0.875921368598938
sub-cp022_ses-20210621_level-04B_run-009,sub-cp022,5,hybrid,5000,45,51,50,"{""centroids_per_class"":3,""epochs"":1,""learning_rate"":0.1,""margin_threshold"":0.0}",3,3,4.0,0.05,3.157883453791599,3.157883453791599,0.7985113859176636,0.823782742023468,0.8599129319190979,0.8835839033126831
sub-cp028_ses-20211214_level-01B_run-001,sub-cp028,5,hybrid,5000,45,51,50,"{""centroids_per_class"":3,""epochs"":1,""learning_rate"":0.1,""margin_threshold"":0.0}",0,1,1.0,0.05,1.852200440163656,1.852200440163656,0.8563793301582336,0.8570773005485535,0.8152959942817688,0.7370911836624146
sub-cp028_ses-20211214_level-01B_run-007,sub-cp028,5,hybrid,5000,45,51,50,"{""centroids_per_class"":3,""epochs"":1,""learning_rate"":0.1,""margin_threshold"":0.0}",0,0,1.0,0.05,1.77720177254129,1.77720177254129,0.8948412537574768,0.8634617924690247,0.8366459012031555,0.7906110882759094
sub-cp028_ses-20211214_level-01B_run-012,sub-cp028,5,hybrid,5000,45,51,50,"{""centroids_per_class"":3,""epochs"":1,""learning_rate"":0.1,""margin_threshold"":0.0}",0,0,1.0,0.05,1.5598135470957493,1.5598135470957493,0.8604865074157715,0.776957631111145,0.760647177696228,0.7524949312210083
sub-cp028_ses-20211214_level-02B_run-003,sub-cp028,5,hybrid,5000,45,51,50,"{""centroids_per_class"":3,""epochs"":1,""learning_rate"":0.1,""margin_threshold"":0.0}",1,1,2.0,0.05,2.0552231766060065,2.0552231766060065,0.8620144724845886,0.9113672971725464,0.8576558828353882,0.7744473814964294
sub-cp028_ses-20211214_level-02B_run-008,sub-cp028,5,hybrid,5000,45,51,50,"{""centroids_per_class"":3,""epochs"":1,""learning_rate"":0.1,""margin_threshold"":0.0}",1,1,2.0,0.05,1.883217902951486,1.883217902951486,0.8755518198013306,0.8887794017791748,0.8278670310974121,0.7779842615127563
sub-cp028_ses-20211214_level-02B_run-010,sub-cp028,5,hybrid,5000,45,51,50,"{""centroids_per_class"":3,""epochs"":1,""learning_rate"":0.1,""margin_threshold"":0.0}",1,1,2.0,0.05,2.0175447416702452,2.0175447416702452,0.8738431930541992,0.9094108939170837,0.8604627251625061,0.7796767354011536
sub-cp028_ses-20211214_level-03B_run-002,sub-cp028,5,hybrid,5000,45,51,50,"{""centroids_per_class"":3,""epochs"":1,""learning_rate"":0.1,""margin_threshold"":0.0}",2,2,3.0,0.05,2.36290241844034,2.36290241844034,0.814812183380127,0.8673372268676758,0.8676572442054749,0.761819064617157
sub-cp028_ses-20211214_level-03B_run-005,sub-cp028,5,hybrid,5000,45,51,50,"{""centroids_per_class"":3,""epochs"":1,""learning_rate"":0.1,""margin_threshold"":0.0}",2,2,3.0,0.05,2.325263137003745,2.325263137003745,0.8612557053565979,0.8869454860687256,0.9020899534225464,0.781834602355957
sub-cp028_ses-20211214_level-03B_run-011,sub-cp028,5,hybrid,5000,45,51,50,"{""centroids_per_class"":3,""epochs"":1,""learning_rate"":0.1,""margin_threshold"":0.0}",2,1,3.0,0.05,2.2981426970727137,2.2981426970727137,0.8575869202613831,0.8908517360687256,0.8784946799278259,0.8205770254135132
sub-cp028_ses-20211214_level-04B_run-004,sub-cp028,5,hybrid,5000,45,51,50,"{""centroids_per_class"":3,""epochs"":1,""learning_rate"":0.1,""margin_threshold"":0.0}",3,3,4.0,0.05,3.2696232801996037,3.2696232801996037,0.8249638676643372,0.8282522559165955,0.865073025226593,0.912747323513031
sub-cp028_ses-20211214_level-04B_run-006,sub-cp028,5,hybrid,5000,45,51,50,"{""centroids_per_class"":3,""epochs"":1,""learning_rate"":0.1,""margin_threshold"":0.0}",3,3,4.0,0.05,2.9456031081885357,2.9456031081885357,0.8397535085678101,0.8399866223335266,0.8679596185684204,0.8885860443115234
sub-cp028_ses-20211214_level-04B_run-009,sub-cp028,5,hybrid,5000,45,51,50,"{""centroids_per_class"":3,""epochs"":1,""learning_rate"":0.1,""margin_threshold"":0.0}",3,3,4.0,0.05,2.923087401800843,2.923087401800843,0.8384086489677429,0.8191235661506653,0.8534606099128723,0.8794434666633606
sub-cp030_ses-20211025_level-01B_run-001,sub-cp030,5,hybrid,5000,45,51,50,"{""centroids_per_class"":3,""epochs"":1,""learning_rate"":0.1,""margin_threshold"":0.0}",0,0,1.0,0.05,2.0241287734235467,2.0241287734235467,0.8572297096252441,0.8445829749107361,0.8305944800376892,0.7854295969009399
sub-cp030_ses-20211025_level-01B_run-007,sub-cp030,5,hybrid,5000,45,51,50,"{""centroids_per_class"":3,""epochs"":1,""learning_rate"":0.1,""margin_threshold"":0.0}",0,0,1.0,0.05,1.6064844640124007,1.6064844640124007,0.8782353401184082,0.8268678188323975,0.790637195110321,0.7597787976264954
sub-cp030_ses-20211025_level-01B_run-012,sub-cp030,5,hybrid,5000,45,51,50,"{""centroids_per_class"":3,""epochs"":1,""learning_rate"":0.1,""margin_threshold"":0.0}",0,0,1.0,0.05,1.7320119195281443,1.7320119195281443,0.866047203540802,0.8293803930282593,0.790722668170929,0.7684734463691711
sub-cp030_ses-20211025_level-02B_run-003,sub-cp030,5,hybrid,5000,45,51,50,"{""centroids_per_class"":3,""epochs"":1,""learning_rate"":0.1,""margin_threshold"":0.0}",1,1,2.0,0.05,2.161779311301214,2.161779311301214,0.8279517292976379,0.8335545659065247,0.8250480890274048,0.7677844762802124
sub-cp030_ses-20211025_level-02B_run-008,sub-cp030,5,hybrid,5000,45,51,50,"{""centroids_per_class"":3,""epochs"":1,""learning_rate"":0.1,""margin_threshold"":0.0}",1,1,2.0,0.05,1.9790890506048704,1.9790890506048704,0.8686505556106567,0.8783378005027771,0.8477041721343994,0.7702164649963379
sub-cp030_ses-20211025_level-02B_run-010,sub-cp030,5,hybrid,5000,45,51,50,"{""centroids_per_class"":3,""epochs"":1,""learning_rate"":0.1,""margin_threshold"":0.0}",1,0,2.0,0.05,1.8168016765222506,1.8168016765222506,0.8697555661201477,0.8630238771438599,0.8133231997489929,0.7659755349159241
sub-cp030_ses-20211025_level-03B_run-002,sub-cp030,5,hybrid,5000,45,51,50,"{""centroids_per_class"":3,""epochs"":1,""learning_rate"":0.1,""margin_threshold"":0.0}",2,2,3.0,0.05,2.4534705811499102,2.4534705811499102,0.8069646954536438,0.8083245754241943,0.8124809265136719,0.7986335754394531
sub-cp030_ses-20211025_level-03B_run-011,sub-cp030,5,hybrid,5000,45,51,50,"{""centroids_per_class"":3,""epochs"":1,""learning_rate"":0.1,""margin_threshold"":0.0}",2,2,3.0,0.05,2.450011576324612,2.450011576324612,0.8392202258110046,0.8882204294204712,0.8922260403633118,0.8202871680259705
sub-cp030_ses-20211025_level-04B_run-004,sub-cp030,5,hybrid,5000,45,51,50,"{""centroids_per_class"":3,""epochs"":1,""learning_rate"":0.1,""margin_threshold"":0.0}",3,3,4.0,0.05,2.6854705093723616,2.6854705093723616,0.8000713586807251,0.7608178853988647,0.7891493439674377,0.8142436146736145
sub-cp030_ses-20211025_level-04B_run-006,sub-cp030,5,hybrid,5000,45,51,50,"{""centroids_per_class"":3,""epochs"":1,""learning_rate"":0.1,""margin_threshold"":0.0}",3,3,4.0,0.05,3.0009581814680617,3.0009581814680617,0.7867577075958252,0.7757659554481506,0.7968624234199524,0.8383856415748596
sub-cp030_ses-20211025_level-04B_run-009,sub-cp030,5,hybrid,5000,45,51,50,"{""centroids_per_class"":3,""epochs"":1,""learning_rate"":0.1,""margin_threshold"":0.0}",3,3,4.0,0.05,3.151976756346345,3.151976756346345,0.8228524327278137,0.8198330402374268,0.8210694193840027,0.8920344114303589
sub-cp032_ses-20211105_level-01B_run-001,sub-cp032,5,hybrid,5000,45,51,50,"{""centroids_per_class"":3,""epochs"":1,""learning_rate"":0.1,""margin_threshold"":0.0}",0,0,1.0,0.05,2.0504676991749844,2.0504676991749844,0.8852747082710266,0.8753501772880554,0.8585909605026245,0.8206208348274231
sub-cp032_ses-20211105_level-01B_run-007,sub-cp032,5,hybrid,5000,45,51,50,"{""centroids_per_class"":3,""epochs"":1,""learning_rate"":0.1,""margin_threshold"":0.0}",0,0,1.0,0.05,2.1000481198937617,2.1000481198937617,0.8716326355934143,0.8703198432922363,0.842166006565094,0.8215860724449158
sub-cp032_ses-20211105_level-01B_run-012,sub-cp032,5,hybrid,5000,45,51,50,"{""centroids_per_class"":3,""epochs"":1,""learning_rate"":0.1,""margin_threshold"":0.0}",0,0,1.0,0.05,1.9628322557767506,1.9628322557767506,0.8904942870140076,0.8706247210502625,0.8431064486503601,0.8237199783325195
sub-cp032_ses-20211105_level-02B_run-003,sub-cp032,5,hybrid,5000,45,51,50,"{""centroids_per_class"":3,""epochs"":1,""learning_rate"":0.1,""margin_threshold"":0.0}",1,1,2.0,0.05,2.113489746769134,2.113489746769134,0.8825007081031799,0.8868380188941956,0.866977870464325,0.8241577744483948
sub-cp032_ses-20211105_level-02B_run-008,sub-cp032,5,hybrid,5000,45,51,50,"{""centroids_per_class"":3,""epochs"":1,""learning_rate"":0.1,""margin_threshold"":0.0}",1,1,2.0,0.05,2.2173419201797824,2.2173419201797824,0.8712171912193298,0.8832942843437195,0.8629413843154907,0.8330433368682861
sub-cp032_ses-20211105_level-02B_run-010,sub-cp032,5,hybrid,5000,45,51,50,"{""centroids_per_class"":3,""epochs"":1,""learning_rate"":0.1,""margin_threshold"":0.0}",1,1,2.0,0.05,2.1743246300882246,2.1743246300882246,0.8731923699378967,0.8847594857215881,0.8771318197250366,0.8085038065910339
sub-cp032_ses-20211105_level-03B_run-002,sub-cp032,5,hybrid,5000,45,51,50,"{""centroids_per_class"":3,""epochs"":1,""learning_rate"":0.1,""margin_threshold"":0.0}",2,2,3.0,0.05,2.4685822983155763,2.4685822983155763,0.8455018401145935,0.8836748003959656,0.9009032249450684,0.8169222474098206
sub-cp032_ses-20211105_level-03B_run-005,sub-cp032,5,hybrid,5000,45,51,50,"{""centroids_per_class"":3,""epochs"":1,""learning_rate"":0.1,""margin_threshold"":0.0}",2,1,3.0,0.05,2.348082347213147,2.348082347213147,0.8629665374755859,0.8877874612808228,0.8839993476867676,0.8340837359428406
sub-cp032_ses-20211105_level-03B_run-011,sub-cp032,5,hybrid,5000,45,51,50,"{""centroids_per_class"":3,""epochs"":1,""learning_rate"":0.1,""margin_threshold"":0.0}",2,1,3.0,0.05,2.4570569917541913,2.4570569917541913,0.8544132709503174,0.8922364115715027,0.8884377479553223,0.848054826259613
sub-cp032_ses-20211105_level-04B_run-004,sub-cp032,5,hybrid,5000,45,51,50,"{""centroids_per_class"":3,""epochs"":1,""learning_rate"":0.1,""margin_threshold"":0.0}",3,3,4.0,0.05,3.2337125682223364,3.2337125682223364,0.8296859860420227,0.8544737696647644,0.8843297958374023,0.9230285882949829
sub-cp032_ses-20211105_level-04B_run-006,sub-cp032,5,hybrid,5000,45,51,50,"{""centroids_per_class"":3,""epochs"":1,""learning_rate"":0.1,""margin_threshold"":0.0}",3,3,4.0,0.05,3.2131677566731707,3.2131677566731707,0.8215229511260986,0.8389573097229004,0.8555231094360352,0.9070560336112976
sub-cp032_ses-20211105_level-04B_run-009,sub-cp032,5,hybrid,5000,45,51,50,"{""centroids_per_class"":3,""epochs"":1,""learning_rate"":0.1,""margin_threshold"":0.0}",3,3,4.0,0.05,3.284948496495925,3.284948496495925,0.8210474252700806,0.8470858931541443,0.8774318695068359,0.9214662313461304
sub-cp035_ses-20220125_level-01B_run-001,sub-cp035,5,hybrid,5000,45,51,50,"{""centroids_per_class"":3,""epochs"":1,""learning_rate"":0.1,""margin_threshold"":0.0}",0,1,1.0,0.05,2.1065369595782033,2.1065369595782033,0.8569740056991577,0.8820351362228394,0.8422858715057373,0.8008579611778259
sub-cp035_ses-20220125_level-01B_run-007,sub-cp035,5,hybrid,5000,45,51,50,"{""centroids_per_class"":3,""epochs"":1,""learning_rate"":0.1,""margin_threshold"":0.0}",0,0,1.0,0.05,1.8189700188617612,1.8189700188617612,0.9017099738121033,0.862835705280304,0.8475196957588196,0.8082216382026672
sub-cp035_ses-20220125_level-01B_run-012,sub-cp035,5,hybrid,5000,45,51,50,"{""centroids_per_class"":3,""epochs"":1,""learning_rate"":0.1,""margin_threshold"":0.0}",0,0,1.0,0.05,1.987466804263186,1.987466804263186,0.8887336254119873,0.868040919303894,0.8463225960731506,0.8234739899635315
sub-cp035_ses-20220125_level-02B_run-003,sub-cp035,5,hybrid,5000,45,51,50,"{""centroids_per_class"":3,""epochs"":1,""learning_rate"":0.1,""margin_threshold"":0.0}",1,1,2.0,0.05,2.2293447292490645,2.2293447292490645,0.8621622920036316,0.8886440992355347,0.8554947376251221,0.8307344913482666
sub-cp035_ses-20220125_level-02B_run-008,sub-cp035,5,hybrid,5000,45,51,50,"{""centroids_per_class"":3,""epochs"":1,""learning_rate"":0.1,""margin_threshold"":0.0}",1,1,2.0,0.05,2.125254816423569,2.125254816423569,0.87148517370224,0.9035102128982544,0.8813796639442444,0.7793188095092773
sub-cp035_ses-20220125_level-02B_run-010,sub-cp035,5,hybrid,5000,45,51,50,"{""centroids_per_class"":3,""epochs"":1,""learning_rate"":0.1,""margin_threshold"":0.0}",1,1,2.0,0.05,2.016329405134349,2.016329405134349,0.8800339102745056,0.8899940848350525,0.8586840629577637,0.7992729544639587
sub-cp035_ses-20220125_level-03B_run-002,sub-cp035,5,hybrid,5000,45,51,50,"{""centroids_per_class"":3,""epochs"":1,""learning_rate"":0.1,""margin_threshold"":0.0}",2,1,3.0,0.05,2.447001990683849,2.447001990683849,0.7998644113540649,0.8582823276519775,0.8520945906639099,0.7914748191833496
sub-cp035_ses-20220125_level-03B_run-005,sub-cp035,5,hybrid,5000,45,51,50,"{""centroids_per_class"":3,""epochs"":1,""learning_rate"":0.1,""margin_threshold"":0.0}",2,1,3.0,0.05,2.4386762327154354,2.4386762327154354,0.835507333278656,0.8989056348800659,0.893111526966095,0.8232181072235107
sub-cp035_ses-20220125_level-03B_run-011,sub-cp035,5,hybrid,5000,45,51,50,"{""centroids_per_class"":3,""epochs"":1,""learning_rate"":0.1,""margin_threshold"":0.0}",2,1,3.0,0.05,2.29600767151359,2.29600767151359,0.8585940599441528,0.903389573097229,0.8942133188247681,0.8052034378051758
sub-cp035_ses-20220125_level-04B_run-004,sub-cp035,5,hybrid,5000,45,51,50,"{""centroids_per_class"":3,""epochs"":1,""learning_rate"":0.1,""margin_threshold"":0.0}",3,3,4.0,0.05,3.1998041900103793,3.1998041900103793,0.8161095380783081,0.8379099369049072,0.8608173727989197,0.9029437899589539
sub-cp035_ses-20220125_level-04B_run-006,sub-cp035,5,hybrid,5000,45,51,50,"{""centroids_per_class"":3,""epochs"":1,""learning_rate"":0.1,""margin_threshold"":0.0}",3,3,4.0,0.05,3.1350398175362395,3.1350398175362395,0.8280075192451477,0.8624991774559021,0.8837300539016724,0.9137876033782959
sub-cp035_ses-20220125_level-04B_run-009,sub-cp035,5,hybrid,5000,45,51,50,"{""centroids_per_class"":3,""epochs"":1,""learning_rate"":0.1,""margin_threshold"":0.0}",3,3,4.0,0.05,3.1066823773602,3.1066823773602,0.8202100992202759,0.8546411395072937,0.8790977001190186,0.9027634859085083
sub-cp005_ses-20210226_level-01B_run-001,sub-cp005,5,hybrid,5000,46,51,50,"{""centroids_per_class"":3,""epochs"":1,""learning_rate"":0.1,""margin_threshold"":0.0}",0,0,1.0,0.05,1.7544057916317137,1.7544057916317137,0.8882675170898438,0.8693028092384338,0.8079893589019775,0.793323814868927
sub-cp005_ses-20210226_level-01B_run-007,sub-cp005,5,hybrid,5000,46,51,50,"{""centroids_per_class"":3,""epochs"":1,""learning_rate"":0.1,""margin_threshold"":0.0}",0,1,1.0,0.05,1.947941651041615,1.947941651041615,0.8955991268157959,0.9104945063591003,0.865023672580719,0.8006184697151184
sub-cp005_ses-20210226_level-01B_run-012,sub-cp005,5,hybrid,5000,46,51,50,"{""centroids_per_class"":3,""epochs"":1,""learning_rate"":0.1,""margin_threshold"":0.0}",0,0,1.0,0.05,1.7817503211784826,1.7817503211784826,0.9055444598197937,0.8984816670417786,0.8468059301376343,0.7890722751617432
sub-cp005_ses-20210226_level-02B_run-003,sub-cp005,5,hybrid,5000,46,51,50,"{""centroids_per_class"":3,""epochs"":1,""learning_rate"":0.1,""margin_threshold"":0.0}",1,2,2.0,0.05,2.515942203493402,2.515942203493402,0.8122473955154419,0.8341387510299683,0.8391693830490112,0.8123114109039307
sub-cp005_ses-20210226_level-02B_run-008,sub-cp005,5,hybrid,5000,46,51,50,"{""centroids_per_class"":3,""epochs"":1,""learning_rate"":0.1,""margin_threshold"":0.0}",1,1,2.0,0.05,2.256612694094796,2.256612694094796,0.8494718670845032,0.9310128688812256,0.8999878168106079,0.7895300984382629
sub-cp005_ses-20210226_level-02B_run-010,sub-cp005,5,hybrid,5000,46,51,50,"{""centroids_per_class"":3,""epochs"":1,""learning_rate"":0.1,""margin_threshold"":0.0}",1,1,2.0,0.05,2.0627946840950178,2.0627946840950178,0.8866035342216492,0.9180096983909607,0.8728597164154053,0.8156318068504333
sub-cp005_ses-20210226_level-03B_run-002,sub-cp005,5,hybrid,5000,46,51,50,"{""centroids_per_class"":3,""epochs"":1,""learning_rate"":0.1,""margin_threshold"":0.0}",2,3,3.0,0.05,2.8549864804278653,2.8549864804278653,0.7713932991027832,0.7898396849632263,0.8020881414413452,0.8165217638015747
sub-cp005_ses-20210226_level-03B_run-005,sub-cp005,5,hybrid,5000,46,51,50,"{""centroids_per_class"":3,""epochs"":1,""learning_rate"":0.1,""margin_threshold"":0.0}",2,2,3.0,0.05,2.5663040383156526,2.5663040383156526,0.8164729475975037,0.8740021586418152,0.8936501145362854,0.8125553727149963
sub-cp005_ses-20210226_level-03B_run-011,sub-cp005,5,hybrid,5000,46,51,50,"{""centroids_per_class"":3,""epochs"":1,""learning_rate"":0.1,""margin_threshold"":0.0}",2,2,3.0,0.05,2.4898671654637754,2.4898671654637754,0.8593713641166687,0.8890058398246765,0.8935129046440125,0.8543619513511658
sub-cp005_ses-20210226_level-04B_run-004,sub-cp005,5,hybrid,5000,46,51,50,"{""centroids_per_class"":3,""epochs"":1,""learning_rate"":0.1,""margin_threshold"":0.0}",3,3,4.0,0.05,3.0487674320531006,3.0487674320531006,0.7626351714134216,0.7659918665885925,0.8046472668647766,0.8245782256126404
sub-cp005_ses-20210226_level-04B_run-006,sub-cp005,5,hybrid,5000,46,51,50,"{""centroids_per_class"":3,""epochs"":1,""learning_rate"":0.1,""margin_threshold"":0.0}",3,3,4.0,0.05,3.429969126562261,3.429969126562261,0.8057001233100891,0.8333989977836609,0.8531453013420105,0.9236316084861755
sub-cp005_ses-20210226_level-04B_run-009,sub-cp005,5,hybrid,5000,46,51,50,"{""centroids_per_class"":3,""epochs"":1,""learning_rate"":0.1,""margin_threshold"":0.0}",3,3,4.0,0.05,2.9173197528436954,2.9173197528436954,0.8144296407699585,0.8202298879623413,0.8447028994560242,0.8618670105934143
sub-cp017_ses-20210521_level-01B_run-001,sub-cp017,5,hybrid,5000,46,51,50,"{""centroids_per_class"":3,""epochs"":1,""learning_rate"":0.1,""margin_threshold"":0.0}",0,1,1.0,0.05,1.9621287171717778,1.9621287171717778,0.9000473022460938,0.9045867919921875,0.8743950128555298,0.8041393160820007
sub-cp017_ses-20210521_level-01B_run-007,sub-cp017,5,hybrid,5000,46,51,50,"{""centroids_per_class"":3,""epochs"":1,""learning_rate"":0.1,""margin_threshold"":0.0}",0,0,1.0,0.05,1.7981878170905488,1.7981878170905488,0.8997113704681396,0.8877040147781372,0.856096625328064,0.7608999013900757
sub-cp017_ses-20210521_level-01B_run-012,sub-cp017,5,hybrid,5000,46,51,50,"{""centroids_per_class"":3,""epochs"":1,""learning_rate"":0.1,""margin_threshold"":0.0}",0,0,1.0,0.05,1.7897261051260003,1.7897261051260003,0.8758204579353333,0.8539097905158997,0.8312464952468872,0.743839681148529
sub-cp017_ses-20210521_level-02B_run-003,sub-cp017,5,hybrid,5000,46,51,50,"{""centroids_per_class"":3,""epochs"":1,""learning_rate"":0.1,""margin_threshold"":0.0}",1,1,2.0,0.05,2.2508137965562676,2.2508137965562676,0.8549051284790039,0.9266879558563232,0.9036675691604614,0.7696816325187683
sub-cp017_ses-20210521_level-02B_run-008,sub-cp017,5,hybrid,5000,46,51,50,"{""centroids_per_class"":3,""epochs"":1,""learning_rate"":0.1,""margin_threshold"":0.0}",1,1,2.0,0.05,2.245198900669025,2.245198900669025,0.8113458156585693,0.865412175655365,0.8431839346885681,0.7525436878204346
sub-cp017_ses-20210521_level-02B_run-010,sub-cp017,5,hybrid,5000,46,51,50,"{""centroids_per_class"":3,""epochs"":1,""learning_rate"":0.1,""margin_threshold"":0.0}",1,1,2.0,0.05,2.0662281409969587,2.0662281409969587,0.8680096864700317,0.9190735816955566,0.8606182932853699,0.7945153713226318
sub-cp017_ses-20210521_level-03B_run-002,sub-cp017,5,hybrid,5000,46,51,50,"{""centroids_per_class"":3,""epochs"":1,""learning_rate"":0.1,""margin_threshold"":0.0}",2,2,3.0,0.05,2.6075556356601517,2.6075556356601517,0.8230359554290771,0.8800545930862427,0.9215870499610901,0.788000762462616
sub-cp017_ses-20210521_level-03B_run-005,sub-cp017,5,hybrid,5000,46,51,50,"{""centroids_per_class"":3,""epochs"":1,""learning_rate"":0.1,""margin_threshold"":0.0}",2,1,3.0,0.05,2.286501876823785,2.286501876823785,0.8674631118774414,0.9047741293907166,0.898553729057312,0.8117227554321289
sub-cp017_ses-20210521_level-03B_run-011,sub-cp017,5,hybrid,5000,46,51,50,"{""centroids_per_class"":3,""epochs"":1,""learning_rate"":0.1,""margin_threshold"":0.0}",2,2,3.0,0.05,2.558308094591906,2.558308094591906,0.8402016162872314,0.8835169076919556,0.9121960401535034,0.8229981660842896
sub-cp017_ses-20210521_level-04B_run-004,sub-cp017,5,hybrid,5000,46,51,50,"{""centroids_per_class"":3,""epochs"":1,""learning_rate"":0.1,""margin_threshold"":0.0}",3,3,4.0,0.05,3.2983463125441026,3.2983463125441026,0.8326342105865479,0.843187689781189,0.8596909046173096,0.9245929718017578
sub-cp017_ses-20210521_level-04B_run-006,sub-cp017,5,hybrid,5000,46,51,50,"{""centroids_per_class"":3,""epochs"":1,""learning_rate"":0.1,""margin_threshold"":0.0}",3,3,4.0,0.05,3.3987415382208663,3.3987415382208663,0.8160598874092102,0.8294396996498108,0.852689266204834,0.9225272536277771
sub-cp017_ses-20210521_level-04B_run-009,sub-cp017,5,hybrid,5000,46,51,50,"{""centroids_per_class"":3,""epochs"":1,""learning_rate"":0.1,""margin_threshold"":0.0}",3,3,4.0,0.05,3.1831960057219746,3.1831960057219746,0.8189091682434082,0.8353647589683533,0.8546905517578125,0.9008079171180725
sub-cp022_ses-20210621_level-01B_run-001,sub-cp022,5,hybrid,5000,46,51,50,"{""centroids_per_class"":3,""epochs"":1,""learning_rate"":0.1,""margin_threshold"":0.0}",0,0,1.0,0.05,1.966419619976367,1.966419619976367,0.8806186318397522,0.8704748153686523,0.8232429623603821,0.8204893469810486
sub-cp022_ses-20210621_level-01B_run-007,sub-cp022,5,hybrid,5000,46,51,50,"{""centroids_per_class"":3,""epochs"":1,""learning_rate"":0.1,""margin_threshold"":0.0}",0,0,1.0,0.05,2.1519627439036855,2.1519627439036855,0.8558616638183594,0.844612717628479,0.8250739574432373,0.8149376511573792
sub-cp022_ses-20210621_level-01B_run-012,sub-cp022,5,hybrid,5000,46,51,50,"{""centroids_per_class"":3,""epochs"":1,""learning_rate"":0.1,""margin_threshold"":0.0}",0,1,1.0,0.05,1.9688316253056106,1.9688316253056106,0.9000185132026672,0.9242980480194092,0.8579397797584534,0.8272302746772766
sub-cp022_ses-20210621_level-02B_run-003,sub-cp022,5,hybrid,5000,46,51,50,"{""centroids_per_class"":3,""epochs"":1,""learning_rate"":0.1,""margin_threshold"":0.0}",1,1,2.0,0.05,2.16116850370791,2.16116850370791,0.8713725805282593,0.8759704232215881,0.851260244846344,0.828289806842804
sub-cp022_ses-20210621_level-02B_run-008,sub-cp022,5,hybrid,5000,46,51,50,"{""centroids_per_class"":3,""epochs"":1,""learning_rate"":0.1,""margin_threshold"":0.0}",1,1,2.0,0.05,2.33137198840147,2.33137198840147,0.849497377872467,0.8679289817810059,0.8555930852890015,0.8265807032585144
sub-cp022_ses-20210621_level-02B_run-010,sub-cp022,5,hybrid,5000,46,51,50,"{""centroids_per_class"":3,""epochs"":1,""learning_rate"":0.1,""margin_threshold"":0.0}",1,1,2.0,0.05,2.41906698586959,2.41906698586959,0.8610853552818298,0.8852293491363525,0.8639113306999207,0.8579065203666687
sub-cp022_ses-20210621_level-03B_run-002,sub-cp022,5,hybrid,5000,46,51,50,"{""centroids_per_class"":3,""epochs"":1,""learning_rate"":0.1,""margin_threshold"":0.0}",2,2,3.0,0.05,2.828547428877398,2.828547428877398,0.8218220472335815,0.8534495234489441,0.8751878142356873,0.8669674396514893
sub-cp022_ses-20210621_level-03B_run-005,sub-cp022,5,hybrid,5000,46,51,50,"{""centroids_per_class"":3,""epochs"":1,""learning_rate"":0.1,""margin_threshold"":0.0}",2,2,3.0,0.05,2.6125185555666284,2.6125185555666284,0.8417224287986755,0.8653329014778137,0.8760058283805847,0.8554412722587585
sub-cp022_ses-20210621_level-03B_run-011,sub-cp022,5,hybrid,5000,46,51,50,"{""centroids_per_class"":3,""epochs"":1,""learning_rate"":0.1,""margin_threshold"":0.0}",2,3,3.0,0.05,2.653907464298509,2.653907464298509,0.860582709312439,0.8694409728050232,0.8782726526260376,0.8788970708847046
sub-cp022_ses-20210621_level-04B_run-004,sub-cp022,5,hybrid,5000,46,51,50,"{""centroids_per_class"":3,""epochs"":1,""learning_rate"":0.1,""margin_threshold"":0.0}",3,3,4.0,0.05,3.128295493454323,3.128295493454323,0.8247095942497253,0.839238703250885,0.8604578971862793,0.8996148109436035
sub-cp022_ses-20210621_level-04B_run-006,sub-cp022,5,hybrid,5000,46,51,50,"{""centroids_per_class"":3,""epochs"":1,""learning_rate"":0.1,""margin_threshold"":0.0}",3,3,4.0,0.05,2.9413034973141556,2.9413034973141556,0.8213890790939331,0.8416574597358704,0.843124508857727,0.8776612877845764
sub-cp022_ses-20210621_level-04B_run-009,sub-cp022,5,hybrid,5000,46,51,50,"{""centroids_per_class"":3,""epochs"":1,""learning_rate"":0.1,""margin_threshold"":0.0}",3,3,4.0,0.05,3.2292267885875,3.2292267885875,0.7975018620491028,0.8331973552703857,0.8658182621002197,0.8969967365264893
sub-cp028_ses-20211214_level-01B_run-001,sub-cp028,5,hybrid,5000,46,51,50,"{""centroids_per_class"":3,""epochs"":1,""learning_rate"":0.1,""margin_threshold"":0.0}",0,1,1.0,0.05,2.046362651715801,2.046362651715801,0.8368546366691589,0.8552353978157043,0.8202434778213501,0.7610846161842346
sub-cp028_ses-20211214_level-01B_run-007,sub-cp028,5,hybrid,5000,46,51,50,"{""centroids_per_class"":3,""epochs"":1,""learning_rate"":0.1,""margin_threshold"":0.0}",0,0,1.0,0.05,1.7151162884534754,1.7151162884534754,0.9084118008613586,0.873320996761322,0.8384839296340942,0.7990838289260864
sub-cp028_ses-20211214_level-01B_run-012,sub-cp028,5,hybrid,5000,46,51,50,"{""centroids_per_class"":3,""epochs"":1,""learning_rate"":0.1,""margin_threshold"":0.0}",0,0,1.0,0.05,2.127974209983981,2.127974209983981,0.8055157661437988,0.766143262386322,0.7462842464447021,0.7699676752090454
sub-cp028_ses-20211214_level-02B_run-003,sub-cp028,5,hybrid,5000,46,51,50,"{""centroids_per_class"":3,""epochs"":1,""learning_rate"":0.1,""margin_threshold"":0.0}",1,1,2.0,0.05,2.21498282126724,2.21498282126724,0.8570331931114197,0.8987100124359131,0.8745217323303223,0.802187442779541
sub-cp028_ses-20211214_level-02B_run-008,sub-cp028,5,hybrid,5000,46,51,50,"{""centroids_per_class"":3,""epochs"":1,""learning_rate"":0.1,""margin_threshold"":0.0}",1,1,2.0,0.05,1.9586547972636394,1.9586547972636394,0.8716505169868469,0.8990513682365417,0.8319215178489685,0.792198896408081
sub-cp028_ses-20211214_level-02B_run-010,sub-cp028,5,hybrid,5000,46,51,50,"{""centroids_per_class"":3,""epochs"":1,""learning_rate"":0.1,""margin_threshold"":0.0}",1,1,2.0,0.05,1.9580423615708336,1.9580423615708336,0.8923315405845642,0.9135311841964722,0.8622891306877136,0.8000651597976685
sub-cp028_ses-20211214_level-03B_run-002,sub-cp028,5,hybrid,5000,46,51,50,"{""centroids_per_class"":3,""epochs"":1,""learning_rate"":0.1,""margin_threshold"":0.0}",2,2,3.0,0.05,2.558983016828385,2.558983016828385,0.8028034567832947,0.8522589206695557,0.8774299025535583,0.7893109917640686
sub-cp028_ses-20211214_level-03B_run-005,sub-cp028,5,hybrid,5000,46,51,50,"{""centroids_per_class"":3,""epochs"":1,""learning_rate"":0.1,""margin_threshold"":0.0}",2,2,3.0,0.05,2.4591082895143956,2.4591082895143956,0.8490919470787048,0.8956823945045471,0.910237729549408,0.8155215382575989
sub-cp028_ses-20211214_level-03B_run-011,sub-cp028,5,hybrid,5000,46,51,50,"{""centroids_per_class"":3,""epochs"":1,""learning_rate"":0.1,""margin_threshold"":0.0}",2,1,3.0,0.05,2.415012671541213,2.415012671541213,0.8535584807395935,0.8912932872772217,0.8854168057441711,0.8392882943153381
sub-cp028_ses-20211214_level-04B_run-004,sub-cp028,5,hybrid,5000,46,51,50,"{""centroids_per_class"":3,""epochs"":1,""learning_rate"":0.1,""margin_threshold"":0.0}",3,3,4.0,0.05,3.3374180221006378,3.3374180221006378,0.8147438168525696,0.8331596851348877,0.8595194816589355,0.9167529344558716
sub-cp028_ses-20211214_level-04B_run-006,sub-cp028,5,hybrid,5000,46,51,50,"{""centroids_per_class"":3,""epochs"":1,""learning_rate"":0.1,""margin_threshold"":0.0}",3,3,4.0,0.05,3.1081703358199553,3.1081703358199553,0.8259469866752625,0.8299384117126465,0.8693046569824219,0.8952416777610779
sub-cp028_ses-20211214_level-04B_run-009,sub-cp028,5,hybrid,5000,46,51,50,"{""centroids_per_class"":3,""epochs"":1,""learning_rate"":0.1,""margin_threshold"":0.0}",3,3,4.0,0.05,2.9532999099290107,2.9532999099290107,0.8401417136192322,0.8198339343070984,0.8609468936920166,0.8840247988700867
sub-cp030_ses-20211025_level-01B_run-001,sub-cp030,5,hybrid,5000,46,51,50,"{""centroids_per_class"":3,""epochs"":1,""learning_rate"":0.1,""margin_threshold"":0.0}",0,0,1.0,0.05,1.9323201154679732,1.9323201154679732,0.8616874814033508,0.8334187269210815,0.8117429614067078,0.7907741665840149
sub-cp030_ses-20211025_level-01B_run-007,sub-cp030,5,hybrid,5000,46,51,50,"{""centroids_per_class"":3,""epochs"":1,""learning_rate"":0.1,""margin_threshold"":0.0}",0,0,1.0,0.05,1.6984482277734219,1.6984482277734219,0.8643184304237366,0.833783745765686,0.7805469632148743,0.7609222531318665
sub-cp030_ses-20211025_level-01B_run-012,sub-cp030,5,hybrid,5000,46,51,50,"{""centroids_per_class"":3,""epochs"":1,""learning_rate"":0.1,""margin_threshold"":0.0}",0,0,1.0,0.05,1.6474850546084556,1.6474850546084556,0.8705556392669678,0.8345850110054016,0.767207145690918,0.7683453559875488
sub-cp030_ses-20211025_level-02B_run-003,sub-cp030,5,hybrid,5000,46,51,50,"{""centroids_per_class"":3,""epochs"":1,""learning_rate"":0.1,""margin_threshold"":0.0}",1,1,2.0,0.05,2.1806316799129766,2.1806316799129766,0.8302439451217651,0.8327227830886841,0.8210222721099854,0.7816994190216064
sub-cp030_ses-20211025_level-02B_run-008,sub-cp030,5,hybrid,5000,46,51,50,"{""centroids_per_class"":3,""epochs"":1,""learning_rate"":0.1,""margin_threshold"":0.0}",1,1,2.0,0.05,2.176558167222408,2.176558167222408,0.8543479442596436,0.8735980987548828,0.8616905212402344,0.7878559231758118
sub-cp030_ses-20211025_level-02B_run-010,sub-cp030,5,hybrid,5000,46,51,50,"{""centroids_per_class"":3,""epochs"":1,""learning_rate"":0.1,""margin_threshold"":0.0}",1,1,2.0,0.05,1.9804101768204105,1.9804101768204105,0.8598301410675049,0.8682949542999268,0.8331547379493713,0.7734878063201904
sub-cp030_ses-20211025_level-03B_run-002,sub-cp030,5,hybrid,5000,46,51,50,"{""centroids_per_class"":3,""epochs"":1,""learning_rate"":0.1,""margin_threshold"":0.0}",2,2,3.0,0.05,2.436987846693707,2.436987846693707,0.8130092620849609,0.816002368927002,0.818722128868103,0.8026204705238342
sub-cp030_ses-20211025_level-03B_run-011,sub-cp030,5,hybrid,5000,46,51,50,"{""centroids_per_class"":3,""epochs"":1,""learning_rate"":0.1,""margin_threshold"":0.0}",2,2,3.0,0.05,2.594503032603294,2.594503032603294,0.8395767211914062,0.861726701259613,0.8886246681213379,0.8407511115074158
sub-cp030_ses-20211025_level-04B_run-004,sub-cp030,5,hybrid,5000,46,51,50,"{""centroids_per_class"":3,""epochs"":1,""learning_rate"":0.1,""margin_threshold"":0.0}",3,3,4.0,0.05,2.7752399358985,2.7752399358985,0.8021275997161865,0.759615421295166,0.7935978770256042,0.8245283961296082
sub-cp030_ses-20211025_level-04B_run-006,sub-cp030,5,hybrid,5000,46,51,50,"{""centroids_per_class"":3,""epochs"":1,""learning_rate"":0.1,""margin_threshold"":0.0}",3,3,4.0,0.05,2.917693417500833,2.917693417500833,0.7793211340904236,0.7858030796051025,0.8003360033035278,0.8275056481361389
sub-cp030_ses-20211025_level-04B_run-009,sub-cp030,5,hybrid,5000,46,51,50,"{""centroids_per_class"":3,""epochs"":1,""learning_rate"":0.1,""margin_threshold"":0.0}",3,3,4.0,0.05,3.152466561674882,3.152466561674882,0.8103941082954407,0.8438554406166077,0.8301535248756409,0.895285427570343
sub-cp032_ses-20211105_level-01B_run-001,sub-cp032,5,hybrid,5000,46,51,50,"{""centroids_per_class"":3,""epochs"":1,""learning_rate"":0.1,""margin_threshold"":0.0}",0,1,1.0,0.05,2.095560028650179,2.095560028650179,0.8797747492790222,0.8901458382606506,0.8608139753341675,0.8215341567993164
sub-cp032_ses-20211105_level-01B_run-007,sub-cp032,5,hybrid,5000,46,51,50,"{""centroids_per_class"":3,""epochs"":1,""learning_rate"":0.1,""margin_threshold"":0.0}",0,1,1.0,0.05,2.010979006152828,2.010979006152828,0.8756057024002075,0.8824695348739624,0.8384417295455933,0.8116256594657898
sub-cp032_ses-20211105_level-01B_run-012,sub-cp032,5,hybrid,5000,46,51,50,"{""centroids_per_class"":3,""epochs"":1,""learning_rate"":0.1,""margin_threshold"":0.0}",0,0,1.0,0.05,1.8992021707064528,1.8992021707064528,0.8985806107521057,0.8848795294761658,0.8375695943832397,0.826571524143219
sub-cp032_ses-20211105_level-02B_run-003,sub-cp032,5,hybrid,5000,46,51,50,"{""centroids_per_class"":3,""epochs"":1,""learning_rate"":0.1,""margin_threshold"":0.0}",1,1,2.0,0.05,2.2477814906416493,2.2477814906416493,0.8665727972984314,0.892789363861084,0.8683062791824341,0.832567572593689
sub-cp032_ses-20211105_level-02B_run-008,sub-cp032,5,hybrid,5000,46,51,50,"{""centroids_per_class"":3,""epochs"":1,""learning_rate"":0.1,""margin_threshold"":0.0}",1,1,2.0,0.05,2.172670845498966,2.172670845498966,0.8720322251319885,0.8967463374137878,0.8628790974617004,0.8286132216453552
sub-cp032_ses-20211105_level-02B_run-010,sub-cp032,5,hybrid,5000,46,51,50,"{""centroids_per_class"":3,""epochs"":1,""learning_rate"":0.1,""margin_threshold"":0.0}",1,1,2.0,0.05,2.224512338314626,2.224512338314626,0.8605850338935852,0.8985379934310913,0.8761122226715088,0.8100517392158508
sub-cp032_ses-20211105_level-03B_run-002,sub-cp032,5,hybrid,5000,46,51,50,"{""centroids_per_class"":3,""epochs"":1,""learning_rate"":0.1,""margin_threshold"":0.0}",2,2,3.0,0.05,2.5443042001271086,2.5443042001271086,0.8319563269615173,0.8905172944068909,0.9082556962966919,0.8224700689315796
sub-cp032_ses-20211105_level-03B_run-005,sub-cp032,5,hybrid,5000,46,51,50,"{""centroids_per_class"":3,""epochs"":1,""learning_rate"":0.1,""margin_threshold"":0.0}",2,1,3.0,0.05,2.3538122197293085,2.3538122197293085,0.8607434034347534,0.8939757943153381,0.8811498284339905,0.8391886353492737
sub-cp032_ses-20211105_level-03B_run-011,sub-cp032,5,hybrid,5000,46,51,50,"{""centroids_per_class"":3,""epochs"":1,""learning_rate"":0.1,""margin_threshold"":0.0}",2,1,3.0,0.05,2.3922766582935715,2.3922766582935715,0.8579105734825134,0.8983692526817322,0.8845893740653992,0.844810962677002
sub-cp032_ses-20211105_level-04B_run-004,sub-cp032,5,hybrid,5000,46,51,50,"{""centroids_per_class"":3,""epochs"":1,""learning_rate"":0.1,""margin_threshold"":0.0}",3,3,4.0,0.05,3.160066355764555,3.160066355764555,0.8497858643531799,0.8519912958145142,0.8570539951324463,0.9219611883163452
sub-cp032_ses-20211105_level-04B_run-006,sub-cp032,5,hybrid,5000,46,51,50,"{""centroids_per_class"":3,""epochs"":1,""learning_rate"":0.1,""margin_threshold"":0.0}",3,3,4.0,0.05,3.325497785529101,3.325497785529101,0.8222892880439758,0.8245665431022644,0.8389876484870911,0.9133419394493103
sub-cp032_ses-20211105_level-04B_run-009,sub-cp032,5,hybrid,5000,46,51,50,"{""centroids_per_class"":3,""epochs"":1,""learning_rate"":0.1,""margin_threshold"":0.0}",3,3,4.0,0.05,3.29981368844114,3.29981368844114,0.8322021961212158,0.841497004032135,0.8558464050292969,0.923488438129425
sub-cp035_ses-20220125_level-01B_run-001,sub-cp035,5,hybrid,5000,46,51,50,"{""centroids_per_class"":3,""epochs"":1,""learning_rate"":0.1,""margin_threshold"":0.0}",0,1,1.0,0.05,2.048698695917197,2.048698695917197,0.8705543875694275,0.890873372554779,0.8395373225212097,0.8124344944953918
sub-cp035_ses-20220125_level-01B_run-007,sub-cp035,5,hybrid,5000,46,51,50,"{""centroids_per_class"":3,""epochs"":1,""learning_rate"":0.1,""margin_threshold"":0.0}",0,0,1.0,0.05,1.8493101628001813,1.8493101628001813,0.9031246304512024,0.8840529918670654,0.8475782871246338,0.8147887587547302
sub-cp035_ses-20220125_level-01B_run-012,sub-cp035,5,hybrid,5000,46,51,50,"{""centroids_per_class"":3,""epochs"":1,""learning_rate"":0.1,""margin_threshold"":0.0}",0,0,1.0,0.05,1.968489361966369,1.968489361966369,0.8929587602615356,0.8849067687988281,0.8407999277114868,0.8301305770874023
sub-cp035_ses-20220125_level-02B_run-003,sub-cp035,5,hybrid,5000,46,51,50,"{""centroids_per_class"":3,""epochs"":1,""learning_rate"":0.1,""margin_threshold"":0.0}",1,1,2.0,0.05,2.2151403747880622,2.2151403747880622,0.8700568079948425,0.9017543792724609,0.8601406216621399,0.8399275541305542
sub-cp035_ses-20220125_level-02B_run-008,sub-cp035,5,hybrid,5000,46,51,50,"{""centroids_per_class"":3,""epochs"":1,""learning_rate"":0.1,""margin_threshold"":0.0}",1,1,2.0,0.05,2.1728240778586647,2.1728240778586647,0.8636035323143005,0.9099538326263428,0.8799371719360352,0.7949403524398804
sub-cp035_ses-20220125_level-02B_run-010,sub-cp035,5,hybrid,5000,46,51,50,"{""centroids_per_class"":3,""epochs"":1,""learning_rate"":0.1,""margin_threshold"":0.0}",1,1,2.0,0.05,2.0539944276102506,2.0539944276102506,0.8821386098861694,0.9021896123886108,0.860356330871582,0.8164128661155701
sub-cp035_ses-20220125_level-03B_run-002,sub-cp035,5,hybrid,5000,46,51,50,"{""centroids_per_class"":3,""epochs"":1,""learning_rate"":0.1,""margin_threshold"":0.0}",2,1,3.0,0.05,2.446810557624836,2.446810557624836,0.8112758994102478,0.843749463558197,0.8388472199440002,0.8039705157279968
sub-cp035_ses-20220125_level-03B_run-005,sub-cp035,5,hybrid,5000,46,51,50,"{""centroids_per_class"":3,""epochs"":1,""learning_rate"":0.1,""margin_threshold"":0.0}",2,1,3.0,0.05,2.3944576092366767,2.3944576092366767,0.8559576869010925,0.8977014422416687,0.8894100189208984,0.8380067944526672
sub-cp035_ses-20220125_level-03B_run-011,sub-cp035,5,hybrid,5000,46,51,50,"{""centroids_per_class"":3,""epochs"":1,""learning_rate"":0.1,""margin_threshold"":0.0}",2,2,3.0,0.05,2.400647712221994,2.400647712221994,0.8532713651657104,0.8956606984138489,0.9016621708869934,0.8159602880477905
sub-cp035_ses-20220125_level-04B_run-004,sub-cp035,5,hybrid,5000,46,51,50,"{""centroids_per_class"":3,""epochs"":1,""learning_rate"":0.1,""margin_threshold"":0.0}",3,3,4.0,0.05,3.31319938007098,3.31319938007098,0.8175935745239258,0.8284602165222168,0.8619357943534851,0.9138153791427612
sub-cp035_ses-20220125_level-04B_run-006,sub-cp035,5,hybrid,5000,46,51,50,"{""centroids_per_class"":3,""epochs"":1,""learning_rate"":0.1,""margin_threshold"":0.0}",3,3,4.0,0.05,3.3222567242134637,3.3222567242134637,0.8274245262145996,0.8386853337287903,0.8613279461860657,0.9233218431472778
sub-cp035_ses-20220125_level-04B_run-009,sub-cp035,5,hybrid,5000,46,51,50,"{""centroids_per_class"":3,""epochs"":1,""learning_rate"":0.1,""margin_threshold"":0.0}",3,3,4.0,0.05,3.3252373176064003,3.3252373176064003,0.8272263407707214,0.8433611392974854,0.8634425401687622,0.9255996346473694
sub-cp005_ses-20210226_level-01B_run-001,sub-cp005,5,hybrid,10000,42,51,50,"{""centroids_per_class"":3,""epochs"":1,""learning_rate"":0.1,""margin_threshold"":0.0}",0,0,1.0,0.05,1.9266408494110605,1.9266408494110605,0.8790531158447266,0.8699334859848022,0.8400394320487976,0.793367862701416
sub-cp005_ses-20210226_level-01B_run-007,sub-cp005,5,hybrid,10000,42,51,50,"{""centroids_per_class"":3,""epochs"":1,""learning_rate"":0.1,""margin_threshold"":0.0}",0,1,1.0,0.05,1.921486364590948,1.921486364590948,0.9050565361976624,0.9126741290092468,0.8770624995231628,0.7913665771484375
sub-cp005_ses-20210226_level-01B_run-012,sub-cp005,5,hybrid,10000,42,51,50,"{""centroids_per_class"":3,""epochs"":1,""learning_rate"":0.1,""margin_threshold"":0.0}",0,0,1.0,0.05,1.859869566656013,1.859869566656013,0.9046416282653809,0.904636025428772,0.8667605519294739,0.782305121421814
sub-cp005_ses-20210226_level-02B_run-003,sub-cp005,5,hybrid,10000,42,51,50,"{""centroids_per_class"":3,""epochs"":1,""learning_rate"":0.1,""margin_threshold"":0.0}",1,1,2.0,0.05,2.415046540635192,2.415046540635192,0.8037964105606079,0.8438082933425903,0.8310672044754028,0.7950176000595093
sub-cp005_ses-20210226_level-02B_run-008,sub-cp005,5,hybrid,10000,42,51,50,"{""centroids_per_class"":3,""epochs"":1,""learning_rate"":0.1,""margin_threshold"":0.0}",1,1,2.0,0.05,2.145583311476074,2.145583311476074,0.8833596110343933,0.9272693395614624,0.9025090932846069,0.7817043662071228
sub-cp005_ses-20210226_level-02B_run-010,sub-cp005,5,hybrid,10000,42,51,50,"{""centroids_per_class"":3,""epochs"":1,""learning_rate"":0.1,""margin_threshold"":0.0}",1,1,2.0,0.05,2.1137350587784542,2.1137350587784542,0.8856101036071777,0.9144968390464783,0.8865796327590942,0.8096396923065186
sub-cp005_ses-20210226_level-03B_run-002,sub-cp005,5,hybrid,10000,42,51,50,"{""centroids_per_class"":3,""epochs"":1,""learning_rate"":0.1,""margin_threshold"":0.0}",2,3,3.0,0.05,2.8556743397478264,2.8556743397478264,0.763310968875885,0.7810137271881104,0.784710168838501,0.8089966177940369
sub-cp005_ses-20210226_level-03B_run-005,sub-cp005,5,hybrid,10000,42,51,50,"{""centroids_per_class"":3,""epochs"":1,""learning_rate"":0.1,""margin_threshold"":0.0}",2,2,3.0,0.05,2.5060478109698225,2.5060478109698225,0.8297024369239807,0.8788617849349976,0.9004047513008118,0.8001508712768555
sub-cp005_ses-20210226_level-03B_run-011,sub-cp005,5,hybrid,10000,42,51,50,"{""centroids_per_class"":3,""epochs"":1,""learning_rate"":0.1,""margin_threshold"":0.0}",2,2,3.0,0.05,2.4774992425409414,2.4774992425409414,0.8666927218437195,0.8851315379142761,0.908411979675293,0.8438635468482971
sub-cp005_ses-20210226_level-04B_run-004,sub-cp005,5,hybrid,10000,42,51,50,"{""centroids_per_class"":3,""epochs"":1,""learning_rate"":0.1,""margin_threshold"":0.0}",3,3,4.0,0.05,3.027452770460505,3.027452770460505,0.7524450421333313,0.7585586309432983,0.7857416272163391,0.8126459121704102
sub-cp005_ses-20210226_level-04B_run-006,sub-cp005,5,hybrid,10000,42,51,50,"{""centroids_per_class"":3,""epochs"":1,""learning_rate"":0.1,""margin_threshold"":0.0}",3,3,4.0,0.05,3.2918857925141567,3.2918857925141567,0.8241288661956787,0.8424820303916931,0.8455988764762878,0.917745053768158
sub-cp005_ses-20210226_level-04B_run-009,sub-cp005,5,hybrid,10000,42,51,50,"{""centroids_per_class"":3,""epochs"":1,""learning_rate"":0.1,""margin_threshold"":0.0}",3,3,4.0,0.05,2.9054989632899475,2.9054989632899475,0.8231143951416016,0.8130152225494385,0.8442858457565308,0.8644353747367859
sub-cp017_ses-20210521_level-01B_run-001,sub-cp017,5,hybrid,10000,42,51,50,"{""centroids_per_class"":3,""epochs"":1,""learning_rate"":0.1,""margin_threshold"":0.0}",0,0,1.0,0.05,1.787784179468272,1.787784179468272,0.9236834645271301,0.8934149742126465,0.8801521062850952,0.7937111258506775
sub-cp017_ses-20210521_level-01B_run-007,sub-cp017,5,hybrid,10000,42,51,50,"{""centroids_per_class"":3,""epochs"":1,""learning_rate"":0.1,""margin_threshold"":0.0}",0,0,1.0,0.05,1.7991320217846432,1.7991320217846432,0.8933667540550232,0.8882398009300232,0.8503850102424622,0.7433292865753174
sub-cp017_ses-20210521_level-01B_run-012,sub-cp017,5,hybrid,10000,42,51,50,"{""centroids_per_class"":3,""epochs"":1,""learning_rate"":0.1,""margin_threshold"":0.0}",0,1,1.0,0.05,1.8775647692017186,1.8775647692017186,0.8669043183326721,0.8681203722953796,0.8371410965919495,0.7284755706787109
sub-cp017_ses-20210521_level-02B_run-003,sub-cp017,5,hybrid,10000,42,51,50,"{""centroids_per_class"":3,""epochs"":1,""learning_rate"":0.1,""margin_threshold"":0.0}",1,1,2.0,0.05,2.221267367866911,2.221267367866911,0.8671731948852539,0.930392861366272,0.9105249047279358,0.7440202832221985
sub-cp017_ses-20210521_level-02B_run-008,sub-cp017,5,hybrid,10000,42,51,50,"{""centroids_per_class"":3,""epochs"":1,""learning_rate"":0.1,""margin_threshold"":0.0}",1,1,2.0,0.05,2.2174663821335527,2.2174663821335527,0.8240261077880859,0.8793144822120667,0.8579556941986084,0.7400081157684326
sub-cp017_ses-20210521_level-02B_run-010,sub-cp017,5,hybrid,10000,42,51,50,"{""centroids_per_class"":3,""epochs"":1,""learning_rate"":0.1,""margin_threshold"":0.0}",1,1,2.0,0.05,2.080955502354402,2.080955502354402,0.87968510389328,0.9061101675033569,0.8804662823677063,0.7842903137207031
sub-cp017_ses-20210521_level-03B_run-002,sub-cp017,5,hybrid,10000,42,51,50,"{""centroids_per_class"":3,""epochs"":1,""learning_rate"":0.1,""margin_threshold"":0.0}",2,2,3.0,0.05,2.5071763064824046,2.5071763064824046,0.8426440954208374,0.8794247508049011,0.9196641445159912,0.7563580870628357
sub-cp017_ses-20210521_level-03B_run-005,sub-cp017,5,hybrid,10000,42,51,50,"{""centroids_per_class"":3,""epochs"":1,""learning_rate"":0.1,""margin_threshold"":0.0}",2,2,3.0,0.05,2.283154718024347,2.283154718024347,0.8798516392707825,0.8950511813163757,0.9101063013076782,0.800912082195282
sub-cp017_ses-20210521_level-03B_run-011,sub-cp017,5,hybrid,10000,42,51,50,"{""centroids_per_class"":3,""epochs"":1,""learning_rate"":0.1,""margin_threshold"":0.0}",2,2,3.0,0.05,2.524317074531849,2.524317074531849,0.8464272618293762,0.8805798888206482,0.9185565114021301,0.797034740447998
sub-cp017_ses-20210521_level-04B_run-004,sub-cp017,5,hybrid,10000,42,51,50,"{""centroids_per_class"":3,""epochs"":1,""learning_rate"":0.1,""margin_threshold"":0.0}",3,3,4.0,0.05,3.11439859816523,3.11439859816523,0.8380817770957947,0.8529495596885681,0.851990818977356,0.9104541540145874
sub-cp017_ses-20210521_level-04B_run-006,sub-cp017,5,hybrid,10000,42,51,50,"{""centroids_per_class"":3,""epochs"":1,""learning_rate"":0.1,""margin_threshold"":0.0}",3,3,4.0,0.05,3.253578339936137,3.253578339936137,0.8218109011650085,0.8421230912208557,0.8383048176765442,0.9115054607391357
sub-cp017_ses-20210521_level-04B_run-009,sub-cp017,5,hybrid,10000,42,51,50,"{""centroids_per_class"":3,""epochs"":1,""learning_rate"":0.1,""margin_threshold"":0.0}",3,3,4.0,0.05,3.2299874213928748,3.2299874213928748,0.8296212553977966,0.8469048738479614,0.8395136594772339,0.915013313293457
sub-cp022_ses-20210621_level-01B_run-001,sub-cp022,5,hybrid,10000,42,51,50,"{""centroids_per_class"":3,""epochs"":1,""learning_rate"":0.1,""margin_threshold"":0.0}",0,0,1.0,0.05,2.0574669399267194,2.0574669399267194,0.8850359320640564,0.8699331879615784,0.8477839231491089,0.8304904103279114
sub-cp022_ses-20210621_level-01B_run-007,sub-cp022,5,hybrid,10000,42,51,50,"{""centroids_per_class"":3,""epochs"":1,""learning_rate"":0.1,""margin_threshold"":0.0}",0,0,1.0,0.05,2.2070179906477794,2.2070179906477794,0.8602525591850281,0.8363674879074097,0.8415085673332214,0.8192938566207886
sub-cp022_ses-20210621_level-01B_run-012,sub-cp022,5,hybrid,10000,42,51,50,"{""centroids_per_class"":3,""epochs"":1,""learning_rate"":0.1,""margin_threshold"":0.0}",0,1,1.0,0.05,2.0484246689828827,2.0484246689828827,0.9001440405845642,0.9152063131332397,0.8876416087150574,0.817379355430603
sub-cp022_ses-20210621_level-02B_run-003,sub-cp022,5,hybrid,10000,42,51,50,"{""centroids_per_class"":3,""epochs"":1,""learning_rate"":0.1,""margin_threshold"":0.0}",1,1,2.0,0.05,2.129317277669606,2.129317277669606,0.8766489624977112,0.8791517019271851,0.8608306050300598,0.8222895860671997
sub-cp022_ses-20210621_level-02B_run-008,sub-cp022,5,hybrid,10000,42,51,50,"{""centroids_per_class"":3,""epochs"":1,""learning_rate"":0.1,""margin_threshold"":0.0}",1,1,2.0,0.05,2.344757405967057,2.344757405967057,0.8503608703613281,0.8654083013534546,0.8606756329536438,0.825423002243042
sub-cp022_ses-20210621_level-02B_run-010,sub-cp022,5,hybrid,10000,42,51,50,"{""centroids_per_class"":3,""epochs"":1,""learning_rate"":0.1,""margin_threshold"":0.0}",1,1,2.0,0.05,2.348891708721338,2.348891708721338,0.8708717226982117,0.8936613202095032,0.8828015923500061,0.8493074178695679
sub-cp022_ses-20210621_level-03B_run-002,sub-cp022,5,hybrid,10000,42,51,50,"{""centroids_per_class"":3,""epochs"":1,""learning_rate"":0.1,""margin_threshold"":0.0}",2,2,3.0,0.05,2.780628181934237,2.780628181934237,0.8258459568023682,0.8477926850318909,0.8719452023506165,0.8605262637138367
sub-cp022_ses-20210621_level-03B_run-005,sub-cp022,5,hybrid,10000,42,51,50,"{""centroids_per_class"":3,""epochs"":1,""learning_rate"":0.1,""margin_threshold"":0.0}",2,2,3.0,0.05,2.518927144639803,2.518927144639803,0.848736584186554,0.8681515455245972,0.8912982940673828,0.836395800113678
sub-cp022_ses-20210621_level-03B_run-011,sub-cp022,5,hybrid,10000,42,51,50,"{""centroids_per_class"":3,""epochs"":1,""learning_rate"":0.1,""margin_threshold"":0.0}",2,2,3.0,0.05,2.470385419035788,2.470385419035788,0.8733553290367126,0.8734694123268127,0.8839511871337891,0.8647286891937256
sub-cp022_ses-20210621_level-04B_run-004,sub-cp022,5,hybrid,10000,42,51,50,"{""centroids_per_class"":3,""epochs"":1,""learning_rate"":0.1,""margin_threshold"":0.0}",3,3,4.0,0.05,3.1041902956097953,3.1041902956097953,0.8264321088790894,0.8355939984321594,0.8601256608963013,0.8964616656303406
sub-cp022_ses-20210621_level-04B_run-006,sub-cp022,5,hybrid,10000,42,51,50,"{""centroids_per_class"":3,""epochs"":1,""learning_rate"":0.1,""margin_threshold"":0.0}",3,3,4.0,0.05,3.048474219625294,3.048474219625294,0.808795690536499,0.8307337164878845,0.8337122797966003,0.8774241209030151
sub-cp022_ses-20210621_level-04B_run-009,sub-cp022,5,hybrid,10000,42,51,50,"{""centroids_per_class"":3,""epochs"":1,""learning_rate"":0.1,""margin_threshold"":0.0}",3,3,4.0,0.05,3.1488082402111512,3.1488082402111512,0.8071951866149902,0.8355461359024048,0.850957453250885,0.8908006548881531
sub-cp028_ses-20211214_level-01B_run-001,sub-cp028,5,hybrid,10000,42,51,50,"{""centroids_per_class"":3,""epochs"":1,""learning_rate"":0.1,""margin_threshold"":0.0}",0,1,1.0,0.05,2.000700918817036,2.000700918817036,0.8453116416931152,0.8479952812194824,0.8277212977409363,0.7502254843711853
sub-cp028_ses-20211214_level-01B_run-007,sub-cp028,5,hybrid,10000,42,51,50,"{""centroids_per_class"":3,""epochs"":1,""learning_rate"":0.1,""margin_threshold"":0.0}",0,0,1.0,0.05,1.7775823113668667,1.7775823113668667,0.897148072719574,0.8589534759521484,0.8379892110824585,0.7969425320625305
sub-cp028_ses-20211214_level-01B_run-012,sub-cp028,5,hybrid,10000,42,51,50,"{""centroids_per_class"":3,""epochs"":1,""learning_rate"":0.1,""margin_threshold"":0.0}",0,0,1.0,0.05,2.004374877523475,2.004374877523475,0.8247979283332825,0.7841435074806213,0.7824206352233887,0.7629899382591248
sub-cp028_ses-20211214_level-02B_run-003,sub-cp028,5,hybrid,10000,42,51,50,"{""centroids_per_class"":3,""epochs"":1,""learning_rate"":0.1,""margin_threshold"":0.0}",1,1,2.0,0.05,2.204364095006417,2.204364095006417,0.8571110367774963,0.9111420512199402,0.8823655843734741,0.7919759154319763
sub-cp028_ses-20211214_level-02B_run-008,sub-cp028,5,hybrid,10000,42,51,50,"{""centroids_per_class"":3,""epochs"":1,""learning_rate"":0.1,""margin_threshold"":0.0}",1,1,2.0,0.05,1.9371422937907463,1.9371422937907463,0.8810253739356995,0.886591911315918,0.8521758317947388,0.7793534398078918
sub-cp028_ses-20211214_level-02B_run-010,sub-cp028,5,hybrid,10000,42,51,50,"{""centroids_per_class"":3,""epochs"":1,""learning_rate"":0.1,""margin_threshold"":0.0}",1,1,2.0,0.05,2.043970505529334,2.043970505529334,0.8911871910095215,0.917316198348999,0.8847925662994385,0.7934300899505615
sub-cp028_ses-20211214_level-03B_run-002,sub-cp028,5,hybrid,10000,42,51,50,"{""centroids_per_class"":3,""epochs"":1,""learning_rate"":0.1,""margin_threshold"":0.0}",2,2,3.0,0.05,2.524043273190653,2.524043273190653,0.8199720978736877,0.8637683391571045,0.8944939374923706,0.7804480195045471
sub-cp028_ses-20211214_level-03B_run-005,sub-cp028,5,hybrid,10000,42,51,50,"{""centroids_per_class"":3,""epochs"":1,""learning_rate"":0.1,""margin_threshold"":0.0}",2,2,3.0,0.05,2.4646604613720466,2.4646604613720466,0.8531104326248169,0.884918212890625,0.9176892042160034,0.7851861119270325
sub-cp028_ses-20211214_level-03B_run-011,sub-cp028,5,hybrid,10000,42,51,50,"{""centroids_per_class"":3,""epochs"":1,""learning_rate"":0.1,""margin_threshold"":0.0}",2,2,3.0,0.05,2.366635511043552,2.366635511043552,0.8577775955200195,0.8873290419578552,0.8922129273414612,0.8200215697288513
sub-cp028_ses-20211214_level-04B_run-004,sub-cp028,5,hybrid,10000,42,51,50,"{""centroids_per_class"":3,""epochs"":1,""learning_rate"":0.1,""margin_threshold"":0.0}",3,3,4.0,0.05,3.265751202385004,3.265751202385004,0.8133941292762756,0.8323399424552917,0.8419588804244995,0.9049807786941528
sub-cp028_ses-20211214_level-04B_run-006,sub-cp028,5,hybrid,10000,42,51,50,"{""centroids_per_class"":3,""epochs"":1,""learning_rate"":0.1,""margin_threshold"":0.0}",3,3,4.0,0.05,3.0039156015175266,3.0039156015175266,0.8311614990234375,0.8421549797058105,0.8546575307846069,0.8904589414596558
sub-cp028_ses-20211214_level-04B_run-009,sub-cp028,5,hybrid,10000,42,51,50,"{""centroids_per_class"":3,""epochs"":1,""learning_rate"":0.1,""margin_threshold"":0.0}",3,3,4.0,0.05,2.8944369141729647,2.8944369141729647,0.8403340578079224,0.8244536519050598,0.851298451423645,0.8793814182281494
sub-cp030_ses-20211025_level-01B_run-001,sub-cp030,5,hybrid,10000,42,51,50,"{""centroids_per_class"":3,""epochs"":1,""learning_rate"":0.1,""margin_threshold"":0.0}",0,0,1.0,0.05,1.956615692862721,1.956615692862721,0.8657388091087341,0.845703125,0.8219397664070129,0.794649600982666
sub-cp030_ses-20211025_level-01B_run-007,sub-cp030,5,hybrid,10000,42,51,50,"{""centroids_per_class"":3,""epochs"":1,""learning_rate"":0.1,""margin_threshold"":0.0}",0,0,1.0,0.05,1.6300858080266851,1.6300858080266851,0.8817705512046814,0.8319961428642273,0.8041180968284607,0.7590259313583374
sub-cp030_ses-20211025_level-01B_run-012,sub-cp030,5,hybrid,10000,42,51,50,"{""centroids_per_class"":3,""epochs"":1,""learning_rate"":0.1,""margin_threshold"":0.0}",0,0,1.0,0.05,1.644612391574774,1.644612391574774,0.877682626247406,0.8371655941009521,0.7950286865234375,0.7607219219207764
sub-cp030_ses-20211025_level-02B_run-003,sub-cp030,5,hybrid,10000,42,51,50,"{""centroids_per_class"":3,""epochs"":1,""learning_rate"":0.1,""margin_threshold"":0.0}",1,1,2.0,0.05,2.2233802560089178,2.2233802560089178,0.8267838358879089,0.8381434679031372,0.828716516494751,0.7799646854400635
sub-cp030_ses-20211025_level-02B_run-008,sub-cp030,5,hybrid,10000,42,51,50,"{""centroids_per_class"":3,""epochs"":1,""learning_rate"":0.1,""margin_threshold"":0.0}",1,0,2.0,0.05,2.0730211382295773,2.0730211382295773,0.8798623085021973,0.8783265352249146,0.8742467164993286,0.7893581390380859
sub-cp030_ses-20211025_level-02B_run-010,sub-cp030,5,hybrid,10000,42,51,50,"{""centroids_per_class"":3,""epochs"":1,""learning_rate"":0.1,""margin_threshold"":0.0}",1,0,2.0,0.05,1.9113186707987246,1.9113186707987246,0.8768227100372314,0.8572724461555481,0.846765398979187,0.77158123254776
sub-cp030_ses-20211025_level-03B_run-002,sub-cp030,5,hybrid,10000,42,51,50,"{""centroids_per_class"":3,""epochs"":1,""learning_rate"":0.1,""margin_threshold"":0.0}",2,2,3.0,0.05,2.4757541544567356,2.4757541544567356,0.8017446994781494,0.8071338534355164,0.8099720478057861,0.7970499396324158
sub-cp030_ses-20211025_level-03B_run-011,sub-cp030,5,hybrid,10000,42,51,50,"{""centroids_per_class"":3,""epochs"":1,""learning_rate"":0.1,""margin_threshold"":0.0}",2,2,3.0,0.05,2.4241076273150233,2.4241076273150233,0.8531807661056519,0.8804024457931519,0.8851049542427063,0.8335695862770081
sub-cp030_ses-20211025_level-04B_run-004,sub-cp030,5,hybrid,10000,42,51,50,"{""centroids_per_class"":3,""epochs"":1,""learning_rate"":0.1,""margin_threshold"":0.0}",3,3,4.0,0.05,2.7790550745287828,2.7790550745287828,0.7954381704330444,0.7676243185997009,0.7955834269523621,0.8202174305915833
sub-cp030_ses-20211025_level-04B_run-006,sub-cp030,5,hybrid,10000,42,51,50,"{""centroids_per_class"":3,""epochs"":1,""learning_rate"":0.1,""margin_threshold"":0.0}",3,3,4.0,0.05,3.080797582335907,3.080797582335907,0.7725318074226379,0.7902171015739441,0.7951764464378357,0.8427960276603699
sub-cp030_ses-20211025_level-04B_run-009,sub-cp030,5,hybrid,10000,42,51,50,"{""centroids_per_class"":3,""epochs"":1,""learning_rate"":0.1,""margin_threshold"":0.0}",3,3,4.0,0.05,3.2337481713413854,3.2337481713413854,0.804669976234436,0.8354422450065613,0.8344841599464417,0.8978617191314697
sub-cp032_ses-20211105_level-01B_run-001,sub-cp032,5,hybrid,10000,42,51,50,"{""centroids_per_class"":3,""epochs"":1,""learning_rate"":0.1,""margin_threshold"":0.0}",0,1,1.0,0.05,2.1943874697925425,2.1943874697925425,0.8775634169578552,0.8869257569313049,0.8798960447311401,0.8211870789527893
sub-cp032_ses-20211105_level-01B_run-007,sub-cp032,5,hybrid,10000,42,51,50,"{""centroids_per_class"":3,""epochs"":1,""learning_rate"":0.1,""margin_threshold"":0.0}",0,0,1.0,0.05,2.0685277645812183,2.0685277645812183,0.8835965394973755,0.8764463067054749,0.8642212748527527,0.8155921101570129
sub-cp032_ses-20211105_level-01B_run-012,sub-cp032,5,hybrid,10000,42,51,50,"{""centroids_per_class"":3,""epochs"":1,""learning_rate"":0.1,""margin_threshold"":0.0}",0,0,1.0,0.05,1.9980071495250575,1.9980071495250575,0.9046415686607361,0.8932781219482422,0.8721856474876404,0.8324878811836243
sub-cp032_ses-20211105_level-02B_run-003,sub-cp032,5,hybrid,10000,42,51,50,"{""centroids_per_class"":3,""epochs"":1,""learning_rate"":0.1,""margin_threshold"":0.0}",1,1,2.0,0.05,2.1947905134175043,2.1947905134175043,0.875809371471405,0.8887604475021362,0.8732277750968933,0.8271746635437012
sub-cp032_ses-20211105_level-02B_run-008,sub-cp032,5,hybrid,10000,42,51,50,"{""centroids_per_class"":3,""epochs"":1,""learning_rate"":0.1,""margin_threshold"":0.0}",1,1,2.0,0.05,2.2041201464946476,2.2041201464946476,0.8735609650611877,0.8853578567504883,0.8666086196899414,0.8312174081802368
sub-cp032_ses-20211105_level-02B_run-010,sub-cp032,5,hybrid,10000,42,51,50,"{""centroids_per_class"":3,""epochs"":1,""learning_rate"":0.1,""margin_threshold"":0.0}",1,1,2.0,0.05,2.2298940022687934,2.2298940022687934,0.8696633577346802,0.8917027115821838,0.8815137147903442,0.8164835572242737
sub-cp032_ses-20211105_level-03B_run-002,sub-cp032,5,hybrid,10000,42,51,50,"{""centroids_per_class"":3,""epochs"":1,""learning_rate"":0.1,""margin_threshold"":0.0}",2,2,3.0,0.05,2.515425828202928,2.515425828202928,0.8455846309661865,0.8796187043190002,0.9082225561141968,0.8169618248939514
sub-cp032_ses-20211105_level-03B_run-005,sub-cp032,5,hybrid,10000,42,51,50,"{""centroids_per_class"":3,""epochs"":1,""learning_rate"":0.1,""margin_threshold"":0.0}",2,2,3.0,0.05,2.3536879983213246,2.3536879983213246,0.8633161783218384,0.8812464475631714,0.8827134370803833,0.8335253000259399
sub-cp032_ses-20211105_level-03B_run-011,sub-cp032,5,hybrid,10000,42,51,50,"{""centroids_per_class"":3,""epochs"":1,""learning_rate"":0.1,""margin_threshold"":0.0}",2,2,3.0,0.05,2.4124374886087074,2.4124374886087074,0.8643559217453003,0.8918911814689636,0.8928654193878174,0.8454921841621399
sub-cp032_ses-20211105_level-04B_run-004,sub-cp032,5,hybrid,10000,42,51,50,"{""centroids_per_class"":3,""epochs"":1,""learning_rate"":0.1,""margin_threshold"":0.0}",3,3,4.0,0.05,2.956766833945021,2.956766833945021,0.861587643623352,0.8699486255645752,0.8704766035079956,0.9149990081787109
sub-cp032_ses-20211105_level-04B_run-006,sub-cp032,5,hybrid,10000,42,51,50,"{""centroids_per_class"":3,""epochs"":1,""learning_rate"":0.1,""margin_threshold"":0.0}",3,3,4.0,0.05,3.205748938621863,3.205748938621863,0.8343988060951233,0.8370713591575623,0.8254315257072449,0.9106484055519104
sub-cp032_ses-20211105_level-04B_run-009,sub-cp032,5,hybrid,10000,42,51,50,"{""centroids_per_class"":3,""epochs"":1,""learning_rate"":0.1,""margin_threshold"":0.0}",3,3,4.0,0.05,3.097692309403877,3.097692309403877,0.8482931852340698,0.8615414500236511,0.863366425037384,0.9183127880096436
sub-cp035_ses-20220125_level-01B_run-001,sub-cp035,5,hybrid,10000,42,51,50,"{""centroids_per_class"":3,""epochs"":1,""learning_rate"":0.1,""margin_threshold"":0.0}",0,1,1.0,0.05,2.1091108219910586,2.1091108219910586,0.8725356459617615,0.890548050403595,0.867837131023407,0.8012616038322449
sub-cp035_ses-20220125_level-01B_run-007,sub-cp035,5,hybrid,10000,42,51,50,"{""centroids_per_class"":3,""epochs"":1,""learning_rate"":0.1,""margin_threshold"":0.0}",0,1,1.0,0.05,1.963232227516651,1.963232227516651,0.8980737924575806,0.9008058905601501,0.869141161441803,0.8090236186981201
sub-cp035_ses-20220125_level-01B_run-012,sub-cp035,5,hybrid,10000,42,51,50,"{""centroids_per_class"":3,""epochs"":1,""learning_rate"":0.1,""margin_threshold"":0.0}",0,0,1.0,0.05,1.9854705443223857,1.9854705443223857,0.8946326971054077,0.8851762413978577,0.8547080159187317,0.8266181349754333
sub-cp035_ses-20220125_level-02B_run-003,sub-cp035,5,hybrid,10000,42,51,50,"{""centroids_per_class"":3,""epochs"":1,""learning_rate"":0.1,""margin_threshold"":0.0}",1,1,2.0,0.05,2.176334062723928,2.176334062723928,0.8790175318717957,0.9145113229751587,0.8750494122505188,0.8361741304397583
sub-cp035_ses-20220125_level-02B_run-008,sub-cp035,5,hybrid,10000,42,51,50,"{""centroids_per_class"":3,""epochs"":1,""learning_rate"":0.1,""margin_threshold"":0.0}",1,1,2.0,0.05,2.267180184975371,2.267180184975371,0.8636313676834106,0.915826678276062,0.9015593528747559,0.7974621653556824
sub-cp035_ses-20220125_level-02B_run-010,sub-cp035,5,hybrid,10000,42,51,50,"{""centroids_per_class"":3,""epochs"":1,""learning_rate"":0.1,""margin_threshold"":0.0}",1,1,2.0,0.05,2.051568043121554,2.051568043121554,0.8837185502052307,0.914788007736206,0.8708305358886719,0.8063492178916931
sub-cp035_ses-20220125_level-03B_run-002,sub-cp035,5,hybrid,10000,42,51,50,"{""centroids_per_class"":3,""epochs"":1,""learning_rate"":0.1,""margin_threshold"":0.0}",2,1,3.0,0.05,2.3637795857539605,2.3637795857539605,0.8158166408538818,0.8626447319984436,0.8540268540382385,0.7873372435569763
sub-cp035_ses-20220125_level-03B_run-005,sub-cp035,5,hybrid,10000,42,51,50,"{""centroids_per_class"":3,""epochs"":1,""learning_rate"":0.1,""margin_threshold"":0.0}",2,2,3.0,0.05,2.4133069833364735,2.4133069833364735,0.8597381711006165,0.9001675844192505,0.9112856388092041,0.8185457587242126
sub-cp035_ses-20220125_level-03B_run-011,sub-cp035,5,hybrid,10000,42,51,50,"{""centroids_per_class"":3,""epochs"":1,""learning_rate"":0.1,""margin_threshold"":0.0}",2,2,3.0,0.05,2.3802158312335933,2.3802158312335933,0.8550814390182495,0.9049285650253296,0.909062922000885,0.8042624592781067
sub-cp035_ses-20220125_level-04B_run-004,sub-cp035,5,hybrid,10000,42,51,50,"{""centroids_per_class"":3,""epochs"":1,""learning_rate"":0.1,""margin_threshold"":0.0}",3,3,4.0,0.05,3.2369146928919355,3.2369146928919355,0.8175341486930847,0.8400983810424805,0.8418059349060059,0.906965970993042
sub-cp035_ses-20220125_level-04B_run-006,sub-cp035,5,hybrid,10000,42,51,50,"{""centroids_per_class"":3,""epochs"":1,""learning_rate"":0.1,""margin_threshold"":0.0}",3,3,4.0,0.05,3.200861651856023,3.200861651856023,0.8322697877883911,0.8468157649040222,0.8542972207069397,0.914264440536499
sub-cp035_ses-20220125_level-04B_run-009,sub-cp035,5,hybrid,10000,42,51,50,"{""centroids_per_class"":3,""epochs"":1,""learning_rate"":0.1,""margin_threshold"":0.0}",3,3,4.0,0.05,3.1250767991467105,3.1250767991467105,0.8312466740608215,0.8462424874305725,0.8514195680618286,0.9050824046134949
sub-cp005_ses-20210226_level-01B_run-001,sub-cp005,5,hybrid,10000,43,51,50,"{""centroids_per_class"":3,""epochs"":1,""learning_rate"":0.1,""margin_threshold"":0.0}",0,0,1.0,0.05,1.916992122875154,1.916992122875154,0.8641879558563232,0.8433784246444702,0.8313765525817871,0.767361044883728
sub-cp005_ses-20210226_level-01B_run-007,sub-cp005,5,hybrid,10000,43,51,50,"{""centroids_per_class"":3,""epochs"":1,""learning_rate"":0.1,""margin_threshold"":0.0}",0,1,1.0,0.05,1.9441073931733748,1.9441073931733748,0.8927263021469116,0.8960684537887573,0.8731014728546143,0.7684546709060669
sub-cp005_ses-20210226_level-01B_run-012,sub-cp005,5,hybrid,10000,43,51,50,"{""centroids_per_class"":3,""epochs"":1,""learning_rate"":0.1,""margin_threshold"":0.0}",0,0,1.0,0.05,1.8084334797525567,1.8084334797525567,0.8979499936103821,0.8912598490715027,0.8553697466850281,0.757615864276886
sub-cp005_ses-20210226_level-02B_run-003,sub-cp005,5,hybrid,10000,43,51,50,"{""centroids_per_class"":3,""epochs"":1,""learning_rate"":0.1,""margin_threshold"":0.0}",1,2,2.0,0.05,2.6180995436605317,2.6180995436605317,0.7970921993255615,0.8209431171417236,0.8426246047019958,0.8063997030258179
sub-cp005_ses-20210226_level-02B_run-008,sub-cp005,5,hybrid,10000,43,51,50,"{""centroids_per_class"":3,""epochs"":1,""learning_rate"":0.1,""margin_threshold"":0.0}",1,1,2.0,0.05,2.069667415436761,2.069667415436761,0.8775679469108582,0.9328399896621704,0.8842293620109558,0.7683334350585938
sub-cp005_ses-20210226_level-02B_run-010,sub-cp005,5,hybrid,10000,43,51,50,"{""centroids_per_class"":3,""epochs"":1,""learning_rate"":0.1,""margin_threshold"":0.0}",1,1,2.0,0.05,2.1085323634727056,2.1085323634727056,0.8737029433250427,0.904581606388092,0.8792956471443176,0.7837296724319458
sub-cp005_ses-20210226_level-03B_run-002,sub-cp005,5,hybrid,10000,43,51,50,"{""centroids_per_class"":3,""epochs"":1,""learning_rate"":0.1,""margin_threshold"":0.0}",2,3,3.0,0.05,2.9701925475683053,2.9701925475683053,0.7438688278198242,0.7771492600440979,0.7786974906921387,0.8091246485710144
sub-cp005_ses-20210226_level-03B_run-005,sub-cp005,5,hybrid,10000,43,51,50,"{""centroids_per_class"":3,""epochs"":1,""learning_rate"":0.1,""margin_threshold"":0.0}",2,2,3.0,0.05,2.5530479404011217,2.5530479404011217,0.821995735168457,0.8618667125701904,0.8948296308517456,0.7961286306381226
sub-cp005_ses-20210226_level-03B_run-011,sub-cp005,5,hybrid,10000,43,51,50,"{""centroids_per_class"":3,""epochs"":1,""learning_rate"":0.1,""margin_threshold"":0.0}",2,2,3.0,0.05,2.70973614484457,2.70973614484457,0.8277447819709778,0.8630484342575073,0.9020159244537354,0.8461823463439941
sub-cp005_ses-20210226_level-04B_run-004,sub-cp005,5,hybrid,10000,43,51,50,"{""centroids_per_class"":3,""epochs"":1,""learning_rate"":0.1,""margin_threshold"":0.0}",3,3,4.0,0.05,3.172383223841119,3.172383223841119,0.7458018064498901,0.7463683485984802,0.7831653952598572,0.8209760189056396
sub-cp005_ses-20210226_level-04B_run-006,sub-cp005,5,hybrid,10000,43,51,50,"{""centroids_per_class"":3,""epochs"":1,""learning_rate"":0.1,""margin_threshold"":0.0}",3,3,4.0,0.05,3.458950469119655,3.458950469119655,0.8037566542625427,0.8115270137786865,0.8592005968093872,0.9201971292495728
sub-cp005_ses-20210226_level-04B_run-009,sub-cp005,5,hybrid,10000,43,51,50,"{""centroids_per_class"":3,""epochs"":1,""learning_rate"":0.1,""margin_threshold"":0.0}",3,3,4.0,0.05,3.0122402704529305,3.0122402704529305,0.8146084547042847,0.7992083430290222,0.8319042921066284,0.8662288188934326
sub-cp017_ses-20210521_level-01B_run-001,sub-cp017,5,hybrid,10000,43,51,50,"{""centroids_per_class"":3,""epochs"":1,""learning_rate"":0.1,""margin_threshold"":0.0}",0,0,1.0,0.05,1.805280529170928,1.805280529170928,0.9083418846130371,0.8975102305412292,0.8629930019378662,0.7792894244194031
sub-cp017_ses-20210521_level-01B_run-007,sub-cp017,5,hybrid,10000,43,51,50,"{""centroids_per_class"":3,""epochs"":1,""learning_rate"":0.1,""margin_threshold"":0.0}",0,0,1.0,0.05,1.7802284659039695,1.7802284659039695,0.8892673254013062,0.8866400122642517,0.8422704935073853,0.7318083643913269
sub-cp017_ses-20210521_level-01B_run-012,sub-cp017,5,hybrid,10000,43,51,50,"{""centroids_per_class"":3,""epochs"":1,""learning_rate"":0.1,""margin_threshold"":0.0}",0,0,1.0,0.05,1.7761631285606294,1.7761631285606294,0.8681638240814209,0.8602474927902222,0.8198084235191345,0.722115159034729
sub-cp017_ses-20210521_level-02B_run-003,sub-cp017,5,hybrid,10000,43,51,50,"{""centroids_per_class"":3,""epochs"":1,""learning_rate"":0.1,""margin_threshold"":0.0}",1,1,2.0,0.05,2.1510130853729352,2.1510130853729352,0.8614330887794495,0.9343621730804443,0.8949217796325684,0.7329640984535217
sub-cp017_ses-20210521_level-02B_run-008,sub-cp017,5,hybrid,10000,43,51,50,"{""centroids_per_class"":3,""epochs"":1,""learning_rate"":0.1,""margin_threshold"":0.0}",1,1,2.0,0.05,2.079182649790636,2.079182649790636,0.8358455896377563,0.8813583850860596,0.8403893113136292,0.7372822761535645
sub-cp017_ses-20210521_level-02B_run-010,sub-cp017,5,hybrid,10000,43,51,50,"{""centroids_per_class"":3,""epochs"":1,""learning_rate"":0.1,""margin_threshold"":0.0}",1,1,2.0,0.05,2.0558112127299633,2.0558112127299633,0.8684683442115784,0.9062789082527161,0.8667809963226318,0.7682255506515503
sub-cp017_ses-20210521_level-03B_run-002,sub-cp017,5,hybrid,10000,43,51,50,"{""centroids_per_class"":3,""epochs"":1,""learning_rate"":0.1,""margin_threshold"":0.0}",2,2,3.0,0.05,2.3883784370247305,2.3883784370247305,0.8376700282096863,0.8875914216041565,0.9013473391532898,0.7458372116088867
sub-cp017_ses-20210521_level-03B_run-005,sub-cp017,5,hybrid,10000,43,51,50,"{""centroids_per_class"":3,""epochs"":1,""learning_rate"":0.1,""margin_threshold"":0.0}",2,1,3.0,0.05,2.22358296476219,2.22358296476219,0.8633576035499573,0.8967083096504211,0.88984215259552,0.7807668447494507
sub-cp017_ses-20210521_level-03B_run-011,sub-cp017,5,hybrid,10000,43,51,50,"{""centroids_per_class"":3,""epochs"":1,""learning_rate"":0.1,""margin_threshold"":0.0}",2,2,3.0,0.05,2.451125635241198,2.451125635241198,0.847137987613678,0.8957471251487732,0.9169368743896484,0.7827024459838867
sub-cp017_ses-20210521_level-04B_run-004,sub-cp017,5,hybrid,10000,43,51,50,"{""centroids_per_class"":3,""epochs"":1,""learning_rate"":0.1,""margin_threshold"":0.0}",3,3,4.0,0.05,3.229556026754035,3.229556026754035,0.8228557705879211,0.8224074244499207,0.861174464225769,0.9044812321662903
sub-cp017_ses-20210521_level-04B_run-006,sub-cp017,5,hybrid,10000,43,51,50,"{""centroids_per_class"":3,""epochs"":1,""learning_rate"":0.1,""margin_threshold"":0.0}",3,3,4.0,0.05,3.287499191945897,3.287499191945897,0.8079423904418945,0.809777557849884,0.848379373550415,0.8974552750587463
sub-cp017_ses-20210521_level-04B_run-009,sub-cp017,5,hybrid,10000,43,51,50,"{""centroids_per_class"":3,""epochs"":1,""learning_rate"":0.1,""margin_threshold"":0.0}",3,3,4.0,0.05,3.267848699317066,3.267848699317066,0.8077523708343506,0.8133887052536011,0.8457458019256592,0.8958000540733337
sub-cp022_ses-20210621_level-01B_run-001,sub-cp022,5,hybrid,10000,43,51,50,"{""centroids_per_class"":3,""epochs"":1,""learning_rate"":0.1,""margin_threshold"":0.0}",0,0,1.0,0.05,2.1760038149301257,2.1760038149301257,0.8622463941574097,0.8551034927368164,0.8374670147895813,0.8226724863052368
sub-cp022_ses-20210621_level-01B_run-007,sub-cp022,5,hybrid,10000,43,51,50,"{""centroids_per_class"":3,""epochs"":1,""learning_rate"":0.1,""margin_threshold"":0.0}",0,0,1.0,0.05,2.3168893643414923,2.3168893643414923,0.8438450694084167,0.8269088268280029,0.8188211917877197,0.8238617777824402
sub-cp022_ses-20210621_level-01B_run-012,sub-cp022,5,hybrid,10000,43,51,50,"{""centroids_per_class"":3,""epochs"":1,""learning_rate"":0.1,""margin_threshold"":0.0}",0,1,1.0,0.05,2.055823720076462,2.055823720076462,0.8841296434402466,0.8961318731307983,0.8742185831069946,0.7987369298934937
sub-cp022_ses-20210621_level-02B_run-003,sub-cp022,5,hybrid,10000,43,51,50,"{""centroids_per_class"":3,""epochs"":1,""learning_rate"":0.1,""margin_threshold"":0.0}",1,0,2.0,0.05,2.371475672042213,2.371475672042213,0.8496589660644531,0.8487250208854675,0.8452621698379517,0.832716166973114
sub-cp022_ses-20210621_level-02B_run-008,sub-cp022,5,hybrid,10000,43,51,50,"{""centroids_per_class"":3,""epochs"":1,""learning_rate"":0.1,""margin_threshold"":0.0}",1,1,2.0,0.05,2.568176149516363,2.568176149516363,0.8185936212539673,0.8461634516716003,0.8445615172386169,0.8308202028274536
sub-cp022_ses-20210621_level-02B_run-010,sub-cp022,5,hybrid,10000,43,51,50,"{""centroids_per_class"":3,""epochs"":1,""learning_rate"":0.1,""margin_threshold"":0.0}",1,2,2.0,0.05,2.607489019544067,2.607489019544067,0.8354865312576294,0.8693690896034241,0.8782837390899658,0.8504939675331116
sub-cp022_ses-20210621_level-03B_run-002,sub-cp022,5,hybrid,10000,43,51,50,"{""centroids_per_class"":3,""epochs"":1,""learning_rate"":0.1,""margin_threshold"":0.0}",2,3,3.0,0.05,2.979682458238374,2.979682458238374,0.8011379837989807,0.830193281173706,0.8584994077682495,0.8651061654090881
sub-cp022_ses-20210621_level-03B_run-005,sub-cp022,5,hybrid,10000,43,51,50,"{""centroids_per_class"":3,""epochs"":1,""learning_rate"":0.1,""margin_threshold"":0.0}",2,2,3.0,0.05,2.7229358952951537,2.7229358952951537,0.8203557729721069,0.8492925763130188,0.8864778876304626,0.8421000838279724
sub-cp022_ses-20210621_level-03B_run-011,sub-cp022,5,hybrid,10000,43,51,50,"{""centroids_per_class"":3,""epochs"":1,""learning_rate"":0.1,""margin_threshold"":0.0}",2,2,3.0,0.05,2.7816270816622537,2.7816270816622537,0.8415018320083618,0.8366519808769226,0.8848859071731567,0.8655523061752319
sub-cp022_ses-20210621_level-04B_run-004,sub-cp022,5,hybrid,10000,43,51,50,"{""centroids_per_class"":3,""epochs"":1,""learning_rate"":0.1,""margin_threshold"":0.0}",3,3,4.0,0.05,3.286459862188931,3.286459862188931,0.807303249835968,0.8180115222930908,0.8299636840820312,0.8974674344062805
sub-cp022_ses-20210621_level-04B_run-006,sub-cp022,5,hybrid,10000,43,51,50,"{""centroids_per_class"":3,""epochs"":1,""learning_rate"":0.1,""margin_threshold"":0.0}",3,3,4.0,0.05,3.2285474579004765,3.2285474579004765,0.7880334258079529,0.8210504055023193,0.8127343654632568,0.8812879920005798
sub-cp022_ses-20210621_level-04B_run-009,sub-cp022,5,hybrid,10000,43,51,50,"{""centroids_per_class"":3,""epochs"":1,""learning_rate"":0.1,""margin_threshold"":0.0}",3,3,4.0,0.05,3.22745921650202,3.22745921650202,0.7911593914031982,0.823703944683075,0.845125138759613,0.8869756460189819
sub-cp028_ses-20211214_level-01B_run-001,sub-cp028,5,hybrid,10000,43,51,50,"{""centroids_per_class"":3,""epochs"":1,""learning_rate"":0.1,""margin_threshold"":0.0}",0,0,1.0,0.05,1.9373045855007653,1.9373045855007653,0.8378638625144958,0.8366566300392151,0.8116791844367981,0.7316718697547913
sub-cp028_ses-20211214_level-01B_run-007,sub-cp028,5,hybrid,10000,43,51,50,"{""centroids_per_class"":3,""epochs"":1,""learning_rate"":0.1,""margin_threshold"":0.0}",0,0,1.0,0.05,1.8744237953335154,1.8744237953335154,0.8828109502792358,0.8524673581123352,0.8470954895019531,0.7767792344093323
sub-cp028_ses-20211214_level-01B_run-012,sub-cp028,5,hybrid,10000,43,51,50,"{""centroids_per_class"":3,""epochs"":1,""learning_rate"":0.1,""margin_threshold"":0.0}",0,0,1.0,0.05,2.0043012896675,2.0043012896675,0.816871166229248,0.77853924036026,0.7764261960983276,0.7535858750343323
sub-cp028_ses-20211214_level-02B_run-003,sub-cp028,5,hybrid,10000,43,51,50,"{""centroids_per_class"":3,""epochs"":1,""learning_rate"":0.1,""margin_threshold"":0.0}",1,1,2.0,0.05,2.1787950601665442,2.1787950601665442,0.8526675701141357,0.8992382287979126,0.8756251931190491,0.7676889300346375
sub-cp028_ses-20211214_level-02B_run-008,sub-cp028,5,hybrid,10000,43,51,50,"{""centroids_per_class"":3,""epochs"":1,""learning_rate"":0.1,""margin_threshold"":0.0}",1,0,2.0,0.05,1.851868077598089,1.851868077598089,0.8798616528511047,0.873889148235321,0.8418606519699097,0.7568499445915222
sub-cp028_ses-20211214_level-02B_run-010,sub-cp028,5,hybrid,10000,43,51,50,"{""centroids_per_class"":3,""epochs"":1,""learning_rate"":0.1,""margin_threshold"":0.0}",1,1,2.0,0.05,2.0743447631635967,2.0743447631635967,0.8606671690940857,0.9040534496307373,0.8641847372055054,0.7602171897888184
sub-cp028_ses-20211214_level-03B_run-002,sub-cp028,5,hybrid,10000,43,51,50,"{""centroids_per_class"":3,""epochs"":1,""learning_rate"":0.1,""margin_threshold"":0.0}",2,2,3.0,0.05,2.3739389253415224,2.3739389253415224,0.8180772066116333,0.8631746768951416,0.8717254996299744,0.7554669380187988
sub-cp028_ses-20211214_level-03B_run-005,sub-cp028,5,hybrid,10000,43,51,50,"{""centroids_per_class"":3,""epochs"":1,""learning_rate"":0.1,""margin_threshold"":0.0}",2,2,3.0,0.05,2.437278424966674,2.437278424966674,0.833397388458252,0.8825518488883972,0.9016951322555542,0.7653145790100098
sub-cp028_ses-20211214_level-03B_run-011,sub-cp028,5,hybrid,10000,43,51,50,"{""centroids_per_class"":3,""epochs"":1,""learning_rate"":0.1,""margin_threshold"":0.0}",2,2,3.0,0.05,2.4286268192577696,2.4286268192577696,0.8528579473495483,0.872177004814148,0.901604175567627,0.7998864650726318
sub-cp028_ses-20211214_level-04B_run-004,sub-cp028,5,hybrid,10000,43,51,50,"{""centroids_per_class"":3,""epochs"":1,""learning_rate"":0.1,""margin_threshold"":0.0}",3,3,4.0,0.05,3.3906402853848916,3.3906402853848916,0.8088339567184448,0.8197251558303833,0.8437763452529907,0.9131187796592712
sub-cp028_ses-20211214_level-04B_run-006,sub-cp028,5,hybrid,10000,43,51,50,"{""centroids_per_class"":3,""epochs"":1,""learning_rate"":0.1,""margin_threshold"":0.0}",3,3,4.0,0.05,3.082205094510534,3.082205094510534,0.8254451155662537,0.8088699579238892,0.8468375205993652,0.8844168186187744
sub-cp028_ses-20211214_level-04B_run-009,sub-cp028,5,hybrid,10000,43,51,50,"{""centroids_per_class"":3,""epochs"":1,""learning_rate"":0.1,""margin_threshold"":0.0}",3,3,4.0,0.05,3.143808053687013,3.143808053687013,0.8200905323028564,0.7990004420280457,0.8369057774543762,0.8843476176261902
sub-cp030_ses-20211025_level-01B_run-001,sub-cp030,5,hybrid,10000,43,51,50,"{""centroids_per_class"":3,""epochs"":1,""learning_rate"":0.1,""margin_threshold"":0.0}",0,0,1.0,0.05,2.039044983484054,2.039044983484054,0.8467628955841064,0.8114237785339355,0.8219376802444458,0.7757019996643066
sub-cp030_ses-20211025_level-01B_run-007,sub-cp030,5,hybrid,10000,43,51,50,"{""centroids_per_class"":3,""epochs"":1,""learning_rate"":0.1,""margin_threshold"":0.0}",0,0,1.0,0.05,1.5756343231824022,1.5756343231824022,0.8808140754699707,0.8158926367759705,0.8054999113082886,0.7396284341812134
sub-cp030_ses-20211025_level-01B_run-012,sub-cp030,5,hybrid,10000,43,51,50,"{""centroids_per_class"":3,""epochs"":1,""learning_rate"":0.1,""margin_threshold"":0.0}",0,0,1.0,0.05,1.7746242848451255,1.7746242848451255,0.8471972942352295,0.8183269500732422,0.791520357131958,0.7370192408561707
sub-cp030_ses-20211025_level-02B_run-003,sub-cp030,5,hybrid,10000,43,51,50,"{""centroids_per_class"":3,""epochs"":1,""learning_rate"":0.1,""margin_threshold"":0.0}",1,2,2.0,0.05,2.330899439482764,2.330899439482764,0.8142123222351074,0.8173111081123352,0.822641909122467,0.7828266024589539
sub-cp030_ses-20211025_level-02B_run-008,sub-cp030,5,hybrid,10000,43,51,50,"{""centroids_per_class"":3,""epochs"":1,""learning_rate"":0.1,""margin_threshold"":0.0}",1,0,2.0,0.05,1.9439705750852185,1.9439705750852185,0.877789318561554,0.8729280233383179,0.8571339249610901,0.7598773241043091
sub-cp030_ses-20211025_level-02B_run-010,sub-cp030,5,hybrid,10000,43,51,50,"{""centroids_per_class"":3,""epochs"":1,""learning_rate"":0.1,""margin_threshold"":0.0}",1,0,2.0,0.05,1.7450872762381875,1.7450872762381875,0.8838779926300049,0.8596677184104919,0.8329023122787476,0.7432013154029846
sub-cp030_ses-20211025_level-03B_run-002,sub-cp030,5,hybrid,10000,43,51,50,"{""centroids_per_class"":3,""epochs"":1,""learning_rate"":0.1,""margin_threshold"":0.0}",2,2,3.0,0.05,2.6821947784860383,2.6821947784860383,0.7890346050262451,0.7956651449203491,0.8100789189338684,0.80931556224823
sub-cp030_ses-20211025_level-03B_run-011,sub-cp030,5,hybrid,10000,43,51,50,"{""centroids_per_class"":3,""epochs"":1,""learning_rate"":0.1,""margin_threshold"":0.0}",2,2,3.0,0.05,2.6445665537433896,2.6445665537433896,0.8181192278862,0.855918824672699,0.8924165964126587,0.8213739991188049
sub-cp030_ses-20211025_level-04B_run-004,sub-cp030,5,hybrid,10000,43,51,50,"{""centroids_per_class"":3,""epochs"":1,""learning_rate"":0.1,""margin_threshold"":0.0}",3,3,4.0,0.05,2.863683075205586,2.863683075205586,0.7992404103279114,0.7649019956588745,0.7896915674209595,0.8319469094276428
sub-cp030_ses-20211025_level-04B_run-006,sub-cp030,5,hybrid,10000,43,51,50,"{""centroids_per_class"":3,""epochs"":1,""learning_rate"":0.1,""margin_threshold"":0.0}",3,3,4.0,0.05,3.095937546226309,3.095937546226309,0.7645919322967529,0.7896206378936768,0.7973188757896423,0.8400434255599976
sub-cp030_ses-20211025_level-04B_run-009,sub-cp030,5,hybrid,10000,43,51,50,"{""centroids_per_class"":3,""epochs"":1,""learning_rate"":0.1,""margin_threshold"":0.0}",3,3,4.0,0.05,3.3128949420312037,3.3128949420312037,0.797649085521698,0.823675274848938,0.8174149394035339,0.8967540264129639
sub-cp032_ses-20211105_level-01B_run-001,sub-cp032,5,hybrid,10000,43,51,50,"{""centroids_per_class"":3,""epochs"":1,""learning_rate"":0.1,""margin_threshold"":0.0}",0,1,1.0,0.05,2.097061166964749,2.097061166964749,0.872157633304596,0.8753064274787903,0.8658782243728638,0.7946779727935791
sub-cp032_ses-20211105_level-01B_run-007,sub-cp032,5,hybrid,10000,43,51,50,"{""centroids_per_class"":3,""epochs"":1,""learning_rate"":0.1,""margin_threshold"":0.0}",0,1,1.0,0.05,2.0962235253741808,2.0962235253741808,0.8637199401855469,0.867363691329956,0.8523488640785217,0.7948072552680969
sub-cp032_ses-20211105_level-01B_run-012,sub-cp032,5,hybrid,10000,43,51,50,"{""centroids_per_class"":3,""epochs"":1,""learning_rate"":0.1,""margin_threshold"":0.0}",0,0,1.0,0.05,2.0016671196072067,2.0016671196072067,0.8856378197669983,0.8707607388496399,0.8571173548698425,0.8098084926605225
sub-cp032_ses-20211105_level-02B_run-003,sub-cp032,5,hybrid,10000,43,51,50,"{""centroids_per_class"":3,""epochs"":1,""learning_rate"":0.1,""margin_threshold"":0.0}",1,1,2.0,0.05,2.1778257972845623,2.1778257972845623,0.8665820360183716,0.8875589966773987,0.8691244721412659,0.8096264004707336
sub-cp032_ses-20211105_level-02B_run-008,sub-cp032,5,hybrid,10000,43,51,50,"{""centroids_per_class"":3,""epochs"":1,""learning_rate"":0.1,""margin_threshold"":0.0}",1,1,2.0,0.05,2.240636483087755,2.240636483087755,0.8593867421150208,0.8759371638298035,0.8686948418617249,0.8104352355003357
sub-cp032_ses-20211105_level-02B_run-010,sub-cp032,5,hybrid,10000,43,51,50,"{""centroids_per_class"":3,""epochs"":1,""learning_rate"":0.1,""margin_threshold"":0.0}",1,1,2.0,0.05,2.1880383834095243,2.1880383834095243,0.8622429370880127,0.9043294787406921,0.8816248774528503,0.7900832891464233
sub-cp032_ses-20211105_level-03B_run-002,sub-cp032,5,hybrid,10000,43,51,50,"{""centroids_per_class"":3,""epochs"":1,""learning_rate"":0.1,""margin_threshold"":0.0}",2,2,3.0,0.05,2.4991880959919603,2.4991880959919603,0.8405308723449707,0.8899540901184082,0.9152246117591858,0.7954978346824646
sub-cp032_ses-20211105_level-03B_run-005,sub-cp032,5,hybrid,10000,43,51,50,"{""centroids_per_class"":3,""epochs"":1,""learning_rate"":0.1,""margin_threshold"":0.0}",2,2,3.0,0.05,2.400233695427065,2.400233695427065,0.849571704864502,0.8781302571296692,0.8860511779785156,0.8188119530677795
sub-cp032_ses-20211105_level-03B_run-011,sub-cp032,5,hybrid,10000,43,51,50,"{""centroids_per_class"":3,""epochs"":1,""learning_rate"":0.1,""margin_threshold"":0.0}",2,2,3.0,0.05,2.478811349747902,2.478811349747902,0.845284640789032,0.8749451041221619,0.8926688432693481,0.8243516683578491
sub-cp032_ses-20211105_level-04B_run-004,sub-cp032,5,hybrid,10000,43,51,50,"{""centroids_per_class"":3,""epochs"":1,""learning_rate"":0.1,""margin_threshold"":0.0}",3,3,4.0,0.05,3.2199146446683176,3.2199146446683176,0.8328743577003479,0.8273128271102905,0.8814096450805664,0.9132373929023743
sub-cp032_ses-20211105_level-04B_run-006,sub-cp032,5,hybrid,10000,43,51,50,"{""centroids_per_class"":3,""epochs"":1,""learning_rate"":0.1,""margin_threshold"":0.0}",3,3,4.0,0.05,3.293489739326512,3.293489739326512,0.8098400831222534,0.8081126809120178,0.8518717288970947,0.8992419838905334
sub-cp032_ses-20211105_level-04B_run-009,sub-cp032,5,hybrid,10000,43,51,50,"{""centroids_per_class"":3,""epochs"":1,""learning_rate"":0.1,""margin_threshold"":0.0}",3,3,4.0,0.05,3.3253918122852344,3.3253918122852344,0.8202579617500305,0.8238629698753357,0.8743683099746704,0.917425274848938
sub-cp035_ses-20220125_level-01B_run-001,sub-cp035,5,hybrid,10000,43,51,50,"{""centroids_per_class"":3,""epochs"":1,""learning_rate"":0.1,""margin_threshold"":0.0}",0,1,1.0,0.05,2.199963394517631,2.199963394517631,0.8503721952438354,0.8734738826751709,0.8601933717727661,0.79051274061203
sub-cp035_ses-20220125_level-01B_run-007,sub-cp035,5,hybrid,10000,43,51,50,"{""centroids_per_class"":3,""epochs"":1,""learning_rate"":0.1,""margin_threshold"":0.0}",0,0,1.0,0.05,1.813423642767315,1.813423642767315,0.8989506363868713,0.8646261096000671,0.8561509847640991,0.7830667495727539
sub-cp035_ses-20220125_level-01B_run-012,sub-cp035,5,hybrid,10000,43,51,50,"{""centroids_per_class"":3,""epochs"":1,""learning_rate"":0.1,""margin_threshold"":0.0}",0,0,1.0,0.05,1.9486638971441312,1.9486638971441312,0.8829326033592224,0.8664669394493103,0.8494402170181274,0.7977892160415649
sub-cp035_ses-20220125_level-02B_run-003,sub-cp035,5,hybrid,10000,43,51,50,"{""centroids_per_class"":3,""epochs"":1,""learning_rate"":0.1,""margin_threshold"":0.0}",1,1,2.0,0.05,2.265630830814566,2.265630830814566,0.8582959771156311,0.880644679069519,0.8755521774291992,0.8087542653083801
sub-cp035_ses-20220125_level-02B_run-008,sub-cp035,5,hybrid,10000,43,51,50,"{""centroids_per_class"":3,""epochs"":1,""learning_rate"":0.1,""margin_threshold"":0.0}",1,1,2.0,0.05,2.298650807092098,2.298650807092098,0.8481405377388,0.8980767130851746,0.8938687443733215,0.7703595161437988
sub-cp035_ses-20220125_level-02B_run-010,sub-cp035,5,hybrid,10000,43,51,50,"{""centroids_per_class"":3,""epochs"":1,""learning_rate"":0.1,""margin_threshold"":0.0}",1,1,2.0,0.05,2.1758264438380013,2.1758264438380013,0.8588860034942627,0.8863334059715271,0.8688623905181885,0.7915112376213074
sub-cp035_ses-20220125_level-03B_run-002,sub-cp035,5,hybrid,10000,43,51,50,"{""centroids_per_class"":3,""epochs"":1,""learning_rate"":0.1,""margin_threshold"":0.0}",2,2,3.0,0.05,2.5518700581375757,2.5518700581375757,0.7926170229911804,0.8364433646202087,0.853269100189209,0.7898579835891724
sub-cp035_ses-20220125_level-03B_run-005,sub-cp035,5,hybrid,10000,43,51,50,"{""centroids_per_class"":3,""epochs"":1,""learning_rate"":0.1,""margin_threshold"":0.0}",2,2,3.0,0.05,2.5763015633462567,2.5763015633462567,0.8255581855773926,0.8712760806083679,0.9038926362991333,0.8071109652519226
sub-cp035_ses-20220125_level-03B_run-011,sub-cp035,5,hybrid,10000,43,51,50,"{""centroids_per_class"":3,""epochs"":1,""learning_rate"":0.1,""margin_threshold"":0.0}",2,2,3.0,0.05,2.4664327509830986,2.4664327509830986,0.8349401950836182,0.8843799829483032,0.906677782535553,0.7768582701683044
sub-cp035_ses-20220125_level-04B_run-004,sub-cp035,5,hybrid,10000,43,51,50,"{""centroids_per_class"":3,""epochs"":1,""learning_rate"":0.1,""margin_threshold"":0.0}",3,3,4.0,0.05,3.306991977228283,3.306991977228283,0.7941346764564514,0.8058244585990906,0.8484693765640259,0.8916075229644775
sub-cp035_ses-20220125_level-04B_run-006,sub-cp035,5,hybrid,10000,43,51,50,"{""centroids_per_class"":3,""epochs"":1,""learning_rate"":0.1,""margin_threshold"":0.0}",3,3,4.0,0.05,3.3658154548598875,3.3658154548598875,0.8113927245140076,0.8170726299285889,0.8713837265968323,0.9157261252403259
sub-cp035_ses-20220125_level-04B_run-009,sub-cp035,5,hybrid,10000,43,51,50,"{""centroids_per_class"":3,""epochs"":1,""learning_rate"":0.1,""margin_threshold"":0.0}",3,3,4.0,0.05,3.3136271471825736,3.3136271471825736,0.8054795861244202,0.8173298835754395,0.8670593500137329,0.9052982330322266
sub-cp005_ses-20210226_level-01B_run-001,sub-cp005,5,hybrid,10000,44,51,50,"{""centroids_per_class"":3,""epochs"":1,""learning_rate"":0.1,""margin_threshold"":0.0}",0,0,1.0,0.05,1.7472285374096959,1.7472285374096959,0.8900527954101562,0.8428824543952942,0.8374002575874329,0.7718315720558167
sub-cp005_ses-20210226_level-01B_run-007,sub-cp005,5,hybrid,10000,44,51,50,"{""centroids_per_class"":3,""epochs"":1,""learning_rate"":0.1,""margin_threshold"":0.0}",0,0,1.0,0.05,1.7783438433824292,1.7783438433824292,0.9127995371818542,0.9122223258018494,0.8583897948265076,0.7772747874259949
sub-cp005_ses-20210226_level-01B_run-012,sub-cp005,5,hybrid,10000,44,51,50,"{""centroids_per_class"":3,""epochs"":1,""learning_rate"":0.1,""margin_threshold"":0.0}",0,0,1.0,0.05,1.7275736164494406,1.7275736164494406,0.9143736362457275,0.908255934715271,0.8511243462562561,0.7703050971031189
sub-cp005_ses-20210226_level-02B_run-003,sub-cp005,5,hybrid,10000,44,51,50,"{""centroids_per_class"":3,""epochs"":1,""learning_rate"":0.1,""margin_threshold"":0.0}",1,2,2.0,0.05,2.458600165035347,2.458600165035347,0.8158685564994812,0.8268517255783081,0.8431841135025024,0.7987685799598694
sub-cp005_ses-20210226_level-02B_run-008,sub-cp005,5,hybrid,10000,44,51,50,"{""centroids_per_class"":3,""epochs"":1,""learning_rate"":0.1,""margin_threshold"":0.0}",1,1,2.0,0.05,2.0941979268381834,2.0941979268381834,0.8789126873016357,0.9263423681259155,0.8897602558135986,0.7691470384597778
sub-cp005_ses-20210226_level-02B_run-010,sub-cp005,5,hybrid,10000,44,51,50,"{""centroids_per_class"":3,""epochs"":1,""learning_rate"":0.1,""margin_threshold"":0.0}",1,1,2.0,0.05,1.9591357528189017,1.9591357528189017,0.8937042355537415,0.9153515100479126,0.8675569295883179,0.7942329049110413
sub-cp005_ses-20210226_level-03B_run-002,sub-cp005,5,hybrid,10000,44,51,50,"{""centroids_per_class"":3,""epochs"":1,""learning_rate"":0.1,""margin_threshold"":0.0}",2,3,3.0,0.05,2.8147646209884227,2.8147646209884227,0.7740633487701416,0.7859595417976379,0.7868958711624146,0.8135136961936951
sub-cp005_ses-20210226_level-03B_run-005,sub-cp005,5,hybrid,10000,44,51,50,"{""centroids_per_class"":3,""epochs"":1,""learning_rate"":0.1,""margin_threshold"":0.0}",2,2,3.0,0.05,2.393532367306383,2.393532367306383,0.8418557047843933,0.8641065955162048,0.8844855427742004,0.7913498282432556
sub-cp005_ses-20210226_level-03B_run-011,sub-cp005,5,hybrid,10000,44,51,50,"{""centroids_per_class"":3,""epochs"":1,""learning_rate"":0.1,""margin_threshold"":0.0}",2,2,3.0,0.05,2.536277408920686,2.536277408920686,0.8553812503814697,0.8655266761779785,0.8977820873260498,0.8415680527687073
sub-cp005_ses-20210226_level-04B_run-004,sub-cp005,5,hybrid,10000,44,51,50,"{""centroids_per_class"":3,""epochs"":1,""learning_rate"":0.1,""margin_threshold"":0.0}",3,3,4.0,0.05,2.9146294133229724,2.9146294133229724,0.7484853267669678,0.7509856820106506,0.7756782174110413,0.7945877909660339
sub-cp005_ses-20210226_level-04B_run-006,sub-cp005,5,hybrid,10000,44,51,50,"{""centroids_per_class"":3,""epochs"":1,""learning_rate"":0.1,""margin_threshold"":0.0}",3,3,4.0,0.05,3.361689975801028,3.361689975801028,0.8321507573127747,0.8160224556922913,0.861557126045227,0.923902153968811
sub-cp005_ses-20210226_level-04B_run-009,sub-cp005,5,hybrid,10000,44,51,50,"{""centroids_per_class"":3,""epochs"":1,""learning_rate"":0.1,""margin_threshold"":0.0}",3,3,4.0,0.05,2.7784251320912112,2.7784251320912112,0.8380721807479858,0.822989284992218,0.8366307616233826,0.8660788536071777
sub-cp017_ses-20210521_level-01B_run-001,sub-cp017,5,hybrid,10000,44,51,50,"{""centroids_per_class"":3,""epochs"":1,""learning_rate"":0.1,""margin_threshold"":0.0}",0,0,1.0,0.05,1.7120947824463655,1.7120947824463655,0.9255995154380798,0.9096425175666809,0.8650603294372559,0.7778297066688538
sub-cp017_ses-20210521_level-01B_run-007,sub-cp017,5,hybrid,10000,44,51,50,"{""centroids_per_class"":3,""epochs"":1,""learning_rate"":0.1,""margin_threshold"":0.0}",0,0,1.0,0.05,1.7287528349429533,1.7287528349429533,0.8880285024642944,0.8773985505104065,0.8314146995544434,0.7317492961883545
sub-cp017_ses-20210521_level-01B_run-012,sub-cp017,5,hybrid,10000,44,51,50,"{""centroids_per_class"":3,""epochs"":1,""learning_rate"":0.1,""margin_threshold"":0.0}",0,0,1.0,0.05,1.729397077787381,1.729397077787381,0.8620057702064514,0.8471358418464661,0.8046956062316895,0.7168540358543396
sub-cp017_ses-20210521_level-02B_run-003,sub-cp017,5,hybrid,10000,44,51,50,"{""centroids_per_class"":3,""epochs"":1,""learning_rate"":0.1,""margin_threshold"":0.0}",1,1,2.0,0.05,2.1410676447447488,2.1410676447447488,0.857599675655365,0.9107530117034912,0.881337583065033,0.7376031875610352
sub-cp017_ses-20210521_level-02B_run-008,sub-cp017,5,hybrid,10000,44,51,50,"{""centroids_per_class"":3,""epochs"":1,""learning_rate"":0.1,""margin_threshold"":0.0}",1,1,2.0,0.05,2.0477198081787678,2.0477198081787678,0.8336975574493408,0.8676496744155884,0.8329384326934814,0.7207392454147339
sub-cp017_ses-20210521_level-02B_run-010,sub-cp017,5,hybrid,10000,44,51,50,"{""centroids_per_class"":3,""epochs"":1,""learning_rate"":0.1,""margin_threshold"":0.0}",1,1,2.0,0.05,1.8736297752313147,1.8736297752313147,0.8942909836769104,0.9159082174301147,0.8544661998748779,0.7682722210884094
sub-cp017_ses-20210521_level-03B_run-002,sub-cp017,5,hybrid,10000,44,51,50,"{""centroids_per_class"":3,""epochs"":1,""learning_rate"":0.1,""margin_threshold"":0.0}",2,2,3.0,0.05,2.4401199979122623,2.4401199979122623,0.8427475094795227,0.8562460541725159,0.9015352129936218,0.7406182885169983
sub-cp017_ses-20210521_level-03B_run-005,sub-cp017,5,hybrid,10000,44,51,50,"{""centroids_per_class"":3,""epochs"":1,""learning_rate"":0.1,""margin_threshold"":0.0}",2,2,3.0,0.05,2.1746281385173747,2.1746281385173747,0.8847821950912476,0.8938826322555542,0.9009537100791931,0.7840750813484192
sub-cp017_ses-20210521_level-03B_run-011,sub-cp017,5,hybrid,10000,44,51,50,"{""centroids_per_class"":3,""epochs"":1,""learning_rate"":0.1,""margin_threshold"":0.0}",2,2,3.0,0.05,2.3940986913671733,2.3940986913671733,0.8572567105293274,0.8842656016349792,0.9101537466049194,0.7774123549461365
sub-cp017_ses-20210521_level-04B_run-004,sub-cp017,5,hybrid,10000,44,51,50,"{""centroids_per_class"":3,""epochs"":1,""learning_rate"":0.1,""margin_threshold"":0.0}",3,3,4.0,0.05,3.0414954248271355,3.0414954248271355,0.8391669392585754,0.8367758393287659,0.8675603866577148,0.8979781270027161
sub-cp017_ses-20210521_level-04B_run-006,sub-cp017,5,hybrid,10000,44,51,50,"{""centroids_per_class"":3,""epochs"":1,""learning_rate"":0.1,""margin_threshold"":0.0}",3,3,4.0,0.05,3.2159654934967046,3.2159654934967046,0.8283241391181946,0.8224383592605591,0.8508132100105286,0.905026912689209
sub-cp017_ses-20210521_level-04B_run-009,sub-cp017,5,hybrid,10000,44,51,50,"{""centroids_per_class"":3,""epochs"":1,""learning_rate"":0.1,""margin_threshold"":0.0}",3,3,4.0,0.05,3.1075241553215216,3.1075241553215216,0.8398320078849792,0.8220656514167786,0.8497835397720337,0.9007004499435425
sub-cp022_ses-20210621_level-01B_run-001,sub-cp022,5,hybrid,10000,44,51,50,"{""centroids_per_class"":3,""epochs"":1,""learning_rate"":0.1,""margin_threshold"":0.0}",0,0,1.0,0.05,2.038478333584645,2.038478333584645,0.8725895285606384,0.8594169616699219,0.8255131840705872,0.8205687403678894
sub-cp022_ses-20210621_level-01B_run-007,sub-cp022,5,hybrid,10000,44,51,50,"{""centroids_per_class"":3,""epochs"":1,""learning_rate"":0.1,""margin_threshold"":0.0}",0,0,1.0,0.05,2.207972348902815,2.207972348902815,0.8628845810890198,0.8328700661659241,0.8296271562576294,0.8292657136917114
sub-cp022_ses-20210621_level-01B_run-012,sub-cp022,5,hybrid,10000,44,51,50,"{""centroids_per_class"":3,""epochs"":1,""learning_rate"":0.1,""margin_threshold"":0.0}",0,1,1.0,0.05,2.002518120006609,2.002518120006609,0.8964630365371704,0.9030719995498657,0.8746705055236816,0.8108286261558533
sub-cp022_ses-20210621_level-02B_run-003,sub-cp022,5,hybrid,10000,44,51,50,"{""centroids_per_class"":3,""epochs"":1,""learning_rate"":0.1,""margin_threshold"":0.0}",1,0,2.0,0.05,2.0916589049780163,2.0916589049780163,0.8717320561408997,0.8654836416244507,0.8393924832344055,0.8213596940040588
sub-cp022_ses-20210621_level-02B_run-008,sub-cp022,5,hybrid,10000,44,51,50,"{""centroids_per_class"":3,""epochs"":1,""learning_rate"":0.1,""margin_threshold"":0.0}",1,0,2.0,0.05,2.259864744755286,2.259864744755286,0.8545798063278198,0.8495028018951416,0.8456794619560242,0.8202160596847534
sub-cp022_ses-20210621_level-02B_run-010,sub-cp022,5,hybrid,10000,44,51,50,"{""centroids_per_class"":3,""epochs"":1,""learning_rate"":0.1,""margin_threshold"":0.0}",1,2,2.0,0.05,2.4786639023981625,2.4786639023981625,0.8593466281890869,0.8711450695991516,0.8754318356513977,0.8539448976516724
sub-cp022_ses-20210621_level-03B_run-002,sub-cp022,5,hybrid,10000,44,51,50,"{""centroids_per_class"":3,""epochs"":1,""learning_rate"":0.1,""margin_threshold"":0.0}",2,2,3.0,0.05,2.720969016226814,2.720969016226814,0.8325800895690918,0.8466463088989258,0.8622787594795227,0.8590296506881714
sub-cp022_ses-20210621_level-03B_run-005,sub-cp022,5,hybrid,10000,44,51,50,"{""centroids_per_class"":3,""epochs"":1,""learning_rate"":0.1,""margin_threshold"":0.0}",2,2,3.0,0.05,2.6120066090271346,2.6120066090271346,0.8442575931549072,0.8553329706192017,0.8955771327018738,0.8407084345817566
sub-cp022_ses-20210621_level-03B_run-011,sub-cp022,5,hybrid,10000,44,51,50,"{""centroids_per_class"":3,""epochs"":1,""learning_rate"":0.1,""margin_threshold"":0.0}",2,2,3.0,0.05,2.482334703528746,2.482334703528746,0.8716471791267395,0.8512206673622131,0.8872758150100708,0.855339527130127
sub-cp022_ses-20210621_level-04B_run-004,sub-cp022,5,hybrid,10000,44,51,50,"{""centroids_per_class"":3,""epochs"":1,""learning_rate"":0.1,""margin_threshold"":0.0}",3,3,4.0,0.05,3.024436583631571,3.024436583631571,0.8396597504615784,0.8400373458862305,0.8483266234397888,0.8972356915473938
sub-cp022_ses-20210621_level-04B_run-006,sub-cp022,5,hybrid,10000,44,51,50,"{""centroids_per_class"":3,""epochs"":1,""learning_rate"":0.1,""margin_threshold"":0.0}",3,3,4.0,0.05,3.1172585128424295,3.1172585128424295,0.8117803931236267,0.8271977305412292,0.828675389289856,0.8847986459732056
sub-cp022_ses-20210621_level-04B_run-009,sub-cp022,5,hybrid,10000,44,51,50,"{""centroids_per_class"":3,""epochs"":1,""learning_rate"":0.1,""margin_threshold"":0.0}",3,3,4.0,0.05,3.003631987836247,3.003631987836247,0.8279063701629639,0.8383536338806152,0.8572652339935303,0.8869751691818237
sub-cp028_ses-20211214_level-01B_run-001,sub-cp028,5,hybrid,10000,44,51,50,"{""centroids_per_class"":3,""epochs"":1,""learning_rate"":0.1,""margin_threshold"":0.0}",0,1,1.0,0.05,1.8152201948787456,1.8152201948787456,0.8520773649215698,0.8523950576782227,0.8021150827407837,0.7307684421539307
sub-cp028_ses-20211214_level-01B_run-007,sub-cp028,5,hybrid,10000,44,51,50,"{""centroids_per_class"":3,""epochs"":1,""learning_rate"":0.1,""margin_threshold"":0.0}",0,0,1.0,0.05,1.7465812060625412,1.7465812060625412,0.8915558457374573,0.8617487549781799,0.8342598676681519,0.7725337743759155
sub-cp028_ses-20211214_level-01B_run-012,sub-cp028,5,hybrid,10000,44,51,50,"{""centroids_per_class"":3,""epochs"":1,""learning_rate"":0.1,""margin_threshold"":0.0}",0,0,1.0,0.05,1.7658064875702273,1.7658064875702273,0.8416752815246582,0.796249508857727,0.7678151726722717,0.7543574571609497
sub-cp028_ses-20211214_level-02B_run-003,sub-cp028,5,hybrid,10000,44,51,50,"{""centroids_per_class"":3,""epochs"":1,""learning_rate"":0.1,""margin_threshold"":0.0}",1,1,2.0,0.05,2.021346086024866,2.021346086024866,0.8760939836502075,0.9063778519630432,0.8667777180671692,0.7722923755645752
sub-cp028_ses-20211214_level-02B_run-008,sub-cp028,5,hybrid,10000,44,51,50,"{""centroids_per_class"":3,""epochs"":1,""learning_rate"":0.1,""margin_threshold"":0.0}",1,0,2.0,0.05,1.7751343742615675,1.7751343742615675,0.8931187391281128,0.8862508535385132,0.836762547492981,0.7680333256721497
sub-cp028_ses-20211214_level-02B_run-010,sub-cp028,5,hybrid,10000,44,51,50,"{""centroids_per_class"":3,""epochs"":1,""learning_rate"":0.1,""margin_threshold"":0.0}",1,1,2.0,0.05,1.918075587178734,1.918075587178734,0.8969331383705139,0.9120146036148071,0.8712177276611328,0.7687677145004272
sub-cp028_ses-20211214_level-03B_run-002,sub-cp028,5,hybrid,10000,44,51,50,"{""centroids_per_class"":3,""epochs"":1,""learning_rate"":0.1,""margin_threshold"":0.0}",2,2,3.0,0.05,2.367184496426014,2.367184496426014,0.8296960592269897,0.8497083783149719,0.8742503523826599,0.7557957768440247
sub-cp028_ses-20211214_level-03B_run-005,sub-cp028,5,hybrid,10000,44,51,50,"{""centroids_per_class"":3,""epochs"":1,""learning_rate"":0.1,""margin_threshold"":0.0}",2,1,3.0,0.05,2.2366773709232595,2.2366773709232595,0.8618963956832886,0.8910028338432312,0.89027339220047,0.7755945920944214
sub-cp028_ses-20211214_level-03B_run-011,sub-cp028,5,hybrid,10000,44,51,50,"{""centroids_per_class"":3,""epochs"":1,""learning_rate"":0.1,""margin_threshold"":0.0}",2,2,3.0,0.05,2.2089207017854395,2.2089207017854395,0.871056079864502,0.8824977874755859,0.882805347442627,0.8042632341384888
sub-cp028_ses-20211214_level-04B_run-004,sub-cp028,5,hybrid,10000,44,51,50,"{""centroids_per_class"":3,""epochs"":1,""learning_rate"":0.1,""margin_threshold"":0.0}",3,3,4.0,0.05,3.193897053144579,3.193897053144579,0.837583601474762,0.8274194002151489,0.8444953560829163,0.9094142913818359
sub-cp028_ses-20211214_level-04B_run-006,sub-cp028,5,hybrid,10000,44,51,50,"{""centroids_per_class"":3,""epochs"":1,""learning_rate"":0.1,""margin_threshold"":0.0}",3,3,4.0,0.05,2.793716213480089,2.793716213480089,0.8540294170379639,0.8333015441894531,0.8473666310310364,0.8826345801353455
sub-cp028_ses-20211214_level-04B_run-009,sub-cp028,5,hybrid,10000,44,51,50,"{""centroids_per_class"":3,""epochs"":1,""learning_rate"":0.1,""margin_threshold"":0.0}",3,3,4.0,0.05,2.790885346622367,2.790885346622367,0.8554069995880127,0.827114462852478,0.8401907086372375,0.8826693296432495
sub-cp030_ses-20211025_level-01B_run-001,sub-cp030,5,hybrid,10000,44,51,50,"{""centroids_per_class"":3,""epochs"":1,""learning_rate"":0.1,""margin_threshold"":0.0}",0,0,1.0,0.05,1.913297945323176,1.913297945323176,0.8584273457527161,0.8127150535583496,0.8214774131774902,0.7705024480819702
sub-cp030_ses-20211025_level-01B_run-007,sub-cp030,5,hybrid,10000,44,51,50,"{""centroids_per_class"":3,""epochs"":1,""learning_rate"":0.1,""margin_threshold"":0.0}",0,0,1.0,0.05,1.559378646682278,1.559378646682278,0.8764881491661072,0.8256354331970215,0.7895538806915283,0.7359525561332703
sub-cp030_ses-20211025_level-01B_run-012,sub-cp030,5,hybrid,10000,44,51,50,"{""centroids_per_class"":3,""epochs"":1,""learning_rate"":0.1,""margin_threshold"":0.0}",0,0,1.0,0.05,1.6097972079335783,1.6097972079335783,0.8682519197463989,0.8084425926208496,0.7896355390548706,0.7450217008590698
sub-cp030_ses-20211025_level-02B_run-003,sub-cp030,5,hybrid,10000,44,51,50,"{""centroids_per_class"":3,""epochs"":1,""learning_rate"":0.1,""margin_threshold"":0.0}",1,0,2.0,0.05,2.088407659325415,2.088407659325415,0.835512638092041,0.8188073635101318,0.8171302676200867,0.7704727649688721
sub-cp030_ses-20211025_level-02B_run-008,sub-cp030,5,hybrid,10000,44,51,50,"{""centroids_per_class"":3,""epochs"":1,""learning_rate"":0.1,""margin_threshold"":0.0}",1,0,2.0,0.05,1.8743073066565012,1.8743073066565012,0.8826644420623779,0.8743721842765808,0.8499510288238525,0.7599539756774902
sub-cp030_ses-20211025_level-02B_run-010,sub-cp030,5,hybrid,10000,44,51,50,"{""centroids_per_class"":3,""epochs"":1,""learning_rate"":0.1,""margin_threshold"":0.0}",1,0,2.0,0.05,1.7147573899747126,1.7147573899747126,0.8839263916015625,0.8738546371459961,0.8172969818115234,0.7451879382133484
sub-cp030_ses-20211025_level-03B_run-002,sub-cp030,5,hybrid,10000,44,51,50,"{""centroids_per_class"":3,""epochs"":1,""learning_rate"":0.1,""margin_threshold"":0.0}",2,2,3.0,0.05,2.6123962880080436,2.6123962880080436,0.7945484519004822,0.8040098547935486,0.816291332244873,0.8062535524368286
sub-cp030_ses-20211025_level-03B_run-011,sub-cp030,5,hybrid,10000,44,51,50,"{""centroids_per_class"":3,""epochs"":1,""learning_rate"":0.1,""margin_threshold"":0.0}",2,2,3.0,0.05,2.39178123482805,2.39178123482805,0.8526533842086792,0.8635615706443787,0.8860654830932617,0.8105289340019226
sub-cp030_ses-20211025_level-04B_run-004,sub-cp030,5,hybrid,10000,44,51,50,"{""centroids_per_class"":3,""epochs"":1,""learning_rate"":0.1,""margin_threshold"":0.0}",3,0,4.0,0.05,2.441511416877627,2.441511416877627,0.8172907829284668,0.767600953578949,0.785535454750061,0.8085686564445496
sub-cp030_ses-20211025_level-04B_run-006,sub-cp030,5,hybrid,10000,44,51,50,"{""centroids_per_class"":3,""epochs"":1,""learning_rate"":0.1,""margin_threshold"":0.0}",3,3,4.0,0.05,3.049497262810857,3.049497262810857,0.783288300037384,0.7948586940765381,0.7988622784614563,0.8475977778434753
sub-cp030_ses-20211025_level-04B_run-009,sub-cp030,5,hybrid,10000,44,51,50,"{""centroids_per_class"":3,""epochs"":1,""learning_rate"":0.1,""margin_threshold"":0.0}",3,3,4.0,0.05,3.1274322698559214,3.1274322698559214,0.8295932412147522,0.8388423919677734,0.8290497064590454,0.9005945324897766
sub-cp032_ses-20211105_level-01B_run-001,sub-cp032,5,hybrid,10000,44,51,50,"{""centroids_per_class"":3,""epochs"":1,""learning_rate"":0.1,""margin_threshold"":0.0}",0,0,1.0,0.05,2.06805657799055,2.06805657799055,0.8839969038963318,0.8795346021652222,0.8711621761322021,0.8064109683036804
sub-cp032_ses-20211105_level-01B_run-007,sub-cp032,5,hybrid,10000,44,51,50,"{""centroids_per_class"":3,""epochs"":1,""learning_rate"":0.1,""margin_threshold"":0.0}",0,0,1.0,0.05,2.055087740860821,2.055087740860821,0.8747963905334473,0.8716726303100586,0.8573284149169922,0.8005483150482178
sub-cp032_ses-20211105_level-01B_run-012,sub-cp032,5,hybrid,10000,44,51,50,"{""centroids_per_class"":3,""epochs"":1,""learning_rate"":0.1,""margin_threshold"":0.0}",0,0,1.0,0.05,1.9610066803018729,1.9610066803018729,0.8930365443229675,0.8773748874664307,0.8611406683921814,0.8094934821128845
sub-cp032_ses-20211105_level-02B_run-003,sub-cp032,5,hybrid,10000,44,51,50,"{""centroids_per_class"":3,""epochs"":1,""learning_rate"":0.1,""margin_threshold"":0.0}",1,1,2.0,0.05,2.065141363718055,2.065141363718055,0.8785995244979858,0.8982810974121094,0.8606736660003662,0.811784029006958
sub-cp032_ses-20211105_level-02B_run-008,sub-cp032,5,hybrid,10000,44,51,50,"{""centroids_per_class"":3,""epochs"":1,""learning_rate"":0.1,""margin_threshold"":0.0}",1,1,2.0,0.05,2.0604163858260183,2.0604163858260183,0.8723873496055603,0.8925744891166687,0.8511351943016052,0.8081423044204712
sub-cp032_ses-20211105_level-02B_run-010,sub-cp032,5,hybrid,10000,44,51,50,"{""centroids_per_class"":3,""epochs"":1,""learning_rate"":0.1,""margin_threshold"":0.0}",1,1,2.0,0.05,2.0225037988156904,2.0225037988156904,0.8769475221633911,0.9060885906219482,0.8620027303695679,0.7886002063751221
sub-cp032_ses-20211105_level-03B_run-002,sub-cp032,5,hybrid,10000,44,51,50,"{""centroids_per_class"":3,""epochs"":1,""learning_rate"":0.1,""margin_threshold"":0.0}",2,2,3.0,0.05,2.3543252295084076,2.3543252295084076,0.8516795039176941,0.8916609883308411,0.8955622315406799,0.8003554344177246
sub-cp032_ses-20211105_level-03B_run-005,sub-cp032,5,hybrid,10000,44,51,50,"{""centroids_per_class"":3,""epochs"":1,""learning_rate"":0.1,""margin_threshold"":0.0}",2,1,3.0,0.05,2.2720961179086356,2.2720961179086356,0.8615360856056213,0.8830814361572266,0.8772405385971069,0.8159443736076355
sub-cp032_ses-20211105_level-03B_run-011,sub-cp032,5,hybrid,10000,44,51,50,"{""centroids_per_class"":3,""epochs"":1,""learning_rate"":0.1,""margin_threshold"":0.0}",2,2,3.0,0.05,2.4021914753718168,2.4021914753718168,0.8592146039009094,0.8751052618026733,0.888896644115448,0.8289620280265808
sub-cp032_ses-20211105_level-04B_run-004,sub-cp032,5,hybrid,10000,44,51,50,"{""centroids_per_class"":3,""epochs"":1,""learning_rate"":0.1,""margin_threshold"":0.0}",3,3,4.0,0.05,3.1652982738193076,3.1652982738193076,0.8428557515144348,0.8395748734474182,0.8793483972549438,0.9159301519393921
sub-cp032_ses-20211105_level-04B_run-006,sub-cp032,5,hybrid,10000,44,51,50,"{""centroids_per_class"":3,""epochs"":1,""learning_rate"":0.1,""margin_threshold"":0.0}",3,3,4.0,0.05,3.170883271297283,3.170883271297283,0.8302320837974548,0.8195034861564636,0.8508089184761047,0.900399923324585
sub-cp032_ses-20211105_level-04B_run-009,sub-cp032,5,hybrid,10000,44,51,50,"{""centroids_per_class"":3,""epochs"":1,""learning_rate"":0.1,""margin_threshold"":0.0}",3,3,4.0,0.05,3.1759414466148517,3.1759414466148517,0.8461185097694397,0.8285385966300964,0.8693166375160217,0.9152336120605469
sub-cp035_ses-20220125_level-01B_run-001,sub-cp035,5,hybrid,10000,44,51,50,"{""centroids_per_class"":3,""epochs"":1,""learning_rate"":0.1,""margin_threshold"":0.0}",0,1,1.0,0.05,2.108465064190826,2.108465064190826,0.8729619383811951,0.8770073652267456,0.865330159664154,0.8023463487625122
sub-cp035_ses-20220125_level-01B_run-007,sub-cp035,5,hybrid,10000,44,51,50,"{""centroids_per_class"":3,""epochs"":1,""learning_rate"":0.1,""margin_threshold"":0.0}",0,0,1.0,0.05,1.8266062481437737,1.8266062481437737,0.9054955244064331,0.8800949454307556,0.860715925693512,0.7959675192832947
sub-cp035_ses-20220125_level-01B_run-012,sub-cp035,5,hybrid,10000,44,51,50,"{""centroids_per_class"":3,""epochs"":1,""learning_rate"":0.1,""margin_threshold"":0.0}",0,0,1.0,0.05,2.0317084436572888,2.0317084436572888,0.8873756527900696,0.8769593238830566,0.8624232411384583,0.8157232403755188
sub-cp035_ses-20220125_level-02B_run-003,sub-cp035,5,hybrid,10000,44,51,50,"{""centroids_per_class"":3,""epochs"":1,""learning_rate"":0.1,""margin_threshold"":0.0}",1,1,2.0,0.05,2.252336220036234,2.252336220036234,0.8684500455856323,0.891535222530365,0.8759496212005615,0.8283740282058716
sub-cp035_ses-20220125_level-02B_run-008,sub-cp035,5,hybrid,10000,44,51,50,"{""centroids_per_class"":3,""epochs"":1,""learning_rate"":0.1,""margin_threshold"":0.0}",1,1,2.0,0.05,2.174665558868078,2.174665558868078,0.8725457191467285,0.9065739512443542,0.890300452709198,0.7888748049736023
sub-cp035_ses-20220125_level-02B_run-010,sub-cp035,5,hybrid,10000,44,51,50,"{""centroids_per_class"":3,""epochs"":1,""learning_rate"":0.1,""margin_threshold"":0.0}",1,1,2.0,0.05,2.089332994145968,2.089332994145968,0.8795153498649597,0.8969128727912903,0.8723774552345276,0.8045153617858887
sub-cp035_ses-20220125_level-03B_run-002,sub-cp035,5,hybrid,10000,44,51,50,"{""centroids_per_class"":3,""epochs"":1,""learning_rate"":0.1,""margin_threshold"":0.0}",2,2,3.0,0.05,2.567614617286271,2.567614617286271,0.8096777200698853,0.8375795483589172,0.8635392785072327,0.8044294714927673
sub-cp035_ses-20220125_level-03B_run-005,sub-cp035,5,hybrid,10000,44,51,50,"{""centroids_per_class"":3,""epochs"":1,""learning_rate"":0.1,""margin_threshold"":0.0}",2,2,3.0,0.05,2.516292404957282,2.516292404957282,0.8529937863349915,0.8822901248931885,0.9129089117050171,0.8245875835418701
sub-cp035_ses-20220125_level-03B_run-011,sub-cp035,5,hybrid,10000,44,51,50,"{""centroids_per_class"":3,""epochs"":1,""learning_rate"":0.1,""margin_threshold"":0.0}",2,2,3.0,0.05,2.416652542369256,2.416652542369256,0.8603226542472839,0.887304961681366,0.9124622344970703,0.8002652525901794
sub-cp035_ses-20220125_level-04B_run-004,sub-cp035,5,hybrid,10000,44,51,50,"{""centroids_per_class"":3,""epochs"":1,""learning_rate"":0.1,""margin_threshold"":0.0}",3,3,4.0,0.05,3.2102368809528494,3.2102368809528494,0.8243802189826965,0.8162961602210999,0.8416610360145569,0.899342954158783
sub-cp035_ses-20220125_level-04B_run-006,sub-cp035,5,hybrid,10000,44,51,50,"{""centroids_per_class"":3,""epochs"":1,""learning_rate"":0.1,""margin_threshold"":0.0}",3,3,4.0,0.05,3.21194084652198,3.21194084652198,0.8407672047615051,0.8285502791404724,0.8768320679664612,0.9166833162307739
sub-cp035_ses-20220125_level-04B_run-009,sub-cp035,5,hybrid,10000,44,51,50,"{""centroids_per_class"":3,""epochs"":1,""learning_rate"":0.1,""margin_threshold"":0.0}",3,3,4.0,0.05,3.1365829520721826,3.1365829520721826,0.8327777981758118,0.8299650549888611,0.8749497532844543,0.903163731098175
sub-cp005_ses-20210226_level-01B_run-001,sub-cp005,5,hybrid,10000,45,51,50,"{""centroids_per_class"":3,""epochs"":1,""learning_rate"":0.1,""margin_threshold"":0.0}",0,0,1.0,0.05,1.9981750771195084,1.9981750771195084,0.8668749928474426,0.8496301174163818,0.846023678779602,0.7777403593063354
sub-cp005_ses-20210226_level-01B_run-007,sub-cp005,5,hybrid,10000,45,51,50,"{""centroids_per_class"":3,""epochs"":1,""learning_rate"":0.1,""margin_threshold"":0.0}",0,1,1.0,0.05,1.9010667865697548,1.9010667865697548,0.8897316455841064,0.9018492102622986,0.8539825677871704,0.7807602882385254
sub-cp005_ses-20210226_level-01B_run-012,sub-cp005,5,hybrid,10000,45,51,50,"{""centroids_per_class"":3,""epochs"":1,""learning_rate"":0.1,""margin_threshold"":0.0}",0,0,1.0,0.05,1.6707143829240572,1.6707143829240572,0.9107121825218201,0.8880710601806641,0.83949214220047,0.7706430554389954
sub-cp005_ses-20210226_level-02B_run-003,sub-cp005,5,hybrid,10000,45,51,50,"{""centroids_per_class"":3,""epochs"":1,""learning_rate"":0.1,""margin_threshold"":0.0}",1,2,2.0,0.05,2.5049207326751635,2.5049207326751635,0.810139536857605,0.8247148394584656,0.8483259081840515,0.7956147193908691
sub-cp005_ses-20210226_level-02B_run-008,sub-cp005,5,hybrid,10000,45,51,50,"{""centroids_per_class"":3,""epochs"":1,""learning_rate"":0.1,""margin_threshold"":0.0}",1,1,2.0,0.05,2.1231009233976748,2.1231009233976748,0.8522040247917175,0.9120929837226868,0.8654663562774658,0.7733396291732788
sub-cp005_ses-20210226_level-02B_run-010,sub-cp005,5,hybrid,10000,45,51,50,"{""centroids_per_class"":3,""epochs"":1,""learning_rate"":0.1,""margin_threshold"":0.0}",1,1,2.0,0.05,2.0474338451302,2.0474338451302,0.8731223940849304,0.9101443886756897,0.8592863082885742,0.7968345284461975
sub-cp005_ses-20210226_level-03B_run-002,sub-cp005,5,hybrid,10000,45,51,50,"{""centroids_per_class"":3,""epochs"":1,""learning_rate"":0.1,""margin_threshold"":0.0}",2,3,3.0,0.05,2.7799615966484152,2.7799615966484152,0.7724040746688843,0.7767924070358276,0.77712482213974,0.8060172200202942
sub-cp005_ses-20210226_level-03B_run-005,sub-cp005,5,hybrid,10000,45,51,50,"{""centroids_per_class"":3,""epochs"":1,""learning_rate"":0.1,""margin_threshold"":0.0}",2,2,3.0,0.05,2.5299712211160212,2.5299712211160212,0.8043478727340698,0.8672956228256226,0.8770925402641296,0.8012884259223938
sub-cp005_ses-20210226_level-03B_run-011,sub-cp005,5,hybrid,10000,45,51,50,"{""centroids_per_class"":3,""epochs"":1,""learning_rate"":0.1,""margin_threshold"":0.0}",2,2,3.0,0.05,2.6540339415608964,2.6540339415608964,0.8416773676872253,0.8699974417686462,0.9033633470535278,0.8508920073509216
sub-cp005_ses-20210226_level-04B_run-004,sub-cp005,5,hybrid,10000,45,51,50,"{""centroids_per_class"":3,""epochs"":1,""learning_rate"":0.1,""margin_threshold"":0.0}",3,3,4.0,0.05,2.950035409917379,2.950035409917379,0.7637395262718201,0.7597132325172424,0.7959668040275574,0.8115420341491699
sub-cp005_ses-20210226_level-04B_run-006,sub-cp005,5,hybrid,10000,45,51,50,"{""centroids_per_class"":3,""epochs"":1,""learning_rate"":0.1,""margin_threshold"":0.0}",3,3,4.0,0.05,3.3953057663256336,3.3953057663256336,0.817039430141449,0.8237268328666687,0.8686988353729248,0.923663854598999
sub-cp005_ses-20210226_level-04B_run-009,sub-cp005,5,hybrid,10000,45,51,50,"{""centroids_per_class"":3,""epochs"":1,""learning_rate"":0.1,""margin_threshold"":0.0}",3,3,4.0,0.05,2.880339220831835,2.880339220831835,0.8241847157478333,0.8167545199394226,0.8467015624046326,0.8633660674095154
sub-cp017_ses-20210521_level-01B_run-001,sub-cp017,5,hybrid,10000,45,51,50,"{""centroids_per_class"":3,""epochs"":1,""learning_rate"":0.1,""margin_threshold"":0.0}",0,0,1.0,0.05,1.6944669990487484,1.6944669990487484,0.9100338816642761,0.883777916431427,0.8409242630004883,0.7841743230819702
sub-cp017_ses-20210521_level-01B_run-007,sub-cp017,5,hybrid,10000,45,51,50,"{""centroids_per_class"":3,""epochs"":1,""learning_rate"":0.1,""margin_threshold"":0.0}",0,1,1.0,0.05,1.7619115728342338,1.7619115728342338,0.8759903907775879,0.8811472654342651,0.809556782245636,0.7471334934234619
sub-cp017_ses-20210521_level-01B_run-012,sub-cp017,5,hybrid,10000,45,51,50,"{""centroids_per_class"":3,""epochs"":1,""learning_rate"":0.1,""margin_threshold"":0.0}",0,1,1.0,0.05,1.8459249134327105,1.8459249134327105,0.8455705046653748,0.8722370862960815,0.7868947386741638,0.7329206466674805
sub-cp017_ses-20210521_level-02B_run-003,sub-cp017,5,hybrid,10000,45,51,50,"{""centroids_per_class"":3,""epochs"":1,""learning_rate"":0.1,""margin_threshold"":0.0}",1,1,2.0,0.05,2.0823216653851153,2.0823216653851153,0.8409113883972168,0.922554612159729,0.8550025224685669,0.7459878921508789
sub-cp017_ses-20210521_level-02B_run-008,sub-cp017,5,hybrid,10000,45,51,50,"{""centroids_per_class"":3,""epochs"":1,""learning_rate"":0.1,""margin_threshold"":0.0}",1,1,2.0,0.05,2.111055449106256,2.111055449106256,0.7989073395729065,0.8861858248710632,0.8135442137718201,0.7377610206604004
sub-cp017_ses-20210521_level-02B_run-010,sub-cp017,5,hybrid,10000,45,51,50,"{""centroids_per_class"":3,""epochs"":1,""learning_rate"":0.1,""margin_threshold"":0.0}",1,1,2.0,0.05,1.968074739351131,1.968074739351131,0.8658457398414612,0.8957440257072449,0.8384820818901062,0.7723231911659241
sub-cp017_ses-20210521_level-03B_run-002,sub-cp017,5,hybrid,10000,45,51,50,"{""centroids_per_class"":3,""epochs"":1,""learning_rate"":0.1,""margin_threshold"":0.0}",2,1,3.0,0.05,2.3823018303794243,2.3823018303794243,0.8101494908332825,0.8810175061225891,0.8791460990905762,0.7519035935401917
sub-cp017_ses-20210521_level-03B_run-005,sub-cp017,5,hybrid,10000,45,51,50,"{""centroids_per_class"":3,""epochs"":1,""learning_rate"":0.1,""margin_threshold"":0.0}",2,1,3.0,0.05,2.257667527549396,2.257667527549396,0.8559926748275757,0.8828983306884766,0.8805733919143677,0.7920835018157959
sub-cp017_ses-20210521_level-03B_run-011,sub-cp017,5,hybrid,10000,45,51,50,"{""centroids_per_class"":3,""epochs"":1,""learning_rate"":0.1,""margin_threshold"":0.0}",2,2,3.0,0.05,2.5397594775130057,2.5397594775130057,0.8294728398323059,0.8685394525527954,0.9021466374397278,0.796152651309967
sub-cp017_ses-20210521_level-04B_run-004,sub-cp017,5,hybrid,10000,45,51,50,"{""centroids_per_class"":3,""epochs"":1,""learning_rate"":0.1,""margin_threshold"":0.0}",3,3,4.0,0.05,3.1912098609607775,3.1912098609607775,0.8322495222091675,0.8350270986557007,0.8751957416534424,0.910932719707489
sub-cp017_ses-20210521_level-04B_run-006,sub-cp017,5,hybrid,10000,45,51,50,"{""centroids_per_class"":3,""epochs"":1,""learning_rate"":0.1,""margin_threshold"":0.0}",3,3,4.0,0.05,3.196681041774055,3.196681041774055,0.8315943479537964,0.8253446817398071,0.8660510778427124,0.9072060585021973
sub-cp017_ses-20210521_level-04B_run-009,sub-cp017,5,hybrid,10000,45,51,50,"{""centroids_per_class"":3,""epochs"":1,""learning_rate"":0.1,""margin_threshold"":0.0}",3,3,4.0,0.05,3.108371195669954,3.108371195669954,0.8352172374725342,0.8303959369659424,0.8609746098518372,0.9005919098854065
sub-cp022_ses-20210621_level-01B_run-001,sub-cp022,5,hybrid,10000,45,51,50,"{""centroids_per_class"":3,""epochs"":1,""learning_rate"":0.1,""margin_threshold"":0.0}",0,0,1.0,0.05,2.21529468114017,2.21529468114017,0.8566685318946838,0.8507063388824463,0.8451845645904541,0.8154564499855042
sub-cp022_ses-20210621_level-01B_run-007,sub-cp022,5,hybrid,10000,45,51,50,"{""centroids_per_class"":3,""epochs"":1,""learning_rate"":0.1,""margin_threshold"":0.0}",0,0,1.0,0.05,2.1884788110670184,2.1884788110670184,0.858515202999115,0.8341889381408691,0.825386643409729,0.8227543234825134
sub-cp022_ses-20210621_level-01B_run-012,sub-cp022,5,hybrid,10000,45,51,50,"{""centroids_per_class"":3,""epochs"":1,""learning_rate"":0.1,""margin_threshold"":0.0}",0,1,1.0,0.05,2.086572442070799,2.086572442070799,0.8808810710906982,0.8930856585502625,0.8695752024650574,0.8105260133743286
sub-cp022_ses-20210621_level-02B_run-003,sub-cp022,5,hybrid,10000,45,51,50,"{""centroids_per_class"":3,""epochs"":1,""learning_rate"":0.1,""margin_threshold"":0.0}",1,0,2.0,0.05,2.1684853859771973,2.1684853859771973,0.8671746253967285,0.8529149293899536,0.8555763363838196,0.8142735362052917
sub-cp022_ses-20210621_level-02B_run-008,sub-cp022,5,hybrid,10000,45,51,50,"{""centroids_per_class"":3,""epochs"":1,""learning_rate"":0.1,""margin_threshold"":0.0}",1,2,2.0,0.05,2.410549005064146,2.410549005064146,0.8424849510192871,0.8440418243408203,0.8565847873687744,0.8218788504600525
sub-cp022_ses-20210621_level-02B_run-010,sub-cp022,5,hybrid,10000,45,51,50,"{""centroids_per_class"":3,""epochs"":1,""learning_rate"":0.1,""margin_threshold"":0.0}",1,2,2.0,0.05,2.467702087671834,2.467702087671834,0.8575997352600098,0.8803509473800659,0.8806192278862,0.8516859412193298
sub-cp022_ses-20210621_level-03B_run-002,sub-cp022,5,hybrid,10000,45,51,50,"{""centroids_per_class"":3,""epochs"":1,""learning_rate"":0.1,""margin_threshold"":0.0}",2,2,3.0,0.05,2.7427128789398267,2.7427128789398267,0.8310125470161438,0.8538720607757568,0.8778579235076904,0.8603176474571228
sub-cp022_ses-20210621_level-03B_run-005,sub-cp022,5,hybrid,10000,45,51,50,"{""centroids_per_class"":3,""epochs"":1,""learning_rate"":0.1,""margin_threshold"":0.0}",2,2,3.0,0.05,2.668111415587099,2.668111415587099,0.830945611000061,0.8466354608535767,0.8854548931121826,0.8399652242660522
sub-cp022_ses-20210621_level-03B_run-011,sub-cp022,5,hybrid,10000,45,51,50,"{""centroids_per_class"":3,""epochs"":1,""learning_rate"":0.1,""margin_threshold"":0.0}",2,2,3.0,0.05,2.6883627726879236,2.6883627726879236,0.8574970960617065,0.8469806909561157,0.8921259045600891,0.8681544065475464
sub-cp022_ses-20210621_level-04B_run-004,sub-cp022,5,hybrid,10000,45,51,50,"{""centroids_per_class"":3,""epochs"":1,""learning_rate"":0.1,""margin_threshold"":0.0}",3,3,4.0,0.05,3.058884435390244,3.058884435390244,0.8311980366706848,0.8394551873207092,0.8650208711624146,0.895768940448761
sub-cp022_ses-20210621_level-04B_run-006,sub-cp022,5,hybrid,10000,45,51,50,"{""centroids_per_class"":3,""epochs"":1,""learning_rate"":0.1,""margin_threshold"":0.0}",3,3,4.0,0.05,3.083756431035435,3.083756431035435,0.8110034465789795,0.833672821521759,0.8429628610610962,0.8840363621711731
sub-cp022_ses-20210621_level-04B_run-009,sub-cp022,5,hybrid,10000,45,51,50,"{""centroids_per_class"":3,""epochs"":1,""learning_rate"":0.1,""margin_threshold"":0.0}",3,3,4.0,0.05,3.0627214424658233,3.0627214424658233,0.8135147094726562,0.8263261914253235,0.8606010675430298,0.8807536363601685
sub-cp028_ses-20211214_level-01B_run-001,sub-cp028,5,hybrid,10000,45,51,50,"{""centroids_per_class"":3,""epochs"":1,""learning_rate"":0.1,""margin_threshold"":0.0}",0,1,1.0,0.05,1.9498110260659718,1.9498110260659718,0.8365418910980225,0.8406289219856262,0.8069919943809509,0.7426920533180237
sub-cp028_ses-20211214_level-01B_run-007,sub-cp028,5,hybrid,10000,45,51,50,"{""centroids_per_class"":3,""epochs"":1,""learning_rate"":0.1,""margin_threshold"":0.0}",0,0,1.0,0.05,1.9162621353989115,1.9162621353989115,0.8797183632850647,0.8490726947784424,0.8413320183753967,0.7930223345756531
sub-cp028_ses-20211214_level-01B_run-012,sub-cp028,5,hybrid,10000,45,51,50,"{""centroids_per_class"":3,""epochs"":1,""learning_rate"":0.1,""margin_threshold"":0.0}",0,0,1.0,0.05,1.7368141227112406,1.7368141227112406,0.8397537469863892,0.7838219404220581,0.7636563181877136,0.7498854398727417
sub-cp028_ses-20211214_level-02B_run-003,sub-cp028,5,hybrid,10000,45,51,50,"{""centroids_per_class"":3,""epochs"":1,""learning_rate"":0.1,""margin_threshold"":0.0}",1,1,2.0,0.05,2.1954164518271755,2.1954164518271755,0.8358717560768127,0.8993687629699707,0.8630398511886597,0.7722848057746887
sub-cp028_ses-20211214_level-02B_run-008,sub-cp028,5,hybrid,10000,45,51,50,"{""centroids_per_class"":3,""epochs"":1,""learning_rate"":0.1,""margin_threshold"":0.0}",1,1,2.0,0.05,2.0009621590326954,2.0009621590326954,0.8656132221221924,0.8827175498008728,0.8432577848434448,0.7803753018379211
sub-cp028_ses-20211214_level-02B_run-010,sub-cp028,5,hybrid,10000,45,51,50,"{""centroids_per_class"":3,""epochs"":1,""learning_rate"":0.1,""margin_threshold"":0.0}",1,1,2.0,0.05,2.0514738009888336,2.0514738009888336,0.8728720545768738,0.8989891409873962,0.8663772940635681,0.7801910042762756
sub-cp028_ses-20211214_level-03B_run-002,sub-cp028,5,hybrid,10000,45,51,50,"{""centroids_per_class"":3,""epochs"":1,""learning_rate"":0.1,""margin_threshold"":0.0}",2,2,3.0,0.05,2.4941938522637055,2.4941938522637055,0.7926164269447327,0.855840265750885,0.8688137531280518,0.7681137919425964
sub-cp028_ses-20211214_level-03B_run-005,sub-cp028,5,hybrid,10000,45,51,50,"{""centroids_per_class"":3,""epochs"":1,""learning_rate"":0.1,""margin_threshold"":0.0}",2,2,3.0,0.05,2.3957553029822365,2.3957553029822365,0.8432434797286987,0.8677843809127808,0.8911280632019043,0.7816268801689148
sub-cp028_ses-20211214_level-03B_run-011,sub-cp028,5,hybrid,10000,45,51,50,"{""centroids_per_class"":3,""epochs"":1,""learning_rate"":0.1,""margin_threshold"":0.0}",2,1,3.0,0.05,2.3926213299681853,2.3926213299681853,0.8400330543518066,0.8818077445030212,0.8805236220359802,0.8128306865692139
sub-cp028_ses-20211214_level-04B_run-004,sub-cp028,5,hybrid,10000,45,51,50,"{""centroids_per_class"":3,""epochs"":1,""learning_rate"":0.1,""margin_threshold"":0.0}",3,3,4.0,0.05,3.2780077857363707,3.2780077857363707,0.82366544008255,0.8278903961181641,0.8626198172569275,0.9125871658325195
sub-cp028_ses-20211214_level-04B_run-006,sub-cp028,5,hybrid,10000,45,51,50,"{""centroids_per_class"":3,""epochs"":1,""learning_rate"":0.1,""margin_threshold"":0.0}",3,3,4.0,0.05,2.93788843169003,2.93788843169003,0.8455294370651245,0.8242052793502808,0.8654764890670776,0.8874753713607788
sub-cp028_ses-20211214_level-04B_run-009,sub-cp028,5,hybrid,10000,45,51,50,"{""centroids_per_class"":3,""epochs"":1,""learning_rate"":0.1,""margin_threshold"":0.0}",3,3,4.0,0.05,2.952419806573242,2.952419806573242,0.8387514352798462,0.8220433592796326,0.8574008345603943,0.8835291862487793
sub-cp030_ses-20211025_level-01B_run-001,sub-cp030,5,hybrid,10000,45,51,50,"{""centroids_per_class"":3,""epochs"":1,""learning_rate"":0.1,""margin_threshold"":0.0}",0,0,1.0,0.05,1.971995383597755,1.971995383597755,0.8690697550773621,0.8231997489929199,0.8425068259239197,0.7821430563926697
sub-cp030_ses-20211025_level-01B_run-007,sub-cp030,5,hybrid,10000,45,51,50,"{""centroids_per_class"":3,""epochs"":1,""learning_rate"":0.1,""margin_threshold"":0.0}",0,0,1.0,0.05,1.7274932049588116,1.7274932049588116,0.8610886335372925,0.8146376013755798,0.7986382842063904,0.7517057061195374
sub-cp030_ses-20211025_level-01B_run-012,sub-cp030,5,hybrid,10000,45,51,50,"{""centroids_per_class"":3,""epochs"":1,""learning_rate"":0.1,""margin_threshold"":0.0}",0,0,1.0,0.05,1.7314971188686843,1.7314971188686843,0.8683778047561646,0.8149667382240295,0.8067770004272461,0.7618080973625183
sub-cp030_ses-20211025_level-02B_run-003,sub-cp030,5,hybrid,10000,45,51,50,"{""centroids_per_class"":3,""epochs"":1,""learning_rate"":0.1,""margin_threshold"":0.0}",1,0,2.0,0.05,2.1061117521382573,2.1061117521382573,0.844776451587677,0.8066896796226501,0.8319421410560608,0.7744652032852173
sub-cp030_ses-20211025_level-02B_run-008,sub-cp030,5,hybrid,10000,45,51,50,"{""centroids_per_class"":3,""epochs"":1,""learning_rate"":0.1,""margin_threshold"":0.0}",1,1,2.0,0.05,2.145398940940531,2.145398940940531,0.8453512787818909,0.8679161071777344,0.8528357744216919,0.7662369012832642
sub-cp030_ses-20211025_level-02B_run-010,sub-cp030,5,hybrid,10000,45,51,50,"{""centroids_per_class"":3,""epochs"":1,""learning_rate"":0.1,""margin_threshold"":0.0}",1,1,2.0,0.05,1.9395301593284224,1.9395301593284224,0.8564039468765259,0.8600570559501648,0.8234719634056091,0.7641568779945374
sub-cp030_ses-20211025_level-03B_run-002,sub-cp030,5,hybrid,10000,45,51,50,"{""centroids_per_class"":3,""epochs"":1,""learning_rate"":0.1,""margin_threshold"":0.0}",2,2,3.0,0.05,2.5000961039357588,2.5000961039357588,0.8088003396987915,0.8052868843078613,0.8162403702735901,0.8048567175865173
sub-cp030_ses-20211025_level-03B_run-011,sub-cp030,5,hybrid,10000,45,51,50,"{""centroids_per_class"":3,""epochs"":1,""learning_rate"":0.1,""margin_threshold"":0.0}",2,2,3.0,0.05,2.5340693047802905,2.5340693047802905,0.8448677659034729,0.8601602911949158,0.8961823582649231,0.8236472010612488
sub-cp030_ses-20211025_level-04B_run-004,sub-cp030,5,hybrid,10000,45,51,50,"{""centroids_per_class"":3,""epochs"":1,""learning_rate"":0.1,""margin_threshold"":0.0}",3,0,4.0,0.05,2.546250291180646,2.546250291180646,0.8187863826751709,0.7516113519668579,0.7966055274009705,0.8168171644210815
sub-cp030_ses-20211025_level-04B_run-006,sub-cp030,5,hybrid,10000,45,51,50,"{""centroids_per_class"":3,""epochs"":1,""learning_rate"":0.1,""margin_threshold"":0.0}",3,3,4.0,0.05,3.060941424686509,3.060941424686509,0.7928281426429749,0.7852306962013245,0.8067354559898376,0.8517751097679138
sub-cp030_ses-20211025_level-04B_run-009,sub-cp030,5,hybrid,10000,45,51,50,"{""centroids_per_class"":3,""epochs"":1,""learning_rate"":0.1,""margin_threshold"":0.0}",3,3,4.0,0.05,3.1622297436831253,3.1622297436831253,0.8212074041366577,0.8313442468643188,0.841149628162384,0.8971673846244812
sub-cp032_ses-20211105_level-01B_run-001,sub-cp032,5,hybrid,10000,45,51,50,"{""centroids_per_class"":3,""epochs"":1,""learning_rate"":0.1,""margin_threshold"":0.0}",0,0,1.0,0.05,2.0072058576888345,2.0072058576888345,0.8834882974624634,0.8746899366378784,0.8556805849075317,0.8084115982055664
sub-cp032_ses-20211105_level-01B_run-007,sub-cp032,5,hybrid,10000,45,51,50,"{""centroids_per_class"":3,""epochs"":1,""learning_rate"":0.1,""margin_threshold"":0.0}",0,0,1.0,0.05,2.059108030173326,2.059108030173326,0.8693926334381104,0.8619294762611389,0.8398805260658264,0.809733510017395
sub-cp032_ses-20211105_level-01B_run-012,sub-cp032,5,hybrid,10000,45,51,50,"{""centroids_per_class"":3,""epochs"":1,""learning_rate"":0.1,""margin_threshold"":0.0}",0,0,1.0,0.05,1.9658450940442065,1.9658450940442065,0.888376772403717,0.8665454387664795,0.8494125008583069,0.8150547742843628
sub-cp032_ses-20211105_level-02B_run-003,sub-cp032,5,hybrid,10000,45,51,50,"{""centroids_per_class"":3,""epochs"":1,""learning_rate"":0.1,""margin_threshold"":0.0}",1,1,2.0,0.05,2.096034474038932,2.096034474038932,0.8720012903213501,0.8833484649658203,0.8554940223693848,0.8114122152328491
sub-cp032_ses-20211105_level-02B_run-008,sub-cp032,5,hybrid,10000,45,51,50,"{""centroids_per_class"":3,""epochs"":1,""learning_rate"":0.1,""margin_threshold"":0.0}",1,1,2.0,0.05,2.1927463795032196,2.1927463795032196,0.8625729084014893,0.883400022983551,0.8579586744308472,0.8185313940048218
sub-cp032_ses-20211105_level-02B_run-010,sub-cp032,5,hybrid,10000,45,51,50,"{""centroids_per_class"":3,""epochs"":1,""learning_rate"":0.1,""margin_threshold"":0.0}",1,1,2.0,0.05,2.061480330859495,2.061480330859495,0.869794487953186,0.8780251741409302,0.8520715236663818,0.7995331287384033
sub-cp032_ses-20211105_level-03B_run-002,sub-cp032,5,hybrid,10000,45,51,50,"{""centroids_per_class"":3,""epochs"":1,""learning_rate"":0.1,""margin_threshold"":0.0}",2,2,3.0,0.05,2.5536092870252447,2.5536092870252447,0.8278120756149292,0.8629273772239685,0.8953325748443604,0.8067090511322021
sub-cp032_ses-20211105_level-03B_run-005,sub-cp032,5,hybrid,10000,45,51,50,"{""centroids_per_class"":3,""epochs"":1,""learning_rate"":0.1,""margin_threshold"":0.0}",2,2,3.0,0.05,2.403166523420701,2.403166523420701,0.8452062606811523,0.8778751492500305,0.8799290060997009,0.820939302444458
sub-cp032_ses-20211105_level-03B_run-011,sub-cp032,5,hybrid,10000,45,51,50,"{""centroids_per_class"":3,""epochs"":1,""learning_rate"":0.1,""margin_threshold"":0.0}",2,2,3.0,0.05,2.553673375432325,2.553673375432325,0.8391170501708984,0.8792921900749207,0.8949933648109436,0.8383979201316833
sub-cp032_ses-20211105_level-04B_run-004,sub-cp032,5,hybrid,10000,45,51,50,"{""centroids_per_class"":3,""epochs"":1,""learning_rate"":0.1,""margin_threshold"":0.0}",3,3,4.0,0.05,3.2936968165900793,3.2936968165900793,0.8286511898040771,0.8424665927886963,0.8796663284301758,0.924611508846283
sub-cp032_ses-20211105_level-04B_run-006,sub-cp032,5,hybrid,10000,45,51,50,"{""centroids_per_class"":3,""epochs"":1,""learning_rate"":0.1,""margin_threshold"":0.0}",3,3,4.0,0.05,3.2653039759778846,3.2653039759778846,0.8250132203102112,0.8181942105293274,0.8584063053131104,0.9083055853843689
sub-cp032_ses-20211105_level-04B_run-009,sub-cp032,5,hybrid,10000,45,51,50,"{""centroids_per_class"":3,""epochs"":1,""learning_rate"":0.1,""margin_threshold"":0.0}",3,3,4.0,0.05,3.271367426137666,3.271367426137666,0.8293326497077942,0.834309458732605,0.8735759258270264,0.9184775352478027
sub-cp035_ses-20220125_level-01B_run-001,sub-cp035,5,hybrid,10000,45,51,50,"{""centroids_per_class"":3,""epochs"":1,""learning_rate"":0.1,""margin_threshold"":0.0}",0,1,1.0,0.05,2.176991474344874,2.176991474344874,0.8557300567626953,0.8699350953102112,0.8509911894798279,0.8051979541778564
sub-cp035_ses-20220125_level-01B_run-007,sub-cp035,5,hybrid,10000,45,51,50,"{""centroids_per_class"":3,""epochs"":1,""learning_rate"":0.1,""margin_threshold"":0.0}",0,0,1.0,0.05,1.8310215989885599,1.8310215989885599,0.9000945687294006,0.871065080165863,0.8515757322311401,0.8000867962837219
sub-cp035_ses-20220125_level-01B_run-012,sub-cp035,5,hybrid,10000,45,51,50,"{""centroids_per_class"":3,""epochs"":1,""learning_rate"":0.1,""margin_threshold"":0.0}",0,0,1.0,0.05,1.937336150173303,1.937336150173303,0.8885879516601562,0.8611955046653748,0.8413365483283997,0.8165242671966553
sub-cp035_ses-20220125_level-02B_run-003,sub-cp035,5,hybrid,10000,45,51,50,"{""centroids_per_class"":3,""epochs"":1,""learning_rate"":0.1,""margin_threshold"":0.0}",1,1,2.0,0.05,2.2106418938440964,2.2106418938440964,0.8523524403572083,0.8931229710578918,0.8496915698051453,0.8200734853744507
sub-cp035_ses-20220125_level-02B_run-008,sub-cp035,5,hybrid,10000,45,51,50,"{""centroids_per_class"":3,""epochs"":1,""learning_rate"":0.1,""margin_threshold"":0.0}",1,1,2.0,0.05,2.150972899610616,2.150972899610616,0.860622227191925,0.8986637592315674,0.8750077486038208,0.7762412428855896
sub-cp035_ses-20220125_level-02B_run-010,sub-cp035,5,hybrid,10000,45,51,50,"{""centroids_per_class"":3,""epochs"":1,""learning_rate"":0.1,""margin_threshold"":0.0}",1,1,2.0,0.05,2.085557640090661,2.085557640090661,0.8696109056472778,0.8925076723098755,0.860084056854248,0.7988544702529907
sub-cp035_ses-20220125_level-03B_run-002,sub-cp035,5,hybrid,10000,45,51,50,"{""centroids_per_class"":3,""epochs"":1,""learning_rate"":0.1,""margin_threshold"":0.0}",2,2,3.0,0.05,2.526827530631115,2.526827530631115,0.8066564202308655,0.8279002904891968,0.8456763625144958,0.8004012107849121
sub-cp035_ses-20220125_level-03B_run-005,sub-cp035,5,hybrid,10000,45,51,50,"{""centroids_per_class"":3,""epochs"":1,""learning_rate"":0.1,""margin_threshold"":0.0}",2,2,3.0,0.05,2.550364275887613,2.550364275887613,0.8273714780807495,0.8772915601730347,0.8924691081047058,0.825305163860321
sub-cp035_ses-20220125_level-03B_run-011,sub-cp035,5,hybrid,10000,45,51,50,"{""centroids_per_class"":3,""epochs"":1,""learning_rate"":0.1,""margin_threshold"":0.0}",2,2,3.0,0.05,2.426966375489672,2.426966375489672,0.8414642214775085,0.8872758746147156,0.900951087474823,0.7941979765892029
sub-cp035_ses-20220125_level-04B_run-004,sub-cp035,5,hybrid,10000,45,51,50,"{""centroids_per_class"":3,""epochs"":1,""learning_rate"":0.1,""margin_threshold"":0.0}",3,3,4.0,0.05,3.1370007789180905,3.1370007789180905,0.830351710319519,0.8347247838973999,0.8604247570037842,0.9021517634391785
sub-cp035_ses-20220125_level-04B_run-006,sub-cp035,5,hybrid,10000,45,51,50,"{""centroids_per_class"":3,""epochs"":1,""learning_rate"":0.1,""margin_threshold"":0.0}",3,3,4.0,0.05,3.1915644378785006,3.1915644378785006,0.8360333442687988,0.8324159979820251,0.879499614238739,0.9128458499908447
sub-cp035_ses-20220125_level-04B_run-009,sub-cp035,5,hybrid,10000,45,51,50,"{""centroids_per_class"":3,""epochs"":1,""learning_rate"":0.1,""margin_threshold"":0.0}",3,3,4.0,0.05,3.216563293508912,3.216563293508912,0.8268303275108337,0.8297372460365295,0.8749203681945801,0.9092472791671753
sub-cp005_ses-20210226_level-01B_run-001,sub-cp005,5,hybrid,10000,46,51,50,"{""centroids_per_class"":3,""epochs"":1,""learning_rate"":0.1,""margin_threshold"":0.0}",0,0,1.0,0.05,1.7834413924529642,1.7834413924529642,0.8854919672012329,0.8447330594062805,0.8314149975776672,0.7811629176139832
sub-cp005_ses-20210226_level-01B_run-007,sub-cp005,5,hybrid,10000,46,51,50,"{""centroids_per_class"":3,""epochs"":1,""learning_rate"":0.1,""margin_threshold"":0.0}",0,1,1.0,0.05,1.8921678718542216,1.8921678718542216,0.8969415426254272,0.9021981358528137,0.860413670539856,0.7880531549453735
sub-cp005_ses-20210226_level-01B_run-012,sub-cp005,5,hybrid,10000,46,51,50,"{""centroids_per_class"":3,""epochs"":1,""learning_rate"":0.1,""margin_threshold"":0.0}",0,0,1.0,0.05,1.745256662964895,1.745256662964895,0.9085988402366638,0.8969668745994568,0.8499444723129272,0.774781346321106
sub-cp005_ses-20210226_level-02B_run-003,sub-cp005,5,hybrid,10000,46,51,50,"{""centroids_per_class"":3,""epochs"":1,""learning_rate"":0.1,""margin_threshold"":0.0}",1,2,2.0,0.05,2.449093930083475,2.449093930083475,0.8176812529563904,0.8182274103164673,0.8330342769622803,0.8029099106788635
sub-cp005_ses-20210226_level-02B_run-008,sub-cp005,5,hybrid,10000,46,51,50,"{""centroids_per_class"":3,""epochs"":1,""learning_rate"":0.1,""margin_threshold"":0.0}",1,1,2.0,0.05,2.1685869402538493,2.1685869402538493,0.8798938393592834,0.9212024211883545,0.9021783471107483,0.7813982367515564
sub-cp005_ses-20210226_level-02B_run-010,sub-cp005,5,hybrid,10000,46,51,50,"{""centroids_per_class"":3,""epochs"":1,""learning_rate"":0.1,""margin_threshold"":0.0}",1,1,2.0,0.05,2.058576774794665,2.058576774794665,0.8847846984863281,0.9050667881965637,0.8738457560539246,0.8045363426208496
sub-cp005_ses-20210226_level-03B_run-002,sub-cp005,5,hybrid,10000,46,51,50,"{""centroids_per_class"":3,""epochs"":1,""learning_rate"":0.1,""margin_threshold"":0.0}",2,3,3.0,0.05,2.7335591527504217,2.7335591527504217,0.772817075252533,0.7836965918540955,0.7771748304367065,0.8038277626037598
sub-cp005_ses-20210226_level-03B_run-005,sub-cp005,5,hybrid,10000,46,51,50,"{""centroids_per_class"":3,""epochs"":1,""learning_rate"":0.1,""margin_threshold"":0.0}",2,2,3.0,0.05,2.5261092210980123,2.5261092210980123,0.8400409817695618,0.8578101992607117,0.8970659375190735,0.8091270923614502
sub-cp005_ses-20210226_level-03B_run-011,sub-cp005,5,hybrid,10000,46,51,50,"{""centroids_per_class"":3,""epochs"":1,""learning_rate"":0.1,""margin_threshold"":0.0}",2,2,3.0,0.05,2.6369686799078487,2.6369686799078487,0.8549028038978577,0.8430975675582886,0.8891140818595886,0.856963038444519
sub-cp005_ses-20210226_level-04B_run-004,sub-cp005,5,hybrid,10000,46,51,50,"{""centroids_per_class"":3,""epochs"":1,""learning_rate"":0.1,""margin_threshold"":0.0}",3,3,4.0,0.05,2.843843377186703,2.843843377186703,0.7663363218307495,0.7748073935508728,0.7780551314353943,0.8077351450920105
sub-cp005_ses-20210226_level-04B_run-006,sub-cp005,5,hybrid,10000,46,51,50,"{""centroids_per_class"":3,""epochs"":1,""learning_rate"":0.1,""margin_threshold"":0.0}",3,3,4.0,0.05,3.4265182444074203,3.4265182444074203,0.816999614238739,0.8317654132843018,0.8410664796829224,0.9256051182746887
sub-cp005_ses-20210226_level-04B_run-009,sub-cp005,5,hybrid,10000,46,51,50,"{""centroids_per_class"":3,""epochs"":1,""learning_rate"":0.1,""margin_threshold"":0.0}",3,3,4.0,0.05,2.7770022429396137,2.7770022429396137,0.8306692838668823,0.8166958689689636,0.8331303000450134,0.8584174513816833
sub-cp017_ses-20210521_level-01B_run-001,sub-cp017,5,hybrid,10000,46,51,50,"{""centroids_per_class"":3,""epochs"":1,""learning_rate"":0.1,""margin_threshold"":0.0}",0,0,1.0,0.05,1.8158730271347352,1.8158730271347352,0.9134140014648438,0.9066709280014038,0.8667632937431335,0.7911005020141602
sub-cp017_ses-20210521_level-01B_run-007,sub-cp017,5,hybrid,10000,46,51,50,"{""centroids_per_class"":3,""epochs"":1,""learning_rate"":0.1,""margin_threshold"":0.0}",0,1,1.0,0.05,1.7485858826235654,1.7485858826235654,0.9009820818901062,0.903683066368103,0.8420684933662415,0.744274377822876
sub-cp017_ses-20210521_level-01B_run-012,sub-cp017,5,hybrid,10000,46,51,50,"{""centroids_per_class"":3,""epochs"":1,""learning_rate"":0.1,""margin_threshold"":0.0}",0,0,1.0,0.05,1.763207916220615,1.763207916220615,0.8779575228691101,0.877077579498291,0.8226990103721619,0.7320978045463562
sub-cp017_ses-20210521_level-02B_run-003,sub-cp017,5,hybrid,10000,46,51,50,"{""centroids_per_class"":3,""epochs"":1,""learning_rate"":0.1,""margin_threshold"":0.0}",1,1,2.0,0.05,2.1499696142636,2.1499696142636,0.8717371821403503,0.9215288162231445,0.8960794806480408,0.7531917095184326
sub-cp017_ses-20210521_level-02B_run-008,sub-cp017,5,hybrid,10000,46,51,50,"{""centroids_per_class"":3,""epochs"":1,""learning_rate"":0.1,""margin_threshold"":0.0}",1,1,2.0,0.05,2.0775983735637453,2.0775983735637453,0.8385949730873108,0.8768749237060547,0.8392225503921509,0.7474222779273987
sub-cp017_ses-20210521_level-02B_run-010,sub-cp017,5,hybrid,10000,46,51,50,"{""centroids_per_class"":3,""epochs"":1,""learning_rate"":0.1,""margin_threshold"":0.0}",1,1,2.0,0.05,2.0070878563873054,2.0070878563873054,0.8739061951637268,0.9128901362419128,0.8572888374328613,0.7809301018714905
sub-cp017_ses-20210521_level-03B_run-002,sub-cp017,5,hybrid,10000,46,51,50,"{""centroids_per_class"":3,""epochs"":1,""learning_rate"":0.1,""margin_threshold"":0.0}",2,2,3.0,0.05,2.4474956881552137,2.4474956881552137,0.8500463962554932,0.8718641996383667,0.9089776277542114,0.7747282981872559
sub-cp017_ses-20210521_level-03B_run-005,sub-cp017,5,hybrid,10000,46,51,50,"{""centroids_per_class"":3,""epochs"":1,""learning_rate"":0.1,""margin_threshold"":0.0}",2,2,3.0,0.05,2.2429102853684193,2.2429102853684193,0.8779929280281067,0.8979671001434326,0.9007242321968079,0.8055030107498169
sub-cp017_ses-20210521_level-03B_run-011,sub-cp017,5,hybrid,10000,46,51,50,"{""centroids_per_class"":3,""epochs"":1,""learning_rate"":0.1,""margin_threshold"":0.0}",2,2,3.0,0.05,2.485989940834673,2.485989940834673,0.8549013733863831,0.8783435225486755,0.9126636981964111,0.8111241459846497
sub-cp017_ses-20210521_level-04B_run-004,sub-cp017,5,hybrid,10000,46,51,50,"{""centroids_per_class"":3,""epochs"":1,""learning_rate"":0.1,""margin_threshold"":0.0}",3,3,4.0,0.05,3.305161793525209,3.305161793525209,0.8336614966392517,0.8231052160263062,0.8572096228599548,0.9192773103713989
sub-cp017_ses-20210521_level-04B_run-006,sub-cp017,5,hybrid,10000,46,51,50,"{""centroids_per_class"":3,""epochs"":1,""learning_rate"":0.1,""margin_threshold"":0.0}",3,3,4.0,0.05,3.3271018776940378,3.3271018776940378,0.8213163614273071,0.825675368309021,0.836415708065033,0.9130867123603821
sub-cp017_ses-20210521_level-04B_run-009,sub-cp017,5,hybrid,10000,46,51,50,"{""centroids_per_class"":3,""epochs"":1,""learning_rate"":0.1,""margin_threshold"":0.0}",3,3,4.0,0.05,3.1907770667869046,3.1907770667869046,0.8269633650779724,0.833747386932373,0.845620334148407,0.9047122597694397
sub-cp022_ses-20210621_level-01B_run-001,sub-cp022,5,hybrid,10000,46,51,50,"{""centroids_per_class"":3,""epochs"":1,""learning_rate"":0.1,""margin_threshold"":0.0}",0,0,1.0,0.05,1.9672953981614834,1.9672953981614834,0.8771995902061462,0.8310490846633911,0.8235893845558167,0.8162611126899719
sub-cp022_ses-20210621_level-01B_run-007,sub-cp022,5,hybrid,10000,46,51,50,"{""centroids_per_class"":3,""epochs"":1,""learning_rate"":0.1,""margin_threshold"":0.0}",0,0,1.0,0.05,2.15792436009409,2.15792436009409,0.858489453792572,0.8361170887947083,0.8114770650863647,0.824317455291748
sub-cp022_ses-20210621_level-01B_run-012,sub-cp022,5,hybrid,10000,46,51,50,"{""centroids_per_class"":3,""epochs"":1,""learning_rate"":0.1,""margin_threshold"":0.0}",0,0,1.0,0.05,1.920158221228176,1.920158221228176,0.9074776768684387,0.9023250937461853,0.8665632009506226,0.8213828802108765
sub-cp022_ses-20210621_level-02B_run-003,sub-cp022,5,hybrid,10000,46,51,50,"{""centroids_per_class"":3,""epochs"":1,""learning_rate"":0.1,""margin_threshold"":0.0}",1,0,2.0,0.05,2.2287357324831327,2.2287357324831327,0.8630616068840027,0.842619001865387,0.8426429629325867,0.8274003267288208
sub-cp022_ses-20210621_level-02B_run-008,sub-cp022,5,hybrid,10000,46,51,50,"{""centroids_per_class"":3,""epochs"":1,""learning_rate"":0.1,""margin_threshold"":0.0}",1,0,2.0,0.05,2.3422782815445635,2.3422782815445635,0.842934250831604,0.8415274620056152,0.8368724584579468,0.8220824599266052
sub-cp022_ses-20210621_level-02B_run-010,sub-cp022,5,hybrid,10000,46,51,50,"{""centroids_per_class"":3,""epochs"":1,""learning_rate"":0.1,""margin_threshold"":0.0}",1,1,2.0,0.05,2.4609652629277474,2.4609652629277474,0.8574326634407043,0.8661126494407654,0.8621636629104614,0.8532946109771729
sub-cp022_ses-20210621_level-03B_run-002,sub-cp022,5,hybrid,10000,46,51,50,"{""centroids_per_class"":3,""epochs"":1,""learning_rate"":0.1,""margin_threshold"":0.0}",2,3,3.0,0.05,2.7634055240301896,2.7634055240301896,0.8254966735839844,0.8509685397148132,0.8609223961830139,0.8617511987686157
sub-cp022_ses-20210621_level-03B_run-005,sub-cp022,5,hybrid,10000,46,51,50,"{""centroids_per_class"":3,""epochs"":1,""learning_rate"":0.1,""margin_threshold"":0.0}",2,2,3.0,0.05,2.6371595120753017,2.6371595120753017,0.8455750346183777,0.8381046652793884,0.8677201271057129,0.8542446494102478
sub-cp022_ses-20210621_level-03B_run-011,sub-cp022,5,hybrid,10000,46,51,50,"{""centroids_per_class"":3,""epochs"":1,""learning_rate"":0.1,""margin_threshold"":0.0}",2,3,3.0,0.05,2.694180951769818,2.694180951769818,0.8625085353851318,0.8367356061935425,0.8730146288871765,0.8766145706176758
sub-cp022_ses-20210621_level-04B_run-004,sub-cp022,5,hybrid,10000,46,51,50,"{""centroids_per_class"":3,""epochs"":1,""learning_rate"":0.1,""margin_threshold"":0.0}",3,3,4.0,0.05,3.040858458132117,3.040858458132117,0.8328133225440979,0.835280179977417,0.8431341648101807,0.8928152322769165
sub-cp022_ses-20210621_level-04B_run-006,sub-cp022,5,hybrid,10000,46,51,50,"{""centroids_per_class"":3,""epochs"":1,""learning_rate"":0.1,""margin_threshold"":0.0}",3,3,4.0,0.05,3.054571359877151,3.054571359877151,0.8185524940490723,0.8321247100830078,0.8277655839920044,0.884048342704773
sub-cp022_ses-20210621_level-04B_run-009,sub-cp022,5,hybrid,10000,46,51,50,"{""centroids_per_class"":3,""epochs"":1,""learning_rate"":0.1,""margin_threshold"":0.0}",3,3,4.0,0.05,3.103039433310186,3.103039433310186,0.8070628046989441,0.8437464237213135,0.8524552583694458,0.8894055485725403
sub-cp028_ses-20211214_level-01B_run-001,sub-cp028,5,hybrid,10000,46,51,50,"{""centroids_per_class"":3,""epochs"":1,""learning_rate"":0.1,""margin_threshold"":0.0}",0,0,1.0,0.05,1.841566073385636,1.841566073385636,0.8530791997909546,0.847409725189209,0.8071999549865723,0.7426972985267639
sub-cp028_ses-20211214_level-01B_run-007,sub-cp028,5,hybrid,10000,46,51,50,"{""centroids_per_class"":3,""epochs"":1,""learning_rate"":0.1,""margin_threshold"":0.0}",0,0,1.0,0.05,1.6749585938189853,1.6749585938189853,0.9045435190200806,0.8547362685203552,0.8324201107025146,0.7913652062416077
sub-cp028_ses-20211214_level-01B_run-012,sub-cp028,5,hybrid,10000,46,51,50,"{""centroids_per_class"":3,""epochs"":1,""learning_rate"":0.1,""margin_threshold"":0.0}",0,0,1.0,0.05,2.0120441931079607,2.0120441931079607,0.8119136691093445,0.7560938596725464,0.7506988048553467,0.7615180611610413
sub-cp028_ses-20211214_level-02B_run-003,sub-cp028,5,hybrid,10000,46,51,50,"{""centroids_per_class"":3,""epochs"":1,""learning_rate"":0.1,""margin_threshold"":0.0}",1,1,2.0,0.05,2.160009426300524,2.160009426300524,0.8607303500175476,0.8883645534515381,0.8698065280914307,0.7881491780281067
sub-cp028_ses-20211214_level-02B_run-008,sub-cp028,5,hybrid,10000,46,51,50,"{""centroids_per_class"":3,""epochs"":1,""learning_rate"":0.1,""margin_threshold"":0.0}",1,0,2.0,0.05,1.8530756426658297,1.8530756426658297,0.8830175399780273,0.8789704442024231,0.836808979511261,0.7779226899147034
sub-cp028_ses-20211214_level-02B_run-010,sub-cp028,5,hybrid,10000,46,51,50,"{""centroids_per_class"":3,""epochs"":1,""learning_rate"":0.1,""margin_threshold"":0.0}",1,1,2.0,0.05,1.972436796049378,1.972436796049378,0.8936166167259216,0.8975544571876526,0.8745060563087463,0.7872215509414673
sub-cp028_ses-20211214_level-03B_run-002,sub-cp028,5,hybrid,10000,46,51,50,"{""centroids_per_class"":3,""epochs"":1,""learning_rate"":0.1,""margin_threshold"":0.0}",2,2,3.0,0.05,2.3584786146512684,2.3584786146512684,0.8388151526451111,0.849825918674469,0.8751313090324402,0.7772253751754761
sub-cp028_ses-20211214_level-03B_run-005,sub-cp028,5,hybrid,10000,46,51,50,"{""centroids_per_class"":3,""epochs"":1,""learning_rate"":0.1,""margin_threshold"":0.0}",2,2,3.0,0.05,2.4284342764246434,2.4284342764246434,0.855088472366333,0.8793412446975708,0.9067671298980713,0.7995573282241821
sub-cp028_ses-20211214_level-03B_run-011,sub-cp028,5,hybrid,10000,46,51,50,"{""centroids_per_class"":3,""epochs"":1,""learning_rate"":0.1,""margin_threshold"":0.0}",2,2,3.0,0.05,2.326171236630716,2.326171236630716,0.8655250668525696,0.8698588013648987,0.8822185397148132,0.8247793912887573
sub-cp028_ses-20211214_level-04B_run-004,sub-cp028,5,hybrid,10000,46,51,50,"{""centroids_per_class"":3,""epochs"":1,""learning_rate"":0.1,""margin_threshold"":0.0}",3,3,4.0,0.05,3.232243464625708,3.232243464625708,0.822212278842926,0.8328996300697327,0.8510105013847351,0.9068374037742615
sub-cp028_ses-20211214_level-04B_run-006,sub-cp028,5,hybrid,10000,46,51,50,"{""centroids_per_class"":3,""epochs"":1,""learning_rate"":0.1,""margin_threshold"":0.0}",3,3,4.0,0.05,3.0853289248118667,3.0853289248118667,0.8318159580230713,0.8254812955856323,0.8445995450019836,0.893672525882721
sub-cp028_ses-20211214_level-04B_run-009,sub-cp028,5,hybrid,10000,46,51,50,"{""centroids_per_class"":3,""epochs"":1,""learning_rate"":0.1,""margin_threshold"":0.0}",3,3,4.0,0.05,2.8655010989528615,2.8655010989528615,0.8440856337547302,0.8258029222488403,0.8409906029701233,0.880273163318634
sub-cp030_ses-20211025_level-01B_run-001,sub-cp030,5,hybrid,10000,46,51,50,"{""centroids_per_class"":3,""epochs"":1,""learning_rate"":0.1,""margin_threshold"":0.0}",0,0,1.0,0.05,2.0252742310848295,2.0252742310848295,0.8576992154121399,0.8107524514198303,0.8286994695663452,0.7879497408866882
sub-cp030_ses-20211025_level-01B_run-007,sub-cp030,5,hybrid,10000,46,51,50,"{""centroids_per_class"":3,""epochs"":1,""learning_rate"":0.1,""margin_threshold"":0.0}",0,0,1.0,0.05,1.5506693595721184,1.5506693595721184,0.8858863711357117,0.8285669684410095,0.7976645231246948,0.7493520379066467
sub-cp030_ses-20211025_level-01B_run-012,sub-cp030,5,hybrid,10000,46,51,50,"{""centroids_per_class"":3,""epochs"":1,""learning_rate"":0.1,""margin_threshold"":0.0}",0,0,1.0,0.05,1.6807987235740767,1.6807987235740767,0.864600658416748,0.8113446235656738,0.7935742735862732,0.7536377310752869
sub-cp030_ses-20211025_level-02B_run-003,sub-cp030,5,hybrid,10000,46,51,50,"{""centroids_per_class"":3,""epochs"":1,""learning_rate"":0.1,""margin_threshold"":0.0}",1,0,2.0,0.05,2.228035135853196,2.228035135853196,0.8225276470184326,0.8106993436813354,0.8174237012863159,0.7768675684928894
sub-cp030_ses-20211025_level-02B_run-008,sub-cp030,5,hybrid,10000,46,51,50,"{""centroids_per_class"":3,""epochs"":1,""learning_rate"":0.1,""margin_threshold"":0.0}",1,0,2.0,0.05,1.918627756109154,1.918627756109154,0.8874533176422119,0.8695633411407471,0.8606299161911011,0.7771731019020081
sub-cp030_ses-20211025_level-02B_run-010,sub-cp030,5,hybrid,10000,46,51,50,"{""centroids_per_class"":3,""epochs"":1,""learning_rate"":0.1,""margin_threshold"":0.0}",1,0,2.0,0.05,1.7489894381397133,1.7489894381397133,0.8832636475563049,0.8636330962181091,0.8273738026618958,0.754215657711029
sub-cp030_ses-20211025_level-03B_run-002,sub-cp030,5,hybrid,10000,46,51,50,"{""centroids_per_class"":3,""epochs"":1,""learning_rate"":0.1,""margin_threshold"":0.0}",2,0,3.0,0.05,2.292166824522173,2.292166824522173,0.811072826385498,0.808578372001648,0.787742018699646,0.7902548313140869
sub-cp030_ses-20211025_level-03B_run-011,sub-cp030,5,hybrid,10000,46,51,50,"{""centroids_per_class"":3,""epochs"":1,""learning_rate"":0.1,""margin_threshold"":0.0}",2,2,3.0,0.05,2.5314620342487473,2.5314620342487473,0.8536375761032104,0.8435116410255432,0.8899503350257874,0.8342675566673279
sub-cp030_ses-20211025_level-04B_run-004,sub-cp030,5,hybrid,10000,46,51,50,"{""centroids_per_class"":3,""epochs"":1,""learning_rate"":0.1,""margin_threshold"":0.0}",3,3,4.0,0.05,2.6570253599089053,2.6570253599089053,0.8014295101165771,0.7642745971679688,0.7848779559135437,0.8138946890830994
sub-cp030_ses-20211025_level-04B_run-006,sub-cp030,5,hybrid,10000,46,51,50,"{""centroids_per_class"":3,""epochs"":1,""learning_rate"":0.1,""margin_threshold"":0.0}",3,3,4.0,0.05,2.900216234393419,2.900216234393419,0.7761961817741394,0.7826305627822876,0.7823683023452759,0.8231205344200134
sub-cp030_ses-20211025_level-04B_run-009,sub-cp030,5,hybrid,10000,46,51,50,"{""centroids_per_class"":3,""epochs"":1,""learning_rate"":0.1,""margin_threshold"":0.0}",3,3,4.0,0.05,3.0831119520120644,3.0831119520120644,0.8186699748039246,0.835099458694458,0.8186491131782532,0.888026773929596
sub-cp032_ses-20211105_level-01B_run-001,sub-cp032,5,hybrid,10000,46,51,50,"{""centroids_per_class"":3,""epochs"":1,""learning_rate"":0.1,""margin_threshold"":0.0}",0,0,1.0,0.05,2.0768584918380473,2.0768584918380473,0.8826631903648376,0.8785545825958252,0.862110435962677,0.818752110004425
sub-cp032_ses-20211105_level-01B_run-007,sub-cp032,5,hybrid,10000,46,51,50,"{""centroids_per_class"":3,""epochs"":1,""learning_rate"":0.1,""margin_threshold"":0.0}",0,0,1.0,0.05,1.9942012928624424,1.9942012928624424,0.8773602247238159,0.8660807013511658,0.8411219716072083,0.8081328272819519
sub-cp032_ses-20211105_level-01B_run-012,sub-cp032,5,hybrid,10000,46,51,50,"{""centroids_per_class"":3,""epochs"":1,""learning_rate"":0.1,""margin_threshold"":0.0}",0,0,1.0,0.05,1.9536969643938655,1.9536969643938655,0.8910478353500366,0.8800961971282959,0.8405637145042419,0.8239994645118713
sub-cp032_ses-20211105_level-02B_run-003,sub-cp032,5,hybrid,10000,46,51,50,"{""centroids_per_class"":3,""epochs"":1,""learning_rate"":0.1,""margin_threshold"":0.0}",1,1,2.0,0.05,2.2067913590057975,2.2067913590057975,0.869096040725708,0.8921759724617004,0.8710505366325378,0.8227753639221191
sub-cp032_ses-20211105_level-02B_run-008,sub-cp032,5,hybrid,10000,46,51,50,"{""centroids_per_class"":3,""epochs"":1,""learning_rate"":0.1,""margin_threshold"":0.0}",1,1,2.0,0.05,2.170244790135145,2.170244790135145,0.8724961876869202,0.8874159455299377,0.8653935790061951,0.8229897618293762
sub-cp032_ses-20211105_level-02B_run-010,sub-cp032,5,hybrid,10000,46,51,50,"{""centroids_per_class"":3,""epochs"":1,""learning_rate"":0.1,""margin_threshold"":0.0}",1,1,2.0,0.05,2.1401959546051894,2.1401959546051894,0.8710571527481079,0.9076372385025024,0.8777914047241211,0.7998645901679993
sub-cp032_ses-20211105_level-03B_run-002,sub-cp032,5,hybrid,10000,46,51,50,"{""centroids_per_class"":3,""epochs"":1,""learning_rate"":0.1,""margin_threshold"":0.0}",2,2,3.0,0.05,2.5242744892607845,2.5242744892607845,0.8474735617637634,0.8795933127403259,0.9114181399345398,0.8175920844078064
sub-cp032_ses-20211105_level-03B_run-005,sub-cp032,5,hybrid,10000,46,51,50,"{""centroids_per_class"":3,""epochs"":1,""learning_rate"":0.1,""margin_threshold"":0.0}",2,2,3.0,0.05,2.4053149366565423,2.4053149366565423,0.857326865196228,0.8771118521690369,0.8847368359565735,0.8329060077667236
sub-cp032_ses-20211105_level-03B_run-011,sub-cp032,5,hybrid,10000,46,51,50,"{""centroids_per_class"":3,""epochs"":1,""learning_rate"":0.1,""margin_threshold"":0.0}",2,2,3.0,0.05,2.439211350451713,2.439211350451713,0.8613148331642151,0.8757960796356201,0.884782612323761,0.8451344966888428
sub-cp032_ses-20211105_level-04B_run-004,sub-cp032,5,hybrid,10000,46,51,50,"{""centroids_per_class"":3,""epochs"":1,""learning_rate"":0.1,""margin_threshold"":0.0}",3,3,4.0,0.05,3.253601490182455,3.253601490182455,0.8489389419555664,0.8226948380470276,0.85682612657547,0.9231414794921875
sub-cp032_ses-20211105_level-04B_run-006,sub-cp032,5,hybrid,10000,46,51,50,"{""centroids_per_class"":3,""epochs"":1,""learning_rate"":0.1,""margin_threshold"":0.0}",3,3,4.0,0.05,3.3160092315807894,3.3160092315807894,0.8210347294807434,0.8220228552818298,0.8317715525627136,0.9099609851837158
sub-cp032_ses-20211105_level-04B_run-009,sub-cp032,5,hybrid,10000,46,51,50,"{""centroids_per_class"":3,""epochs"":1,""learning_rate"":0.1,""margin_threshold"":0.0}",3,3,4.0,0.05,3.347996512100456,3.347996512100456,0.8334821462631226,0.82151859998703,0.8482816219329834,0.9226205945014954
sub-cp035_ses-20220125_level-01B_run-001,sub-cp035,5,hybrid,10000,46,51,50,"{""centroids_per_class"":3,""epochs"":1,""learning_rate"":0.1,""margin_threshold"":0.0}",0,0,1.0,0.05,2.0118619528213775,2.0118619528213775,0.874225914478302,0.8657609820365906,0.8495864272117615,0.7962766289710999
sub-cp035_ses-20220125_level-01B_run-007,sub-cp035,5,hybrid,10000,46,51,50,"{""centroids_per_class"":3,""epochs"":1,""learning_rate"":0.1,""margin_threshold"":0.0}",0,0,1.0,0.05,1.7393587653185871,1.7393587653185871,0.9118779301643372,0.8733844757080078,0.8521691560745239,0.7990573048591614
sub-cp035_ses-20220125_level-01B_run-012,sub-cp035,5,hybrid,10000,46,51,50,"{""centroids_per_class"":3,""epochs"":1,""learning_rate"":0.1,""margin_threshold"":0.0}",0,0,1.0,0.05,1.9366067742376907,1.9366067742376907,0.8954262137413025,0.8623381853103638,0.8463549613952637,0.8250848650932312
sub-cp035_ses-20220125_level-02B_run-003,sub-cp035,5,hybrid,10000,46,51,50,"{""centroids_per_class"":3,""epochs"":1,""learning_rate"":0.1,""margin_threshold"":0.0}",1,1,2.0,0.05,2.1694315932958657,2.1694315932958657,0.876371443271637,0.8764641880989075,0.8631174564361572,0.8284498453140259
sub-cp035_ses-20220125_level-02B_run-008,sub-cp035,5,hybrid,10000,46,51,50,"{""centroids_per_class"":3,""epochs"":1,""learning_rate"":0.1,""margin_threshold"":0.0}",1,1,2.0,0.05,2.1289066035530726,2.1289066035530726,0.870303750038147,0.9047338962554932,0.8789647817611694,0.786444902420044
sub-cp035_ses-20220125_level-02B_run-010,sub-cp035,5,hybrid,10000,46,51,50,"{""centroids_per_class"":3,""epochs"":1,""learning_rate"":0.1,""margin_threshold"":0.0}",1,1,2.0,0.05,2.012902373559262,2.012902373559262,0.884351909160614,0.889846682548523,0.8597508668899536,0.8070937395095825
sub-cp035_ses-20220125_level-03B_run-002,sub-cp035,5,hybrid,10000,46,51,50,"{""centroids_per_class"":3,""epochs"":1,""learning_rate"":0.1,""margin_threshold"":0.0}",2,2,3.0,0.05,2.4664179168883753,2.4664179168883753,0.8129777908325195,0.8157340884208679,0.8398825526237488,0.7938165664672852
sub-cp035_ses-20220125_level-03B_run-005,sub-cp035,5,hybrid,10000,46,51,50,"{""centroids_per_class"":3,""epochs"":1,""learning_rate"":0.1,""margin_threshold"":0.0}",2,2,3.0,0.05,2.5031489470635755,2.5031489470635755,0.8558098077774048,0.8656071424484253,0.8976125121116638,0.8340595364570618
sub-cp035_ses-20220125_level-03B_run-011,sub-cp035,5,hybrid,10000,46,51,50,"{""centroids_per_class"":3,""epochs"":1,""learning_rate"":0.1,""margin_threshold"":0.0}",2,2,3.0,0.05,2.3945621274421462,2.3945621274421462,0.8619344830513,0.8837456107139587,0.9056187868118286,0.8087738156318665
sub-cp035_ses-20220125_level-04B_run-004,sub-cp035,5,hybrid,10000,46,51,50,"{""centroids_per_class"":3,""epochs"":1,""learning_rate"":0.1,""margin_threshold"":0.0}",3,3,4.0,0.05,3.24873219771682,3.24873219771682,0.8243975043296814,0.8316596746444702,0.8366552591323853,0.9081429839134216
sub-cp035_ses-20220125_level-04B_run-006,sub-cp035,5,hybrid,10000,46,51,50,"{""centroids_per_class"":3,""epochs"":1,""learning_rate"":0.1,""margin_threshold"":0.0}",3,3,4.0,0.05,3.3060239604015753,3.3060239604015753,0.826838493347168,0.8286389708518982,0.8518503308296204,0.9164354205131531
sub-cp035_ses-20220125_level-04B_run-009,sub-cp035,5,hybrid,10000,46,51,50,"{""centroids_per_class"":3,""epochs"":1,""learning_rate"":0.1,""margin_threshold"":0.0}",3,3,4.0,0.05,3.353998939768042,3.353998939768042,0.8253194093704224,0.8256090879440308,0.8493603467941284,0.9199630618095398
